Count	TF_name	Model	PWM	roc_auc_train_H_PWM_mono	roc_auc_test_H_PWM_mono	roc_auc_test_M_PWM_mono	roc_auc_train_H_PWM_di	roc_auc_test_H_PWM_di	roc_auc_test_M_PWM_di	roc_auc_test_M	mean_auc_test_M	median_auc_test_M	std_auc_test_M	roc_auc_test_H	mean_auc_test_H	median_auc_test_H	std_auc_test_H	roc_auc_train_H	mean_auc_train_H	median_auc_train_H	std_auc_train_H	pr_auc_train_H_PWM_mono	pr_auc_test_H_PWM_mono	pr_auc_test_M_PWM_mono	pr_auc_train_H_PWM_di	pr_auc_test_H_PWM_di	pr_auc_test_M_PWM_di	pr_auc_test_M	mean_pr_auc_test_M	median_pr_auc_test_M	std_pr_auc_test_M	pr_auc_test_H	mean_pr_auc_test_H	median_pr_auc_test_H	std_pr_auc_test_H	pr_auc_train_H	mean_pr_auc_train_H	median_pr_auc_train_H	std_pr_auc_train_H	roc_auc_test_H_PWM	roc_auc_test_M_PWM	pr_auc_test_H_PWM	pr_auc_test_M_PWM	Unnamed: 0	Names	Seq_count
195	ANDR	Single best mono PWM	mono	0.873007736236854	0.8779521091470112	0.9014625827737452	0.0	0.0	0.0	0.9014625827737452	0.9014625827737452	0.9014625827737452	0.003004659629681184	0.8779521091470112	0.8779521091470112	0.8779521091470112	0.00173394736829884	0.873007736236854	0.873007736236854	0.873007736236854	0.005482637625100804	0.42933771627340506	0.5415163927881678	0.07703400499575741	0.0	0.0	0.0	0.07703400499575741	0.07703400499575741	0.07703400499575741	0.012510241171030822	0.5415163927881678	0.5415163927881678	0.5415163927881678	0.009365408763751132	0.42933771627340506	0.42933771627340506	0.42933771627340506	0.014660372674978018	0.8779521091470112	0.9014625827737452	0.5415163927881678	0.07703400499575741	0	ANDR	10000
195	ANDR	RandomForestClassifier	mono	0.873007736236854	0.8779521091470112	0.9014625827737452	0.873007736236854	0.8779521091470112	0.9014625827737452	0.9339191260722742	0.9322768731630094	0.932487386053215	0.003004659629681184	0.9245973818520802	0.925733862028361	0.9257110806534035	0.00173394736829884	0.9395981920948131	0.9394523977057446	0.9389626598610454	0.005482637625100804	0.42933771627340506	0.5415163927881678	0.07703400499575741	0.42933771627340506	0.5415163927881678	0.07703400499575741	0.5422392143903288	0.5324822081296327	0.5338885148564187	0.012510241171030822	0.6834136154407512	0.6830946920638153	0.6823231765870685	0.009365408763751132	0.6680724887528361	0.6667574405354589	0.6665502014030757	0.014660372674978018	0.8779521091470112	0.9014625827737452	0.5415163927881678	0.07703400499575741	0	ANDR	10000
108	ANDR	Single best di PWM	di	0.0	0.0	0.0	0.762466189603847	0.7997466433063645	0.6243169477545317	0.6243169477545317	0.6243169477545317	0.6243169477545317	0.002805668224857	0.7997466433063645	0.7997466433063645	0.7997466433063645	0.0020423877984346	0.762466189603847	0.762466189603847	0.762466189603847	0.0051023532893071	0.0	0.0	0.0	0.2599707290936884	0.4056648554018178	0.0833433495969169	0.0833433495969169	0.0833433495969169	0.0833433495969169	0.0093671371766376	0.4056648554018178	0.4056648554018178	0.4056648554018178	0.0066733163281772	0.2599707290936884	0.2599707290936884	0.2599707290936884	0.0158941775279132	0.7997466433063645	0.6243169477545317	0.4056648554018178	0.0833433495969169	0	ANDR	10000
108	ANDR	RandomForestClassifier	di	0.762466189603847	0.7997466433063645	0.6243169477545317	0.762466189603847	0.7997466433063645	0.6243169477545317	0.9489763366067616	0.9491934839303442	0.9492068000184664	0.002805668224857	0.938248952552616	0.9383986057077988	0.9382212470272032	0.0020423877984346	0.9477759211268548	0.9477100711823871	0.9462418116382272	0.0051023532893071	0.2599707290936884	0.4056648554018178	0.0833433495969169	0.2599707290936884	0.4056648554018178	0.0833433495969169	0.6034296205804572	0.60645294970384	0.6052621249557636	0.0093671371766376	0.7213420491480234	0.7220824759606309	0.7226018017153192	0.0066733163281772	0.7006065135539592	0.6993042499186775	0.6997228961412058	0.0158941775279132	0.7997466433063645	0.6243169477545317	0.4056648554018178	0.0833433495969169	0	ANDR	10000
195	ANDR	RandomForestClassifier	mono+di	0.0	0.8779521091470112	0.9014625827737452	0.0	0.8779521091470112	0.9014625827737452	0.9466500064045336	0.9470978810487372	0.9467001031089434	0.002885166095179	0.9375366122556492	0.9374554650893366	0.9367527650994428	0.0020753839748397	0.9483019293816708	0.9474431502399976	0.945993856468128	0.0050996441501118	0.0	0.5415163927881678	0.0833433495969169	0.0	0.5415163927881678	0.0833433495969169	0.5931553094026907	0.6010683020335609	0.5993755030239492	0.0083178413793821	0.720667439958371	0.7182578716878103	0.7130894678310772	0.0085829032275514	0.7054585428255532	0.7027473908237228	0.7036383822867198	0.0152058833018605	0.8779521091470112	0.9014625827737452	0.5415163927881678	0.0833433495969169	0	ANDR	10000
195	ANDR	Single best mono PWM	mono	0.873007736236854	0.8779521091470112	0.8390207605868881	0.0	0.0	0.0	0.8390207605868881	0.8390207605868881	0.8390207605868881	0.0185187810084234	0.8779521091470112	0.8779521091470112	0.8779521091470112	0.0023572337605214	0.873007736236854	0.873007736236854	0.873007736236854	0.00520960695845	0.429337716273405	0.5415163927881678	0.4544013608169551	0.0	0.0	0.0	0.4544013608169551	0.4544013608169551	0.4544013608169551	0.0033911607372379	0.5415163927881678	0.5415163927881678	0.5415163927881678	0.011722037929224	0.429337716273405	0.429337716273405	0.429337716273405	0.0190570616014147	0.8779521091470112	0.8390207605868881	0.5415163927881678	0.4544013608169551	0	ANDR	10000
195	ANDR	LogisticRegression	mono	0.873007736236854	0.8779521091470112	0.8390207605868881	0.873007736236854	0.8779521091470112	0.8390207605868881	0.4417281659744595	0.4413351427637226	0.4396967454704356	0.0185187810084234	0.9372833370117988	0.93730456906681	0.9365987544207484	0.0023572337605214	0.9428593763090138	0.9427599937282	0.9418061007532442	0.00520960695845	0.429337716273405	0.5415163927881678	0.4544013608169551	0.429337716273405	0.5415163927881678	0.4544013608169551	0.0417653078054309	0.0420598837194697	0.0404015476345607	0.0033911607372379	0.72061801797759	0.7210422114909987	0.716646925066207	0.011722037929224	0.6245384974209134	0.6243074498894812	0.6167161807918057	0.0190570616014147	0.8779521091470112	0.8390207605868881	0.5415163927881678	0.4544013608169551	0	ANDR	10000
108	ANDR	Single best di PWM	di	0.0	0.0	0.0	0.762466189603847	0.7997466433063645	0.6243169477545317	0.6243169477545317	0.6243169477545317	0.6243169477545317	0.0022442985899342	0.7997466433063645	0.7997466433063645	0.7997466433063645	0.0027272573075742	0.762466189603847	0.762466189603847	0.762466189603847	0.004009649792367	0.0	0.0	0.0	0.2599707290936884	0.4056648554018178	0.0833433495969169	0.0833433495969169	0.0833433495969169	0.0833433495969169	0.0097035400579031	0.4056648554018178	0.4056648554018178	0.4056648554018178	0.0104554175889998	0.2599707290936884	0.2599707290936884	0.2599707290936884	0.0127186539166002	0.7997466433063645	0.6243169477545317	0.4056648554018178	0.0833433495969169	0	ANDR	10000
108	ANDR	LogisticRegression	di	0.762466189603847	0.7997466433063645	0.6243169477545317	0.762466189603847	0.7997466433063645	0.6243169477545317	0.9478049821449364	0.9478194770138572	0.9471337071327248	0.0022442985899342	0.94245985290765	0.9424251808317546	0.9433523482652644	0.0027272573075742	0.943743434126235	0.9436178920572512	0.9435673813455306	0.004009649792367	0.2599707290936884	0.4056648554018178	0.0833433495969169	0.2599707290936884	0.4056648554018178	0.0833433495969169	0.6022016458615195	0.6023425837989492	0.598911390093367	0.0097035400579031	0.7378839650186555	0.7382989591804046	0.7386298819125333	0.0104554175889998	0.6309911948572547	0.631489154699396	0.6266771732153316	0.0127186539166002	0.7997466433063645	0.6243169477545317	0.4056648554018178	0.0833433495969169	0	ANDR	10000
195	ANDR	LogisticRegression	mono+di	0.0	0.8779521091470112	0.9014625827737452	0.0	0.8779521091470112	0.8390207605868881	0.9299992727943176	0.9294911805713678	0.9301304761272412	0.0054851723429001	0.941550175315834	0.9415567150329738	0.9407939179636612	0.0028926589151949	0.949177791864706	0.9490339657530138	0.9493565039409908	0.0044901378278493	0.0	0.5415163927881678	0.4544013608169551	0.0	0.5415163927881678	0.4544013608169551	0.5344099387621946	0.5328363391686987	0.5297884377959952	0.02359843955575	0.7371384627158534	0.7373980735270228	0.7323599048713108	0.0111985011299569	0.6640293434757019	0.6639631836925375	0.6636233072668702	0.015183775972882	0.8779521091470112	0.8390207605868881	0.5415163927881678	0.4544013608169551	0	ANDR	10000
195	ANDR	Single best mono PWM	mono	0.873007736236854	0.8779521091470112	0.7285781030935838	0.0	0.0	0.0	0.7285781030935838	0.7285781030935838	0.7285781030935838	0.0147167457812068	0.8779521091470112	0.8779521091470112	0.8779521091470112	0.0031769593783452	0.873007736236854	0.873007736236854	0.873007736236854	0.00517870194635	0.429337716273405	0.5415163927881678	0.0731997601506674	0.0	0.0	0.0	0.0731997601506674	0.0731997601506674	0.0731997601506674	0.0541374442126948	0.5415163927881678	0.5415163927881678	0.5415163927881678	0.0113308052186809	0.429337716273405	0.429337716273405	0.429337716273405	0.01835478844412	0.8779521091470112	0.7285781030935838	0.5415163927881678	0.0731997601506674	0	ANDR	10000
195	ANDR	XGBClassifier	mono	0.873007736236854	0.8779521091470112	0.7285781030935838	0.873007736236854	0.8779521091470112	0.7285781030935838	0.8988886496137873	0.8999686459288376	0.8994174329485742	0.0147167457812068	0.934160145005472	0.9340367961866431	0.9343235727489044	0.0031769593783452	0.9695664060274676	0.9686442449747428	0.9700803497319715	0.00517870194635	0.429337716273405	0.5415163927881678	0.0731997601506674	0.429337716273405	0.5415163927881678	0.0731997601506674	0.3586359271843743	0.3922704065159069	0.3658381258641019	0.0541374442126948	0.6959474808283584	0.6956454333738359	0.6929233086717801	0.0113308052186809	0.7872989440506057	0.7844205729700846	0.7903942133051113	0.01835478844412	0.8779521091470112	0.7285781030935838	0.5415163927881678	0.0731997601506674	0	ANDR	10000
108	ANDR	Single best di PWM	di	0.0	0.0	0.0	0.762466189603847	0.7997466433063645	0.6243169477545317	0.6243169477545317	0.6243169477545317	0.6243169477545317	0.0022254638042289	0.7997466433063645	0.7997466433063645	0.7997466433063645	0.0029614973076996	0.762466189603847	0.762466189603847	0.762466189603847	0.0048273213797498	0.0	0.0	0.0	0.2599707290936884	0.4056648554018178	0.0833433495969169	0.0833433495969169	0.0833433495969169	0.0833433495969169	0.0134179042969334	0.4056648554018178	0.4056648554018178	0.4056648554018178	0.01151284460491	0.2599707290936884	0.2599707290936884	0.2599707290936884	0.0204714086922224	0.7997466433063645	0.6243169477545317	0.4056648554018178	0.0833433495969169	0	ANDR	10000
108	ANDR	XGBClassifier	di	0.762466189603847	0.7997466433063645	0.6243169477545317	0.762466189603847	0.7997466433063645	0.6243169477545317	0.9494416562512128	0.949809975629428	0.9498842866974708	0.0022254638042289	0.94290415098879	0.941753010106238	0.941867722221193	0.0029614973076996	0.9697480142085596	0.9689545359192768	0.9689650627629268	0.0048273213797498	0.2599707290936884	0.4056648554018178	0.0833433495969169	0.2599707290936884	0.4056648554018178	0.0833433495969169	0.5921784680735622	0.5927645923048571	0.5894600176838024	0.0134179042969334	0.7308746946327634	0.7230512301998516	0.7171411661915555	0.01151284460491	0.7994366657435505	0.7929638160992164	0.7993086795111319	0.0204714086922224	0.7997466433063645	0.6243169477545317	0.4056648554018178	0.0833433495969169	0	ANDR	10000
195	ANDR	XGBClassifier	mono+di	0.0	0.8779521091470112	0.9014625827737452	0.0	0.8779521091470112	0.7285781030935838	0.9398876922330476	0.9365565453483484	0.9367286025944136	0.0055530347869908	0.941592052680814	0.9410758135765724	0.9420292025127284	0.0022580692734979	0.9735807092551118	0.9736297850652902	0.9740454337180958	0.0054378272341356	0.0	0.5415163927881678	0.0833433495969169	0.0	0.5415163927881678	0.0833433495969169	0.4742292972728071	0.4866311712763299	0.4948171916886888	0.0467487437546594	0.7134350780076197	0.71798473486463	0.7162548148367458	0.0110066326435654	0.8147299104849134	0.8150751509209704	0.8221669182405527	0.0213904694809519	0.8779521091470112	0.7285781030935838	0.5415163927881678	0.0833433495969169	0	ANDR	10000
195	ANDR	Single best mono PWM	mono	0.873007736236854	0.8779521091470112	0.9076605379808252	0.0	0.0	0.0	0.9076605379808252	0.9076605379808252	0.9076605379808252	0.0018662215358969	0.8779521091470112	0.8779521091470112	0.8779521091470112	0.0030941244853418	0.873007736236854	0.873007736236854	0.873007736236854	0.0055761283451107	0.429337716273405	0.5415163927881678	0.5015021797270187	0.0	0.0	0.0	0.5015021797270187	0.5015021797270187	0.5015021797270187	0.0198707179807519	0.5415163927881678	0.5415163927881678	0.5415163927881678	0.0082007540014403	0.429337716273405	0.429337716273405	0.429337716273405	0.0196636253751007	0.8779521091470112	0.9076605379808252	0.5415163927881678	0.5015021797270187	0	ANDR	10000
195	ANDR	BaggingClassifier_XGBClassifier	mono	0.873007736236854	0.8779521091470112	0.9076605379808252	0.873007736236854	0.8779521091470112	0.9076605379808252	0.9031572332414702	0.9128202647278288	0.91339906384247	0.0018662215358969	0.9377733603304944	0.9379162389113784	0.93910236703	0.0030941244853418	0.9750293640775886	0.973779971406618	0.9751920346173104	0.0055761283451107	0.429337716273405	0.5415163927881678	0.5015021797270187	0.429337716273405	0.5415163927881678	0.5015021797270187	0.4036066110025422	0.4370101836270307	0.4378013462777053	0.0198707179807519	0.7145868609699136	0.7141960037438151	0.7145264252160899	0.0082007540014403	0.8015571477659406	0.7987501447318259	0.8029287069891216	0.0196636253751007	0.8779521091470112	0.9076605379808252	0.5415163927881678	0.5015021797270187	0	ANDR	10000
108	ANDR	Single best di PWM	di	0.0	0.0	0.0	0.762466189603847	0.7997466433063645	0.6243169477545317	0.6243169477545317	0.6243169477545317	0.6243169477545317	0.0022637899678292	0.7997466433063645	0.7997466433063645	0.7997466433063645	0.0030007520741996	0.762466189603847	0.762466189603847	0.762466189603847	0.0051054325165597	0.0	0.0	0.0	0.2599707290936884	0.4056648554018178	0.0833433495969169	0.0833433495969169	0.0833433495969169	0.0833433495969169	0.0104002961269242	0.4056648554018178	0.4056648554018178	0.4056648554018178	0.00935534003245	0.2599707290936884	0.2599707290936884	0.2599707290936884	0.0206596362950225	0.7997466433063645	0.6243169477545317	0.4056648554018178	0.0833433495969169	0	ANDR	10000
108	ANDR	BaggingClassifier_XGBClassifier	di	0.762466189603847	0.7997466433063645	0.6243169477545317	0.762466189603847	0.7997466433063645	0.6243169477545317	0.9520156519038931	0.951602024070815	0.9513343470794104	0.0022637899678292	0.9445488530625432	0.9449485361656274	0.9447002731939842	0.0030007520741996	0.9756053142470972	0.9745053491067274	0.9757807332129864	0.0051054325165597	0.2599707290936884	0.4056648554018178	0.0833433495969169	0.2599707290936884	0.4056648554018178	0.0833433495969169	0.6141995231768108	0.6125931207735694	0.6118981950106777	0.0104002961269242	0.7375168800241924	0.7385104071527494	0.7336770253298123	0.00935534003245	0.8087226662990966	0.8051331289065728	0.8142564395594302	0.0206596362950225	0.7997466433063645	0.6243169477545317	0.4056648554018178	0.0833433495969169	0	ANDR	10000
195	ANDR	BaggingClassifier_XGBClassifier	mono+di	0.0	0.8779521091470112	0.9014625827737452	0.0	0.8779521091470112	0.9076605379808252	0.9469791105461322	0.9465183988570002	0.9473343044907416	0.0035874221736483	0.9459828531492748	0.9451995621496996	0.944518076417948	0.0031995887691273	0.9795603955944528	0.9782754177706277	0.979690821817494	0.0054742945267314	0.0	0.5415163927881678	0.5015021797270187	0.0	0.5415163927881678	0.5015021797270187	0.5875204380257452	0.5852926947856775	0.5884300105892416	0.0065927176056376	0.741944943986082	0.7373873334291868	0.7311758175547354	0.0094679327880235	0.831928295833722	0.8263346401518116	0.8307182610264892	0.0202355991326507	0.8779521091470112	0.9076605379808252	0.5415163927881678	0.5015021797270187	0	ANDR	10000
195	ANDR	Single best mono PWM	mono	0.873007736236854	0.8779521091470112	0.913273946357179	0.0	0.0	0.0	0.913273946357179	0.913273946357179	0.913273946357179	0.008115704946561	0.8779521091470112	0.8779521091470112	0.8779521091470112	0.0024636580286389	0.873007736236854	0.873007736236854	0.873007736236854	0.0051993703547325	0.429337716273405	0.5415163927881678	0.537574165421889	0.0	0.0	0.0	0.537574165421889	0.537574165421889	0.537574165421889	0.0246043846357085	0.5415163927881678	0.5415163927881678	0.5415163927881678	0.0116480300070725	0.429337716273405	0.429337716273405	0.429337716273405	0.0191243350655575	0.8779521091470112	0.913273946357179	0.5415163927881678	0.537574165421889	0	ANDR	10000
195	ANDR	BaggingClassifier_LogisticRegression	mono	0.873007736236854	0.8779521091470112	0.913273946357179	0.873007736236854	0.8779521091470112	0.913273946357179	0.8964532274967978	0.8927926463575322	0.8936684726872681	0.008115704946561	0.937176362795446	0.9373614167054316	0.9367043913470956	0.0024636580286389	0.9428342320731428	0.9427981188579332	0.9418435826668528	0.0051993703547325	0.429337716273405	0.5415163927881678	0.537574165421889	0.429337716273405	0.5415163927881678	0.537574165421889	0.4410876743017833	0.4441801419124605	0.4367045106339612	0.0246043846357085	0.7200684683393305	0.7208466364446131	0.7161717410253186	0.0116480300070725	0.6242484522004115	0.6239770652387249	0.6163436745266392	0.0191243350655575	0.8779521091470112	0.913273946357179	0.5415163927881678	0.537574165421889	0	ANDR	10000
108	ANDR	Single best di PWM	di	0.0	0.0	0.0	0.762466189603847	0.7997466433063645	0.6243169477545317	0.6243169477545317	0.6243169477545317	0.6243169477545317	0.0021690100755622	0.7997466433063645	0.7997466433063645	0.7997466433063645	0.0028113395587667	0.762466189603847	0.762466189603847	0.762466189603847	0.0039890231265944	0.0	0.0	0.0	0.2599707290936884	0.4056648554018178	0.0833433495969169	0.0833433495969169	0.0833433495969169	0.0833433495969169	0.0095625552256308	0.4056648554018178	0.4056648554018178	0.4056648554018178	0.0104778718558012	0.2599707290936884	0.2599707290936884	0.2599707290936884	0.0127358233701189	0.7997466433063645	0.6243169477545317	0.4056648554018178	0.0833433495969169	0	ANDR	10000
108	ANDR	BaggingClassifier_LogisticRegression	di	0.762466189603847	0.7997466433063645	0.6243169477545317	0.762466189603847	0.7997466433063645	0.6243169477545317	0.9477642555214844	0.9477631201031594	0.94711571991939	0.0021690100755622	0.9423836007944848	0.9422955524838704	0.9432557998455636	0.0028113395587667	0.9437582430870108	0.9436358362497522	0.9435397897324838	0.0039890231265944	0.2599707290936884	0.4056648554018178	0.0833433495969169	0.2599707290936884	0.4056648554018178	0.0833433495969169	0.6025529160347903	0.6022305933724568	0.5993396068058218	0.0095625552256308	0.7370365806395027	0.7379662814999681	0.7381784926692639	0.0104778718558012	0.6304898836237519	0.6313002597582777	0.6258678992389004	0.0127358233701189	0.7997466433063645	0.6243169477545317	0.4056648554018178	0.0833433495969169	0	ANDR	10000
195	ANDR	BaggingClassifier_LogisticRegression	mono+di	0.0	0.8779521091470112	0.9014625827737452	0.0	0.8779521091470112	0.913273946357179	0.8528904927609363	0.8448715205615197	0.8511142641339757	0.0278629061642804	0.9414127120098544	0.9414207163017392	0.9406901721111818	0.0029573704426654	0.9491870827212966	0.9490963098130496	0.949403205858166	0.004484325034559	0.0	0.5415163927881678	0.537574165421889	0.0	0.5415163927881678	0.537574165421889	0.2209929345142955	0.2136391726010011	0.2077032635217383	0.0680150844545977	0.7360246835441289	0.7366036539736428	0.7312379480325981	0.011338158605833	0.6637202189786029	0.6636280451943918	0.6626410926107643	0.0152677393512553	0.8779521091470112	0.913273946357179	0.5415163927881678	0.537574165421889	0	ANDR	10000
6	AP2A	Single best mono PWM	mono	0.8566678698264749	0.8762400859826925	0.8382103235280918	0.0	0.0	0.0	0.8382103235280918	0.8382103235280918	0.8382103235280918	0.005282207154935992	0.8762400859826925	0.8762400859826925	0.8762400859826925	0.012193524367287507	0.8566678698264749	0.8566678698264749	0.8566678698264749	0.007780700678605877	0.0754171992757861	0.07747298906823534	0.12295464130059798	0.0	0.0	0.0	0.12295464130059798	0.12295464130059798	0.12295464130059798	0.007982029673236	0.07747298906823534	0.07747298906823534	0.07747298906823534	0.024204596365309573	0.0754171992757861	0.0754171992757861	0.0754171992757861	0.030992307338738437	0.8762400859826925	0.8382103235280918	0.07747298906823534	0.12295464130059798	1	AP2A	2406
6	AP2A	RandomForestClassifier	mono	0.8566678698264749	0.8762400859826925	0.8382103235280918	0.8566678698264749	0.8762400859826925	0.8382103235280918	0.8720000543461335	0.8723765546659269	0.8736446065235651	0.005282207154935992	0.8891899049283652	0.8894504289647435	0.890235779124668	0.012193524367287507	0.8947221021912453	0.8933624675580526	0.8978298303115668	0.007780700678605877	0.0754171992757861	0.07747298906823534	0.12295464130059798	0.0754171992757861	0.07747298906823534	0.12295464130059798	0.13783345379378434	0.1343181615233524	0.13347906250129965	0.007982029673236	0.09732420776202813	0.10042443739409788	0.09889566559966656	0.024204596365309573	0.16743803875226354	0.1643811572949965	0.16523180713807575	0.030992307338738437	0.8762400859826925	0.8382103235280918	0.07747298906823534	0.12295464130059798	1	AP2A	2406
3	AP2A	Single best di PWM	di	0.0	0.0	0.0	0.8635422511732412	0.8824866226659931	0.8996056545645701	0.8996056545645701	0.8996056545645701	0.8996056545645701	0.0053976879736762	0.8824866226659931	0.8824866226659931	0.8824866226659931	0.0096460379377637	0.8635422511732412	0.8635422511732412	0.8635422511732412	0.0054242061830217	0.0	0.0	0.0	0.0778239984345796	0.0952685256404856	0.1648839091516188	0.1648839091516188	0.1648839091516188	0.1648839091516188	0.0084273203375877	0.0952685256404856	0.0952685256404856	0.0952685256404856	0.0327844121504562	0.0778239984345796	0.0778239984345796	0.0778239984345796	0.0290333838585635	0.8824866226659931	0.8996056545645701	0.0952685256404856	0.1648839091516188	1	AP2A	2406
3	AP2A	RandomForestClassifier	di	0.8635422511732412	0.8824866226659931	0.8996056545645701	0.8635422511732412	0.8824866226659931	0.8996056545645701	0.8979940625677657	0.8984888292909924	0.8976757560405294	0.0053976879736762	0.9057622844374223	0.9054641858279252	0.9025735136846248	0.0096460379377637	0.9122590828225168	0.9146757593725674	0.9164144323679364	0.0054242061830217	0.0778239984345796	0.0952685256404856	0.1648839091516188	0.0778239984345796	0.0952685256404856	0.1648839091516188	0.1798463983011161	0.1824746220699289	0.1832960240951553	0.0084273203375877	0.1084118172900028	0.1136078436183315	0.1132087229614731	0.0327844121504562	0.2046187711738155	0.2085517666873424	0.2097657100550922	0.0290333838585635	0.8824866226659931	0.8996056545645701	0.0952685256404856	0.1648839091516188	1	AP2A	2406
6	AP2A	RandomForestClassifier	mono+di	0.0	0.8824866226659931	0.8996056545645701	0.0	0.8824866226659931	0.8996056545645701	0.8964077092790798	0.8972955025176549	0.8965498764684577	0.0052423597195364	0.9081565386669784	0.9089640995752626	0.9075797409130744	0.0118122431147679	0.9175760536833338	0.916584037300426	0.9166660280584036	0.0061911438819304	0.0	0.0952685256404856	0.1648839091516188	0.0	0.0952685256404856	0.1648839091516188	0.172900406467707	0.1751268468745468	0.1796776888482117	0.0089999942263318	0.1043558276551064	0.1087661679389798	0.1020306139775807	0.0320976697703477	0.2290881874162576	0.2307918344169691	0.2265530900656799	0.0339284746385212	0.8824866226659931	0.8996056545645701	0.0952685256404856	0.1648839091516188	1	AP2A	2406
6	AP2A	Single best mono PWM	mono	0.8566678698264749	0.8762400859826925	0.8382103235280918	0.0	0.0	0.0	0.8382103235280918	0.8382103235280918	0.8382103235280918	0.0089088973564907	0.8762400859826925	0.8762400859826925	0.8762400859826925	0.0088625245670278	0.8566678698264749	0.8566678698264749	0.8566678698264749	0.0071103884770257	0.0754171992757861	0.0774729890682353	0.1229546413005979	0.0	0.0	0.0	0.1229546413005979	0.1229546413005979	0.1229546413005979	0.0071326329889889	0.0774729890682353	0.0774729890682353	0.0774729890682353	0.0300378216587002	0.0754171992757861	0.0754171992757861	0.0754171992757861	0.0113959552241199	0.8762400859826925	0.8382103235280918	0.0774729890682353	0.1229546413005979	1	AP2A	2406
6	AP2A	LogisticRegression	mono	0.8566678698264749	0.8762400859826925	0.8382103235280918	0.8566678698264749	0.8762400859826925	0.8382103235280918	0.814369069582605	0.8155225208204291	0.8162024324538347	0.0089088973564907	0.8892682527095691	0.889219727544792	0.890164279053168	0.0088625245670278	0.8675473446632427	0.8673758316634907	0.8697118446250769	0.0071103884770257	0.0754171992757861	0.0774729890682353	0.1229546413005979	0.0754171992757861	0.0774729890682353	0.1229546413005979	0.0915038440068044	0.0931621078850646	0.0951272604888429	0.0071326329889889	0.0921101562927613	0.098868456914226	0.0891023349647414	0.0300378216587002	0.082070621949076	0.084077536993657	0.0828622678337658	0.0113959552241199	0.8762400859826925	0.8382103235280918	0.0774729890682353	0.1229546413005979	1	AP2A	2406
3	AP2A	Single best di PWM	di	0.0	0.0	0.0	0.8635422511732412	0.8824866226659931	0.8996056545645701	0.8996056545645701	0.8996056545645701	0.8996056545645701	0.0058623301081315	0.8824866226659931	0.8824866226659931	0.8824866226659931	0.010366736638668	0.8635422511732412	0.8635422511732412	0.8635422511732412	0.004613609526816	0.0	0.0	0.0	0.0778239984345796	0.0952685256404856	0.1648839091516188	0.1648839091516188	0.1648839091516188	0.1648839091516188	0.0099663858192404	0.0952685256404856	0.0952685256404856	0.0952685256404856	0.042380550180025	0.0778239984345796	0.0778239984345796	0.0778239984345796	0.0123470698128151	0.8824866226659931	0.8996056545645701	0.0952685256404856	0.1648839091516188	1	AP2A	2406
3	AP2A	LogisticRegression	di	0.8635422511732412	0.8824866226659931	0.8996056545645701	0.8635422511732412	0.8824866226659931	0.8996056545645701	0.8954111199020064	0.8954939012101769	0.8929431208495185	0.0058623301081315	0.9049585451296712	0.90507438045198	0.9073139073139074	0.010366736638668	0.8961217894495223	0.8961009220182163	0.8965478561537441	0.004613609526816	0.0778239984345796	0.0952685256404856	0.1648839091516188	0.0778239984345796	0.0952685256404856	0.1648839091516188	0.1849527327905988	0.185687266383847	0.1888205860707114	0.0099663858192404	0.1163557032806841	0.1280189962125721	0.1097242323558719	0.042380550180025	0.1102068783964278	0.1110453479544315	0.1072815567847459	0.0123470698128151	0.8824866226659931	0.8996056545645701	0.0952685256404856	0.1648839091516188	1	AP2A	2406
6	AP2A	LogisticRegression	mono+di	0.0	0.8824866226659931	0.8996056545645701	0.0	0.8824866226659931	0.8996056545645701	0.8694525716678094	0.8690161133656071	0.8708550424928356	0.0052986765531844	0.9076732857550442	0.907765168693439	0.905796516907628	0.0101133400105944	0.9008445624629156	0.9007951219177288	0.8997696508064473	0.0051922628533995	0.0	0.0952685256404856	0.1648839091516188	0.0	0.0952685256404856	0.1648839091516188	0.1617336953265569	0.1619473809188781	0.1642832100732142	0.0110335843024944	0.1207651896407085	0.1299523649535278	0.11965164310149	0.0416111420995267	0.1137368126558393	0.1151215408889296	0.1123442778941412	0.0150966292930749	0.8824866226659931	0.8996056545645701	0.0952685256404856	0.1648839091516188	1	AP2A	2406
6	AP2A	Single best mono PWM	mono	0.8566678698264749	0.8762400859826925	0.8531265785393236	0.0	0.0	0.0	0.8531265785393236	0.8531265785393236	0.8531265785393236	0.0073287633016972	0.8762400859826925	0.8762400859826925	0.8762400859826925	0.0130262545756926	0.8566678698264749	0.8566678698264749	0.8566678698264749	0.0102657981854892	0.0754171992757861	0.0774729890682353	0.1308740312013649	0.0	0.0	0.0	0.1308740312013649	0.1308740312013649	0.1308740312013649	0.0058379639533496	0.0774729890682353	0.0774729890682353	0.0774729890682353	0.0271478342596781	0.0754171992757861	0.0754171992757861	0.0754171992757861	0.0387919846444233	0.8762400859826925	0.8531265785393236	0.0774729890682353	0.1308740312013649	1	AP2A	2406
6	AP2A	XGBClassifier	mono	0.8566678698264749	0.8762400859826925	0.8531265785393236	0.8566678698264749	0.8762400859826925	0.8531265785393236	0.8558766242690539	0.8549114156718947	0.8536353482745968	0.0073287633016972	0.8857200925583099	0.8830158352138486	0.8825400492067159	0.0130262545756926	0.9221775989643942	0.9206635946069602	0.9219712342739522	0.0102657981854892	0.0754171992757861	0.0774729890682353	0.1308740312013649	0.0754171992757861	0.0774729890682353	0.1308740312013649	0.1042923361252564	0.1071244594748873	0.104758101130802	0.0058379639533496	0.0896213005072778	0.0984065919445972	0.0926513059896775	0.0271478342596781	0.1985138661896055	0.1990046624591614	0.2165142802802361	0.0387919846444233	0.8762400859826925	0.8531265785393236	0.0774729890682353	0.1308740312013649	1	AP2A	2406
3	AP2A	Single best di PWM	di	0.0	0.0	0.0	0.8635422511732412	0.8824866226659931	0.8996056545645701	0.8996056545645701	0.8996056545645701	0.8996056545645701	0.0062065653756265	0.8824866226659931	0.8824866226659931	0.8824866226659931	0.0126413377879695	0.8635422511732412	0.8635422511732412	0.8635422511732412	0.0056121883577462	0.0	0.0	0.0	0.0778239984345796	0.0952685256404856	0.1648839091516188	0.1648839091516188	0.1648839091516188	0.1648839091516188	0.008544436239519	0.0952685256404856	0.0952685256404856	0.0952685256404856	0.0212369373029096	0.0778239984345796	0.0778239984345796	0.0778239984345796	0.0344610904003606	0.8824866226659931	0.8996056545645701	0.0952685256404856	0.1648839091516188	1	AP2A	2406
3	AP2A	XGBClassifier	di	0.8635422511732412	0.8824866226659931	0.8996056545645701	0.8635422511732412	0.8824866226659931	0.8996056545645701	0.8908181171237305	0.8915004274456019	0.890880197882692	0.0062065653756265	0.8977069782989637	0.9012356500794564	0.903034903034903	0.0126413377879695	0.9270443152358212	0.9241149723945956	0.9261603767584397	0.0056121883577462	0.0778239984345796	0.0952685256404856	0.1648839091516188	0.0778239984345796	0.0952685256404856	0.1648839091516188	0.1680322558559679	0.1673402965860408	0.1707780027149311	0.008544436239519	0.0961717969563082	0.1005920942487322	0.1068764398433936	0.0212369373029096	0.2319423286384903	0.2153747245591549	0.2318861211063509	0.0344610904003606	0.8824866226659931	0.8996056545645701	0.0952685256404856	0.1648839091516188	1	AP2A	2406
6	AP2A	XGBClassifier	mono+di	0.0	0.8824866226659931	0.8996056545645701	0.0	0.8824866226659931	0.8996056545645701	0.8718652084905079	0.8752110297777047	0.8729933189319923	0.0074805943995398	0.9019885496316704	0.90415656986087	0.9079806302028524	0.0122102640042653	0.9414044053570964	0.9396641117323558	0.9387545299677144	0.008542134411853	0.0	0.0952685256404856	0.1648839091516188	0.0	0.0952685256404856	0.1648839091516188	0.1382951706010753	0.1358766154662034	0.1379396534262855	0.009703252383048	0.0882979905222393	0.0980256245610324	0.088998379055632	0.018860507873968	0.2793423817071604	0.2766073501834494	0.2958912702521391	0.0491039460298698	0.8824866226659931	0.8996056545645701	0.0952685256404856	0.1648839091516188	1	AP2A	2406
6	AP2A	Single best mono PWM	mono	0.8566678698264749	0.8762400859826925	0.8712533940062003	0.0	0.0	0.0	0.8712533940062003	0.8712533940062003	0.8712533940062003	0.0075506758310028	0.8762400859826925	0.8762400859826925	0.8762400859826925	0.0113882188620585	0.8566678698264749	0.8566678698264749	0.8566678698264749	0.0112589519133253	0.0754171992757861	0.0774729890682353	0.1283089849557478	0.0	0.0	0.0	0.1283089849557478	0.1283089849557478	0.1283089849557478	0.0039942482156357	0.0774729890682353	0.0774729890682353	0.0774729890682353	0.0233250139542988	0.0754171992757861	0.0754171992757861	0.0754171992757861	0.040240804741857	0.8762400859826925	0.8712533940062003	0.0774729890682353	0.1283089849557478	1	AP2A	2406
6	AP2A	BaggingClassifier_XGBClassifier	mono	0.8566678698264749	0.8762400859826925	0.8712533940062003	0.8566678698264749	0.8762400859826925	0.8712533940062003	0.8622640375516832	0.8607438673208441	0.8604288744670573	0.0075506758310028	0.8896845752306088	0.8906863035425439	0.8901483901483901	0.0113882188620585	0.9385523136032928	0.93659970254491	0.9376820033549924	0.0112589519133253	0.0754171992757861	0.0774729890682353	0.1283089849557478	0.0754171992757861	0.0774729890682353	0.1283089849557478	0.1062195805311774	0.1031917113950398	0.1026268174062382	0.0039942482156357	0.0949066647666522	0.102866977473044	0.0921259142981823	0.0233250139542988	0.2157770635501527	0.2169592006150381	0.2422142124233073	0.040240804741857	0.8762400859826925	0.8712533940062003	0.0774729890682353	0.1283089849557478	1	AP2A	2406
3	AP2A	Single best di PWM	di	0.0	0.0	0.0	0.8635422511732412	0.8824866226659931	0.8996056545645701	0.8996056545645701	0.8996056545645701	0.8996056545645701	0.0061211241476345	0.8824866226659931	0.8824866226659931	0.8824866226659931	0.0130178881767212	0.8635422511732412	0.8635422511732412	0.8635422511732412	0.0071642021479096	0.0	0.0	0.0	0.0778239984345796	0.0952685256404856	0.1648839091516188	0.1648839091516188	0.1648839091516188	0.1648839091516188	0.0087811509378131	0.0952685256404856	0.0952685256404856	0.0952685256404856	0.023007526527816	0.0778239984345796	0.0778239984345796	0.0778239984345796	0.0325379473328001	0.8824866226659931	0.8996056545645701	0.0952685256404856	0.1648839091516188	1	AP2A	2406
3	AP2A	BaggingClassifier_XGBClassifier	di	0.8635422511732412	0.8824866226659931	0.8996056545645701	0.8635422511732412	0.8824866226659931	0.8996056545645701	0.8915824258712386	0.8910158516034841	0.889356616582989	0.0061211241476345	0.9011658729456816	0.9026542402591236	0.903336181113959	0.0130178881767212	0.9369880415024746	0.9354514011120244	0.9364584139576266	0.0071642021479096	0.0778239984345796	0.0952685256404856	0.1648839091516188	0.0778239984345796	0.0952685256404856	0.1648839091516188	0.1734719182730226	0.1700177842049613	0.1699987961224271	0.0087811509378131	0.0990774138947707	0.1039921913217802	0.1106770843004955	0.023007526527816	0.2435804982246884	0.2395444909341912	0.24439137924527	0.0325379473328001	0.8824866226659931	0.8996056545645701	0.0952685256404856	0.1648839091516188	1	AP2A	2406
6	AP2A	BaggingClassifier_XGBClassifier	mono+di	0.0	0.8824866226659931	0.8996056545645701	0.0	0.8824866226659931	0.8996056545645701	0.8950089908696334	0.8940195127278676	0.8937903479595567	0.0046267278392636	0.9071167067149744	0.9066986565891876	0.9029597362930696	0.0110401257350506	0.9558970222771064	0.9542615171904169	0.9555247980529088	0.0073622966852129	0.0	0.0952685256404856	0.1648839091516188	0.0	0.0952685256404856	0.1648839091516188	0.1674982197433118	0.1660895261682307	0.1695818987210772	0.0091111720855892	0.0982795607769403	0.1064542420775539	0.0995192294578723	0.0250153717848447	0.3140246023980038	0.3053327616037631	0.3220306177669021	0.0518122820453359	0.8824866226659931	0.8996056545645701	0.0952685256404856	0.1648839091516188	1	AP2A	2406
6	AP2A	Single best mono PWM	mono	0.8566678698264749	0.8762400859826925	0.8825822289195009	0.0	0.0	0.0	0.8825822289195009	0.8825822289195009	0.8825822289195009	0.0065866493656032	0.8762400859826925	0.8762400859826925	0.8762400859826925	0.0088545200069766	0.8566678698264749	0.8566678698264749	0.8566678698264749	0.0070721165765344	0.0754171992757861	0.0774729890682353	0.1435308061167745	0.0	0.0	0.0	0.1435308061167745	0.1435308061167745	0.1435308061167745	0.0074890220540369	0.0774729890682353	0.0774729890682353	0.0774729890682353	0.0297742361168502	0.0754171992757861	0.0754171992757861	0.0754171992757861	0.0113930425541483	0.8762400859826925	0.8825822289195009	0.0774729890682353	0.1435308061167745	1	AP2A	2406
6	AP2A	BaggingClassifier_LogisticRegression	mono	0.8566678698264749	0.8762400859826925	0.8825822289195009	0.8566678698264749	0.8762400859826925	0.8825822289195009	0.8610987503456096	0.8609948047476276	0.8611794380813194	0.0065866493656032	0.888976547131337	0.8893997592454431	0.8903415014526126	0.0088545200069766	0.8674277526052839	0.8674273761075836	0.8697703251767731	0.0070721165765344	0.0754171992757861	0.0774729890682353	0.1435308061167745	0.0754171992757861	0.0774729890682353	0.1435308061167745	0.1123050957999408	0.1131181891743748	0.1133596994165204	0.0074890220540369	0.091533848106782	0.0987993351610852	0.089201224556616	0.0297742361168502	0.0820262735170238	0.0841016017537883	0.0831071079030472	0.0113930425541483	0.8762400859826925	0.8825822289195009	0.0774729890682353	0.1435308061167745	1	AP2A	2406
3	AP2A	Single best di PWM	di	0.0	0.0	0.0	0.8635422511732412	0.8824866226659931	0.8996056545645701	0.8996056545645701	0.8996056545645701	0.8996056545645701	0.0058337653851474	0.8824866226659931	0.8824866226659931	0.8824866226659931	0.0103282829073652	0.8635422511732412	0.8635422511732412	0.8635422511732412	0.0046107996915222	0.0	0.0	0.0	0.0778239984345796	0.0952685256404856	0.1648839091516188	0.1648839091516188	0.1648839091516188	0.1648839091516188	0.0100426742690339	0.0952685256404856	0.0952685256404856	0.0952685256404856	0.0424684901118957	0.0778239984345796	0.0778239984345796	0.0778239984345796	0.0123659754572869	0.8824866226659931	0.8996056545645701	0.0952685256404856	0.1648839091516188	1	AP2A	2406
3	AP2A	BaggingClassifier_LogisticRegression	di	0.8635422511732412	0.8824866226659931	0.8996056545645701	0.8635422511732412	0.8824866226659931	0.8996056545645701	0.8953404732755796	0.8953180334595302	0.8931241535967751	0.0058337653851474	0.9049489515238094	0.905081543052108	0.9072381294603516	0.0103282829073652	0.8961248260124755	0.8960783535862387	0.8965634701257778	0.0046107996915222	0.0778239984345796	0.0952685256404856	0.1648839091516188	0.0778239984345796	0.0952685256404856	0.1648839091516188	0.1848606924477103	0.1855776669529703	0.1886649495904261	0.0100426742690339	0.116383644256585	0.1279981525683882	0.1094745334724952	0.0424684901118957	0.1101365457420853	0.1109101343517168	0.1071218177986981	0.0123659754572869	0.8824866226659931	0.8996056545645701	0.0952685256404856	0.1648839091516188	1	AP2A	2406
6	AP2A	BaggingClassifier_LogisticRegression	mono+di	0.0	0.8824866226659931	0.8996056545645701	0.0	0.8824866226659931	0.8996056545645701	0.8950345970640528	0.8933241622115125	0.8914552440842913	0.0056656175471687	0.9074432390811524	0.9078257945110788	0.9054921832699612	0.0101351616892966	0.9007858464485948	0.90084664603461	0.8998705189816089	0.0051872299133822	0.0	0.0952685256404856	0.1648839091516188	0.0	0.0952685256404856	0.1648839091516188	0.1797158040056409	0.1786973580147871	0.1825523643666304	0.0101000563062882	0.1204754735757799	0.1301180357502056	0.1201696053386025	0.0412247905963322	0.1137493701818942	0.1147797942324617	0.1123997098832525	0.0153058839371699	0.8824866226659931	0.8996056545645701	0.0952685256404856	0.1648839091516188	1	AP2A	2406
20	CEBPB	Single best mono PWM	mono	0.9398572112640324	0.9389172460942248	0.9136549979884716	0.0	0.0	0.0	0.9136549979884716	0.9136549979884716	0.9136549979884716	0.004888159718034143	0.9389172460942248	0.9389172460942248	0.9389172460942248	0.0050688441507630725	0.9398572112640324	0.9398572112640324	0.9398572112640324	0.0021733676191898897	0.46345121287028224	0.2811573402952807	0.27761855277939523	0.0	0.0	0.0	0.27761855277939523	0.27761855277939523	0.27761855277939523	0.01175058264693594	0.2811573402952807	0.2811573402952807	0.2811573402952807	0.022371862660639917	0.46345121287028224	0.46345121287028224	0.46345121287028224	0.009742097708457161	0.9389172460942248	0.9136549979884716	0.2811573402952807	0.27761855277939523	3	CEBPB	10000
20	CEBPB	RandomForestClassifier	mono	0.9398572112640324	0.9389172460942248	0.9136549979884716	0.9398572112640324	0.9389172460942248	0.9136549979884716	0.9154988700816483	0.9156223648438946	0.917267866243492	0.004888159718034143	0.9439996490034643	0.9443035964005659	0.9433796776857625	0.0050688441507630725	0.9520369964531568	0.9520015540165957	0.9506068093509313	0.0021733676191898897	0.46345121287028224	0.2811573402952807	0.27761855277939523	0.46345121287028224	0.2811573402952807	0.27761855277939523	0.30177560890274924	0.30166378804698113	0.30137281847292585	0.01175058264693594	0.365563528393385	0.3701571022050559	0.37270597120739796	0.022371862660639917	0.5749097353696873	0.5772742106565725	0.5752171236590007	0.009742097708457161	0.9389172460942248	0.9136549979884716	0.2811573402952807	0.27761855277939523	3	CEBPB	10000
10	CEBPB	Single best di PWM	di	0.0	0.0	0.0	0.9309325609476462	0.934053783697199	0.9200961907918168	0.9200961907918168	0.9200961907918168	0.9200961907918168	0.0038588802903521	0.934053783697199	0.934053783697199	0.934053783697199	0.0045818453685559	0.9309325609476462	0.9309325609476462	0.9309325609476462	0.0018626193037634	0.0	0.0	0.0	0.4329560271940214	0.2799601657972032	0.3193684270140864	0.3193684270140864	0.3193684270140864	0.3193684270140864	0.0090348016725283	0.2799601657972032	0.2799601657972032	0.2799601657972032	0.0234385434803437	0.4329560271940214	0.4329560271940214	0.4329560271940214	0.0072912327810722	0.934053783697199	0.9200961907918168	0.2799601657972032	0.3193684270140864	3	CEBPB	10000
10	CEBPB	RandomForestClassifier	di	0.9309325609476462	0.934053783697199	0.9200961907918168	0.9309325609476462	0.934053783697199	0.9200961907918168	0.931165142027093	0.930844460646202	0.9324488324483572	0.0038588802903521	0.9479064432667264	0.948166263276485	0.948634899949236	0.0045818453685559	0.9531747983861132	0.9529691543975264	0.951706013417108	0.0018626193037634	0.4329560271940214	0.2799601657972032	0.3193684270140864	0.4329560271940214	0.2799601657972032	0.3193684270140864	0.3726348674318847	0.3717418063265889	0.3686536310402079	0.0090348016725283	0.3451709111175803	0.3482891793364785	0.3388087892137858	0.0234385434803437	0.5765142648846531	0.5774301382890996	0.576297062589947	0.0072912327810722	0.934053783697199	0.9200961907918168	0.2799601657972032	0.3193684270140864	3	CEBPB	10000
20	CEBPB	RandomForestClassifier	mono+di	0.0	0.9389172460942248	0.9200961907918168	0.0	0.9389172460942248	0.9200961907918168	0.9281079407555431	0.9277477001624144	0.9297643633881234	0.0045524566375519	0.9484493354485354	0.9487157490973374	0.9487036209208762	0.0046710797988453	0.95484103702475	0.9550226666870204	0.953590466470468	0.0022685097405115	0.0	0.2811573402952807	0.3193684270140864	0.0	0.2811573402952807	0.3193684270140864	0.3457624104743126	0.3494642385192736	0.3477990541203716	0.0119886817994206	0.372775249096431	0.3744088128784121	0.3697356642535027	0.0232103018957553	0.5950998114244223	0.5964127461272514	0.5976208641868421	0.00858723637175	0.9389172460942248	0.9200961907918168	0.2811573402952807	0.3193684270140864	3	CEBPB	10000
20	CEBPB	Single best mono PWM	mono	0.9398572112640324	0.9389172460942248	0.9235888139237334	0.0	0.0	0.0	0.9235888139237334	0.9235888139237334	0.9235888139237334	0.0048387892844272	0.9389172460942248	0.9389172460942248	0.9389172460942248	0.0044199598265515	0.9398572112640324	0.9398572112640324	0.9398572112640324	0.0024954181098849	0.4634512128702822	0.2811573402952807	0.332596622067989	0.0	0.0	0.0	0.332596622067989	0.332596622067989	0.332596622067989	0.0099660510086496	0.2811573402952807	0.2811573402952807	0.2811573402952807	0.01815742366691	0.4634512128702822	0.4634512128702822	0.4634512128702822	0.0141330514819326	0.9389172460942248	0.9235888139237334	0.2811573402952807	0.332596622067989	3	CEBPB	10000
20	CEBPB	LogisticRegression	mono	0.9398572112640324	0.9389172460942248	0.9235888139237334	0.9398572112640324	0.9389172460942248	0.9235888139237334	0.9187711335786738	0.9190604186780332	0.9208146002503306	0.0048387892844272	0.9430926670874936	0.943095521392622	0.942898252047612	0.0044199598265515	0.9447734035546492	0.9447831962768782	0.9447968962873724	0.0024954181098849	0.4634512128702822	0.2811573402952807	0.332596622067989	0.4634512128702822	0.2811573402952807	0.332596622067989	0.3401590600812177	0.3409083181770608	0.3424545743544991	0.0099660510086496	0.3441955305743335	0.3459233289578654	0.3413068084418473	0.01815742366691	0.5090606629213732	0.5090330808520223	0.5139006139704166	0.0141330514819326	0.9389172460942248	0.9235888139237334	0.2811573402952807	0.332596622067989	3	CEBPB	10000
10	CEBPB	Single best di PWM	di	0.0	0.0	0.0	0.9309325609476462	0.934053783697199	0.9200961907918168	0.9200961907918168	0.9200961907918168	0.9200961907918168	0.0039836605367538	0.934053783697199	0.934053783697199	0.934053783697199	0.0044213832525227	0.9309325609476462	0.9309325609476462	0.9309325609476462	0.0022092323131002	0.0	0.0	0.0	0.4329560271940214	0.2799601657972032	0.3193684270140864	0.3193684270140864	0.3193684270140864	0.3193684270140864	0.009121419216282	0.2799601657972032	0.2799601657972032	0.2799601657972032	0.0236542972307007	0.4329560271940214	0.4329560271940214	0.4329560271940214	0.0148207054068151	0.934053783697199	0.9200961907918168	0.2799601657972032	0.3193684270140864	3	CEBPB	10000
10	CEBPB	LogisticRegression	di	0.9309325609476462	0.934053783697199	0.9200961907918168	0.9309325609476462	0.934053783697199	0.9200961907918168	0.929700174937016	0.929694988446291	0.9307401276996924	0.0039836605367538	0.9467674708723272	0.9467115019932232	0.9471063697597418	0.0044213832525227	0.9447610579057524	0.944796381301747	0.9442363158636858	0.0022092323131002	0.4329560271940214	0.2799601657972032	0.3193684270140864	0.4329560271940214	0.2799601657972032	0.3193684270140864	0.3595084998392491	0.3602933424159328	0.3594679472542556	0.009121419216282	0.3328909095854052	0.3343913903577758	0.3218571104679231	0.0236542972307007	0.4955126199634874	0.4952412652328526	0.4890441356603823	0.0148207054068151	0.934053783697199	0.9200961907918168	0.2799601657972032	0.3193684270140864	3	CEBPB	10000
20	CEBPB	LogisticRegression	mono+di	0.0	0.9389172460942248	0.9200961907918168	0.0	0.9389172460942248	0.9235888139237334	0.871962028609869	0.8739311418559671	0.8745977531732978	0.0043418544094482	0.9504519463311276	0.9504260607395648	0.950638491320852	0.0037877215236777	0.9496266708461196	0.9496231916807032	0.949168086741561	0.0022932786751455	0.0	0.2811573402952807	0.332596622067989	0.0	0.2811573402952807	0.332596622067989	0.1479188049222729	0.1522674107297155	0.1530649942044767	0.0036226271030058	0.3747724413290799	0.3764337323960231	0.3734404028681873	0.0166872506858014	0.5407018479494307	0.5407275587842659	0.5427381730772205	0.0149042915307691	0.9389172460942248	0.9235888139237334	0.2811573402952807	0.332596622067989	3	CEBPB	10000
20	CEBPB	Single best mono PWM	mono	0.9398572112640324	0.9389172460942248	0.917739509384934	0.0	0.0	0.0	0.917739509384934	0.917739509384934	0.917739509384934	0.0047602132897818	0.9389172460942248	0.9389172460942248	0.9389172460942248	0.0058594222624703	0.9398572112640324	0.9398572112640324	0.9398572112640324	0.0020632582808517	0.4634512128702822	0.2811573402952807	0.2959505205671565	0.0	0.0	0.0	0.2959505205671565	0.2959505205671565	0.2959505205671565	0.0192026443997149	0.2811573402952807	0.2811573402952807	0.2811573402952807	0.0178066080457435	0.4634512128702822	0.4634512128702822	0.4634512128702822	0.0095832822742616	0.9389172460942248	0.917739509384934	0.2811573402952807	0.2959505205671565	3	CEBPB	10000
20	CEBPB	XGBClassifier	mono	0.9398572112640324	0.9389172460942248	0.917739509384934	0.9398572112640324	0.9389172460942248	0.917739509384934	0.8857730343081002	0.8895656156848	0.8892983148405278	0.0047602132897818	0.9436948121684332	0.9430722638357172	0.9414083171235608	0.0058594222624703	0.9638213349693372	0.9636110471191832	0.9640181815883158	0.0020632582808517	0.4634512128702822	0.2811573402952807	0.2959505205671565	0.4634512128702822	0.2811573402952807	0.2959505205671565	0.156713430247152	0.1785097021768437	0.1822681727139065	0.0192026443997149	0.3793070682050976	0.3835692568575589	0.3852998757243531	0.0178066080457435	0.6213999016758169	0.6211132058187047	0.6161292590234841	0.0095832822742616	0.9389172460942248	0.917739509384934	0.2811573402952807	0.2959505205671565	3	CEBPB	10000
10	CEBPB	Single best di PWM	di	0.0	0.0	0.0	0.9309325609476462	0.934053783697199	0.9200961907918168	0.9200961907918168	0.9200961907918168	0.9200961907918168	0.0041575374139848	0.934053783697199	0.934053783697199	0.934053783697199	0.0044389193268718	0.9309325609476462	0.9309325609476462	0.9309325609476462	0.0017942951526825	0.0	0.0	0.0	0.4329560271940214	0.2799601657972032	0.3193684270140864	0.3193684270140864	0.3193684270140864	0.3193684270140864	0.0066166753535133	0.2799601657972032	0.2799601657972032	0.2799601657972032	0.0188523784745286	0.4329560271940214	0.4329560271940214	0.4329560271940214	0.0086434645196214	0.934053783697199	0.9200961907918168	0.2799601657972032	0.3193684270140864	3	CEBPB	10000
10	CEBPB	XGBClassifier	di	0.9309325609476462	0.934053783697199	0.9200961907918168	0.9309325609476462	0.934053783697199	0.9200961907918168	0.9293524090525372	0.928620305820938	0.9293438590985076	0.0041575374139848	0.9455914546079066	0.946332509214198	0.9453690247986484	0.0044389193268718	0.9619462326377878	0.9619421478343028	0.9619635044100284	0.0017942951526825	0.4329560271940214	0.2799601657972032	0.3193684270140864	0.4329560271940214	0.2799601657972032	0.3193684270140864	0.3667924738349475	0.3632208437157913	0.3626839571996684	0.0066166753535133	0.3446268013731243	0.3450274313782278	0.3453476140857691	0.0188523784745286	0.6338017421233361	0.6313137166406948	0.6273827380711168	0.0086434645196214	0.934053783697199	0.9200961907918168	0.2799601657972032	0.3193684270140864	3	CEBPB	10000
20	CEBPB	XGBClassifier	mono+di	0.0	0.9389172460942248	0.9200961907918168	0.0	0.9389172460942248	0.9200961907918168	0.9225174770487912	0.9215694380292464	0.923200251662458	0.0037604521195678	0.9487125766742645	0.9486190686247078	0.9480779337674732	0.0040297410106897	0.9678349549448458	0.96698914139601	0.9674156801489316	0.0021385455415978	0.0	0.2811573402952807	0.3193684270140864	0.0	0.2811573402952807	0.3193684270140864	0.3227671274323657	0.3153555122349024	0.3218450739100117	0.0151142830463638	0.3833669335187201	0.3929102200014721	0.3939333387320304	0.0166390535783839	0.658430350275727	0.6573730104430988	0.6582442825146503	0.011105429711214	0.9389172460942248	0.9200961907918168	0.2811573402952807	0.3193684270140864	3	CEBPB	10000
20	CEBPB	Single best mono PWM	mono	0.9398572112640324	0.9389172460942248	0.9225024598353844	0.0	0.0	0.0	0.9225024598353844	0.9225024598353844	0.9225024598353844	0.005088316455014	0.9389172460942248	0.9389172460942248	0.9389172460942248	0.0049869532239609	0.9398572112640324	0.9398572112640324	0.9398572112640324	0.0024012440482886	0.4634512128702822	0.2811573402952807	0.3286611716753775	0.0	0.0	0.0	0.3286611716753775	0.3286611716753775	0.3286611716753775	0.009135087542452	0.2811573402952807	0.2811573402952807	0.2811573402952807	0.0146145547777398	0.4634512128702822	0.4634512128702822	0.4634512128702822	0.0086275088580223	0.9389172460942248	0.9225024598353844	0.2811573402952807	0.3286611716753775	3	CEBPB	10000
20	CEBPB	BaggingClassifier_XGBClassifier	mono	0.9398572112640324	0.9389172460942248	0.9225024598353844	0.9398572112640324	0.9389172460942248	0.9225024598353844	0.9119667454790076	0.9093951323007632	0.9116056387468888	0.005088316455014	0.9446097055878214	0.94523843912821	0.9447595114112772	0.0049869532239609	0.967797081294427	0.966835337756738	0.9673190975727768	0.0024012440482886	0.4634512128702822	0.2811573402952807	0.3286611716753775	0.4634512128702822	0.2811573402952807	0.3286611716753775	0.2523088862222213	0.2465588391556155	0.2496266437809317	0.009135087542452	0.3817300798531579	0.3878951192512624	0.3918164139907632	0.0146145547777398	0.6284100871887464	0.6275557333840844	0.6259336840249922	0.0086275088580223	0.9389172460942248	0.9225024598353844	0.2811573402952807	0.3286611716753775	3	CEBPB	10000
10	CEBPB	Single best di PWM	di	0.0	0.0	0.0	0.9309325609476462	0.934053783697199	0.9200961907918168	0.9200961907918168	0.9200961907918168	0.9200961907918168	0.0035072565533152	0.934053783697199	0.934053783697199	0.934053783697199	0.0040473904876442	0.9309325609476462	0.9309325609476462	0.9309325609476462	0.0017551798635764	0.0	0.0	0.0	0.4329560271940214	0.2799601657972032	0.3193684270140864	0.3193684270140864	0.3193684270140864	0.3193684270140864	0.0058949160303819	0.2799601657972032	0.2799601657972032	0.2799601657972032	0.0231815810213146	0.4329560271940214	0.4329560271940214	0.4329560271940214	0.0065149666442223	0.934053783697199	0.9200961907918168	0.2799601657972032	0.3193684270140864	3	CEBPB	10000
10	CEBPB	BaggingClassifier_XGBClassifier	di	0.9309325609476462	0.934053783697199	0.9200961907918168	0.9309325609476462	0.934053783697199	0.9200961907918168	0.9295852907812644	0.9296972574368384	0.930576364704046	0.0035072565533152	0.947420932644832	0.947188663658915	0.9463299967379092	0.0040473904876442	0.9659715981773032	0.9652642968535972	0.9655581570807266	0.0017551798635764	0.4329560271940214	0.2799601657972032	0.3193684270140864	0.4329560271940214	0.2799601657972032	0.3193684270140864	0.3719395244139928	0.3708844778204542	0.3700883938863859	0.0058949160303819	0.3541064201305587	0.3529150507092476	0.3499738158374122	0.0231815810213146	0.6428347518178877	0.6421607131793119	0.6429427615384227	0.0065149666442223	0.934053783697199	0.9200961907918168	0.2799601657972032	0.3193684270140864	3	CEBPB	10000
20	CEBPB	BaggingClassifier_XGBClassifier	mono+di	0.0	0.9389172460942248	0.9200961907918168	0.0	0.9389172460942248	0.9225024598353844	0.9228779483729704	0.9221448599593768	0.9229792662644672	0.0045804182196957	0.9496946344962004	0.950165196523411	0.9506577039712936	0.0042327331981964	0.9713568170619258	0.9707752779608858	0.9714651585877332	0.0020111580067971	0.0	0.2811573402952807	0.3286611716753775	0.0	0.2811573402952807	0.3286611716753775	0.3181932934284354	0.3248305508236043	0.3328128758378035	0.0149268761281856	0.3962756748931712	0.3946975151415702	0.3984882385884362	0.0160124606658373	0.6700392243920847	0.6682332123358555	0.6685714291352158	0.0095534236515279	0.9389172460942248	0.9225024598353844	0.2811573402952807	0.3286611716753775	3	CEBPB	10000
20	CEBPB	Single best mono PWM	mono	0.9398572112640324	0.9389172460942248	0.9068435825649954	0.0	0.0	0.0	0.9068435825649954	0.9068435825649954	0.9068435825649954	0.006070566685502	0.9389172460942248	0.9389172460942248	0.9389172460942248	0.0044187095349076	0.9398572112640324	0.9398572112640324	0.9398572112640324	0.0024844482817862	0.4634512128702822	0.2811573402952807	0.2320918791718158	0.0	0.0	0.0	0.2320918791718158	0.2320918791718158	0.2320918791718158	0.0139329741102215	0.2811573402952807	0.2811573402952807	0.2811573402952807	0.0177800033714406	0.4634512128702822	0.4634512128702822	0.4634512128702822	0.0142477745693151	0.9389172460942248	0.9068435825649954	0.2811573402952807	0.2320918791718158	3	CEBPB	10000
20	CEBPB	BaggingClassifier_LogisticRegression	mono	0.9398572112640324	0.9389172460942248	0.9068435825649954	0.9398572112640324	0.9389172460942248	0.9068435825649954	0.8982678102700065	0.8989427781355059	0.9003463995819463	0.006070566685502	0.9431375545245252	0.9430563698799111	0.9429168908116954	0.0044187095349076	0.944753781754492	0.944788310409604	0.9447735552113066	0.0024844482817862	0.4634512128702822	0.2811573402952807	0.2320918791718158	0.4634512128702822	0.2811573402952807	0.2320918791718158	0.2544571690259526	0.2572911715089769	0.2512126953115872	0.0139329741102215	0.3452619651864212	0.3456732196027093	0.3412293705272542	0.0177800033714406	0.5085089130630669	0.5088761689702295	0.5134106338101593	0.0142477745693151	0.9389172460942248	0.9068435825649954	0.2811573402952807	0.2320918791718158	3	CEBPB	10000
10	CEBPB	Single best di PWM	di	0.0	0.0	0.0	0.9309325609476462	0.934053783697199	0.9200961907918168	0.9200961907918168	0.9200961907918168	0.9200961907918168	0.0039927620328898	0.934053783697199	0.934053783697199	0.934053783697199	0.0044149350936542	0.9309325609476462	0.9309325609476462	0.9309325609476462	0.0022228188076869	0.0	0.0	0.0	0.4329560271940214	0.2799601657972032	0.3193684270140864	0.3193684270140864	0.3193684270140864	0.3193684270140864	0.0090934601366415	0.2799601657972032	0.2799601657972032	0.2799601657972032	0.0234949653241116	0.4329560271940214	0.4329560271940214	0.4329560271940214	0.0149332587610113	0.934053783697199	0.9200961907918168	0.2799601657972032	0.3193684270140864	3	CEBPB	10000
10	CEBPB	BaggingClassifier_LogisticRegression	di	0.9309325609476462	0.934053783697199	0.9200961907918168	0.9309325609476462	0.934053783697199	0.9200961907918168	0.9296986834381966	0.9296699015087292	0.930714782702836	0.0039927620328898	0.9467151845429506	0.9466773317121192	0.9471712265973647	0.0044149350936542	0.9447384888593996	0.9447782038217272	0.9442333025690298	0.0022228188076869	0.4329560271940214	0.2799601657972032	0.3193684270140864	0.4329560271940214	0.2799601657972032	0.3193684270140864	0.3595666856750606	0.3604052888849674	0.3601477488136052	0.0090934601366415	0.332471549292698	0.3347003898978173	0.3219816644864425	0.0234949653241116	0.4954704179820871	0.4957362970143719	0.4893742175071661	0.0149332587610113	0.934053783697199	0.9200961907918168	0.2799601657972032	0.3193684270140864	3	CEBPB	10000
20	CEBPB	BaggingClassifier_LogisticRegression	mono+di	0.0	0.9389172460942248	0.9200961907918168	0.0	0.9389172460942248	0.9200961907918168	0.917910607349663	0.9159858850019352	0.9171278128807152	0.0048785126423028	0.9504819248148028	0.9503993500385184	0.9506554632035944	0.0037664540827837	0.9495969646925664	0.9496194874813292	0.9491321543985396	0.0022942384536172	0.0	0.2811573402952807	0.3193684270140864	0.0	0.2811573402952807	0.3193684270140864	0.326208369882397	0.3160618350575407	0.3202440856057248	0.0106933678548989	0.3759456012177059	0.3768181388343181	0.3739545082557396	0.0167312741301903	0.5408188984183785	0.5408682599127871	0.5428342084186706	0.0148719096282952	0.9389172460942248	0.9200961907918168	0.2811573402952807	0.3193684270140864	3	CEBPB	10000
10	COE1	Single best mono PWM	mono	0.9410033747128955	0.9288641005844028	0.9141923242494341	0.0	0.0	0.0	0.9141923242494341	0.9141923242494341	0.9141923242494341	0.0029427691525446657	0.9288641005844028	0.9288641005844028	0.9288641005844028	0.007551086152716413	0.9410033747128955	0.9410033747128955	0.9410033747128955	0.0035341473363388297	0.295137426051143	0.1982420935920943	0.3095935996627619	0.0	0.0	0.0	0.3095935996627619	0.3095935996627619	0.3095935996627619	0.011845259387455674	0.1982420935920943	0.1982420935920943	0.1982420935920943	0.028195823302079502	0.295137426051143	0.295137426051143	0.295137426051143	0.016665751850660448	0.9288641005844028	0.9141923242494341	0.1982420935920943	0.3095935996627619	4	COE1	3924
10	COE1	RandomForestClassifier	mono	0.9410033747128955	0.9288641005844028	0.9141923242494341	0.9410033747128955	0.9288641005844028	0.9141923242494341	0.9418292952658989	0.9416164788924031	0.9406224952638542	0.0029427691525446657	0.9313877893368436	0.9310228454134547	0.930418436828164	0.007551086152716413	0.9546868333348629	0.954783193108718	0.9550458995295883	0.0035341473363388297	0.295137426051143	0.1982420935920943	0.3095935996627619	0.295137426051143	0.1982420935920943	0.3095935996627619	0.39693665779718684	0.3947493413216637	0.3916650662607914	0.011845259387455674	0.2247334775693937	0.2232203727589621	0.23025290632392267	0.028195823302079502	0.4233549085564812	0.4199992665036207	0.42110630539791205	0.016665751850660448	0.9288641005844028	0.9141923242494341	0.1982420935920943	0.3095935996627619	4	COE1	3924
5	COE1	Single best di PWM	di	0.0	0.0	0.0	0.9362886249212604	0.916544241183926	0.9475508130357873	0.9475508130357873	0.9475508130357873	0.9475508130357873	0.0029118609881339	0.916544241183926	0.916544241183926	0.916544241183926	0.0072538237265512	0.9362886249212604	0.9362886249212604	0.9362886249212604	0.003643095996669	0.0	0.0	0.0	0.2663444461800787	0.1562978395913833	0.443462834381051	0.443462834381051	0.443462834381051	0.443462834381051	0.0121204571471728	0.1562978395913833	0.1562978395913833	0.1562978395913833	0.021978514195092	0.2663444461800787	0.2663444461800787	0.2663444461800787	0.0202345828023548	0.916544241183926	0.9475508130357873	0.1562978395913833	0.443462834381051	4	COE1	3924
5	COE1	RandomForestClassifier	di	0.9362886249212604	0.916544241183926	0.9475508130357873	0.9362886249212604	0.916544241183926	0.9475508130357873	0.9570926650502852	0.9578875309613978	0.958137881294441	0.0029118609881339	0.9301740190745592	0.9299104096106434	0.9275751722468026	0.0072538237265512	0.957031845813383	0.9568456061265632	0.957913411253322	0.003643095996669	0.2663444461800787	0.1562978395913833	0.443462834381051	0.2663444461800787	0.1562978395913833	0.443462834381051	0.4934498145364761	0.4926027283573121	0.4955102302012024	0.0121204571471728	0.1973720396998893	0.2061915315876428	0.1990048200490106	0.021978514195092	0.4233930659538849	0.4235044563121456	0.4227151289965561	0.0202345828023548	0.916544241183926	0.9475508130357873	0.1562978395913833	0.443462834381051	4	COE1	3924
10	COE1	RandomForestClassifier	mono+di	0.0	0.9288641005844028	0.9477217943999802	0.0	0.9288641005844028	0.9475508130357873	0.9516571600650676	0.9530790264166724	0.9525298949297863	0.0027008629151662	0.9319481241275692	0.9314568919391978	0.9307981502270944	0.0077145411248373	0.9571534032604504	0.9575673197263956	0.9575764593132596	0.0033158372752269	0.0	0.1982420935920943	0.443462834381051	0.0	0.1982420935920943	0.443462834381051	0.4694323177962949	0.4735418688855722	0.4727534564512445	0.0132995471449616	0.2234514582052179	0.2222841879470553	0.2339366470376217	0.0282941145240036	0.4362485483594687	0.4363428893965583	0.4373427511740671	0.0168750663282634	0.9288641005844028	0.9475508130357873	0.1982420935920943	0.443462834381051	4	COE1	3924
10	COE1	Single best mono PWM	mono	0.9410033747128956	0.9288641005844028	0.9477305162112348	0.0	0.0	0.0	0.9477305162112348	0.9477305162112348	0.9477305162112348	0.0037989562060882	0.9288641005844028	0.9288641005844028	0.9288641005844028	0.0065694187114329	0.9410033747128956	0.9410033747128956	0.9410033747128956	0.0030741420805384	0.295137426051143	0.1982420935920943	0.4417065750125754	0.0	0.0	0.0	0.4417065750125754	0.4417065750125754	0.4417065750125754	0.0164498329474786	0.1982420935920943	0.1982420935920943	0.1982420935920943	0.0216720746683404	0.295137426051143	0.295137426051143	0.295137426051143	0.0125336206507695	0.9288641005844028	0.9477305162112348	0.1982420935920943	0.4417065750125754	4	COE1	3924
10	COE1	LogisticRegression	mono	0.9410033747128956	0.9288641005844028	0.9477305162112348	0.9410033747128956	0.9288641005844028	0.9477305162112348	0.9166769263598016	0.917682558119492	0.9197476626707314	0.0037989562060882	0.9349794363941756	0.9349887052614464	0.9341270627425948	0.0065694187114329	0.9450123388113372	0.9449822949765108	0.9441725948743204	0.0030741420805384	0.295137426051143	0.1982420935920943	0.4417065750125754	0.295137426051143	0.1982420935920943	0.4417065750125754	0.2934562388596804	0.2979986322091904	0.292717188158256	0.0164498329474786	0.2287653755232561	0.2301864333460877	0.2365803907969512	0.0216720746683404	0.3095597073669242	0.3103251544982975	0.3078097435446694	0.0125336206507695	0.9288641005844028	0.9477305162112348	0.1982420935920943	0.4417065750125754	4	COE1	3924
5	COE1	Single best di PWM	di	0.0	0.0	0.0	0.9362886249212604	0.916544241183926	0.9475508130357873	0.9475508130357873	0.9475508130357873	0.9475508130357873	0.0026906721353436	0.916544241183926	0.916544241183926	0.916544241183926	0.0072271671005719	0.9362886249212604	0.9362886249212604	0.9362886249212604	0.0027566410152035	0.0	0.0	0.0	0.2663444461800787	0.1562978395913833	0.443462834381051	0.443462834381051	0.443462834381051	0.443462834381051	0.0095607342970512	0.1562978395913833	0.1562978395913833	0.1562978395913833	0.0206058655178689	0.2663444461800787	0.2663444461800787	0.2663444461800787	0.0157235216088098	0.916544241183926	0.9475508130357873	0.1562978395913833	0.443462834381051	4	COE1	3924
5	COE1	LogisticRegression	di	0.9362886249212604	0.916544241183926	0.9475508130357873	0.9362886249212604	0.916544241183926	0.9475508130357873	0.9569794795828748	0.9569646231083248	0.9578352664181228	0.0026906721353436	0.9319545766500033	0.9319808910774564	0.931316816717662	0.0072271671005719	0.9468353982165312	0.9469153009618728	0.9465967279627214	0.0027566410152035	0.2663444461800787	0.1562978395913833	0.443462834381051	0.2663444461800787	0.1562978395913833	0.443462834381051	0.4956002306706693	0.4959186233625843	0.4978910428353748	0.0095607342970512	0.2100765233664477	0.2139544037244485	0.2205404152097319	0.0206058655178689	0.3151017030117761	0.3152091984345507	0.3122229569804879	0.0157235216088098	0.916544241183926	0.9475508130357873	0.1562978395913833	0.443462834381051	4	COE1	3924
10	COE1	LogisticRegression	mono+di	0.0	0.9288641005844028	0.9477217943999802	0.0	0.9288641005844028	0.9477305162112348	0.9547316071141404	0.9548680252172465	0.955895215816768	0.0025307689281975	0.9359921626119933	0.9359529638689364	0.935717456543911	0.0070607917322786	0.9481659529838162	0.948204558529146	0.9485121042053064	0.0028274527188877	0.0	0.1982420935920943	0.443462834381051	0.0	0.1982420935920943	0.443462834381051	0.4774286750768849	0.4786911872491894	0.4797638533043236	0.0123603230552589	0.2284869425491115	0.2290151579658585	0.2334086189573717	0.0214294387517319	0.3219139492686624	0.3227529853487925	0.3220238010112813	0.0136967195207244	0.9288641005844028	0.9477305162112348	0.1982420935920943	0.443462834381051	4	COE1	3924
10	COE1	Single best mono PWM	mono	0.9410033747128956	0.9288641005844028	0.9477217943999802	0.0	0.0	0.0	0.9477217943999802	0.9477217943999802	0.9477217943999802	0.0015327755736592	0.9288641005844028	0.9288641005844028	0.9288641005844028	0.0092566188850593	0.9410033747128956	0.9410033747128956	0.9410033747128956	0.0049779257543179	0.295137426051143	0.1982420935920943	0.4426873620009495	0.0	0.0	0.0	0.4426873620009495	0.4426873620009495	0.4426873620009495	0.0145805579740568	0.1982420935920943	0.1982420935920943	0.1982420935920943	0.0266912372151683	0.295137426051143	0.295137426051143	0.295137426051143	0.029192873875623	0.9288641005844028	0.9477217943999802	0.1982420935920943	0.4426873620009495	4	COE1	3924
10	COE1	XGBClassifier	mono	0.9410033747128956	0.9288641005844028	0.9477217943999802	0.9410033747128956	0.9288641005844028	0.9477217943999802	0.9397562706428828	0.9397964005967232	0.9393358893542264	0.0015327755736592	0.9314442630171552	0.9292879850771624	0.9303097507465862	0.0092566188850593	0.9687302033612528	0.9680644077085016	0.9699594982891926	0.0049779257543179	0.295137426051143	0.1982420935920943	0.4426873620009495	0.295137426051143	0.1982420935920943	0.4426873620009495	0.3921213190689813	0.3745471857819008	0.3691578666044733	0.0145805579740568	0.2299786934113125	0.2191064921112451	0.2198260126473065	0.0266912372151683	0.477951777624789	0.4797560793602585	0.4878812311940755	0.029192873875623	0.9288641005844028	0.9477217943999802	0.1982420935920943	0.4426873620009495	4	COE1	3924
5	COE1	Single best di PWM	di	0.0	0.0	0.0	0.9362886249212604	0.916544241183926	0.9475508130357873	0.9475508130357873	0.9475508130357873	0.9475508130357873	0.0026513862611211	0.916544241183926	0.916544241183926	0.916544241183926	0.0050972945962448	0.9362886249212604	0.9362886249212604	0.9362886249212604	0.0043703597025797	0.0	0.0	0.0	0.2663444461800787	0.1562978395913833	0.443462834381051	0.443462834381051	0.443462834381051	0.443462834381051	0.0105213187296822	0.1562978395913833	0.1562978395913833	0.1562978395913833	0.0249607079451996	0.2663444461800787	0.2663444461800787	0.2663444461800787	0.0261142443143954	0.916544241183926	0.9475508130357873	0.1562978395913833	0.443462834381051	4	COE1	3924
5	COE1	XGBClassifier	di	0.9362886249212604	0.916544241183926	0.9475508130357873	0.9362886249212604	0.916544241183926	0.9475508130357873	0.9574995050346986	0.9569303973064152	0.9570288846369392	0.0026513862611211	0.927438638675035	0.928169343876546	0.928663684432088	0.0050972945962448	0.966462222189463	0.9651253521606808	0.9659749841764752	0.0043703597025797	0.2663444461800787	0.1562978395913833	0.443462834381051	0.2663444461800787	0.1562978395913833	0.443462834381051	0.4781701358095233	0.4769938710667443	0.4721938587125704	0.0105213187296822	0.2082758558984673	0.1927672545571907	0.2001089697840656	0.0249607079451996	0.4870403290164402	0.4665561001592874	0.4674555368753457	0.0261142443143954	0.916544241183926	0.9475508130357873	0.1562978395913833	0.443462834381051	4	COE1	3924
10	COE1	XGBClassifier	mono+di	0.0	0.9288641005844028	0.9477217943999802	0.0	0.9288641005844028	0.9477217943999802	0.9509764688145572	0.95322347523817	0.9541552030172592	0.0024719843814852	0.9330651441773812	0.931460724857257	0.932113847982566	0.0047932019053141	0.972829680660256	0.9716156398235004	0.9733843684392376	0.0046411355192051	0.0	0.1982420935920943	0.443462834381051	0.0	0.1982420935920943	0.443462834381051	0.3959500011738707	0.4199286656835467	0.4198723459500803	0.0206363297766516	0.2131726858122206	0.2172955565495614	0.2174955122454074	0.0280410780516127	0.5143628285465435	0.5169585374831388	0.5241171354351611	0.0275780034468582	0.9288641005844028	0.9477217943999802	0.1982420935920943	0.443462834381051	4	COE1	3924
10	COE1	Single best mono PWM	mono	0.9410033747128956	0.9288641005844028	0.9477217943999802	0.0	0.0	0.0	0.9477217943999802	0.9477217943999802	0.9477217943999802	0.0029268383191074	0.9288641005844028	0.9288641005844028	0.9288641005844028	0.0085199457077143	0.9410033747128956	0.9410033747128956	0.9410033747128956	0.0052807099392327	0.295137426051143	0.1982420935920943	0.4426873620009495	0.0	0.0	0.0	0.4426873620009495	0.4426873620009495	0.4426873620009495	0.0098284258856038	0.1982420935920943	0.1982420935920943	0.1982420935920943	0.0313172169048677	0.295137426051143	0.295137426051143	0.295137426051143	0.0249281363822688	0.9288641005844028	0.9477217943999802	0.1982420935920943	0.4426873620009495	4	COE1	3924
10	COE1	BaggingClassifier_XGBClassifier	mono	0.9410033747128956	0.9288641005844028	0.9477217943999802	0.9410033747128956	0.9288641005844028	0.9477217943999802	0.9483361635472978	0.9485555023528852	0.9487476258633514	0.0029268383191074	0.931150362848099	0.931557006821964	0.9360375531048448	0.0085199457077143	0.9744659362259932	0.9729653333891064	0.9750100427229248	0.0052807099392327	0.295137426051143	0.1982420935920943	0.4426873620009495	0.295137426051143	0.1982420935920943	0.4426873620009495	0.4135809616525436	0.4213012812200079	0.4235055933142508	0.0098284258856038	0.2225400394107228	0.2251624225783342	0.2290515223852613	0.0313172169048677	0.4936557502007551	0.491590995911705	0.4948520253912044	0.0249281363822688	0.9288641005844028	0.9477217943999802	0.1982420935920943	0.4426873620009495	4	COE1	3924
5	COE1	Single best di PWM	di	0.0	0.0	0.0	0.9362886249212604	0.916544241183926	0.9475508130357873	0.9475508130357873	0.9475508130357873	0.9475508130357873	0.0027504623555376	0.916544241183926	0.916544241183926	0.916544241183926	0.0049877075017172	0.9362886249212604	0.9362886249212604	0.9362886249212604	0.0043078342539921	0.0	0.0	0.0	0.2663444461800787	0.1562978395913833	0.443462834381051	0.443462834381051	0.443462834381051	0.443462834381051	0.0107053951048631	0.1562978395913833	0.1562978395913833	0.1562978395913833	0.0182805882545835	0.2663444461800787	0.2663444461800787	0.2663444461800787	0.0225886702309023	0.916544241183926	0.9475508130357873	0.1562978395913833	0.443462834381051	4	COE1	3924
5	COE1	BaggingClassifier_XGBClassifier	di	0.9362886249212604	0.916544241183926	0.9475508130357873	0.9362886249212604	0.916544241183926	0.9475508130357873	0.9580812197701604	0.95783751662616	0.957637631404469	0.0027504623555376	0.9288026605311392	0.9287406179360872	0.926449331190796	0.0049877075017172	0.971856533379466	0.9701085756045256	0.9718008259037612	0.0043078342539921	0.2663444461800787	0.1562978395913833	0.443462834381051	0.2663444461800787	0.1562978395913833	0.443462834381051	0.4815399967442356	0.4844474501174083	0.4834929062899263	0.0107053951048631	0.1920192031809922	0.1991960797151799	0.2101686929209112	0.0182805882545835	0.4936884550658938	0.4801311461912712	0.4830499198306548	0.0225886702309023	0.916544241183926	0.9475508130357873	0.1562978395913833	0.443462834381051	4	COE1	3924
10	COE1	BaggingClassifier_XGBClassifier	mono+di	0.0	0.9288641005844028	0.9477217943999802	0.0	0.9288641005844028	0.9477217943999802	0.9532454805230148	0.9531733829442424	0.9523823318997252	0.0028500542008989	0.9330888661330348	0.9326628758818236	0.9329695058534402	0.0061965210611843	0.9781591477227028	0.9775072993514116	0.979409759636288	0.0045806327759281	0.0	0.1982420935920943	0.443462834381051	0.0	0.1982420935920943	0.443462834381051	0.4458520147722431	0.450766515987117	0.4514180009772315	0.0186983165624425	0.2193957370552484	0.2258519748852933	0.2168992352684793	0.031394301107034	0.5378525379389426	0.5324373120945864	0.5412948595916377	0.0286040686025617	0.9288641005844028	0.9477217943999802	0.1982420935920943	0.443462834381051	4	COE1	3924
10	COE1	Single best mono PWM	mono	0.9410033747128956	0.9288641005844028	0.9475333135924492	0.0	0.0	0.0	0.9475333135924492	0.9475333135924492	0.9475333135924492	0.0024447269955023	0.9288641005844028	0.9288641005844028	0.9288641005844028	0.0065760209344001	0.9410033747128956	0.9410033747128956	0.9410033747128956	0.0030422990884648	0.295137426051143	0.1982420935920943	0.442491471653207	0.0	0.0	0.0	0.442491471653207	0.442491471653207	0.442491471653207	0.0103590753329117	0.1982420935920943	0.1982420935920943	0.1982420935920943	0.0217124868226311	0.295137426051143	0.295137426051143	0.295137426051143	0.0124358704682782	0.9288641005844028	0.9475333135924492	0.1982420935920943	0.442491471653207	4	COE1	3924
10	COE1	BaggingClassifier_LogisticRegression	mono	0.9410033747128956	0.9288641005844028	0.9475333135924492	0.9410033747128956	0.9288641005844028	0.9475333135924492	0.9459047405955046	0.9460790239894588	0.9468037626359372	0.0024447269955023	0.9350112287058764	0.935018410596853	0.934232538686742	0.0065760209344001	0.9450020172256548	0.9450068014378288	0.9441825607262404	0.0030422990884648	0.295137426051143	0.1982420935920943	0.442491471653207	0.295137426051143	0.1982420935920943	0.442491471653207	0.4250549843670761	0.4258383342236939	0.4305254474976234	0.0103590753329117	0.2288203265909695	0.2300771546543372	0.2351574538251626	0.0217124868226311	0.3096326951795036	0.3101975528725773	0.3075778084832772	0.0124358704682782	0.9288641005844028	0.9475333135924492	0.1982420935920943	0.442491471653207	4	COE1	3924
5	COE1	Single best di PWM	di	0.0	0.0	0.0	0.9362886249212604	0.916544241183926	0.9475508130357873	0.9475508130357873	0.9475508130357873	0.9475508130357873	0.0026859062075547	0.916544241183926	0.916544241183926	0.916544241183926	0.0072246387701158	0.9362886249212604	0.9362886249212604	0.9362886249212604	0.002761190032824	0.0	0.0	0.0	0.2663444461800787	0.1562978395913833	0.443462834381051	0.443462834381051	0.443462834381051	0.443462834381051	0.0095960454422641	0.1562978395913833	0.1562978395913833	0.1562978395913833	0.0204527820197345	0.2663444461800787	0.2663444461800787	0.2663444461800787	0.0157182357718811	0.916544241183926	0.9475508130357873	0.1562978395913833	0.443462834381051	4	COE1	3924
5	COE1	BaggingClassifier_LogisticRegression	di	0.9362886249212604	0.916544241183926	0.9475508130357873	0.9362886249212604	0.916544241183926	0.9475508130357873	0.9569931326463712	0.9569636118392718	0.9578222595268354	0.0026859062075547	0.9319992363825346	0.9319707009607298	0.9313553383668288	0.0072246387701158	0.9468218922349856	0.9469561280485276	0.9467382122062798	0.002761190032824	0.2663444461800787	0.1562978395913833	0.443462834381051	0.2663444461800787	0.1562978395913833	0.443462834381051	0.4958641054180008	0.4959894679470982	0.4982106429033638	0.0095960454422641	0.2103965584316981	0.2138587542042569	0.2203729764667588	0.0204527820197345	0.3148240994951254	0.315167177749462	0.3122002398047687	0.0157182357718811	0.916544241183926	0.9475508130357873	0.1562978395913833	0.443462834381051	4	COE1	3924
10	COE1	BaggingClassifier_LogisticRegression	mono+di	0.0	0.9288641005844028	0.9477217943999802	0.0	0.9288641005844028	0.9475508130357873	0.9506060269486264	0.9512253035814092	0.9522069662605483	0.0027512015538755	0.9360217727295184	0.9359113269025918	0.9355881338645652	0.0070141169919244	0.9481535959862544	0.9482262734656132	0.9485249595645878	0.0028057013543779	0.0	0.1982420935920943	0.443462834381051	0.0	0.1982420935920943	0.443462834381051	0.4471147567014603	0.4516004185975676	0.4498858389966053	0.0050887580044691	0.2286578930611914	0.2285161565476011	0.231987516014684	0.0206246591219985	0.3220512148679115	0.3225583219712855	0.3211579587446252	0.0137513367165418	0.9288641005844028	0.9475508130357873	0.1982420935920943	0.443462834381051	4	COE1	3924
198	CTCF	Single best mono PWM	mono	0.9739378926391041	0.9683369357475167	0.9704352203421491	0.0	0.0	0.0	0.9704352203421491	0.9704352203421491	0.9704352203421491	0.002018654191294883	0.9683369357475167	0.9683369357475167	0.9683369357475167	0.0016571265310875373	0.9739378926391041	0.9739378926391041	0.9739378926391041	0.0013601466915181713	0.6384490192674902	0.8174315028254594	0.5328083347830834	0.0	0.0	0.0	0.5328083347830834	0.5328083347830834	0.5328083347830834	0.011937345286833302	0.8174315028254594	0.8174315028254594	0.8174315028254594	0.00868468463190625	0.6384490192674902	0.6384490192674902	0.6384490192674902	0.013652640144965141	0.9683369357475167	0.9704352203421491	0.8174315028254594	0.5328083347830834	5	CTCF	10000
198	CTCF	RandomForestClassifier	mono	0.9739378926391041	0.9683369357475167	0.9704352203421491	0.9739378926391041	0.9683369357475167	0.9704352203421491	0.9731319012780001	0.9723089839565536	0.9730687685539052	0.002018654191294883	0.9704126933232743	0.970360716760937	0.9712599220617342	0.0016571265310875373	0.9812252156662494	0.9811409147381042	0.9812750762440898	0.0013601466915181713	0.6384490192674902	0.8174315028254594	0.5328083347830834	0.6384490192674902	0.8174315028254594	0.5328083347830834	0.5441629669622565	0.54763288050263	0.5441304317772188	0.011937345286833302	0.8229194386439241	0.8227388017699055	0.8257677471307757	0.00868468463190625	0.7570034020593828	0.7575094532933232	0.7540782849746449	0.013652640144965141	0.9683369357475167	0.9704352203421491	0.8174315028254594	0.5328083347830834	5	CTCF	10000
99	CTCF	Single best di PWM	di	0.0	0.0	0.0	0.9742005422723924	0.967085060843567	0.9758518815086938	0.9758518815086938	0.9758518815086938	0.9758518815086938	0.0014320416407708	0.967085060843567	0.967085060843567	0.967085060843567	0.0015813071849478	0.9742005422723924	0.9742005422723924	0.9742005422723924	0.001135034033208	0.0	0.0	0.0	0.6306877315626891	0.7980049649801703	0.5721113892854599	0.5721113892854599	0.5721113892854599	0.5721113892854599	0.0145511402933638	0.7980049649801703	0.7980049649801703	0.7980049649801703	0.0105685692736237	0.6306877315626891	0.6306877315626891	0.6306877315626891	0.0113448191432154	0.967085060843567	0.9758518815086938	0.7980049649801703	0.5721113892854599	5	CTCF	10000
99	CTCF	RandomForestClassifier	di	0.9742005422723924	0.967085060843567	0.9758518815086938	0.9742005422723924	0.967085060843567	0.9758518815086938	0.9782751247645584	0.9784954859568746	0.978403805133534	0.0014320416407708	0.97574615798371	0.9758570235974282	0.9763344359748788	0.0015813071849478	0.98442546511155	0.9845323080219444	0.9850196603309838	0.001135034033208	0.6306877315626891	0.7980049649801703	0.5721113892854599	0.6306877315626891	0.7980049649801703	0.5721113892854599	0.5903152243901452	0.5850129744255244	0.5801894397693108	0.0145511402933638	0.842576546425505	0.8403629541318389	0.8422816426971368	0.0105685692736237	0.7787446457545827	0.7792853739523211	0.7850523282677515	0.0113448191432154	0.967085060843567	0.9758518815086938	0.7980049649801703	0.5721113892854599	5	CTCF	10000
198	CTCF	RandomForestClassifier	mono+di	0.0	0.9683369357475167	0.9758518815086938	0.0	0.9683369357475167	0.9758518815086938	0.9785000996248502	0.9781743769607152	0.9779782758876862	0.0013506420796981	0.975913528088632	0.9759477988393728	0.9764001835453008	0.0015851717008084	0.9848849246015428	0.984630301199358	0.9849682225719818	0.0012866731693768	0.0	0.8174315028254594	0.5721113892854599	0.0	0.8174315028254594	0.5721113892854599	0.5937109509030047	0.5903544458460672	0.587667727811824	0.012703715269921	0.8443233651609332	0.8423746161588649	0.8431280252033058	0.0095554163995837	0.7833257275314666	0.7862845659049355	0.7897051541128247	0.0122303143080129	0.9683369357475167	0.9758518815086938	0.8174315028254594	0.5721113892854599	5	CTCF	10000
198	CTCF	Single best mono PWM	mono	0.9739378926391041	0.9683369357475167	0.9612836881430862	0.0	0.0	0.0	0.9612836881430862	0.9612836881430862	0.9612836881430862	0.002530594604307102	0.9683369357475167	0.9683369357475167	0.9683369357475167	0.001541938044319464	0.9739378926391041	0.9739378926391041	0.9739378926391041	0.0016103689298205392	0.6384490192674902	0.8174315028254594	0.5345799307215254	0.0	0.0	0.0	0.5345799307215254	0.5345799307215254	0.5345799307215254	0.007222399041480986	0.8174315028254594	0.8174315028254594	0.8174315028254594	0.012745480735421519	0.6384490192674902	0.6384490192674902	0.6384490192674902	0.023952976400077354	0.9683369357475167	0.9612836881430862	0.8174315028254594	0.5345799307215254	5	CTCF	10000
198	CTCF	LogisticRegression	mono	0.9739378926391041	0.9683369357475167	0.9612836881430862	0.9739378926391041	0.9683369357475167	0.9612836881430862	0.9644862458554505	0.9664927959955539	0.9673051207594614	0.002530594604307102	0.9716823406960337	0.9717311512850939	0.9726989710415752	0.001541938044319464	0.9779675427378429	0.9778761502333084	0.9776808962182758	0.0016103689298205392	0.6384490192674902	0.8174315028254594	0.5345799307215254	0.6384490192674902	0.8174315028254594	0.5345799307215254	0.5145244508912503	0.5237322369794456	0.5271305252215994	0.007222399041480986	0.8273772184693431	0.8274081465343703	0.8303549472183789	0.012745480735421519	0.664324086295538	0.6647981615033273	0.662577344979256	0.023952976400077354	0.9683369357475167	0.9612836881430862	0.8174315028254594	0.5345799307215254	5	CTCF	10000
99	CTCF	Single best di PWM	di	0.0	0.0	0.0	0.9742005422723924	0.967085060843567	0.9758518815086938	0.9758518815086938	0.9758518815086938	0.9758518815086938	0.0014286059078257	0.967085060843567	0.967085060843567	0.967085060843567	0.0012046212995152	0.9742005422723924	0.9742005422723924	0.9742005422723924	0.001587245640804	0.0	0.0	0.0	0.6306877315626891	0.7980049649801703	0.5721113892854599	0.5721113892854599	0.5721113892854599	0.5721113892854599	0.0081158299649207	0.7980049649801703	0.7980049649801703	0.7980049649801703	0.0100756855265907	0.6306877315626891	0.6306877315626891	0.6306877315626891	0.0186367200369204	0.967085060843567	0.9758518815086938	0.7980049649801703	0.5721113892854599	5	CTCF	10000
99	CTCF	LogisticRegression	di	0.9742005422723924	0.967085060843567	0.9758518815086938	0.9742005422723924	0.967085060843567	0.9758518815086938	0.9801958495353432	0.9801701386070304	0.980847559456585	0.0014286059078257	0.97656621959568	0.9765653544740592	0.9774134668535904	0.0012046212995152	0.9813886436863676	0.9813956907726464	0.9810873863985856	0.001587245640804	0.6306877315626891	0.7980049649801703	0.5721113892854599	0.6306877315626891	0.7980049649801703	0.5721113892854599	0.598488972421079	0.5986971505547262	0.6001224942302706	0.0081158299649207	0.8457828831297297	0.8458722289484449	0.8498066195270365	0.0100756855265907	0.687036481849204	0.6876848819802472	0.6892729409806533	0.0186367200369204	0.967085060843567	0.9758518815086938	0.7980049649801703	0.5721113892854599	5	CTCF	10000
198	CTCF	LogisticRegression	mono+di	0.0	0.9683369357475167	0.9758518815086938	0.0	0.9683369357475167	0.9758518815086938	0.9769727606979968	0.9771580361986286	0.9775500530807044	0.0011335430301032	0.976454201070176	0.9764705064185504	0.9771833193318288	0.0012070965963299	0.9827002964422412	0.9826642946749984	0.9826460318730346	0.0014716506925218	0.0	0.8174315028254594	0.5721113892854599	0.0	0.8174315028254594	0.5721113892854599	0.5827430653052552	0.5862245703918616	0.5882323673767078	0.0074949860334601	0.8444250674665912	0.844649602518122	0.8488379156402502	0.009707063956897	0.7029788236068895	0.7031687682168692	0.7045565476109859	0.0196944689225079	0.9683369357475167	0.9758518815086938	0.8174315028254594	0.5721113892854599	5	CTCF	10000
198	CTCF	Single best mono PWM	mono	0.973937892639104	0.9683369357475168	0.9742418385454772	0.0	0.0	0.0	0.9742418385454772	0.9742418385454772	0.9742418385454772	0.0030720643420558	0.9683369357475168	0.9683369357475168	0.9683369357475168	0.0017689308683965	0.973937892639104	0.973937892639104	0.973937892639104	0.0013174098317332	0.6384490192674902	0.8174315028254594	0.5296826452758987	0.0	0.0	0.0	0.5296826452758987	0.5296826452758987	0.5296826452758987	0.0319985123556454	0.8174315028254594	0.8174315028254594	0.8174315028254594	0.0100673936115493	0.6384490192674902	0.6384490192674902	0.6384490192674902	0.0155280185762793	0.9683369357475168	0.9742418385454772	0.8174315028254594	0.5296826452758987	5	CTCF	10000
198	CTCF	XGBClassifier	mono	0.973937892639104	0.9683369357475168	0.9742418385454772	0.973937892639104	0.9683369357475168	0.9742418385454772	0.9666397059510282	0.9645952245972296	0.9636920320463268	0.0030720643420558	0.969541469326739	0.969887549276547	0.970162252057879	0.0017689308683965	0.9902114064738284	0.9895908306905468	0.9901725019140576	0.0013174098317332	0.6384490192674902	0.8174315028254594	0.5296826452758987	0.6384490192674902	0.8174315028254594	0.5296826452758987	0.431399255453956	0.4201696283382929	0.412977165936336	0.0319985123556454	0.8068417045380819	0.81166210355994	0.8134873757749285	0.0100673936115493	0.8527856754734923	0.849060091642947	0.8497973890353686	0.0155280185762793	0.9683369357475168	0.9742418385454772	0.8174315028254594	0.5296826452758987	5	CTCF	10000
99	CTCF	Single best di PWM	di	0.0	0.0	0.0	0.9742005422723924	0.967085060843567	0.9758518815086938	0.9758518815086938	0.9758518815086938	0.9758518815086938	0.0016111388273922	0.967085060843567	0.967085060843567	0.967085060843567	0.0015157683296603	0.9742005422723924	0.9742005422723924	0.9742005422723924	0.0009200167835234	0.0	0.0	0.0	0.6306877315626891	0.7980049649801703	0.5721113892854599	0.5721113892854599	0.5721113892854599	0.5721113892854599	0.011419391680365	0.7980049649801703	0.7980049649801703	0.7980049649801703	0.0175847216168651	0.6306877315626891	0.6306877315626891	0.6306877315626891	0.0159177813334645	0.967085060843567	0.9758518815086938	0.7980049649801703	0.5721113892854599	5	CTCF	10000
99	CTCF	XGBClassifier	di	0.9742005422723924	0.967085060843567	0.9758518815086938	0.9742005422723924	0.967085060843567	0.9758518815086938	0.9778586734328544	0.9779155327549024	0.9784361307133292	0.0016111388273922	0.974293123489389	0.9750922517842738	0.9748402031957648	0.0015157683296603	0.9913085895946966	0.9909370600090786	0.9911586341261446	0.0009200167835234	0.6306877315626891	0.7980049649801703	0.5721113892854599	0.6306877315626891	0.7980049649801703	0.5721113892854599	0.5631099483734651	0.5673344762848987	0.5612117452127874	0.011419391680365	0.8376416451134643	0.8327831443280617	0.8364534388087125	0.0175847216168651	0.8604615620580215	0.8644099708262195	0.867300171638112	0.0159177813334645	0.967085060843567	0.9758518815086938	0.7980049649801703	0.5721113892854599	5	CTCF	10000
198	CTCF	XGBClassifier	mono+di	0.0	0.9683369357475167	0.9758518815086938	0.0	0.9683369357475168	0.9758518815086938	0.9761072925390328	0.9748231902542194	0.97573646234487	0.0020136780037265	0.975974721628456	0.9755322349300558	0.9768518556566882	0.0017240960815591	0.9921487907325648	0.9918582835107572	0.9921621432148156	0.0009396930761355	0.0	0.8174315028254594	0.5721113892854599	0.0	0.8174315028254594	0.5721113892854599	0.5355468329774199	0.5135074563970666	0.5211947162480455	0.0166362966795602	0.8332742793381311	0.8324122224967958	0.830551097073797	0.0164879468747617	0.8855528403145609	0.8753789766886376	0.8773260925172595	0.0164917056132856	0.9683369357475168	0.9758518815086938	0.8174315028254594	0.5721113892854599	5	CTCF	10000
198	CTCF	Single best mono PWM	mono	0.9739378926391041	0.9683369357475167	0.9709024815927523	0.0	0.0	0.0	0.9709024815927523	0.9709024815927523	0.9709024815927523	0.002816351108266793	0.9683369357475167	0.9683369357475167	0.9683369357475167	0.0014934254105096875	0.9739378926391041	0.9739378926391041	0.9739378926391041	0.0013508979569083872	0.6384490192674902	0.8174315028254594	0.5552221619503547	0.0	0.0	0.0	0.5552221619503547	0.5552221619503547	0.5552221619503547	0.02625585059765039	0.8174315028254594	0.8174315028254594	0.8174315028254594	0.00995993860690265	0.6384490192674902	0.6384490192674902	0.6384490192674902	0.0157594010998571	0.9683369357475167	0.9709024815927523	0.8174315028254594	0.5552221619503547	5	CTCF	10000
198	CTCF	BaggingClassifier_XGBClassifier	mono	0.9739378926391041	0.9683369357475167	0.9709024815927523	0.9739378926391041	0.9683369357475167	0.9709024815927523	0.9666863022057566	0.9670131316615552	0.9671474589356304	0.002816351108266793	0.9710922251561256	0.9712999375524765	0.9722409990891221	0.0014934254105096875	0.9920527332788048	0.9916822226404152	0.9920219217820521	0.0013508979569083872	0.6384490192674902	0.8174315028254594	0.5552221619503547	0.6384490192674902	0.8174315028254594	0.5552221619503547	0.4588818215329623	0.47283060666809634	0.4790387088880932	0.02625585059765039	0.8155731705853766	0.8183233843150334	0.8190507191328968	0.00995993860690265	0.8669920011839785	0.8648592227984436	0.868666407221465	0.0157594010998571	0.9683369357475167	0.9709024815927523	0.8174315028254594	0.5552221619503547	5	CTCF	10000
99	CTCF	Single best di PWM	di	0.0	0.0	0.0	0.9742005422723924	0.967085060843567	0.9758518815086938	0.9758518815086938	0.9758518815086938	0.9758518815086938	0.0013879031567986	0.967085060843567	0.967085060843567	0.967085060843567	0.0012467533144702	0.9742005422723924	0.9742005422723924	0.9742005422723924	0.0009492122814981	0.0	0.0	0.0	0.6306877315626891	0.7980049649801703	0.5721113892854599	0.5721113892854599	0.5721113892854599	0.5721113892854599	0.0112875478897658	0.7980049649801703	0.7980049649801703	0.7980049649801703	0.0125965376352009	0.6306877315626891	0.6306877315626891	0.6306877315626891	0.0143681574578393	0.967085060843567	0.9758518815086938	0.7980049649801703	0.5721113892854599	5	CTCF	10000
99	CTCF	BaggingClassifier_XGBClassifier	di	0.9742005422723924	0.967085060843567	0.9758518815086938	0.9742005422723924	0.967085060843567	0.9758518815086938	0.9792156443704176	0.979040586263641	0.9797009875495516	0.0013879031567986	0.976155672213141	0.9762416560823468	0.9765584701117782	0.0012467533144702	0.9931268723084083	0.9928126955809023	0.9931488841709868	0.0009492122814981	0.6306877315626891	0.7980049649801703	0.5721113892854599	0.6306877315626891	0.7980049649801703	0.5721113892854599	0.5792044547370131	0.573136522265913	0.575998419215065	0.0112875478897658	0.839709747035155	0.8423285220550546	0.8476227718163422	0.0125965376352009	0.8829965803478934	0.8766806703523973	0.8803458356844857	0.0143681574578393	0.967085060843567	0.9758518815086938	0.7980049649801703	0.5721113892854599	5	CTCF	10000
198	CTCF	BaggingClassifier_XGBClassifier	mono+di	0.0	0.9683369357475167	0.9758518815086938	0.0	0.9683369357475167	0.9758518815086938	0.9778628732429446	0.977961555312645	0.9776735448467094	0.0013076066382917	0.9773824363971668	0.9773095594991856	0.9777846939316738	0.0011118436511561	0.9937861880962172	0.9936006690949598	0.9940469655739436	0.0010002711356862	0.0	0.8174315028254594	0.5721113892854599	0.0	0.8174315028254594	0.5721113892854599	0.5664616277931059	0.5666761592712657	0.5666037880350162	0.0096712216688939	0.8395742574125248	0.8399407871121858	0.8405123950674331	0.0099161218386457	0.8946292670215512	0.890115493288197	0.8929266724926499	0.0153440377417783	0.9683369357475167	0.9758518815086938	0.8174315028254594	0.5721113892854599	5	CTCF	10000
198	CTCF	Single best mono PWM	mono	0.9739378926391041	0.9683369357475167	0.9712395962080291	0.0	0.0	0.0	0.9712395962080291	0.9712395962080291	0.9712395962080291	0.0017097440909607956	0.9683369357475167	0.9683369357475167	0.9683369357475167	0.001522772390435855	0.9739378926391041	0.9739378926391041	0.9739378926391041	0.0016015769031725636	0.6384490192674902	0.8174315028254594	0.5615720197465216	0.0	0.0	0.0	0.5615720197465216	0.5615720197465216	0.5615720197465216	0.014257418997239504	0.8174315028254594	0.8174315028254594	0.8174315028254594	0.012699422566228582	0.6384490192674902	0.6384490192674902	0.6384490192674902	0.023680867541449893	0.9683369357475167	0.9712395962080291	0.8174315028254594	0.5615720197465216	5	CTCF	10000
198	CTCF	BaggingClassifier_LogisticRegression	mono	0.9739378926391041	0.9683369357475167	0.9712395962080291	0.9739378926391041	0.9683369357475167	0.9712395962080291	0.9697970436325711	0.9708642474363947	0.9717023852712352	0.0017097440909607956	0.9716926442851754	0.9717644204279866	0.9727458458446943	0.001522772390435855	0.9779612537337714	0.9778814804599767	0.9776533145772272	0.0016015769031725636	0.6384490192674902	0.8174315028254594	0.5615720197465216	0.6384490192674902	0.8174315028254594	0.5615720197465216	0.5346509432376163	0.5407622817873932	0.540716207987474	0.014257418997239504	0.827220628981321	0.8276148383279679	0.8303207014588396	0.012699422566228582	0.6644562086062812	0.6652597611369508	0.662873197060667	0.023680867541449893	0.9683369357475167	0.9712395962080291	0.8174315028254594	0.5615720197465216	5	CTCF	10000
99	CTCF	Single best di PWM	di	0.0	0.0	0.0	0.9742005422723924	0.967085060843567	0.9758518815086938	0.9758518815086938	0.9758518815086938	0.9758518815086938	0.0013970957251903	0.967085060843567	0.967085060843567	0.967085060843567	0.00121921983545	0.9742005422723924	0.9742005422723924	0.9742005422723924	0.001595307545145	0.0	0.0	0.0	0.6306877315626891	0.7980049649801703	0.5721113892854599	0.5721113892854599	0.5721113892854599	0.5721113892854599	0.0083054070906241	0.7980049649801703	0.7980049649801703	0.7980049649801703	0.010013212517353	0.6306877315626891	0.6306877315626891	0.6306877315626891	0.0185814055930177	0.967085060843567	0.9758518815086938	0.7980049649801703	0.5721113892854599	5	CTCF	10000
99	CTCF	BaggingClassifier_LogisticRegression	di	0.9742005422723924	0.967085060843567	0.9758518815086938	0.9742005422723924	0.967085060843567	0.9758518815086938	0.9801762561292632	0.9802022262212232	0.9808303908657848	0.0013970957251903	0.9766107799991616	0.9765802569376392	0.9774532196997712	0.00121921983545	0.9814229519049578	0.9813898586637302	0.9810673391553186	0.001595307545145	0.6306877315626891	0.7980049649801703	0.5721113892854599	0.6306877315626891	0.7980049649801703	0.5721113892854599	0.5984936273216677	0.598732760449729	0.6002495112485416	0.0083054070906241	0.8462010499343541	0.8460238030641468	0.8501145486718508	0.010013212517353	0.6873961887831814	0.6877215580861596	0.6895332625291177	0.0185814055930177	0.967085060843567	0.9758518815086938	0.7980049649801703	0.5721113892854599	5	CTCF	10000
198	CTCF	BaggingClassifier_LogisticRegression	mono+di	0.0	0.9683369357475167	0.9758518815086938	0.0	0.9683369357475167	0.9758518815086938	0.9776835189365046	0.9775732784047734	0.9779279375794602	0.0013271103180535	0.9764510813529486	0.9764755541993272	0.9771988207938596	0.0012366269326438	0.9827410003118068	0.9826934900868924	0.9826329402478734	0.0014762559809664	0.0	0.8174315028254594	0.5721113892854599	0.0	0.8174315028254594	0.5721113892854599	0.5883320101474183	0.5880656938556063	0.5897689947921357	0.0123671884277995	0.8444299816303134	0.8447466707302362	0.8493593269906223	0.0096755081113105	0.7032440403348794	0.7033159493118472	0.7044860926122066	0.0198392443547553	0.9683369357475167	0.9758518815086938	0.8174315028254594	0.5721113892854599	5	CTCF	10000
7	E2F4	Single best mono PWM	mono	0.8176400670347485	0.7528403450827513	0.8353842461041119	0.0	0.0	0.0	0.8353842461041119	0.8353842461041119	0.8353842461041119	0.004699454826810342	0.7528403450827513	0.7528403450827513	0.7528403450827513	0.019403222272642632	0.8176400670347485	0.8176400670347485	0.8176400670347485	0.00956239044715544	0.15593321684688877	0.1079416010783942	0.10828480258326649	0.0	0.0	0.0	0.10828480258326649	0.10828480258326649	0.10828480258326649	0.005220864582047359	0.1079416010783942	0.1079416010783942	0.1079416010783942	0.038872637042751124	0.15593321684688877	0.15593321684688877	0.15593321684688877	0.03305824083791574	0.7528403450827513	0.8353842461041119	0.1079416010783942	0.10828480258326649	6	E2F4	2686
7	E2F4	RandomForestClassifier	mono	0.8176400670347485	0.7528403450827513	0.8353842461041119	0.8176400670347485	0.7528403450827513	0.8353842461041119	0.837869849835348	0.8375448142989133	0.8366909404756497	0.004699454826810342	0.8314510083296067	0.8327831891611652	0.8359931324857949	0.019403222272642632	0.9080189297845027	0.9079667720123041	0.9120224226114346	0.00956239044715544	0.15593321684688877	0.1079416010783942	0.10828480258326649	0.15593321684688877	0.1079416010783942	0.10828480258326649	0.14114656237257167	0.1415035492938635	0.14106276108497276	0.005220864582047359	0.16100184803367412	0.16032493428311695	0.15158942097493183	0.038872637042751124	0.3639192713779932	0.36252606202816945	0.3749464406825273	0.03305824083791574	0.7528403450827513	0.8353842461041119	0.1079416010783942	0.10828480258326649	6	E2F4	2686
4	E2F4	Single best di PWM	di	0.0	0.0	0.0	0.8433005819238418	0.7879895841480118	0.857175019494933	0.857175019494933	0.857175019494933	0.857175019494933	0.004145912841644132	0.7879895841480118	0.7879895841480118	0.7879895841480118	0.021249113265787573	0.8433005819238418	0.8433005819238418	0.8433005819238418	0.0064302611981067025	0.0	0.0	0.0	0.18084476319291323	0.1311370267470647	0.22768721734834574	0.22768721734834574	0.22768721734834574	0.22768721734834574	0.014805325462077908	0.1311370267470647	0.1311370267470647	0.1311370267470647	0.013244174592595638	0.18084476319291323	0.18084476319291323	0.18084476319291323	0.03473853968767798	0.7879895841480118	0.857175019494933	0.1311370267470647	0.22768721734834574	6	E2F4	2686
4	E2F4	RandomForestClassifier	di	0.8433005819238418	0.7879895841480118	0.857175019494933	0.8433005819238418	0.7879895841480118	0.857175019494933	0.8941833641112371	0.8937825101089641	0.8923484170626129	0.004145912841644132	0.8324245699667577	0.832362609077735	0.8382690185177615	0.021249113265787573	0.9069544877259813	0.9063346726953968	0.9065483812834592	0.0064302611981067025	0.18084476319291323	0.1311370267470647	0.22768721734834574	0.18084476319291323	0.1311370267470647	0.22768721734834574	0.2543791421985967	0.2554549622561031	0.25535491150025197	0.014805325462077908	0.13590225488750704	0.1439541920419019	0.1479180609103741	0.013244174592595638	0.33606767061942033	0.333462534775281	0.3293893624428292	0.03473853968767798	0.7879895841480118	0.857175019494933	0.1311370267470647	0.22768721734834574	6	E2F4	2686
7	E2F4	RandomForestClassifier	mono+di	0.0	0.7879895841480118	0.857175019494933	0.0	0.7879895841480118	0.857175019494933	0.8674487559582127	0.8642174173632647	0.8644895798206127	0.004458582681224113	0.8438065052617365	0.8435956724904285	0.8487828557413237	0.019433960652074058	0.9161363733202184	0.9160979755891988	0.9197170598134151	0.009225761790575175	0.0	0.1311370267470647	0.22768721734834574	0.0	0.1311370267470647	0.22768721734834574	0.18602419029532524	0.17932169177540272	0.17822413798255932	0.011606574659819395	0.1660918614675668	0.16596019545009205	0.1502843905361802	0.029972490725287987	0.3800595641307862	0.37782105350948986	0.3949321358458711	0.0376579544336101	0.7879895841480118	0.857175019494933	0.1311370267470647	0.22768721734834574	6	E2F4	2686
7	E2F4	Single best mono PWM	mono	0.8176400670347485	0.7528403450827513	0.8331353278796187	0.0	0.0	0.0	0.8331353278796187	0.8331353278796187	0.8331353278796187	0.005499974198093842	0.7528403450827513	0.7528403450827513	0.7528403450827513	0.01666318676754023	0.8176400670347485	0.8176400670347485	0.8176400670347485	0.0033125720680515715	0.15593321684688877	0.1079416010783942	0.15841354380527195	0.0	0.0	0.0	0.15841354380527195	0.15841354380527195	0.15841354380527195	0.004700401783072374	0.1079416010783942	0.1079416010783942	0.1079416010783942	0.014706307223730557	0.15593321684688877	0.15593321684688877	0.15593321684688877	0.008330926229196012	0.7528403450827513	0.8331353278796187	0.1079416010783942	0.15841354380527195	6	E2F4	2686
7	E2F4	LogisticRegression	mono	0.8176400670347485	0.7528403450827513	0.8331353278796187	0.8176400670347485	0.7528403450827513	0.8331353278796187	0.7669563810309246	0.7738339156818987	0.772634579112381	0.005499974198093842	0.8382033139949558	0.8380972958589047	0.8379358623226915	0.01666318676754023	0.8907109896750147	0.8905399973203362	0.8908855550553063	0.0033125720680515715	0.15593321684688877	0.1079416010783942	0.15841354380527195	0.15593321684688877	0.1079416010783942	0.15841354380527195	0.11029289641002911	0.11418771478646568	0.11480852484044009	0.004700401783072374	0.13865398073945856	0.13985267683866973	0.13558162166596993	0.014706307223730557	0.19495372587043713	0.1961607991052623	0.19453307126387515	0.008330926229196012	0.7528403450827513	0.8331353278796187	0.1079416010783942	0.15841354380527195	6	E2F4	2686
4	E2F4	Single best di PWM	di	0.0	0.0	0.0	0.8433005819238418	0.7879895841480118	0.857175019494933	0.857175019494933	0.857175019494933	0.857175019494933	0.0042725947600960185	0.7879895841480118	0.7879895841480118	0.7879895841480118	0.014335991902600298	0.8433005819238418	0.8433005819238418	0.8433005819238418	0.00320696760444037	0.0	0.0	0.0	0.18084476319291323	0.1311370267470647	0.22768721734834574	0.22768721734834574	0.22768721734834574	0.22768721734834574	0.018797206377953596	0.1311370267470647	0.1311370267470647	0.1311370267470647	0.008765956827027908	0.18084476319291323	0.18084476319291323	0.18084476319291323	0.006331899678747251	0.7879895841480118	0.857175019494933	0.1311370267470647	0.22768721734834574	6	E2F4	2686
4	E2F4	LogisticRegression	di	0.8433005819238418	0.7879895841480118	0.857175019494933	0.8433005819238418	0.7879895841480118	0.857175019494933	0.8975480776116531	0.897584280658103	0.8967590586542853	0.0042725947600960185	0.8261930318337902	0.8262237294125164	0.8295047622940767	0.014335991902600298	0.8828093168110388	0.8828650678386766	0.8832724884614627	0.00320696760444037	0.18084476319291323	0.1311370267470647	0.22768721734834574	0.18084476319291323	0.1311370267470647	0.22768721734834574	0.25629388534105074	0.25721293754076585	0.24973489121011436	0.018797206377953596	0.1289999010950882	0.13232635449183303	0.13187574370280566	0.008765956827027908	0.1845603439954818	0.18610019871661745	0.18549969878110292	0.006331899678747251	0.7879895841480118	0.857175019494933	0.1311370267470647	0.22768721734834574	6	E2F4	2686
7	E2F4	LogisticRegression	mono+di	0.0	0.7879895841480118	0.857175019494933	0.0	0.7879895841480118	0.857175019494933	0.8143655371890282	0.8192729659567078	0.8209137552901993	0.006673538007043884	0.8512388794302632	0.8511246391177026	0.8519234895625785	0.013485078805125993	0.8996938115308188	0.8996416252367707	0.8989526132695638	0.0023821772933380037	0.0	0.1311370267470647	0.22768721734834574	0.0	0.1311370267470647	0.22768721734834574	0.11116667202298836	0.11543491119417705	0.11379395366328936	0.00400174644370158	0.1470919166400615	0.1510829596923338	0.15293701717457567	0.013940862803806126	0.218105343927231	0.2190435509691619	0.21634396367701614	0.007335717463251649	0.7879895841480118	0.857175019494933	0.1311370267470647	0.22768721734834574	6	E2F4	2686
7	E2F4	Single best mono PWM	mono	0.8176400670347485	0.7528403450827513	0.8331353278796187	0.0	0.0	0.0	0.8331353278796187	0.8331353278796187	0.8331353278796187	0.0065915981093069	0.7528403450827513	0.7528403450827513	0.7528403450827513	0.0159018289099298	0.8176400670347485	0.8176400670347485	0.8176400670347485	0.0100781325292691	0.1559332168468887	0.1079416010783942	0.1050309448375394	0.0	0.0	0.0	0.1050309448375394	0.1050309448375394	0.1050309448375394	0.0112832312889991	0.1079416010783942	0.1079416010783942	0.1079416010783942	0.0408322015079115	0.1559332168468887	0.1559332168468887	0.1559332168468887	0.0555077089305495	0.7528403450827513	0.8331353278796187	0.1079416010783942	0.1050309448375394	6	E2F4	2686
7	E2F4	XGBClassifier	mono	0.8176400670347485	0.7528403450827513	0.8331353278796187	0.8176400670347485	0.7528403450827513	0.8331353278796187	0.8266004064013622	0.8228706211276509	0.8207307562951498	0.0065915981093069	0.8455136952878665	0.8436023655514057	0.843420286301076	0.0159018289099298	0.939987517910963	0.9400385367619656	0.9414609261591173	0.0100781325292691	0.1559332168468887	0.1079416010783942	0.1050309448375394	0.1559332168468887	0.1079416010783942	0.1050309448375394	0.1089302539378178	0.1085867996331406	0.106017857632156	0.0112832312889991	0.1479092286300656	0.1505151906345322	0.1461406412654219	0.0408322015079115	0.4364428239656786	0.4348752719590979	0.452953940162179	0.0555077089305495	0.7528403450827513	0.8331353278796187	0.1079416010783942	0.1050309448375394	6	E2F4	2686
4	E2F4	Single best di PWM	di	0.0	0.0	0.0	0.8433005819238418	0.7879895841480118	0.857175019494933	0.857175019494933	0.857175019494933	0.857175019494933	0.0033943134459461	0.7879895841480118	0.7879895841480118	0.7879895841480118	0.0199740345020189	0.8433005819238418	0.8433005819238418	0.8433005819238418	0.00723174394782	0.0	0.0	0.0	0.1808447631929132	0.1311370267470647	0.2276872173483457	0.2276872173483457	0.2276872173483457	0.2276872173483457	0.0135559177256765	0.1311370267470647	0.1311370267470647	0.1311370267470647	0.0155482480117749	0.1808447631929132	0.1808447631929132	0.1808447631929132	0.0410805217173823	0.7879895841480118	0.857175019494933	0.1311370267470647	0.2276872173483457	6	E2F4	2686
4	E2F4	XGBClassifier	di	0.8433005819238418	0.7879895841480118	0.857175019494933	0.8433005819238418	0.7879895841480118	0.857175019494933	0.8906693267093037	0.8895382233575323	0.8889201132372573	0.0033943134459461	0.8285219259633594	0.8267477171038842	0.8302640722724114	0.0199740345020189	0.9268321426021424	0.9270432785427972	0.9288690080794364	0.00723174394782	0.1808447631929132	0.1311370267470647	0.2276872173483457	0.1808447631929132	0.1311370267470647	0.2276872173483457	0.2437994403712826	0.2403029351937529	0.2371349008968997	0.0135559177256765	0.1198354394758246	0.1247260169866206	0.1153767383589166	0.0155482480117749	0.3894488415137019	0.3835377253212592	0.3933552927827743	0.0410805217173823	0.7879895841480118	0.857175019494933	0.1311370267470647	0.2276872173483457	6	E2F4	2686
7	E2F4	XGBClassifier	mono+di	0.0	0.7879895841480118	0.857175019494933	0.0	0.7879895841480118	0.857175019494933	0.8402456760256287	0.850347481731867	0.8483586417429319	0.0073835078697972	0.8475517283215318	0.8499367472329916	0.8513898540653231	0.0226929891538194	0.950711390641414	0.9493426375129456	0.9508980052071322	0.0086751273722229	0.0	0.1311370267470647	0.2276872173483457	0.0	0.1311370267470647	0.2276872173483457	0.1302743937636796	0.1267878740533899	0.1247075612156463	0.0171899503548791	0.1594109103402773	0.1453033368173679	0.1488466465177995	0.0262656471070565	0.4843542277297961	0.4707408544298976	0.4840587921025749	0.0602527253332115	0.7879895841480118	0.857175019494933	0.1311370267470647	0.2276872173483457	6	E2F4	2686
7	E2F4	Single best mono PWM	mono	0.8176400670347485	0.7528403450827513	0.7925883611128695	0.0	0.0	0.0	0.7925883611128695	0.7925883611128695	0.7925883611128695	0.007530464553882902	0.7528403450827513	0.7528403450827513	0.7528403450827513	0.014891414793354332	0.8176400670347485	0.8176400670347485	0.8176400670347485	0.01064910888549377	0.15593321684688877	0.1079416010783942	0.10828480258326649	0.0	0.0	0.0	0.10828480258326649	0.10828480258326649	0.10828480258326649	0.004079135108187406	0.1079416010783942	0.1079416010783942	0.1079416010783942	0.038087984348658344	0.15593321684688877	0.15593321684688877	0.15593321684688877	0.058835436559358786	0.7528403450827513	0.7925883611128695	0.1079416010783942	0.10828480258326649	6	E2F4	2686
7	E2F4	BaggingClassifier_XGBClassifier	mono	0.8176400670347485	0.7528403450827513	0.7925883611128695	0.8176400670347485	0.7528403450827513	0.7925883611128695	0.7277078500586837	0.7397106447963091	0.7382705095709727	0.007530464553882902	0.846372575266262	0.8455652164948667	0.8411866901034215	0.014891414793354332	0.9533472265510906	0.9513606709086387	0.9555152187131157	0.01064910888549377	0.15593321684688877	0.1079416010783942	0.10828480258326649	0.15593321684688877	0.1079416010783942	0.10828480258326649	0.059441158928266645	0.06449696999198497	0.06385359350444755	0.004079135108187406	0.15887841937539446	0.1669100152136664	0.15249347806918914	0.038087984348658344	0.4542566726541541	0.4585446653146179	0.4736816374828145	0.058835436559358786	0.7528403450827513	0.7925883611128695	0.1079416010783942	0.10828480258326649	6	E2F4	2686
4	E2F4	Single best di PWM	di	0.0	0.0	0.0	0.8433005819238418	0.7879895841480118	0.857175019494933	0.857175019494933	0.857175019494933	0.857175019494933	0.003923443696927658	0.7879895841480118	0.7879895841480118	0.7879895841480118	0.01889006364295627	0.8433005819238418	0.8433005819238418	0.8433005819238418	0.008907490338076083	0.0	0.0	0.0	0.18084476319291323	0.1311370267470647	0.22768721734834574	0.22768721734834574	0.22768721734834574	0.22768721734834574	0.014239589757367749	0.1311370267470647	0.1311370267470647	0.1311370267470647	0.009229710953275527	0.18084476319291323	0.18084476319291323	0.18084476319291323	0.044433500000561066	0.7879895841480118	0.857175019494933	0.1311370267470647	0.22768721734834574	6	E2F4	2686
4	E2F4	BaggingClassifier_XGBClassifier	di	0.8433005819238418	0.7879895841480118	0.857175019494933	0.8433005819238418	0.7879895841480118	0.857175019494933	0.8929698425879519	0.8916696779809354	0.8910888126927637	0.003923443696927658	0.8302763255612173	0.8287883410855027	0.8325736827044925	0.01889006364295627	0.9399006764021777	0.9381035866771193	0.9409088966058494	0.008907490338076083	0.18084476319291323	0.1311370267470647	0.22768721734834574	0.18084476319291323	0.1311370267470647	0.22768721734834574	0.24858152456379842	0.24761341594367506	0.24684480530040157	0.014239589757367749	0.12109026504910408	0.1340522816168459	0.13663994759206252	0.009229710953275527	0.40934306799287196	0.4020973692884519	0.4144451918207103	0.044433500000561066	0.7879895841480118	0.857175019494933	0.1311370267470647	0.22768721734834574	6	E2F4	2686
7	E2F4	BaggingClassifier_XGBClassifier	mono+di	0.0	0.7879895841480118	0.857175019494933	0.0	0.7879895841480118	0.857175019494933	0.8342716871534518	0.8342558784103604	0.8306632516401771	0.009436860185870003	0.8579807405000973	0.8532453131799722	0.858403507337612	0.01611704031372521	0.9647048510452536	0.9615336249089573	0.9645114634998425	0.009104141592928347	0.0	0.1311370267470647	0.22768721734834574	0.0	0.1311370267470647	0.22768721734834574	0.13077167032297288	0.12383214868003149	0.12243193600409881	0.013473554009976355	0.16036139880112552	0.15566851407817928	0.1454577287766243	0.03129799467920658	0.5099089869119449	0.5039682502418666	0.509931479791371	0.06114718121760694	0.7879895841480118	0.857175019494933	0.1311370267470647	0.22768721734834574	6	E2F4	2686
7	E2F4	Single best mono PWM	mono	0.8176400670347485	0.7528403450827513	0.8331353278796187	0.0	0.0	0.0	0.8331353278796187	0.8331353278796187	0.8331353278796187	0.007550923603304267	0.7528403450827513	0.7528403450827513	0.7528403450827513	0.016642860566285514	0.8176400670347485	0.8176400670347485	0.8176400670347485	0.0033132687879200615	0.15593321684688877	0.1079416010783942	0.10828480258326649	0.0	0.0	0.0	0.10828480258326649	0.10828480258326649	0.10828480258326649	0.004189853784542519	0.1079416010783942	0.1079416010783942	0.1079416010783942	0.014088097500969395	0.15593321684688877	0.15593321684688877	0.15593321684688877	0.0082065597357408	0.7528403450827513	0.8331353278796187	0.1079416010783942	0.10828480258326649	6	E2F4	2686
7	E2F4	BaggingClassifier_LogisticRegression	mono	0.8176400670347485	0.7528403450827513	0.8331353278796187	0.8176400670347485	0.7528403450827513	0.8331353278796187	0.7721160806971641	0.7774093296870223	0.7773086169075587	0.007550923603304267	0.8384398631941813	0.838238688921237	0.8379522135469892	0.016642860566285514	0.8907499118049783	0.8905684128457	0.8908781743278618	0.0033132687879200615	0.15593321684688877	0.1079416010783942	0.10828480258326649	0.15593321684688877	0.1079416010783942	0.10828480258326649	0.08718993115312972	0.09152348059408608	0.08962872949875551	0.004189853784542519	0.13868402911367558	0.13961091209381765	0.13645791851834665	0.014088097500969395	0.19489375194376982	0.19602418370731245	0.19494416029793332	0.0082065597357408	0.7528403450827513	0.8331353278796187	0.1079416010783942	0.10828480258326649	6	E2F4	2686
4	E2F4	Single best di PWM	di	0.0	0.0	0.0	0.8433005819238418	0.7879895841480118	0.857175019494933	0.857175019494933	0.857175019494933	0.857175019494933	0.004235983920669873	0.7879895841480118	0.7879895841480118	0.7879895841480118	0.01443159610890842	0.8433005819238418	0.8433005819238418	0.8433005819238418	0.003192673010610755	0.0	0.0	0.0	0.18084476319291323	0.1311370267470647	0.22768721734834574	0.22768721734834574	0.22768721734834574	0.22768721734834574	0.01882583749780711	0.1311370267470647	0.1311370267470647	0.1311370267470647	0.008753123913865197	0.18084476319291323	0.18084476319291323	0.18084476319291323	0.006314542220604375	0.7879895841480118	0.857175019494933	0.1311370267470647	0.22768721734834574	6	E2F4	2686
4	E2F4	BaggingClassifier_LogisticRegression	di	0.8433005819238418	0.7879895841480118	0.857175019494933	0.8433005819238418	0.7879895841480118	0.857175019494933	0.8975775497226951	0.8975908005314123	0.8967310327281133	0.004235983920669873	0.8262485970819304	0.8264064964389146	0.8294679720394065	0.01443159610890842	0.8828351937152586	0.882959176931301	0.8834899123907651	0.003192673010610755	0.18084476319291323	0.1311370267470647	0.22768721734834574	0.18084476319291323	0.1311370267470647	0.22768721734834574	0.25633728721558713	0.2570655868294729	0.24942331929962544	0.01882583749780711	0.12902785736745617	0.132403593617181	0.13151618183086217	0.008753123913865197	0.18459428810356895	0.1857889661616727	0.1852125220543187	0.006314542220604375	0.7879895841480118	0.857175019494933	0.1311370267470647	0.22768721734834574	6	E2F4	2686
7	E2F4	BaggingClassifier_LogisticRegression	mono+di	0.0	0.7879895841480118	0.857175019494933	0.0	0.7879895841480118	0.857175019494933	0.8753465000316638	0.8791209184452003	0.8790666424696854	0.005084577422422281	0.8512956144731011	0.8513022758902137	0.8524844434907888	0.013778533007870875	0.8997164349796053	0.8996015207492905	0.8990156569831523	0.002336886659031864	0.0	0.1311370267470647	0.22768721734834574	0.0	0.1311370267470647	0.22768721734834574	0.2265880436477989	0.23000645444235962	0.22752101399345234	0.018534720817284436	0.14758028310397567	0.1513133196220722	0.1535276366502045	0.014241574118854213	0.21808500524733346	0.2189043241241995	0.21682331331856042	0.007270536245739688	0.7879895841480118	0.857175019494933	0.1311370267470647	0.22768721734834574	6	E2F4	2686
37	ERG	Single best mono PWM	mono	0.7544202662402125	0.7588901941025061	0.8599716638487452	0.0	0.0	0.0	0.8599716638487452	0.8599716638487452	0.8599716638487452	0.011352861058498682	0.7588901941025061	0.7588901941025061	0.7588901941025061	0.01329842214537664	0.7544202662402125	0.7544202662402125	0.7544202662402125	0.009775449898497027	0.08870054342771122	0.07228940554092102	0.0560456389885867	0.0	0.0	0.0	0.0560456389885867	0.0560456389885867	0.0560456389885867	0.008573733232974712	0.07228940554092102	0.07228940554092102	0.07228940554092102	0.00692000706356894	0.08870054342771122	0.08870054342771122	0.08870054342771122	0.015029485461346973	0.7588901941025061	0.8599716638487452	0.07228940554092102	0.0560456389885867	7	ERG	6048
37	ERG	RandomForestClassifier	mono	0.7544202662402125	0.7588901941025061	0.8599716638487452	0.7544202662402125	0.7588901941025061	0.8599716638487452	0.8296503005427123	0.8262833772806574	0.8249832275774833	0.011352861058498682	0.7670228067346295	0.767620615347427	0.7703806708531643	0.01329842214537664	0.803600008137365	0.8034838410218667	0.804930991013495	0.009775449898497027	0.08870054342771122	0.07228940554092102	0.0560456389885867	0.08870054342771122	0.07228940554092102	0.0560456389885867	0.13018533544009064	0.13500704397823313	0.13407903951756867	0.008573733232974712	0.0820273017217577	0.0798583047094179	0.0802515435696844	0.00692000706356894	0.15859756989159346	0.1604840542328032	0.16447885533551448	0.015029485461346973	0.7588901941025061	0.8599716638487452	0.07228940554092102	0.0560456389885867	7	ERG	6048
17	ERG	Single best di PWM	di	0.0	0.0	0.0	0.7346704367187895	0.7272993395824205	0.8453846309881484	0.8453846309881484	0.8453846309881484	0.8453846309881484	0.008962471087978484	0.7272993395824205	0.7272993395824205	0.7272993395824205	0.015138415622517455	0.7346704367187895	0.7346704367187895	0.7346704367187895	0.010931656746080145	0.0	0.0	0.0	0.0653954504290565	0.05028818613755907	0.16253815032712665	0.16253815032712665	0.16253815032712665	0.16253815032712665	0.0024867679307848172	0.05028818613755907	0.05028818613755907	0.05028818613755907	0.009388817602583024	0.0653954504290565	0.0653954504290565	0.0653954504290565	0.01790684184296266	0.7272993395824205	0.8453846309881484	0.05028818613755907	0.16253815032712665	7	ERG	6048
17	ERG	RandomForestClassifier	di	0.7346704367187895	0.7272993395824205	0.8453846309881484	0.7346704367187895	0.7272993395824205	0.8453846309881484	0.7905490705910877	0.7897776393045232	0.7872159120695876	0.008962471087978484	0.7663917415938075	0.76571847171094	0.7694886010675485	0.015138415622517455	0.8024030353308456	0.803023921549346	0.8081053569438781	0.010931656746080145	0.0653954504290565	0.05028818613755907	0.16253815032712665	0.0653954504290565	0.05028818613755907	0.16253815032712665	0.07197044728575437	0.07200156443209547	0.07059295445080964	0.0024867679307848172	0.08287593428705237	0.08396472523031422	0.088702127765549	0.009388817602583024	0.167669815612553	0.16582739228579177	0.17171517591285357	0.01790684184296266	0.7272993395824205	0.8453846309881484	0.05028818613755907	0.16253815032712665	7	ERG	6048
37	ERG	RandomForestClassifier	mono+di	0.0	0.7588901941025061	0.8453846309881484	0.0	0.7588901941025061	0.8599716638487452	0.8303097637640003	0.821044114805841	0.8187169191139352	0.005668119448985376	0.7681327272919454	0.7682994759736219	0.7714628451470558	0.014066260202114768	0.807466836333069	0.807686888056014	0.808985533000518	0.009842391219275043	0.0	0.07228940554092102	0.16253815032712665	0.0	0.07228940554092102	0.16253815032712665	0.1245067771839364	0.12415724049642483	0.12488022158938063	0.013921918947039388	0.08412161325866553	0.08401676742578569	0.08741181094592801	0.007247276635603815	0.17016194743463012	0.17233632908841248	0.182004517544002	0.016848763299130303	0.7588901941025061	0.8599716638487452	0.07228940554092102	0.16253815032712665	7	ERG	6048
37	ERG	Single best mono PWM	mono	0.7544202662402125	0.7588901941025061	0.8264412818079537	0.0	0.0	0.0	0.8264412818079537	0.8264412818079537	0.8264412818079537	0.01217035858049671	0.7588901941025061	0.7588901941025061	0.7588901941025061	0.013751488595960041	0.7544202662402125	0.7544202662402125	0.7544202662402125	0.006106676117973592	0.08870054342771122	0.07228940554092102	0.03716775540858853	0.0	0.0	0.0	0.03716775540858853	0.03716775540858853	0.03716775540858853	0.005321323935795346	0.07228940554092102	0.07228940554092102	0.07228940554092102	0.010421227023389797	0.08870054342771122	0.08870054342771122	0.08870054342771122	0.006978075962327847	0.7588901941025061	0.8264412818079537	0.07228940554092102	0.03716775540858853	7	ERG	6048
37	ERG	LogisticRegression	mono	0.7544202662402125	0.7588901941025061	0.8264412818079537	0.7544202662402125	0.7588901941025061	0.8264412818079537	0.7575747707505233	0.7556244926032899	0.7565312071908292	0.01217035858049671	0.7721092980242614	0.7720594073297679	0.7715300056468077	0.013751488595960041	0.7734781749155495	0.773368179799524	0.7751588885766448	0.006106676117973592	0.08870054342771122	0.07228940554092102	0.03716775540858853	0.08870054342771122	0.07228940554092102	0.03716775540858853	0.07217766125274325	0.07138002005446256	0.06886995419005029	0.005321323935795346	0.08164638266973025	0.08346461600437086	0.08266500610114981	0.010421227023389797	0.10169961604007742	0.10250824078819687	0.10421870261178122	0.006978075962327847	0.7588901941025061	0.8264412818079537	0.07228940554092102	0.03716775540858853	7	ERG	6048
17	ERG	Single best di PWM	di	0.0	0.0	0.0	0.7346704367187895	0.7272993395824205	0.8453846309881484	0.8453846309881484	0.8453846309881484	0.8453846309881484	0.009287285111046399	0.7272993395824205	0.7272993395824205	0.7272993395824205	0.01523794496572705	0.7346704367187895	0.7346704367187895	0.7346704367187895	0.00869768716034856	0.0	0.0	0.0	0.0653954504290565	0.05028818613755907	0.16253815032712665	0.16253815032712665	0.16253815032712665	0.16253815032712665	0.002773304316646794	0.05028818613755907	0.05028818613755907	0.05028818613755907	0.010728856534297707	0.0653954504290565	0.0653954504290565	0.0653954504290565	0.006882868092376224	0.7272993395824205	0.8453846309881484	0.05028818613755907	0.16253815032712665	7	ERG	6048
17	ERG	LogisticRegression	di	0.7346704367187895	0.7272993395824205	0.8453846309881484	0.7346704367187895	0.7272993395824205	0.8453846309881484	0.7692573276255149	0.7692567881221901	0.7661046361506203	0.009287285111046399	0.7668386532279329	0.7667209268833054	0.7651150019571072	0.01523794496572705	0.7725921193446875	0.7724793524523738	0.7725208093793201	0.00869768716034856	0.0653954504290565	0.05028818613755907	0.16253815032712665	0.0653954504290565	0.05028818613755907	0.16253815032712665	0.07205820462089309	0.07241306453218743	0.071859916335974	0.002773304316646794	0.0816639608562534	0.08403415036084103	0.08934119385677293	0.010728856534297707	0.10418690948960274	0.10456524610020469	0.10600187873544324	0.006882868092376224	0.7272993395824205	0.8453846309881484	0.05028818613755907	0.16253815032712665	7	ERG	6048
37	ERG	LogisticRegression	mono+di	0.0	0.7588901941025061	0.8453846309881484	0.0	0.7588901941025061	0.8453846309881484	0.8021971983146519	0.8075356652393114	0.8082282659950335	0.016011329404453482	0.7727119598813688	0.772814360594337	0.7745683166735798	0.016207324815814675	0.7777882798203969	0.7775945181138143	0.7778696172863997	0.006999693013659164	0.0	0.07228940554092102	0.16253815032712665	0.0	0.07228940554092102	0.16253815032712665	0.10880267240509296	0.1166690039544783	0.1178821393860926	0.015578910305818702	0.08942951973872107	0.09185299384887068	0.09257922254207424	0.012227354595929548	0.10865088943921633	0.10990103746542382	0.11246505760500887	0.0076021423021545576	0.7588901941025061	0.8453846309881484	0.07228940554092102	0.16253815032712665	7	ERG	6048
37	ERG	Single best mono PWM	mono	0.7544202662402125	0.7588901941025061	0.8214899195711037	0.0	0.0	0.0	0.8214899195711037	0.8214899195711037	0.8214899195711037	0.0268585177544977	0.7588901941025061	0.7588901941025061	0.7588901941025061	0.0145483473033871	0.7544202662402125	0.7544202662402125	0.7544202662402125	0.0150653549654619	0.0887005434277112	0.072289405540921	0.1873672718060514	0.0	0.0	0.0	0.1873672718060514	0.1873672718060514	0.1873672718060514	0.0384533954585778	0.072289405540921	0.072289405540921	0.072289405540921	0.011144223463498	0.0887005434277112	0.0887005434277112	0.0887005434277112	0.021984839034754	0.7588901941025061	0.8214899195711037	0.072289405540921	0.1873672718060514	7	ERG	6048
37	ERG	XGBClassifier	mono	0.7544202662402125	0.7588901941025061	0.8214899195711037	0.7544202662402125	0.7588901941025061	0.8214899195711037	0.8113836525512139	0.7935267231635779	0.8068397512634713	0.0268585177544977	0.7741342689828553	0.7753923683581405	0.7757766599871863	0.0145483473033871	0.8367939379442361	0.8347250886658875	0.8424989002582441	0.0150653549654619	0.0887005434277112	0.072289405540921	0.1873672718060514	0.0887005434277112	0.072289405540921	0.1873672718060514	0.1122012493637023	0.1248366942396827	0.117019241744974	0.0384533954585778	0.0834970012935168	0.0834962307063333	0.0827729250331001	0.011144223463498	0.2028986382857063	0.2048847126512744	0.2154960988290726	0.021984839034754	0.7588901941025061	0.8214899195711037	0.072289405540921	0.1873672718060514	7	ERG	6048
17	ERG	Single best di PWM	di	0.0	0.0	0.0	0.7346704367187895	0.7272993395824205	0.8453846309881484	0.8453846309881484	0.8453846309881484	0.8453846309881484	0.0113677042155317	0.7272993395824205	0.7272993395824205	0.7272993395824205	0.015401775721698	0.7346704367187895	0.7346704367187895	0.7346704367187895	0.015683901737607	0.0	0.0	0.0	0.0653954504290565	0.050288186137559	0.1625381503271266	0.1625381503271266	0.1625381503271266	0.1625381503271266	0.0057019877035938	0.050288186137559	0.050288186137559	0.050288186137559	0.0097159923630981	0.0653954504290565	0.0653954504290565	0.0653954504290565	0.0255590111525122	0.7272993395824205	0.8453846309881484	0.050288186137559	0.1625381503271266	7	ERG	6048
17	ERG	XGBClassifier	di	0.7346704367187895	0.7272993395824205	0.8453846309881484	0.7346704367187895	0.7272993395824205	0.8453846309881484	0.7711247585002928	0.7706375827492634	0.7722926150593776	0.0113677042155317	0.7679410685624581	0.7645622061802928	0.7601698773836044	0.015401775721698	0.8306405371348103	0.825520720868659	0.8300705051907691	0.015683901737607	0.0653954504290565	0.050288186137559	0.1625381503271266	0.0653954504290565	0.050288186137559	0.1625381503271266	0.0732732969070208	0.0726993572196668	0.0707268324867479	0.0057019877035938	0.0824172705201398	0.0789383406818346	0.0744572566303966	0.0097159923630981	0.1934769535214452	0.1925267647642591	0.2032508393806832	0.0255590111525122	0.7272993395824205	0.8453846309881484	0.050288186137559	0.1625381503271266	7	ERG	6048
37	ERG	XGBClassifier	mono+di	0.0	0.7588901941025061	0.8453846309881484	0.0	0.7588901941025061	0.8453846309881484	0.6802575004992671	0.6889622680761585	0.6994670011411818	0.0490638423776024	0.7723931365899245	0.7724895532536298	0.771025271025271	0.0186417235264415	0.8464166488613	0.8410635016737051	0.8456488338604746	0.0155526915475917	0.0	0.07228940554092102	0.1873672718060514	0.0	0.072289405540921	0.1873672718060514	0.0467572773676441	0.0500830816702066	0.047774402925657	0.0081602318404358	0.0864643905161942	0.0852339670985548	0.0849119925160419	0.0085918845907886	0.2301822609730038	0.2243949898305813	0.2317923462198576	0.0241246209528498	0.7588901941025061	0.8453846309881484	0.072289405540921	0.1873672718060514	7	ERG	6048
37	ERG	Single best mono PWM	mono	0.7544202662402125	0.7588901941025061	0.6557416870991883	0.0	0.0	0.0	0.6557416870991883	0.6557416870991883	0.6557416870991883	0.01632200176153489	0.7588901941025061	0.7588901941025061	0.7588901941025061	0.016490390116311784	0.7544202662402125	0.7544202662402125	0.7544202662402125	0.019617462101509546	0.08870054342771122	0.07228940554092102	0.0560456389885867	0.0	0.0	0.0	0.0560456389885867	0.0560456389885867	0.0560456389885867	0.020174798705891613	0.07228940554092102	0.07228940554092102	0.07228940554092102	0.0073856362752182355	0.08870054342771122	0.08870054342771122	0.08870054342771122	0.02442535141086286	0.7588901941025061	0.6557416870991883	0.07228940554092102	0.0560456389885867	7	ERG	6048
37	ERG	BaggingClassifier_XGBClassifier	mono	0.7544202662402125	0.7588901941025061	0.6557416870991883	0.7544202662402125	0.7588901941025061	0.6557416870991883	0.7685121811970604	0.7775404815528597	0.7783954142470318	0.01632200176153489	0.7768362483055661	0.7768901622564286	0.775793212635318	0.016490390116311784	0.8600641375861295	0.856536976819075	0.8645398449371777	0.019617462101509546	0.08870054342771122	0.07228940554092102	0.0560456389885867	0.08870054342771122	0.07228940554092102	0.0560456389885867	0.07939629386672889	0.09651695901980252	0.1046758993368944	0.020174798705891613	0.08349128589711538	0.08558827602426103	0.08447073639442412	0.0073856362752182355	0.22398012405982226	0.21991452064814979	0.2301335442530738	0.02442535141086286	0.7588901941025061	0.6557416870991883	0.07228940554092102	0.0560456389885867	7	ERG	6048
17	ERG	Single best di PWM	di	0.0	0.0	0.0	0.7346704367187895	0.7272993395824205	0.8453846309881484	0.8453846309881484	0.8453846309881484	0.8453846309881484	0.009667423998038606	0.7272993395824205	0.7272993395824205	0.7272993395824205	0.01576560808222284	0.7346704367187895	0.7346704367187895	0.7346704367187895	0.01997380694018886	0.0	0.0	0.0	0.0653954504290565	0.05028818613755907	0.16253815032712665	0.16253815032712665	0.16253815032712665	0.16253815032712665	0.0035652260730302844	0.05028818613755907	0.05028818613755907	0.05028818613755907	0.007761560134587458	0.0653954504290565	0.0653954504290565	0.0653954504290565	0.024701311645216138	0.7272993395824205	0.8453846309881484	0.05028818613755907	0.16253815032712665	7	ERG	6048
17	ERG	BaggingClassifier_XGBClassifier	di	0.7346704367187895	0.7272993395824205	0.8453846309881484	0.7346704367187895	0.7272993395824205	0.8453846309881484	0.7783019762740278	0.778401252497879	0.7786656647149035	0.009667423998038606	0.7688819768945552	0.7662238400220339	0.7679943837838574	0.01576560808222284	0.8476312169624544	0.8500014305726543	0.8601990410129441	0.01997380694018886	0.0653954504290565	0.05028818613755907	0.16253815032712665	0.0653954504290565	0.05028818613755907	0.16253815032712665	0.07401323245068471	0.07350047403664507	0.07244840197882513	0.0035652260730302844	0.08299719949442683	0.08315925714821458	0.08184918867494567	0.007761560134587458	0.2167175022150316	0.2138366942545006	0.22480185062205219	0.024701311645216138	0.7272993395824205	0.8453846309881484	0.05028818613755907	0.16253815032712665	7	ERG	6048
37	ERG	BaggingClassifier_XGBClassifier	mono+di	0.0	0.7588901941025061	0.8453846309881484	0.0	0.7588901941025061	0.8453846309881484	0.7688096060246745	0.7706583503243738	0.7652319808821644	0.019876201273230497	0.7795123895210787	0.7814733836513438	0.7803455803455803	0.01702957997472407	0.8669403214868293	0.8680589267110432	0.8755041415026414	0.022734296987337203	0.0	0.07228940554092102	0.16253815032712665	0.0	0.07228940554092102	0.16253815032712665	0.07944854944387268	0.08014788488556555	0.07576794240543065	0.011883316107327296	0.09023264463764157	0.09110923712564349	0.09020433239529554	0.009520691705929734	0.2476651352388298	0.24399567173892206	0.26423400144387604	0.03122867761472515	0.7588901941025061	0.8453846309881484	0.07228940554092102	0.16253815032712665	7	ERG	6048
37	ERG	Single best mono PWM	mono	0.7544202662402125	0.7588901941025061	0.8315289811110548	0.0	0.0	0.0	0.8315289811110548	0.8315289811110548	0.8315289811110548	0.025689221393086763	0.7588901941025061	0.7588901941025061	0.7588901941025061	0.013563362105621838	0.7544202662402125	0.7544202662402125	0.7544202662402125	0.00607028386891409	0.08870054342771122	0.07228940554092102	0.04575533105601413	0.0	0.0	0.0	0.04575533105601413	0.04575533105601413	0.04575533105601413	0.004646681073782529	0.07228940554092102	0.07228940554092102	0.07228940554092102	0.010563236842612343	0.08870054342771122	0.08870054342771122	0.08870054342771122	0.006937596586874412	0.7588901941025061	0.8315289811110548	0.07228940554092102	0.04575533105601413	7	ERG	6048
37	ERG	BaggingClassifier_LogisticRegression	mono	0.7544202662402125	0.7588901941025061	0.8315289811110548	0.7544202662402125	0.7588901941025061	0.8315289811110548	0.65973568831848	0.6642594934346688	0.6592608062972461	0.025689221393086763	0.7721410871823886	0.7721535896224554	0.7719988923569527	0.013563362105621838	0.7735073085563846	0.7732332861355635	0.7751294243751141	0.00607028386891409	0.08870054342771122	0.07228940554092102	0.04575533105601413	0.08870054342771122	0.07228940554092102	0.04575533105601413	0.04180697944768378	0.043879244202179445	0.043109828996814474	0.004646681073782529	0.08121673416301979	0.08334007422218824	0.08254048877847417	0.010563236842612343	0.10154955290951252	0.10265748386086247	0.10406318617184186	0.006937596586874412	0.7588901941025061	0.8315289811110548	0.07228940554092102	0.04575533105601413	7	ERG	6048
17	ERG	Single best di PWM	di	0.0	0.0	0.0	0.7346704367187895	0.7272993395824205	0.8453846309881484	0.8453846309881484	0.8453846309881484	0.8453846309881484	0.008299690760993827	0.7272993395824205	0.7272993395824205	0.7272993395824205	0.015053617532004368	0.7346704367187895	0.7346704367187895	0.7346704367187895	0.008710956047405821	0.0	0.0	0.0	0.0653954504290565	0.05028818613755907	0.16253815032712665	0.16253815032712665	0.16253815032712665	0.16253815032712665	0.002650793694842473	0.05028818613755907	0.05028818613755907	0.05028818613755907	0.010938352423136096	0.0653954504290565	0.0653954504290565	0.0653954504290565	0.006946418938711571	0.7272993395824205	0.8453846309881484	0.05028818613755907	0.16253815032712665	7	ERG	6048
17	ERG	BaggingClassifier_LogisticRegression	di	0.7346704367187895	0.7272993395824205	0.8453846309881484	0.7346704367187895	0.7272993395824205	0.8453846309881484	0.7698129670951301	0.7694783796191261	0.765844231971236	0.008299690760993827	0.7668923752399838	0.766780919017097	0.765745171008329	0.015053617532004368	0.7725704186635229	0.7724703588905746	0.7725844826667843	0.008710956047405821	0.0653954504290565	0.05028818613755907	0.16253815032712665	0.0653954504290565	0.05028818613755907	0.16253815032712665	0.07229484991340002	0.07255346067180844	0.0722378508728197	0.002650793694842473	0.08174244894799412	0.0844379643910491	0.09005817596148533	0.010938352423136096	0.10417799829516028	0.10469059829059137	0.10619135051117119	0.006946418938711571	0.7272993395824205	0.8453846309881484	0.05028818613755907	0.16253815032712665	7	ERG	6048
37	ERG	BaggingClassifier_LogisticRegression	mono+di	0.0	0.7588901941025061	0.8453846309881484	0.0	0.7588901941025061	0.8453846309881484	0.7387870299698398	0.7795946839269629	0.7770858162273728	0.025635884601823023	0.7727568326291469	0.7730174253031381	0.7750734645471488	0.01571355977720815	0.7777853434967615	0.777508393708935	0.7778246350604059	0.00692762575619506	0.0	0.07228940554092102	0.16253815032712665	0.0	0.07228940554092102	0.16253815032712665	0.06528035143187103	0.0891576217547544	0.08035917334915382	0.02065031272237526	0.08924195330290749	0.09184358923173543	0.0917474756610488	0.012814836655836947	0.10862841304360156	0.11000025276651813	0.11145850792683991	0.007693972352208628	0.7588901941025061	0.8453846309881484	0.07228940554092102	0.16253815032712665	7	ERG	6048
190	ESR1	Single best mono PWM	mono	0.8934173068858509	0.8537285780143842	0.774024018253159	0.0	0.0	0.0	0.774024018253159	0.774024018253159	0.774024018253159	0.0034790052950859685	0.8537285780143842	0.8537285780143842	0.8537285780143842	0.006225579013807061	0.8934173068858509	0.8934173068858509	0.8934173068858509	0.004443849478945261	0.5493751635667876	0.5841917697210154	0.10403198084916043	0.0	0.0	0.0	0.10403198084916043	0.10403198084916043	0.10403198084916043	0.019159950633418844	0.5841917697210154	0.5841917697210154	0.5841917697210154	0.013444593515893735	0.5493751635667876	0.5493751635667876	0.5493751635667876	0.016268709472575055	0.8537285780143842	0.774024018253159	0.5841917697210154	0.10403198084916043	8	ESR1	10000
190	ESR1	RandomForestClassifier	mono	0.8934173068858509	0.8537285780143842	0.774024018253159	0.8934173068858509	0.8537285780143842	0.774024018253159	0.8883984146486466	0.8879648793389157	0.886481963250008	0.0034790052950859685	0.8698266133771372	0.8693439368357446	0.8694997434375948	0.006225579013807061	0.9206657112303951	0.9208451178901376	0.9233207152893815	0.004443849478945261	0.5493751635667876	0.5841917697210154	0.10403198084916043	0.5493751635667876	0.5841917697210154	0.10403198084916043	0.4434199340872641	0.43754250939378253	0.435664993220466	0.019159950633418844	0.6161411238742163	0.6154338929287443	0.6214691481175733	0.013444593515893735	0.6569245820766997	0.6553687035104439	0.6529433348558626	0.016268709472575055	0.8537285780143842	0.774024018253159	0.5841917697210154	0.10403198084916043	8	ESR1	10000
100	ESR1	Single best di PWM	di	0.0	0.0	0.0	0.5754066502243563	0.5816072342162684	0.5540479918282344	0.5540479918282344	0.5540479918282344	0.5540479918282344	0.0040513552996606994	0.5816072342162684	0.5816072342162684	0.5816072342162684	0.008064135241365008	0.5754066502243563	0.5754066502243563	0.5754066502243563	0.005090224849278924	0.0	0.0	0.0	0.06188052394744507	0.11686440082732984	0.04070035656470265	0.04070035656470265	0.04070035656470265	0.04070035656470265	0.012226926419547719	0.11686440082732984	0.11686440082732984	0.11686440082732984	0.007509825389007046	0.06188052394744507	0.06188052394744507	0.06188052394744507	0.01606998378276326	0.5816072342162684	0.5540479918282344	0.11686440082732984	0.04070035656470265	8	ESR1	10000
100	ESR1	RandomForestClassifier	di	0.5754066502243563	0.5816072342162684	0.5540479918282344	0.5754066502243563	0.5816072342162684	0.5540479918282344	0.889324344691415	0.8890388546054818	0.8895455909923302	0.0040513552996606994	0.868204244490454	0.8679155478136958	0.8682872816260784	0.008064135241365008	0.9198283276021135	0.9199441227698817	0.9226771140094931	0.005090224849278924	0.06188052394744507	0.11686440082732984	0.04070035656470265	0.06188052394744507	0.11686440082732984	0.04070035656470265	0.49102842271179914	0.490339768259478	0.4882454104149938	0.012226926419547719	0.6234700138397878	0.6223512737739235	0.6258590431757871	0.007509825389007046	0.6568532702579755	0.6573823073634774	0.6562547906107021	0.01606998378276326	0.5816072342162684	0.5540479918282344	0.11686440082732984	0.04070035656470265	8	ESR1	10000
190	ESR1	RandomForestClassifier	mono+di	0.0	0.8537285780143842	0.796600101786763	0.0	0.8537285780143842	0.774024018253159	0.8919405014033962	0.8921351758783521	0.8911116970180843	0.0036887699034339996	0.8733956265815667	0.8744146193801355	0.8746013276228262	0.006586216887216554	0.925859946898851	0.9256254542632399	0.9279880280741845	0.004300127819087923	0.0	0.5841917697210154	0.10403198084916043	0.0	0.5841917697210154	0.10403198084916043	0.48346087922628755	0.4819417798251034	0.48323493808270557	0.014940694160933445	0.6257570655134885	0.6286051992139382	0.6318770584886498	0.010186949312408771	0.6707567623481988	0.6704475896024732	0.6711781682167257	0.01575274602566284	0.8537285780143842	0.774024018253159	0.5841917697210154	0.10403198084916043	8	ESR1	10000
190	ESR1	Single best mono PWM	mono	0.8934173068858509	0.8537285780143842	0.796600101786763	0.0	0.0	0.0	0.796600101786763	0.796600101786763	0.796600101786763	0.011857846288388367	0.8537285780143842	0.8537285780143842	0.8537285780143842	0.007460030854203197	0.8934173068858509	0.8934173068858509	0.8934173068858509	0.006451455584700711	0.5493751635667876	0.5841917697210154	0.10135528849990645	0.0	0.0	0.0	0.10135528849990645	0.10135528849990645	0.10135528849990645	0.0009401054606818169	0.5841917697210154	0.5841917697210154	0.5841917697210154	0.011361466912369412	0.5493751635667876	0.5493751635667876	0.5493751635667876	0.015824589936532907	0.8537285780143842	0.796600101786763	0.5841917697210154	0.10135528849990645	8	ESR1	10000
190	ESR1	LogisticRegression	mono	0.8934173068858509	0.8537285780143842	0.796600101786763	0.8934173068858509	0.8537285780143842	0.796600101786763	0.49142796649864345	0.5014680451208138	0.5049259939532265	0.011857846288388367	0.8771285656232345	0.8771310623726709	0.8783531019974483	0.007460030854203197	0.9209764944854483	0.9208178793438929	0.9247149287190751	0.006451455584700711	0.5493751635667876	0.5841917697210154	0.10135528849990645	0.5493751635667876	0.5841917697210154	0.10135528849990645	0.03432196597664987	0.03511516631361133	0.03534857892912697	0.0009401054606818169	0.6241785671791769	0.6238846252966281	0.6265033574524093	0.011361466912369412	0.626455243677407	0.6260101711493127	0.6233561349365075	0.015824589936532907	0.8537285780143842	0.796600101786763	0.5841917697210154	0.10135528849990645	8	ESR1	10000
100	ESR1	Single best di PWM	di	0.0	0.0	0.0	0.5754066502243563	0.5816072342162684	0.5540479918282344	0.5540479918282344	0.5540479918282344	0.5540479918282344	0.004652758608609626	0.5816072342162684	0.5816072342162684	0.5816072342162684	0.006686206190416057	0.5754066502243563	0.5754066502243563	0.5754066502243563	0.0061664583456443635	0.0	0.0	0.0	0.06188052394744507	0.11686440082732984	0.04070035656470265	0.04070035656470265	0.04070035656470265	0.04070035656470265	0.01164028289141877	0.11686440082732984	0.11686440082732984	0.11686440082732984	0.009789913341346424	0.06188052394744507	0.06188052394744507	0.06188052394744507	0.016404728496419572	0.5816072342162684	0.5540479918282344	0.11686440082732984	0.04070035656470265	8	ESR1	10000
100	ESR1	LogisticRegression	di	0.5754066502243563	0.5816072342162684	0.5540479918282344	0.5754066502243563	0.5816072342162684	0.5540479918282344	0.8928177137792255	0.8926901134626244	0.893815491088362	0.004652758608609626	0.8713680509738068	0.8712808655971592	0.8709238146293701	0.006686206190416057	0.9136843176004361	0.9136060091476784	0.9147716731722594	0.0061664583456443635	0.06188052394744507	0.11686440082732984	0.04070035656470265	0.06188052394744507	0.11686440082732984	0.04070035656470265	0.4987906510341493	0.49897581097384325	0.49908080191917015	0.01164028289141877	0.6229023570513774	0.6231362152478856	0.6271760722990573	0.009789913341346424	0.6045849409181348	0.6046214020847043	0.6034672613112062	0.016404728496419572	0.5816072342162684	0.5540479918282344	0.11686440082732984	0.04070035656470265	8	ESR1	10000
190	ESR1	LogisticRegression	mono+di	0.0	0.8537285780143842	0.796600101786763	0.0	0.8537285780143842	0.796600101786763	0.846791831116844	0.8485720329920486	0.8469332169981774	0.006024844208163596	0.8796142620537575	0.8795123941178237	0.8821472388836249	0.007446343589919528	0.9256768207980374	0.9254700680660511	0.9282335195847685	0.005789333256922111	0.0	0.5841917697210154	0.10135528849990645	0.0	0.5841917697210154	0.10135528849990645	0.38159903090180264	0.38617953055145365	0.3833354120769755	0.018008996049309677	0.6318014208991036	0.6319823380867137	0.6315386142786171	0.010134043191525818	0.6446559785806767	0.6439058066137642	0.6440018955131622	0.01719876257761868	0.8537285780143842	0.796600101786763	0.5841917697210154	0.10135528849990645	8	ESR1	10000
190	ESR1	Single best mono PWM	mono	0.8934173068858509	0.8537285780143842	0.8512532908651335	0.0	0.0	0.0	0.8512532908651335	0.8512532908651335	0.8512532908651335	0.0116827217901102	0.8537285780143842	0.8537285780143842	0.8537285780143842	0.0060915795229025	0.8934173068858509	0.8934173068858509	0.8934173068858509	0.005783080249422	0.5493751635667876	0.5841917697210154	0.4310075380783372	0.0	0.0	0.0	0.4310075380783372	0.4310075380783372	0.4310075380783372	0.0559906986662364	0.5841917697210154	0.5841917697210154	0.5841917697210154	0.0147611649841571	0.5493751635667876	0.5493751635667876	0.5493751635667876	0.0211585488947193	0.8537285780143842	0.8512532908651335	0.5841917697210154	0.4310075380783372	8	ESR1	10000
190	ESR1	XGBClassifier	mono	0.8934173068858509	0.8537285780143842	0.8512532908651335	0.8934173068858509	0.8537285780143842	0.8512532908651335	0.8598814270684332	0.8553877505302949	0.8559660443061059	0.0116827217901102	0.8783680350086934	0.8763848892338363	0.8767237707227096	0.0060915795229025	0.951053899763063	0.9494181664893658	0.950771045289965	0.005783080249422	0.5493751635667876	0.5841917697210154	0.4310075380783372	0.5493751635667876	0.5841917697210154	0.4310075380783372	0.2555179597466577	0.238594012963815	0.2625799269078878	0.0559906986662364	0.6335283009559991	0.6249748918062492	0.6282066223769148	0.0147611649841571	0.7452283174099779	0.7410566712807034	0.746224638189257	0.0211585488947193	0.8537285780143842	0.8512532908651335	0.5841917697210154	0.4310075380783372	8	ESR1	10000
100	ESR1	Single best di PWM	di	0.0	0.0	0.0	0.5754066502243563	0.5816072342162684	0.5540479918282344	0.5540479918282344	0.5540479918282344	0.5540479918282344	0.0050287847341513	0.5816072342162684	0.5816072342162684	0.5816072342162684	0.0076737414220523	0.5754066502243563	0.5754066502243563	0.5754066502243563	0.0074054588032054	0.0	0.0	0.0	0.061880523947445	0.1168644008273298	0.0407003565647026	0.0407003565647026	0.0407003565647026	0.0407003565647026	0.0110308377633833	0.1168644008273298	0.1168644008273298	0.1168644008273298	0.0113413773354487	0.061880523947445	0.061880523947445	0.061880523947445	0.0230187675694505	0.5816072342162684	0.5540479918282344	0.1168644008273298	0.0407003565647026	8	ESR1	10000
100	ESR1	XGBClassifier	di	0.5754066502243563	0.5816072342162684	0.5540479918282344	0.5754066502243563	0.5816072342162684	0.5540479918282344	0.8912344822927063	0.8915825531198245	0.8890012463068989	0.0050287847341513	0.8697533941715863	0.8708009662403845	0.86964135816447	0.0076737414220523	0.949860961744108	0.9495660753413008	0.952920275731472	0.0074054588032054	0.061880523947445	0.1168644008273298	0.0407003565647026	0.061880523947445	0.1168644008273298	0.0407003565647026	0.4772328704299719	0.4777935705788359	0.4819760862759831	0.0110308377633833	0.6230729644699066	0.6119476755102022	0.6164537255916294	0.0113413773354487	0.7395400304450622	0.7325030916658267	0.7387229877540094	0.0230187675694505	0.5816072342162684	0.5540479918282344	0.1168644008273298	0.0407003565647026	8	ESR1	10000
190	ESR1	XGBClassifier	mono+di	0.0	0.8537285780143842	0.796600101786763	0.0	0.8537285780143842	0.8512532908651335	0.8822756246824793	0.881264053014194	0.881951754516018	0.0023783561300789	0.8813188648493966	0.8816090320312	0.8839290040878299	0.0063456211230473	0.956060299159188	0.9553302261733244	0.956596427794104	0.0063037319079496	0.0	0.5841917697210154	0.4310075380783372	0.0	0.5841917697210154	0.4310075380783372	0.4422184429104034	0.4433278423663868	0.4621859800878712	0.0365887881999014	0.62918645831364	0.6333199630041488	0.6345892154940045	0.0061275645903243	0.7639080878414842	0.7595134132537588	0.7638774811776667	0.0220454636360937	0.8537285780143842	0.8512532908651335	0.5841917697210154	0.4310075380783372	8	ESR1	10000
190	ESR1	Single best mono PWM	mono	0.8934173068858509	0.8537285780143842	0.7910612437441675	0.0	0.0	0.0	0.7910612437441675	0.7910612437441675	0.7910612437441675	0.005199031882939812	0.8537285780143842	0.8537285780143842	0.8537285780143842	0.006270432772350969	0.8934173068858509	0.8934173068858509	0.8934173068858509	0.007273846993586493	0.5493751635667876	0.5841917697210154	0.1143294651244129	0.0	0.0	0.0	0.1143294651244129	0.1143294651244129	0.1143294651244129	0.05275733401084779	0.5841917697210154	0.5841917697210154	0.5841917697210154	0.011155383518840238	0.5493751635667876	0.5493751635667876	0.5493751635667876	0.022099622408476943	0.8537285780143842	0.7910612437441675	0.5841917697210154	0.1143294651244129	8	ESR1	10000
190	ESR1	BaggingClassifier_XGBClassifier	mono	0.8934173068858509	0.8537285780143842	0.7910612437441675	0.8934173068858509	0.8537285780143842	0.7910612437441675	0.8724623405190585	0.8656527462239717	0.8650848653194907	0.005199031882939812	0.8812365148757456	0.8810193296062329	0.8801904870459605	0.006270432772350969	0.9621798855153904	0.9615011363902423	0.9651237861680061	0.007273846993586493	0.5493751635667876	0.5841917697210154	0.1143294651244129	0.5493751635667876	0.5841917697210154	0.1143294651244129	0.30715448265258866	0.26481297409206217	0.25601790905948935	0.05275733401084779	0.6382617331213919	0.6376778831622646	0.6379092403651105	0.011155383518840238	0.7573658047446306	0.7538391387166697	0.7582251621376814	0.022099622408476943	0.8537285780143842	0.7910612437441675	0.5841917697210154	0.1143294651244129	8	ESR1	10000
100	ESR1	Single best di PWM	di	0.0	0.0	0.0	0.5754066502243563	0.5816072342162684	0.5540479918282344	0.5540479918282344	0.5540479918282344	0.5540479918282344	0.005457103573017735	0.5816072342162684	0.5816072342162684	0.5816072342162684	0.007598143256103446	0.5754066502243563	0.5754066502243563	0.5754066502243563	0.007216806991644471	0.0	0.0	0.0	0.06188052394744507	0.11686440082732984	0.04070035656470265	0.04070035656470265	0.04070035656470265	0.04070035656470265	0.012647036253440143	0.11686440082732984	0.11686440082732984	0.11686440082732984	0.008779661892460015	0.06188052394744507	0.06188052394744507	0.06188052394744507	0.02284886585625833	0.5816072342162684	0.5540479918282344	0.11686440082732984	0.04070035656470265	8	ESR1	10000
100	ESR1	BaggingClassifier_XGBClassifier	di	0.5754066502243563	0.5816072342162684	0.5540479918282344	0.5754066502243563	0.5816072342162684	0.5540479918282344	0.8958707117146656	0.8948218841268297	0.8933298482701109	0.005457103573017735	0.8737362246466492	0.8737851120583888	0.8743723973595456	0.007598143256103446	0.9624832039440576	0.9607513942263309	0.9639770271244976	0.007216806991644471	0.06188052394744507	0.11686440082732984	0.04070035656470265	0.06188052394744507	0.11686440082732984	0.04070035656470265	0.4951939788197859	0.49184493428456844	0.48722425261067737	0.012647036253440143	0.6240796251533973	0.6235619567238818	0.6239129276455075	0.008779661892460015	0.750482745458409	0.7477686143260297	0.758600867633814	0.02284886585625833	0.5816072342162684	0.5540479918282344	0.11686440082732984	0.04070035656470265	8	ESR1	10000
190	ESR1	BaggingClassifier_XGBClassifier	mono+di	0.0	0.8537285780143842	0.796600101786763	0.0	0.8537285780143842	0.7910612437441675	0.8895496056438509	0.8923632005177133	0.8915636937516058	0.006063625790663927	0.8848150681835834	0.8847296265408001	0.8829140308193875	0.0074255589865992715	0.9674460040468003	0.9667271600472012	0.9688788835241399	0.007519237622367132	0.0	0.5841917697210154	0.1143294651244129	0.0	0.5841917697210154	0.1143294651244129	0.45824757861178034	0.47613179577697146	0.47864182443899367	0.020464990037091745	0.6415749963183601	0.6409880445014065	0.6422435691016442	0.005649990590517658	0.7768093686351393	0.7745362134670409	0.7817972805690492	0.023580743378850855	0.8537285780143842	0.7910612437441675	0.5841917697210154	0.1143294651244129	8	ESR1	10000
190	ESR1	Single best mono PWM	mono	0.8934173068858509	0.8537285780143842	0.8016409319704115	0.0	0.0	0.0	0.8016409319704115	0.8016409319704115	0.8016409319704115	0.030654622497065513	0.8537285780143842	0.8537285780143842	0.8537285780143842	0.007378172319445905	0.8934173068858509	0.8934173068858509	0.8934173068858509	0.006399633686468005	0.5493751635667876	0.5841917697210154	0.11897389576140639	0.0	0.0	0.0	0.11897389576140639	0.11897389576140639	0.11897389576140639	0.0825948288872864	0.5841917697210154	0.5841917697210154	0.5841917697210154	0.011516058526799695	0.5493751635667876	0.5493751635667876	0.5493751635667876	0.01562152588634056	0.8537285780143842	0.8016409319704115	0.5841917697210154	0.11897389576140639	8	ESR1	10000
190	ESR1	BaggingClassifier_LogisticRegression	mono	0.8934173068858509	0.8537285780143842	0.8016409319704115	0.8934173068858509	0.8537285780143842	0.8016409319704115	0.840764295545523	0.8057379699955458	0.8168444999125025	0.030654622497065513	0.8771956157829904	0.8772521622585571	0.8779772235975647	0.007378172319445905	0.9210518671894657	0.9207508568106828	0.9245143967451186	0.006399633686468005	0.5493751635667876	0.5841917697210154	0.11897389576140639	0.5493751635667876	0.5841917697210154	0.11897389576140639	0.2831996702351362	0.1887635012873578	0.2306048882695943	0.0825948288872864	0.6242232497759566	0.6238756350541239	0.6258736449750418	0.011516058526799695	0.6262103113847896	0.6257886796039632	0.623390081312098	0.01562152588634056	0.8537285780143842	0.8016409319704115	0.5841917697210154	0.11897389576140639	8	ESR1	10000
100	ESR1	Single best di PWM	di	0.0	0.0	0.0	0.5754066502243563	0.5816072342162684	0.5540479918282344	0.5540479918282344	0.5540479918282344	0.5540479918282344	0.004698001954003696	0.5816072342162684	0.5816072342162684	0.5816072342162684	0.0067911199885906	0.5754066502243563	0.5754066502243563	0.5754066502243563	0.006127012096769677	0.0	0.0	0.0	0.06188052394744507	0.11686440082732984	0.04070035656470265	0.04070035656470265	0.04070035656470265	0.04070035656470265	0.011698715060934775	0.11686440082732984	0.11686440082732984	0.11686440082732984	0.010074183018040833	0.06188052394744507	0.06188052394744507	0.06188052394744507	0.016268838131955888	0.5816072342162684	0.5540479918282344	0.11686440082732984	0.04070035656470265	8	ESR1	10000
100	ESR1	BaggingClassifier_LogisticRegression	di	0.5754066502243563	0.5816072342162684	0.5540479918282344	0.5754066502243563	0.5816072342162684	0.5540479918282344	0.8926741432797316	0.8925310955399411	0.8936368577545271	0.004698001954003696	0.8713077760906185	0.8713996385036469	0.8711034235512605	0.0067911199885906	0.9137858791830915	0.9135509765911733	0.9146489256547297	0.006127012096769677	0.06188052394744507	0.11686440082732984	0.04070035656470265	0.06188052394744507	0.11686440082732984	0.04070035656470265	0.49899743736065144	0.49886917707962514	0.4989090399758227	0.011698715060934775	0.6227486789518567	0.6229839024384146	0.6274515278701625	0.010074183018040833	0.6044614538454858	0.6044946620611432	0.6037095901973614	0.016268838131955888	0.5816072342162684	0.5540479918282344	0.11686440082732984	0.04070035656470265	8	ESR1	10000
190	ESR1	BaggingClassifier_LogisticRegression	mono+di	0.0	0.8537285780143842	0.796600101786763	0.0	0.8537285780143842	0.8016409319704115	0.7656774959375371	0.7354546359714318	0.7262187645504629	0.02810965649950188	0.8794778715291042	0.8797799103550034	0.8819121625005625	0.007400523611435506	0.9258386734148284	0.9255731294949349	0.928271548960097	0.005695591805442808	0.0	0.5841917697210154	0.11897389576140639	0.0	0.5841917697210154	0.11897389576140639	0.10449456227396245	0.08543029622303434	0.07956224650614738	0.018044572398674557	0.6317258543077385	0.631791457869466	0.6316081179403865	0.01032835496890595	0.6443680686482659	0.6434967325700784	0.6438357065043647	0.016903183790716314	0.8537285780143842	0.8016409319704115	0.5841917697210154	0.11897389576140639	8	ESR1	10000
18	FLI1	Single best mono PWM	mono	0.866369927641549	0.8629455278051181	0.7901972990303515	0.0	0.0	0.0	0.7901972990303515	0.7901972990303515	0.7901972990303515	0.006404191767079411	0.8629455278051181	0.8629455278051181	0.8629455278051181	0.018686755391525738	0.866369927641549	0.866369927641549	0.866369927641549	0.010082303633553122	0.07145238719632777	0.059187494805151696	0.15176332046922325	0.0	0.0	0.0	0.15176332046922325	0.15176332046922325	0.15176332046922325	0.006106612575052766	0.059187494805151696	0.059187494805151696	0.059187494805151696	0.022073510861049268	0.07145238719632777	0.07145238719632777	0.07145238719632777	0.0368442582348566	0.8629455278051181	0.7901972990303515	0.059187494805151696	0.15176332046922325	9	FLI1	1346
18	FLI1	RandomForestClassifier	mono	0.866369927641549	0.8629455278051181	0.7901972990303515	0.866369927641549	0.8629455278051181	0.7901972990303515	0.8003558119533428	0.8014519943893779	0.8030086117140944	0.006404191767079411	0.8707257320374016	0.8674734723720933	0.8687578457487524	0.018686755391525738	0.9296012871516057	0.929335006281942	0.930713416732504	0.010082303633553122	0.07145238719632777	0.059187494805151696	0.15176332046922325	0.07145238719632777	0.059187494805151696	0.15176332046922325	0.1262299547868287	0.12852754789728524	0.12759519473686753	0.006106612575052766	0.06293195682098104	0.06660050776429309	0.06390586600169942	0.022073510861049268	0.2377894626163792	0.24122536167175018	0.2400342515492331	0.0368442582348566	0.8629455278051181	0.7901972990303515	0.059187494805151696	0.15176332046922325	9	FLI1	1346
8	FLI1	Single best di PWM	di	0.0	0.0	0.0	0.8729613558652	0.8698968073326772	0.8126717789215121	0.8126717789215121	0.8126717789215121	0.8126717789215121	0.00611157037187596	0.8698968073326772	0.8698968073326772	0.8698968073326772	0.019120060081763215	0.8729613558652	0.8729613558652	0.8729613558652	0.008926000199104372	0.0	0.0	0.0	0.07589323130358862	0.0691006853756839	0.1535081890752669	0.1535081890752669	0.1535081890752669	0.1535081890752669	0.006473817264891437	0.0691006853756839	0.0691006853756839	0.0691006853756839	0.029816924151576604	0.07589323130358862	0.07589323130358862	0.07589323130358862	0.041322463451520026	0.8698968073326772	0.8126717789215121	0.0691006853756839	0.1535081890752669	9	FLI1	1346
8	FLI1	RandomForestClassifier	di	0.8729613558652	0.8698968073326772	0.8126717789215121	0.8729613558652	0.8698968073326772	0.8126717789215121	0.8235343032645057	0.8233126279485095	0.8215795223972221	0.00611157037187596	0.8774910802165354	0.8763757378725222	0.8802930100119408	0.019120060081763215	0.9280758100161824	0.9290882804883683	0.9296330750391734	0.008926000199104372	0.07589323130358862	0.0691006853756839	0.1535081890752669	0.07589323130358862	0.0691006853756839	0.1535081890752669	0.1855323015158675	0.18360069955280847	0.18364740342783098	0.006473817264891437	0.0648400865014597	0.07233838041830432	0.060538263425188046	0.029816924151576604	0.21256396573053712	0.2196799557527898	0.22340763876064745	0.041322463451520026	0.8698968073326772	0.8126717789215121	0.0691006853756839	0.1535081890752669	9	FLI1	1346
18	FLI1	RandomForestClassifier	mono+di	0.0	0.8698968073326772	0.8126717789215121	0.0	0.8698968073326772	0.8126717789215121	0.8022948118040618	0.802695921815942	0.803245997488188	0.007052533126474939	0.877015717273622	0.8753492964024597	0.8809168427176143	0.020626739428098093	0.9325102724173804	0.9319287703548803	0.9335834800677737	0.008962324683424016	0.0	0.0691006853756839	0.1535081890752669	0.0	0.0691006853756839	0.1535081890752669	0.15040999855293885	0.15749836856819546	0.15838591768895216	0.007135281118681294	0.0671398273298297	0.06591061532781885	0.06891523561811172	0.019131023570782574	0.24926500919367447	0.24455786135727495	0.2514510420210901	0.03474548279368841	0.8698968073326772	0.8126717789215121	0.0691006853756839	0.1535081890752669	9	FLI1	1346
18	FLI1	Single best mono PWM	mono	0.866369927641549	0.8629455278051181	0.6806310404551715	0.0	0.0	0.0	0.6806310404551715	0.6806310404551715	0.6806310404551715	0.007621015246701796	0.8629455278051181	0.8629455278051181	0.8629455278051181	0.020530498246660082	0.866369927641549	0.866369927641549	0.866369927641549	0.006983014038574468	0.07145238719632777	0.059187494805151696	0.07443300551607201	0.0	0.0	0.0	0.07443300551607201	0.07443300551607201	0.07443300551607201	0.0037858581120684223	0.059187494805151696	0.059187494805151696	0.059187494805151696	0.024512181647572483	0.07145238719632777	0.07145238719632777	0.07145238719632777	0.009853213418233316	0.8629455278051181	0.6806310404551715	0.059187494805151696	0.07443300551607201	9	FLI1	1346
18	FLI1	LogisticRegression	mono	0.866369927641549	0.8629455278051181	0.6806310404551715	0.866369927641549	0.8629455278051181	0.6806310404551715	0.7603691324055288	0.7609562325542825	0.7624828293584991	0.007621015246701796	0.8693091781496063	0.8693579343482671	0.8647568759169751	0.020530498246660082	0.8716230148557491	0.8715673122792451	0.8709112182057108	0.006983014038574468	0.07145238719632777	0.059187494805151696	0.07443300551607201	0.07145238719632777	0.059187494805151696	0.07443300551607201	0.09234806492788639	0.09330031761486156	0.09351604664853665	0.0037858581120684223	0.05973655872862186	0.06886661852994255	0.07209680387395451	0.024512181647572483	0.07600311230970513	0.07883861780603392	0.07608619613132683	0.009853213418233316	0.8629455278051181	0.6806310404551715	0.059187494805151696	0.07443300551607201	9	FLI1	1346
8	FLI1	Single best di PWM	di	0.0	0.0	0.0	0.8729613558652	0.8698968073326772	0.8126717789215121	0.8126717789215121	0.8126717789215121	0.8126717789215121	0.006293073626552752	0.8698968073326772	0.8698968073326772	0.8698968073326772	0.018273043052803743	0.8729613558652	0.8729613558652	0.8729613558652	0.006982496722651168	0.0	0.0	0.0	0.07589323130358862	0.0691006853756839	0.1535081890752669	0.1535081890752669	0.1535081890752669	0.1535081890752669	0.007576045443712841	0.0691006853756839	0.0691006853756839	0.0691006853756839	0.025798352150219944	0.07589323130358862	0.07589323130358862	0.07589323130358862	0.0059989519141045245	0.8698968073326772	0.8126717789215121	0.0691006853756839	0.1535081890752669	9	FLI1	1346
8	FLI1	LogisticRegression	di	0.8729613558652	0.8698968073326772	0.8126717789215121	0.8729613558652	0.8698968073326772	0.8126717789215121	0.8260061763348782	0.8260801137572314	0.8251966079613502	0.006293073626552752	0.8806329970472441	0.8812692411591987	0.8850770031536083	0.018273043052803743	0.8789157851407222	0.8786077747576224	0.8755482914049624	0.006982496722651168	0.07589323130358862	0.0691006853756839	0.1535081890752669	0.07589323130358862	0.0691006853756839	0.1535081890752669	0.19157028714468063	0.19242749692772795	0.1912361902021621	0.007576045443712841	0.0650908385562612	0.07635611708958123	0.06959988491009245	0.025798352150219944	0.08033474005597957	0.08135036256136471	0.08187276052983296	0.0059989519141045245	0.8698968073326772	0.8126717789215121	0.0691006853756839	0.1535081890752669	9	FLI1	1346
18	FLI1	LogisticRegression	mono+di	0.0	0.8698968073326772	0.8126717789215121	0.0	0.8698968073326772	0.8126717789215121	0.8262437100079391	0.8268639089180928	0.8255990191455023	0.005676506730017588	0.8815543491633858	0.8818390916913614	0.8840245246624414	0.018482772744837027	0.8803941803927011	0.8801095294937212	0.8777066559200855	0.006481403114209144	0.0	0.0691006853756839	0.1535081890752669	0.0	0.0691006853756839	0.1535081890752669	0.20265893490224748	0.2043382907590165	0.198575279327865	0.01072825565982021	0.06712682014727679	0.08267400792017286	0.07236068342014344	0.03191841749128312	0.08338917960796395	0.08541818390976111	0.08608732941696114	0.007488792490828338	0.8698968073326772	0.8126717789215121	0.0691006853756839	0.1535081890752669	9	FLI1	1346
18	FLI1	Single best mono PWM	mono	0.866369927641549	0.8629455278051181	0.7138111816614984	0.0	0.0	0.0	0.7138111816614984	0.7138111816614984	0.7138111816614984	0.0084894537805237	0.8629455278051181	0.8629455278051181	0.8629455278051181	0.0203640045484222	0.866369927641549	0.866369927641549	0.866369927641549	0.0137364849257739	0.0714523871963277	0.0591874948051516	0.1639937778036655	0.0	0.0	0.0	0.1639937778036655	0.1639937778036655	0.1639937778036655	0.0124890524663058	0.0591874948051516	0.0591874948051516	0.0591874948051516	0.0191959328775196	0.0714523871963277	0.0714523871963277	0.0714523871963277	0.0568637118960914	0.8629455278051181	0.7138111816614984	0.0591874948051516	0.1639937778036655	9	FLI1	1346
18	FLI1	XGBClassifier	mono	0.866369927641549	0.8629455278051181	0.7138111816614984	0.866369927641549	0.8629455278051181	0.7138111816614984	0.746745357867452	0.755523765449451	0.7501071117406044	0.0084894537805237	0.8556632935531496	0.85003655996258	0.8518225100272496	0.0203640045484222	0.9536052468238132	0.9481431767792834	0.9519099194284822	0.0137364849257739	0.0714523871963277	0.0591874948051516	0.1639937778036655	0.0714523871963277	0.0591874948051516	0.1639937778036655	0.1023556692752844	0.1078815832436743	0.1106040770118034	0.0124890524663058	0.0657301597878557	0.062162414745633	0.0669157823517212	0.0191959328775196	0.3128297870052221	0.2909097515358906	0.3006499543799218	0.0568637118960914	0.8629455278051181	0.7138111816614984	0.0591874948051516	0.1639937778036655	9	FLI1	1346
8	FLI1	Single best di PWM	di	0.0	0.0	0.0	0.8729613558652	0.8698968073326772	0.8126717789215121	0.8126717789215121	0.8126717789215121	0.8126717789215121	0.0062341929928263	0.8698968073326772	0.8698968073326772	0.8698968073326772	0.0206799928342332	0.8729613558652	0.8729613558652	0.8729613558652	0.0133506364444886	0.0	0.0	0.0	0.0758932313035886	0.0691006853756839	0.1535081890752669	0.1535081890752669	0.1535081890752669	0.1535081890752669	0.0051705303602393	0.0691006853756839	0.0691006853756839	0.0691006853756839	0.0084994345434068	0.0758932313035886	0.0758932313035886	0.0758932313035886	0.04460954430992	0.8698968073326772	0.8126717789215121	0.0691006853756839	0.1535081890752669	9	FLI1	1346
8	FLI1	XGBClassifier	di	0.8729613558652	0.8698968073326772	0.8126717789215121	0.8729613558652	0.8698968073326772	0.8126717789215121	0.8156001794765663	0.8134019872029373	0.8108969619148868	0.0062341929928263	0.869089720718504	0.8632241133267259	0.859908544532408	0.0206799928342332	0.9457916824019962	0.9439950083551912	0.9476784684317268	0.0133506364444886	0.0758932313035886	0.0691006853756839	0.1535081890752669	0.0758932313035886	0.0691006853756839	0.1535081890752669	0.1716479151493513	0.1670844101377454	0.1673510739817592	0.0051705303602393	0.0571173208086969	0.0534877912446742	0.0566760092630376	0.0084994345434068	0.2707060970190564	0.2770706095304147	0.2991011158667621	0.04460954430992	0.8698968073326772	0.8126717789215121	0.0691006853756839	0.1535081890752669	9	FLI1	1346
18	FLI1	XGBClassifier	mono+di	0.0	0.8698968073326772	0.8126717789215121	0.0	0.8698968073326772	0.8126717789215121	0.8009224505167161	0.8001535786038562	0.8009953666792198	0.0054686599962233	0.8743211737204725	0.8634791105778525	0.8694352591776124	0.0237990966768526	0.9640474114495368	0.9581291610993142	0.9632841384916924	0.0149072657731478	0.0	0.0691006853756839	0.1639937778036655	0.0	0.0691006853756839	0.1639937778036655	0.1282712031956604	0.1312795633115569	0.1304634066606968	0.0159560097295356	0.0584082827896886	0.0557892041485365	0.0556085690696421	0.0103470368990306	0.3568767382765742	0.3591232731879187	0.4022904260966783	0.0659363078126875	0.8698968073326772	0.8126717789215121	0.0691006853756839	0.1639937778036655	9	FLI1	1346
18	FLI1	Single best mono PWM	mono	0.866369927641549	0.8629455278051181	0.778435847645091	0.0	0.0	0.0	0.778435847645091	0.778435847645091	0.778435847645091	0.009887643939834708	0.8629455278051181	0.8629455278051181	0.8629455278051181	0.023132968865807194	0.866369927641549	0.866369927641549	0.866369927641549	0.014946376761784471	0.07145238719632777	0.059187494805151696	0.07422839346318681	0.0	0.0	0.0	0.07422839346318681	0.07422839346318681	0.07422839346318681	0.004112380461904395	0.059187494805151696	0.059187494805151696	0.059187494805151696	0.02143873730854957	0.07145238719632777	0.07145238719632777	0.07145238719632777	0.07392013890142306	0.8629455278051181	0.778435847645091	0.059187494805151696	0.07422839346318681	9	FLI1	1346
18	FLI1	BaggingClassifier_XGBClassifier	mono	0.866369927641549	0.8629455278051181	0.778435847645091	0.866369927641549	0.8629455278051181	0.778435847645091	0.7205370420633359	0.723210668783035	0.7184751939164368	0.009887643939834708	0.8585059362696851	0.859221920799223	0.8713087398313419	0.023132968865807194	0.9714747540827915	0.9669771008669079	0.9722431293314934	0.014946376761784471	0.07145238719632777	0.059187494805151696	0.07422839346318681	0.07145238719632777	0.059187494805151696	0.07422839346318681	0.07661291523209864	0.07537228360963552	0.07455397546105037	0.004112380461904395	0.06528529317999418	0.0713859828834014	0.08227785729590176	0.02143873730854957	0.3833697889145299	0.39545289328997935	0.4324391040945758	0.07392013890142306	0.8629455278051181	0.778435847645091	0.059187494805151696	0.07422839346318681	9	FLI1	1346
8	FLI1	Single best di PWM	di	0.0	0.0	0.0	0.8729613558652	0.8698968073326772	0.8126717789215121	0.8126717789215121	0.8126717789215121	0.8126717789215121	0.0071253092488734225	0.8698968073326772	0.8698968073326772	0.8698968073326772	0.017842986732463713	0.8729613558652	0.8729613558652	0.8729613558652	0.012085082536278484	0.0	0.0	0.0	0.07589323130358862	0.0691006853756839	0.1535081890752669	0.1535081890752669	0.1535081890752669	0.1535081890752669	0.006342763259032309	0.0691006853756839	0.0691006853756839	0.0691006853756839	0.020329907120635392	0.07589323130358862	0.07589323130358862	0.07589323130358862	0.05982074794403953	0.8698968073326772	0.8126717789215121	0.0691006853756839	0.1535081890752669	9	FLI1	1346
8	FLI1	BaggingClassifier_XGBClassifier	di	0.8729613558652	0.8698968073326772	0.8126717789215121	0.8729613558652	0.8698968073326772	0.8126717789215121	0.8179491438391021	0.817586531516903	0.8159991678529535	0.0071253092488734225	0.8728394131397638	0.8695806832664069	0.8664002939285386	0.017842986732463713	0.9650362941112712	0.9628940795441541	0.9650163860190178	0.012085082536278484	0.07589323130358862	0.0691006853756839	0.1535081890752669	0.07589323130358862	0.0691006853756839	0.1535081890752669	0.1744240647239537	0.1750162163944963	0.1738389484676297	0.006342763259032309	0.061031040459708516	0.06638238047430688	0.05959204758825069	0.020329907120635392	0.34823929919787694	0.3362650269461159	0.37260437985138845	0.05982074794403953	0.8698968073326772	0.8126717789215121	0.0691006853756839	0.1535081890752669	9	FLI1	1346
18	FLI1	BaggingClassifier_XGBClassifier	mono+di	0.0	0.8698968073326772	0.8126717789215121	0.0	0.8698968073326772	0.8126717789215121	0.8104141342036872	0.8102767548972327	0.8118223255293521	0.006188632517561533	0.8685932886318898	0.8716931165177072	0.8815034714979588	0.02078887423131226	0.978939427493942	0.9729173237146149	0.9779256123898108	0.014432380532114373	0.0	0.0691006853756839	0.1535081890752669	0.0	0.0691006853756839	0.1535081890752669	0.15901601474287735	0.1600801885012928	0.15945527648907637	0.005899601472828268	0.05733990651648985	0.07020950994158388	0.07551667149869865	0.019103547947635472	0.44661666483105766	0.4327693630870302	0.47817683002226324	0.08154147637112927	0.8698968073326772	0.8126717789215121	0.0691006853756839	0.1535081890752669	9	FLI1	1346
18	FLI1	Single best mono PWM	mono	0.866369927641549	0.8629455278051181	0.8063337127560679	0.0	0.0	0.0	0.8063337127560679	0.8063337127560679	0.8063337127560679	0.004431882070277595	0.8629455278051181	0.8629455278051181	0.8629455278051181	0.021069046074447883	0.866369927641549	0.866369927641549	0.866369927641549	0.007051805354053461	0.07145238719632777	0.059187494805151696	0.13607405142085272	0.0	0.0	0.0	0.13607405142085272	0.13607405142085272	0.13607405142085272	0.008602670149394927	0.059187494805151696	0.059187494805151696	0.059187494805151696	0.02435186881682457	0.07145238719632777	0.07145238719632777	0.07145238719632777	0.010140826665847154	0.8629455278051181	0.8063337127560679	0.059187494805151696	0.13607405142085272	9	FLI1	1346
18	FLI1	BaggingClassifier_LogisticRegression	mono	0.866369927641549	0.8629455278051181	0.8063337127560679	0.866369927641549	0.8629455278051181	0.8063337127560679	0.7835957397216586	0.7820967928438156	0.7821147065370724	0.004431882070277595	0.8686023622047244	0.8694412898441802	0.864310025098121	0.021069046074447883	0.8717096330398717	0.8714875684199509	0.8708151671566663	0.007051805354053461	0.07145238719632777	0.059187494805151696	0.13607405142085272	0.07145238719632777	0.059187494805151696	0.13607405142085272	0.14069654993071895	0.13684642358061583	0.1371990465884177	0.008602670149394927	0.059612233294458826	0.06813791756039338	0.07172563983501336	0.02435186881682457	0.07578142074622518	0.07901713020092951	0.07554661184152253	0.010140826665847154	0.8629455278051181	0.8063337127560679	0.059187494805151696	0.13607405142085272	9	FLI1	1346
8	FLI1	Single best di PWM	di	0.0	0.0	0.0	0.8729613558652	0.8698968073326772	0.8126717789215121	0.8126717789215121	0.8126717789215121	0.8126717789215121	0.006404160030609028	0.8698968073326772	0.8698968073326772	0.8698968073326772	0.018088678647575403	0.8729613558652	0.8729613558652	0.8729613558652	0.006916638857867758	0.0	0.0	0.0	0.07589323130358862	0.0691006853756839	0.1535081890752669	0.1535081890752669	0.1535081890752669	0.1535081890752669	0.008156075854786494	0.0691006853756839	0.0691006853756839	0.0691006853756839	0.025590094519585115	0.07589323130358862	0.07589323130358862	0.07589323130358862	0.0061138303301748655	0.8698968073326772	0.8126717789215121	0.0691006853756839	0.1535081890752669	9	FLI1	1346
8	FLI1	BaggingClassifier_LogisticRegression	di	0.8729613558652	0.8698968073326772	0.8126717789215121	0.8729613558652	0.8698968073326772	0.8126717789215121	0.825367045354305	0.8260172572615218	0.8245965626852066	0.006404160030609028	0.8796087598425197	0.8811198698041046	0.8847631732035148	0.018088678647575403	0.8790504709564138	0.8784858593523804	0.8754024747761593	0.006916638857867758	0.07589323130358862	0.0691006853756839	0.1535081890752669	0.07589323130358862	0.0691006853756839	0.1535081890752669	0.18999807750774028	0.19237274639645752	0.19148425309495296	0.008156075854786494	0.06491575430712077	0.07627284398069496	0.06902676284640435	0.025590094519585115	0.08013966212659863	0.08192994897317644	0.08239077736797175	0.0061138303301748655	0.8698968073326772	0.8126717789215121	0.0691006853756839	0.1535081890752669	9	FLI1	1346
18	FLI1	BaggingClassifier_LogisticRegression	mono+di	0.0	0.8698968073326772	0.8126717789215121	0.0	0.8698968073326772	0.8126717789215121	0.8072255618396856	0.8080761664183677	0.8053242492997865	0.008276225856664798	0.880611312746063	0.8816141448730194	0.8841776124429748	0.01876251245816694	0.8805298164979516	0.8797785588808026	0.877562927357566	0.006625569332724301	0.0	0.0691006853756839	0.1535081890752669	0.0	0.0691006853756839	0.1535081890752669	0.1554670687770515	0.156788652096942	0.15400753064410094	0.012313561255465861	0.06619350388817422	0.08100581329825632	0.07303935834167848	0.02911557720539783	0.08306490412276715	0.08583077515388844	0.08603473471097042	0.008106345214696272	0.8698968073326772	0.8126717789215121	0.0691006853756839	0.1535081890752669	9	FLI1	1346
28	GATA1	Single best mono PWM	mono	0.9051178315253963	0.9095333815491008	0.8687661155288231	0.0	0.0	0.0	0.8687661155288231	0.8687661155288231	0.8687661155288231	0.0034764786297092026	0.9095333815491008	0.9095333815491008	0.9095333815491008	0.00534490633394511	0.9051178315253963	0.9051178315253963	0.9051178315253963	0.004981803297042829	0.28821895260210767	0.34232462475589925	0.17126561412310856	0.0	0.0	0.0	0.17126561412310856	0.17126561412310856	0.17126561412310856	0.00667262512657865	0.34232462475589925	0.34232462475589925	0.34232462475589925	0.014957075973112919	0.28821895260210767	0.28821895260210767	0.28821895260210767	0.017123553658919623	0.9095333815491008	0.8687661155288231	0.34232462475589925	0.17126561412310856	10	GATA1	10000
28	GATA1	RandomForestClassifier	mono	0.9051178315253963	0.9095333815491008	0.8687661155288231	0.9051178315253963	0.9095333815491008	0.8687661155288231	0.8704419775298606	0.8744975665896257	0.8722933993417187	0.0034764786297092026	0.9175390401255892	0.917643866000429	0.9154429627448113	0.00534490633394511	0.9268947164966903	0.9267811072080484	0.9266009784156355	0.004981803297042829	0.28821895260210767	0.34232462475589925	0.17126561412310856	0.28821895260210767	0.34232462475589925	0.17126561412310856	0.18630814795258904	0.1878639512928011	0.18624886573793378	0.00667262512657865	0.34331287877856126	0.3461083127225469	0.34299491441775837	0.014957075973112919	0.35981395535313443	0.3615834075326313	0.3626899726006042	0.017123553658919623	0.9095333815491008	0.8687661155288231	0.34232462475589925	0.17126561412310856	10	GATA1	10000
14	GATA1	Single best di PWM	di	0.0	0.0	0.0	0.8992812080328721	0.9041951472189828	0.8812754335449895	0.8812754335449895	0.8812754335449895	0.8812754335449895	0.002142484278365362	0.9041951472189828	0.9041951472189828	0.9041951472189828	0.003820535744817911	0.8992812080328721	0.8992812080328721	0.8992812080328721	0.004006311706717606	0.0	0.0	0.0	0.28066586462286547	0.3156766543065134	0.20392215763580973	0.20392215763580973	0.20392215763580973	0.20392215763580973	0.004631980135972099	0.3156766543065134	0.3156766543065134	0.3156766543065134	0.016307499749377154	0.28066586462286547	0.28066586462286547	0.28066586462286547	0.017911350668541548	0.9041951472189828	0.8812754335449895	0.3156766543065134	0.20392215763580973	10	GATA1	10000
14	GATA1	RandomForestClassifier	di	0.8992812080328721	0.9041951472189828	0.8812754335449895	0.8992812080328721	0.9041951472189828	0.8812754335449895	0.9053355802378341	0.9046752518474598	0.9038523739699584	0.002142484278365362	0.9236041538711216	0.9237963774816501	0.9222623407626148	0.003820535744817911	0.9339272307303175	0.9334114314264613	0.9339833731713852	0.004006311706717606	0.28066586462286547	0.3156766543065134	0.20392215763580973	0.28066586462286547	0.3156766543065134	0.20392215763580973	0.23344954159666517	0.23216437335576584	0.2319323188802666	0.004631980135972099	0.35560770713550965	0.35665532366070646	0.35420492394766145	0.016307499749377154	0.3914757340615006	0.3916924174413701	0.39331745008813485	0.017911350668541548	0.9041951472189828	0.8812754335449895	0.3156766543065134	0.20392215763580973	10	GATA1	10000
28	GATA1	RandomForestClassifier	mono+di	0.0	0.9095333815491008	0.8812754335449895	0.0	0.9095333815491008	0.8812754335449895	0.8999839468517509	0.9022060035087499	0.9021126210228219	0.001863143161586357	0.9238850126331308	0.924477021141198	0.9228025133996113	0.004635202049324831	0.9355624814473678	0.93481926122627	0.9359465795592384	0.004618614078368422	0.0	0.34232462475589925	0.20392215763580973	0.0	0.34232462475589925	0.20392215763580973	0.23181850709790533	0.2333630892047484	0.23464473560483157	0.006961884350457073	0.3611788678606823	0.3641659524170219	0.3605613234071346	0.018126024001198355	0.39950851677854887	0.40044555659485553	0.3974949673159047	0.01686962650162432	0.9095333815491008	0.8812754335449895	0.34232462475589925	0.20392215763580973	10	GATA1	10000
28	GATA1	Single best mono PWM	mono	0.9051178315253963	0.9095333815491008	0.8895721334484638	0.0	0.0	0.0	0.8895721334484638	0.8895721334484638	0.8895721334484638	0.005308453159595688	0.9095333815491008	0.9095333815491008	0.9095333815491008	0.004505481022447987	0.9051178315253963	0.9051178315253963	0.9051178315253963	0.0051270358638985	0.28821895260210767	0.34232462475589925	0.21284019354600056	0.0	0.0	0.0	0.21284019354600056	0.21284019354600056	0.21284019354600056	0.004874244351538153	0.34232462475589925	0.34232462475589925	0.34232462475589925	0.01268417421392752	0.28821895260210767	0.28821895260210767	0.28821895260210767	0.011905402162280114	0.9095333815491008	0.8895721334484638	0.34232462475589925	0.21284019354600056	10	GATA1	10000
28	GATA1	LogisticRegression	mono	0.9051178315253963	0.9095333815491008	0.8895721334484638	0.9051178315253963	0.9095333815491008	0.8895721334484638	0.8413891070384987	0.8433971750959751	0.8442445777447847	0.005308453159595688	0.9177487252711257	0.9177472475623499	0.9163554135653288	0.004505481022447987	0.9123041801287588	0.9122705513942014	0.9114415722052944	0.0051270358638985	0.28821895260210767	0.34232462475589925	0.21284019354600056	0.28821895260210767	0.34232462475589925	0.21284019354600056	0.119719961183611	0.12195199182781395	0.11990665896376915	0.004874244351538153	0.35114214925572873	0.3534703782403728	0.350613146708499	0.01268417421392752	0.30228616572616973	0.3030027857889093	0.2963977210122527	0.011905402162280114	0.9095333815491008	0.8895721334484638	0.34232462475589925	0.21284019354600056	10	GATA1	10000
14	GATA1	Single best di PWM	di	0.0	0.0	0.0	0.8992812080328721	0.9041951472189828	0.8812754335449895	0.8812754335449895	0.8812754335449895	0.8812754335449895	0.0024982464151890745	0.9041951472189828	0.9041951472189828	0.9041951472189828	0.005167822441270343	0.8992812080328721	0.8992812080328721	0.8992812080328721	0.004826244402208402	0.0	0.0	0.0	0.28066586462286547	0.3156766543065134	0.20392215763580973	0.20392215763580973	0.20392215763580973	0.20392215763580973	0.004005490615308202	0.3156766543065134	0.3156766543065134	0.3156766543065134	0.01931266793283795	0.28066586462286547	0.28066586462286547	0.28066586462286547	0.009563311348600024	0.9041951472189828	0.8812754335449895	0.3156766543065134	0.20392215763580973	10	GATA1	10000
14	GATA1	LogisticRegression	di	0.8992812080328721	0.9041951472189828	0.8812754335449895	0.8992812080328721	0.9041951472189828	0.8812754335449895	0.9042024888207445	0.9041872539329684	0.9030900648547707	0.0024982464151890745	0.9231952252183933	0.923139029319933	0.9210042011381807	0.005167822441270343	0.9183344725802833	0.9183340479524275	0.917416461772232	0.004826244402208402	0.28066586462286547	0.3156766543065134	0.20392215763580973	0.28066586462286547	0.3156766543065134	0.20392215763580973	0.2339175600868447	0.2342352674769726	0.2331014514449152	0.004005490615308202	0.35929501647390605	0.3610629649802203	0.35927828454665095	0.01931266793283795	0.3171173235386643	0.3176366591912246	0.31365755846685456	0.009563311348600024	0.9041951472189828	0.8812754335449895	0.3156766543065134	0.20392215763580973	10	GATA1	10000
28	GATA1	LogisticRegression	mono+di	0.0	0.9095333815491008	0.8812754335449895	0.0	0.9095333815491008	0.8895721334484638	0.8926566354873237	0.8922200110776537	0.8921721439541067	0.001305918895103372	0.9272163485140842	0.9272660299242198	0.9255731458215393	0.004275877229615962	0.921524624055665	0.9215175969367759	0.9211430647775001	0.004619634492331534	0.0	0.34232462475589925	0.21284019354600056	0.0	0.34232462475589925	0.21284019354600056	0.22109960015742072	0.22096453026674892	0.2204857440897076	0.0023958670996286967	0.3713377206637656	0.37334976789593416	0.37125911119381505	0.020037181999496802	0.33139223123302813	0.33196889741177077	0.32987658549696425	0.008159761568459082	0.9095333815491008	0.8895721334484638	0.34232462475589925	0.21284019354600056	10	GATA1	10000
28	GATA1	Single best mono PWM	mono	0.9051178315253964	0.9095333815491008	0.8504917987602681	0.0	0.0	0.0	0.8504917987602681	0.8504917987602681	0.8504917987602681	0.0070688604868159	0.9095333815491008	0.9095333815491008	0.9095333815491008	0.0047441763708712	0.9051178315253964	0.9051178315253964	0.9051178315253964	0.0055914045576731	0.2882189526021076	0.3423246247558992	0.1738314980290897	0.0	0.0	0.0	0.1738314980290897	0.1738314980290897	0.1738314980290897	0.0124273198230324	0.3423246247558992	0.3423246247558992	0.3423246247558992	0.0107275647350623	0.2882189526021076	0.2882189526021076	0.2882189526021076	0.0244883561174647	0.9095333815491008	0.8504917987602681	0.3423246247558992	0.1738314980290897	10	GATA1	10000
28	GATA1	XGBClassifier	mono	0.9051178315253964	0.9095333815491008	0.8504917987602681	0.9051178315253964	0.9095333815491008	0.8504917987602681	0.8629029029949242	0.8558522546846569	0.8577830652091404	0.0070688604868159	0.9175388168835644	0.9171172131176356	0.9152771294539844	0.0047441763708712	0.9425926161716912	0.9426769052807178	0.9427001357733924	0.0055914045576731	0.2882189526021076	0.3423246247558992	0.1738314980290897	0.2882189526021076	0.3423246247558992	0.1738314980290897	0.1791873002804849	0.1526308503271788	0.153318019531758	0.0124273198230324	0.3301904515380395	0.3332359382535693	0.3326139320658824	0.0107275647350623	0.4459277114804682	0.4493146081782853	0.4500429884306449	0.0244883561174647	0.9095333815491008	0.8504917987602681	0.3423246247558992	0.1738314980290897	10	GATA1	10000
14	GATA1	Single best di PWM	di	0.0	0.0	0.0	0.8992812080328721	0.9041951472189828	0.8812754335449895	0.8812754335449895	0.8812754335449895	0.8812754335449895	0.0028452231509828	0.9041951472189828	0.9041951472189828	0.9041951472189828	0.0053343177494921	0.8992812080328721	0.8992812080328721	0.8992812080328721	0.0043686030345431	0.0	0.0	0.0	0.2806658646228654	0.3156766543065134	0.2039221576358097	0.2039221576358097	0.2039221576358097	0.2039221576358097	0.0070235181169441	0.3156766543065134	0.3156766543065134	0.3156766543065134	0.0219299771098405	0.2806658646228654	0.2806658646228654	0.2806658646228654	0.0272818282180297	0.9041951472189828	0.8812754335449895	0.3156766543065134	0.2039221576358097	10	GATA1	10000
14	GATA1	XGBClassifier	di	0.8992812080328721	0.9041951472189828	0.8812754335449895	0.8992812080328721	0.9041951472189828	0.8812754335449895	0.9022757314943102	0.9025377734654728	0.9022276462064878	0.0028452231509828	0.9213547841408596	0.9215240832425856	0.9211732067363876	0.0053343177494921	0.9479942165897518	0.9466744680697372	0.9488425435315264	0.0043686030345431	0.2806658646228654	0.3156766543065134	0.2039221576358097	0.2806658646228654	0.3156766543065134	0.2039221576358097	0.2173662191063586	0.2203148815810767	0.2224293846695284	0.0070235181169441	0.324755168441618	0.3340027249237554	0.3304446770146982	0.0219299771098405	0.4945253732598397	0.4792844063716881	0.4905570761034062	0.0272818282180297	0.9041951472189828	0.8812754335449895	0.3156766543065134	0.2039221576358097	10	GATA1	10000
28	GATA1	XGBClassifier	mono+di	0.0	0.9095333815491008	0.8812754335449895	0.0	0.9095333815491008	0.8812754335449895	0.8857893279970582	0.8867976174047129	0.8887481438965994	0.004563061308049	0.9267590913454276	0.9256240050521898	0.9255992994792442	0.0055726694147566	0.9536764673879324	0.9525056428262464	0.9546535969054945	0.004726539254985	0.0	0.34232462475589925	0.2039221576358097	0.0	0.3423246247558992	0.2039221576358097	0.1766776209275718	0.1802454103925169	0.1835273184834999	0.0066223581981019	0.3557086400194824	0.3544897264765499	0.3530838532010336	0.0120786713249435	0.5024407371570175	0.5145655825678637	0.5166695656002336	0.0241612862910807	0.9095333815491008	0.8812754335449895	0.3423246247558992	0.2039221576358097	10	GATA1	10000
28	GATA1	Single best mono PWM	mono	0.9051178315253963	0.9095333815491008	0.8425567454741252	0.0	0.0	0.0	0.8425567454741252	0.8425567454741252	0.8425567454741252	0.0051700276006365195	0.9095333815491008	0.9095333815491008	0.9095333815491008	0.00421819774691026	0.9051178315253963	0.9051178315253963	0.9051178315253963	0.005286704208032464	0.28821895260210767	0.34232462475589925	0.17110280646306314	0.0	0.0	0.0	0.17110280646306314	0.17110280646306314	0.17110280646306314	0.008194125391259865	0.34232462475589925	0.34232462475589925	0.34232462475589925	0.009216780049892783	0.28821895260210767	0.28821895260210767	0.28821895260210767	0.026381340092689328	0.9095333815491008	0.8425567454741252	0.34232462475589925	0.17110280646306314	10	GATA1	10000
28	GATA1	BaggingClassifier_XGBClassifier	mono	0.9051178315253963	0.9095333815491008	0.8425567454741252	0.9051178315253963	0.9095333815491008	0.8425567454741252	0.8328411811925852	0.8346967664226079	0.8342891469623304	0.0051700276006365195	0.9199411107833136	0.9191332747566242	0.9174295435407769	0.00421819774691026	0.9479656918282515	0.9473340924263312	0.9475272822041941	0.005286704208032464	0.28821895260210767	0.34232462475589925	0.17110280646306314	0.28821895260210767	0.34232462475589925	0.17110280646306314	0.11637077226997983	0.12339782424664884	0.11902822019799658	0.008194125391259865	0.34378646302719246	0.3450772875195232	0.3461000219517962	0.009216780049892783	0.45951282869575133	0.4540963925084549	0.45272820675702424	0.026381340092689328	0.9095333815491008	0.8425567454741252	0.34232462475589925	0.17110280646306314	10	GATA1	10000
14	GATA1	Single best di PWM	di	0.0	0.0	0.0	0.8992812080328721	0.9041951472189828	0.8812754335449895	0.8812754335449895	0.8812754335449895	0.8812754335449895	0.0020713039146783604	0.9041951472189828	0.9041951472189828	0.9041951472189828	0.003904728662373509	0.8992812080328721	0.8992812080328721	0.8992812080328721	0.004553620205898112	0.0	0.0	0.0	0.28066586462286547	0.3156766543065134	0.20392215763580973	0.20392215763580973	0.20392215763580973	0.20392215763580973	0.0065238571565768635	0.3156766543065134	0.3156766543065134	0.3156766543065134	0.01067497007090972	0.28066586462286547	0.28066586462286547	0.28066586462286547	0.02882983399165029	0.9041951472189828	0.8812754335449895	0.3156766543065134	0.20392215763580973	10	GATA1	10000
14	GATA1	BaggingClassifier_XGBClassifier	di	0.8992812080328721	0.9041951472189828	0.8812754335449895	0.8992812080328721	0.9041951472189828	0.8812754335449895	0.9052256113296255	0.904684769942718	0.903931172926856	0.0020713039146783604	0.924431150569778	0.9238098930980863	0.9230310268455709	0.003904728662373509	0.952317572623712	0.9520972295594159	0.9539684530132374	0.004553620205898112	0.28066586462286547	0.3156766543065134	0.20392215763580973	0.28066586462286547	0.3156766543065134	0.20392215763580973	0.22454341091823768	0.22584042908039034	0.22553388635936344	0.0065238571565768635	0.3418054527211213	0.33637324960345627	0.33693110741527366	0.01067497007090972	0.5016683474615953	0.49543710635898247	0.5047875822540584	0.02882983399165029	0.9041951472189828	0.8812754335449895	0.3156766543065134	0.20392215763580973	10	GATA1	10000
28	GATA1	BaggingClassifier_XGBClassifier	mono+di	0.0	0.9095333815491008	0.8812754335449895	0.0	0.9095333815491008	0.8812754335449895	0.896693436414496	0.89316462046757	0.8945294015160118	0.004545575545989037	0.9282923378669279	0.9279578730449999	0.9281716275851568	0.005131495863035945	0.9584256591851636	0.957507367158396	0.9594232340306593	0.004744692976405048	0.0	0.34232462475589925	0.20392215763580973	0.0	0.34232462475589925	0.20392215763580973	0.2130992210924753	0.21417523225117385	0.21475088149527288	0.003782796667240865	0.35829102511286515	0.356042322116869	0.35686224116846754	0.011495694196926172	0.529739447147187	0.5248278931899168	0.5284804814559881	0.028887508059929172	0.9095333815491008	0.8812754335449895	0.34232462475589925	0.20392215763580973	10	GATA1	10000
28	GATA1	Single best mono PWM	mono	0.9051178315253963	0.9095333815491008	0.8504917987602681	0.0	0.0	0.0	0.8504917987602681	0.8504917987602681	0.8504917987602681	0.004325744366462683	0.9095333815491008	0.9095333815491008	0.9095333815491008	0.004488878292709881	0.9051178315253963	0.9051178315253963	0.9051178315253963	0.005125290461454439	0.28821895260210767	0.34232462475589925	0.17383149802908976	0.0	0.0	0.0	0.17383149802908976	0.17383149802908976	0.17383149802908976	0.005719292387908101	0.34232462475589925	0.34232462475589925	0.34232462475589925	0.012511245387521176	0.28821895260210767	0.28821895260210767	0.28821895260210767	0.011990936365762279	0.9095333815491008	0.8504917987602681	0.34232462475589925	0.17383149802908976	10	GATA1	10000
28	GATA1	BaggingClassifier_LogisticRegression	mono	0.9051178315253963	0.9095333815491008	0.8504917987602681	0.9051178315253963	0.9095333815491008	0.8504917987602681	0.8708652940751588	0.8736094425595065	0.8731112406947157	0.004325744366462683	0.9177804391684762	0.9177550326975403	0.9163490293115186	0.004488878292709881	0.9123421744878042	0.9122951217522498	0.9114712619687735	0.005125290461454439	0.28821895260210767	0.34232462475589925	0.17383149802908976	0.28821895260210767	0.34232462475589925	0.17383149802908976	0.1956216374712092	0.19963457150074052	0.20242960920539899	0.005719292387908101	0.3511529111947173	0.353500556641276	0.3505226868985594	0.012511245387521176	0.30218444395887206	0.30297808270941357	0.29630407549280874	0.011990936365762279	0.9095333815491008	0.8504917987602681	0.34232462475589925	0.17383149802908976	10	GATA1	10000
14	GATA1	Single best di PWM	di	0.0	0.0	0.0	0.8992812080328721	0.9041951472189828	0.8812754335449895	0.8812754335449895	0.8812754335449895	0.8812754335449895	0.002485549162808836	0.9041951472189828	0.9041951472189828	0.9041951472189828	0.005179322681023143	0.8992812080328721	0.8992812080328721	0.8992812080328721	0.004830169059710089	0.0	0.0	0.0	0.28066586462286547	0.3156766543065134	0.20392215763580973	0.20392215763580973	0.20392215763580973	0.20392215763580973	0.003982940445040835	0.3156766543065134	0.3156766543065134	0.3156766543065134	0.019272781074652363	0.28066586462286547	0.28066586462286547	0.28066586462286547	0.00949214785001281	0.9041951472189828	0.8812754335449895	0.3156766543065134	0.20392215763580973	10	GATA1	10000
14	GATA1	BaggingClassifier_LogisticRegression	di	0.8992812080328721	0.9041951472189828	0.8812754335449895	0.8992812080328721	0.9041951472189828	0.8812754335449895	0.9042199136849847	0.904166055891911	0.9031437784251409	0.002485549162808836	0.9231707903640354	0.9231149616805471	0.9209590943551136	0.005179322681023143	0.9183559225251623	0.9183580868590747	0.9174375952731652	0.004830169059710089	0.28066586462286547	0.3156766543065134	0.20392215763580973	0.28066586462286547	0.3156766543065134	0.20392215763580973	0.23401419375734794	0.23413992402376074	0.2331397853775949	0.003982940445040835	0.3591469143731239	0.36099914959612256	0.3594967041620664	0.019272781074652363	0.3172505832242631	0.31791206403825356	0.313922034559622	0.00949214785001281	0.9041951472189828	0.8812754335449895	0.3156766543065134	0.20392215763580973	10	GATA1	10000
28	GATA1	BaggingClassifier_LogisticRegression	mono+di	0.0	0.9095333815491008	0.8812754335449895	0.0	0.9095333815491008	0.8812754335449895	0.8520947106198002	0.8576511337864388	0.8556237936598612	0.007477065349521327	0.9272170723594375	0.9272481583956294	0.9255854777677357	0.004263382339892993	0.9215545674074993	0.9215442901996822	0.9210902310251671	0.004620412158993073	0.0	0.34232462475589925	0.20392215763580973	0.0	0.34232462475589925	0.20392215763580973	0.17322726862331628	0.17724273996029052	0.17736335425250113	0.007098325551455876	0.37073486769663366	0.37293167712939923	0.3704022729884554	0.019430606851220635	0.33110570102421977	0.3320537405908083	0.3298363913884705	0.008258488936795629	0.9095333815491008	0.8812754335449895	0.34232462475589925	0.20392215763580973	10	GATA1	10000
37	GATA2	Single best mono PWM	mono	0.8514082089760225	0.8598215403820672	0.8022902748796349	0.0	0.0	0.0	0.8022902748796349	0.8022902748796349	0.8022902748796349	0.003524936541026727	0.8598215403820672	0.8598215403820672	0.8598215403820672	0.00830643999485547	0.8514082089760225	0.8514082089760225	0.8514082089760225	0.004189960734217555	0.21366464683659295	0.19970437272799865	0.10106110831905304	0.0	0.0	0.0	0.10106110831905304	0.10106110831905304	0.10106110831905304	0.004653254491077177	0.19970437272799865	0.19970437272799865	0.19970437272799865	0.018677531038094726	0.21366464683659295	0.21366464683659295	0.21366464683659295	0.007167458665917921	0.8598215403820672	0.8022902748796349	0.19970437272799865	0.10106110831905304	11	GATA2	9734
37	GATA2	RandomForestClassifier	mono	0.8514082089760225	0.8598215403820672	0.8022902748796349	0.8514082089760225	0.8598215403820672	0.8022902748796349	0.8074334065958066	0.8079952841500576	0.8068738955638415	0.003524936541026727	0.8826660165204822	0.8825896662080469	0.8863470724191063	0.00830643999485547	0.8901080719599085	0.8900982120231451	0.8907043135587992	0.004189960734217555	0.21366464683659295	0.19970437272799865	0.10106110831905304	0.21366464683659295	0.19970437272799865	0.10106110831905304	0.11119748187162554	0.11239293941594419	0.11234627102779632	0.004653254491077177	0.21415684479433217	0.21425802198058386	0.21779149054125188	0.018677531038094726	0.29031243135685164	0.2893665626336393	0.2918608212191353	0.007167458665917921	0.8598215403820672	0.8022902748796349	0.19970437272799865	0.10106110831905304	11	GATA2	9734
18	GATA2	Single best di PWM	di	0.0	0.0	0.0	0.8543794477869889	0.8675937730268306	0.8128693824222303	0.8128693824222303	0.8128693824222303	0.8128693824222303	0.002679304024684788	0.8675937730268306	0.8675937730268306	0.8675937730268306	0.00708397256853027	0.8543794477869889	0.8543794477869889	0.8543794477869889	0.003130462360894275	0.0	0.0	0.0	0.18486494583354357	0.16083067525040184	0.10844936276337618	0.10844936276337618	0.10844936276337618	0.10844936276337618	0.004623059759703514	0.16083067525040184	0.16083067525040184	0.16083067525040184	0.012530494449937094	0.18486494583354357	0.18486494583354357	0.18486494583354357	0.009710734302690649	0.8675937730268306	0.8128693824222303	0.16083067525040184	0.10844936276337618	11	GATA2	9734
18	GATA2	RandomForestClassifier	di	0.8543794477869889	0.8675937730268306	0.8128693824222303	0.8543794477869889	0.8675937730268306	0.8128693824222303	0.8341471237790307	0.8343524646925987	0.8339422612211118	0.002679304024684788	0.8922638638492091	0.8925286579417271	0.8931152459438578	0.00708397256853027	0.9012230280285538	0.9012745342090606	0.9018722531536021	0.003130462360894275	0.18486494583354357	0.16083067525040184	0.10844936276337618	0.18486494583354357	0.16083067525040184	0.10844936276337618	0.1279191382769928	0.12914487766299756	0.12873869166141813	0.004623059759703514	0.22894361320135248	0.2304810202976106	0.2367063128572702	0.012530494449937094	0.3207220611521762	0.3212510671818105	0.3237878922258345	0.009710734302690649	0.8675937730268306	0.8128693824222303	0.16083067525040184	0.10844936276337618	11	GATA2	9734
37	GATA2	RandomForestClassifier	mono+di	0.0	0.8675937730268306	0.8128693824222303	0.0	0.8675937730268306	0.8128693824222303	0.8318278199511571	0.8316007534681998	0.8307491861448648	0.002827075978670947	0.891841197990109	0.8923691907415429	0.8938098120010302	0.007431448863315739	0.9026086441990987	0.9023758216152225	0.9022907388105535	0.0033323284702860513	0.0	0.19970437272799865	0.10844936276337618	0.0	0.19970437272799865	0.10844936276337618	0.12732411673506494	0.1280504740841732	0.12504311088372544	0.005217078434077628	0.23123702186537706	0.2302894780910114	0.23606638562960405	0.012778062385488363	0.3205648561613041	0.3191146452133687	0.31860539953438183	0.010103466345155743	0.8675937730268306	0.8128693824222303	0.19970437272799865	0.10844936276337618	11	GATA2	9734
37	GATA2	Single best mono PWM	mono	0.8514082089760225	0.8598215403820672	0.8045684461715333	0.0	0.0	0.0	0.8045684461715333	0.8045684461715333	0.8045684461715333	0.00606942146954841	0.8598215403820672	0.8598215403820672	0.8598215403820672	0.00964736994992054	0.8514082089760225	0.8514082089760225	0.8514082089760225	0.003048709897751382	0.21366464683659295	0.19970437272799865	0.1049434393116818	0.0	0.0	0.0	0.1049434393116818	0.1049434393116818	0.1049434393116818	0.004627373837036259	0.19970437272799865	0.19970437272799865	0.19970437272799865	0.016034621645226697	0.21366464683659295	0.21366464683659295	0.21366464683659295	0.005716416559912543	0.8598215403820672	0.8045684461715333	0.19970437272799865	0.1049434393116818	11	GATA2	9734
37	GATA2	LogisticRegression	mono	0.8514082089760225	0.8598215403820672	0.8045684461715333	0.8514082089760225	0.8598215403820672	0.8045684461715333	0.7594899018595653	0.7636377631050909	0.7614412191006358	0.00606942146954841	0.8826587961722184	0.8825871323904646	0.886364280195725	0.00964736994992054	0.8749311413045152	0.8747949325900395	0.8749182033795986	0.003048709897751382	0.21366464683659295	0.19970437272799865	0.1049434393116818	0.21366464683659295	0.19970437272799865	0.1049434393116818	0.09551589596862806	0.09774810880685071	0.09579965871088023	0.004627373837036259	0.2140492791165777	0.2162966494450475	0.2105688491681426	0.016034621645226697	0.2361531785833159	0.23654222278384715	0.23850645048166896	0.005716416559912543	0.8598215403820672	0.8045684461715333	0.19970437272799865	0.1049434393116818	11	GATA2	9734
18	GATA2	Single best di PWM	di	0.0	0.0	0.0	0.8543794477869889	0.8675937730268306	0.8128693824222303	0.8128693824222303	0.8128693824222303	0.8128693824222303	0.0028020609495846304	0.8675937730268306	0.8675937730268306	0.8675937730268306	0.007568865478344614	0.8543794477869889	0.8543794477869889	0.8543794477869889	0.0026309734496111005	0.0	0.0	0.0	0.18486494583354357	0.16083067525040184	0.10844936276337618	0.10844936276337618	0.10844936276337618	0.10844936276337618	0.0038938227880616965	0.16083067525040184	0.16083067525040184	0.16083067525040184	0.01633675882173492	0.18486494583354357	0.18486494583354357	0.18486494583354357	0.005576232418703033	0.8675937730268306	0.8128693824222303	0.16083067525040184	0.10844936276337618	11	GATA2	9734
18	GATA2	LogisticRegression	di	0.8543794477869889	0.8675937730268306	0.8128693824222303	0.8543794477869889	0.8675937730268306	0.8128693824222303	0.8351955016029121	0.8352119455017911	0.8345350689362193	0.0028020609495846304	0.8910057994981176	0.8909285264510232	0.8925674736028845	0.007568865478344614	0.8856889458418752	0.8856221431573348	0.8844109760423173	0.0026309734496111005	0.18486494583354357	0.16083067525040184	0.10844936276337618	0.18486494583354357	0.16083067525040184	0.10844936276337618	0.13602144985320536	0.1363033447382516	0.13407286084392817	0.0038938227880616965	0.23076300629636215	0.23310913451181245	0.236330561536728	0.01633675882173492	0.25265429252118005	0.2530051271059644	0.25527802193182547	0.005576232418703033	0.8675937730268306	0.8128693824222303	0.16083067525040184	0.10844936276337618	11	GATA2	9734
37	GATA2	LogisticRegression	mono+di	0.0	0.8675937730268306	0.8128693824222303	0.0	0.8675937730268306	0.8128693824222303	0.8211842499723129	0.8222585458748151	0.8221518915886489	0.0022130643978992884	0.8942254844973062	0.8941060582551016	0.8972803244913727	0.008042107611781934	0.8902669967584432	0.8901231492842742	0.889003379290137	0.002642547155504643	0.0	0.19970437272799865	0.10844936276337618	0.0	0.19970437272799865	0.10844936276337618	0.11216696944656067	0.11405850817428265	0.11475136065993588	0.0028408429683543525	0.23869248174826987	0.24134083459676686	0.24530289619147969	0.015524843918289599	0.2629546588714455	0.26340726159495037	0.2659892789308096	0.005420192379957032	0.8675937730268306	0.8128693824222303	0.19970437272799865	0.10844936276337618	11	GATA2	9734
37	GATA2	Single best mono PWM	mono	0.8514082089760225	0.8598215403820672	0.8079320036246125	0.0	0.0	0.0	0.8079320036246125	0.8079320036246125	0.8079320036246125	0.0048324642590134	0.8598215403820672	0.8598215403820672	0.8598215403820672	0.0084861301070454	0.8514082089760225	0.8514082089760225	0.8514082089760225	0.0053239728155019	0.2136646468365929	0.1997043727279986	0.1075540937995694	0.0	0.0	0.0	0.1075540937995694	0.1075540937995694	0.1075540937995694	0.007535389639326	0.1997043727279986	0.1997043727279986	0.1997043727279986	0.020694005388325	0.2136646468365929	0.2136646468365929	0.2136646468365929	0.0110328296904067	0.8598215403820672	0.8079320036246125	0.1997043727279986	0.1075540937995694	11	GATA2	9734
37	GATA2	XGBClassifier	mono	0.8514082089760225	0.8598215403820672	0.8079320036246125	0.8514082089760225	0.8598215403820672	0.8079320036246125	0.8017965487988228	0.7976520411488556	0.7987447603632123	0.0048324642590134	0.8792046256405533	0.880368246732927	0.8817487767190316	0.0084861301070454	0.9119315853888684	0.9111584361740424	0.912922005846374	0.0053239728155019	0.2136646468365929	0.1997043727279986	0.1075540937995694	0.2136646468365929	0.1997043727279986	0.1075540937995694	0.1009199365765024	0.0926431743531362	0.0943052260406496	0.007535389639326	0.1981209047992852	0.1990824854243238	0.1966407000228139	0.020694005388325	0.3415538571580741	0.3441240184862543	0.3464633827758899	0.0110328296904067	0.8598215403820672	0.8079320036246125	0.1997043727279986	0.1075540937995694	11	GATA2	9734
18	GATA2	Single best di PWM	di	0.0	0.0	0.0	0.8543794477869889	0.8675937730268306	0.8128693824222303	0.8128693824222303	0.8128693824222303	0.8128693824222303	0.0027030359098747	0.8675937730268306	0.8675937730268306	0.8675937730268306	0.0073130585660501	0.8543794477869889	0.8543794477869889	0.8543794477869889	0.0055045985500507	0.0	0.0	0.0	0.1848649458335435	0.1608306752504018	0.1084493627633761	0.1084493627633761	0.1084493627633761	0.1084493627633761	0.0070690997598777	0.1608306752504018	0.1608306752504018	0.1608306752504018	0.018185296438276	0.1848649458335435	0.1848649458335435	0.1848649458335435	0.0230985479053313	0.8675937730268306	0.8128693824222303	0.1608306752504018	0.1084493627633761	11	GATA2	9734
18	GATA2	XGBClassifier	di	0.8543794477869889	0.8675937730268306	0.8128693824222303	0.8543794477869889	0.8675937730268306	0.8128693824222303	0.8366310796215359	0.8358837569359935	0.8362064549338686	0.0027030359098747	0.8889304163860976	0.88953520121592	0.8932289466907031	0.0073130585660501	0.920262541020274	0.9184956238671576	0.9206088384919072	0.0055045985500507	0.1848649458335435	0.1608306752504018	0.1084493627633761	0.1848649458335435	0.1608306752504018	0.1084493627633761	0.1351391285607684	0.1324376463101084	0.129636898253033	0.0070690997598777	0.204866731446207	0.2163601937672702	0.2210933182202558	0.018185296438276	0.3996226277842936	0.3900101458244133	0.3983328217949081	0.0230985479053313	0.8675937730268306	0.8128693824222303	0.1608306752504018	0.1084493627633761	11	GATA2	9734
37	GATA2	XGBClassifier	mono+di	0.0	0.8675937730268306	0.8128693824222303	0.0	0.8675937730268306	0.8128693824222303	0.832871406780454	0.8338767583630385	0.8324796846521192	0.0049015118776414	0.8899633144914253	0.8900965403695104	0.8918400721091939	0.0058119285402889	0.9277005965629688	0.926473993165036	0.9283317486711772	0.0049264187179708	0.0	0.19970437272799865	0.1084493627633761	0.0	0.1997043727279986	0.1084493627633761	0.1253577018409223	0.1275211081029827	0.1260722711790688	0.0067927938842591	0.211597755934253	0.213444660167307	0.2168688302401484	0.013916374515321	0.4061045642345386	0.4024848235794345	0.4078984229544656	0.0234096562101775	0.8675937730268306	0.8128693824222303	0.1997043727279986	0.1084493627633761	11	GATA2	9734
37	GATA2	Single best mono PWM	mono	0.8514082089760225	0.8598215403820672	0.8031331417798686	0.0	0.0	0.0	0.8031331417798686	0.8031331417798686	0.8031331417798686	0.005546234476034227	0.8598215403820672	0.8598215403820672	0.8598215403820672	0.0073519550196450584	0.8514082089760225	0.8514082089760225	0.8514082089760225	0.005389279557286568	0.21366464683659295	0.19970437272799865	0.10987200018484605	0.0	0.0	0.0	0.10987200018484605	0.10987200018484605	0.10987200018484605	0.006901787072841703	0.19970437272799865	0.19970437272799865	0.19970437272799865	0.016875745793788515	0.21366464683659295	0.21366464683659295	0.21366464683659295	0.012673389882175158	0.8598215403820672	0.8031331417798686	0.19970437272799865	0.10987200018484605	11	GATA2	9734
37	GATA2	BaggingClassifier_XGBClassifier	mono	0.8514082089760225	0.8598215403820672	0.8031331417798686	0.8514082089760225	0.8598215403820672	0.8031331417798686	0.7956791944934029	0.7919003246030979	0.7917540084400054	0.005546234476034227	0.8823752873085982	0.8833676292156879	0.8855197740112994	0.0073519550196450584	0.9218548362616479	0.9214134864472953	0.9230677606514399	0.005389279557286568	0.21366464683659295	0.19970437272799865	0.10987200018484605	0.21366464683659295	0.19970437272799865	0.10987200018484605	0.09400352715038722	0.09414988410838283	0.09483861464675805	0.006901787072841703	0.20836430069249426	0.21017318186065556	0.20837927379065566	0.016875745793788515	0.3535610939324043	0.3561964276028147	0.35714366325898783	0.012673389882175158	0.8598215403820672	0.8031331417798686	0.19970437272799865	0.10987200018484605	11	GATA2	9734
18	GATA2	Single best di PWM	di	0.0	0.0	0.0	0.8543794477869889	0.8675937730268306	0.8128693824222303	0.8128693824222303	0.8128693824222303	0.8128693824222303	0.002842323034989766	0.8675937730268306	0.8675937730268306	0.8675937730268306	0.007034075069008147	0.8543794477869889	0.8543794477869889	0.8543794477869889	0.0049185799795037274	0.0	0.0	0.0	0.18486494583354357	0.16083067525040184	0.10844936276337618	0.10844936276337618	0.10844936276337618	0.10844936276337618	0.0065615262946954415	0.16083067525040184	0.16083067525040184	0.16083067525040184	0.01836704476267751	0.18486494583354357	0.18486494583354357	0.18486494583354357	0.020242814957950987	0.8675937730268306	0.8128693824222303	0.16083067525040184	0.10844936276337618	11	GATA2	9734
18	GATA2	BaggingClassifier_XGBClassifier	di	0.8543794477869889	0.8675937730268306	0.8128693824222303	0.8543794477869889	0.8675937730268306	0.8128693824222303	0.8389857443971662	0.8385932595727523	0.8388833087552342	0.002842323034989766	0.8919315809033858	0.8914191420040086	0.8933207571465361	0.007034075069008147	0.9277736454198298	0.9276022667420686	0.9292724381587977	0.0049185799795037274	0.18486494583354357	0.16083067525040184	0.10844936276337618	0.18486494583354357	0.16083067525040184	0.10844936276337618	0.13358219440584718	0.13713510364248513	0.13475229414312556	0.0065615262946954415	0.22118767089200822	0.226585537617857	0.22822771135916778	0.01836704476267751	0.4060600565127553	0.4021835293714791	0.41198157671487906	0.020242814957950987	0.8675937730268306	0.8128693824222303	0.16083067525040184	0.10844936276337618	11	GATA2	9734
37	GATA2	BaggingClassifier_XGBClassifier	mono+di	0.0	0.8675937730268306	0.8128693824222303	0.0	0.8675937730268306	0.8128693824222303	0.8350115866384893	0.835538449065192	0.8360479195767392	0.002643127688432897	0.8953498385981925	0.8947283307807667	0.8978526912181304	0.0062131601366705825	0.9364077248658951	0.9350446531469865	0.9367671278661626	0.005231658473233557	0.0	0.19970437272799865	0.10987200018484605	0.0	0.19970437272799865	0.10987200018484605	0.12165402600378192	0.12464410668572819	0.12230640677025265	0.006925361855938209	0.2288719536783734	0.22444477660778595	0.22851448427857127	0.015126677187399847	0.42576794740513263	0.42400149048714375	0.43078482019910924	0.022006643939545784	0.8675937730268306	0.8128693824222303	0.19970437272799865	0.10987200018484605	11	GATA2	9734
37	GATA2	Single best mono PWM	mono	0.8514082089760225	0.8598215403820672	0.7937948061622586	0.0	0.0	0.0	0.7937948061622586	0.7937948061622586	0.7937948061622586	0.0035969865946811337	0.8598215403820672	0.8598215403820672	0.8598215403820672	0.009735280839079914	0.8514082089760225	0.8514082089760225	0.8514082089760225	0.0030613204216652957	0.21366464683659295	0.19970437272799865	0.10480021988841136	0.0	0.0	0.0	0.10480021988841136	0.10480021988841136	0.10480021988841136	0.002910684656641524	0.19970437272799865	0.19970437272799865	0.19970437272799865	0.016348975126237262	0.21366464683659295	0.21366464683659295	0.21366464683659295	0.005502444174342065	0.8598215403820672	0.7937948061622586	0.19970437272799865	0.10480021988841136	11	GATA2	9734
37	GATA2	BaggingClassifier_LogisticRegression	mono	0.8514082089760225	0.8598215403820672	0.7937948061622586	0.8514082089760225	0.8598215403820672	0.7937948061622586	0.7775180364489677	0.7784196724002452	0.7780375645398433	0.0035969865946811337	0.8825383748260669	0.8825870771622899	0.886252768477981	0.009735280839079914	0.8749536302407883	0.8747409918986392	0.874841436461228	0.0030613204216652957	0.21366464683659295	0.19970437272799865	0.10480021988841136	0.21366464683659295	0.19970437272799865	0.10480021988841136	0.07393157196783151	0.07430028750528374	0.07293089715598391	0.002910684656641524	0.2141258874345397	0.2164469228177806	0.21204364205105386	0.016348975126237262	0.23615198557343084	0.23646995435114979	0.23806170224601275	0.005502444174342065	0.8598215403820672	0.7937948061622586	0.19970437272799865	0.10480021988841136	11	GATA2	9734
18	GATA2	Single best di PWM	di	0.0	0.0	0.0	0.8543794477869889	0.8675937730268306	0.8128693824222303	0.8128693824222303	0.8128693824222303	0.8128693824222303	0.0028579391221553686	0.8675937730268306	0.8675937730268306	0.8675937730268306	0.007557425951851539	0.8543794477869889	0.8543794477869889	0.8543794477869889	0.002608237296303906	0.0	0.0	0.0	0.18486494583354357	0.16083067525040184	0.10844936276337618	0.10844936276337618	0.10844936276337618	0.10844936276337618	0.003970831267019389	0.16083067525040184	0.16083067525040184	0.16083067525040184	0.016345168812559888	0.18486494583354357	0.18486494583354357	0.18486494583354357	0.005506179807312923	0.8675937730268306	0.8128693824222303	0.16083067525040184	0.10844936276337618	11	GATA2	9734
18	GATA2	BaggingClassifier_LogisticRegression	di	0.8543794477869889	0.8675937730268306	0.8128693824222303	0.8543794477869889	0.8675937730268306	0.8128693824222303	0.835190569719553	0.8351986342221966	0.8343753272469483	0.0028579391221553686	0.8910803485444715	0.8909441934126949	0.8926498841102242	0.007557425951851539	0.885707513506762	0.8855648255058038	0.8842633610153678	0.002608237296303906	0.18486494583354357	0.16083067525040184	0.10844936276337618	0.18486494583354357	0.16083067525040184	0.10844936276337618	0.1359680411701989	0.13639317771527262	0.13401183927676155	0.003970831267019389	0.23061106869803744	0.23263879415939387	0.2359970282096088	0.016345168812559888	0.25256804642299124	0.25283947478561175	0.255196758040906	0.005506179807312923	0.8675937730268306	0.8128693824222303	0.16083067525040184	0.10844936276337618	11	GATA2	9734
37	GATA2	BaggingClassifier_LogisticRegression	mono+di	0.0	0.8675937730268306	0.8128693824222303	0.0	0.8675937730268306	0.8128693824222303	0.7951188194834715	0.7973199360487353	0.7972198763744848	0.00427762051866294	0.8941909412177858	0.8940744103916568	0.8970723667267576	0.008055675906133571	0.890291188500794	0.8900859970192665	0.8889238850077495	0.0026117820066654768	0.0	0.19970437272799865	0.10844936276337618	0.0	0.19970437272799865	0.10844936276337618	0.11671855281634991	0.11854101835520252	0.11763773251973386	0.006031241120820701	0.23815446229363096	0.24127044904193326	0.24519348763755963	0.015515387381291431	0.2627327899624046	0.26312727518313145	0.2656156154782018	0.005181947568741388	0.8675937730268306	0.8128693824222303	0.19970437272799865	0.10844936276337618	11	GATA2	9734
44	GATA3	Single best mono PWM	mono	0.8047338610017798	0.8008362795720226	0.7871765383348713	0.0	0.0	0.0	0.7871765383348713	0.7871765383348713	0.7871765383348713	0.0051117993067497525	0.8008362795720226	0.8008362795720226	0.8008362795720226	0.010984811773774882	0.8047338610017798	0.8047338610017798	0.8047338610017798	0.004630603428048416	0.1453070192220517	0.1182923649310322	0.10385102062924408	0.0	0.0	0.0	0.10385102062924408	0.10385102062924408	0.10385102062924408	0.0034458580971236216	0.1182923649310322	0.1182923649310322	0.1182923649310322	0.02071045116074861	0.1453070192220517	0.1453070192220517	0.1453070192220517	0.01076188784798352	0.8008362795720226	0.7871765383348713	0.1182923649310322	0.10385102062924408	12	GATA3	8900
44	GATA3	RandomForestClassifier	mono	0.8047338610017798	0.8008362795720226	0.7871765383348713	0.8047338610017798	0.8008362795720226	0.7871765383348713	0.7798092812028211	0.7729597247962935	0.7740882934726986	0.0051117993067497525	0.8230241425625755	0.8229850134974823	0.8268278487517629	0.010984811773774882	0.8528560609036204	0.852388889354633	0.8537173313340279	0.004630603428048416	0.1453070192220517	0.1182923649310322	0.10385102062924408	0.1453070192220517	0.1182923649310322	0.10385102062924408	0.09688767641736871	0.09525142859284608	0.095352293857036	0.0034458580971236216	0.12822891869190742	0.13491545258699092	0.1341428062975904	0.02071045116074861	0.24225694631940592	0.24436272486634822	0.2417652735428276	0.01076188784798352	0.8008362795720226	0.7871765383348713	0.1182923649310322	0.10385102062924408	12	GATA3	8900
19	GATA3	Single best di PWM	di	0.0	0.0	0.0	0.8128979272476657	0.8077128514786259	0.8299557317260067	0.8299557317260067	0.8299557317260067	0.8299557317260067	0.005318893080619361	0.8077128514786259	0.8077128514786259	0.8077128514786259	0.010793786270257446	0.8128979272476657	0.8128979272476657	0.8128979272476657	0.005300190677856334	0.0	0.0	0.0	0.1646010183923765	0.1254818109573643	0.16949223218301498	0.16949223218301498	0.16949223218301498	0.16949223218301498	0.008130255070979309	0.1254818109573643	0.1254818109573643	0.1254818109573643	0.017960670428193937	0.1646010183923765	0.1646010183923765	0.1646010183923765	0.013166866489266772	0.8077128514786259	0.8299557317260067	0.1254818109573643	0.16949223218301498	12	GATA3	8900
19	GATA3	RandomForestClassifier	di	0.8128979272476657	0.8077128514786259	0.8299557317260067	0.8128979272476657	0.8077128514786259	0.8299557317260067	0.8560905001646673	0.8561865098075307	0.8555387598296874	0.005318893080619361	0.8325261131551972	0.8329895016460036	0.8359748573735846	0.010793786270257446	0.8598314636229483	0.8591800213287427	0.8593244042811755	0.005300190677856334	0.1646010183923765	0.1254818109573643	0.16949223218301498	0.1646010183923765	0.1254818109573643	0.16949223218301498	0.24783353161268187	0.24823979105757485	0.248628715439176	0.008130255070979309	0.15987987352634356	0.16090236942297914	0.17069688082513026	0.017960670428193937	0.2925424335717389	0.29423651716917526	0.2908764756368159	0.013166866489266772	0.8077128514786259	0.8299557317260067	0.1254818109573643	0.16949223218301498	12	GATA3	8900
44	GATA3	RandomForestClassifier	mono+di	0.0	0.8077128514786259	0.8299557317260067	0.0	0.8077128514786259	0.8299557317260067	0.8389324521731191	0.8439482814740017	0.8431544308134826	0.005523123363310226	0.8399159938050764	0.8393643785026307	0.8428423492804795	0.009499071550807602	0.8677874767443602	0.8679668812827837	0.8687900100820265	0.004591410991010656	0.0	0.1254818109573643	0.16949223218301498	0.0	0.1254818109573643	0.16949223218301498	0.21651132335236908	0.21717144452237297	0.2207158822010578	0.00979430990397132	0.15856967769358848	0.16118116964054088	0.16873071269747003	0.019170920399898518	0.30386675468096686	0.299692907453013	0.2975749434188397	0.014086001847438735	0.8077128514786259	0.8299557317260067	0.1254818109573643	0.16949223218301498	12	GATA3	8900
44	GATA3	Single best mono PWM	mono	0.8047338610017798	0.8008362795720226	0.7688588123086354	0.0	0.0	0.0	0.7688588123086354	0.7688588123086354	0.7688588123086354	0.007369529748001945	0.8008362795720226	0.8008362795720226	0.8008362795720226	0.009454194500033226	0.8047338610017798	0.8047338610017798	0.8047338610017798	0.002829120069249637	0.1453070192220517	0.1182923649310322	0.09109025006207765	0.0	0.0	0.0	0.09109025006207765	0.09109025006207765	0.09109025006207765	0.004353854608083919	0.1182923649310322	0.1182923649310322	0.1182923649310322	0.013150709384393626	0.1453070192220517	0.1453070192220517	0.1453070192220517	0.005351055662534866	0.8008362795720226	0.7688588123086354	0.1182923649310322	0.09109025006207765	12	GATA3	8900
44	GATA3	LogisticRegression	mono	0.8047338610017798	0.8008362795720226	0.7688588123086354	0.8047338610017798	0.8008362795720226	0.7688588123086354	0.7782171500167928	0.7778334913720962	0.7751760458583014	0.007369529748001945	0.8265539403116121	0.8263890726904214	0.8310925232840005	0.009454194500033226	0.8265808170415582	0.8265067860003763	0.8264390918031024	0.002829120069249637	0.1453070192220517	0.1182923649310322	0.09109025006207765	0.1453070192220517	0.1182923649310322	0.09109025006207765	0.09981685159869363	0.10016555138233484	0.09905333683932391	0.004353854608083919	0.1351800017347045	0.13546035035663012	0.13808575282928187	0.013150709384393626	0.16757451192017292	0.16766065203566688	0.16603932098853705	0.005351055662534866	0.8008362795720226	0.7688588123086354	0.1182923649310322	0.09109025006207765	12	GATA3	8900
19	GATA3	Single best di PWM	di	0.0	0.0	0.0	0.8128979272476657	0.8077128514786259	0.8299557317260067	0.8299557317260067	0.8299557317260067	0.8299557317260067	0.004758989483995819	0.8077128514786259	0.8077128514786259	0.8077128514786259	0.009457607700546778	0.8128979272476657	0.8128979272476657	0.8128979272476657	0.0020704628452645727	0.0	0.0	0.0	0.1646010183923765	0.1254818109573643	0.16949223218301498	0.16949223218301498	0.16949223218301498	0.16949223218301498	0.00569804047580261	0.1254818109573643	0.1254818109573643	0.1254818109573643	0.011813726173432662	0.1646010183923765	0.1646010183923765	0.1646010183923765	0.006913832796317709	0.8077128514786259	0.8299557317260067	0.1254818109573643	0.16949223218301498	12	GATA3	8900
19	GATA3	LogisticRegression	di	0.8128979272476657	0.8077128514786259	0.8299557317260067	0.8128979272476657	0.8077128514786259	0.8299557317260067	0.8557759977044401	0.8557666671330982	0.8543552672489871	0.004758989483995819	0.8297820582159667	0.8299190372238036	0.8319731293386172	0.009457607700546778	0.8388846112744545	0.8388546456053593	0.8383815678464	0.0020704628452645727	0.1646010183923765	0.1254818109573643	0.16949223218301498	0.1646010183923765	0.1254818109573643	0.16949223218301498	0.2275068252302007	0.22737074904266835	0.22778373496506088	0.00569804047580261	0.14360202265481797	0.14599728053820643	0.14391485946100674	0.011813726173432662	0.2024375166867919	0.2027571377334692	0.20115867923451733	0.006913832796317709	0.8077128514786259	0.8299557317260067	0.1254818109573643	0.16949223218301498	12	GATA3	8900
44	GATA3	LogisticRegression	mono+di	0.0	0.8077128514786259	0.8299557317260067	0.0	0.8077128514786259	0.8299557317260067	0.838826993044845	0.8393332105814402	0.8383108013587979	0.006248688570579704	0.8457053409555431	0.8456987648717249	0.8471107297700612	0.009603033855289704	0.8522330435969305	0.8521716586863218	0.8516380298366651	0.0013350408193156173	0.0	0.1254818109573643	0.16949223218301498	0.0	0.1254818109573643	0.16949223218301498	0.1960439925561427	0.19595590729670384	0.19788727838004477	0.008924576959428063	0.15747816475996	0.1584742374905041	0.15757902548854752	0.01376679601797513	0.2189500663785455	0.2190459761599899	0.219198978623625	0.006686768147458282	0.8077128514786259	0.8299557317260067	0.1254818109573643	0.16949223218301498	12	GATA3	8900
44	GATA3	Single best mono PWM	mono	0.8047338610017798	0.8008362795720226	0.7132169561658933	0.0	0.0	0.0	0.7132169561658933	0.7132169561658933	0.7132169561658933	0.0173901756365927	0.8008362795720226	0.8008362795720226	0.8008362795720226	0.0109496352113832	0.8047338610017798	0.8047338610017798	0.8047338610017798	0.0082138514247664	0.1453070192220517	0.1182923649310322	0.0706078436984889	0.0	0.0	0.0	0.0706078436984889	0.0706078436984889	0.0706078436984889	0.0076547084740138	0.1182923649310322	0.1182923649310322	0.1182923649310322	0.0164699139799438	0.1453070192220517	0.1453070192220517	0.1453070192220517	0.0228318808921229	0.8008362795720226	0.7132169561658933	0.1182923649310322	0.0706078436984889	12	GATA3	8900
44	GATA3	XGBClassifier	mono	0.8047338610017798	0.8008362795720226	0.7132169561658933	0.8047338610017798	0.8008362795720226	0.7132169561658933	0.7297850014184212	0.7557416818810921	0.7518845622248593	0.0173901756365927	0.8209543740817696	0.818294201826283	0.8146631320069064	0.0109496352113832	0.8840902909170988	0.8832326637114193	0.8859187113667879	0.0082138514247664	0.1453070192220517	0.1182923649310322	0.0706078436984889	0.1453070192220517	0.1182923649310322	0.0706078436984889	0.057771245957626	0.0690784842882389	0.0678430951737624	0.0076547084740138	0.1201471403473335	0.1283233063418629	0.1320864381408727	0.0164699139799438	0.313217275534918	0.3129249390925179	0.3175494795047134	0.0228318808921229	0.8008362795720226	0.7132169561658933	0.1182923649310322	0.0706078436984889	12	GATA3	8900
19	GATA3	Single best di PWM	di	0.0	0.0	0.0	0.8128979272476657	0.8077128514786259	0.8299557317260067	0.8299557317260067	0.8299557317260067	0.8299557317260067	0.0058653239232792	0.8077128514786259	0.8077128514786259	0.8077128514786259	0.0092985976951717	0.8128979272476657	0.8128979272476657	0.8128979272476657	0.0094172724384389	0.0	0.0	0.0	0.1646010183923765	0.1254818109573643	0.1694922321830149	0.1694922321830149	0.1694922321830149	0.1694922321830149	0.0085677853850757	0.1254818109573643	0.1254818109573643	0.1254818109573643	0.0140062270056474	0.1646010183923765	0.1646010183923765	0.1646010183923765	0.0231524915156345	0.8077128514786259	0.8299557317260067	0.1254818109573643	0.1694922321830149	12	GATA3	8900
19	GATA3	XGBClassifier	di	0.8128979272476657	0.8077128514786259	0.8299557317260067	0.8128979272476657	0.8077128514786259	0.8299557317260067	0.8601579443000662	0.8588567431352422	0.8578153495032634	0.0058653239232792	0.8320025856606971	0.83086949046492	0.8325087284119161	0.0092985976951717	0.8878488030444733	0.8888639170085328	0.8922600255851931	0.0094172724384389	0.1646010183923765	0.1254818109573643	0.1694922321830149	0.1646010183923765	0.1254818109573643	0.1694922321830149	0.2529048560281876	0.2529492503198499	0.2502913162788938	0.0085677853850757	0.1492283496047234	0.1534930744057017	0.1540845374704722	0.0140062270056474	0.3669055905233231	0.3660619607694265	0.3730176140439859	0.0231524915156345	0.8077128514786259	0.8299557317260067	0.1254818109573643	0.1694922321830149	12	GATA3	8900
44	GATA3	XGBClassifier	mono+di	0.0	0.8077128514786259	0.8299557317260067	0.0	0.8077128514786259	0.8299557317260067	0.831269473129885	0.8309920538121892	0.82896333651775	0.0049382175181586	0.8441709127017264	0.8406417382964328	0.8401179412101045	0.0092540298668496	0.90322866747322	0.9021549566309536	0.9049133538079172	0.0078785174618243	0.0	0.1254818109573643	0.1694922321830149	0.0	0.1254818109573643	0.1694922321830149	0.1423219262175709	0.1408707634135493	0.1423967227002963	0.0112616675320048	0.1585222704925929	0.1571178543003708	0.1652801227037102	0.0163183737050761	0.4006075468093534	0.3913827764034857	0.3932303797771902	0.0199158373634297	0.8077128514786259	0.8299557317260067	0.1254818109573643	0.1694922321830149	12	GATA3	8900
44	GATA3	Single best mono PWM	mono	0.8047338610017798	0.8008362795720226	0.7179909509617548	0.0	0.0	0.0	0.7179909509617548	0.7179909509617548	0.7179909509617548	0.010755015080822366	0.8008362795720226	0.8008362795720226	0.8008362795720226	0.010614358444210674	0.8047338610017798	0.8047338610017798	0.8047338610017798	0.009568044498211192	0.1453070192220517	0.1182923649310322	0.07034701268378543	0.0	0.0	0.0	0.07034701268378543	0.07034701268378543	0.07034701268378543	0.004610998038493018	0.1182923649310322	0.1182923649310322	0.1182923649310322	0.020181267856974907	0.1453070192220517	0.1453070192220517	0.1453070192220517	0.02254609440829293	0.8008362795720226	0.7179909509617548	0.1182923649310322	0.07034701268378543	12	GATA3	8900
44	GATA3	BaggingClassifier_XGBClassifier	mono	0.8047338610017798	0.8008362795720226	0.7179909509617548	0.8047338610017798	0.8008362795720226	0.7179909509617548	0.7473198650706439	0.7541536957275815	0.7595430393730024	0.010755015080822366	0.8269262482787522	0.8252425393873025	0.823998438556639	0.010614358444210674	0.8979524772261926	0.8956225745721745	0.8986116391190805	0.009568044498211192	0.1453070192220517	0.1182923649310322	0.07034701268378543	0.1453070192220517	0.1182923649310322	0.07034701268378543	0.07560551581977056	0.07975899426784105	0.08121190177176885	0.004610998038493018	0.13438994009641225	0.13633458755950537	0.13505958905415158	0.020181267856974907	0.3415445019018934	0.3400209527836088	0.34782946154354244	0.02254609440829293	0.8008362795720226	0.7179909509617548	0.1182923649310322	0.07034701268378543	12	GATA3	8900
19	GATA3	Single best di PWM	di	0.0	0.0	0.0	0.8128979272476657	0.8077128514786259	0.8299557317260067	0.8299557317260067	0.8299557317260067	0.8299557317260067	0.005033600184413648	0.8077128514786259	0.8077128514786259	0.8077128514786259	0.009174676570108477	0.8128979272476657	0.8128979272476657	0.8128979272476657	0.009581955726077491	0.0	0.0	0.0	0.1646010183923765	0.1254818109573643	0.16949223218301498	0.16949223218301498	0.16949223218301498	0.16949223218301498	0.008899109112131293	0.1254818109573643	0.1254818109573643	0.1254818109573643	0.018316013906985732	0.1646010183923765	0.1646010183923765	0.1646010183923765	0.023097407227678272	0.8077128514786259	0.8299557317260067	0.1254818109573643	0.16949223218301498	12	GATA3	8900
19	GATA3	BaggingClassifier_XGBClassifier	di	0.8128979272476657	0.8077128514786259	0.8299557317260067	0.8128979272476657	0.8077128514786259	0.8299557317260067	0.8625865367371095	0.8630867206414388	0.861633843713693	0.005033600184413648	0.8354767523841427	0.8338956208182385	0.8374307691873295	0.009174676570108477	0.902842101327298	0.9007190447147002	0.9042006767476256	0.009581955726077491	0.1646010183923765	0.1254818109573643	0.16949223218301498	0.1646010183923765	0.1254818109573643	0.16949223218301498	0.26418064722297635	0.2648438891670046	0.26382252338794243	0.008899109112131293	0.15940537364828788	0.1619708234076149	0.16459138853675984	0.018316013906985732	0.3838277114998583	0.38459046927164103	0.3889334239907922	0.023097407227678272	0.8077128514786259	0.8299557317260067	0.1254818109573643	0.16949223218301498	12	GATA3	8900
44	GATA3	BaggingClassifier_XGBClassifier	mono+di	0.0	0.8077128514786259	0.8299557317260067	0.0	0.8077128514786259	0.8299557317260067	0.8453966101363315	0.8480059472793128	0.8462037351452345	0.004965718819909982	0.8472978685671126	0.8474928827097491	0.8483527549028049	0.007780694983378182	0.9168028710254279	0.9156571699406177	0.9192129739572739	0.009322103708533968	0.0	0.1254818109573643	0.16949223218301498	0.0	0.1254818109573643	0.16949223218301498	0.20152020821536099	0.209068677909674	0.2142477181762102	0.013739103698772815	0.16341714076025585	0.16733707887405855	0.17784148587372914	0.01753650849080801	0.4205355958483686	0.41958310749699773	0.42671835901633226	0.021731021371123597	0.8077128514786259	0.8299557317260067	0.1254818109573643	0.16949223218301498	12	GATA3	8900
44	GATA3	Single best mono PWM	mono	0.8047338610017798	0.8008362795720226	0.7903793049083896	0.0	0.0	0.0	0.7903793049083896	0.7903793049083896	0.7903793049083896	0.006862586625546767	0.8008362795720226	0.8008362795720226	0.8008362795720226	0.00963503261708832	0.8047338610017798	0.8047338610017798	0.8047338610017798	0.0028836928532465136	0.1453070192220517	0.1182923649310322	0.09512560791462246	0.0	0.0	0.0	0.09512560791462246	0.09512560791462246	0.09512560791462246	0.003533211802015499	0.1182923649310322	0.1182923649310322	0.1182923649310322	0.013206070228657302	0.1453070192220517	0.1453070192220517	0.1453070192220517	0.005487441232993177	0.8008362795720226	0.7903793049083896	0.1182923649310322	0.09512560791462246	12	GATA3	8900
44	GATA3	BaggingClassifier_LogisticRegression	mono	0.8047338610017798	0.8008362795720226	0.7903793049083896	0.8047338610017798	0.8008362795720226	0.7903793049083896	0.7563971447343966	0.7621114327606021	0.7606303774134505	0.006862586625546767	0.826587395927416	0.8263756465309956	0.8312746446163382	0.00963503261708832	0.8265107773590887	0.8264326271961628	0.8264277455136844	0.0028836928532465136	0.1453070192220517	0.1182923649310322	0.09512560791462246	0.1453070192220517	0.1182923649310322	0.09512560791462246	0.08166117544464713	0.08314689281275263	0.08065070375602934	0.003533211802015499	0.1349808284375327	0.13509694235155248	0.1372474546318458	0.013206070228657302	0.16749107207111072	0.1678115603272293	0.16604830681669444	0.005487441232993177	0.8008362795720226	0.7903793049083896	0.1182923649310322	0.09512560791462246	12	GATA3	8900
19	GATA3	Single best di PWM	di	0.0	0.0	0.0	0.8128979272476657	0.8077128514786259	0.8299557317260067	0.8299557317260067	0.8299557317260067	0.8299557317260067	0.004831831493796452	0.8077128514786259	0.8077128514786259	0.8077128514786259	0.009382036174508817	0.8128979272476657	0.8128979272476657	0.8128979272476657	0.002071263853575424	0.0	0.0	0.0	0.1646010183923765	0.1254818109573643	0.16949223218301498	0.16949223218301498	0.16949223218301498	0.16949223218301498	0.0056371709815585145	0.1254818109573643	0.1254818109573643	0.1254818109573643	0.01187779156983606	0.1646010183923765	0.1646010183923765	0.1646010183923765	0.006950341831605467	0.8077128514786259	0.8299557317260067	0.1254818109573643	0.16949223218301498	12	GATA3	8900
19	GATA3	BaggingClassifier_LogisticRegression	di	0.8128979272476657	0.8077128514786259	0.8299557317260067	0.8128979272476657	0.8077128514786259	0.8299557317260067	0.8557459405436955	0.8558417131709645	0.8542922258949459	0.004831831493796452	0.829681238001423	0.8299989242327495	0.8324785513306858	0.009382036174508817	0.8387578970095839	0.8387972497868413	0.8382450283685534	0.002071263853575424	0.1646010183923765	0.1254818109573643	0.16949223218301498	0.1646010183923765	0.1254818109573643	0.16949223218301498	0.22795826301336375	0.2274201833963654	0.22800938584250563	0.0056371709815585145	0.14296706185125035	0.14621247748228391	0.1438445274733159	0.01187779156983606	0.20276608538913884	0.20258762713763065	0.20093496216198442	0.006950341831605467	0.8077128514786259	0.8299557317260067	0.1254818109573643	0.16949223218301498	12	GATA3	8900
44	GATA3	BaggingClassifier_LogisticRegression	mono+di	0.0	0.8077128514786259	0.8299557317260067	0.0	0.8077128514786259	0.8299557317260067	0.8313299022756694	0.8298920344485542	0.8300951544214213	0.006231998545856241	0.8457770305327938	0.8456659895921677	0.8473726174223761	0.009527102525381808	0.8521411132700193	0.8520831105293327	0.8517066597065328	0.0014137144713845062	0.0	0.1254818109573643	0.16949223218301498	0.0	0.1254818109573643	0.16949223218301498	0.19180479236630527	0.1896882252289078	0.19075748409699458	0.007364605426605344	0.1575213658065249	0.15816285768979085	0.15730062464151295	0.014214271059626074	0.21907978946207607	0.21888578743832202	0.2191092274089205	0.006467395975782112	0.8077128514786259	0.8299557317260067	0.1254818109573643	0.16949223218301498	12	GATA3	8900
47	GCR	Single best mono PWM	mono	0.9240134292380895	0.906350032544391	0.7356142492394193	0.0	0.0	0.0	0.7356142492394193	0.7356142492394193	0.7356142492394193	0.006314385168392222	0.906350032544391	0.906350032544391	0.906350032544391	0.012186810727961142	0.9240134292380895	0.9240134292380895	0.9240134292380895	0.004710440977318298	0.4941035585898214	0.4051967733061211	0.10436543894951614	0.0	0.0	0.0	0.10436543894951614	0.10436543894951614	0.10436543894951614	0.005354887510085701	0.4051967733061211	0.4051967733061211	0.4051967733061211	0.04203360826314126	0.4941035585898214	0.4941035585898214	0.4941035585898214	0.024602352216405658	0.906350032544391	0.7356142492394193	0.4051967733061211	0.10436543894951614	13	GCR	7758
47	GCR	RandomForestClassifier	mono	0.9240134292380895	0.906350032544391	0.7356142492394193	0.9240134292380895	0.906350032544391	0.7356142492394193	0.8383230172911773	0.8406712824930994	0.8418813435984702	0.006314385168392222	0.9225627982372134	0.9225725158726135	0.9204272221901629	0.012186810727961142	0.9512950047394646	0.9507339562566736	0.9511882872978201	0.004710440977318298	0.4941035585898214	0.4051967733061211	0.10436543894951614	0.4941035585898214	0.4051967733061211	0.10436543894951614	0.32157040753750604	0.32360634640034214	0.3204475278535345	0.005354887510085701	0.4241372800420016	0.42978748954073887	0.4284897022779533	0.04203360826314126	0.6393876622905756	0.635396072601382	0.6316339027578507	0.024602352216405658	0.906350032544391	0.7356142492394193	0.4051967733061211	0.10436543894951614	13	GCR	7758
26	GCR	Single best di PWM	di	0.0	0.0	0.0	0.921474723591037	0.9031288115285914	0.8380091612431163	0.8380091612431163	0.8380091612431163	0.8380091612431163	0.0062705954052572664	0.9031288115285914	0.9031288115285914	0.9031288115285914	0.01300687436010345	0.921474723591037	0.921474723591037	0.921474723591037	0.00542604069583436	0.0	0.0	0.0	0.49344732169248223	0.3754239422570447	0.35502941897839574	0.35502941897839574	0.35502941897839574	0.35502941897839574	0.003914361195885522	0.3754239422570447	0.3754239422570447	0.3754239422570447	0.0423716133150478	0.49344732169248223	0.49344732169248223	0.49344732169248223	0.02138815526532977	0.9031288115285914	0.8380091612431163	0.3754239422570447	0.35502941897839574	13	GCR	7758
26	GCR	RandomForestClassifier	di	0.921474723591037	0.9031288115285914	0.8380091612431163	0.921474723591037	0.9031288115285914	0.8380091612431163	0.8519022414988254	0.8518339256216593	0.8533373606098027	0.0062705954052572664	0.9238030919244307	0.9231634956839448	0.9186606310838948	0.01300687436010345	0.9482893698140578	0.9482569190695193	0.9479859622194767	0.00542604069583436	0.49344732169248223	0.3754239422570447	0.35502941897839574	0.49344732169248223	0.3754239422570447	0.35502941897839574	0.3727187253891923	0.3718397607104285	0.37105626623175647	0.003914361195885522	0.42361241902809715	0.4249959006158794	0.4111894542366575	0.0423716133150478	0.6451908598686117	0.6458362320430995	0.6391647291718277	0.02138815526532977	0.9031288115285914	0.8380091612431163	0.3754239422570447	0.35502941897839574	13	GCR	7758
47	GCR	RandomForestClassifier	mono+di	0.0	0.906350032544391	0.8380091612431163	0.0	0.906350032544391	0.8380091612431163	0.8524370092810105	0.851582992557345	0.8519495408687521	0.005298086650214231	0.9244181290913689	0.9255977947997678	0.9249351811637119	0.012573373570322522	0.9530476163798404	0.9531407626444209	0.9536183319968935	0.0049948564523067986	0.0	0.4051967733061211	0.35502941897839574	0.0	0.4051967733061211	0.35502941897839574	0.36257331521778935	0.36095422964818125	0.363668335622889	0.0068082596002241496	0.4423663350386808	0.4439137328581722	0.4430699677382821	0.039789019821362466	0.6604742761545705	0.6608384843038503	0.6517908905375895	0.023471644240554212	0.906350032544391	0.8380091612431163	0.4051967733061211	0.35502941897839574	13	GCR	7758
47	GCR	Single best mono PWM	mono	0.9240134292380895	0.906350032544391	0.6579204278507336	0.0	0.0	0.0	0.6579204278507336	0.6579204278507336	0.6579204278507336	0.00997199898593411	0.906350032544391	0.906350032544391	0.906350032544391	0.008746916465044904	0.9240134292380895	0.9240134292380895	0.9240134292380895	0.0053778993002876	0.4941035585898214	0.4051967733061211	0.059133823015932424	0.0	0.0	0.0	0.059133823015932424	0.059133823015932424	0.059133823015932424	0.009196549680614036	0.4051967733061211	0.4051967733061211	0.4051967733061211	0.029800132793487477	0.4941035585898214	0.4941035585898214	0.4941035585898214	0.024077685195432578	0.906350032544391	0.6579204278507336	0.4051967733061211	0.059133823015932424	13	GCR	7758
47	GCR	LogisticRegression	mono	0.9240134292380895	0.906350032544391	0.6579204278507336	0.9240134292380895	0.906350032544391	0.6579204278507336	0.7765185396849847	0.7774034431719407	0.7762752380982585	0.00997199898593411	0.9285132291912822	0.9284772446610069	0.9331584892946563	0.008746916465044904	0.9450764991044053	0.9450531460890866	0.945229393732384	0.0053778993002876	0.4941035585898214	0.4051967733061211	0.059133823015932424	0.4941035585898214	0.4051967733061211	0.059133823015932424	0.24435707602813678	0.24707345673605047	0.24744381793311676	0.009196549680614036	0.4547350769589819	0.45552334458793675	0.46132293446409256	0.029800132793487477	0.5730763254336646	0.5744407111118202	0.5761519944727501	0.024077685195432578	0.906350032544391	0.6579204278507336	0.4051967733061211	0.059133823015932424	13	GCR	7758
26	GCR	Single best di PWM	di	0.0	0.0	0.0	0.921474723591037	0.9031288115285914	0.8380091612431163	0.8380091612431163	0.8380091612431163	0.8380091612431163	0.006295608424816846	0.9031288115285914	0.9031288115285914	0.9031288115285914	0.011361564202981806	0.921474723591037	0.921474723591037	0.921474723591037	0.0057625883523693975	0.0	0.0	0.0	0.49344732169248223	0.3754239422570447	0.35502941897839574	0.35502941897839574	0.35502941897839574	0.35502941897839574	0.004617196895155761	0.3754239422570447	0.3754239422570447	0.3754239422570447	0.03657086235709265	0.49344732169248223	0.49344732169248223	0.49344732169248223	0.02498042346986461	0.9031288115285914	0.8380091612431163	0.3754239422570447	0.35502941897839574	13	GCR	7758
26	GCR	LogisticRegression	di	0.921474723591037	0.9031288115285914	0.8380091612431163	0.921474723591037	0.9031288115285914	0.8380091612431163	0.8501389744675935	0.8501842146066506	0.8511430370077726	0.006295608424816846	0.9274380412837	0.9273287134424623	0.9307382513644605	0.011361564202981806	0.9402183677811625	0.9402072997681764	0.9403152528222971	0.0057625883523693975	0.49344732169248223	0.3754239422570447	0.35502941897839574	0.49344732169248223	0.3754239422570447	0.35502941897839574	0.37440476917953625	0.3745928436352269	0.3740887674284129	0.004617196895155761	0.446005765838912	0.4465655480079305	0.44564180080238835	0.03657086235709265	0.5457540994377835	0.5464340710097882	0.5523855613935926	0.02498042346986461	0.9031288115285914	0.8380091612431163	0.3754239422570447	0.35502941897839574	13	GCR	7758
47	GCR	LogisticRegression	mono+di	0.0	0.906350032544391	0.8380091612431163	0.0	0.906350032544391	0.8380091612431163	0.7210750637347403	0.71550654468687	0.7130260652226222	0.022017446190141544	0.9330642927917283	0.9330743362660342	0.937795532075886	0.009048232070880704	0.9490938654537631	0.9490710891877528	0.9488472812052966	0.005577727324862726	0.0	0.4051967733061211	0.35502941897839574	0.0	0.4051967733061211	0.35502941897839574	0.07937579335379888	0.07947397963213321	0.07500597360555836	0.01671673100836617	0.469888226662932	0.4711314389939085	0.4901772176891618	0.03418874496905781	0.585679315167249	0.5867840507095886	0.5933025430745742	0.025663142940138012	0.906350032544391	0.8380091612431163	0.4051967733061211	0.35502941897839574	13	GCR	7758
47	GCR	Single best mono PWM	mono	0.9240134292380896	0.906350032544391	0.7356142492394193	0.0	0.0	0.0	0.7356142492394193	0.7356142492394193	0.7356142492394193	0.0251813703845656	0.906350032544391	0.906350032544391	0.906350032544391	0.0088076686831664	0.9240134292380896	0.9240134292380896	0.9240134292380896	0.0033839259595952	0.4941035585898214	0.4051967733061211	0.1043654389495161	0.0	0.0	0.0	0.1043654389495161	0.1043654389495161	0.1043654389495161	0.0509448407690373	0.4051967733061211	0.4051967733061211	0.4051967733061211	0.0518259213861489	0.4941035585898214	0.4941035585898214	0.4941035585898214	0.0206736904966793	0.906350032544391	0.7356142492394193	0.4051967733061211	0.1043654389495161	13	GCR	7758
47	GCR	XGBClassifier	mono	0.9240134292380896	0.906350032544391	0.7356142492394193	0.9240134292380896	0.906350032544391	0.7356142492394193	0.8021844077097855	0.7873566215879321	0.7976624281370948	0.0251813703845656	0.9313022420390616	0.9312613705706572	0.9337898745941546	0.0088076686831664	0.9722733206000382	0.9721037876356418	0.9730451412668532	0.0033839259595952	0.4941035585898214	0.4051967733061211	0.1043654389495161	0.4941035585898214	0.4051967733061211	0.1043654389495161	0.2254150727612766	0.2158991652212678	0.2348754741491134	0.0509448407690373	0.4109056524474047	0.4380507105402645	0.4404550836052007	0.0518259213861489	0.7526658802305822	0.7579331036214595	0.7595612337208125	0.0206736904966793	0.906350032544391	0.7356142492394193	0.4051967733061211	0.1043654389495161	13	GCR	7758
26	GCR	Single best di PWM	di	0.0	0.0	0.0	0.921474723591037	0.9031288115285914	0.8380091612431163	0.8380091612431163	0.8380091612431163	0.8380091612431163	0.0058228002151526	0.9031288115285914	0.9031288115285914	0.9031288115285914	0.0129721953896857	0.921474723591037	0.921474723591037	0.921474723591037	0.0038674579388082	0.0	0.0	0.0	0.4934473216924822	0.3754239422570447	0.3550294189783957	0.3550294189783957	0.3550294189783957	0.3550294189783957	0.0055984447108672	0.3754239422570447	0.3754239422570447	0.3754239422570447	0.0295812175486363	0.4934473216924822	0.4934473216924822	0.4934473216924822	0.0203744387874153	0.9031288115285914	0.8380091612431163	0.3754239422570447	0.3550294189783957	13	GCR	7758
26	GCR	XGBClassifier	di	0.921474723591037	0.9031288115285914	0.8380091612431163	0.921474723591037	0.9031288115285914	0.8380091612431163	0.8505491701005122	0.8510579326130322	0.8516855553642296	0.0058228002151526	0.9235866613600654	0.9226652866566588	0.9243361383990496	0.0129721953896857	0.969373627998956	0.969990504397904	0.9695980549638128	0.0038674579388082	0.4934473216924822	0.3754239422570447	0.3550294189783957	0.4934473216924822	0.3754239422570447	0.3550294189783957	0.3494037448909194	0.3524936607747641	0.3528569029270055	0.0055984447108672	0.3884312250609674	0.4001002003342543	0.4063515476772217	0.0295812175486363	0.7427350916319625	0.735513815835806	0.7355209197803884	0.0203744387874153	0.9031288115285914	0.8380091612431163	0.3754239422570447	0.3550294189783957	13	GCR	7758
47	GCR	XGBClassifier	mono+di	0.0	0.906350032544391	0.8380091612431163	0.0	0.906350032544391	0.8380091612431163	0.8348811071744907	0.8376321269539723	0.8379253503440018	0.0039753377180733	0.9322901612294732	0.932174422696816	0.9374164806163896	0.0090186621527246	0.977053246994296	0.9760889015810712	0.9772286675809522	0.0036734532467456	0.0	0.4051967733061211	0.3550294189783957	0.0	0.4051967733061211	0.3550294189783957	0.2236664261053732	0.2813761856488277	0.2736151768680675	0.0191623361270045	0.4178168299084064	0.4352724741556121	0.4391124996640807	0.0418947172326626	0.7823781534938673	0.7766714829428034	0.7764702265027768	0.0228574138701197	0.906350032544391	0.8380091612431163	0.4051967733061211	0.3550294189783957	13	GCR	7758
47	GCR	Single best mono PWM	mono	0.9240134292380895	0.906350032544391	0.8318145097623907	0.0	0.0	0.0	0.8318145097623907	0.8318145097623907	0.8318145097623907	0.008113664863535432	0.906350032544391	0.906350032544391	0.906350032544391	0.008876585805649094	0.9240134292380895	0.9240134292380895	0.9240134292380895	0.003135120546528046	0.4941035585898214	0.4051967733061211	0.3483121785014339	0.0	0.0	0.0	0.3483121785014339	0.3483121785014339	0.3483121785014339	0.021799650668325586	0.4051967733061211	0.4051967733061211	0.4051967733061211	0.03962407330899504	0.4941035585898214	0.4941035585898214	0.4941035585898214	0.02249831123629505	0.906350032544391	0.8318145097623907	0.4051967733061211	0.3483121785014339	13	GCR	7758
47	GCR	BaggingClassifier_XGBClassifier	mono	0.9240134292380895	0.906350032544391	0.8318145097623907	0.9240134292380895	0.906350032544391	0.8318145097623907	0.8150846946123926	0.8167775819442957	0.8166586632717557	0.008113664863535432	0.9329577254580053	0.933005538373098	0.9381781174038449	0.008876585805649094	0.9796212611129527	0.97835895340741	0.9788948438372916	0.003135120546528046	0.4941035585898214	0.4051967733061211	0.3483121785014339	0.4941035585898214	0.4051967733061211	0.3483121785014339	0.27133985516810183	0.24892120816397598	0.24043978068787222	0.021799650668325586	0.4426531812734191	0.44906935748356247	0.4493753043399498	0.03962407330899504	0.7715258729863096	0.771030781511589	0.7768827077769032	0.02249831123629505	0.906350032544391	0.8318145097623907	0.4051967733061211	0.3483121785014339	13	GCR	7758
26	GCR	Single best di PWM	di	0.0	0.0	0.0	0.921474723591037	0.9031288115285914	0.8380091612431163	0.8380091612431163	0.8380091612431163	0.8380091612431163	0.0055308675737505844	0.9031288115285914	0.9031288115285914	0.9031288115285914	0.013224455788700998	0.921474723591037	0.921474723591037	0.921474723591037	0.003953852141655194	0.0	0.0	0.0	0.49344732169248223	0.3754239422570447	0.35502941897839574	0.35502941897839574	0.35502941897839574	0.35502941897839574	0.005875423627129821	0.3754239422570447	0.3754239422570447	0.3754239422570447	0.04211928759321203	0.49344732169248223	0.49344732169248223	0.49344732169248223	0.020125169529167	0.9031288115285914	0.8380091612431163	0.3754239422570447	0.35502941897839574	13	GCR	7758
26	GCR	BaggingClassifier_XGBClassifier	di	0.921474723591037	0.9031288115285914	0.8380091612431163	0.921474723591037	0.9031288115285914	0.8380091612431163	0.8544440097046251	0.8540252352774883	0.8558514624284269	0.0055308675737505844	0.9291307434631377	0.9271338422366343	0.9315977779870068	0.013224455788700998	0.9768263215577936	0.9755040151068602	0.9762149736612371	0.003953852141655194	0.49344732169248223	0.3754239422570447	0.35502941897839574	0.49344732169248223	0.3754239422570447	0.35502941897839574	0.35848318002330876	0.36251381833181623	0.3639699443931657	0.005875423627129821	0.40677211853437123	0.4048675398746607	0.4048241593799877	0.04211928759321203	0.7523161025696895	0.7499042146257084	0.7459635117399339	0.020125169529167	0.9031288115285914	0.8380091612431163	0.3754239422570447	0.35502941897839574	13	GCR	7758
47	GCR	BaggingClassifier_XGBClassifier	mono+di	0.0	0.906350032544391	0.8380091612431163	0.0	0.906350032544391	0.8380091612431163	0.8401221151846575	0.8429464376301404	0.8445151973062385	0.006469944396891207	0.9348794510155094	0.9345862419458361	0.9407007346600275	0.00916304848408368	0.982344166675089	0.9820449987428057	0.9831412487854456	0.002648787440928865	0.0	0.4051967733061211	0.35502941897839574	0.0	0.4051967733061211	0.35502941897839574	0.3068840012833893	0.33022183459256044	0.3245985601702479	0.014052099551254593	0.44074402198787754	0.45087604251935653	0.4614748004627013	0.03415529184123534	0.7935145107577368	0.7943137088372323	0.795871306221965	0.019305466402628615	0.906350032544391	0.8380091612431163	0.4051967733061211	0.35502941897839574	13	GCR	7758
47	GCR	Single best mono PWM	mono	0.9240134292380895	0.906350032544391	0.6675368640967382	0.0	0.0	0.0	0.6675368640967382	0.6675368640967382	0.6675368640967382	0.00846072052292227	0.906350032544391	0.906350032544391	0.906350032544391	0.008677714643643855	0.9240134292380895	0.9240134292380895	0.9240134292380895	0.005385147342011545	0.4941035585898214	0.4051967733061211	0.061201205096379205	0.0	0.0	0.0	0.061201205096379205	0.061201205096379205	0.061201205096379205	0.018479123078320912	0.4051967733061211	0.4051967733061211	0.4051967733061211	0.02965227700708383	0.4941035585898214	0.4941035585898214	0.4941035585898214	0.02406154804075876	0.906350032544391	0.6675368640967382	0.4051967733061211	0.061201205096379205	13	GCR	7758
47	GCR	BaggingClassifier_LogisticRegression	mono	0.9240134292380895	0.906350032544391	0.6675368640967382	0.9240134292380895	0.906350032544391	0.6675368640967382	0.7939290045057188	0.7942426442594076	0.7901181120216448	0.00846072052292227	0.9284876289856514	0.9284019993288147	0.9329745320906229	0.008677714643643855	0.9450323027103755	0.9450701129351119	0.9452543444332405	0.005385147342011545	0.4941035585898214	0.4051967733061211	0.061201205096379205	0.4941035585898214	0.4051967733061211	0.061201205096379205	0.1718110680440612	0.1759088887990361	0.17790787768672076	0.018479123078320912	0.45459411097901187	0.45492169035690605	0.46064693442679483	0.02965227700708383	0.573518829024992	0.5743118080369766	0.5760023923522042	0.02406154804075876	0.906350032544391	0.6675368640967382	0.4051967733061211	0.061201205096379205	13	GCR	7758
26	GCR	Single best di PWM	di	0.0	0.0	0.0	0.921474723591037	0.9031288115285914	0.8380091612431163	0.8380091612431163	0.8380091612431163	0.8380091612431163	0.00622546210403	0.9031288115285914	0.9031288115285914	0.9031288115285914	0.011394964254015127	0.921474723591037	0.921474723591037	0.921474723591037	0.005779304089698459	0.0	0.0	0.0	0.49344732169248223	0.3754239422570447	0.35502941897839574	0.35502941897839574	0.35502941897839574	0.35502941897839574	0.004379655050789185	0.3754239422570447	0.3754239422570447	0.3754239422570447	0.036120470187960226	0.49344732169248223	0.49344732169248223	0.49344732169248223	0.02500810129093527	0.9031288115285914	0.8380091612431163	0.3754239422570447	0.35502941897839574	13	GCR	7758
26	GCR	BaggingClassifier_LogisticRegression	di	0.921474723591037	0.9031288115285914	0.8380091612431163	0.921474723591037	0.9031288115285914	0.8380091612431163	0.8501728312858629	0.8502362481014453	0.8511957430157744	0.00622546210403	0.9274399068857299	0.9273384040059717	0.9307336955696414	0.011394964254015127	0.9402363824964334	0.9402050082838773	0.940337765811001	0.005779304089698459	0.49344732169248223	0.3754239422570447	0.35502941897839574	0.49344732169248223	0.3754239422570447	0.35502941897839574	0.3734404887014616	0.3748715646236385	0.3742167319689233	0.004379655050789185	0.44602354014232165	0.44716950325420884	0.44521382106297913	0.036120470187960226	0.5458058494967885	0.5463851427822795	0.5525991801763949	0.02500810129093527	0.9031288115285914	0.8380091612431163	0.3754239422570447	0.35502941897839574	13	GCR	7758
47	GCR	BaggingClassifier_LogisticRegression	mono+di	0.0	0.906350032544391	0.8380091612431163	0.0	0.906350032544391	0.8380091612431163	0.8348817953556437	0.834637736694673	0.8354322009696697	0.008113778091155906	0.9329368307152719	0.9330473252832816	0.9375343331729213	0.008941268681004142	0.9490453376288022	0.9491083716704061	0.9488984731605026	0.005589958330838968	0.0	0.4051967733061211	0.35502941897839574	0.0	0.4051967733061211	0.35502941897839574	0.3447144555378017	0.34596482281484736	0.3458166995038366	0.0035447437977222077	0.46877564396538296	0.4718041918755223	0.49106098129939274	0.03416937195411128	0.5862236390976674	0.5865798733303025	0.5934249847086838	0.02576367484945141	0.906350032544391	0.8380091612431163	0.4051967733061211	0.35502941897839574	13	GCR	7758
26	HNF4A	Single best mono PWM	mono	0.9472225230423771	0.9418555647677527	0.9262409187597601	0.0	0.0	0.0	0.9262409187597601	0.9262409187597601	0.9262409187597601	0.003837869083410082	0.9418555647677527	0.9418555647677527	0.9418555647677527	0.005186503318109484	0.9472225230423771	0.9472225230423771	0.9472225230423771	0.002352868029664269	0.6179338061491009	0.46402103024608776	0.32454075486549594	0.0	0.0	0.0	0.32454075486549594	0.32454075486549594	0.32454075486549594	0.01061452520049159	0.46402103024608776	0.46402103024608776	0.46402103024608776	0.0365196441198756	0.6179338061491009	0.6179338061491009	0.6179338061491009	0.012383546340551938	0.9418555647677527	0.9262409187597601	0.46402103024608776	0.32454075486549594	14	HNF4A	10000
26	HNF4A	RandomForestClassifier	mono	0.9472225230423771	0.9418555647677527	0.9262409187597601	0.9472225230423771	0.9418555647677527	0.9262409187597601	0.92427962864315	0.9238740743521922	0.9253309652511973	0.003837869083410082	0.9474504616350437	0.9479501489004903	0.9469493269790202	0.005186503318109484	0.9593407927099924	0.9591610418659978	0.9591830869367644	0.002352868029664269	0.6179338061491009	0.46402103024608776	0.32454075486549594	0.6179338061491009	0.46402103024608776	0.32454075486549594	0.42803628470326677	0.4248260074306791	0.4251031089467013	0.01061452520049159	0.49690695443798644	0.4995269859599728	0.5015146541648318	0.0365196441198756	0.7032437829937657	0.7029332796555365	0.7044459249526694	0.012383546340551938	0.9418555647677527	0.9262409187597601	0.46402103024608776	0.32454075486549594	14	HNF4A	10000
13	HNF4A	Single best di PWM	di	0.0	0.0	0.0	0.9481727144311862	0.9391667366232206	0.9302777826223383	0.9302777826223383	0.9302777826223383	0.9302777826223383	0.0038689639058920723	0.9391667366232206	0.9391667366232206	0.9391667366232206	0.004083778832420879	0.9481727144311862	0.9481727144311862	0.9481727144311862	0.0025474921292550088	0.0	0.0	0.0	0.6205879169021443	0.4678964438108233	0.4524057024069879	0.4524057024069879	0.4524057024069879	0.4524057024069879	0.008024419740341286	0.4678964438108233	0.4678964438108233	0.4678964438108233	0.03513674328177061	0.6205879169021443	0.6205879169021443	0.6205879169021443	0.011561833102798222	0.9391667366232206	0.9302777826223383	0.4678964438108233	0.4524057024069879	14	HNF4A	10000
13	HNF4A	RandomForestClassifier	di	0.9481727144311862	0.9391667366232206	0.9302777826223383	0.9481727144311862	0.9391667366232206	0.9302777826223383	0.9371919857995592	0.9371041731602612	0.9379507621892317	0.0038689639058920723	0.9530429094304295	0.95320182460022	0.9528355323761759	0.004083778832420879	0.9619915807201233	0.9623690041839407	0.9624924319985699	0.0025474921292550088	0.6205879169021443	0.4678964438108233	0.4524057024069879	0.6205879169021443	0.4678964438108233	0.4524057024069879	0.4746430825809259	0.4747069408426873	0.47391667211716587	0.008024419740341286	0.505543845996603	0.5100252271101812	0.5119190493958556	0.03513674328177061	0.7220173315966544	0.7217982261570935	0.717658721204399	0.011561833102798222	0.9391667366232206	0.9302777826223383	0.4678964438108233	0.4524057024069879	14	HNF4A	10000
26	HNF4A	RandomForestClassifier	mono+di	0.0	0.9418555647677527	0.9302777826223383	0.0	0.9418555647677527	0.9302777826223383	0.9363176120856989	0.9361763917081856	0.9380675428060655	0.003870733302571287	0.9541429061265525	0.9543833078539637	0.9538879480666103	0.004446026094833543	0.9630352330348051	0.9632134073243662	0.96341518293906	0.0024900613654068953	0.0	0.4678964438108233	0.4524057024069879	0.0	0.4678964438108233	0.4524057024069879	0.46445053214545984	0.46481401987068327	0.46205330982841103	0.006888618788997904	0.5188465301051339	0.5201460289726264	0.5101927988423967	0.03494682161437848	0.73165297219404	0.7314516338165689	0.7283373118530108	0.01179889165274089	0.9418555647677527	0.9302777826223383	0.4678964438108233	0.4524057024069879	14	HNF4A	10000
26	HNF4A	Single best mono PWM	mono	0.9472225230423771	0.9418555647677527	0.9197050440388798	0.0	0.0	0.0	0.9197050440388798	0.9197050440388798	0.9197050440388798	0.004081476171163084	0.9418555647677527	0.9418555647677527	0.9418555647677527	0.005167816097254582	0.9472225230423771	0.9472225230423771	0.9472225230423771	0.0026202779113833168	0.6179338061491009	0.46402103024608776	0.39142492762585834	0.0	0.0	0.0	0.39142492762585834	0.39142492762585834	0.39142492762585834	0.0100817227518251	0.46402103024608776	0.46402103024608776	0.46402103024608776	0.030541876302250782	0.6179338061491009	0.6179338061491009	0.6179338061491009	0.008077826321470171	0.9418555647677527	0.9197050440388798	0.46402103024608776	0.39142492762585834	14	HNF4A	10000
26	HNF4A	LogisticRegression	mono	0.9472225230423771	0.9418555647677527	0.9197050440388798	0.9472225230423771	0.9418555647677527	0.9197050440388798	0.9251003874837636	0.9251876299651736	0.9259822454254708	0.004081476171163084	0.9444021729366778	0.9444643835273389	0.9444325970705566	0.005167816097254582	0.9530861996396773	0.9530723549840528	0.9530993184132786	0.0026202779113833168	0.6179338061491009	0.46402103024608776	0.39142492762585834	0.6179338061491009	0.46402103024608776	0.39142492762585834	0.42177438091362607	0.4220460421698387	0.41955634803869435	0.0100817227518251	0.4930549024726029	0.49478647539954956	0.5006859518828762	0.030541876302250782	0.6418054494553969	0.6422474627828253	0.6387980271726486	0.008077826321470171	0.9418555647677527	0.9197050440388798	0.46402103024608776	0.39142492762585834	14	HNF4A	10000
13	HNF4A	Single best di PWM	di	0.0	0.0	0.0	0.9481727144311862	0.9391667366232206	0.9302777826223383	0.9302777826223383	0.9302777826223383	0.9302777826223383	0.003964708684619555	0.9391667366232206	0.9391667366232206	0.9391667366232206	0.003886093612807774	0.9481727144311862	0.9481727144311862	0.9481727144311862	0.0030909191914485364	0.0	0.0	0.0	0.6205879169021443	0.4678964438108233	0.4524057024069879	0.4524057024069879	0.4524057024069879	0.4524057024069879	0.008607052274083359	0.4678964438108233	0.4678964438108233	0.4678964438108233	0.03650950195498104	0.6205879169021443	0.6205879169021443	0.6205879169021443	0.011384704221453861	0.9391667366232206	0.9302777826223383	0.4678964438108233	0.4524057024069879	14	HNF4A	10000
13	HNF4A	LogisticRegression	di	0.9481727144311862	0.9391667366232206	0.9302777826223383	0.9481727144311862	0.9391667366232206	0.9302777826223383	0.9375845004670237	0.9375643387198084	0.9399126372319698	0.003964708684619555	0.9524392053055556	0.9525115090850311	0.9523842478436042	0.003886093612807774	0.9566632791978903	0.9566384422157144	0.9565797404972882	0.0030909191914485364	0.6205879169021443	0.4678964438108233	0.4524057024069879	0.6205879169021443	0.4678964438108233	0.4524057024069879	0.4762525760889186	0.4761675739198527	0.47507830433231457	0.008607052274083359	0.5096076524319446	0.5143761081494632	0.5166885669172684	0.03650950195498104	0.6684048580838439	0.6687225981398445	0.6639552832145247	0.011384704221453861	0.9391667366232206	0.9302777826223383	0.4678964438108233	0.4524057024069879	14	HNF4A	10000
26	HNF4A	LogisticRegression	mono+di	0.0	0.9418555647677527	0.9302777826223383	0.0	0.9418555647677527	0.9302777826223383	0.9284109400312321	0.9289865825571079	0.9305355449121467	0.004362440271702668	0.953401240251094	0.9534766584484267	0.9533814160719325	0.0038888147445549307	0.9587665341131623	0.9587529309313624	0.9587090735624758	0.002798375168541513	0.0	0.4678964438108233	0.4524057024069879	0.0	0.4678964438108233	0.4524057024069879	0.4522124917097246	0.4539794185569091	0.4521457986905637	0.01276706412929962	0.526367290926267	0.5309048375529366	0.5363892060936909	0.03636956915233043	0.6791373280490056	0.679192891089062	0.6779219351441459	0.010990164253826856	0.9418555647677527	0.9302777826223383	0.4678964438108233	0.4524057024069879	14	HNF4A	10000
26	HNF4A	Single best mono PWM	mono	0.9472225230423772	0.9418555647677528	0.9227440199068871	0.0	0.0	0.0	0.9227440199068871	0.9227440199068871	0.9227440199068871	0.0083183786002003	0.9418555647677528	0.9418555647677528	0.9418555647677528	0.006318060911893	0.9472225230423772	0.9472225230423772	0.9472225230423772	0.0041966931394433	0.6179338061491009	0.4640210302460877	0.0883840817961257	0.0	0.0	0.0	0.0883840817961257	0.0883840817961257	0.0883840817961257	0.0192147740950908	0.4640210302460877	0.4640210302460877	0.4640210302460877	0.0414737116368275	0.6179338061491009	0.6179338061491009	0.6179338061491009	0.0121729070569378	0.9418555647677528	0.9227440199068871	0.4640210302460877	0.0883840817961257	14	HNF4A	10000
26	HNF4A	XGBClassifier	mono	0.9472225230423772	0.9418555647677528	0.9227440199068871	0.9472225230423772	0.9418555647677528	0.9227440199068871	0.9031394027568996	0.8964200588353756	0.898068688833249	0.0083183786002003	0.9464831335340972	0.9468781772000932	0.9468170098413043	0.006318060911893	0.9736378069923496	0.9721603621786876	0.9738551566566878	0.0041966931394433	0.6179338061491009	0.4640210302460877	0.0883840817961257	0.6179338061491009	0.4640210302460877	0.0883840817961257	0.2831998609516155	0.2360034143934372	0.2288575014550074	0.0192147740950908	0.4764354000267881	0.4957876550772444	0.486227291208318	0.0414737116368275	0.7514964328874486	0.7563039604331342	0.760608900566117	0.0121729070569378	0.9418555647677528	0.9227440199068871	0.4640210302460877	0.0883840817961257	14	HNF4A	10000
13	HNF4A	Single best di PWM	di	0.0	0.0	0.0	0.9481727144311862	0.9391667366232206	0.9302777826223384	0.9302777826223384	0.9302777826223384	0.9302777826223384	0.0044351447247598	0.9391667366232206	0.9391667366232206	0.9391667366232206	0.0040363491203728	0.9481727144311862	0.9481727144311862	0.9481727144311862	0.0034089585846525	0.0	0.0	0.0	0.6205879169021443	0.4678964438108233	0.4524057024069879	0.4524057024069879	0.4524057024069879	0.4524057024069879	0.0094179902749296	0.4678964438108233	0.4678964438108233	0.4678964438108233	0.0366443326749923	0.6205879169021443	0.6205879169021443	0.6205879169021443	0.0165310231100887	0.9391667366232206	0.9302777826223384	0.4678964438108233	0.4524057024069879	14	HNF4A	10000
13	HNF4A	XGBClassifier	di	0.9481727144311862	0.9391667366232206	0.9302777826223384	0.9481727144311862	0.9391667366232206	0.9302777826223384	0.9351677678819014	0.9351030146932212	0.9378403621478812	0.0044351447247598	0.9516168464609356	0.9530308110989952	0.951464038360736	0.0040363491203728	0.9740978670461368	0.9718488584850038	0.9733399069327308	0.0034089585846525	0.6205879169021443	0.4678964438108233	0.4524057024069879	0.6205879169021443	0.4678964438108233	0.4524057024069879	0.4614260247270679	0.4606358783324542	0.4601158559844468	0.0094179902749296	0.4982771811718912	0.4942000315717304	0.5006992028473111	0.0366443326749923	0.7648699461490784	0.7691188360509934	0.7724823900194877	0.0165310231100887	0.9391667366232206	0.9302777826223384	0.4678964438108233	0.4524057024069879	14	HNF4A	10000
26	HNF4A	XGBClassifier	mono+di	0.0	0.9418555647677527	0.9302777826223383	0.0	0.9418555647677528	0.9302777826223384	0.9275003477137728	0.9247306067161616	0.9282752451101692	0.0066639882513113	0.953701583369228	0.9525823428837354	0.950730507144563	0.0032702763244114	0.9777491783075276	0.9769640250017658	0.9787401292406548	0.0042918460675897	0.0	0.4678964438108233	0.4524057024069879	0.0	0.4678964438108233	0.4524057024069879	0.4133561013324638	0.4005039682316141	0.4049999404182499	0.0188868398107675	0.5282040904955042	0.5211582446289269	0.4970227515587269	0.0450809968870987	0.7874461768564891	0.7881315402227502	0.7911634410516554	0.0182013681455768	0.9418555647677528	0.9302777826223384	0.4678964438108233	0.4524057024069879	14	HNF4A	10000
26	HNF4A	Single best mono PWM	mono	0.9472225230423771	0.9418555647677527	0.8777631972518571	0.0	0.0	0.0	0.8777631972518571	0.8777631972518571	0.8777631972518571	0.0025477737011793443	0.9418555647677527	0.9418555647677527	0.9418555647677527	0.004652035643982606	0.9472225230423771	0.9472225230423771	0.9472225230423771	0.003775635703396035	0.6179338061491009	0.46402103024608776	0.304953201272751	0.0	0.0	0.0	0.304953201272751	0.304953201272751	0.304953201272751	0.02595043007321173	0.46402103024608776	0.46402103024608776	0.46402103024608776	0.03736411361240792	0.6179338061491009	0.6179338061491009	0.6179338061491009	0.016111795165167548	0.9418555647677527	0.8777631972518571	0.46402103024608776	0.304953201272751	14	HNF4A	10000
26	HNF4A	BaggingClassifier_XGBClassifier	mono	0.9472225230423771	0.9418555647677527	0.8777631972518571	0.9472225230423771	0.9418555647677527	0.8777631972518571	0.9069186092543673	0.910185647200486	0.910416434246311	0.0025477737011793443	0.9473939117747284	0.9491449942646819	0.9461230626556623	0.004652035643982606	0.9782067312462466	0.9781518503509906	0.9795460415099626	0.003775635703396035	0.6179338061491009	0.46402103024608776	0.304953201272751	0.6179338061491009	0.46402103024608776	0.304953201272751	0.39325457760385424	0.38700936325995017	0.38810473220217995	0.02595043007321173	0.5005680124293174	0.5070983052368316	0.502119764595993	0.03736411361240792	0.7632607846996903	0.7615556762907042	0.7650212973207777	0.016111795165167548	0.9418555647677527	0.8777631972518571	0.46402103024608776	0.304953201272751	14	HNF4A	10000
13	HNF4A	Single best di PWM	di	0.0	0.0	0.0	0.9481727144311862	0.9391667366232206	0.9302777826223383	0.9302777826223383	0.9302777826223383	0.9302777826223383	0.0037481783914011706	0.9391667366232206	0.9391667366232206	0.9391667366232206	0.004434579831596576	0.9481727144311862	0.9481727144311862	0.9481727144311862	0.003295187523490781	0.0	0.0	0.0	0.6205879169021443	0.4678964438108233	0.4524057024069879	0.4524057024069879	0.4524057024069879	0.4524057024069879	0.008240547018707642	0.4678964438108233	0.4678964438108233	0.4678964438108233	0.04039653858359578	0.6205879169021443	0.6205879169021443	0.6205879169021443	0.016271144363891935	0.9391667366232206	0.9302777826223383	0.4678964438108233	0.4524057024069879	14	HNF4A	10000
13	HNF4A	BaggingClassifier_XGBClassifier	di	0.9481727144311862	0.9391667366232206	0.9302777826223383	0.9481727144311862	0.9391667366232206	0.9302777826223383	0.9363397262073293	0.9358500191229391	0.9376064166498632	0.0037481783914011706	0.9528817130976729	0.9526677654458464	0.9509605644707045	0.004434579831596576	0.978436923418366	0.9779616603194347	0.9789437273219262	0.003295187523490781	0.6205879169021443	0.4678964438108233	0.4524057024069879	0.6205879169021443	0.4678964438108233	0.4524057024069879	0.47059778518445816	0.4693593001687938	0.4722919702565655	0.008240547018707642	0.4913235497213346	0.50034192521599	0.4989672505366371	0.04039653858359578	0.7761188896074287	0.7760878195522875	0.777960114713706	0.016271144363891935	0.9391667366232206	0.9302777826223383	0.4678964438108233	0.4524057024069879	14	HNF4A	10000
26	HNF4A	BaggingClassifier_XGBClassifier	mono+di	0.0	0.9418555647677527	0.9302777826223383	0.0	0.9418555647677527	0.9302777826223383	0.9291800352821845	0.9301868298833142	0.9300521995416495	0.003992631628243295	0.9546776017253221	0.9548181574722745	0.9529564952405765	0.004334030412607098	0.9825692785712421	0.9821541689141551	0.9833805487831644	0.0035686180602968157	0.0	0.4678964438108233	0.4524057024069879	0.0	0.4678964438108233	0.4524057024069879	0.4202179314133531	0.42703559071537356	0.43414358441940776	0.013312836230035607	0.5342177330592086	0.5317493160928773	0.5155684083361971	0.03843956851693791	0.7989979439391305	0.7968164725634725	0.7983702070156594	0.017223316691748296	0.9418555647677527	0.9302777826223383	0.4678964438108233	0.4524057024069879	14	HNF4A	10000
26	HNF4A	Single best mono PWM	mono	0.9472225230423771	0.9418555647677527	0.8768789038441892	0.0	0.0	0.0	0.8768789038441892	0.8768789038441892	0.8768789038441892	0.01832307527726356	0.9418555647677527	0.9418555647677527	0.9418555647677527	0.0052079994474276674	0.9472225230423771	0.9472225230423771	0.9472225230423771	0.0026231942580034816	0.6179338061491009	0.46402103024608776	0.42754194922167066	0.0	0.0	0.0	0.42754194922167066	0.42754194922167066	0.42754194922167066	0.01868457667191676	0.46402103024608776	0.46402103024608776	0.46402103024608776	0.030900118638722593	0.6179338061491009	0.6179338061491009	0.6179338061491009	0.00813369099058604	0.9418555647677527	0.8768789038441892	0.46402103024608776	0.42754194922167066	14	HNF4A	10000
26	HNF4A	BaggingClassifier_LogisticRegression	mono	0.9472225230423771	0.9418555647677527	0.8768789038441892	0.9472225230423771	0.9418555647677527	0.8768789038441892	0.8085277860885302	0.796221925795221	0.8023254865617903	0.01832307527726356	0.9443423365798704	0.9444030286645285	0.9443661487561417	0.0052079994474276674	0.9530843348390297	0.9530736695227375	0.9531260759950111	0.0026231942580034816	0.6179338061491009	0.46402103024608776	0.42754194922167066	0.6179338061491009	0.46402103024608776	0.42754194922167066	0.13608332485247102	0.12720397441675022	0.12632101556582417	0.01868457667191676	0.49273171519905534	0.49453432258	0.49970201972354944	0.030900118638722593	0.6417764830710758	0.6422831310824353	0.6386341848445014	0.00813369099058604	0.9418555647677527	0.8768789038441892	0.46402103024608776	0.42754194922167066	14	HNF4A	10000
13	HNF4A	Single best di PWM	di	0.0	0.0	0.0	0.9481727144311862	0.9391667366232206	0.9302777826223383	0.9302777826223383	0.9302777826223383	0.9302777826223383	0.003980356725513437	0.9391667366232206	0.9391667366232206	0.9391667366232206	0.0038752143644562027	0.9481727144311862	0.9481727144311862	0.9481727144311862	0.0030957356084698245	0.0	0.0	0.0	0.6205879169021443	0.4678964438108233	0.4524057024069879	0.4524057024069879	0.4524057024069879	0.4524057024069879	0.008541106532690886	0.4678964438108233	0.4678964438108233	0.4678964438108233	0.03678443330747949	0.6205879169021443	0.6205879169021443	0.6205879169021443	0.011351297013191292	0.9391667366232206	0.9302777826223383	0.4678964438108233	0.4524057024069879	14	HNF4A	10000
13	HNF4A	BaggingClassifier_LogisticRegression	di	0.9481727144311862	0.9391667366232206	0.9302777826223383	0.9481727144311862	0.9391667366232206	0.9302777826223383	0.9376220119601862	0.9375555147970116	0.9399179275690654	0.003980356725513437	0.9524783272541838	0.9524769035939761	0.9522039666514688	0.0038752143644562027	0.9566470192433223	0.9566221443559658	0.9565719075582129	0.0030957356084698245	0.6205879169021443	0.4678964438108233	0.4524057024069879	0.6205879169021443	0.4678964438108233	0.4524057024069879	0.47624005541342257	0.47606674157941564	0.47509317735145973	0.008541106532690886	0.5103922149190668	0.5139373819954056	0.516264237562129	0.03678443330747949	0.6684578203271039	0.6687462688796527	0.6638989867244118	0.011351297013191292	0.9391667366232206	0.9302777826223383	0.4678964438108233	0.4524057024069879	14	HNF4A	10000
26	HNF4A	BaggingClassifier_LogisticRegression	mono+di	0.0	0.9418555647677527	0.9302777826223383	0.0	0.9418555647677527	0.9302777826223383	0.9264714681329266	0.9259812204203947	0.9289430785822739	0.004218920485640354	0.953417988742833	0.9533410774969402	0.9530088349415191	0.003886188960305853	0.9587417470430037	0.9587339416164606	0.9587065922188542	0.0028077702958538295	0.0	0.4678964438108233	0.4524057024069879	0.0	0.4678964438108233	0.4524057024069879	0.4311197415343093	0.429924394327634	0.42947241701113326	0.013716753053023525	0.5263521328200427	0.5305946086480192	0.5364645444658884	0.03667338052907761	0.6791748626413904	0.6791464599401789	0.677749257048524	0.010978476900096448	0.9418555647677527	0.9302777826223383	0.4678964438108233	0.4524057024069879	14	HNF4A	10000
11	IRF1	Single best mono PWM	mono	0.8477176914218787	0.810201749573414	0.79933053352375	0.0	0.0	0.0	0.79933053352375	0.79933053352375	0.79933053352375	0.012440135089348082	0.810201749573414	0.810201749573414	0.810201749573414	0.02576127257552676	0.8477176914218787	0.8477176914218787	0.8477176914218787	0.005978490665252286	0.39935414096793825	0.4029052673239492	0.27268398816002903	0.0	0.0	0.0	0.27268398816002903	0.27268398816002903	0.27268398816002903	0.018622913375956538	0.4029052673239492	0.4029052673239492	0.4029052673239492	0.02909486224905402	0.39935414096793825	0.39935414096793825	0.39935414096793825	0.03350777971524083	0.810201749573414	0.79933053352375	0.4029052673239492	0.27268398816002903	15	IRF1	3280
11	IRF1	RandomForestClassifier	mono	0.8477176914218787	0.810201749573414	0.79933053352375	0.8477176914218787	0.810201749573414	0.79933053352375	0.7930586820055042	0.8001355628728888	0.8010060409183679	0.012440135089348082	0.83903352693064	0.8400595600421413	0.8359381342859462	0.02576127257552676	0.8683138108142243	0.8667141240738064	0.8666708020780871	0.005978490665252286	0.39935414096793825	0.4029052673239492	0.27268398816002903	0.39935414096793825	0.4029052673239492	0.27268398816002903	0.2928590981664151	0.28251686183337066	0.27919281671346174	0.018622913375956538	0.44211719009134315	0.4370445102158281	0.4327091872684827	0.02909486224905402	0.5174247403699311	0.5150703241751274	0.5287188793747329	0.03350777971524083	0.810201749573414	0.79933053352375	0.4029052673239492	0.27268398816002903	15	IRF1	3280
5	IRF1	Single best di PWM	di	0.0	0.0	0.0	0.8474347737928982	0.8170214392219054	0.8050317406422914	0.8050317406422914	0.8050317406422914	0.8050317406422914	0.013703508752826582	0.8170214392219054	0.8170214392219054	0.8170214392219054	0.027993550597762328	0.8474347737928982	0.8474347737928982	0.8474347737928982	0.006067602360542228	0.0	0.0	0.0	0.41823842862047844	0.42304482143527405	0.29477250645776326	0.29477250645776326	0.29477250645776326	0.29477250645776326	0.01029561508327328	0.42304482143527405	0.42304482143527405	0.42304482143527405	0.03714533528206726	0.41823842862047844	0.41823842862047844	0.41823842862047844	0.034876471006002344	0.8170214392219054	0.8050317406422914	0.42304482143527405	0.29477250645776326	15	IRF1	3280
5	IRF1	RandomForestClassifier	di	0.8474347737928982	0.8170214392219054	0.8050317406422914	0.8474347737928982	0.8170214392219054	0.8050317406422914	0.8107019936547896	0.8105695511950203	0.8078402203143255	0.013703508752826582	0.843542367540888	0.8422369367644824	0.847029458642954	0.027993550597762328	0.8837409757291491	0.882727127082703	0.8820995159061604	0.006067602360542228	0.41823842862047844	0.42304482143527405	0.29477250645776326	0.41823842862047844	0.42304482143527405	0.29477250645776326	0.29781060299797046	0.29914336563937216	0.29917972763606965	0.01029561508327328	0.4522832835174747	0.4539551931735697	0.4473239877357596	0.03714533528206726	0.5109507705005618	0.510694773539033	0.5172231516323054	0.034876471006002344	0.8170214392219054	0.8050317406422914	0.42304482143527405	0.29477250645776326	15	IRF1	3280
11	IRF1	RandomForestClassifier	mono+di	0.0	0.8170214392219054	0.8050317406422914	0.0	0.8170214392219054	0.8050317406422914	0.8048521930029712	0.8041297852803229	0.8065278218527769	0.013367133730615424	0.8456707093124372	0.8437036636480176	0.8448074548228166	0.024369125724666006	0.8793793040754817	0.8763382011942086	0.8738380526567284	0.005673020636961352	0.0	0.42304482143527405	0.29477250645776326	0.0	0.42304482143527405	0.29477250645776326	0.2921130504518337	0.3035359538854613	0.3049315400714269	0.02061666630032518	0.46455166465437603	0.4656181578152642	0.4592550503734525	0.038117427698179995	0.5349687771622348	0.5332479832028415	0.5409165850912456	0.03398356113162366	0.8170214392219054	0.8050317406422914	0.42304482143527405	0.29477250645776326	15	IRF1	3280
11	IRF1	Single best mono PWM	mono	0.8477176914218787	0.810201749573414	0.8006392825795158	0.0	0.0	0.0	0.8006392825795158	0.8006392825795158	0.8006392825795158	0.012559106569554697	0.810201749573414	0.810201749573414	0.810201749573414	0.021365762757850962	0.8477176914218787	0.8477176914218787	0.8477176914218787	0.0055025948914280125	0.39935414096793825	0.4029052673239492	0.26015285736148486	0.0	0.0	0.0	0.26015285736148486	0.26015285736148486	0.26015285736148486	0.014848496204975825	0.4029052673239492	0.4029052673239492	0.4029052673239492	0.041856457877377386	0.39935414096793825	0.39935414096793825	0.39935414096793825	0.026040800054856785	0.810201749573414	0.8006392825795158	0.4029052673239492	0.26015285736148486	15	IRF1	3280
11	IRF1	LogisticRegression	mono	0.8477176914218787	0.810201749573414	0.8006392825795158	0.8477176914218787	0.810201749573414	0.8006392825795158	0.7840318309460982	0.7843839037461561	0.788073940485601	0.012559106569554697	0.8317379332209978	0.8317936384121083	0.8299691696969956	0.021365762757850962	0.8599800765777645	0.8599292570992718	0.8574789070737956	0.0055025948914280125	0.39935414096793825	0.4029052673239492	0.26015285736148486	0.39935414096793825	0.4029052673239492	0.26015285736148486	0.1806146323626584	0.18497723931500337	0.18504735822604781	0.014848496204975825	0.41161617521931426	0.41273433617545485	0.41751474777195613	0.041856457877377386	0.4193930091474786	0.4199329886967492	0.43086193209540724	0.026040800054856785	0.810201749573414	0.8006392825795158	0.4029052673239492	0.26015285736148486	15	IRF1	3280
5	IRF1	Single best di PWM	di	0.0	0.0	0.0	0.8474347737928982	0.8170214392219054	0.8050317406422914	0.8050317406422914	0.8050317406422914	0.8050317406422914	0.012447438275619097	0.8170214392219054	0.8170214392219054	0.8170214392219054	0.02593010509350331	0.8474347737928982	0.8474347737928982	0.8474347737928982	0.004719563747997301	0.0	0.0	0.0	0.41823842862047844	0.42304482143527405	0.29477250645776326	0.29477250645776326	0.29477250645776326	0.29477250645776326	0.011634691258187106	0.42304482143527405	0.42304482143527405	0.42304482143527405	0.029780120779261926	0.41823842862047844	0.41823842862047844	0.41823842862047844	0.026701651383695593	0.8170214392219054	0.8050317406422914	0.42304482143527405	0.29477250645776326	15	IRF1	3280
5	IRF1	LogisticRegression	di	0.8474347737928982	0.8170214392219054	0.8050317406422914	0.8474347737928982	0.8170214392219054	0.8050317406422914	0.8056361421378854	0.8056948133242524	0.803111899569185	0.012447438275619097	0.8156487532076854	0.8155195142783513	0.8182555774432427	0.02593010509350331	0.8487781489594486	0.8486455972746236	0.8479901434904195	0.004719563747997301	0.41823842862047844	0.42304482143527405	0.29477250645776326	0.41823842862047844	0.42304482143527405	0.29477250645776326	0.2975216402194065	0.29778933374570515	0.2918684240994259	0.011634691258187106	0.43976066616383924	0.44125605510455257	0.4505398210424034	0.029780120779261926	0.4291172086933744	0.4298221387892746	0.43320377263782633	0.026701651383695593	0.8170214392219054	0.8050317406422914	0.42304482143527405	0.29477250645776326	15	IRF1	3280
11	IRF1	LogisticRegression	mono+di	0.0	0.8170214392219054	0.8050317406422914	0.0	0.8170214392219054	0.8050317406422914	0.7998055936543007	0.8000421155326756	0.7980077649636653	0.01030832139611724	0.8377764600200795	0.837726575779647	0.8363723864748337	0.023122416897761452	0.8628100159003447	0.8624912892617649	0.8640291767124095	0.005724308221856404	0.0	0.42304482143527405	0.29477250645776326	0.0	0.42304482143527405	0.29477250645776326	0.24475934967705257	0.2461337675388829	0.24563866322501787	0.006639117259528026	0.4462565158357341	0.4467531703982713	0.4561891040400473	0.04408047580795077	0.43800681853289525	0.4385856498107935	0.44495652545680553	0.021791937468874995	0.8170214392219054	0.8050317406422914	0.42304482143527405	0.29477250645776326	15	IRF1	3280
11	IRF1	Single best mono PWM	mono	0.8477176914218787	0.810201749573414	0.8003781125023899	0.0	0.0	0.0	0.8003781125023899	0.8003781125023899	0.8003781125023899	0.015219744108913	0.810201749573414	0.810201749573414	0.810201749573414	0.0161149133218071	0.8477176914218787	0.8477176914218787	0.8477176914218787	0.0167269604494405	0.3993541409679382	0.4029052673239492	0.2783050214905603	0.0	0.0	0.0	0.2783050214905603	0.2783050214905603	0.2783050214905603	0.0278798632859029	0.4029052673239492	0.4029052673239492	0.4029052673239492	0.0392867864534846	0.3993541409679382	0.3993541409679382	0.3993541409679382	0.0421640691628569	0.810201749573414	0.8003781125023899	0.4029052673239492	0.2783050214905603	15	IRF1	3280
11	IRF1	XGBClassifier	mono	0.8477176914218787	0.810201749573414	0.8003781125023899	0.8477176914218787	0.810201749573414	0.8003781125023899	0.7697831960561224	0.774408897894126	0.7709980696394313	0.015219744108913	0.8525820440074534	0.846106140218925	0.8412324856958505	0.0161149133218071	0.9346808514093824	0.9268652799800696	0.9330910727187984	0.0167269604494405	0.3993541409679382	0.4029052673239492	0.2783050214905603	0.3993541409679382	0.4029052673239492	0.2783050214905603	0.1861394426428669	0.2090331284387905	0.1980289426996617	0.0278798632859029	0.4352132350086321	0.4419759390109367	0.4368717399905436	0.0392867864534846	0.5632120962863639	0.5593278595058526	0.572037672141025	0.0421640691628569	0.810201749573414	0.8003781125023899	0.4029052673239492	0.2783050214905603	15	IRF1	3280
5	IRF1	Single best di PWM	di	0.0	0.0	0.0	0.8474347737928982	0.8170214392219054	0.8050317406422914	0.8050317406422914	0.8050317406422914	0.8050317406422914	0.0146157892013197	0.8170214392219054	0.8170214392219054	0.8170214392219054	0.024338076247189	0.8474347737928982	0.8474347737928982	0.8474347737928982	0.0110655658766088	0.0	0.0	0.0	0.4182384286204784	0.423044821435274	0.2947725064577632	0.2947725064577632	0.2947725064577632	0.2947725064577632	0.0140956633024857	0.423044821435274	0.423044821435274	0.423044821435274	0.0407026547279562	0.4182384286204784	0.4182384286204784	0.4182384286204784	0.0425560669711882	0.8170214392219054	0.8050317406422914	0.423044821435274	0.2947725064577632	15	IRF1	3280
5	IRF1	XGBClassifier	di	0.8474347737928982	0.8170214392219054	0.8050317406422914	0.8474347737928982	0.8170214392219054	0.8050317406422914	0.7948519907804652	0.7946911927322133	0.7922493411223368	0.0146157892013197	0.8462450646603698	0.8439095347147954	0.8439923639984104	0.024338076247189	0.92891114286537	0.9241187139620816	0.9284715977347326	0.0110655658766088	0.4182384286204784	0.423044821435274	0.2947725064577632	0.4182384286204784	0.423044821435274	0.2947725064577632	0.2925880708556719	0.2853030529280437	0.2836192348028818	0.0140956633024857	0.4340827523830296	0.4312512480980277	0.4201836901208263	0.0407026547279562	0.5465183396617614	0.5441256846354705	0.5536243529508769	0.0425560669711882	0.8170214392219054	0.8050317406422914	0.423044821435274	0.2947725064577632	15	IRF1	3280
11	IRF1	XGBClassifier	mono+di	0.0	0.8170214392219054	0.8050317406422914	0.0	0.8170214392219054	0.8050317406422914	0.7897637640361836	0.792691448861061	0.787633436950288	0.0143225341619395	0.8541136763895875	0.8529416745937454	0.8550756763224128	0.0231011125792352	0.9396970018064636	0.9360436580679554	0.9416154163362456	0.0144312332769397	0.0	0.42304482143527405	0.2947725064577632	0.0	0.423044821435274	0.2947725064577632	0.2759652749682497	0.2576681576052115	0.2539816774907133	0.017066733395884	0.4521860286561071	0.4614034194418219	0.4578544954650914	0.0490938098574023	0.5913202618601882	0.5864949912409132	0.5972575302792009	0.0417067139739999	0.8170214392219054	0.8050317406422914	0.423044821435274	0.2947725064577632	15	IRF1	3280
11	IRF1	Single best mono PWM	mono	0.8477176914218787	0.810201749573414	0.8036023789198193	0.0	0.0	0.0	0.8036023789198193	0.8036023789198193	0.8036023789198193	0.009752704124902296	0.810201749573414	0.810201749573414	0.810201749573414	0.019281356072589715	0.8477176914218787	0.8477176914218787	0.8477176914218787	0.0171640648061756	0.39935414096793825	0.4029052673239492	0.3006260384602045	0.0	0.0	0.0	0.3006260384602045	0.3006260384602045	0.3006260384602045	0.02588067349062544	0.4029052673239492	0.4029052673239492	0.4029052673239492	0.043699646226867485	0.39935414096793825	0.39935414096793825	0.39935414096793825	0.041707401123214576	0.810201749573414	0.8036023789198193	0.4029052673239492	0.3006260384602045	15	IRF1	3280
11	IRF1	BaggingClassifier_XGBClassifier	mono	0.8477176914218787	0.810201749573414	0.8036023789198193	0.8477176914218787	0.810201749573414	0.8036023789198193	0.7790237216329264	0.7773124934340621	0.7739917946851627	0.009752704124902296	0.8433866938220431	0.8464522770797613	0.8430159642428309	0.019281356072589715	0.9583050601524414	0.9520793051310744	0.9600018634132448	0.0171640648061756	0.39935414096793825	0.4029052673239492	0.3006260384602045	0.39935414096793825	0.4029052673239492	0.3006260384602045	0.1911349747039963	0.2167635291825225	0.21148883436788987	0.02588067349062544	0.4430534967931827	0.4439651743810958	0.4418109882148135	0.043699646226867485	0.5881832536542791	0.582724396166266	0.5921693058937829	0.041707401123214576	0.810201749573414	0.8036023789198193	0.4029052673239492	0.3006260384602045	15	IRF1	3280
5	IRF1	Single best di PWM	di	0.0	0.0	0.0	0.8474347737928982	0.8170214392219054	0.8050317406422914	0.8050317406422914	0.8050317406422914	0.8050317406422914	0.013618186852417611	0.8170214392219054	0.8170214392219054	0.8170214392219054	0.0240598529017164	0.8474347737928982	0.8474347737928982	0.8474347737928982	0.013761201829924316	0.0	0.0	0.0	0.41823842862047844	0.42304482143527405	0.29477250645776326	0.29477250645776326	0.29477250645776326	0.29477250645776326	0.012658919487648905	0.42304482143527405	0.42304482143527405	0.42304482143527405	0.035511958876439854	0.41823842862047844	0.41823842862047844	0.41823842862047844	0.04417242940237507	0.8170214392219054	0.8050317406422914	0.42304482143527405	0.29477250645776326	15	IRF1	3280
5	IRF1	BaggingClassifier_XGBClassifier	di	0.8474347737928982	0.8170214392219054	0.8050317406422914	0.8474347737928982	0.8170214392219054	0.8050317406422914	0.7953720223497852	0.7955004549724105	0.7919277456751579	0.013618186852417611	0.8531318055607201	0.8471033098997501	0.8414114210996355	0.0240598529017164	0.9479814688528704	0.943997693754474	0.9479703223446505	0.013761201829924316	0.41823842862047844	0.42304482143527405	0.29477250645776326	0.41823842862047844	0.42304482143527405	0.29477250645776326	0.3003501113347436	0.29225073024085496	0.29047223400334804	0.012658919487648905	0.443788836023717	0.44310651910676685	0.431651032177045	0.035511958876439854	0.5620716322177756	0.5598048349000972	0.5742512546345862	0.04417242940237507	0.8170214392219054	0.8050317406422914	0.42304482143527405	0.29477250645776326	15	IRF1	3280
11	IRF1	BaggingClassifier_XGBClassifier	mono+di	0.0	0.8170214392219054	0.8050317406422914	0.0	0.8170214392219054	0.8050317406422914	0.7829181123711615	0.7872723436577093	0.7810976342608322	0.010803556244867212	0.8487628407985611	0.8518006167039411	0.85262399422279	0.020804596729885924	0.9636673830834801	0.9579523598748353	0.9649852735800734	0.01626885661520835	0.0	0.42304482143527405	0.3006260384602045	0.0	0.42304482143527405	0.3006260384602045	0.28341921849262197	0.27499162555803575	0.2764908701953413	0.008965701050122897	0.4691663665496288	0.4729021828516365	0.4843157179770107	0.04498041371749	0.6143455614364615	0.6082808952933474	0.6213444739142454	0.04833588921087011	0.8170214392219054	0.8050317406422914	0.42304482143527405	0.3006260384602045	15	IRF1	3280
11	IRF1	Single best mono PWM	mono	0.8477176914218787	0.810201749573414	0.8006392825795158	0.0	0.0	0.0	0.8006392825795158	0.8006392825795158	0.8006392825795158	0.012425653733640907	0.810201749573414	0.810201749573414	0.810201749573414	0.0212988951882256	0.8477176914218787	0.8477176914218787	0.8477176914218787	0.005525778192725168	0.39935414096793825	0.4029052673239492	0.26015285736148486	0.0	0.0	0.0	0.26015285736148486	0.26015285736148486	0.26015285736148486	0.01165686459922704	0.4029052673239492	0.4029052673239492	0.4029052673239492	0.04102051386869671	0.39935414096793825	0.39935414096793825	0.39935414096793825	0.026025844080949757	0.810201749573414	0.8006392825795158	0.4029052673239492	0.26015285736148486	15	IRF1	3280
11	IRF1	BaggingClassifier_LogisticRegression	mono	0.8477176914218787	0.810201749573414	0.8006392825795158	0.8477176914218787	0.810201749573414	0.8006392825795158	0.795151980155867	0.7945008974507548	0.796995759134202	0.012425653733640907	0.8315636673762118	0.8319253670966188	0.8299563504441871	0.0212988951882256	0.8599231205339538	0.8599498563967648	0.8574335655825275	0.005525778192725168	0.39935414096793825	0.4029052673239492	0.26015285736148486	0.39935414096793825	0.4029052673239492	0.26015285736148486	0.23519511320779768	0.23185456061752277	0.23010565112158615	0.01165686459922704	0.4130095351196138	0.41217581372058587	0.41560727827781496	0.04102051386869671	0.4198572436796076	0.41971063298846667	0.43155983200762216	0.026025844080949757	0.810201749573414	0.8006392825795158	0.4029052673239492	0.26015285736148486	15	IRF1	3280
5	IRF1	Single best di PWM	di	0.0	0.0	0.0	0.8474347737928982	0.8170214392219054	0.8050317406422914	0.8050317406422914	0.8050317406422914	0.8050317406422914	0.012436727006810243	0.8170214392219054	0.8170214392219054	0.8170214392219054	0.025815735186373274	0.8474347737928982	0.8474347737928982	0.8474347737928982	0.0047238507799895755	0.0	0.0	0.0	0.41823842862047844	0.42304482143527405	0.29477250645776326	0.29477250645776326	0.29477250645776326	0.29477250645776326	0.011384649769680141	0.42304482143527405	0.42304482143527405	0.42304482143527405	0.030279872064169974	0.41823842862047844	0.41823842862047844	0.41823842862047844	0.026647298737521304	0.8170214392219054	0.8050317406422914	0.42304482143527405	0.29477250645776326	15	IRF1	3280
5	IRF1	BaggingClassifier_LogisticRegression	di	0.8474347737928982	0.8170214392219054	0.8050317406422914	0.8474347737928982	0.8170214392219054	0.8050317406422914	0.8056110105690594	0.8056722357077727	0.8028216679652995	0.012436727006810243	0.8155247404658817	0.8155259598508712	0.8184083402058772	0.025815735186373274	0.8487150491483823	0.8489145959734058	0.8482302456685087	0.0047238507799895755	0.41823842862047844	0.42304482143527405	0.29477250645776326	0.41823842862047844	0.42304482143527405	0.29477250645776326	0.29767007960931124	0.2975740109170099	0.2925248637286291	0.011384649769680141	0.4400315444561233	0.4402569243433335	0.4482865437651334	0.030279872064169974	0.4295338071988578	0.42947558568074584	0.43311548554609614	0.026647298737521304	0.8170214392219054	0.8050317406422914	0.42304482143527405	0.29477250645776326	15	IRF1	3280
11	IRF1	BaggingClassifier_LogisticRegression	mono+di	0.0	0.8170214392219054	0.8050317406422914	0.0	0.8170214392219054	0.8050317406422914	0.6984996322659148	0.6925989609932898	0.6957028434219854	0.015751715950342415	0.8375607696139862	0.8378549601709276	0.8361480495506852	0.02308182389654473	0.862678408475455	0.8625400266698071	0.863911274509207	0.005703652000768143	0.0	0.42304482143527405	0.29477250645776326	0.0	0.42304482143527405	0.29477250645776326	0.0480421258050465	0.04768271111810599	0.04817825126759846	0.007346122715036107	0.44716103008988717	0.44729302207312643	0.45409791027161756	0.04337674539729963	0.43847016348890516	0.4384027765707231	0.44554064241041214	0.02161499488522274	0.8170214392219054	0.8050317406422914	0.42304482143527405	0.29477250645776326	15	IRF1	3280
12	IRF4	Single best mono PWM	mono	0.7858214522338011	0.7562861700388561	0.8000064069112705	0.0	0.0	0.0	0.8000064069112705	0.8000064069112705	0.8000064069112705	0.005572641987892493	0.7562861700388561	0.7562861700388561	0.7562861700388561	0.015937435903957388	0.7858214522338011	0.7858214522338011	0.7858214522338011	0.005781198807352201	0.2860240793163094	0.20701141367967568	0.3499281703431916	0.0	0.0	0.0	0.3499281703431916	0.3499281703431916	0.3499281703431916	0.018203864696044503	0.20701141367967568	0.20701141367967568	0.20701141367967568	0.025475850598777553	0.2860240793163094	0.2860240793163094	0.2860240793163094	0.010425196303742218	0.7562861700388561	0.8000064069112705	0.20701141367967568	0.3499281703431916	16	IRF4	6960
12	IRF4	RandomForestClassifier	mono	0.7858214522338011	0.7562861700388561	0.8000064069112705	0.7858214522338011	0.7562861700388561	0.8000064069112705	0.8054116362148985	0.8040051705972545	0.8043168304081584	0.005572641987892493	0.7868414911485484	0.786993563686311	0.7884050432373053	0.015937435903957388	0.8312889913601934	0.8310464533078464	0.8327125902192457	0.005781198807352201	0.2860240793163094	0.20701141367967568	0.3499281703431916	0.2860240793163094	0.20701141367967568	0.3499281703431916	0.33915347770049886	0.3397207387696037	0.3326079356325561	0.018203864696044503	0.25889992287425967	0.2601967289831339	0.24963393759730726	0.025475850598777553	0.40207758919870107	0.4010204397363258	0.40214463789466903	0.010425196303742218	0.7562861700388561	0.8000064069112705	0.20701141367967568	0.3499281703431916	16	IRF4	6960
6	IRF4	Single best di PWM	di	0.0	0.0	0.0	0.7063839444996133	0.6761241071993002	0.5755608344851018	0.5755608344851018	0.5755608344851018	0.5755608344851018	0.0037106236454068167	0.6761241071993002	0.6761241071993002	0.6761241071993002	0.013856250833163247	0.7063839444996133	0.7063839444996133	0.7063839444996133	0.005936997194467065	0.0	0.0	0.0	0.12123974259012306	0.06600629608342128	0.06750994508216773	0.06750994508216773	0.06750994508216773	0.06750994508216773	0.017737447102604685	0.06600629608342128	0.06600629608342128	0.06600629608342128	0.01889812976264867	0.12123974259012306	0.12123974259012306	0.12123974259012306	0.01234603558195661	0.6761241071993002	0.5755608344851018	0.06600629608342128	0.06750994508216773	16	IRF4	6960
6	IRF4	RandomForestClassifier	di	0.7063839444996133	0.6761241071993002	0.5755608344851018	0.7063839444996133	0.6761241071993002	0.5755608344851018	0.8527221566712957	0.8528099915049515	0.851803134131341	0.0037106236454068167	0.8505385645494532	0.8512254315468974	0.8532718312337404	0.013856250833163247	0.8944458699047344	0.8944370476226436	0.8942848573312455	0.005936997194467065	0.12123974259012306	0.06600629608342128	0.06750994508216773	0.12123974259012306	0.06600629608342128	0.06750994508216773	0.4370875697112804	0.43617701740255704	0.42697228519334707	0.017737447102604685	0.2956468152056145	0.2999051669109666	0.3016722841607149	0.01889812976264867	0.46682709963066066	0.4654736014445051	0.46744544978938823	0.01234603558195661	0.6761241071993002	0.5755608344851018	0.06600629608342128	0.06750994508216773	16	IRF4	6960
12	IRF4	RandomForestClassifier	mono+di	0.0	0.7562861700388561	0.7892313693894583	0.0	0.7562861700388561	0.8000064069112705	0.850665760150681	0.851201735842335	0.8511774514460813	0.003349317524205264	0.8499772605661153	0.8500670236155485	0.8508191150929778	0.012970982892617064	0.8948325128230737	0.8951460354218984	0.8967303415692861	0.005686461867002332	0.0	0.20701141367967568	0.3499281703431916	0.0	0.20701141367967568	0.3499281703431916	0.4192264045571762	0.41194916362144307	0.4148906987688123	0.0210281577848376	0.30626683612693595	0.31011009274649626	0.30844175060735407	0.01843061910671099	0.47765070071520227	0.4769207330598198	0.4805220208097632	0.011594322534665608	0.7562861700388561	0.8000064069112705	0.20701141367967568	0.3499281703431916	16	IRF4	6960
12	IRF4	Single best mono PWM	mono	0.7858214522338011	0.7562861700388561	0.7892313693894583	0.0	0.0	0.0	0.7892313693894583	0.7892313693894583	0.7892313693894583	0.007101627802324	0.7562861700388561	0.7562861700388561	0.7562861700388561	0.016194762459626803	0.7858214522338011	0.7858214522338011	0.7858214522338011	0.00438679448437684	0.2860240793163094	0.20701141367967568	0.31903473029132495	0.0	0.0	0.0	0.31903473029132495	0.31903473029132495	0.31903473029132495	0.024321848793061752	0.20701141367967568	0.20701141367967568	0.20701141367967568	0.024693823776551774	0.2860240793163094	0.2860240793163094	0.2860240793163094	0.013217462483232151	0.7562861700388561	0.7892313693894583	0.20701141367967568	0.31903473029132495	16	IRF4	6960
12	IRF4	LogisticRegression	mono	0.7858214522338011	0.7562861700388561	0.7892313693894583	0.7858214522338011	0.7562861700388561	0.7892313693894583	0.795431407323598	0.7953416713018218	0.7965848618934044	0.007101627802324	0.7790577960957705	0.7790925866185232	0.7749479915383986	0.016194762459626803	0.8068081702962223	0.8069331061001457	0.8082423261851999	0.00438679448437684	0.2860240793163094	0.20701141367967568	0.31903473029132495	0.2860240793163094	0.20701141367967568	0.31903473029132495	0.35159405549153444	0.35239821997280174	0.35122474610350907	0.024321848793061752	0.24731922520718355	0.2494061648301201	0.2418740522223443	0.024693823776551774	0.31798879149545684	0.3185902854961765	0.32091027118255966	0.013217462483232151	0.7562861700388561	0.7892313693894583	0.20701141367967568	0.31903473029132495	16	IRF4	6960
6	IRF4	Single best di PWM	di	0.0	0.0	0.0	0.7063839444996133	0.6761241071993002	0.5755608344851018	0.5755608344851018	0.5755608344851018	0.5755608344851018	0.003354462533217482	0.6761241071993002	0.6761241071993002	0.6761241071993002	0.013738044836474918	0.7063839444996133	0.7063839444996133	0.7063839444996133	0.005846526349766284	0.0	0.0	0.0	0.12123974259012306	0.06600629608342128	0.06750994508216773	0.06750994508216773	0.06750994508216773	0.06750994508216773	0.021866271450178297	0.06600629608342128	0.06600629608342128	0.06600629608342128	0.010970557182836137	0.12123974259012306	0.12123974259012306	0.12123974259012306	0.010170512236552617	0.6761241071993002	0.5755608344851018	0.06600629608342128	0.06750994508216773	16	IRF4	6960
6	IRF4	LogisticRegression	di	0.7063839444996133	0.6761241071993002	0.5755608344851018	0.7063839444996133	0.6761241071993002	0.5755608344851018	0.831791073931989	0.8317743572515537	0.8326101781546444	0.003354462533217482	0.8425427991070058	0.8425509076887491	0.8467089909744124	0.013738044836474918	0.8733765654559517	0.8733759916812833	0.8735635566301718	0.005846526349766284	0.12123974259012306	0.06600629608342128	0.06750994508216773	0.12123974259012306	0.06600629608342128	0.06750994508216773	0.37389876436028224	0.37476047703870713	0.3709069812922715	0.021866271450178297	0.24061954014467998	0.2434598309759797	0.2477511077952798	0.010970557182836137	0.3394873594107655	0.3394202239121767	0.33898822411363094	0.010170512236552617	0.6761241071993002	0.5755608344851018	0.06600629608342128	0.06750994508216773	16	IRF4	6960
12	IRF4	LogisticRegression	mono+di	0.0	0.7562861700388561	0.7892313693894583	0.0	0.7562861700388561	0.7892313693894583	0.82566954333893	0.825892987925406	0.8253926842174557	0.002512410507966161	0.8459363906037424	0.845861510233676	0.8466621005429422	0.01564233743767139	0.8757541703636156	0.8757449316153753	0.8755831362692168	0.005549752692884875	0.0	0.20701141367967568	0.31903473029132495	0.0	0.20701141367967568	0.31903473029132495	0.35848517004386105	0.36077954227154097	0.3595435701197662	0.02183920493497025	0.2507731598681906	0.2535042281695089	0.2500255423495776	0.01405060645608788	0.35022457794212897	0.3503667555482689	0.3517016614142602	0.008188533384818238	0.7562861700388561	0.7892313693894583	0.20701141367967568	0.31903473029132495	16	IRF4	6960
12	IRF4	Single best mono PWM	mono	0.7858214522338011	0.7562861700388561	0.7745918947937868	0.0	0.0	0.0	0.7745918947937868	0.7745918947937868	0.7745918947937868	0.0071883996486684	0.7562861700388561	0.7562861700388561	0.7562861700388561	0.0158039493945201	0.7858214522338011	0.7858214522338011	0.7858214522338011	0.0090714445695765	0.2860240793163094	0.2070114136796756	0.2306014709368278	0.0	0.0	0.0	0.2306014709368278	0.2306014709368278	0.2306014709368278	0.0399341916203334	0.2070114136796756	0.2070114136796756	0.2070114136796756	0.0201279451816577	0.2860240793163094	0.2860240793163094	0.2860240793163094	0.0152685751119769	0.7562861700388561	0.7745918947937868	0.2070114136796756	0.2306014709368278	16	IRF4	6960
12	IRF4	XGBClassifier	mono	0.7858214522338011	0.7562861700388561	0.7745918947937868	0.7858214522338011	0.7562861700388561	0.7745918947937868	0.7814585218220262	0.7838015567442723	0.7854201419448553	0.0071883996486684	0.7888363070209049	0.7809195457078941	0.7807916125735771	0.0158039493945201	0.8877080406190725	0.8842529389854582	0.8858356692470059	0.0090714445695765	0.2860240793163094	0.2070114136796756	0.2306014709368278	0.2860240793163094	0.2070114136796756	0.2306014709368278	0.1754062925962458	0.1665019498134086	0.1613209059401517	0.0399341916203334	0.2525088528189459	0.2515042302621215	0.2499754426679797	0.0201279451816577	0.4606428619437189	0.4548880180927598	0.4644415339955988	0.0152685751119769	0.7562861700388561	0.7745918947937868	0.2070114136796756	0.2306014709368278	16	IRF4	6960
6	IRF4	Single best di PWM	di	0.0	0.0	0.0	0.7063839444996133	0.6761241071993002	0.5755608344851018	0.5755608344851018	0.5755608344851018	0.5755608344851018	0.0034256047619822	0.6761241071993002	0.6761241071993002	0.6761241071993002	0.0126442270330268	0.7063839444996133	0.7063839444996133	0.7063839444996133	0.0037815714583491	0.0	0.0	0.0	0.121239742590123	0.0660062960834212	0.0675099450821677	0.0675099450821677	0.0675099450821677	0.0675099450821677	0.0184606003514541	0.0660062960834212	0.0660062960834212	0.0660062960834212	0.0203231768471118	0.121239742590123	0.121239742590123	0.121239742590123	0.0162981391883794	0.6761241071993002	0.5755608344851018	0.0660062960834212	0.0675099450821677	16	IRF4	6960
6	IRF4	XGBClassifier	di	0.7063839444996133	0.6761241071993002	0.5755608344851018	0.7063839444996133	0.6761241071993002	0.5755608344851018	0.8541959332952893	0.8525396359604794	0.851756533167509	0.0034256047619822	0.8453189186051413	0.8474291416269963	0.8469897756637239	0.0126442270330268	0.9207558664662902	0.9206001268578794	0.9210051757217008	0.0037815714583491	0.121239742590123	0.0660062960834212	0.0675099450821677	0.121239742590123	0.0660062960834212	0.0675099450821677	0.4221148835521758	0.4169200587447244	0.4121555507462539	0.0184606003514541	0.2705411440258106	0.2815660156469137	0.2728336267807942	0.0203231768471118	0.5057128747041417	0.4997458961369451	0.5096000636195172	0.0162981391883794	0.6761241071993002	0.5755608344851018	0.0660062960834212	0.0675099450821677	16	IRF4	6960
12	IRF4	XGBClassifier	mono+di	0.0	0.7562861700388561	0.7892313693894583	0.0	0.7562861700388561	0.7745918947937868	0.8449809064280225	0.8483021430637192	0.847861030302713	0.0044007559374117	0.847182085123429	0.850059696108344	0.8537420159484717	0.0162723932325429	0.932380938736332	0.9321628927787996	0.93219303246494	0.0057160039486989	0.0	0.20701141367967568	0.2306014709368278	0.0	0.2070114136796756	0.2306014709368278	0.3010599280395467	0.359594547101676	0.3466571254674946	0.0285848287176672	0.2945252408465588	0.3000475947396808	0.2993900603384253	0.0098277256537454	0.5426466329345769	0.5406813594684446	0.5473793937380315	0.0203053587335796	0.7562861700388561	0.7745918947937868	0.2070114136796756	0.2306014709368278	16	IRF4	6960
12	IRF4	Single best mono PWM	mono	0.7858214522338011	0.7562861700388561	0.7676062624316773	0.0	0.0	0.0	0.7676062624316773	0.7676062624316773	0.7676062624316773	0.006046844371373744	0.7562861700388561	0.7562861700388561	0.7562861700388561	0.015659725548281645	0.7858214522338011	0.7858214522338011	0.7858214522338011	0.008839132012407866	0.2860240793163094	0.20701141367967568	0.21991322893494314	0.0	0.0	0.0	0.21991322893494314	0.21991322893494314	0.21991322893494314	0.023703178279848348	0.20701141367967568	0.20701141367967568	0.20701141367967568	0.02370875326146052	0.2860240793163094	0.2860240793163094	0.2860240793163094	0.013455019637547045	0.7562861700388561	0.7676062624316773	0.20701141367967568	0.21991322893494314	16	IRF4	6960
12	IRF4	BaggingClassifier_XGBClassifier	mono	0.7858214522338011	0.7562861700388561	0.7676062624316773	0.7858214522338011	0.7562861700388561	0.7676062624316773	0.7943756624455315	0.7940681384497028	0.7933756732119281	0.006046844371373744	0.788644529974783	0.7865597081164487	0.7852096854173423	0.015659725548281645	0.9088859163020581	0.9056811493475666	0.9071902686370005	0.008839132012407866	0.2860240793163094	0.20701141367967568	0.21991322893494314	0.2860240793163094	0.20701141367967568	0.21991322893494314	0.18628595396281342	0.2245868346064092	0.22130252714855708	0.023703178279848348	0.25341668912816423	0.2619058104816253	0.2539951001034456	0.02370875326146052	0.4780844875107592	0.47527701926611604	0.48258848243028446	0.013455019637547045	0.7562861700388561	0.7676062624316773	0.20701141367967568	0.21991322893494314	16	IRF4	6960
6	IRF4	Single best di PWM	di	0.0	0.0	0.0	0.7063839444996133	0.6761241071993002	0.5755608344851018	0.5755608344851018	0.5755608344851018	0.5755608344851018	0.003357495675571037	0.6761241071993002	0.6761241071993002	0.6761241071993002	0.013441565226274885	0.7063839444996133	0.7063839444996133	0.7063839444996133	0.005088585231752654	0.0	0.0	0.0	0.12123974259012306	0.06600629608342128	0.06750994508216773	0.06750994508216773	0.06750994508216773	0.06750994508216773	0.019808533237174235	0.06600629608342128	0.06600629608342128	0.06600629608342128	0.01651463280995792	0.12123974259012306	0.12123974259012306	0.12123974259012306	0.016486331039917358	0.6761241071993002	0.5755608344851018	0.06600629608342128	0.06750994508216773	16	IRF4	6960
6	IRF4	BaggingClassifier_XGBClassifier	di	0.7063839444996133	0.6761241071993002	0.5755608344851018	0.7063839444996133	0.6761241071993002	0.5755608344851018	0.8564284870545625	0.854691664456421	0.8537486758959842	0.003357495675571037	0.8519210164062674	0.8524075691286768	0.8579552587736711	0.013441565226274885	0.9306805408963618	0.9314004633521893	0.9325013084490753	0.005088585231752654	0.12123974259012306	0.06600629608342128	0.06750994508216773	0.12123974259012306	0.06600629608342128	0.06750994508216773	0.42791848828896467	0.4275941549911933	0.4216579702184763	0.019808533237174235	0.29906343200027985	0.2928785208779944	0.29068662452673294	0.01651463280995792	0.515000383172988	0.5101856011507048	0.5185342129618432	0.016486331039917358	0.6761241071993002	0.5755608344851018	0.06600629608342128	0.06750994508216773	16	IRF4	6960
12	IRF4	BaggingClassifier_XGBClassifier	mono+di	0.0	0.7562861700388561	0.7892313693894583	0.0	0.7562861700388561	0.7676062624316773	0.8506087375518295	0.8521663827552471	0.8527798961503015	0.0031305663924924795	0.8585871817778525	0.8554185716858475	0.857156187121883	0.01511244201006002	0.9443587398185432	0.9439496007245763	0.9451649638243667	0.00632101715178358	0.0	0.20701141367967568	0.21991322893494314	0.0	0.20701141367967568	0.21991322893494314	0.3335782301275481	0.3484386683725484	0.35005168468509834	0.009145868499789196	0.31665238939591983	0.31871366840426896	0.3208460547621592	0.008848725778287679	0.5557316274400436	0.5542337013613738	0.5594486013731284	0.021201470717088198	0.7562861700388561	0.7676062624316773	0.20701141367967568	0.21991322893494314	16	IRF4	6960
12	IRF4	Single best mono PWM	mono	0.7858214522338011	0.7562861700388561	0.8000064069112705	0.0	0.0	0.0	0.8000064069112705	0.8000064069112705	0.8000064069112705	0.004340313874049229	0.7562861700388561	0.7562861700388561	0.7562861700388561	0.016107939622577134	0.7858214522338011	0.7858214522338011	0.7858214522338011	0.004363319224086399	0.2860240793163094	0.20701141367967568	0.3499281703431916	0.0	0.0	0.0	0.3499281703431916	0.3499281703431916	0.3499281703431916	0.018195054020361215	0.20701141367967568	0.20701141367967568	0.20701141367967568	0.02481034576044404	0.2860240793163094	0.2860240793163094	0.2860240793163094	0.013129798508208336	0.7562861700388561	0.8000064069112705	0.20701141367967568	0.3499281703431916	16	IRF4	6960
12	IRF4	BaggingClassifier_LogisticRegression	mono	0.7858214522338011	0.7562861700388561	0.8000064069112705	0.7858214522338011	0.7562861700388561	0.8000064069112705	0.7986890843688254	0.7987579620414549	0.7987682722152967	0.004340313874049229	0.7788215023833394	0.7791980159234104	0.7749976625410515	0.016107939622577134	0.8067381991973033	0.8069637564596224	0.8082571458316955	0.004363319224086399	0.2860240793163094	0.20701141367967568	0.3499281703431916	0.2860240793163094	0.20701141367967568	0.3499281703431916	0.36087711863225763	0.36107770595817035	0.3586938757044341	0.018195054020361215	0.2477817380121657	0.2494838580214495	0.2417794383446667	0.02481034576044404	0.3180448371071942	0.31851096108608207	0.32106778826281873	0.013129798508208336	0.7562861700388561	0.8000064069112705	0.20701141367967568	0.3499281703431916	16	IRF4	6960
6	IRF4	Single best di PWM	di	0.0	0.0	0.0	0.7063839444996133	0.6761241071993002	0.5755608344851018	0.5755608344851018	0.5755608344851018	0.5755608344851018	0.0033290254703408034	0.6761241071993002	0.6761241071993002	0.6761241071993002	0.013692665028588291	0.7063839444996133	0.7063839444996133	0.7063839444996133	0.005841138086609307	0.0	0.0	0.0	0.12123974259012306	0.06600629608342128	0.06750994508216773	0.06750994508216773	0.06750994508216773	0.06750994508216773	0.02199477145286272	0.06600629608342128	0.06600629608342128	0.06600629608342128	0.011303815278649825	0.12123974259012306	0.12123974259012306	0.12123974259012306	0.010274337454235385	0.6761241071993002	0.5755608344851018	0.06600629608342128	0.06750994508216773	16	IRF4	6960
6	IRF4	BaggingClassifier_LogisticRegression	di	0.7063839444996133	0.6761241071993002	0.5755608344851018	0.7063839444996133	0.6761241071993002	0.5755608344851018	0.8318685143341569	0.8317940976182777	0.832631038710923	0.0033290254703408034	0.8424499050895171	0.8425909917246893	0.8469974335879061	0.013692665028588291	0.8731995858550181	0.8731405760778292	0.8732888708527121	0.005841138086609307	0.12123974259012306	0.06600629608342128	0.06750994508216773	0.12123974259012306	0.06600629608342128	0.06750994508216773	0.3749269653266302	0.37485355638590817	0.37045850703502897	0.02199477145286272	0.24176787078728793	0.24406899788234268	0.2476604103420285	0.011303815278649825	0.339957300704072	0.340223593736305	0.339817040723598	0.010274337454235385	0.6761241071993002	0.5755608344851018	0.06600629608342128	0.06750994508216773	16	IRF4	6960
12	IRF4	BaggingClassifier_LogisticRegression	mono+di	0.0	0.7562861700388561	0.7892313693894583	0.0	0.7562861700388561	0.8000064069112705	0.8327663182773283	0.8326442864847616	0.832854962482346	0.002932812613375856	0.8457037991891097	0.845949056636686	0.8468319971847085	0.015481973554142079	0.8755473319573777	0.8754224416058821	0.8752211261231593	0.005527418190638856	0.0	0.20701141367967568	0.3499281703431916	0.0	0.20701141367967568	0.3499281703431916	0.38518755980207275	0.38526002405126025	0.3770584378747985	0.02118924803367222	0.2513451568821293	0.2532089108430434	0.2492341830794084	0.013914458294367474	0.35057231823337676	0.3509598825558583	0.35230248023521504	0.008191867374806237	0.7562861700388561	0.8000064069112705	0.20701141367967568	0.3499281703431916	16	IRF4	6960
33	JUND	Single best mono PWM	mono	0.8547937621971302	0.856309952340368	0.8372242160289765	0.0	0.0	0.0	0.8372242160289765	0.8372242160289765	0.8372242160289765	0.004123809393366009	0.856309952340368	0.856309952340368	0.856309952340368	0.012821928923406256	0.8547937621971302	0.8547937621971302	0.8547937621971302	0.006079397534311575	0.2855330252393225	0.24197735876780377	0.18281952740033824	0.0	0.0	0.0	0.18281952740033824	0.18281952740033824	0.18281952740033824	0.011032214796085087	0.24197735876780377	0.24197735876780377	0.24197735876780377	0.028391949114187368	0.2855330252393225	0.2855330252393225	0.2855330252393225	0.010437903167755698	0.856309952340368	0.8372242160289765	0.24197735876780377	0.18281952740033824	17	JUND	10000
33	JUND	RandomForestClassifier	mono	0.8547937621971302	0.856309952340368	0.8372242160289765	0.8547937621971302	0.856309952340368	0.8372242160289765	0.8316720540787234	0.8365315110596256	0.8381279427336845	0.004123809393366009	0.8691060428363652	0.8710920270967116	0.8715446678145868	0.012821928923406256	0.8816171428360755	0.8809673918145602	0.8844332867167826	0.006079397534311575	0.2855330252393225	0.24197735876780377	0.18281952740033824	0.2855330252393225	0.24197735876780377	0.18281952740033824	0.20728618119333708	0.21008521792684895	0.20643201578082357	0.011032214796085087	0.27746519425192795	0.2772713882866607	0.2696683960271403	0.028391949114187368	0.3810152718568185	0.3825969203104645	0.3800955210328135	0.010437903167755698	0.856309952340368	0.8372242160289765	0.24197735876780377	0.18281952740033824	17	JUND	10000
17	JUND	Single best di PWM	di	0.0	0.0	0.0	0.8456739363610891	0.8493638612506476	0.8429719038024592	0.8429719038024592	0.8429719038024592	0.8429719038024592	0.004275306162293744	0.8493638612506476	0.8493638612506476	0.8493638612506476	0.012851563012649246	0.8456739363610891	0.8456739363610891	0.8456739363610891	0.007301016215344118	0.0	0.0	0.0	0.2510515070891893	0.19578415403744834	0.1903930177464444	0.1903930177464444	0.1903930177464444	0.1903930177464444	0.013034356457366413	0.19578415403744834	0.19578415403744834	0.19578415403744834	0.02734155370437509	0.2510515070891893	0.2510515070891893	0.2510515070891893	0.01009790326232905	0.8493638612506476	0.8429719038024592	0.19578415403744834	0.1903930177464444	17	JUND	10000
17	JUND	RandomForestClassifier	di	0.8456739363610891	0.8493638612506476	0.8429719038024592	0.8456739363610891	0.8493638612506476	0.8429719038024592	0.8579662088952593	0.8578191612388758	0.8584044087434076	0.004275306162293744	0.86950672584977	0.8691931227773818	0.8708489040003885	0.012851563012649246	0.880986877485511	0.8804688717092553	0.8803557652638141	0.007301016215344118	0.2510515070891893	0.19578415403744834	0.1903930177464444	0.2510515070891893	0.19578415403744834	0.1903930177464444	0.23480516311831223	0.2358449382188756	0.2321705117081084	0.013034356457366413	0.2658002600815003	0.2650594919202016	0.2602249851299663	0.02734155370437509	0.3868765099649277	0.3892048578805917	0.3842280902258623	0.01009790326232905	0.8493638612506476	0.8429719038024592	0.19578415403744834	0.1903930177464444	17	JUND	10000
33	JUND	RandomForestClassifier	mono+di	0.0	0.856309952340368	0.8429719038024592	0.0	0.856309952340368	0.8429719038024592	0.841984143946967	0.8450938867364737	0.8447894468065678	0.003803026076126705	0.8716437441576703	0.8723147097464706	0.873914187009531	0.012846052563553225	0.8828455038367194	0.883242267368569	0.8859959127983705	0.006808995086491277	0.0	0.24197735876780377	0.1903930177464444	0.0	0.24197735876780377	0.1903930177464444	0.22141123311374344	0.22369719489201928	0.22013421793773785	0.013149003287456742	0.2806033325606505	0.2804369435792911	0.2728761120411583	0.028137147236721134	0.39507036092375775	0.3963746332479409	0.3916317419267245	0.012176318543858745	0.856309952340368	0.8429719038024592	0.24197735876780377	0.1903930177464444	17	JUND	10000
33	JUND	Single best mono PWM	mono	0.8547937621971302	0.856309952340368	0.8336776332489678	0.0	0.0	0.0	0.8336776332489678	0.8336776332489678	0.8336776332489678	0.004028405842179622	0.856309952340368	0.856309952340368	0.856309952340368	0.01224536344538303	0.8547937621971302	0.8547937621971302	0.8547937621971302	0.008302876328661989	0.2855330252393225	0.24197735876780377	0.16848346563584843	0.0	0.0	0.0	0.16848346563584843	0.16848346563584843	0.16848346563584843	0.005126565558189946	0.24197735876780377	0.24197735876780377	0.24197735876780377	0.028017699047092073	0.2855330252393225	0.2855330252393225	0.2855330252393225	0.007693406457414567	0.856309952340368	0.8336776332489678	0.24197735876780377	0.16848346563584843	17	JUND	10000
33	JUND	LogisticRegression	mono	0.8547937621971302	0.856309952340368	0.8336776332489678	0.8547937621971302	0.856309952340368	0.8336776332489678	0.8436979571480918	0.8440988506374679	0.8442971349169297	0.004028405842179622	0.8669223800183629	0.8669453929124357	0.8682362179201848	0.01224536344538303	0.864480673109537	0.8645555602987722	0.8651542643259806	0.008302876328661989	0.2855330252393225	0.24197735876780377	0.16848346563584843	0.2855330252393225	0.24197735876780377	0.16848346563584843	0.1843734447528859	0.1857262268877324	0.18422104751564447	0.005126565558189946	0.24796981884432112	0.25052203498962455	0.23711753767499416	0.028017699047092073	0.3049098144350143	0.3047478565246195	0.3046973691214505	0.007693406457414567	0.856309952340368	0.8336776332489678	0.24197735876780377	0.16848346563584843	17	JUND	10000
17	JUND	Single best di PWM	di	0.0	0.0	0.0	0.8456739363610891	0.8493638612506476	0.8429719038024592	0.8429719038024592	0.8429719038024592	0.8429719038024592	0.004956539589833771	0.8493638612506476	0.8493638612506476	0.8493638612506476	0.012174672581970714	0.8456739363610891	0.8456739363610891	0.8456739363610891	0.008429041633413816	0.0	0.0	0.0	0.2510515070891893	0.19578415403744834	0.1903930177464444	0.1903930177464444	0.1903930177464444	0.1903930177464444	0.009356008524239737	0.19578415403744834	0.19578415403744834	0.19578415403744834	0.028090939678927722	0.2510515070891893	0.2510515070891893	0.2510515070891893	0.01027730111661435	0.8493638612506476	0.8429719038024592	0.19578415403744834	0.1903930177464444	17	JUND	10000
17	JUND	LogisticRegression	di	0.8456739363610891	0.8493638612506476	0.8429719038024592	0.8456739363610891	0.8493638612506476	0.8429719038024592	0.8523927372386373	0.8523597845000813	0.853541773747686	0.004956539589833771	0.8663987761274938	0.8663266895202292	0.8719208521159247	0.012174672581970714	0.8637912608330179	0.8637856327847778	0.8663408259281139	0.008429041633413816	0.2510515070891893	0.19578415403744834	0.1903930177464444	0.2510515070891893	0.19578415403744834	0.1903930177464444	0.20987839125741656	0.2104093175136515	0.20574738422344152	0.009356008524239737	0.24316593760945127	0.24670245014855738	0.24344234822770408	0.028090939678927722	0.29789891630840387	0.29806059310262245	0.29909324564850903	0.01027730111661435	0.8493638612506476	0.8429719038024592	0.19578415403744834	0.1903930177464444	17	JUND	10000
33	JUND	LogisticRegression	mono+di	0.0	0.856309952340368	0.8429719038024592	0.0	0.856309952340368	0.8429719038024592	0.7504604048086301	0.7614346155663428	0.7618222162475692	0.008419677957555907	0.869934672033704	0.8699193941068771	0.8719341135436569	0.011640870132627308	0.8679764854076852	0.8679939188113125	0.868810204306078	0.007960743572736356	0.0	0.24197735876780377	0.1903930177464444	0.0	0.24197735876780377	0.1903930177464444	0.08331351714499691	0.09467547537293519	0.0944684089773493	0.009583297543526386	0.25776478541172987	0.2599631002236778	0.2478140234552611	0.027997103694743147	0.31374812202281765	0.3139098024312993	0.31662314756709486	0.007945879803466862	0.856309952340368	0.8429719038024592	0.24197735876780377	0.1903930177464444	17	JUND	10000
33	JUND	Single best mono PWM	mono	0.8547937621971302	0.856309952340368	0.6582488206180398	0.0	0.0	0.0	0.6582488206180398	0.6582488206180398	0.6582488206180398	0.0150258387834423	0.856309952340368	0.856309952340368	0.856309952340368	0.0106236437403755	0.8547937621971302	0.8547937621971302	0.8547937621971302	0.006831091052117	0.2855330252393225	0.2419773587678037	0.043882298286823	0.0	0.0	0.0	0.043882298286823	0.043882298286823	0.043882298286823	0.0202826228851761	0.2419773587678037	0.2419773587678037	0.2419773587678037	0.0272547830162064	0.2855330252393225	0.2855330252393225	0.2855330252393225	0.0133017076103035	0.856309952340368	0.6582488206180398	0.2419773587678037	0.043882298286823	17	JUND	10000
33	JUND	XGBClassifier	mono	0.8547937621971302	0.856309952340368	0.6582488206180398	0.8547937621971302	0.856309952340368	0.6582488206180398	0.8257123182203815	0.8094236169294786	0.8019466500884385	0.0150258387834423	0.8679315103851294	0.8686666058575633	0.8712641552933549	0.0106236437403755	0.9050142634530968	0.9049213627673656	0.907553099680364	0.006831091052117	0.2855330252393225	0.2419773587678037	0.043882298286823	0.2855330252393225	0.2419773587678037	0.043882298286823	0.1853589376979404	0.1725320186225936	0.1608401156282743	0.0202826228851761	0.2731454006408324	0.2717577684625672	0.2652035033511845	0.0272547830162064	0.4072560591142258	0.4062240916170226	0.4065197891096338	0.0133017076103035	0.856309952340368	0.6582488206180398	0.2419773587678037	0.043882298286823	17	JUND	10000
17	JUND	Single best di PWM	di	0.0	0.0	0.0	0.8456739363610891	0.8493638612506476	0.8429719038024592	0.8429719038024592	0.8429719038024592	0.8429719038024592	0.0056594724107307	0.8493638612506476	0.8493638612506476	0.8493638612506476	0.0135760972625815	0.8456739363610891	0.8456739363610891	0.8456739363610891	0.0072122876806155	0.0	0.0	0.0	0.2510515070891893	0.1957841540374483	0.1903930177464444	0.1903930177464444	0.1903930177464444	0.1903930177464444	0.0099065926246642	0.1957841540374483	0.1957841540374483	0.1957841540374483	0.0202118771090434	0.2510515070891893	0.2510515070891893	0.2510515070891893	0.0144712901351209	0.8493638612506476	0.8429719038024592	0.1957841540374483	0.1903930177464444	17	JUND	10000
17	JUND	XGBClassifier	di	0.8456739363610891	0.8493638612506476	0.8429719038024592	0.8456739363610891	0.8493638612506476	0.8429719038024592	0.8499154623716157	0.8525516446232864	0.8534079378147077	0.0056594724107307	0.8712902021476562	0.8693244016235769	0.867014068734168	0.0135760972625815	0.9031815795683016	0.9010099212236048	0.9022620766159952	0.0072122876806155	0.2510515070891893	0.1957841540374483	0.1903930177464444	0.2510515070891893	0.1957841540374483	0.1903930177464444	0.2305166087444232	0.2256737891526775	0.2254247714561565	0.0099065926246642	0.2583267978084964	0.2587054214906368	0.2538191454122009	0.0202118771090434	0.4331815126472956	0.4380170962380455	0.4423843821241869	0.0144712901351209	0.8493638612506476	0.8429719038024592	0.1957841540374483	0.1903930177464444	17	JUND	10000
33	JUND	XGBClassifier	mono+di	0.0	0.856309952340368	0.8429719038024592	0.0	0.856309952340368	0.8429719038024592	0.833079046417625	0.8229134728695756	0.8226614125772483	0.0105446920297794	0.8712147713704261	0.8697326100077951	0.8705861331871191	0.0124587253039368	0.9092351449400036	0.908531258288808	0.9116183041925108	0.006475576737594	0.0	0.24197735876780377	0.1903930177464444	0.0	0.2419773587678037	0.1903930177464444	0.1893494593055751	0.1892675118698627	0.1832049255145948	0.00985206015215	0.2646961867268558	0.2647314689560718	0.2580579667904963	0.0203798060637763	0.4463744584082982	0.441081116400322	0.4467796993742697	0.0165481325770004	0.856309952340368	0.8429719038024592	0.2419773587678037	0.1903930177464444	17	JUND	10000
33	JUND	Single best mono PWM	mono	0.8547937621971302	0.856309952340368	0.8422999061049397	0.0	0.0	0.0	0.8422999061049397	0.8422999061049397	0.8422999061049397	0.008738497020468756	0.856309952340368	0.856309952340368	0.856309952340368	0.011958324986032304	0.8547937621971302	0.8547937621971302	0.8547937621971302	0.008125720728015852	0.2855330252393225	0.24197735876780377	0.20046853470879322	0.0	0.0	0.0	0.20046853470879322	0.20046853470879322	0.20046853470879322	0.012286412058165963	0.24197735876780377	0.24197735876780377	0.24197735876780377	0.024101558540856993	0.2855330252393225	0.2855330252393225	0.2855330252393225	0.01345308967718628	0.856309952340368	0.8422999061049397	0.24197735876780377	0.20046853470879322	17	JUND	10000
33	JUND	BaggingClassifier_XGBClassifier	mono	0.8547937621971302	0.856309952340368	0.8422999061049397	0.8547937621971302	0.856309952340368	0.8422999061049397	0.8128097471488546	0.8170071067858167	0.8133594402381138	0.008738497020468756	0.8708903983411166	0.869253621026311	0.86644484365485	0.011958324986032304	0.9168074529688491	0.9158946480428993	0.9197362517957389	0.008125720728015852	0.2855330252393225	0.24197735876780377	0.20046853470879322	0.2855330252393225	0.24197735876780377	0.20046853470879322	0.18508838862495092	0.18698191532826	0.1810796371540366	0.012286412058165963	0.2771694904070496	0.2784992841876726	0.27170001102519953	0.024101558540856993	0.4211831396228812	0.4185814848207814	0.4211583196903038	0.01345308967718628	0.856309952340368	0.8422999061049397	0.24197735876780377	0.20046853470879322	17	JUND	10000
17	JUND	Single best di PWM	di	0.0	0.0	0.0	0.8456739363610891	0.8493638612506476	0.8429719038024592	0.8429719038024592	0.8429719038024592	0.8429719038024592	0.005111194818765235	0.8493638612506476	0.8493638612506476	0.8493638612506476	0.013361867526774299	0.8456739363610891	0.8456739363610891	0.8456739363610891	0.008033860466709892	0.0	0.0	0.0	0.2510515070891893	0.19578415403744834	0.1903930177464444	0.1903930177464444	0.1903930177464444	0.1903930177464444	0.01165478108045432	0.19578415403744834	0.19578415403744834	0.19578415403744834	0.0229264447480361	0.2510515070891893	0.2510515070891893	0.2510515070891893	0.013751502541421254	0.8493638612506476	0.8429719038024592	0.19578415403744834	0.1903930177464444	17	JUND	10000
17	JUND	BaggingClassifier_XGBClassifier	di	0.8456739363610891	0.8493638612506476	0.8429719038024592	0.8456739363610891	0.8493638612506476	0.8429719038024592	0.8558046015415038	0.8549378777741004	0.8555286181105425	0.005111194818765235	0.8708152339118487	0.8722148374039124	0.871821838859529	0.013361867526774299	0.9143297428095306	0.9127099018796502	0.9162311851504938	0.008033860466709892	0.2510515070891893	0.19578415403744834	0.1903930177464444	0.2510515070891893	0.19578415403744834	0.1903930177464444	0.23280461479649972	0.23231883953326177	0.23126576924112566	0.01165478108045432	0.26321157068437856	0.2621668539977205	0.2599534408924386	0.0229264447480361	0.44102524158499523	0.44008505231664036	0.4462447718358157	0.013751502541421254	0.8493638612506476	0.8429719038024592	0.19578415403744834	0.1903930177464444	17	JUND	10000
33	JUND	BaggingClassifier_XGBClassifier	mono+di	0.0	0.856309952340368	0.8429719038024592	0.0	0.856309952340368	0.8429719038024592	0.8504413624439018	0.849363913272736	0.8479984716562372	0.006188638890013062	0.8724929571392652	0.8734139841509377	0.8772358255577343	0.012603629292579398	0.9211887425096716	0.9194603919428038	0.9235985819649309	0.009034304653645863	0.0	0.24197735876780377	0.20046853470879322	0.0	0.24197735876780377	0.20046853470879322	0.22213186711029803	0.22623681905542448	0.21739336049249403	0.013609542786934006	0.2721751601545289	0.2768673187513019	0.27386611486412277	0.02181572398084934	0.4587942153856738	0.4554025395624951	0.4585132451079892	0.016636461323105714	0.856309952340368	0.8429719038024592	0.24197735876780377	0.20046853470879322	17	JUND	10000
33	JUND	Single best mono PWM	mono	0.8547937621971302	0.856309952340368	0.8248776067424408	0.0	0.0	0.0	0.8248776067424408	0.8248776067424408	0.8248776067424408	0.011204441838832815	0.856309952340368	0.856309952340368	0.856309952340368	0.012319006841838327	0.8547937621971302	0.8547937621971302	0.8547937621971302	0.008293964776209868	0.2855330252393225	0.24197735876780377	0.16616754052808805	0.0	0.0	0.0	0.16616754052808805	0.16616754052808805	0.16616754052808805	0.005684644265774139	0.24197735876780377	0.24197735876780377	0.24197735876780377	0.028579582996788234	0.2855330252393225	0.2855330252393225	0.2855330252393225	0.007512530545886953	0.856309952340368	0.8248776067424408	0.24197735876780377	0.16616754052808805	17	JUND	10000
33	JUND	BaggingClassifier_LogisticRegression	mono	0.8547937621971302	0.856309952340368	0.8248776067424408	0.8547937621971302	0.856309952340368	0.8248776067424408	0.6890159240770379	0.7136610683507626	0.7123588739666835	0.011204441838832815	0.8668726634560376	0.8669506700618683	0.8686363160234789	0.012319006841838327	0.8644426745940844	0.8645831962564535	0.8652900757555674	0.008293964776209868	0.2855330252393225	0.24197735876780377	0.16616754052808805	0.2855330252393225	0.24197735876780377	0.16616754052808805	0.05495101591973967	0.0640733005789822	0.06407008695795155	0.005684644265774139	0.2478168660486506	0.25060031508869496	0.2374847725588914	0.028579582996788234	0.30499464503142987	0.30435663471106594	0.30437373166458803	0.007512530545886953	0.856309952340368	0.8248776067424408	0.24197735876780377	0.16616754052808805	17	JUND	10000
17	JUND	Single best di PWM	di	0.0	0.0	0.0	0.8456739363610891	0.8493638612506476	0.8429719038024592	0.8429719038024592	0.8429719038024592	0.8429719038024592	0.004884108140969551	0.8493638612506476	0.8493638612506476	0.8493638612506476	0.012212381629039685	0.8456739363610891	0.8456739363610891	0.8456739363610891	0.008475082761220745	0.0	0.0	0.0	0.2510515070891893	0.19578415403744834	0.1903930177464444	0.1903930177464444	0.1903930177464444	0.1903930177464444	0.009388792342439589	0.19578415403744834	0.19578415403744834	0.19578415403744834	0.028493465913296986	0.2510515070891893	0.2510515070891893	0.2510515070891893	0.010293350436862896	0.8493638612506476	0.8429719038024592	0.19578415403744834	0.1903930177464444	17	JUND	10000
17	JUND	BaggingClassifier_LogisticRegression	di	0.8456739363610891	0.8493638612506476	0.8429719038024592	0.8456739363610891	0.8493638612506476	0.8429719038024592	0.852328109175884	0.852262395102264	0.8530877072708073	0.004884108140969551	0.866383870985226	0.866341362549767	0.8719896429351829	0.012212381629039685	0.8637470178784735	0.8637896623551696	0.8663621396392425	0.008475082761220745	0.2510515070891893	0.19578415403744834	0.1903930177464444	0.2510515070891893	0.19578415403744834	0.1903930177464444	0.20999874856050452	0.21046848474128704	0.20570537336230507	0.009388792342439589	0.2435620974786817	0.24674341945909206	0.2435995143191051	0.028493465913296986	0.29786843784546363	0.29799944511643367	0.29892368410939263	0.010293350436862896	0.8493638612506476	0.8429719038024592	0.19578415403744834	0.1903930177464444	17	JUND	10000
33	JUND	BaggingClassifier_LogisticRegression	mono+di	0.0	0.856309952340368	0.8429719038024592	0.0	0.856309952340368	0.8429719038024592	0.8372591237760016	0.8371494094076556	0.8367962752005513	0.003449103116261439	0.8700056085123112	0.8700420351689331	0.8723424545555765	0.011732632777847262	0.8679292846644283	0.8679946415492774	0.8688350723104701	0.007996681411863384	0.0	0.24197735876780377	0.1903930177464444	0.0	0.24197735876780377	0.1903930177464444	0.1560134669579085	0.15674296486578446	0.15853238209954026	0.003653731919608912	0.2577958162519977	0.2606065457509131	0.24758752971434697	0.029382996194155898	0.3134622716014625	0.3135397512122669	0.31599000191680526	0.008031269305183383	0.856309952340368	0.8429719038024592	0.24197735876780377	0.1903930177464444	17	JUND	10000
6	MAFK	Single best mono PWM	mono	0.8177727405895269	0.8082991042005165	0.902109576826481	0.0	0.0	0.0	0.902109576826481	0.902109576826481	0.902109576826481	0.011085954270656596	0.8082991042005165	0.8082991042005165	0.8082991042005165	0.02483528102289867	0.8177727405895269	0.8177727405895269	0.8177727405895269	0.00761056770591791	0.32452215681458574	0.27085184463710865	0.5917628411791627	0.0	0.0	0.0	0.5917628411791627	0.5917628411791627	0.5917628411791627	0.023008604191651905	0.27085184463710865	0.27085184463710865	0.27085184463710865	0.055325186794523674	0.32452215681458574	0.32452215681458574	0.32452215681458574	0.02726050498279909	0.8082991042005165	0.902109576826481	0.27085184463710865	0.5917628411791627	19	MAFK	2458
6	MAFK	RandomForestClassifier	mono	0.8177727405895269	0.8082991042005165	0.902109576826481	0.8177727405895269	0.8082991042005165	0.902109576826481	0.9124389590747839	0.9194456008936919	0.9243831591729347	0.011085954270656596	0.8414545622382786	0.8411510471152701	0.831462949569334	0.02483528102289867	0.8737094593694708	0.8729705047571487	0.8735713694148827	0.00761056770591791	0.32452215681458574	0.27085184463710865	0.5917628411791627	0.32452215681458574	0.27085184463710865	0.5917628411791627	0.6180097344233523	0.6243521219203957	0.6305606892230338	0.023008604191651905	0.36471329285237697	0.3678126416293378	0.38802103267818383	0.055325186794523674	0.4656750008658096	0.46571273391127715	0.47802371465577354	0.02726050498279909	0.8082991042005165	0.902109576826481	0.27085184463710865	0.5917628411791627	19	MAFK	2458
3	MAFK	Single best di PWM	di	0.0	0.0	0.0	0.8741140921213514	0.8540467732519795	0.9479057284509975	0.9479057284509975	0.9479057284509975	0.9479057284509975	0.007306964600705804	0.8540467732519795	0.8540467732519795	0.8540467732519795	0.024105289733262147	0.8741140921213514	0.8741140921213514	0.8741140921213514	0.007463433130726541	0.0	0.0	0.0	0.41838724460910465	0.383134247716145	0.6877074775444135	0.6877074775444135	0.6877074775444135	0.6877074775444135	0.02189878032811414	0.383134247716145	0.383134247716145	0.383134247716145	0.0560679363788938	0.41838724460910465	0.41838724460910465	0.41838724460910465	0.026280484200415077	0.8540467732519795	0.9479057284509975	0.383134247716145	0.6877074775444135	19	MAFK	2458
3	MAFK	RandomForestClassifier	di	0.8741140921213514	0.8540467732519795	0.9479057284509975	0.8741140921213514	0.8540467732519795	0.9479057284509975	0.9417182517249589	0.9411492948050703	0.9422168428574498	0.007306964600705804	0.8612583991287951	0.86112763583996	0.8551949503583405	0.024105289733262147	0.8820869495646737	0.8843569109262985	0.8831811570401936	0.007463433130726541	0.41838724460910465	0.383134247716145	0.6877074775444135	0.41838724460910465	0.383134247716145	0.6877074775444135	0.701723864995847	0.6985639131809218	0.7045273111365056	0.02189878032811414	0.41848071278342897	0.42451521256539054	0.42376945528321397	0.0560679363788938	0.5365616543941686	0.5355780067770034	0.535609202196764	0.026280484200415077	0.8540467732519795	0.9479057284509975	0.383134247716145	0.6877074775444135	19	MAFK	2458
6	MAFK	RandomForestClassifier	mono+di	0.0	0.8540467732519795	0.9479057284509975	0.0	0.8540467732519795	0.9479057284509975	0.9431747749177959	0.9433695123082071	0.9448511482092145	0.007749399510075577	0.856291812744319	0.8567264017187715	0.8565888618581103	0.026999492063286855	0.8933137251110799	0.890197319097404	0.8911451457828271	0.006049068297198557	0.0	0.383134247716145	0.6877074775444135	0.0	0.383134247716145	0.6877074775444135	0.683026985452478	0.6810450366158117	0.6888464029691889	0.020565733748073394	0.45061175058770647	0.4556392144177947	0.4735062227861936	0.06464870523463058	0.572893719843573	0.5735957594039228	0.5779009041036967	0.021949828676097637	0.8540467732519795	0.9479057284509975	0.383134247716145	0.6877074775444135	19	MAFK	2458
6	MAFK	Single best mono PWM	mono	0.8177727405895269	0.8082991042005165	0.8481138496874792	0.0	0.0	0.0	0.8481138496874792	0.8481138496874792	0.8481138496874792	0.009338769356693246	0.8082991042005165	0.8082991042005165	0.8082991042005165	0.028342062320484647	0.8177727405895269	0.8177727405895269	0.8177727405895269	0.012962552014964046	0.32452215681458574	0.27085184463710865	0.4159562201850345	0.0	0.0	0.0	0.4159562201850345	0.4159562201850345	0.4159562201850345	0.031963822963759665	0.27085184463710865	0.27085184463710865	0.27085184463710865	0.049160896560570155	0.32452215681458574	0.32452215681458574	0.32452215681458574	0.024817179519219114	0.8082991042005165	0.8481138496874792	0.27085184463710865	0.4159562201850345	19	MAFK	2458
6	MAFK	LogisticRegression	mono	0.8177727405895269	0.8082991042005165	0.8481138496874792	0.8177727405895269	0.8082991042005165	0.8481138496874792	0.9124516119330597	0.9125877470998854	0.9121333696069567	0.009338769356693246	0.8315790566552128	0.8315512072028775	0.8384645331677881	0.028342062320484647	0.8354587864002636	0.8355651916553362	0.8335731686456322	0.012962552014964046	0.32452215681458574	0.27085184463710865	0.4159562201850345	0.32452215681458574	0.27085184463710865	0.4159562201850345	0.5608387389732574	0.5608119545732252	0.5674600727689424	0.031963822963759665	0.3182369628563085	0.3196852012462389	0.3106307805342545	0.049160896560570155	0.3669267171151783	0.3672763998619356	0.36898181060614815	0.024817179519219114	0.8082991042005165	0.8481138496874792	0.27085184463710865	0.4159562201850345	19	MAFK	2458
3	MAFK	Single best di PWM	di	0.0	0.0	0.0	0.8741140921213514	0.8540467732519795	0.9479057284509975	0.9479057284509975	0.9479057284509975	0.9479057284509975	0.006564627621554629	0.8540467732519795	0.8540467732519795	0.8540467732519795	0.026511318995241256	0.8741140921213514	0.8741140921213514	0.8741140921213514	0.007135278619167855	0.0	0.0	0.0	0.41838724460910465	0.383134247716145	0.6877074775444135	0.6877074775444135	0.6877074775444135	0.6877074775444135	0.022069451730363867	0.383134247716145	0.383134247716145	0.383134247716145	0.058644678446482995	0.41838724460910465	0.41838724460910465	0.41838724460910465	0.030873006857140426	0.8540467732519795	0.9479057284509975	0.383134247716145	0.6877074775444135	19	MAFK	2458
3	MAFK	LogisticRegression	di	0.8741140921213514	0.8540467732519795	0.9479057284509975	0.8741140921213514	0.8540467732519795	0.9479057284509975	0.9482606744754973	0.9482395040479548	0.9509744293284885	0.006564627621554629	0.8619811755369773	0.8619913057293028	0.8564833569200174	0.026511318995241256	0.8766415017594228	0.876587444353311	0.8745702576088927	0.007135278619167855	0.41838724460910465	0.383134247716145	0.6877074775444135	0.41838724460910465	0.383134247716145	0.6877074775444135	0.712864289480107	0.7125453447099623	0.72007365857089	0.022069451730363867	0.42121834950006354	0.4232776637377924	0.4250666961146568	0.058644678446482995	0.45682085607921535	0.45754935404585234	0.4608781360118833	0.030873006857140426	0.8540467732519795	0.9479057284509975	0.383134247716145	0.6877074775444135	19	MAFK	2458
6	MAFK	LogisticRegression	mono+di	0.0	0.8540467732519795	0.9479057284509975	0.0	0.8540467732519795	0.9479057284509975	0.9521806296171167	0.9521500131203658	0.9545993421002069	0.005710932793885629	0.8629937941070591	0.8630812292241489	0.8550102851972075	0.02941018358939747	0.8800683150967741	0.8798962935173227	0.8781738658550253	0.008181341794297832	0.0	0.383134247716145	0.6877074775444135	0.0	0.383134247716145	0.6877074775444135	0.7052211930712897	0.7047771707679841	0.7115784860129882	0.020531015825624253	0.4573801416248672	0.45859945867390906	0.4587379203651484	0.06411936091245322	0.48202324348396497	0.48339967026626696	0.49402113735323816	0.027639590156899815	0.8540467732519795	0.9479057284509975	0.383134247716145	0.6877074775444135	19	MAFK	2458
6	MAFK	Single best mono PWM	mono	0.8177727405895269	0.8082991042005165	0.9005840304635343	0.0	0.0	0.0	0.9005840304635343	0.9005840304635343	0.9005840304635343	0.0130979264949777	0.8082991042005165	0.8082991042005165	0.8082991042005165	0.0245360881174739	0.8177727405895269	0.8177727405895269	0.8177727405895269	0.0134907965910134	0.3245221568145857	0.2708518446371086	0.3537778517194526	0.0	0.0	0.0	0.3537778517194526	0.3537778517194526	0.3537778517194526	0.0448006214692609	0.2708518446371086	0.2708518446371086	0.2708518446371086	0.0505386840956182	0.3245221568145857	0.3245221568145857	0.3245221568145857	0.0328708010620295	0.8082991042005165	0.9005840304635343	0.2708518446371086	0.3537778517194526	19	MAFK	2458
6	MAFK	XGBClassifier	mono	0.8177727405895269	0.8082991042005165	0.9005840304635343	0.8177727405895269	0.8082991042005165	0.9005840304635343	0.9110026085319862	0.9080892539958264	0.909482176647594	0.0130979264949777	0.8432728000022378	0.845864513081831	0.8297484203936256	0.0245360881174739	0.9227085381712636	0.9246760503308352	0.9295064677673373	0.0134907965910134	0.3245221568145857	0.2708518446371086	0.3537778517194526	0.3245221568145857	0.2708518446371086	0.3537778517194526	0.5535971427463675	0.5315832176489291	0.5352157171951081	0.0448006214692609	0.3831306146852449	0.389728889297239	0.3862011822256475	0.0505386840956182	0.5133839575996385	0.4969605337815931	0.5026789126992783	0.0328708010620295	0.8082991042005165	0.9005840304635343	0.2708518446371086	0.3537778517194526	19	MAFK	2458
3	MAFK	Single best di PWM	di	0.0	0.0	0.0	0.8741140921213514	0.8540467732519795	0.9479057284509976	0.9479057284509976	0.9479057284509976	0.9479057284509976	0.0055046784251182	0.8540467732519795	0.8540467732519795	0.8540467732519795	0.0296236224828077	0.8741140921213514	0.8741140921213514	0.8741140921213514	0.0129721668316674	0.0	0.0	0.0	0.4183872446091046	0.383134247716145	0.6877074775444135	0.6877074775444135	0.6877074775444135	0.6877074775444135	0.021699034121205	0.383134247716145	0.383134247716145	0.383134247716145	0.0585164143651905	0.4183872446091046	0.4183872446091046	0.4183872446091046	0.0288385937944256	0.8540467732519795	0.9479057284509976	0.383134247716145	0.6877074775444135	19	MAFK	2458
3	MAFK	XGBClassifier	di	0.8741140921213514	0.8540467732519795	0.9479057284509976	0.8741140921213514	0.8540467732519795	0.9479057284509976	0.9458488835866622	0.944425302281082	0.94386821883248	0.0055046784251182	0.858265569010515	0.8578748143988557	0.8505989614844354	0.0296236224828077	0.9275474941097912	0.9281845517986884	0.929073572696761	0.0129721668316674	0.4183872446091046	0.383134247716145	0.6877074775444135	0.4183872446091046	0.383134247716145	0.6877074775444135	0.693982204718463	0.6921424021497771	0.696582490192345	0.021699034121205	0.4024555752155997	0.4031581341428826	0.396574428191164	0.0585164143651905	0.5714277415230365	0.5684446139882725	0.5695136818430347	0.0288385937944256	0.8540467732519795	0.9479057284509976	0.383134247716145	0.6877074775444135	19	MAFK	2458
6	MAFK	XGBClassifier	mono+di	0.0	0.8540467732519795	0.9479057284509975	0.0	0.8540467732519795	0.9479057284509976	0.9326359344248843	0.9346636020901268	0.9400527748946966	0.009454031961174	0.8594562995698415	0.8623979439359405	0.8546670068760883	0.0320606963763555	0.9467262952465691	0.9474540583503988	0.9516234597394018	0.013934555748362	0.0	0.383134247716145	0.6877074775444135	0.0	0.383134247716145	0.6877074775444135	0.6571081783721788	0.6408859219614247	0.6325318155365632	0.0233457438841	0.473761539583194	0.4668935306065354	0.4918015238578729	0.0724267398827438	0.6405047520049582	0.6335510280116466	0.6421185364368707	0.0239972729015305	0.8540467732519795	0.9479057284509976	0.383134247716145	0.6877074775444135	19	MAFK	2458
6	MAFK	Single best mono PWM	mono	0.8177727405895269	0.8082991042005165	0.9034974826728619	0.0	0.0	0.0	0.9034974826728619	0.9034974826728619	0.9034974826728619	0.012224057381834035	0.8082991042005165	0.8082991042005165	0.8082991042005165	0.01842013674876333	0.8177727405895269	0.8177727405895269	0.8177727405895269	0.014876351373226782	0.32452215681458574	0.27085184463710865	0.5917628411791627	0.0	0.0	0.0	0.5917628411791627	0.5917628411791627	0.5917628411791627	0.028805953519710666	0.27085184463710865	0.27085184463710865	0.27085184463710865	0.05061317891690978	0.32452215681458574	0.32452215681458574	0.32452215681458574	0.03825275661686934	0.8082991042005165	0.9034974826728619	0.27085184463710865	0.5917628411791627	19	MAFK	2458
6	MAFK	BaggingClassifier_XGBClassifier	mono	0.8177727405895269	0.8082991042005165	0.9034974826728619	0.8177727405895269	0.8082991042005165	0.9034974826728619	0.9020606539814028	0.9052786449230925	0.9038368915377777	0.012224057381834035	0.8509575980498163	0.8495300204948606	0.8414054156429694	0.01842013674876333	0.9429973406224027	0.9450801384577068	0.9496930632361964	0.014876351373226782	0.32452215681458574	0.27085184463710865	0.5917628411791627	0.32452215681458574	0.27085184463710865	0.5917628411791627	0.5748658303009481	0.5893004300405144	0.591614725925406	0.028805953519710666	0.39960707789945626	0.40423995004345986	0.4116103346490724	0.05061317891690978	0.5324355983434162	0.5255303375576025	0.5409257842082598	0.03825275661686934	0.8082991042005165	0.9034974826728619	0.27085184463710865	0.5917628411791627	19	MAFK	2458
3	MAFK	Single best di PWM	di	0.0	0.0	0.0	0.8741140921213514	0.8540467732519795	0.9479057284509975	0.9479057284509975	0.9479057284509975	0.9479057284509975	0.0058497986687993195	0.8540467732519795	0.8540467732519795	0.8540467732519795	0.03160675149455876	0.8741140921213514	0.8741140921213514	0.8741140921213514	0.01526039306794935	0.0	0.0	0.0	0.41838724460910465	0.383134247716145	0.6877074775444135	0.6877074775444135	0.6877074775444135	0.6877074775444135	0.0230585014235909	0.383134247716145	0.383134247716145	0.383134247716145	0.05425559135998534	0.41838724460910465	0.41838724460910465	0.41838724460910465	0.03052750725690297	0.8540467732519795	0.9479057284509975	0.383134247716145	0.6877074775444135	19	MAFK	2458
3	MAFK	BaggingClassifier_XGBClassifier	di	0.8741140921213514	0.8540467732519795	0.9479057284509975	0.8741140921213514	0.8540467732519795	0.9479057284509975	0.9450468193425479	0.945376576547501	0.9449585846719832	0.0058497986687993195	0.8561779846050132	0.8597718131371008	0.8622099232424413	0.03160675149455876	0.9467723847585673	0.9467903795043925	0.9521638854972188	0.01526039306794935	0.41838724460910465	0.383134247716145	0.6877074775444135	0.41838724460910465	0.383134247716145	0.6877074775444135	0.6982814249728801	0.6992890848623293	0.7043913150826314	0.0230585014235909	0.4099647013526631	0.41848675642129185	0.4281561835807898	0.05425559135998534	0.5819979270357031	0.5786437735908725	0.5819109943871148	0.03052750725690297	0.8540467732519795	0.9479057284509975	0.383134247716145	0.6877074775444135	19	MAFK	2458
6	MAFK	BaggingClassifier_XGBClassifier	mono+di	0.0	0.8540467732519795	0.9479057284509975	0.0	0.8540467732519795	0.9479057284509975	0.9382810951400418	0.9384573002974816	0.9392474931579936	0.0075310139994269375	0.8580011714185073	0.8616781767207703	0.8576249875051951	0.025556649572208556	0.968426932249303	0.9664887918706243	0.9717064524310901	0.014342986844583705	0.0	0.383134247716145	0.6877074775444135	0.0	0.383134247716145	0.6877074775444135	0.6550014020495802	0.6462536840310025	0.653979094279173	0.02148731785069862	0.48218199194272426	0.4779567921736585	0.5042811590899485	0.07432522834419068	0.6625271569665871	0.6594474031962534	0.6712874630111827	0.026429168765245942	0.8540467732519795	0.9479057284509975	0.383134247716145	0.6877074775444135	19	MAFK	2458
6	MAFK	Single best mono PWM	mono	0.8177727405895269	0.8082991042005165	0.902109576826481	0.0	0.0	0.0	0.902109576826481	0.902109576826481	0.902109576826481	0.009642352443524986	0.8082991042005165	0.8082991042005165	0.8082991042005165	0.028134836779736196	0.8177727405895269	0.8177727405895269	0.8177727405895269	0.012922449577817607	0.32452215681458574	0.27085184463710865	0.5917628411791627	0.0	0.0	0.0	0.5917628411791627	0.5917628411791627	0.5917628411791627	0.03317618280548868	0.27085184463710865	0.27085184463710865	0.27085184463710865	0.0496032380634009	0.32452215681458574	0.32452215681458574	0.32452215681458574	0.024895222981323854	0.8082991042005165	0.902109576826481	0.27085184463710865	0.5917628411791627	19	MAFK	2458
6	MAFK	BaggingClassifier_LogisticRegression	mono	0.8177727405895269	0.8082991042005165	0.902109576826481	0.8177727405895269	0.8082991042005165	0.902109576826481	0.907301426493247	0.9073823144256242	0.9096897203381356	0.009642352443524986	0.8316773921177133	0.8317341247711038	0.8384382283155951	0.028134836779736196	0.835434339778005	0.8357765060342527	0.8338238573021182	0.012922449577817607	0.32452215681458574	0.27085184463710865	0.5917628411791627	0.32452215681458574	0.27085184463710865	0.5917628411791627	0.5463745499192855	0.5470321906312321	0.5512152230513722	0.03317618280548868	0.31743424712396257	0.319745951910611	0.3110468514229596	0.0496032380634009	0.3670317954027336	0.36696787784668944	0.36850491227606635	0.024895222981323854	0.8082991042005165	0.902109576826481	0.27085184463710865	0.5917628411791627	19	MAFK	2458
3	MAFK	Single best di PWM	di	0.0	0.0	0.0	0.8741140921213514	0.8540467732519795	0.9479057284509975	0.9479057284509975	0.9479057284509975	0.9479057284509975	0.006560442762436353	0.8540467732519795	0.8540467732519795	0.8540467732519795	0.02649576249097355	0.8741140921213514	0.8741140921213514	0.8741140921213514	0.007146334650553797	0.0	0.0	0.0	0.41838724460910465	0.383134247716145	0.6877074775444135	0.6877074775444135	0.6877074775444135	0.6877074775444135	0.02205966622886781	0.383134247716145	0.383134247716145	0.383134247716145	0.05827674157541384	0.41838724460910465	0.41838724460910465	0.41838724460910465	0.03086573352185095	0.8540467732519795	0.9479057284509975	0.383134247716145	0.6877074775444135	19	MAFK	2458
3	MAFK	BaggingClassifier_LogisticRegression	di	0.8741140921213514	0.8540467732519795	0.9479057284509975	0.8741140921213514	0.8540467732519795	0.9479057284509975	0.9482715855065065	0.948240129616461	0.9509012669458367	0.006560442762436353	0.8618902636487793	0.8620149761272472	0.8566569689444915	0.02649576249097355	0.8766701696236033	0.8765979469430779	0.874515162808674	0.007146334650553797	0.41838724460910465	0.383134247716145	0.6877074775444135	0.41838724460910465	0.383134247716145	0.6877074775444135	0.7127281604537724	0.7125789132849993	0.7198860570825918	0.02205966622886781	0.4209131143923945	0.4229330613129002	0.42497946784868496	0.05827674157541384	0.45645069302069347	0.4571371505210879	0.4606900164279208	0.03086573352185095	0.8540467732519795	0.9479057284509975	0.383134247716145	0.6877074775444135	19	MAFK	2458
6	MAFK	BaggingClassifier_LogisticRegression	mono+di	0.0	0.8540467732519795	0.9479057284509975	0.0	0.8540467732519795	0.9479057284509975	0.9441501188304898	0.94434535129072	0.9456558936166732	0.0071033919902757535	0.86294785401681	0.8631720109777417	0.8550181766528653	0.029341942172219856	0.8800072827734348	0.8800281805098006	0.878466788176933	0.008160858267450263	0.0	0.383134247716145	0.6877074775444135	0.0	0.383134247716145	0.6877074775444135	0.7005971584518217	0.7011304027203263	0.7100175725726748	0.0225258333420626	0.45748130157531786	0.4584679344235653	0.4584254040369458	0.06354737810705822	0.4821127244911718	0.48268324534600804	0.4935017140307971	0.027910071057641036	0.8540467732519795	0.9479057284509975	0.383134247716145	0.6877074775444135	19	MAFK	2458
42	MAX	Single best mono PWM	mono	0.8956154186052018	0.8892363480838157	0.803293500858174	0.0	0.0	0.0	0.803293500858174	0.803293500858174	0.803293500858174	0.007986463111824618	0.8892363480838157	0.8892363480838157	0.8892363480838157	0.005087608212205999	0.8956154186052018	0.8956154186052018	0.8956154186052018	0.003145028917105719	0.3941668621238268	0.44909688316874163	0.14483999420469917	0.0	0.0	0.0	0.14483999420469917	0.14483999420469917	0.14483999420469917	0.013079764623725065	0.44909688316874163	0.44909688316874163	0.44909688316874163	0.015451501409699284	0.3941668621238268	0.3941668621238268	0.3941668621238268	0.013669688587419248	0.8892363480838157	0.803293500858174	0.44909688316874163	0.14483999420469917	20	MAX	10000
42	MAX	RandomForestClassifier	mono	0.8956154186052018	0.8892363480838157	0.803293500858174	0.8956154186052018	0.8892363480838157	0.803293500858174	0.8435086889837531	0.8426888196224065	0.840561385353437	0.007986463111824618	0.9117384762989525	0.9120628827545071	0.9132867187194473	0.005087608212205999	0.9259977986527921	0.9255832586224939	0.9250436118387604	0.003145028917105719	0.3941668621238268	0.44909688316874163	0.14483999420469917	0.3941668621238268	0.44909688316874163	0.14483999420469917	0.20245466705003648	0.20114697893205075	0.20363125372573226	0.013079764623725065	0.5247328890598698	0.5233748138404343	0.531920915779219	0.015451501409699284	0.5133726597209435	0.5118126243377323	0.5153758769197043	0.013669688587419248	0.8892363480838157	0.803293500858174	0.44909688316874163	0.14483999420469917	20	MAX	10000
21	MAX	Single best di PWM	di	0.0	0.0	0.0	0.8440699302127357	0.8424153223066814	0.8117675573393577	0.8117675573393577	0.8117675573393577	0.8117675573393577	0.00876618370254277	0.8424153223066814	0.8424153223066814	0.8424153223066814	0.005265497124444528	0.8440699302127357	0.8440699302127357	0.8440699302127357	0.003046080739433441	0.0	0.0	0.0	0.31760041031470987	0.40891378659884786	0.13810022799788427	0.13810022799788427	0.13810022799788427	0.13810022799788427	0.010791293166803393	0.40891378659884786	0.40891378659884786	0.40891378659884786	0.016184625201048335	0.31760041031470987	0.31760041031470987	0.31760041031470987	0.013042150445208981	0.8424153223066814	0.8117675573393577	0.40891378659884786	0.13810022799788427	20	MAX	10000
21	MAX	RandomForestClassifier	di	0.8440699302127357	0.8424153223066814	0.8117675573393577	0.8440699302127357	0.8424153223066814	0.8117675573393577	0.868624077486451	0.8681873145079261	0.8678819764709894	0.00876618370254277	0.9104697124119432	0.9097905437226715	0.911049301524754	0.005265497124444528	0.9224984547951368	0.9231788503913112	0.9222894791461459	0.003046080739433441	0.31760041031470987	0.40891378659884786	0.13810022799788427	0.31760041031470987	0.40891378659884786	0.13810022799788427	0.22069347410639817	0.220131696963591	0.2124831848496311	0.010791293166803393	0.5389718307301644	0.5391258249734079	0.5449562560258532	0.016184625201048335	0.5240651562637507	0.5220068128943929	0.5298508843040932	0.013042150445208981	0.8424153223066814	0.8117675573393577	0.40891378659884786	0.13810022799788427	20	MAX	10000
42	MAX	RandomForestClassifier	mono+di	0.0	0.8892363480838157	0.8229615282569885	0.0	0.8892363480838157	0.8117675573393577	0.8537566408395668	0.8561980612243042	0.8534811348766101	0.008853585767352656	0.9142425133433255	0.9142991457969345	0.9156367836548457	0.005195443039821301	0.9283027914905707	0.9280560677443719	0.9274886583123882	0.0032710308802492236	0.0	0.44909688316874163	0.14483999420469917	0.0	0.44909688316874163	0.14483999420469917	0.20759069125021762	0.20541013084995227	0.20376849546100853	0.010723651452974912	0.5366390199565039	0.5391128864545955	0.5467324527617426	0.014895911206710787	0.5348460171613649	0.5311792588542653	0.5393161344847646	0.013502721870537911	0.8892363480838157	0.8117675573393577	0.44909688316874163	0.14483999420469917	20	MAX	10000
42	MAX	Single best mono PWM	mono	0.8956154186052018	0.8892363480838157	0.803293500858174	0.0	0.0	0.0	0.803293500858174	0.803293500858174	0.803293500858174	0.0077382107039088354	0.8892363480838157	0.8892363480838157	0.8892363480838157	0.004233702182910971	0.8956154186052018	0.8956154186052018	0.8956154186052018	0.0025949582647801046	0.3941668621238268	0.44909688316874163	0.16614804529323698	0.0	0.0	0.0	0.16614804529323698	0.16614804529323698	0.16614804529323698	0.007214105974033978	0.44909688316874163	0.44909688316874163	0.44909688316874163	0.011535579608572592	0.3941668621238268	0.3941668621238268	0.3941668621238268	0.00877973656130655	0.8892363480838157	0.803293500858174	0.44909688316874163	0.16614804529323698	20	MAX	10000
42	MAX	LogisticRegression	mono	0.8956154186052018	0.8892363480838157	0.803293500858174	0.8956154186052018	0.8892363480838157	0.803293500858174	0.840289284583416	0.8402821435673353	0.8401349615940632	0.0077382107039088354	0.9118920061407424	0.9119263672117723	0.9126420391887728	0.004233702182910971	0.9176782934379847	0.9176453365593645	0.9177596627786059	0.0025949582647801046	0.3941668621238268	0.44909688316874163	0.16614804529323698	0.3941668621238268	0.44909688316874163	0.16614804529323698	0.18125838101779987	0.1826056386334439	0.18678814120577938	0.007214105974033978	0.5123218720013276	0.5135985907004705	0.5124987253705314	0.011535579608572592	0.44688640172024885	0.4476389968929039	0.4466408039699123	0.00877973656130655	0.8892363480838157	0.803293500858174	0.44909688316874163	0.16614804529323698	20	MAX	10000
21	MAX	Single best di PWM	di	0.0	0.0	0.0	0.8440699302127357	0.8424153223066814	0.8117675573393577	0.8117675573393577	0.8117675573393577	0.8117675573393577	0.0077608076858226	0.8424153223066814	0.8424153223066814	0.8424153223066814	0.005111152870931312	0.8440699302127357	0.8440699302127357	0.8440699302127357	0.002415482511539749	0.0	0.0	0.0	0.31760041031470987	0.40891378659884786	0.13810022799788427	0.13810022799788427	0.13810022799788427	0.13810022799788427	0.010017270414729771	0.40891378659884786	0.40891378659884786	0.40891378659884786	0.01607526901158799	0.31760041031470987	0.31760041031470987	0.31760041031470987	0.008118185364930737	0.8424153223066814	0.8117675573393577	0.40891378659884786	0.13810022799788427	20	MAX	10000
21	MAX	LogisticRegression	di	0.8440699302127357	0.8424153223066814	0.8117675573393577	0.8440699302127357	0.8424153223066814	0.8117675573393577	0.8722002225636603	0.8722022529909845	0.8675768834597368	0.0077608076858226	0.9114504114377366	0.9114746421671767	0.910382698149746	0.005111152870931312	0.9142449840773756	0.9142134177376497	0.913541494442361	0.002415482511539749	0.31760041031470987	0.40891378659884786	0.13810022799788427	0.31760041031470987	0.40891378659884786	0.13810022799788427	0.21292546433439738	0.2129810455718753	0.21038851565723743	0.010017270414729771	0.5348867130183	0.5355331147767534	0.5438086534971014	0.01607526901158799	0.440099619897022	0.44029501261357123	0.43975619639275954	0.008118185364930737	0.8424153223066814	0.8117675573393577	0.40891378659884786	0.13810022799788427	20	MAX	10000
42	MAX	LogisticRegression	mono+di	0.0	0.8892363480838157	0.8229615282569885	0.0	0.8892363480838157	0.8117675573393577	0.8575344003092114	0.8574833082478673	0.8566486862875163	0.006325450892367828	0.9165942560688565	0.9166356700896776	0.9154758112842883	0.004156796791041704	0.922404543867126	0.9223599401975008	0.9226504371042117	0.002199935625444004	0.0	0.44909688316874163	0.16614804529323698	0.0	0.44909688316874163	0.16614804529323698	0.15689866900924415	0.15819184859705102	0.1560918785964004	0.006301647101025317	0.5416740932109024	0.5418884508849019	0.5424640327411191	0.012805713303324001	0.46637006766746547	0.46752493818782614	0.46659191982638104	0.008445440180513833	0.8892363480838157	0.8117675573393577	0.44909688316874163	0.16614804529323698	20	MAX	10000
42	MAX	Single best mono PWM	mono	0.8956154186052018	0.8892363480838157	0.8229615282569885	0.0	0.0	0.0	0.8229615282569885	0.8229615282569885	0.8229615282569885	0.0100512850043863	0.8892363480838157	0.8892363480838157	0.8892363480838157	0.0044957931436355	0.8956154186052018	0.8956154186052018	0.8956154186052018	0.0050691074146827	0.3941668621238268	0.4490968831687416	0.1663404122027036	0.0	0.0	0.0	0.1663404122027036	0.1663404122027036	0.1663404122027036	0.012828360570767	0.4490968831687416	0.4490968831687416	0.4490968831687416	0.0174355294279084	0.3941668621238268	0.3941668621238268	0.3941668621238268	0.0172778416045995	0.8892363480838157	0.8229615282569885	0.4490968831687416	0.1663404122027036	20	MAX	10000
42	MAX	XGBClassifier	mono	0.8956154186052018	0.8892363480838157	0.8229615282569885	0.8956154186052018	0.8892363480838157	0.8229615282569885	0.8368298613851125	0.8354186409536205	0.8364763744892665	0.0100512850043863	0.9124419911232295	0.9143299305221468	0.9125394645657348	0.0044957931436355	0.9453025846148384	0.944323188396454	0.9455343832167216	0.0050691074146827	0.3941668621238268	0.4490968831687416	0.1663404122027036	0.3941668621238268	0.4490968831687416	0.1663404122027036	0.1665774760803504	0.1608824086281301	0.1571140551639718	0.012828360570767	0.5133919534323772	0.5124118122657771	0.5244387555344832	0.0174355294279084	0.5763888839407639	0.58711585379925	0.5932974351446196	0.0172778416045995	0.8892363480838157	0.8229615282569885	0.4490968831687416	0.1663404122027036	20	MAX	10000
21	MAX	Single best di PWM	di	0.0	0.0	0.0	0.8440699302127357	0.8424153223066814	0.8117675573393577	0.8117675573393577	0.8117675573393577	0.8117675573393577	0.0075495760527535	0.8424153223066814	0.8424153223066814	0.8424153223066814	0.0056316287652274	0.8440699302127357	0.8440699302127357	0.8440699302127357	0.0045444435494509	0.0	0.0	0.0	0.3176004103147098	0.4089137865988478	0.1381002279978842	0.1381002279978842	0.1381002279978842	0.1381002279978842	0.0078508695674901	0.4089137865988478	0.4089137865988478	0.4089137865988478	0.0235260796889428	0.3176004103147098	0.3176004103147098	0.3176004103147098	0.0213159115333828	0.8424153223066814	0.8117675573393577	0.4089137865988478	0.1381002279978842	20	MAX	10000
21	MAX	XGBClassifier	di	0.8440699302127357	0.8424153223066814	0.8117675573393577	0.8440699302127357	0.8424153223066814	0.8117675573393577	0.87260025332537	0.8729871279103676	0.8740067233746309	0.0075495760527535	0.9105450417088912	0.909698306324959	0.910897480548678	0.0056316287652274	0.9412089353150784	0.9412133617885478	0.9416954891986038	0.0045444435494509	0.3176004103147098	0.4089137865988478	0.1381002279978842	0.3176004103147098	0.4089137865988478	0.1381002279978842	0.2159196087323953	0.2120489388361973	0.2112022721079092	0.0078508695674901	0.525608885976841	0.5292537988216571	0.5347172057386952	0.0235260796889428	0.602393860094798	0.6044243357336109	0.6120507183937826	0.0213159115333828	0.8424153223066814	0.8117675573393577	0.4089137865988478	0.1381002279978842	20	MAX	10000
42	MAX	XGBClassifier	mono+di	0.0	0.8892363480838157	0.8229615282569885	0.0	0.8892363480838157	0.8229615282569885	0.8577629123607307	0.8534308499413374	0.851477714853124	0.0088414489681224	0.9171203309963828	0.915297854146472	0.9166017619923758	0.0050981427765563	0.9486694729552154	0.9483856679964512	0.9496993019351292	0.0052139837124551	0.0	0.44909688316874163	0.1663404122027036	0.0	0.4490968831687416	0.1663404122027036	0.2035081623461892	0.1968555581838209	0.198147730366447	0.0082760469262035	0.5451274718579998	0.5385367006626237	0.5460070866457529	0.0237852371405933	0.6079959929581449	0.6085801532196925	0.6117938578423237	0.0190549236035541	0.8892363480838157	0.8229615282569885	0.4490968831687416	0.1663404122027036	20	MAX	10000
42	MAX	Single best mono PWM	mono	0.8956154186052018	0.8892363480838157	0.8317466086852339	0.0	0.0	0.0	0.8317466086852339	0.8317466086852339	0.8317466086852339	0.009154669737290403	0.8892363480838157	0.8892363480838157	0.8892363480838157	0.0038707872093241037	0.8956154186052018	0.8956154186052018	0.8956154186052018	0.005819784625391096	0.3941668621238268	0.44909688316874163	0.19193759134018293	0.0	0.0	0.0	0.19193759134018293	0.19193759134018293	0.19193759134018293	0.013256645375150186	0.44909688316874163	0.44909688316874163	0.44909688316874163	0.012730930129964065	0.3941668621238268	0.3941668621238268	0.3941668621238268	0.01740458118311943	0.8892363480838157	0.8317466086852339	0.44909688316874163	0.19193759134018293	20	MAX	10000
42	MAX	BaggingClassifier_XGBClassifier	mono	0.8956154186052018	0.8892363480838157	0.8317466086852339	0.8956154186052018	0.8892363480838157	0.8317466086852339	0.8422066153880927	0.8423455304542229	0.8451217627301384	0.009154669737290403	0.9164818503397946	0.9162580866976577	0.9161487350468519	0.0038707872093241037	0.9509173373110299	0.9503790009507386	0.9533185892413265	0.005819784625391096	0.3941668621238268	0.44909688316874163	0.19193759134018293	0.3941668621238268	0.44909688316874163	0.19193759134018293	0.18082163842408677	0.18117781585935858	0.1799406532491747	0.013256645375150186	0.5290822221331567	0.5244201212123943	0.5233265211971206	0.012730930129964065	0.58629454149102	0.5861120404182038	0.5932039935789808	0.01740458118311943	0.8892363480838157	0.8317466086852339	0.44909688316874163	0.19193759134018293	20	MAX	10000
21	MAX	Single best di PWM	di	0.0	0.0	0.0	0.8440699302127357	0.8424153223066814	0.8117675573393577	0.8117675573393577	0.8117675573393577	0.8117675573393577	0.006837113406835311	0.8424153223066814	0.8424153223066814	0.8424153223066814	0.004628597789622032	0.8440699302127357	0.8440699302127357	0.8440699302127357	0.004992524042639101	0.0	0.0	0.0	0.31760041031470987	0.40891378659884786	0.13810022799788427	0.13810022799788427	0.13810022799788427	0.13810022799788427	0.00988598238147293	0.40891378659884786	0.40891378659884786	0.40891378659884786	0.023225077201086467	0.31760041031470987	0.31760041031470987	0.31760041031470987	0.020095211848724804	0.8424153223066814	0.8117675573393577	0.40891378659884786	0.13810022799788427	20	MAX	10000
21	MAX	BaggingClassifier_XGBClassifier	di	0.8440699302127357	0.8424153223066814	0.8117675573393577	0.8440699302127357	0.8424153223066814	0.8117675573393577	0.8748322783030492	0.8747800774524965	0.875745985540719	0.006837113406835311	0.9114474273812255	0.9119284932532402	0.9125689161747841	0.004628597789622032	0.947274118040511	0.947649508789994	0.9488639009523628	0.004992524042639101	0.31760041031470987	0.40891378659884786	0.13810022799788427	0.31760041031470987	0.40891378659884786	0.13810022799788427	0.22023673443327166	0.21951006368975873	0.22347390835623168	0.00988598238147293	0.5374224264817589	0.5377462831353511	0.534004336742832	0.023225077201086467	0.6126184252272138	0.6121365834300161	0.6211371901196333	0.020095211848724804	0.8424153223066814	0.8117675573393577	0.40891378659884786	0.13810022799788427	20	MAX	10000
42	MAX	BaggingClassifier_XGBClassifier	mono+di	0.0	0.8892363480838157	0.8229615282569885	0.0	0.8892363480838157	0.8317466086852339	0.85234953025293	0.8521382144885014	0.8508313660378668	0.006348880158523193	0.9181897217683973	0.9180873893119258	0.9186306063977332	0.004403777830638381	0.9545984201678682	0.9533788740757213	0.9552964950823032	0.005740861883218952	0.0	0.44909688316874163	0.19193759134018293	0.0	0.44909688316874163	0.19193759134018293	0.20866354029039028	0.21190829715587653	0.20671567268489519	0.010230126744650512	0.5458921115119959	0.5445012246658247	0.5387747879155118	0.01933621558574794	0.6269850940866984	0.624402394764237	0.6312163912167122	0.021048573121856574	0.8892363480838157	0.8317466086852339	0.44909688316874163	0.19193759134018293	20	MAX	10000
42	MAX	Single best mono PWM	mono	0.8956154186052018	0.8892363480838157	0.8230155076830997	0.0	0.0	0.0	0.8230155076830997	0.8230155076830997	0.8230155076830997	0.0066245241794628314	0.8892363480838157	0.8892363480838157	0.8892363480838157	0.004199727835170456	0.8956154186052018	0.8956154186052018	0.8956154186052018	0.002608000070172488	0.3941668621238268	0.44909688316874163	0.1850386101759114	0.0	0.0	0.0	0.1850386101759114	0.1850386101759114	0.1850386101759114	0.007526865901402815	0.44909688316874163	0.44909688316874163	0.44909688316874163	0.011535688286564602	0.3941668621238268	0.3941668621238268	0.3941668621238268	0.008856295623096186	0.8892363480838157	0.8230155076830997	0.44909688316874163	0.1850386101759114	20	MAX	10000
42	MAX	BaggingClassifier_LogisticRegression	mono	0.8956154186052018	0.8892363480838157	0.8230155076830997	0.8956154186052018	0.8892363480838157	0.8230155076830997	0.8171706694628662	0.8166697470706213	0.8141310128791179	0.0066245241794628314	0.9118533503879908	0.9119209866689204	0.9127244017391073	0.004199727835170456	0.9176453300541014	0.917564201058332	0.9177102845943399	0.002608000070172488	0.3941668621238268	0.44909688316874163	0.1850386101759114	0.3941668621238268	0.44909688316874163	0.1850386101759114	0.14341035860029394	0.14325558906306166	0.142005264947469	0.007526865901402815	0.5123612791214591	0.5134567304851457	0.5113110059429	0.011535688286564602	0.44682667328241565	0.448050869036242	0.4470136520250622	0.008856295623096186	0.8892363480838157	0.8230155076830997	0.44909688316874163	0.1850386101759114	20	MAX	10000
21	MAX	Single best di PWM	di	0.0	0.0	0.0	0.8440699302127357	0.8424153223066814	0.8117675573393577	0.8117675573393577	0.8117675573393577	0.8117675573393577	0.007777837347118648	0.8424153223066814	0.8424153223066814	0.8424153223066814	0.0050463377676020875	0.8440699302127357	0.8440699302127357	0.8440699302127357	0.002406994429396201	0.0	0.0	0.0	0.31760041031470987	0.40891378659884786	0.13810022799788427	0.13810022799788427	0.13810022799788427	0.13810022799788427	0.009952550707156102	0.40891378659884786	0.40891378659884786	0.40891378659884786	0.01577558607581168	0.31760041031470987	0.31760041031470987	0.31760041031470987	0.008207615796139035	0.8424153223066814	0.8117675573393577	0.40891378659884786	0.13810022799788427	20	MAX	10000
21	MAX	BaggingClassifier_LogisticRegression	di	0.8440699302127357	0.8424153223066814	0.8117675573393577	0.8440699302127357	0.8424153223066814	0.8117675573393577	0.8720287771557064	0.8721649934690584	0.8676072527236507	0.007777837347118648	0.9112629611191887	0.9114345239138952	0.9101552958724841	0.0050463377676020875	0.914188183518604	0.9141523322728337	0.9135057133477344	0.002406994429396201	0.31760041031470987	0.40891378659884786	0.13810022799788427	0.31760041031470987	0.40891378659884786	0.13810022799788427	0.21311422884854844	0.21285232086544142	0.20899322525996977	0.009952550707156102	0.5340482399067484	0.5353454652517334	0.5434342070092957	0.01577558607581168	0.4396787328867713	0.4404157593016083	0.4401749020990158	0.008207615796139035	0.8424153223066814	0.8117675573393577	0.40891378659884786	0.13810022799788427	20	MAX	10000
42	MAX	BaggingClassifier_LogisticRegression	mono+di	0.0	0.8892363480838157	0.8229615282569885	0.0	0.8892363480838157	0.8230155076830997	0.8486605235971602	0.8503933643771209	0.8450848589969497	0.007823364504973606	0.9163608066937754	0.9166115012933723	0.9154151092288061	0.004102771968645943	0.9223394398669366	0.9222852174515437	0.9226271283321699	0.0022045079292466623	0.0	0.44909688316874163	0.1850386101759114	0.0	0.44909688316874163	0.1850386101759114	0.19291860171722436	0.194187404351947	0.19794075588726967	0.007286144054298425	0.5404605873132184	0.5414573559571287	0.5421716557313981	0.012520499166632547	0.46610658958760676	0.4678192150265509	0.46687736438883304	0.00852669844365903	0.8892363480838157	0.8230155076830997	0.44909688316874163	0.1850386101759114	20	MAX	10000
110	MYC	Single best mono PWM	mono	0.8818548405905676	0.8924913912407535	0.8603011127675434	0.0	0.0	0.0	0.8603011127675434	0.8603011127675434	0.8603011127675434	0.004876334429579604	0.8924913912407535	0.8924913912407535	0.8924913912407535	0.0032702306733175777	0.8818548405905676	0.8818548405905676	0.8818548405905676	0.004791989390922127	0.3963173912834632	0.5366777692136409	0.212192579587598	0.0	0.0	0.0	0.212192579587598	0.212192579587598	0.212192579587598	0.007234235171614937	0.5366777692136409	0.5366777692136409	0.5366777692136409	0.007676605877090461	0.3963173912834632	0.3963173912834632	0.3963173912834632	0.011764040244054343	0.8924913912407535	0.8603011127675434	0.5366777692136409	0.212192579587598	21	MYC	10000
110	MYC	RandomForestClassifier	mono	0.8818548405905676	0.8924913912407535	0.8603011127675434	0.8818548405905676	0.8924913912407535	0.8603011127675434	0.885108629026215	0.8848375067531278	0.8876751943220522	0.004876334429579604	0.9106959332946122	0.9107605058539239	0.9112498060629045	0.0032702306733175777	0.9215265296025895	0.9213868936314397	0.9196423554504914	0.004791989390922127	0.3963173912834632	0.5366777692136409	0.212192579587598	0.3963173912834632	0.5366777692136409	0.212192579587598	0.2520208878429231	0.25371002526059167	0.2547547191088742	0.007234235171614937	0.6172295425519992	0.6205335010585638	0.6205143359885971	0.007676605877090461	0.5488054251645555	0.5488842134705192	0.5461455912673281	0.011764040244054343	0.8924913912407535	0.8603011127675434	0.5366777692136409	0.212192579587598	21	MYC	10000
55	MYC	Single best di PWM	di	0.0	0.0	0.0	0.8682940989179524	0.8793203031713066	0.8718814720161542	0.8718814720161542	0.8718814720161542	0.8718814720161542	0.004276523157305998	0.8793203031713066	0.8793203031713066	0.8793203031713066	0.0023566771473614717	0.8682940989179524	0.8682940989179524	0.8682940989179524	0.0040950833475357894	0.0	0.0	0.0	0.36387395135540235	0.5420283787764886	0.22939896555831488	0.22939896555831488	0.22939896555831488	0.22939896555831488	0.009248130228837444	0.5420283787764886	0.5420283787764886	0.5420283787764886	0.007982320515283014	0.36387395135540235	0.36387395135540235	0.36387395135540235	0.010350266678935422	0.8793203031713066	0.8718814720161542	0.5420283787764886	0.22939896555831488	21	MYC	10000
55	MYC	RandomForestClassifier	di	0.8682940989179524	0.8793203031713066	0.8718814720161542	0.8682940989179524	0.8793203031713066	0.8718814720161542	0.9021276955477466	0.9025454196568596	0.9033150636775727	0.004276523157305998	0.9132151014637817	0.9126831234428534	0.9134838985522237	0.0023566771473614717	0.9212923472164307	0.9205057824484278	0.9218436146294586	0.0040950833475357894	0.36387395135540235	0.5420283787764886	0.22939896555831488	0.36387395135540235	0.5420283787764886	0.22939896555831488	0.3037978781512346	0.30431168918466306	0.30486069551579487	0.009248130228837444	0.6284672302167095	0.6263539147655319	0.6267082970442177	0.007982320515283014	0.5556177562522426	0.5562772773216806	0.5597578546179578	0.010350266678935422	0.8793203031713066	0.8718814720161542	0.5420283787764886	0.22939896555831488	21	MYC	10000
110	MYC	RandomForestClassifier	mono+di	0.0	0.8924913912407535	0.8718814720161542	0.0	0.8924913912407535	0.8718814720161542	0.8936266872931925	0.8929143749236728	0.8942905403460404	0.004307514860333504	0.914264906524805	0.9136904088265367	0.9145406312580627	0.0028196774545305304	0.923717051261211	0.9234244453385326	0.9232564372082528	0.004256449858716001	0.0	0.5420283787764886	0.22939896555831488	0.0	0.5420283787764886	0.22939896555831488	0.2823203650128073	0.283282330728503	0.28624878844135027	0.007199101326459835	0.6271401669598297	0.6269534936433263	0.6307718747638302	0.008824141839110986	0.5675363356605642	0.5640115960452647	0.5666982291994432	0.010802540188510812	0.8924913912407535	0.8718814720161542	0.5420283787764886	0.22939896555831488	21	MYC	10000
110	MYC	Single best mono PWM	mono	0.8818548405905676	0.8924913912407535	0.8442942563210639	0.0	0.0	0.0	0.8442942563210639	0.8442942563210639	0.8442942563210639	0.0023628807392378753	0.8924913912407535	0.8924913912407535	0.8924913912407535	0.002653350418434736	0.8818548405905676	0.8818548405905676	0.8818548405905676	0.0037250345205985694	0.3963173912834632	0.5366777692136409	0.20680677605147985	0.0	0.0	0.0	0.20680677605147985	0.20680677605147985	0.20680677605147985	0.005436245021131995	0.5366777692136409	0.5366777692136409	0.5366777692136409	0.007155725623518343	0.3963173912834632	0.3963173912834632	0.3963173912834632	0.010860249818747609	0.8924913912407535	0.8442942563210639	0.5366777692136409	0.20680677605147985	21	MYC	10000
110	MYC	LogisticRegression	mono	0.8818548405905676	0.8924913912407535	0.8442942563210639	0.8818548405905676	0.8924913912407535	0.8442942563210639	0.8673004436872183	0.8673618750522891	0.8674192549258578	0.0023628807392378753	0.9115950598231675	0.911592128150862	0.9123404678576219	0.002653350418434736	0.9128152762366512	0.9128270739675679	0.9126764246489176	0.0037250345205985694	0.3963173912834632	0.5366777692136409	0.20680677605147985	0.3963173912834632	0.5366777692136409	0.20680677605147985	0.23968345376125955	0.24009821190754416	0.24089164394078835	0.005436245021131995	0.6155973586669133	0.615822897612223	0.6175429231613495	0.007155725623518343	0.47200424179302636	0.4715700916562978	0.4747753358644089	0.010860249818747609	0.8924913912407535	0.8442942563210639	0.5366777692136409	0.20680677605147985	21	MYC	10000
55	MYC	Single best di PWM	di	0.0	0.0	0.0	0.8682940989179524	0.8793203031713066	0.8718814720161542	0.8718814720161542	0.8718814720161542	0.8718814720161542	0.003974203926376035	0.8793203031713066	0.8793203031713066	0.8793203031713066	0.002257739380118341	0.8682940989179524	0.8682940989179524	0.8682940989179524	0.0026969623151960136	0.0	0.0	0.0	0.36387395135540235	0.5420283787764886	0.22939896555831488	0.22939896555831488	0.22939896555831488	0.22939896555831488	0.0097641201394599	0.5420283787764886	0.5420283787764886	0.5420283787764886	0.009187977073752927	0.36387395135540235	0.36387395135540235	0.36387395135540235	0.008992208571931504	0.8793203031713066	0.8718814720161542	0.5420283787764886	0.22939896555831488	21	MYC	10000
55	MYC	LogisticRegression	di	0.8682940989179524	0.8793203031713066	0.8718814720161542	0.8682940989179524	0.8793203031713066	0.8718814720161542	0.9064909809234216	0.9064770392595829	0.9061171315106489	0.003974203926376035	0.9164025528230558	0.9164452914991472	0.9168581473178886	0.002257739380118341	0.9105001749227866	0.9104964469409274	0.9102538531862555	0.0026969623151960136	0.36387395135540235	0.5420283787764886	0.22939896555831488	0.36387395135540235	0.5420283787764886	0.22939896555831488	0.3025039137087106	0.3029826306551295	0.30198833569662553	0.0097641201394599	0.6280521433566767	0.6282402187743724	0.628904732705061	0.009187977073752927	0.46311799287156746	0.4629084658158365	0.4631835996858276	0.008992208571931504	0.8793203031713066	0.8718814720161542	0.5420283787764886	0.22939896555831488	21	MYC	10000
110	MYC	LogisticRegression	mono+di	0.0	0.8924913912407535	0.8718814720161542	0.0	0.8924913912407535	0.8718814720161542	0.8588124474970126	0.8598442192475237	0.8601979192693006	0.005102213736060578	0.9169811429196144	0.9170402706968381	0.9170216317952196	0.002573356038030279	0.9188016015152907	0.9187853888858974	0.9180726141938496	0.0034138575275597135	0.0	0.5420283787764886	0.22939896555831488	0.0	0.5420283787764886	0.22939896555831488	0.20462573986880359	0.20709840353699044	0.206687758360545	0.010853632539787496	0.6373022081960678	0.6377126457455847	0.637759105532982	0.00804314545338248	0.4984906147465432	0.4977658436677248	0.5001770931887587	0.010935950216299737	0.8924913912407535	0.8718814720161542	0.5420283787764886	0.22939896555831488	21	MYC	10000
110	MYC	Single best mono PWM	mono	0.8818548405905676	0.8924913912407535	0.8655284460693257	0.0	0.0	0.0	0.8655284460693257	0.8655284460693257	0.8655284460693257	0.0048499620902933	0.8924913912407535	0.8924913912407535	0.8924913912407535	0.0038816572248732	0.8818548405905676	0.8818548405905676	0.8818548405905676	0.0059273671857072	0.3963173912834632	0.5366777692136409	0.2405058384353897	0.0	0.0	0.0	0.2405058384353897	0.2405058384353897	0.2405058384353897	0.0114879475921545	0.5366777692136409	0.5366777692136409	0.5366777692136409	0.0105498507866372	0.3963173912834632	0.3963173912834632	0.3963173912834632	0.018246749209259	0.8924913912407535	0.8655284460693257	0.5366777692136409	0.2405058384353897	21	MYC	10000
110	MYC	XGBClassifier	mono	0.8818548405905676	0.8924913912407535	0.8655284460693257	0.8818548405905676	0.8924913912407535	0.8655284460693257	0.8748701347231589	0.8749189242978668	0.8767557781365276	0.0048499620902933	0.915349324249594	0.9138518378800914	0.9147601572758016	0.0038816572248732	0.949616788346962	0.9490273720291356	0.9479925255095514	0.0059273671857072	0.3963173912834632	0.5366777692136409	0.2405058384353897	0.3963173912834632	0.5366777692136409	0.2405058384353897	0.233960712740733	0.2347884618739573	0.2326290927285104	0.0114879475921545	0.6229546352713095	0.624310226182423	0.6216287936864561	0.0105498507866372	0.6510085144709348	0.6421666633510499	0.638048578823026	0.018246749209259	0.8924913912407535	0.8655284460693257	0.5366777692136409	0.2405058384353897	21	MYC	10000
55	MYC	Single best di PWM	di	0.0	0.0	0.0	0.8682940989179524	0.8793203031713066	0.8718814720161542	0.8718814720161542	0.8718814720161542	0.8718814720161542	0.0036472421079901	0.8793203031713066	0.8793203031713066	0.8793203031713066	0.0022533260408129	0.8682940989179524	0.8682940989179524	0.8682940989179524	0.0059094947721508	0.0	0.0	0.0	0.3638739513554023	0.5420283787764886	0.2293989655583148	0.2293989655583148	0.2293989655583148	0.2293989655583148	0.0078402940368081	0.5420283787764886	0.5420283787764886	0.5420283787764886	0.0068834175328041	0.3638739513554023	0.3638739513554023	0.3638739513554023	0.0173331535792375	0.8793203031713066	0.8718814720161542	0.5420283787764886	0.2293989655583148	21	MYC	10000
55	MYC	XGBClassifier	di	0.8682940989179524	0.8793203031713066	0.8718814720161542	0.8682940989179524	0.8793203031713066	0.8718814720161542	0.9048863425186447	0.904499182585581	0.9041340259288236	0.0036472421079901	0.914695220778835	0.9144218984384126	0.9149280511059934	0.0022533260408129	0.9474356644592236	0.945838159579932	0.9469180173074184	0.0059094947721508	0.3638739513554023	0.5420283787764886	0.2293989655583148	0.3638739513554023	0.5420283787764886	0.2293989655583148	0.306081264381097	0.3141197407900502	0.3162076391156249	0.0078402940368081	0.6303517174150541	0.6291223554794663	0.6293690610658135	0.0068834175328041	0.6521871938066273	0.6484569769262147	0.6542830483594674	0.0173331535792375	0.8793203031713066	0.8718814720161542	0.5420283787764886	0.2293989655583148	21	MYC	10000
110	MYC	XGBClassifier	mono+di	0.0	0.8924913912407535	0.8718814720161542	0.0	0.8924913912407535	0.8718814720161542	0.8909211855716861	0.8905254106742747	0.8915529512644191	0.0046689533315063	0.9164585606068476	0.9142864342922864	0.9142263813349194	0.0034637457879374	0.9531545727290076	0.9522838690796138	0.9519835584475302	0.0053530903107266	0.0	0.5420283787764886	0.2405058384353897	0.0	0.5420283787764886	0.2405058384353897	0.2868988313461774	0.2756995847382742	0.276565820388944	0.0081732960201189	0.6354917783194143	0.6277369608533709	0.6337283313156473	0.0092778353371116	0.6725286918780494	0.6787159801513916	0.6767086671127613	0.0158477357902831	0.8924913912407535	0.8718814720161542	0.5420283787764886	0.2405058384353897	21	MYC	10000
110	MYC	Single best mono PWM	mono	0.8818548405905676	0.8924913912407535	0.8733432764624917	0.0	0.0	0.0	0.8733432764624917	0.8733432764624917	0.8733432764624917	0.004962729444283034	0.8924913912407535	0.8924913912407535	0.8924913912407535	0.0032067858321243236	0.8818548405905676	0.8818548405905676	0.8818548405905676	0.005651492142473342	0.3963173912834632	0.5366777692136409	0.15256255509853012	0.0	0.0	0.0	0.15256255509853012	0.15256255509853012	0.15256255509853012	0.006244451018139378	0.5366777692136409	0.5366777692136409	0.5366777692136409	0.006844982171633398	0.3963173912834632	0.3963173912834632	0.3963173912834632	0.016342048074917896	0.8924913912407535	0.8733432764624917	0.5366777692136409	0.15256255509853012	21	MYC	10000
110	MYC	BaggingClassifier_XGBClassifier	mono	0.8818548405905676	0.8924913912407535	0.8733432764624917	0.8818548405905676	0.8924913912407535	0.8733432764624917	0.8872897999266438	0.8862489906357445	0.8870384726887715	0.004962729444283034	0.9186810433027333	0.9172845950546071	0.9181444493766718	0.0032067858321243236	0.9557440685273269	0.9545222134352108	0.9540361905676553	0.005651492142473342	0.3963173912834632	0.5366777692136409	0.15256255509853012	0.3963173912834632	0.5366777692136409	0.15256255509853012	0.2586806589014655	0.25558083167234863	0.25367264436845566	0.006244451018139378	0.6358306290800253	0.6353344101615309	0.6333010831537339	0.006844982171633398	0.6598054640951156	0.6578611236139784	0.6524364898395768	0.016342048074917896	0.8924913912407535	0.8733432764624917	0.5366777692136409	0.15256255509853012	21	MYC	10000
55	MYC	Single best di PWM	di	0.0	0.0	0.0	0.8682940989179524	0.8793203031713066	0.8718814720161542	0.8718814720161542	0.8718814720161542	0.8718814720161542	0.003188132256287049	0.8793203031713066	0.8793203031713066	0.8793203031713066	0.00234295953016522	0.8682940989179524	0.8682940989179524	0.8682940989179524	0.005201206431283552	0.0	0.0	0.0	0.36387395135540235	0.5420283787764886	0.22939896555831488	0.22939896555831488	0.22939896555831488	0.22939896555831488	0.0069362626829794875	0.5420283787764886	0.5420283787764886	0.5420283787764886	0.0074335668037667415	0.36387395135540235	0.36387395135540235	0.36387395135540235	0.01486046831499632	0.8793203031713066	0.8718814720161542	0.5420283787764886	0.22939896555831488	21	MYC	10000
55	MYC	BaggingClassifier_XGBClassifier	di	0.8682940989179524	0.8793203031713066	0.8718814720161542	0.8682940989179524	0.8793203031713066	0.8718814720161542	0.9085908655647449	0.9076952234459864	0.9068624575787775	0.003188132256287049	0.9169558789372987	0.916672532902623	0.9166995148118554	0.00234295953016522	0.9540157737947997	0.9530987595025878	0.9540961364685138	0.005201206431283552	0.36387395135540235	0.5420283787764886	0.22939896555831488	0.36387395135540235	0.5420283787764886	0.22939896555831488	0.3244471821202034	0.32379830510122737	0.3237720616678567	0.0069362626829794875	0.6312159309314694	0.6372316940657969	0.6427152168229558	0.0074335668037667415	0.6658870006430895	0.6655596332826307	0.6676140889631429	0.01486046831499632	0.8793203031713066	0.8718814720161542	0.5420283787764886	0.22939896555831488	21	MYC	10000
110	MYC	BaggingClassifier_XGBClassifier	mono+di	0.0	0.8924913912407535	0.8718814720161542	0.0	0.8924913912407535	0.8733432764624917	0.8932697359962455	0.8949346574889515	0.8942130016287477	0.0034926021950436427	0.9203697897796952	0.9199500315359892	0.9209342524644195	0.0029467429536385527	0.9594824161960832	0.9587653464895232	0.9584585985704314	0.005547560605182615	0.0	0.5420283787764886	0.22939896555831488	0.0	0.5420283787764886	0.22939896555831488	0.30009585110418174	0.2960454054486789	0.29677063459814695	0.007037667462854461	0.640962262866324	0.6422571332158002	0.6463131851853636	0.008350018099531824	0.6895219309288548	0.6879370667974479	0.6860119025101705	0.01588705381686865	0.8924913912407535	0.8733432764624917	0.5420283787764886	0.22939896555831488	21	MYC	10000
110	MYC	Single best mono PWM	mono	0.8818548405905676	0.8924913912407535	0.8579621108863096	0.0	0.0	0.0	0.8579621108863096	0.8579621108863096	0.8579621108863096	0.00448539490420449	0.8924913912407535	0.8924913912407535	0.8924913912407535	0.002601887489033099	0.8818548405905676	0.8818548405905676	0.8818548405905676	0.003707909573028142	0.3963173912834632	0.5366777692136409	0.20989219843578297	0.0	0.0	0.0	0.20989219843578297	0.20989219843578297	0.20989219843578297	0.008212012816984074	0.5366777692136409	0.5366777692136409	0.5366777692136409	0.007979922104574634	0.3963173912834632	0.3963173912834632	0.3963173912834632	0.011150514121761074	0.8924913912407535	0.8579621108863096	0.5366777692136409	0.20989219843578297	21	MYC	10000
110	MYC	BaggingClassifier_LogisticRegression	mono	0.8818548405905676	0.8924913912407535	0.8579621108863096	0.8818548405905676	0.8924913912407535	0.8579621108863096	0.869194278604022	0.8645313806895698	0.865045895926987	0.00448539490420449	0.9117589045833435	0.9114533538083255	0.9123465328217439	0.002601887489033099	0.9127924521701027	0.9128045820347771	0.912822141670204	0.003707909573028142	0.3963173912834632	0.5366777692136409	0.20989219843578297	0.3963173912834632	0.5366777692136409	0.20989219843578297	0.24929755270363743	0.24341847025828775	0.24127599433713276	0.008212012816984074	0.6157524457824997	0.6156790159384589	0.6179906351507224	0.007979922104574634	0.47196822933762944	0.4716420941238818	0.47549656655865713	0.011150514121761074	0.8924913912407535	0.8579621108863096	0.5366777692136409	0.20989219843578297	21	MYC	10000
55	MYC	Single best di PWM	di	0.0	0.0	0.0	0.8682940989179524	0.8793203031713066	0.8718814720161542	0.8718814720161542	0.8718814720161542	0.8718814720161542	0.003921094808337772	0.8793203031713066	0.8793203031713066	0.8793203031713066	0.0023085292783235887	0.8682940989179524	0.8682940989179524	0.8682940989179524	0.002703091531366414	0.0	0.0	0.0	0.36387395135540235	0.5420283787764886	0.22939896555831488	0.22939896555831488	0.22939896555831488	0.22939896555831488	0.009598211170313523	0.5420283787764886	0.5420283787764886	0.5420283787764886	0.009389026109950356	0.36387395135540235	0.36387395135540235	0.36387395135540235	0.009107021968200275	0.8793203031713066	0.8718814720161542	0.5420283787764886	0.22939896555831488	21	MYC	10000
55	MYC	BaggingClassifier_LogisticRegression	di	0.8682940989179524	0.8793203031713066	0.8718814720161542	0.8682940989179524	0.8793203031713066	0.8718814720161542	0.9066869045224546	0.9063689554458804	0.9060233547737016	0.003921094808337772	0.9166766207551167	0.916434001293258	0.9167607035609965	0.0023085292783235887	0.910604174470461	0.910480911948172	0.9103006239848139	0.002703091531366414	0.36387395135540235	0.5420283787764886	0.22939896555831488	0.36387395135540235	0.5420283787764886	0.22939896555831488	0.30241686699284553	0.30281529802428825	0.3027235821162244	0.009598211170313523	0.6279520117306325	0.6284092422795263	0.6293113719201466	0.009389026109950356	0.4628060566312206	0.463013350358447	0.46298368404069284	0.009107021968200275	0.8793203031713066	0.8718814720161542	0.5420283787764886	0.22939896555831488	21	MYC	10000
110	MYC	BaggingClassifier_LogisticRegression	mono+di	0.0	0.8924913912407535	0.8718814720161542	0.0	0.8924913912407535	0.8718814720161542	0.8730697135160931	0.874088146307236	0.8736816414443644	0.004519842860732707	0.9173362975135234	0.9169807290332723	0.9169606676743791	0.002520943897324082	0.9188659208006164	0.9187941511308574	0.9181590362360745	0.003409902893988488	0.0	0.5420283787764886	0.22939896555831488	0.0	0.5420283787764886	0.22939896555831488	0.25772716479878166	0.2603402280934185	0.2545199254546998	0.012754613029590167	0.637633887399811	0.6377362235802326	0.6373892586216137	0.008135015304944674	0.4982609239924994	0.49797362795947364	0.5012436970691964	0.010949709401558861	0.8924913912407535	0.8718814720161542	0.5420283787764886	0.22939896555831488	21	MYC	10000
48	P53	Single best mono PWM	mono	0.8736509260231259	0.8879167284958204	0.8884727292984725	0.0	0.0	0.0	0.8884727292984725	0.8884727292984725	0.8884727292984725	0.018024228693101826	0.8879167284958204	0.8879167284958204	0.8879167284958204	0.016507984417263793	0.8736509260231259	0.8736509260231259	0.8736509260231259	0.01894818098012064	0.43465333038965204	0.3409618674656071	0.12073999992010975	0.0	0.0	0.0	0.12073999992010975	0.12073999992010975	0.12073999992010975	0.06807400577220979	0.3409618674656071	0.3409618674656071	0.3409618674656071	0.06291920849230176	0.43465333038965204	0.43465333038965204	0.43465333038965204	0.04043421902677859	0.8879167284958204	0.8884727292984725	0.3409618674656071	0.12073999992010975	23	P53	662
48	P53	RandomForestClassifier	mono	0.8736509260231259	0.8879167284958204	0.8884727292984725	0.8736509260231259	0.8879167284958204	0.8884727292984725	0.8301559146597225	0.8328491230101267	0.8383901746490945	0.018024228693101826	0.9201536248371833	0.9314797422422225	0.9283393759165716	0.016507984417263793	0.9073330116806619	0.9137031930660937	0.9123879307777082	0.01894818098012064	0.43465333038965204	0.3409618674656071	0.12073999992010975	0.43465333038965204	0.3409618674656071	0.12073999992010975	0.4574227183383062	0.4750101649867303	0.4486275877725266	0.06807400577220979	0.5827622725633951	0.580453842394489	0.5536088105553172	0.06291920849230176	0.7371745440453585	0.7366668066626553	0.742766397388715	0.04043421902677859	0.8879167284958204	0.8884727292984725	0.3409618674656071	0.12073999992010975	23	P53	662
26	P53	Single best di PWM	di	0.0	0.0	0.0	0.8275918885103708	0.845218133254192	0.8905875795204307	0.8905875795204307	0.8905875795204307	0.8905875795204307	0.014978306039550507	0.845218133254192	0.845218133254192	0.845218133254192	0.019504827036318655	0.8275918885103708	0.8275918885103708	0.8275918885103708	0.028307989202755072	0.0	0.0	0.0	0.4460238334423065	0.3606703726664907	0.6202471974595042	0.6202471974595042	0.6202471974595042	0.6202471974595042	0.023022050091438585	0.3606703726664907	0.3606703726664907	0.3606703726664907	0.05062484390318276	0.4460238334423065	0.4460238334423065	0.4460238334423065	0.04308082000762752	0.845218133254192	0.8905875795204307	0.3606703726664907	0.6202471974595042	23	P53	662
26	P53	RandomForestClassifier	di	0.8275918885103708	0.845218133254192	0.8905875795204307	0.8275918885103708	0.845218133254192	0.8905875795204307	0.8752591710650495	0.8876351434292233	0.8923987463837995	0.014978306039550507	0.9249831000313269	0.9353958295217939	0.9365552037989711	0.019504827036318655	0.9041794591340476	0.9156918183357392	0.9239311351383552	0.028307989202755072	0.4460238334423065	0.3606703726664907	0.6202471974595042	0.4460238334423065	0.3606703726664907	0.6202471974595042	0.6281619064834979	0.6298486134198459	0.630649367235271	0.023022050091438585	0.6067763320430486	0.6249765071240451	0.6051919732843322	0.05062484390318276	0.7383919913848661	0.7431886939792376	0.7342502173320781	0.04308082000762752	0.845218133254192	0.8905875795204307	0.3606703726664907	0.6202471974595042	23	P53	662
48	P53	RandomForestClassifier	mono+di	0.0	0.8879167284958204	0.8905875795204307	0.0	0.8879167284958204	0.8905875795204307	0.8804456639519033	0.850111847302065	0.8492838315654131	0.02452903742031566	0.9315040147730457	0.9287106729915353	0.9285583346912172	0.019535748585838134	0.9138696814285443	0.9127695978562926	0.9057683257379441	0.017565428709400983	0.0	0.3606703726664907	0.6202471974595042	0.0	0.3606703726664907	0.6202471974595042	0.554543070992821	0.568354851833747	0.5624168857087745	0.023992543751838968	0.5963734109923791	0.6098872615277166	0.6261973290057118	0.06889863291185518	0.7540786376046118	0.758933181972019	0.7569881872511603	0.03755445328713544	0.8879167284958204	0.8905875795204307	0.3606703726664907	0.6202471974595042	23	P53	662
48	P53	Single best mono PWM	mono	0.8736509260231259	0.8879167284958204	0.8855170062305568	0.0	0.0	0.0	0.8855170062305568	0.8855170062305568	0.8855170062305568	0.010680508844242716	0.8879167284958204	0.8879167284958204	0.8879167284958204	0.02208037882059148	0.8736509260231259	0.8736509260231259	0.8736509260231259	0.019812383270843153	0.43465333038965204	0.3409618674656071	0.5097099569708696	0.0	0.0	0.0	0.5097099569708696	0.5097099569708696	0.5097099569708696	0.020977761744135626	0.3409618674656071	0.3409618674656071	0.3409618674656071	0.06494875946806289	0.43465333038965204	0.43465333038965204	0.43465333038965204	0.053260798615844374	0.8879167284958204	0.8855170062305568	0.3409618674656071	0.5097099569708696	23	P53	662
48	P53	LogisticRegression	mono	0.8736509260231259	0.8879167284958204	0.8855170062305568	0.8736509260231259	0.8879167284958204	0.8855170062305568	0.8952841260617289	0.8956943986116901	0.892755705560913	0.010680508844242716	0.9244126230400158	0.9243735967547705	0.9084388603086664	0.02208037882059148	0.9020693889515972	0.9020564064012545	0.9030256456080779	0.019812383270843153	0.43465333038965204	0.3409618674656071	0.5097099569708696	0.43465333038965204	0.3409618674656071	0.5097099569708696	0.6276811166003632	0.6282225080650585	0.6388370540320188	0.020977761744135626	0.5718414354016571	0.5771639287872546	0.5696235156238029	0.06494875946806289	0.4975749274802142	0.49847471712184116	0.49413408845134205	0.053260798615844374	0.8879167284958204	0.8855170062305568	0.3409618674656071	0.5097099569708696	23	P53	662
26	P53	Single best di PWM	di	0.0	0.0	0.0	0.8275918885103708	0.845218133254192	0.8905875795204307	0.8905875795204307	0.8905875795204307	0.8905875795204307	0.008898768568760054	0.845218133254192	0.845218133254192	0.845218133254192	0.019582263889629678	0.8275918885103708	0.8275918885103708	0.8275918885103708	0.02518274863287209	0.0	0.0	0.0	0.4460238334423065	0.3606703726664907	0.6202471974595042	0.6202471974595042	0.6202471974595042	0.6202471974595042	0.023222864865009924	0.3606703726664907	0.3606703726664907	0.3606703726664907	0.0509376368969031	0.4460238334423065	0.4460238334423065	0.4460238334423065	0.04986059258338925	0.845218133254192	0.8905875795204307	0.3606703726664907	0.6202471974595042	23	P53	662
26	P53	LogisticRegression	di	0.8275918885103708	0.845218133254192	0.8905875795204307	0.8275918885103708	0.845218133254192	0.8905875795204307	0.8897971955940438	0.889891287199631	0.8877371175308377	0.008898768568760054	0.9446223063098712	0.9446057385927882	0.949812030075188	0.019582263889629678	0.9055392126667519	0.9053480634577581	0.9036630625800494	0.02518274863287209	0.4460238334423065	0.3606703726664907	0.6202471974595042	0.4460238334423065	0.3606703726664907	0.6202471974595042	0.5993672522606825	0.6002129422937829	0.6053137261152176	0.023222864865009924	0.6098665189485524	0.6077485356898313	0.6022289811365015	0.0509376368969031	0.5481130527646592	0.5491987646439354	0.5476892178186312	0.04986059258338925	0.845218133254192	0.8905875795204307	0.3606703726664907	0.6202471974595042	23	P53	662
48	P53	LogisticRegression	mono+di	0.0	0.8879167284958204	0.8905875795204307	0.0	0.8879167284958204	0.8905875795204307	0.8829928988692369	0.8825136379679586	0.8876232722597235	0.016729063586236066	0.9415397108044385	0.941982733828711	0.9402948159873368	0.01861447494083051	0.9123278686410481	0.9117106252985696	0.9072171089863879	0.024790988164306527	0.0	0.3606703726664907	0.6202471974595042	0.0	0.3606703726664907	0.6202471974595042	0.42404374708206355	0.4316708691986582	0.47467335709827574	0.11702527671421162	0.6045761800606404	0.6100922169000249	0.6147463762619856	0.055753726121285825	0.5679951807255904	0.5715562531326691	0.540922774617434	0.052544378966850304	0.8879167284958204	0.8905875795204307	0.3606703726664907	0.6202471974595042	23	P53	662
48	P53	Single best mono PWM	mono	0.8736509260231259	0.8879167284958204	0.8818163875441295	0.0	0.0	0.0	0.8818163875441295	0.8818163875441295	0.8818163875441295	0.0171227030962794	0.8879167284958204	0.8879167284958204	0.8879167284958204	0.0283921721611811	0.8736509260231259	0.8736509260231259	0.8736509260231259	0.0024317492354602	0.434653330389652	0.3409618674656071	0.6066329275904959	0.0	0.0	0.0	0.6066329275904959	0.6066329275904959	0.6066329275904959	0.1395019875280767	0.3409618674656071	0.3409618674656071	0.3409618674656071	0.0596453292821404	0.434653330389652	0.434653330389652	0.434653330389652	0.0480253358762122	0.8879167284958204	0.8818163875441295	0.3409618674656071	0.6066329275904959	23	P53	662
48	P53	XGBClassifier	mono	0.8736509260231259	0.8879167284958204	0.8818163875441295	0.8736509260231259	0.8879167284958204	0.8818163875441295	0.8669969229525674	0.8551895249084129	0.8481801671488267	0.0171227030962794	0.9257728644210318	0.9204987248780648	0.9305599525128612	0.0283921721611811	0.9985802357899382	0.9974218538177836	0.9985988740952552	0.0024317492354602	0.434653330389652	0.3409618674656071	0.6066329275904959	0.434653330389652	0.3409618674656071	0.6066329275904959	0.4148089483553835	0.357871274543016	0.3112128028399872	0.1395019875280767	0.5835659823254836	0.574270162701799	0.5634495563715946	0.0596453292821404	0.9425599486023654	0.9236384692009336	0.9367662162531274	0.0480253358762122	0.8879167284958204	0.8818163875441295	0.3409618674656071	0.6066329275904959	23	P53	662
26	P53	Single best di PWM	di	0.0	0.0	0.0	0.8275918885103708	0.845218133254192	0.8905875795204307	0.8905875795204307	0.8905875795204307	0.8905875795204307	0.0102042885954997	0.845218133254192	0.845218133254192	0.845218133254192	0.0190608462198152	0.8275918885103708	0.8275918885103708	0.8275918885103708	0.0033233970470423	0.0	0.0	0.0	0.4460238334423065	0.3606703726664907	0.6202471974595042	0.6202471974595042	0.6202471974595042	0.6202471974595042	0.0273203905844774	0.3606703726664907	0.3606703726664907	0.3606703726664907	0.0659283034305137	0.4460238334423065	0.4460238334423065	0.4460238334423065	0.0509621215459877	0.845218133254192	0.8905875795204307	0.3606703726664907	0.6202471974595042	23	P53	662
26	P53	XGBClassifier	di	0.8275918885103708	0.845218133254192	0.8905875795204307	0.8275918885103708	0.845218133254192	0.8905875795204307	0.8807342564839735	0.8796685128154963	0.8837879031393978	0.0102042885954997	0.9396936983726568	0.931839106517326	0.9378360762587584	0.0190608462198152	0.9983834730643406	0.9964119819510444	0.9975384981979568	0.0033233970470423	0.4460238334423065	0.3606703726664907	0.6202471974595042	0.4460238334423065	0.3606703726664907	0.6202471974595042	0.5801255729131125	0.586421170649264	0.5842971941496244	0.0273203905844774	0.5988587036049574	0.6002992648991539	0.5783669047797039	0.0659283034305137	0.917515119316925	0.9031683286052036	0.9195882622920286	0.0509621215459877	0.845218133254192	0.8905875795204307	0.3606703726664907	0.6202471974595042	23	P53	662
48	P53	XGBClassifier	mono+di	0.0	0.8879167284958204	0.8905875795204307	0.0	0.8879167284958204	0.8905875795204307	0.8689950649271209	0.8455588097185084	0.8480760741455051	0.0169498963771501	0.9255898501261316	0.9244311683389626	0.9314336326430884	0.0249546809981915	0.9993173632798256	0.99872753227406	0.9989795371280492	0.0012987449271348	0.0	0.3606703726664907	0.6202471974595042	0.0	0.3606703726664907	0.6202471974595042	0.5068129926514545	0.487377026134344	0.4887476836581789	0.0493290727565531	0.5942731805098099	0.5839063790383717	0.5562666083485325	0.049237605735117	0.9597311663408858	0.9410920751207488	0.9560791055464142	0.0496091596739031	0.8879167284958204	0.8905875795204307	0.3606703726664907	0.6202471974595042	23	P53	662
48	P53	Single best mono PWM	mono	0.8736509260231259	0.8879167284958204	0.8867331488779755	0.0	0.0	0.0	0.8867331488779755	0.8867331488779755	0.8867331488779755	0.02202617357435723	0.8879167284958204	0.8879167284958204	0.8879167284958204	0.02914101401175268	0.8736509260231259	0.8736509260231259	0.8736509260231259	0.0005428515194610725	0.43465333038965204	0.3409618674656071	0.6105364003531952	0.0	0.0	0.0	0.6105364003531952	0.6105364003531952	0.6105364003531952	0.03623246260230701	0.3409618674656071	0.3409618674656071	0.3409618674656071	0.04889402948339731	0.43465333038965204	0.43465333038965204	0.43465333038965204	0.028033861446546297	0.8879167284958204	0.8867331488779755	0.3409618674656071	0.6105364003531952	23	P53	662
48	P53	BaggingClassifier_XGBClassifier	mono	0.8736509260231259	0.8879167284958204	0.8867331488779755	0.8736509260231259	0.8879167284958204	0.8867331488779755	0.851740204131567	0.8445826719929885	0.8473610307510983	0.02202617357435723	0.9251529241067749	0.9175396093879945	0.9354580821248166	0.02914101401175268	0.9994112749828944	0.9991547486466572	0.9993107259470445	0.0005428515194610725	0.43465333038965204	0.3409618674656071	0.6105364003531952	0.43465333038965204	0.3409618674656071	0.6105364003531952	0.5304585294382913	0.5166201033481652	0.5115960878792667	0.03623246260230701	0.5761572765500268	0.5842714655223663	0.5625894570826377	0.04889402948339731	0.9466641439224448	0.9363792354468009	0.9452478309548923	0.028033861446546297	0.8879167284958204	0.8867331488779755	0.3409618674656071	0.6105364003531952	23	P53	662
26	P53	Single best di PWM	di	0.0	0.0	0.0	0.8275918885103708	0.845218133254192	0.8905875795204307	0.8905875795204307	0.8905875795204307	0.8905875795204307	0.015183140352491884	0.845218133254192	0.845218133254192	0.845218133254192	0.023703618019465047	0.8275918885103708	0.8275918885103708	0.8275918885103708	0.0008897789243158894	0.0	0.0	0.0	0.4460238334423065	0.3606703726664907	0.6202471974595042	0.6202471974595042	0.6202471974595042	0.6202471974595042	0.02278084908726617	0.3606703726664907	0.3606703726664907	0.3606703726664907	0.06849030693867413	0.4460238334423065	0.4460238334423065	0.4460238334423065	0.027538446610696484	0.845218133254192	0.8905875795204307	0.3606703726664907	0.6202471974595042	23	P53	662
26	P53	BaggingClassifier_XGBClassifier	di	0.8275918885103708	0.845218133254192	0.8905875795204307	0.8275918885103708	0.845218133254192	0.8905875795204307	0.8816193997081337	0.8832408114738394	0.885751108025845	0.015183140352491884	0.9324728776112513	0.9353009340085681	0.9504357298474945	0.023703618019465047	0.9992139016480441	0.9986207755969035	0.9989300926339618	0.0008897789243158894	0.4460238334423065	0.3606703726664907	0.6202471974595042	0.4460238334423065	0.3606703726664907	0.6202471974595042	0.5985336682535778	0.6031389218537645	0.6077685796937031	0.02278084908726617	0.6043212071534837	0.6085770656687973	0.5753007603173239	0.06849030693867413	0.9305405708845519	0.9213138414671346	0.9229312189048466	0.027538446610696484	0.845218133254192	0.8905875795204307	0.3606703726664907	0.6202471974595042	23	P53	662
48	P53	BaggingClassifier_XGBClassifier	mono+di	0.0	0.8879167284958204	0.8905875795204307	0.0	0.8879167284958204	0.8905875795204307	0.8668411874322766	0.8657591506583587	0.8719884281581485	0.013368210563438105	0.9274772880908806	0.9327654395897115	0.9309312367606322	0.017929861412122713	0.9996122142757805	0.999402213185318	0.9995442766508802	0.00039719747421452524	0.0	0.3606703726664907	0.6202471974595042	0.0	0.3606703726664907	0.6202471974595042	0.5456582054329404	0.5450685376238849	0.5470954565397156	0.01726257894948588	0.6071755941511344	0.6214280046331746	0.6009027139348845	0.0562042835730431	0.963167342394681	0.9565379523162785	0.9630880517432635	0.023576421052690966	0.8879167284958204	0.8905875795204307	0.3606703726664907	0.6202471974595042	23	P53	662
48	P53	Single best mono PWM	mono	0.8736509260231259	0.8879167284958204	0.8867331488779755	0.0	0.0	0.0	0.8867331488779755	0.8867331488779755	0.8867331488779755	0.01049628025519308	0.8879167284958204	0.8879167284958204	0.8879167284958204	0.022638723344002586	0.8736509260231259	0.8736509260231259	0.8736509260231259	0.019987164414253075	0.43465333038965204	0.3409618674656071	0.4333681103788266	0.0	0.0	0.0	0.4333681103788266	0.4333681103788266	0.4333681103788266	0.028255310161144936	0.3409618674656071	0.3409618674656071	0.3409618674656071	0.06597804943027305	0.43465333038965204	0.43465333038965204	0.43465333038965204	0.054029093933382843	0.8879167284958204	0.8867331488779755	0.3409618674656071	0.4333681103788266	23	P53	662
48	P53	BaggingClassifier_LogisticRegression	mono	0.8736509260231259	0.8879167284958204	0.8867331488779755	0.8736509260231259	0.8879167284958204	0.8867331488779755	0.9026696013492259	0.9006460332766987	0.8959314261223614	0.01049628025519308	0.9253178018499283	0.9248403329698852	0.9095468935496637	0.022638723344002586	0.9027731527519157	0.9025191155292346	0.9043219253566854	0.019987164414253075	0.43465333038965204	0.3409618674656071	0.4333681103788266	0.43465333038965204	0.3409618674656071	0.4333681103788266	0.6335919821830567	0.6321218153974394	0.6480858049988943	0.028255310161144936	0.5684748229586319	0.5770891050820819	0.5618921782710738	0.06597804943027305	0.4968671254529567	0.49867393123453185	0.49435151252196	0.054029093933382843	0.8879167284958204	0.8867331488779755	0.3409618674656071	0.4333681103788266	23	P53	662
26	P53	Single best di PWM	di	0.0	0.0	0.0	0.8275918885103708	0.845218133254192	0.8905875795204307	0.8905875795204307	0.8905875795204307	0.8905875795204307	0.00902800851153854	0.845218133254192	0.845218133254192	0.845218133254192	0.020480542631399774	0.8275918885103708	0.8275918885103708	0.8275918885103708	0.025122940122977496	0.0	0.0	0.0	0.4460238334423065	0.3606703726664907	0.6202471974595042	0.6202471974595042	0.6202471974595042	0.6202471974595042	0.02294711197919523	0.3606703726664907	0.3606703726664907	0.3606703726664907	0.048636763401221465	0.4460238334423065	0.4460238334423065	0.4460238334423065	0.05096292696291084	0.845218133254192	0.8905875795204307	0.3606703726664907	0.6202471974595042	23	P53	662
26	P53	BaggingClassifier_LogisticRegression	di	0.8275918885103708	0.845218133254192	0.8905875795204307	0.8275918885103708	0.845218133254192	0.8905875795204307	0.8898476255286799	0.8901283665136548	0.8880131895124685	0.00902800851153854	0.9445567674069677	0.9452254652734834	0.9515631183221211	0.020480542631399774	0.9061382447680435	0.9056259868106086	0.9027754445536593	0.025122940122977496	0.4460238334423065	0.3606703726664907	0.6202471974595042	0.4460238334423065	0.3606703726664907	0.6202471974595042	0.6004727470090033	0.6004241860801728	0.6054487640300266	0.02294711197919523	0.6095827095562794	0.608710895305762	0.6069095919227024	0.048636763401221465	0.5476774610680435	0.5499076092056361	0.5478298025128409	0.05096292696291084	0.845218133254192	0.8905875795204307	0.3606703726664907	0.6202471974595042	23	P53	662
48	P53	BaggingClassifier_LogisticRegression	mono+di	0.0	0.8879167284958204	0.8905875795204307	0.0	0.8879167284958204	0.8905875795204307	0.8775137991978049	0.8760935007135051	0.8737830405297164	0.013374446486544747	0.9416802690804769	0.9422683447176129	0.9403442817570241	0.01898298230605862	0.9140298075989784	0.9122860681213195	0.9085860661841361	0.025191361607043567	0.0	0.3606703726664907	0.6202471974595042	0.0	0.3606703726664907	0.6202471974595042	0.4719765298834545	0.4749338709305469	0.47261376997928317	0.05259110437539846	0.6038377596492923	0.6081207799509274	0.6016848573235736	0.055941897029943954	0.567656093262432	0.570293887361428	0.5431245327232338	0.05206612552231269	0.8879167284958204	0.8905875795204307	0.3606703726664907	0.6202471974595042	23	P53	662
17	PPARG	Single best mono PWM	mono	0.8908295525351525	0.8865259459192376	0.8474010549061868	0.0	0.0	0.0	0.8474010549061868	0.8474010549061868	0.8474010549061868	0.006482985035350458	0.8865259459192376	0.8865259459192376	0.8865259459192376	0.011742716912977172	0.8908295525351525	0.8908295525351525	0.8908295525351525	0.0062074616284188075	0.3055614671048225	0.26753072608965756	0.2820328117348641	0.0	0.0	0.0	0.2820328117348641	0.2820328117348641	0.2820328117348641	0.01428182951082668	0.26753072608965756	0.26753072608965756	0.26753072608965756	0.01761164060802567	0.3055614671048225	0.3055614671048225	0.3055614671048225	0.013654242411208968	0.8865259459192376	0.8474010549061868	0.26753072608965756	0.2820328117348641	24	PPARG	5435
17	PPARG	RandomForestClassifier	mono	0.8908295525351525	0.8865259459192376	0.8474010549061868	0.8908295525351525	0.8865259459192376	0.8474010549061868	0.8306745393820378	0.8362367265191336	0.8370225360362559	0.006482985035350458	0.888859291705616	0.8892195572304102	0.8878448984963643	0.011742716912977172	0.914330649973075	0.9126541252188087	0.9167992989348006	0.0062074616284188075	0.3055614671048225	0.26753072608965756	0.2820328117348641	0.3055614671048225	0.26753072608965756	0.2820328117348641	0.24878940478913872	0.2565843149163289	0.2519003609765548	0.01428182951082668	0.2683247016690748	0.27424399803793836	0.2673865285351677	0.01761164060802567	0.4471047797818496	0.449566821993046	0.4558727913923827	0.013654242411208968	0.8865259459192376	0.8474010549061868	0.26753072608965756	0.2820328117348641	24	PPARG	5435
11	PPARG	Single best di PWM	di	0.0	0.0	0.0	0.8860069372832816	0.8861650888123049	0.8550825680460487	0.8550825680460487	0.8550825680460487	0.8550825680460487	0.008639611424336887	0.8861650888123049	0.8861650888123049	0.8861650888123049	0.010645426424945464	0.8860069372832816	0.8860069372832816	0.8860069372832816	0.00533989546188584	0.0	0.0	0.0	0.3081947378909382	0.2669324211844732	0.2969822783508264	0.2969822783508264	0.2969822783508264	0.2969822783508264	0.009480440163127175	0.2669324211844732	0.2669324211844732	0.2669324211844732	0.021070698272151578	0.3081947378909382	0.3081947378909382	0.3081947378909382	0.014163268638043156	0.8861650888123049	0.8550825680460487	0.2669324211844732	0.2969822783508264	24	PPARG	5435
11	PPARG	RandomForestClassifier	di	0.8860069372832816	0.8861650888123049	0.8550825680460487	0.8860069372832816	0.8861650888123049	0.8550825680460487	0.866196483458305	0.8666037184629802	0.8643148798931354	0.008639611424336887	0.9001098278225931	0.8998179666449219	0.8970318084440023	0.010645426424945464	0.9191876384426384	0.919131395867673	0.9203332469407383	0.00533989546188584	0.3081947378909382	0.2669324211844732	0.2969822783508264	0.3081947378909382	0.2669324211844732	0.2969822783508264	0.3148475801507702	0.3141051604702016	0.3150025198611122	0.009480440163127175	0.28506494291086165	0.2864571769877004	0.27660836165149955	0.021070698272151578	0.4586883181046578	0.4619673599591621	0.46956877013506587	0.014163268638043156	0.8861650888123049	0.8550825680460487	0.2669324211844732	0.2969822783508264	24	PPARG	5435
17	PPARG	RandomForestClassifier	mono+di	0.0	0.8865259459192376	0.8550825680460487	0.0	0.8865259459192376	0.8550825680460487	0.8641953876249873	0.8634129764569706	0.8621979069967934	0.008894593361346239	0.900474086083749	0.9005204598531876	0.8988398839883988	0.010290888485290382	0.9216298074739918	0.9225506951880273	0.9248767834537475	0.0050557900650923075	0.0	0.26753072608965756	0.2969822783508264	0.0	0.26753072608965756	0.2969822783508264	0.3119744788049421	0.3099405279197648	0.31055464733427496	0.010330527582871726	0.2887501064902884	0.29506419898743885	0.2863496940190355	0.02017792153963388	0.48217985458929047	0.48124893809021174	0.489540726291371	0.014843387822130408	0.8865259459192376	0.8550825680460487	0.26753072608965756	0.2969822783508264	24	PPARG	5435
17	PPARG	Single best mono PWM	mono	0.8908295525351525	0.8865259459192376	0.8502452385601159	0.0	0.0	0.0	0.8502452385601159	0.8502452385601159	0.8502452385601159	0.006673700024412971	0.8865259459192376	0.8865259459192376	0.8865259459192376	0.01007871128281149	0.8908295525351525	0.8908295525351525	0.8908295525351525	0.006229227736459608	0.3055614671048225	0.26753072608965756	0.28358895594908806	0.0	0.0	0.0	0.28358895594908806	0.28358895594908806	0.28358895594908806	0.010942516069105455	0.26753072608965756	0.26753072608965756	0.26753072608965756	0.02400079576522156	0.3055614671048225	0.3055614671048225	0.3055614671048225	0.015656772485320665	0.8865259459192376	0.8502452385601159	0.26753072608965756	0.28358895594908806	24	PPARG	5435
17	PPARG	LogisticRegression	mono	0.8908295525351525	0.8865259459192376	0.8502452385601159	0.8908295525351525	0.8865259459192376	0.8502452385601159	0.857060017947861	0.857033500902188	0.8562044446132857	0.006673700024412971	0.8898025362166015	0.8896064671250953	0.8925939141963891	0.01007871128281149	0.8963047483027811	0.8961984015482349	0.8988050114166881	0.006229227736459608	0.3055614671048225	0.26753072608965756	0.28358895594908806	0.3055614671048225	0.26753072608965756	0.28358895594908806	0.2933062488920552	0.2939031391284924	0.29122178829302714	0.010942516069105455	0.2648523094059496	0.2667830583155202	0.2719868046537295	0.02400079576522156	0.3151122797653667	0.3153334648329083	0.31903991425178657	0.015656772485320665	0.8865259459192376	0.8502452385601159	0.26753072608965756	0.28358895594908806	24	PPARG	5435
11	PPARG	Single best di PWM	di	0.0	0.0	0.0	0.8860069372832816	0.8861650888123049	0.8550825680460487	0.8550825680460487	0.8550825680460487	0.8550825680460487	0.00759916361182219	0.8861650888123049	0.8861650888123049	0.8861650888123049	0.008848289376101933	0.8860069372832816	0.8860069372832816	0.8860069372832816	0.005498507029134074	0.0	0.0	0.0	0.3081947378909382	0.2669324211844732	0.2969822783508264	0.2969822783508264	0.2969822783508264	0.2969822783508264	0.010356920243294297	0.2669324211844732	0.2669324211844732	0.2669324211844732	0.025460162677702982	0.3081947378909382	0.3081947378909382	0.3081947378909382	0.013075965149396549	0.8861650888123049	0.8550825680460487	0.2669324211844732	0.2969822783508264	24	PPARG	5435
11	PPARG	LogisticRegression	di	0.8860069372832816	0.8861650888123049	0.8550825680460487	0.8860069372832816	0.8861650888123049	0.8550825680460487	0.8705809439148114	0.8705021381099132	0.8668688951649732	0.00759916361182219	0.9033241662853758	0.9033652853027953	0.9028710326878693	0.008848289376101933	0.9051899446446529	0.9050851046267815	0.907858334707761	0.005498507029134074	0.3081947378909382	0.2669324211844732	0.2969822783508264	0.3081947378909382	0.2669324211844732	0.2969822783508264	0.32486239583962906	0.32511639727004243	0.3266500664396934	0.010356920243294297	0.29911452366707847	0.3002422902658752	0.3066905579712518	0.025460162677702982	0.3371735918602499	0.3372828841389314	0.3404341974827199	0.013075965149396549	0.8861650888123049	0.8550825680460487	0.2669324211844732	0.2969822783508264	24	PPARG	5435
17	PPARG	LogisticRegression	mono+di	0.0	0.8865259459192376	0.8550825680460487	0.0	0.8865259459192376	0.8550825680460487	0.8655969995531808	0.8657021627590911	0.8628540043241519	0.0073989516027457595	0.9082860954521882	0.9080568227350067	0.9094171181641104	0.008498284431079497	0.9098642975773356	0.9096929654239616	0.9099412084110688	0.0050738796769687275	0.0	0.26753072608965756	0.2969822783508264	0.0	0.26753072608965756	0.2969822783508264	0.31107349839004916	0.31150135452367883	0.31439985981775154	0.010233324380650667	0.3009563526197714	0.30242801510708206	0.30959382396690177	0.021918303343239066	0.33982643118437555	0.3399990515207008	0.3490514479625934	0.015047811642471357	0.8865259459192376	0.8550825680460487	0.26753072608965756	0.2969822783508264	24	PPARG	5435
17	PPARG	Single best mono PWM	mono	0.8908295525351525	0.8865259459192376	0.7680039475907438	0.0	0.0	0.0	0.7680039475907438	0.7680039475907438	0.7680039475907438	0.0131943720837427	0.8865259459192376	0.8865259459192376	0.8865259459192376	0.0132219297285777	0.8908295525351525	0.8908295525351525	0.8908295525351525	0.0075042718612252	0.3055614671048225	0.2675307260896575	0.1613313852964585	0.0	0.0	0.0	0.1613313852964585	0.1613313852964585	0.1613313852964585	0.0169421350058305	0.2675307260896575	0.2675307260896575	0.2675307260896575	0.024130106908627	0.3055614671048225	0.3055614671048225	0.3055614671048225	0.0240330472327427	0.8865259459192376	0.7680039475907438	0.2675307260896575	0.1613313852964585	24	PPARG	5435
17	PPARG	XGBClassifier	mono	0.8908295525351525	0.8865259459192376	0.7680039475907438	0.8908295525351525	0.8865259459192376	0.7680039475907438	0.7700541794485726	0.7673490897182811	0.7686844838865738	0.0131943720837427	0.8862276754061601	0.8805713972645872	0.880281537983075	0.0132219297285777	0.9434439074071004	0.9406644143755252	0.9426050259070686	0.0075042718612252	0.3055614671048225	0.2675307260896575	0.1613313852964585	0.3055614671048225	0.2675307260896575	0.1613313852964585	0.1085049294133271	0.1113230852574078	0.1176639731619404	0.0169421350058305	0.2503453747427141	0.2376500991623203	0.2270408826851017	0.024130106908627	0.5356488410176656	0.5211807104181673	0.5342821059091402	0.0240330472327427	0.8865259459192376	0.7680039475907438	0.2675307260896575	0.1613313852964585	24	PPARG	5435
11	PPARG	Single best di PWM	di	0.0	0.0	0.0	0.8860069372832816	0.8861650888123049	0.8550825680460487	0.8550825680460487	0.8550825680460487	0.8550825680460487	0.0092756509185713	0.8861650888123049	0.8861650888123049	0.8861650888123049	0.0093086660479375	0.8860069372832816	0.8860069372832816	0.8860069372832816	0.0062624800951434	0.0	0.0	0.0	0.3081947378909382	0.2669324211844732	0.2969822783508264	0.2969822783508264	0.2969822783508264	0.2969822783508264	0.008806146117316	0.2669324211844732	0.2669324211844732	0.2669324211844732	0.0224435434787644	0.3081947378909382	0.3081947378909382	0.3081947378909382	0.0236924584838116	0.8861650888123049	0.8550825680460487	0.2669324211844732	0.2969822783508264	24	PPARG	5435
11	PPARG	XGBClassifier	di	0.8860069372832816	0.8861650888123049	0.8550825680460487	0.8860069372832816	0.8861650888123049	0.8550825680460487	0.8638821916290875	0.8624148362865087	0.8589797143132492	0.0092756509185713	0.8988607941052373	0.8973814688850249	0.8980291514493469	0.0093086660479375	0.9449980704283152	0.9423598288995784	0.9447759879278844	0.0062624800951434	0.3081947378909382	0.2669324211844732	0.2969822783508264	0.3081947378909382	0.2669324211844732	0.2969822783508264	0.2903220222950901	0.290069582622429	0.2916333705710975	0.008806146117316	0.2711142535079981	0.2630614228814587	0.2532728623745132	0.0224435434787644	0.5356705923115942	0.5353879893974757	0.5404489273868317	0.0236924584838116	0.8861650888123049	0.8550825680460487	0.2669324211844732	0.2969822783508264	24	PPARG	5435
17	PPARG	XGBClassifier	mono+di	0.0	0.8865259459192376	0.8550825680460487	0.0	0.8865259459192376	0.8550825680460487	0.8486020118125462	0.8535609853015108	0.8504172668613641	0.0073451320766318	0.8985949550706188	0.9010157227357248	0.9003807310166467	0.0101051801619831	0.9531065967595485	0.9530528460250812	0.9550548771475876	0.005442476744998	0.0	0.26753072608965756	0.2969822783508264	0.0	0.2675307260896575	0.2969822783508264	0.2227390113747993	0.2583548136137262	0.2629043698593395	0.0238424132710391	0.2714157012855216	0.2691049594526734	0.2600504622949848	0.0226702899494982	0.5878626043922913	0.586206680037874	0.5923460423892404	0.0261865084386061	0.8865259459192376	0.8550825680460487	0.2675307260896575	0.2969822783508264	24	PPARG	5435
17	PPARG	Single best mono PWM	mono	0.8908295525351525	0.8865259459192376	0.6171521023028081	0.0	0.0	0.0	0.6171521023028081	0.6171521023028081	0.6171521023028081	0.017059732184826742	0.8865259459192376	0.8865259459192376	0.8865259459192376	0.009996279718102933	0.8908295525351525	0.8908295525351525	0.8908295525351525	0.007845250476529715	0.3055614671048225	0.26753072608965756	0.053090038467477466	0.0	0.0	0.0	0.053090038467477466	0.053090038467477466	0.053090038467477466	0.012561734144006813	0.26753072608965756	0.26753072608965756	0.26753072608965756	0.017423131715996354	0.3055614671048225	0.3055614671048225	0.3055614671048225	0.024856954424671184	0.8865259459192376	0.6171521023028081	0.26753072608965756	0.053090038467477466	24	PPARG	5435
17	PPARG	BaggingClassifier_XGBClassifier	mono	0.8908295525351525	0.8865259459192376	0.6171521023028081	0.8908295525351525	0.8865259459192376	0.6171521023028081	0.7538571168150432	0.7410558345071939	0.7503032608422768	0.017059732184826742	0.8883052651072508	0.8886543091789189	0.8866069762493248	0.009996279718102933	0.9533503953362391	0.9524895728267289	0.9560466873437705	0.007845250476529715	0.3055614671048225	0.26753072608965756	0.053090038467477466	0.3055614671048225	0.26753072608965756	0.053090038467477466	0.1300828420208814	0.11118987680387653	0.11098047886211598	0.012561734144006813	0.25445555418740007	0.25912532996616916	0.25415969642631486	0.017423131715996354	0.5548657678782557	0.5484910475663238	0.5631796317395914	0.024856954424671184	0.8865259459192376	0.6171521023028081	0.26753072608965756	0.053090038467477466	24	PPARG	5435
11	PPARG	Single best di PWM	di	0.0	0.0	0.0	0.8860069372832816	0.8861650888123049	0.8550825680460487	0.8550825680460487	0.8550825680460487	0.8550825680460487	0.008896124200677083	0.8861650888123049	0.8861650888123049	0.8861650888123049	0.009115298811303095	0.8860069372832816	0.8860069372832816	0.8860069372832816	0.006688883933019833	0.0	0.0	0.0	0.3081947378909382	0.2669324211844732	0.2969822783508264	0.2969822783508264	0.2969822783508264	0.2969822783508264	0.010200304529321106	0.2669324211844732	0.2669324211844732	0.2669324211844732	0.025478850298556215	0.3081947378909382	0.3081947378909382	0.3081947378909382	0.022294909483123498	0.8861650888123049	0.8550825680460487	0.2669324211844732	0.2969822783508264	24	PPARG	5435
11	PPARG	BaggingClassifier_XGBClassifier	di	0.8860069372832816	0.8861650888123049	0.8550825680460487	0.8860069372832816	0.8861650888123049	0.8550825680460487	0.8650522776511582	0.8643911115333018	0.8626774296335088	0.008896124200677083	0.8997079493142323	0.8997393674948759	0.9012007922347897	0.009115298811303095	0.9550135930153901	0.9525671314498335	0.9545773795626535	0.006688883933019833	0.3081947378909382	0.2669324211844732	0.2969822783508264	0.3081947378909382	0.2669324211844732	0.2969822783508264	0.30538843704586144	0.3047955328763402	0.30696820416510184	0.010200304529321106	0.2658311479250375	0.26618993314819206	0.25256948460547857	0.025478850298556215	0.5566263694373321	0.5574965468284941	0.5621805381016483	0.022294909483123498	0.8861650888123049	0.8550825680460487	0.2669324211844732	0.2969822783508264	24	PPARG	5435
17	PPARG	BaggingClassifier_XGBClassifier	mono+di	0.0	0.8865259459192376	0.8550825680460487	0.0	0.8865259459192376	0.8550825680460487	0.8579297016449703	0.8582672682586395	0.8556931722146109	0.00842833729557229	0.9041160728238002	0.904505625393338	0.9051187533760006	0.0078025756049536705	0.9644022982068459	0.9641995724874209	0.9659932973251071	0.00597262087956074	0.0	0.26753072608965756	0.2969822783508264	0.0	0.26753072608965756	0.2969822783508264	0.28918001117201036	0.28997129855014353	0.2878691570839738	0.01248469326356923	0.2825161718405456	0.2876471991329786	0.28236375212801573	0.020177863612165222	0.6158453446923365	0.6093470231283721	0.6178253699992161	0.02293282904061379	0.8865259459192376	0.8550825680460487	0.26753072608965756	0.2969822783508264	24	PPARG	5435
17	PPARG	Single best mono PWM	mono	0.8908295525351525	0.8865259459192376	0.8502452385601159	0.0	0.0	0.0	0.8502452385601159	0.8502452385601159	0.8502452385601159	0.009170659453591662	0.8865259459192376	0.8865259459192376	0.8865259459192376	0.010064295687362166	0.8908295525351525	0.8908295525351525	0.8908295525351525	0.006264863560368668	0.3055614671048225	0.26753072608965756	0.28358895594908806	0.0	0.0	0.0	0.28358895594908806	0.28358895594908806	0.28358895594908806	0.007201625980371016	0.26753072608965756	0.26753072608965756	0.26753072608965756	0.02378934810548372	0.3055614671048225	0.3055614671048225	0.3055614671048225	0.015599436654894215	0.8865259459192376	0.8502452385601159	0.26753072608965756	0.28358895594908806	24	PPARG	5435
17	PPARG	BaggingClassifier_LogisticRegression	mono	0.8908295525351525	0.8865259459192376	0.8502452385601159	0.8908295525351525	0.8865259459192376	0.8502452385601159	0.8201748230558674	0.8226946733096051	0.8190574623941094	0.009170659453591662	0.8898847932653933	0.889645719858515	0.8921022048352512	0.010064295687362166	0.8962674954044847	0.8962129895902512	0.8988692411505625	0.006264863560368668	0.3055614671048225	0.26753072608965756	0.28358895594908806	0.3055614671048225	0.26753072608965756	0.28358895594908806	0.222478934241479	0.22663770442754075	0.2263715687803977	0.007201625980371016	0.2648084751868391	0.2670526885255612	0.27123360593247003	0.02378934810548372	0.315266465144226	0.31527668548239157	0.31906602531783024	0.015599436654894215	0.8865259459192376	0.8502452385601159	0.26753072608965756	0.28358895594908806	24	PPARG	5435
11	PPARG	Single best di PWM	di	0.0	0.0	0.0	0.8860069372832816	0.8861650888123049	0.8550825680460487	0.8550825680460487	0.8550825680460487	0.8550825680460487	0.0075851652086956	0.8861650888123049	0.8861650888123049	0.8861650888123049	0.008794229639693	0.8860069372832816	0.8860069372832816	0.8860069372832816	0.005533635818537529	0.0	0.0	0.0	0.3081947378909382	0.2669324211844732	0.2969822783508264	0.2969822783508264	0.2969822783508264	0.2969822783508264	0.010360073538936393	0.2669324211844732	0.2669324211844732	0.2669324211844732	0.024550344332754347	0.3081947378909382	0.3081947378909382	0.3081947378909382	0.013130500799831581	0.8861650888123049	0.8550825680460487	0.2669324211844732	0.2969822783508264	24	PPARG	5435
11	PPARG	BaggingClassifier_LogisticRegression	di	0.8860069372832816	0.8861650888123049	0.8550825680460487	0.8860069372832816	0.8861650888123049	0.8550825680460487	0.87050006927574	0.8704656833262263	0.8669007921722057	0.0075851652086956	0.9033827625486858	0.9034279908357451	0.9028638305534187	0.008794229639693	0.9051398787241054	0.9050870049612257	0.9079568651054597	0.005533635818537529	0.3081947378909382	0.2669324211844732	0.2969822783508264	0.3081947378909382	0.2669324211844732	0.2969822783508264	0.3248063449085072	0.3252745110042903	0.3266419107687442	0.010360073538936393	0.2996076336992373	0.30083264969782736	0.30694280075622526	0.024550344332754347	0.3371221584140245	0.3372122708438532	0.34015126340099755	0.013130500799831581	0.8861650888123049	0.8550825680460487	0.2669324211844732	0.2969822783508264	24	PPARG	5435
17	PPARG	BaggingClassifier_LogisticRegression	mono+di	0.0	0.8865259459192376	0.8550825680460487	0.0	0.8865259459192376	0.8550825680460487	0.8655003717234828	0.8650675322935274	0.8621547733346762	0.007174282917539466	0.9084094207687063	0.9082063161652039	0.9091080811222234	0.008433449040485918	0.9097893592552282	0.9097218861773975	0.90992996309394	0.005114442668107961	0.0	0.26753072608965756	0.2969822783508264	0.0	0.26753072608965756	0.2969822783508264	0.3088907386099692	0.30806640603792623	0.30613063616094993	0.009058108618776034	0.3006559795088546	0.3027224763119691	0.3092054581197345	0.020954929126655756	0.33983947961837785	0.33972538419118986	0.3489802351575807	0.015177798960313257	0.8865259459192376	0.8550825680460487	0.26753072608965756	0.2969822783508264	24	PPARG	5435
19	PRGR	Single best mono PWM	mono	0.8502398531148992	0.8254313139152666	0.7329309537877614	0.0	0.0	0.0	0.7329309537877614	0.7329309537877614	0.7329309537877614	0.013220768503842378	0.8254313139152666	0.8254313139152666	0.8254313139152666	0.027881220551988387	0.8502398531148992	0.8502398531148992	0.8502398531148992	0.009282168017998048	0.07193417101775648	0.05977217684822327	0.033611962063858664	0.0	0.0	0.0	0.033611962063858664	0.033611962063858664	0.033611962063858664	0.011562529544076479	0.05977217684822327	0.05977217684822327	0.05977217684822327	0.03741532095768375	0.07193417101775648	0.07193417101775648	0.07193417101775648	0.05480299105298268	0.8254313139152666	0.7329309537877614	0.05977217684822327	0.033611962063858664	25	PRGR	1260
19	PRGR	RandomForestClassifier	mono	0.8502398531148992	0.8254313139152666	0.7329309537877614	0.8502398531148992	0.8254313139152666	0.7329309537877614	0.8557603414048217	0.8529213653215553	0.856791159564715	0.013220768503842378	0.8560635614499635	0.8558988113826574	0.8450325980474951	0.027881220551988387	0.9234466924524056	0.9201628028768817	0.9236538699609714	0.009282168017998048	0.07193417101775648	0.05977217684822327	0.033611962063858664	0.07193417101775648	0.05977217684822327	0.033611962063858664	0.15978931878630256	0.1461198871527518	0.1450287424902507	0.011562529544076479	0.07367464636691069	0.09080153939407652	0.07113307615383885	0.03741532095768375	0.2391973886897311	0.2358411450671259	0.2593681903793767	0.05480299105298268	0.8254313139152666	0.7329309537877614	0.05977217684822327	0.033611962063858664	25	PRGR	1260
9	PRGR	Single best di PWM	di	0.0	0.0	0.0	0.850315965723264	0.8234912002373995	0.8361914772522159	0.8361914772522159	0.8361914772522159	0.8361914772522159	0.008395455638657387	0.8234912002373995	0.8234912002373995	0.8234912002373995	0.016122203937295985	0.850315965723264	0.850315965723264	0.850315965723264	0.010952403838911608	0.0	0.0	0.0	0.06789188740068446	0.07102751364289084	0.12265454529530632	0.12265454529530632	0.12265454529530632	0.12265454529530632	0.010310433115249727	0.07102751364289084	0.07102751364289084	0.07102751364289084	0.015488614806722008	0.06789188740068446	0.06789188740068446	0.06789188740068446	0.05268130906022308	0.8234912002373995	0.8361914772522159	0.07102751364289084	0.12265454529530632	25	PRGR	1260
9	PRGR	RandomForestClassifier	di	0.850315965723264	0.8234912002373995	0.8361914772522159	0.850315965723264	0.8234912002373995	0.8361914772522159	0.8808212602709707	0.8809728382299723	0.8845284823300466	0.008395455638657387	0.8588048986486486	0.8568175465652743	0.8627926223693544	0.016122203937295985	0.9149063166018566	0.91585235981882	0.918971246505991	0.010952403838911608	0.06789188740068446	0.07102751364289084	0.12265454529530632	0.06789188740068446	0.07102751364289084	0.12265454529530632	0.18241091263181258	0.1801045204150826	0.1743932089945923	0.010310433115249727	0.06715896603256782	0.07406719204289336	0.0725653390211119	0.015488614806722008	0.2248220727965403	0.21755770871369684	0.2133653905396777	0.05268130906022308	0.8234912002373995	0.8361914772522159	0.07102751364289084	0.12265454529530632	25	PRGR	1260
19	PRGR	RandomForestClassifier	mono+di	0.0	0.8254313139152666	0.8361914772522159	0.0	0.8254313139152666	0.8361914772522159	0.8770764447012118	0.8779710434524424	0.8834504693856574	0.012860350284902984	0.8617325031957633	0.862063799124999	0.8611852402346609	0.022161823492339628	0.9267591865684383	0.9262754664700212	0.927014634114558	0.009481005608053927	0.0	0.07102751364289084	0.12265454529530632	0.0	0.07102751364289084	0.12265454529530632	0.18000962112796348	0.17712351818780733	0.16996674937106282	0.011437376200076402	0.06851300258097097	0.07932885446463336	0.07788132813642439	0.01960459651804879	0.2570529203210138	0.25439763070024984	0.2571906381879618	0.05937676701018237	0.8254313139152666	0.8361914772522159	0.07102751364289084	0.12265454529530632	25	PRGR	1260
19	PRGR	Single best mono PWM	mono	0.8502398531148992	0.8254313139152666	0.7445244712889924	0.0	0.0	0.0	0.7445244712889924	0.7445244712889924	0.7445244712889924	0.015160982712911159	0.8254313139152666	0.8254313139152666	0.8254313139152666	0.022675422906326254	0.8502398531148992	0.8502398531148992	0.8502398531148992	0.008387122700187788	0.07193417101775648	0.05977217684822327	0.07038500310792466	0.0	0.0	0.0	0.07038500310792466	0.07038500310792466	0.07038500310792466	0.01333067487888652	0.05977217684822327	0.05977217684822327	0.05977217684822327	0.027410847413037082	0.07193417101775648	0.07193417101775648	0.07193417101775648	0.014815221020876193	0.8254313139152666	0.7445244712889924	0.05977217684822327	0.07038500310792466	25	PRGR	1260
19	PRGR	LogisticRegression	mono	0.8502398531148992	0.8254313139152666	0.7445244712889924	0.8502398531148992	0.8254313139152666	0.7445244712889924	0.8401593297507001	0.8404271637940675	0.8421569202377078	0.015160982712911159	0.862995799853908	0.8626366900022748	0.854721931335788	0.022675422906326254	0.8912564610615661	0.8913543203926443	0.8886181642852023	0.008387122700187788	0.07193417101775648	0.05977217684822327	0.07038500310792466	0.07193417101775648	0.05977217684822327	0.07038500310792466	0.13124257238618378	0.13131262275497427	0.12516019906959738	0.01333067487888652	0.08914741467458318	0.09319471521576099	0.09271690608646632	0.027410847413037082	0.10068480378968961	0.10281698793346307	0.09751489614690943	0.014815221020876193	0.8254313139152666	0.7445244712889924	0.05977217684822327	0.07038500310792466	25	PRGR	1260
9	PRGR	Single best di PWM	di	0.0	0.0	0.0	0.850315965723264	0.8234912002373995	0.8361914772522159	0.8361914772522159	0.8361914772522159	0.8361914772522159	0.010278500521395896	0.8234912002373995	0.8234912002373995	0.8234912002373995	0.01792093172312935	0.850315965723264	0.850315965723264	0.850315965723264	0.005517629277134049	0.0	0.0	0.0	0.06789188740068446	0.07102751364289084	0.12265454529530632	0.12265454529530632	0.12265454529530632	0.12265454529530632	0.010923981407904057	0.07102751364289084	0.07102751364289084	0.07102751364289084	0.01673511108889891	0.06789188740068446	0.06789188740068446	0.06789188740068446	0.010905113357492467	0.8234912002373995	0.8361914772522159	0.07102751364289084	0.12265454529530632	25	PRGR	1260
9	PRGR	LogisticRegression	di	0.850315965723264	0.8234912002373995	0.8361914772522159	0.850315965723264	0.8234912002373995	0.8361914772522159	0.8814829949588383	0.8815285254975268	0.887698876265441	0.010278500521395896	0.8609817270818115	0.8606909353846847	0.87053090141031	0.01792093172312935	0.8869387492959184	0.8871624413425233	0.8877700572039144	0.005517629277134049	0.06789188740068446	0.07102751364289084	0.12265454529530632	0.06789188740068446	0.07102751364289084	0.12265454529530632	0.18261351977276769	0.1842505617103523	0.17984557308852991	0.010923981407904057	0.07129822937934342	0.07597660329400717	0.07547845373721934	0.01673511108889891	0.09011825603666665	0.09239874149954352	0.0897273580530092	0.010905113357492467	0.8234912002373995	0.8361914772522159	0.07102751364289084	0.12265454529530632	25	PRGR	1260
19	PRGR	LogisticRegression	mono+di	0.0	0.8254313139152666	0.8361914772522159	0.0	0.8254313139152666	0.8361914772522159	0.8748619577179232	0.8749310705365233	0.8776484303457452	0.010465146518927795	0.8686328981008035	0.868071879330377	0.867063022891824	0.020343516179291938	0.9002436693829985	0.9007164646478211	0.8991495468376369	0.006855183512087238	0.0	0.07102751364289084	0.12265454529530632	0.0	0.07102751364289084	0.12265454529530632	0.16921509758412756	0.16955397328459476	0.16756532778183647	0.009471169806978728	0.08343430167784281	0.09427247755242238	0.09084438534122703	0.022327791807783822	0.1100690982554534	0.1120152590643022	0.10660345562266277	0.014577262933985391	0.8254313139152666	0.8361914772522159	0.07102751364289084	0.12265454529530632	25	PRGR	1260
19	PRGR	Single best mono PWM	mono	0.8502398531148992	0.8254313139152666	0.8751830721032703	0.0	0.0	0.0	0.8751830721032703	0.8751830721032703	0.8751830721032703	0.0145231899748368	0.8254313139152666	0.8254313139152666	0.8254313139152666	0.0238621639499811	0.8502398531148992	0.8502398531148992	0.8502398531148992	0.0178165297123855	0.0719341710177564	0.0597721768482232	0.1847783504073764	0.0	0.0	0.0	0.1847783504073764	0.1847783504073764	0.1847783504073764	0.0187978466030143	0.0597721768482232	0.0597721768482232	0.0597721768482232	0.0263615347839537	0.0719341710177564	0.0719341710177564	0.0719341710177564	0.081142448087793	0.8254313139152666	0.8751830721032703	0.0597721768482232	0.1847783504073764	25	PRGR	1260
19	PRGR	XGBClassifier	mono	0.8502398531148992	0.8254313139152666	0.8751830721032703	0.8502398531148992	0.8254313139152666	0.8751830721032703	0.8650706547872109	0.8652958547016619	0.866433248955504	0.0145231899748368	0.8659929122534696	0.8572837065190402	0.8530723237509711	0.0238621639499811	0.9489472551857364	0.9433184857393768	0.9484832492865798	0.0178165297123855	0.0719341710177564	0.0597721768482232	0.1847783504073764	0.0719341710177564	0.0597721768482232	0.1847783504073764	0.1475833352937793	0.1480951052634071	0.1553571882503601	0.0187978466030143	0.1002741772447309	0.0970285018297216	0.0973756653358025	0.0263615347839537	0.3309720681872867	0.3148955705916495	0.3275690284571743	0.081142448087793	0.8254313139152666	0.8751830721032703	0.0597721768482232	0.1847783504073764	25	PRGR	1260
9	PRGR	Single best di PWM	di	0.0	0.0	0.0	0.850315965723264	0.8234912002373995	0.8361914772522159	0.8361914772522159	0.8361914772522159	0.8361914772522159	0.00937272003319	0.8234912002373995	0.8234912002373995	0.8234912002373995	0.0148131038728827	0.850315965723264	0.850315965723264	0.850315965723264	0.0171946420778384	0.0	0.0	0.0	0.0678918874006844	0.0710275136428908	0.1226545452953063	0.1226545452953063	0.1226545452953063	0.1226545452953063	0.0110682976710375	0.0710275136428908	0.0710275136428908	0.0710275136428908	0.0216180856765726	0.0678918874006844	0.0678918874006844	0.0678918874006844	0.0577062802556989	0.8234912002373995	0.8361914772522159	0.0710275136428908	0.1226545452953063	25	PRGR	1260
9	PRGR	XGBClassifier	di	0.850315965723264	0.8234912002373995	0.8361914772522159	0.850315965723264	0.8234912002373995	0.8361914772522159	0.8741236374394842	0.8730851123744908	0.8768388026123435	0.00937272003319	0.8425191175127831	0.8502778198104168	0.8539223559437636	0.0148131038728827	0.934812831995379	0.9328622963328904	0.9382303211556128	0.0171946420778384	0.0678918874006844	0.0710275136428908	0.1226545452953063	0.0678918874006844	0.0710275136428908	0.1226545452953063	0.1489758253843205	0.1530935884704822	0.1506058347156836	0.0110682976710375	0.0588874154416469	0.0650130392489794	0.0563315495256597	0.0216180856765726	0.2826582097197697	0.2512785406514153	0.2653469842446421	0.0577062802556989	0.8234912002373995	0.8361914772522159	0.0710275136428908	0.1226545452953063	25	PRGR	1260
19	PRGR	XGBClassifier	mono+di	0.0	0.8254313139152666	0.8361914772522159	0.0	0.8254313139152666	0.8751830721032703	0.8668824369390583	0.8608586146905327	0.864419160957266	0.010106366504494	0.8636823182980278	0.8645778104471543	0.8636636157620294	0.0192012482013987	0.957274455231053	0.9518728972018868	0.958337242713892	0.0160607058325111	0.0	0.07102751364289084	0.1847783504073764	0.0	0.0710275136428908	0.1847783504073764	0.132228362393581	0.1218769324332112	0.1175730454967794	0.0095807000202431	0.0743449416635946	0.08581897181119	0.08878053187665	0.0207235650194421	0.3730713592819995	0.3369297279042327	0.3566512316695535	0.0902525823557355	0.8254313139152666	0.8751830721032703	0.0710275136428908	0.1847783504073764	25	PRGR	1260
19	PRGR	Single best mono PWM	mono	0.8502398531148992	0.8254313139152666	0.866812142279389	0.0	0.0	0.0	0.866812142279389	0.866812142279389	0.866812142279389	0.013158325245342046	0.8254313139152666	0.8254313139152666	0.8254313139152666	0.022840556944882868	0.8502398531148992	0.8502398531148992	0.8502398531148992	0.02381261938344286	0.07193417101775648	0.05977217684822327	0.1631329405968108	0.0	0.0	0.0	0.1631329405968108	0.1631329405968108	0.1631329405968108	0.01266655793629348	0.05977217684822327	0.05977217684822327	0.05977217684822327	0.024084328510611326	0.07193417101775648	0.07193417101775648	0.07193417101775648	0.11077053609525468	0.8254313139152666	0.866812142279389	0.05977217684822327	0.1631329405968108	25	PRGR	1260
19	PRGR	BaggingClassifier_XGBClassifier	mono	0.8502398531148992	0.8254313139152666	0.866812142279389	0.8502398531148992	0.8254313139152666	0.866812142279389	0.8648187234588671	0.8673209086633682	0.8626877007285871	0.013158325245342046	0.8615246073776479	0.8599646904108625	0.8574694006238106	0.022840556944882868	0.9659741104106198	0.9608130219501205	0.9706666145415925	0.02381261938344286	0.07193417101775648	0.05977217684822327	0.1631329405968108	0.07193417101775648	0.05977217684822327	0.1631329405968108	0.15980674112151927	0.16496368755437948	0.16738080201103536	0.01266655793629348	0.08494507375920209	0.0848720003614166	0.07212926916178089	0.024084328510611326	0.39250738268482055	0.38610807745799913	0.4277213455799514	0.11077053609525468	0.8254313139152666	0.866812142279389	0.05977217684822327	0.1631329405968108	25	PRGR	1260
9	PRGR	Single best di PWM	di	0.0	0.0	0.0	0.850315965723264	0.8234912002373995	0.8361914772522159	0.8361914772522159	0.8361914772522159	0.8361914772522159	0.009852395518148871	0.8234912002373995	0.8234912002373995	0.8234912002373995	0.014288894702525683	0.850315965723264	0.850315965723264	0.850315965723264	0.022940818938985363	0.0	0.0	0.0	0.06789188740068446	0.07102751364289084	0.12265454529530632	0.12265454529530632	0.12265454529530632	0.12265454529530632	0.01606756552771869	0.07102751364289084	0.07102751364289084	0.07102751364289084	0.014036461993106531	0.06789188740068446	0.06789188740068446	0.06789188740068446	0.07867149953688436	0.8234912002373995	0.8361914772522159	0.07102751364289084	0.12265454529530632	25	PRGR	1260
9	PRGR	BaggingClassifier_XGBClassifier	di	0.850315965723264	0.8234912002373995	0.8361914772522159	0.850315965723264	0.8234912002373995	0.8361914772522159	0.8769278243500083	0.8765663453200145	0.8829149024301934	0.009852395518148871	0.8540438390248357	0.8504482226175378	0.8562105344216848	0.014288894702525683	0.9556538244591138	0.9521434961559182	0.9578220189344331	0.022940818938985363	0.06789188740068446	0.07102751364289084	0.12265454529530632	0.06789188740068446	0.07102751364289084	0.12265454529530632	0.16746022966620983	0.16316928208243095	0.1601805088721997	0.01606756552771869	0.06709909935067514	0.063100009953508	0.05793055468734722	0.014036461993106531	0.3239912262995272	0.3175982304028939	0.3335373578061358	0.07867149953688436	0.8234912002373995	0.8361914772522159	0.07102751364289084	0.12265454529530632	25	PRGR	1260
19	PRGR	BaggingClassifier_XGBClassifier	mono+di	0.0	0.8254313139152666	0.8361914772522159	0.0	0.8254313139152666	0.866812142279389	0.8688543936331967	0.8699693620118348	0.8708890246988998	0.012050215490460682	0.8751118517165815	0.8700592894278854	0.8709787296332578	0.02185173960196147	0.9738072732751133	0.9707429417423681	0.9783042410263427	0.02142873719911265	0.0	0.07102751364289084	0.1631329405968108	0.0	0.07102751364289084	0.1631329405968108	0.16281701794736186	0.16431072480001196	0.15520855425857513	0.015010415777843025	0.08013779436266705	0.09559881105807645	0.09960032921864237	0.027171744379206674	0.43889680900740685	0.43866510692274924	0.46951115293764434	0.12012358138832936	0.8254313139152666	0.866812142279389	0.07102751364289084	0.1631329405968108	25	PRGR	1260
19	PRGR	Single best mono PWM	mono	0.8502398531148992	0.8254313139152666	0.7071436574325767	0.0	0.0	0.0	0.7071436574325767	0.7071436574325767	0.7071436574325767	0.014701696868302711	0.8254313139152666	0.8254313139152666	0.8254313139152666	0.02195021532322373	0.8502398531148992	0.8502398531148992	0.8502398531148992	0.008155887602708559	0.07193417101775648	0.05977217684822327	0.02882746794290003	0.0	0.0	0.0	0.02882746794290003	0.02882746794290003	0.02882746794290003	0.0049748807280172985	0.05977217684822327	0.05977217684822327	0.05977217684822327	0.027728121866467958	0.07193417101775648	0.07193417101775648	0.07193417101775648	0.014489629779322258	0.8254313139152666	0.7071436574325767	0.05977217684822327	0.02882746794290003	25	PRGR	1260
19	PRGR	BaggingClassifier_LogisticRegression	mono	0.8502398531148992	0.8254313139152666	0.7071436574325767	0.8502398531148992	0.8254313139152666	0.7071436574325767	0.7246595170286532	0.7479499169839011	0.7504200120702498	0.014701696868302711	0.8625180332359387	0.8625641372284034	0.8540069137137003	0.02195021532322373	0.890909646063074	0.8913465911534094	0.8889898812199873	0.008155887602708559	0.07193417101775648	0.05977217684822327	0.02882746794290003	0.07193417101775648	0.05977217684822327	0.02882746794290003	0.04207434542486574	0.05417159378272901	0.054151616576388235	0.0049748807280172985	0.08875662411176806	0.09371673950303101	0.0935415274520153	0.027728121866467958	0.10089352538208173	0.10269767953153539	0.0972901619065435	0.014489629779322258	0.8254313139152666	0.7071436574325767	0.05977217684822327	0.02882746794290003	25	PRGR	1260
9	PRGR	Single best di PWM	di	0.0	0.0	0.0	0.850315965723264	0.8234912002373995	0.8361914772522159	0.8361914772522159	0.8361914772522159	0.8361914772522159	0.010474963403936844	0.8234912002373995	0.8234912002373995	0.8234912002373995	0.01768148146130718	0.850315965723264	0.850315965723264	0.850315965723264	0.005437740561710914	0.0	0.0	0.0	0.06789188740068446	0.07102751364289084	0.12265454529530632	0.12265454529530632	0.12265454529530632	0.12265454529530632	0.011073548289885314	0.07102751364289084	0.07102751364289084	0.07102751364289084	0.020085008099802713	0.06789188740068446	0.06789188740068446	0.06789188740068446	0.01077342266295751	0.8234912002373995	0.8361914772522159	0.07102751364289084	0.12265454529530632	25	PRGR	1260
9	PRGR	BaggingClassifier_LogisticRegression	di	0.850315965723264	0.8234912002373995	0.8361914772522159	0.850315965723264	0.8234912002373995	0.8361914772522159	0.8813430162939961	0.8812256429146227	0.887354918160755	0.010474963403936844	0.8606178665997078	0.8611209762123624	0.8712954610459616	0.01768148146130718	0.8869283443140796	0.8873529255320053	0.8883707634572533	0.005437740561710914	0.06789188740068446	0.07102751364289084	0.12265454529530632	0.06789188740068446	0.07102751364289084	0.12265454529530632	0.18215412215321525	0.1839406032963326	0.180512287730557	0.011073548289885314	0.07066769406418864	0.07826275796910116	0.07586138824806246	0.020085008099802713	0.09007993021411295	0.09229258153455923	0.08955280310893723	0.01077342266295751	0.8234912002373995	0.8361914772522159	0.07102751364289084	0.12265454529530632	25	PRGR	1260
19	PRGR	BaggingClassifier_LogisticRegression	mono+di	0.0	0.8254313139152666	0.8361914772522159	0.0	0.8254313139152666	0.8361914772522159	0.8514038317718449	0.8613773998949312	0.8658605140497242	0.020268723731778092	0.867729638422206	0.8682384205038647	0.8674514970329583	0.01955615614862152	0.8998432205260439	0.9007492676963442	0.8987846713188294	0.006435622084724463	0.0	0.07102751364289084	0.12265454529530632	0.0	0.07102751364289084	0.12265454529530632	0.1351946807755414	0.15121549110989885	0.14696345654088694	0.015623635424417377	0.08379458401952283	0.09491439399501944	0.09161583595250869	0.022428250917993407	0.10993815694562538	0.11165167376193241	0.10633058691177705	0.01398822511918653	0.8254313139152666	0.8361914772522159	0.07102751364289084	0.12265454529530632	25	PRGR	1260
70	REST	Single best mono PWM	mono	0.9712898300020373	0.9780809275327595	0.928915534711635	0.0	0.0	0.0	0.928915534711635	0.928915534711635	0.928915534711635	0.002721725317614059	0.9780809275327595	0.9780809275327595	0.9780809275327595	0.0015847030675204918	0.9712898300020373	0.9712898300020373	0.9712898300020373	0.00069548270278838	0.8714039823057567	0.9309415356973774	0.755519902705424	0.0	0.0	0.0	0.755519902705424	0.755519902705424	0.755519902705424	0.01241371281118165	0.9309415356973774	0.9309415356973774	0.9309415356973774	0.002535495079914868	0.8714039823057567	0.8714039823057567	0.8714039823057567	0.004228186135611239	0.9780809275327595	0.928915534711635	0.9309415356973774	0.755519902705424	26	REST	10000
70	REST	RandomForestClassifier	mono	0.9712898300020373	0.9780809275327595	0.928915534711635	0.9712898300020373	0.9780809275327595	0.928915534711635	0.9563888806256894	0.9568144709586607	0.9567303131259225	0.002721725317614059	0.991081265012979	0.9912654839798306	0.9909869621761035	0.0015847030675204918	0.9889831699753265	0.9885049581205269	0.9887006580643459	0.00069548270278838	0.8714039823057567	0.9309415356973774	0.755519902705424	0.8714039823057567	0.9309415356973774	0.755519902705424	0.8144732603873438	0.8144152618481052	0.8136956910316042	0.01241371281118165	0.9759869398717841	0.975602042146111	0.975055634007923	0.002535495079914868	0.9526606200850819	0.9509633781415797	0.951417520289169	0.004228186135611239	0.9780809275327595	0.928915534711635	0.9309415356973774	0.755519902705424	26	REST	10000
36	REST	Single best di PWM	di	0.0	0.0	0.0	0.9735932716119248	0.98392020847242	0.950000837578552	0.950000837578552	0.950000837578552	0.950000837578552	0.002345159115842335	0.98392020847242	0.98392020847242	0.98392020847242	0.0009653265675335981	0.9735932716119248	0.9735932716119248	0.9735932716119248	0.0009112447659271039	0.0	0.0	0.0	0.871524732266162	0.9463669558285859	0.7856856776655275	0.7856856776655275	0.7856856776655275	0.7856856776655275	0.009353038951836014	0.9463669558285859	0.9463669558285859	0.9463669558285859	0.003129618943030806	0.871524732266162	0.871524732266162	0.871524732266162	0.0024687690152392153	0.98392020847242	0.950000837578552	0.9463669558285859	0.7856856776655275	26	REST	10000
36	REST	RandomForestClassifier	di	0.9735932716119248	0.98392020847242	0.950000837578552	0.9735932716119248	0.98392020847242	0.950000837578552	0.9632841365163177	0.9629624748675948	0.9633354155058114	0.002345159115842335	0.9918359403021413	0.9915866289157373	0.9913167145703785	0.0009653265675335981	0.9891077040088734	0.9888621313373723	0.9887529421529347	0.0009112447659271039	0.871524732266162	0.9463669558285859	0.7856856776655275	0.871524732266162	0.9463669558285859	0.7856856776655275	0.8341292389557681	0.8348673692866146	0.83436693852419	0.009353038951836014	0.9741876059639532	0.972741108638887	0.9735855395102048	0.003129618943030806	0.9539388353005821	0.9523926731906521	0.9521269962188271	0.0024687690152392153	0.98392020847242	0.950000837578552	0.9463669558285859	0.7856856776655275	26	REST	10000
70	REST	RandomForestClassifier	mono+di	0.0	0.98392020847242	0.950000837578552	0.0	0.98392020847242	0.950000837578552	0.9610402649698186	0.960006753613353	0.9610476003949504	0.0029740013215319616	0.9939372283640574	0.9938142540060065	0.9938091704354641	0.0012390732983334912	0.991286997985377	0.9909378685577427	0.9904854557890341	0.001042691296541922	0.0	0.9463669558285859	0.7856856776655275	0.0	0.9463669558285859	0.7856856776655275	0.8220207724344746	0.8212601768836528	0.8216787536788203	0.008315670511270492	0.9820627754226505	0.982403640742305	0.9834021729566224	0.001904798310928786	0.9629392387550731	0.9646942369755346	0.9639927980303528	0.003028826948464954	0.98392020847242	0.950000837578552	0.9463669558285859	0.7856856776655275	26	REST	10000
70	REST	Single best mono PWM	mono	0.9712898300020373	0.9780809275327595	0.9332342545767796	0.0	0.0	0.0	0.9332342545767796	0.9332342545767796	0.9332342545767796	0.0026823861886423636	0.9780809275327595	0.9780809275327595	0.9780809275327595	0.00132124289914671	0.9712898300020373	0.9712898300020373	0.9712898300020373	0.0009419549539167901	0.8714039823057567	0.9309415356973774	0.758586591209871	0.0	0.0	0.0	0.758586591209871	0.758586591209871	0.758586591209871	0.010875003154520321	0.9309415356973774	0.9309415356973774	0.9309415356973774	0.0031315823908692783	0.8714039823057567	0.8714039823057567	0.8714039823057567	0.007972917698221582	0.9780809275327595	0.9332342545767796	0.9309415356973774	0.758586591209871	26	REST	10000
70	REST	LogisticRegression	mono	0.9712898300020373	0.9780809275327595	0.9332342545767796	0.9712898300020373	0.9780809275327595	0.9332342545767796	0.945124480038176	0.944369923601779	0.9431767414468554	0.0026823861886423636	0.9933283876606593	0.9933367018241137	0.9929142578203264	0.00132124289914671	0.9899236537112073	0.9899258387969418	0.9899377814824234	0.0009419549539167901	0.8714039823057567	0.9309415356973774	0.758586591209871	0.8714039823057567	0.9309415356973774	0.758586591209871	0.7808832556678958	0.7801775703613053	0.7798010596055404	0.010875003154520321	0.9774967929995281	0.9775711109178113	0.9788379342409036	0.0031315823908692783	0.9398377186656551	0.9399171811752457	0.9427782422288103	0.007972917698221582	0.9780809275327595	0.9332342545767796	0.9309415356973774	0.758586591209871	26	REST	10000
36	REST	Single best di PWM	di	0.0	0.0	0.0	0.9735932716119248	0.98392020847242	0.950000837578552	0.950000837578552	0.950000837578552	0.950000837578552	0.0022786486655906775	0.98392020847242	0.98392020847242	0.98392020847242	0.0012160079636500108	0.9735932716119248	0.9735932716119248	0.9735932716119248	0.0010395442486352236	0.0	0.0	0.0	0.871524732266162	0.9463669558285859	0.7856856776655275	0.7856856776655275	0.7856856776655275	0.7856856776655275	0.012692094180162691	0.9463669558285859	0.9463669558285859	0.9463669558285859	0.0028852979627779812	0.871524732266162	0.871524732266162	0.871524732266162	0.008272424072118326	0.98392020847242	0.950000837578552	0.9463669558285859	0.7856856776655275	26	REST	10000
36	REST	LogisticRegression	di	0.9735932716119248	0.98392020847242	0.950000837578552	0.9735932716119248	0.98392020847242	0.950000837578552	0.965794379733264	0.9658057970191715	0.9653258213243588	0.0022786486655906775	0.9932553194926235	0.9932432426772744	0.9938411491062222	0.0012160079636500108	0.9885477126106346	0.9886001171781957	0.988864247965071	0.0010395442486352236	0.871524732266162	0.9463669558285859	0.7856856776655275	0.871524732266162	0.9463669558285859	0.7856856776655275	0.8340675110443914	0.8339983109826673	0.8293061240297225	0.012692094180162691	0.9756833868649458	0.9756665940975837	0.975688118407843	0.0028852979627779812	0.9287049329709368	0.9287456326560136	0.9312904401632591	0.008272424072118326	0.98392020847242	0.950000837578552	0.9463669558285859	0.7856856776655275	26	REST	10000
70	REST	LogisticRegression	mono+di	0.0	0.98392020847242	0.950000837578552	0.0	0.98392020847242	0.950000837578552	0.9481671175274854	0.948228795221154	0.9477166871195852	0.0029929389545423728	0.9956748426447584	0.9956783665909036	0.9952512303786033	0.0011949473755309959	0.9921265289630352	0.9921526565939829	0.9922059176891205	0.0012873139984286815	0.0	0.9463669558285859	0.7856856776655275	0.0	0.9463669558285859	0.7856856776655275	0.7821043117280377	0.7825462778372753	0.7831762414411717	0.012554403829383325	0.9858821212079588	0.9858987951883603	0.9863324811045681	0.0021953062150599843	0.9524930656692899	0.9526515541318288	0.9536517453571843	0.007669855830161414	0.98392020847242	0.950000837578552	0.9463669558285859	0.7856856776655275	26	REST	10000
70	REST	Single best mono PWM	mono	0.9712898300020372	0.9780809275327595	0.9258831127059086	0.0	0.0	0.0	0.9258831127059086	0.9258831127059086	0.9258831127059086	0.0144360119033113	0.9780809275327595	0.9780809275327595	0.9780809275327595	0.0016522023637139	0.9712898300020372	0.9712898300020372	0.9712898300020372	0.0020853784861129	0.8714039823057567	0.9309415356973774	0.7548630377225607	0.0	0.0	0.0	0.7548630377225607	0.7548630377225607	0.7548630377225607	0.010356086697721	0.9309415356973774	0.9309415356973774	0.9309415356973774	0.0019525902571529	0.8714039823057567	0.8714039823057567	0.8714039823057567	0.0045954531210159	0.9780809275327595	0.9258831127059086	0.9309415356973774	0.7548630377225607	26	REST	10000
70	REST	XGBClassifier	mono	0.9712898300020372	0.9780809275327595	0.9258831127059086	0.9712898300020372	0.9780809275327595	0.9258831127059086	0.9351958063746452	0.9176788682358784	0.921809176955386	0.0144360119033113	0.9933585225571236	0.9937862809134306	0.9933325892823016	0.0016522023637139	0.9979881182515792	0.9974225273064508	0.9979015453432204	0.0020853784861129	0.8714039823057567	0.9309415356973774	0.7548630377225607	0.8714039823057567	0.9309415356973774	0.7548630377225607	0.7377832667189762	0.73045614641655	0.7377118742937622	0.010356086697721	0.9831078823955136	0.9829835744610954	0.9831246144876724	0.0019525902571529	0.9878521888166452	0.9863169549776626	0.9872896741268168	0.0045954531210159	0.9780809275327595	0.9258831127059086	0.9309415356973774	0.7548630377225607	26	REST	10000
36	REST	Single best di PWM	di	0.0	0.0	0.0	0.9735932716119248	0.98392020847242	0.950000837578552	0.950000837578552	0.950000837578552	0.950000837578552	0.0022369251295687	0.98392020847242	0.98392020847242	0.98392020847242	0.0012306713645931	0.9735932716119248	0.9735932716119248	0.9735932716119248	0.0017886287718996	0.0	0.0	0.0	0.871524732266162	0.946366955828586	0.7856856776655275	0.7856856776655275	0.7856856776655275	0.7856856776655275	0.0112614242343466	0.946366955828586	0.946366955828586	0.946366955828586	0.0024099557142745	0.871524732266162	0.871524732266162	0.871524732266162	0.0046893192707867	0.98392020847242	0.950000837578552	0.946366955828586	0.7856856776655275	26	REST	10000
36	REST	XGBClassifier	di	0.9735932716119248	0.98392020847242	0.950000837578552	0.9735932716119248	0.98392020847242	0.950000837578552	0.967995188493908	0.9697249694358978	0.97086405327591	0.0022369251295687	0.9928021514755296	0.9921074236022592	0.9917037692753244	0.0012306713645931	0.997063330692442	0.9967130373602592	0.9970258234810324	0.0017886287718996	0.871524732266162	0.946366955828586	0.7856856776655275	0.871524732266162	0.946366955828586	0.7856856776655275	0.8388043794207529	0.8410434818680599	0.8369399527517289	0.0112614242343466	0.9765263456784936	0.97515261602112	0.9760043580339218	0.0024099557142745	0.983312552844922	0.9823871431804572	0.983172407685756	0.0046893192707867	0.98392020847242	0.950000837578552	0.946366955828586	0.7856856776655275	26	REST	10000
70	REST	XGBClassifier	mono+di	0.0	0.98392020847242	0.950000837578552	0.0	0.98392020847242	0.950000837578552	0.9436391533112706	0.9376870267807796	0.93395718914857	0.0126071633150941	0.994384457251332	0.9951299200123984	0.9953072483087192	0.0012804802655617	0.9987723804242028	0.9980431413434534	0.9985874115134884	0.0020238785636024	0.0	0.9463669558285859	0.7856856776655275	0.0	0.946366955828586	0.7856856776655275	0.7856520811838782	0.774728879052242	0.7673707516683923	0.0232976533066352	0.98697908858795	0.987147129892272	0.9874910568513404	0.0020932210641823	0.9906171701843852	0.9896315874087948	0.9912275823778668	0.0039551761371945	0.98392020847242	0.950000837578552	0.946366955828586	0.7856856776655275	26	REST	10000
70	REST	Single best mono PWM	mono	0.9712898300020373	0.9780809275327595	0.926797067235588	0.0	0.0	0.0	0.926797067235588	0.926797067235588	0.926797067235588	0.009283109812324133	0.9780809275327595	0.9780809275327595	0.9780809275327595	0.0015466786417004104	0.9712898300020373	0.9712898300020373	0.9712898300020373	0.0023690796488801107	0.8714039823057567	0.9309415356973774	0.7586094431548585	0.0	0.0	0.0	0.7586094431548585	0.7586094431548585	0.7586094431548585	0.014299271411839488	0.9309415356973774	0.9309415356973774	0.9309415356973774	0.002062957566923009	0.8714039823057567	0.8714039823057567	0.8714039823057567	0.004291877177449313	0.9780809275327595	0.926797067235588	0.9309415356973774	0.7586094431548585	26	REST	10000
70	REST	BaggingClassifier_XGBClassifier	mono	0.9712898300020373	0.9780809275327595	0.926797067235588	0.9712898300020373	0.9780809275327595	0.926797067235588	0.9293872363006482	0.8866597636323202	0.8858742847841063	0.009283109812324133	0.9944787980728133	0.9943731482250264	0.9934513316729783	0.0015466786417004104	0.9989312748715395	0.9982672785414772	0.9990926429199474	0.0023690796488801107	0.8714039823057567	0.9309415356973774	0.7586094431548585	0.8714039823057567	0.9309415356973774	0.7586094431548585	0.7424631714165963	0.7233741218408423	0.7224450507503523	0.014299271411839488	0.9850911733687175	0.9851044150942172	0.984990886546406	0.002062957566923009	0.9909664143160084	0.9901976038984915	0.9916584856235864	0.004291877177449313	0.9780809275327595	0.926797067235588	0.9309415356973774	0.7586094431548585	26	REST	10000
36	REST	Single best di PWM	di	0.0	0.0	0.0	0.9735932716119248	0.98392020847242	0.950000837578552	0.950000837578552	0.950000837578552	0.950000837578552	0.002115298388173571	0.98392020847242	0.98392020847242	0.98392020847242	0.0011013252040060907	0.9735932716119248	0.9735932716119248	0.9735932716119248	0.0021119754221963745	0.0	0.0	0.0	0.871524732266162	0.9463669558285859	0.7856856776655275	0.7856856776655275	0.7856856776655275	0.7856856776655275	0.010924769063888076	0.9463669558285859	0.9463669558285859	0.9463669558285859	0.002919105295812538	0.871524732266162	0.871524732266162	0.871524732266162	0.004520788431003366	0.98392020847242	0.950000837578552	0.9463669558285859	0.7856856776655275	26	REST	10000
36	REST	BaggingClassifier_XGBClassifier	di	0.9735932716119248	0.98392020847242	0.950000837578552	0.9735932716119248	0.98392020847242	0.950000837578552	0.97073316244004	0.970369995420136	0.971359829965433	0.002115298388173571	0.9927399864528382	0.9928284640580319	0.9926316441355293	0.0011013252040060907	0.9986413513819409	0.9980944473838743	0.9988853884130107	0.0021119754221963745	0.871524732266162	0.9463669558285859	0.7856856776655275	0.871524732266162	0.9463669558285859	0.7856856776655275	0.8500310775365675	0.8486566834235738	0.8451613782371877	0.010924769063888076	0.9772740672997102	0.9766428424954469	0.9765341683004838	0.002919105295812538	0.987393073349288	0.9859827814331175	0.9873505852834275	0.004520788431003366	0.98392020847242	0.950000837578552	0.9463669558285859	0.7856856776655275	26	REST	10000
70	REST	BaggingClassifier_XGBClassifier	mono+di	0.0	0.98392020847242	0.950000837578552	0.0	0.98392020847242	0.950000837578552	0.9615389821081074	0.9533559425423752	0.9557983533528808	0.006698729045804651	0.9956557967004781	0.9955734505258657	0.9954208692332011	0.001314443079433957	0.9995072166511986	0.9986180656271035	0.9994980827570774	0.0023536413302228587	0.0	0.9463669558285859	0.7856856776655275	0.0	0.9463669558285859	0.7856856776655275	0.821857227893171	0.8100307502433184	0.8067010918330263	0.011959917206828851	0.9886992795391184	0.9885215453257958	0.9886725095101132	0.0015041190160850059	0.9942098849215799	0.993100684519696	0.9945141311376873	0.004250685338361583	0.98392020847242	0.950000837578552	0.9463669558285859	0.7856856776655275	26	REST	10000
70	REST	Single best mono PWM	mono	0.9712898300020373	0.9780809275327595	0.9299831519044609	0.0	0.0	0.0	0.9299831519044609	0.9299831519044609	0.9299831519044609	0.0018713669403080178	0.9780809275327595	0.9780809275327595	0.9780809275327595	0.0013365207353510976	0.9712898300020373	0.9712898300020373	0.9712898300020373	0.0009532241298565823	0.8714039823057567	0.9309415356973774	0.752238700825258	0.0	0.0	0.0	0.752238700825258	0.752238700825258	0.752238700825258	0.012189704094963356	0.9309415356973774	0.9309415356973774	0.9309415356973774	0.0031129251267185895	0.8714039823057567	0.8714039823057567	0.8714039823057567	0.007870675194305453	0.9780809275327595	0.9299831519044609	0.9309415356973774	0.752238700825258	26	REST	10000
70	REST	BaggingClassifier_LogisticRegression	mono	0.9712898300020373	0.9780809275327595	0.9299831519044609	0.9712898300020373	0.9780809275327595	0.9299831519044609	0.9359207210054661	0.9361456378963274	0.935979197130627	0.0018713669403080178	0.9932485769340301	0.9933214240708326	0.9929281735753656	0.0013365207353510976	0.9899407902302104	0.9899519237346632	0.9899704708376774	0.0009532241298565823	0.8714039823057567	0.9309415356973774	0.752238700825258	0.8714039823057567	0.9309415356973774	0.752238700825258	0.7592716244122243	0.7595369966512672	0.7586133703457169	0.012189704094963356	0.9773319342634006	0.9775565261671121	0.9786474378419625	0.0031129251267185895	0.9397188400116747	0.9400384859924605	0.9428754587976073	0.007870675194305453	0.9780809275327595	0.9299831519044609	0.9309415356973774	0.752238700825258	26	REST	10000
36	REST	Single best di PWM	di	0.0	0.0	0.0	0.9735932716119248	0.98392020847242	0.950000837578552	0.950000837578552	0.950000837578552	0.950000837578552	0.0022914191641920656	0.98392020847242	0.98392020847242	0.98392020847242	0.0012166609815430504	0.9735932716119248	0.9735932716119248	0.9735932716119248	0.0010408392779945866	0.0	0.0	0.0	0.871524732266162	0.9463669558285859	0.7856856776655275	0.7856856776655275	0.7856856776655275	0.7856856776655275	0.012768435200802895	0.9463669558285859	0.9463669558285859	0.9463669558285859	0.0028758677353401562	0.871524732266162	0.871524732266162	0.871524732266162	0.008173426672424657	0.98392020847242	0.950000837578552	0.9463669558285859	0.7856856776655275	26	REST	10000
36	REST	BaggingClassifier_LogisticRegression	di	0.9735932716119248	0.98392020847242	0.950000837578552	0.9735932716119248	0.98392020847242	0.950000837578552	0.9658882077430311	0.9658631950594307	0.9654136935354256	0.0022914191641920656	0.9932429581352025	0.9932620157711816	0.9938793992182405	0.0012166609815430504	0.9885827136292642	0.9885835638672573	0.9888686420535573	0.0010408392779945866	0.871524732266162	0.9463669558285859	0.7856856776655275	0.871524732266162	0.9463669558285859	0.7856856776655275	0.8341850331320214	0.8341294538225295	0.8295853801298042	0.012768435200802895	0.9756048913482545	0.9757272180520457	0.9757026576845333	0.0028758677353401562	0.9287502584682948	0.9288069570722808	0.9314544468104724	0.008173426672424657	0.98392020847242	0.950000837578552	0.9463669558285859	0.7856856776655275	26	REST	10000
70	REST	BaggingClassifier_LogisticRegression	mono+di	0.0	0.98392020847242	0.950000837578552	0.0	0.98392020847242	0.950000837578552	0.9600179771068058	0.9599738157906855	0.9606338566088843	0.0030601120782980033	0.9956211667649517	0.9956700087012693	0.9952762204517884	0.0012092194296462132	0.9921565400547798	0.9921731761752612	0.9922210644681734	0.001296468309142605	0.0	0.9463669558285859	0.7856856776655275	0.0	0.9463669558285859	0.7856856776655275	0.8054390869274167	0.8051212944980314	0.8010842105646596	0.01309040943166486	0.9856834752833143	0.9858725390178497	0.9863291674290365	0.002150479113755401	0.9524907222483889	0.9527923819970793	0.9538284786677802	0.007544305626459605	0.98392020847242	0.950000837578552	0.9463669558285859	0.7856856776655275	26	REST	10000
39	RUNX1	Single best mono PWM	mono	0.8652312176278943	0.8704972544023477	0.7796272856136749	0.0	0.0	0.0	0.7796272856136749	0.7796272856136749	0.7796272856136749	0.006323668148916679	0.8704972544023477	0.8704972544023477	0.8704972544023477	0.007147774304888021	0.8652312176278943	0.8652312176278943	0.8652312176278943	0.0030359456068452862	0.21927707644286842	0.16926127464520174	0.10995871510200253	0.0	0.0	0.0	0.10995871510200253	0.10995871510200253	0.10995871510200253	0.0038003624836340493	0.16926127464520174	0.16926127464520174	0.16926127464520174	0.008531464243300743	0.21927707644286842	0.21927707644286842	0.21927707644286842	0.01018628129748705	0.8704972544023477	0.7796272856136749	0.16926127464520174	0.10995871510200253	27	RUNX1	10000
39	RUNX1	RandomForestClassifier	mono	0.8652312176278943	0.8704972544023477	0.7796272856136749	0.8652312176278943	0.8704972544023477	0.7796272856136749	0.7984255458137369	0.7998958595068641	0.7992227828442067	0.006323668148916679	0.886496175800407	0.8857259213152375	0.8867350344581191	0.007147774304888021	0.8937273338486666	0.8936300895250395	0.8928579884767947	0.0030359456068452862	0.21927707644286842	0.16926127464520174	0.10995871510200253	0.21927707644286842	0.16926127464520174	0.10995871510200253	0.10921367979241778	0.11105778969337037	0.1108413821408914	0.0038003624836340493	0.1988698254254497	0.2017869607892498	0.1974921265579706	0.008531464243300743	0.31660270957249054	0.3156451929790204	0.31880084583153373	0.01018628129748705	0.8704972544023477	0.7796272856136749	0.16926127464520174	0.10995871510200253	27	RUNX1	10000
20	RUNX1	Single best di PWM	di	0.0	0.0	0.0	0.8611605833311498	0.8615936463646421	0.7789691734607396	0.7789691734607396	0.7789691734607396	0.7789691734607396	0.006448960431686548	0.8615936463646421	0.8615936463646421	0.8615936463646421	0.0066248894313083945	0.8611605833311498	0.8611605833311498	0.8611605833311498	0.00325095082713096	0.0	0.0	0.0	0.218742711852493	0.16727179388289468	0.10255409340595036	0.10255409340595036	0.10255409340595036	0.10255409340595036	0.0036668071429211083	0.16727179388289468	0.16727179388289468	0.16727179388289468	0.012143653467194879	0.218742711852493	0.218742711852493	0.218742711852493	0.01375856202819861	0.8615936463646421	0.7789691734607396	0.16727179388289468	0.10255409340595036	27	RUNX1	10000
20	RUNX1	RandomForestClassifier	di	0.8611605833311498	0.8615936463646421	0.7789691734607396	0.8611605833311498	0.8615936463646421	0.7789691734607396	0.8199517733724068	0.819585744328803	0.8195688755249338	0.006448960431686548	0.8937938517961774	0.893417295221397	0.8969802136121322	0.0066248894313083945	0.8997164653372813	0.8998810228821142	0.8990725423074982	0.00325095082713096	0.218742711852493	0.16727179388289468	0.10255409340595036	0.218742711852493	0.16727179388289468	0.10255409340595036	0.12982927464995767	0.13000968829711862	0.1322310683673671	0.0036668071429211083	0.19773246289967145	0.19902993125917695	0.19413878657691921	0.012143653467194879	0.33224011279234983	0.3306477045305553	0.32976070565014604	0.01375856202819861	0.8615936463646421	0.7789691734607396	0.16727179388289468	0.10255409340595036	27	RUNX1	10000
39	RUNX1	RandomForestClassifier	mono+di	0.0	0.8704972544023477	0.7796272856136749	0.0	0.8704972544023477	0.7796272856136749	0.8131571082615131	0.813167441127332	0.8136690023087843	0.006598740876624901	0.8932102257376229	0.893691816072847	0.8965021248389917	0.0064998259552173955	0.9003479744778975	0.9000071692282182	0.8992288510750435	0.003267404841915723	0.0	0.16926127464520174	0.10995871510200253	0.0	0.16926127464520174	0.10995871510200253	0.12113857192459142	0.12159452023915497	0.12210100178538519	0.004122352275148091	0.2043530969261689	0.2018662229007169	0.2000187488498117	0.008426553766951459	0.3325289094781309	0.33521411173867327	0.3350055013726543	0.011841306225923769	0.8704972544023477	0.7796272856136749	0.16926127464520174	0.10995871510200253	27	RUNX1	10000
39	RUNX1	Single best mono PWM	mono	0.8652312176278943	0.8704972544023477	0.7633567702986607	0.0	0.0	0.0	0.7633567702986607	0.7633567702986607	0.7633567702986607	0.0037363484883446534	0.8704972544023477	0.8704972544023477	0.8704972544023477	0.003834742066610143	0.8652312176278943	0.8652312176278943	0.8652312176278943	0.002905410899753615	0.21927707644286842	0.16926127464520174	0.11037647573610096	0.0	0.0	0.0	0.11037647573610096	0.11037647573610096	0.11037647573610096	0.0006928697299819868	0.16926127464520174	0.16926127464520174	0.16926127464520174	0.010996551121007508	0.21927707644286842	0.21927707644286842	0.21927707644286842	0.009682550983527962	0.8704972544023477	0.7633567702986607	0.16926127464520174	0.11037647573610096	27	RUNX1	10000
39	RUNX1	LogisticRegression	mono	0.8652312176278943	0.8704972544023477	0.7633567702986607	0.8652312176278943	0.8704972544023477	0.7633567702986607	0.6935464193842958	0.6946684484362039	0.694131965418032	0.0037363484883446534	0.8887359832376159	0.8887393490637674	0.8889706617164579	0.003834742066610143	0.8853870640410869	0.8853244538677273	0.8866032809553267	0.002905410899753615	0.21927707644286842	0.16926127464520174	0.11037647573610096	0.21927707644286842	0.16926127464520174	0.11037647573610096	0.06419266829653113	0.06459055990835935	0.06425297851838567	0.0006928697299819868	0.19967711810691474	0.2017610257358226	0.19795173090594007	0.010996551121007508	0.26694598973568695	0.26733603618719276	0.26846321247687255	0.009682550983527962	0.8704972544023477	0.7633567702986607	0.16926127464520174	0.11037647573610096	27	RUNX1	10000
20	RUNX1	Single best di PWM	di	0.0	0.0	0.0	0.8611605833311498	0.8615936463646421	0.7789691734607396	0.7789691734607396	0.7789691734607396	0.7789691734607396	0.005181946662821294	0.8615936463646421	0.8615936463646421	0.8615936463646421	0.004751362227636734	0.8611605833311498	0.8611605833311498	0.8611605833311498	0.0024545113289531025	0.0	0.0	0.0	0.218742711852493	0.16727179388289468	0.10255409340595036	0.10255409340595036	0.10255409340595036	0.10255409340595036	0.0045653062430684585	0.16727179388289468	0.16727179388289468	0.16727179388289468	0.00786545655844303	0.218742711852493	0.218742711852493	0.218742711852493	0.0076635781428992765	0.8615936463646421	0.7789691734607396	0.16727179388289468	0.10255409340595036	27	RUNX1	10000
20	RUNX1	LogisticRegression	di	0.8611605833311498	0.8615936463646421	0.7789691734607396	0.8611605833311498	0.8615936463646421	0.7789691734607396	0.8264110917468427	0.8264282260618484	0.8255925398715397	0.005181946662821294	0.8963363357843902	0.8963351706547444	0.8957630037082092	0.004751362227636734	0.8879897221567137	0.887976805507199	0.8879142805414314	0.0024545113289531025	0.218742711852493	0.16727179388289468	0.10255409340595036	0.218742711852493	0.16727179388289468	0.10255409340595036	0.13410707014668058	0.13459867260033304	0.13628952218874335	0.0045653062430684585	0.1994712895846321	0.20030268946571764	0.19538555671842844	0.00786545655844303	0.26394872544966236	0.26377220167915333	0.26539378517746803	0.0076635781428992765	0.8615936463646421	0.7789691734607396	0.16727179388289468	0.10255409340595036	27	RUNX1	10000
39	RUNX1	LogisticRegression	mono+di	0.0	0.8704972544023477	0.7796272856136749	0.0	0.8704972544023477	0.7789691734607396	0.7897044593191205	0.7905479784420644	0.7910628827228163	0.008042217783183878	0.8998220757894944	0.8997435053447999	0.9012751384436024	0.004600115642642491	0.8931221575871918	0.8930298384986161	0.8942950387944606	0.002218402174495318	0.0	0.16926127464520174	0.11037647573610096	0.0	0.16926127464520174	0.11037647573610096	0.10236442765281405	0.10346434286650721	0.10614486586553813	0.006360219175691126	0.20674825608744105	0.2090373179312785	0.21103280468721783	0.009852240676090918	0.28834261775478015	0.28863231993732846	0.289895071039266	0.009969282787716154	0.8704972544023477	0.7789691734607396	0.16926127464520174	0.11037647573610096	27	RUNX1	10000
39	RUNX1	Single best mono PWM	mono	0.8652312176278943	0.8704972544023477	0.7963155195824481	0.0	0.0	0.0	0.7963155195824481	0.7963155195824481	0.7963155195824481	0.0117397694045657	0.8704972544023477	0.8704972544023477	0.8704972544023477	0.008671639608902	0.8652312176278943	0.8652312176278943	0.8652312176278943	0.0042076290330398	0.2192770764428684	0.1692612746452017	0.1103779568230649	0.0	0.0	0.0	0.1103779568230649	0.1103779568230649	0.1103779568230649	0.0069277073088174	0.1692612746452017	0.1692612746452017	0.1692612746452017	0.0099311212005919	0.2192770764428684	0.2192770764428684	0.2192770764428684	0.0174705749267048	0.8704972544023477	0.7963155195824481	0.1692612746452017	0.1103779568230649	27	RUNX1	10000
39	RUNX1	XGBClassifier	mono	0.8652312176278943	0.8704972544023477	0.7963155195824481	0.8652312176278943	0.8704972544023477	0.7963155195824481	0.7680458680497529	0.7648214294447863	0.7668415900623058	0.0117397694045657	0.8868012158122391	0.8873322530118136	0.8904390472071531	0.008671639608902	0.915126868956843	0.9152507190375674	0.9167487609484328	0.0042076290330398	0.2192770764428684	0.1692612746452017	0.1103779568230649	0.2192770764428684	0.1692612746452017	0.1103779568230649	0.0808491040148799	0.0833876041351744	0.0862861711481625	0.0069277073088174	0.1989215243112908	0.1998372352737386	0.1979322846653513	0.0099311212005919	0.356933402503899	0.3577683415069325	0.3604909780748448	0.0174705749267048	0.8704972544023477	0.7963155195824481	0.1692612746452017	0.1103779568230649	27	RUNX1	10000
20	RUNX1	Single best di PWM	di	0.0	0.0	0.0	0.8611605833311498	0.8615936463646421	0.7789691734607396	0.7789691734607396	0.7789691734607396	0.7789691734607396	0.0063182141331556	0.8615936463646421	0.8615936463646421	0.8615936463646421	0.0049765424784605	0.8611605833311498	0.8611605833311498	0.8611605833311498	0.0044761247429295	0.0	0.0	0.0	0.218742711852493	0.1672717938828946	0.1025540934059503	0.1025540934059503	0.1025540934059503	0.1025540934059503	0.0047455629547712	0.1672717938828946	0.1672717938828946	0.1672717938828946	0.0155089359192304	0.218742711852493	0.218742711852493	0.218742711852493	0.0208181307618834	0.8615936463646421	0.7789691734607396	0.1672717938828946	0.1025540934059503	27	RUNX1	10000
20	RUNX1	XGBClassifier	di	0.8611605833311498	0.8615936463646421	0.7789691734607396	0.8611605833311498	0.8615936463646421	0.7789691734607396	0.8242460208417887	0.8239309864347343	0.8234718852551152	0.0063182141331556	0.8965787260883749	0.8950350955899403	0.8938905637535774	0.0049765424784605	0.916995708102962	0.9165910152786158	0.917729399776258	0.0044761247429295	0.218742711852493	0.1672717938828946	0.1025540934059503	0.218742711852493	0.1672717938828946	0.1025540934059503	0.1335364943280963	0.1337902506579378	0.1326820796789576	0.0047455629547712	0.2019162260415411	0.1996212896125788	0.1965663144410378	0.0155089359192304	0.3917736047568826	0.3766533292777826	0.3749071489497702	0.0208181307618834	0.8615936463646421	0.7789691734607396	0.1672717938828946	0.1025540934059503	27	RUNX1	10000
39	RUNX1	XGBClassifier	mono+di	0.0	0.8704972544023477	0.7796272856136749	0.0	0.8704972544023477	0.7963155195824481	0.7959984059791821	0.7991635773514972	0.7980984992156416	0.006238367152246	0.897151240281857	0.8967004881884371	0.8957245841990955	0.0061222253948447	0.9231535558001206	0.9244303968021668	0.9256105150051388	0.0046589988256692	0.0	0.16926127464520174	0.1103779568230649	0.0	0.1692612746452017	0.1103779568230649	0.1010079173925973	0.0998283226311782	0.0990921875541309	0.0036370492028258	0.2004177248091534	0.1983869664087701	0.2011076631930518	0.0142351516640207	0.4013287690644534	0.4010839673592876	0.3990591052716787	0.0199099258270315	0.8704972544023477	0.7963155195824481	0.1692612746452017	0.1103779568230649	27	RUNX1	10000
39	RUNX1	Single best mono PWM	mono	0.8652312176278943	0.8704972544023477	0.7663716520042018	0.0	0.0	0.0	0.7663716520042018	0.7663716520042018	0.7663716520042018	0.007550714087909333	0.8704972544023477	0.8704972544023477	0.8704972544023477	0.006882073223001651	0.8652312176278943	0.8652312176278943	0.8652312176278943	0.0048494363294065415	0.21927707644286842	0.16926127464520174	0.10210610410012791	0.0	0.0	0.0	0.10210610410012791	0.10210610410012791	0.10210610410012791	0.004613364640514402	0.16926127464520174	0.16926127464520174	0.16926127464520174	0.011245803637609358	0.21927707644286842	0.21927707644286842	0.21927707644286842	0.018727025055799946	0.8704972544023477	0.7663716520042018	0.16926127464520174	0.10210610410012791	27	RUNX1	10000
39	RUNX1	BaggingClassifier_XGBClassifier	mono	0.8652312176278943	0.8704972544023477	0.7663716520042018	0.8652312176278943	0.8704972544023477	0.7663716520042018	0.7763626016126722	0.7777036417608247	0.7780503788325808	0.007550714087909333	0.8901803889282346	0.8903108584615737	0.8931003845394458	0.006882073223001651	0.923742119548603	0.9231734217916057	0.925481215040581	0.0048494363294065415	0.21927707644286842	0.16926127464520174	0.10210610410012791	0.21927707644286842	0.16926127464520174	0.10210610410012791	0.08732906487256342	0.08586705221117796	0.08669737415220596	0.004613364640514402	0.2024007069783033	0.20427463093199066	0.19637587037251303	0.011245803637609358	0.37188396431557624	0.3684559368458585	0.36898996072776835	0.018727025055799946	0.8704972544023477	0.7663716520042018	0.16926127464520174	0.10210610410012791	27	RUNX1	10000
20	RUNX1	Single best di PWM	di	0.0	0.0	0.0	0.8611605833311498	0.8615936463646421	0.7789691734607396	0.7789691734607396	0.7789691734607396	0.7789691734607396	0.006079321446994512	0.8615936463646421	0.8615936463646421	0.8615936463646421	0.005754992917235349	0.8611605833311498	0.8611605833311498	0.8611605833311498	0.004616846314128269	0.0	0.0	0.0	0.218742711852493	0.16727179388289468	0.10255409340595036	0.10255409340595036	0.10255409340595036	0.10255409340595036	0.00394241520891704	0.16727179388289468	0.16727179388289468	0.16727179388289468	0.010338447108127398	0.218742711852493	0.218742711852493	0.218742711852493	0.021099993520725294	0.8615936463646421	0.7789691734607396	0.16727179388289468	0.10255409340595036	27	RUNX1	10000
20	RUNX1	BaggingClassifier_XGBClassifier	di	0.8611605833311498	0.8615936463646421	0.7789691734607396	0.8611605833311498	0.8615936463646421	0.7789691734607396	0.8259682992336524	0.8258839567531849	0.8254011732809041	0.006079321446994512	0.8977374313552597	0.8977813214973184	0.8978678091006858	0.005754992917235349	0.9253324437282185	0.9245942393247449	0.9255178823180042	0.004616846314128269	0.218742711852493	0.16727179388289468	0.10255409340595036	0.218742711852493	0.16727179388289468	0.10255409340595036	0.13597362591490691	0.1370051746326864	0.1360331892048814	0.00394241520891704	0.2029800895204469	0.20232221431209618	0.20336944723446038	0.010338447108127398	0.3905834697084282	0.3894105468256524	0.38563201259658775	0.021099993520725294	0.8615936463646421	0.7789691734607396	0.16727179388289468	0.10255409340595036	27	RUNX1	10000
39	RUNX1	BaggingClassifier_XGBClassifier	mono+di	0.0	0.8704972544023477	0.7796272856136749	0.0	0.8704972544023477	0.7789691734607396	0.8042316109413422	0.8067488537390416	0.8059429090011245	0.00615811864971662	0.9006139215473052	0.9003057814878944	0.8982692199208355	0.0070503166493141025	0.9318267506048618	0.9311414495122833	0.9336182025768901	0.005268872252085575	0.0	0.16926127464520174	0.10255409340595036	0.0	0.16926127464520174	0.10255409340595036	0.10923089567562987	0.11174292056546198	0.10902083896098726	0.004732272843681402	0.2031110711149853	0.2068865776993806	0.20272609290449145	0.01248562662251818	0.41431260851934704	0.41012014915776923	0.40604031318306066	0.022280368462747214	0.8704972544023477	0.7789691734607396	0.16926127464520174	0.10255409340595036	27	RUNX1	10000
39	RUNX1	Single best mono PWM	mono	0.8652312176278943	0.8704972544023477	0.8036533764950939	0.0	0.0	0.0	0.8036533764950939	0.8036533764950939	0.8036533764950939	0.007397427390793453	0.8704972544023477	0.8704972544023477	0.8704972544023477	0.0038371293402371335	0.8652312176278943	0.8652312176278943	0.8652312176278943	0.002912093757098477	0.21927707644286842	0.16926127464520174	0.10210610410012791	0.0	0.0	0.0	0.10210610410012791	0.10210610410012791	0.10210610410012791	0.0027738204157766763	0.16926127464520174	0.16926127464520174	0.16926127464520174	0.010986849011133929	0.21927707644286842	0.21927707644286842	0.21927707644286842	0.009686534322416326	0.8704972544023477	0.8036533764950939	0.16926127464520174	0.10210610410012791	27	RUNX1	10000
39	RUNX1	BaggingClassifier_LogisticRegression	mono	0.8652312176278943	0.8704972544023477	0.8036533764950939	0.8652312176278943	0.8704972544023477	0.8036533764950939	0.7536964874244992	0.7628110532838501	0.766509354885653	0.007397427390793453	0.8885530009809922	0.8886996479301879	0.8888981857195652	0.0038371293402371335	0.8853568253281975	0.8853197539675719	0.8865464120962643	0.002912093757098477	0.21927707644286842	0.16926127464520174	0.10210610410012791	0.21927707644286842	0.16926127464520174	0.10210610410012791	0.08548038296345684	0.09105212273351479	0.09074032530623191	0.0027738204157766763	0.19956595839003605	0.20173098561801567	0.19819686618321997	0.010986849011133929	0.26708578372011677	0.2672920586397565	0.2678292036649279	0.009686534322416326	0.8704972544023477	0.8036533764950939	0.16926127464520174	0.10210610410012791	27	RUNX1	10000
20	RUNX1	Single best di PWM	di	0.0	0.0	0.0	0.8611605833311498	0.8615936463646421	0.7789691734607396	0.7789691734607396	0.7789691734607396	0.7789691734607396	0.005206303786805939	0.8615936463646421	0.8615936463646421	0.8615936463646421	0.004698333328658981	0.8611605833311498	0.8611605833311498	0.8611605833311498	0.0024617407377241795	0.0	0.0	0.0	0.218742711852493	0.16727179388289468	0.10255409340595036	0.10255409340595036	0.10255409340595036	0.10255409340595036	0.0046302141562347115	0.16727179388289468	0.16727179388289468	0.16727179388289468	0.007993773546076794	0.218742711852493	0.218742711852493	0.218742711852493	0.007555338427517046	0.8615936463646421	0.7789691734607396	0.16727179388289468	0.10255409340595036	27	RUNX1	10000
20	RUNX1	BaggingClassifier_LogisticRegression	di	0.8611605833311498	0.8615936463646421	0.7789691734607396	0.8611605833311498	0.8615936463646421	0.7789691734607396	0.8263615790698785	0.8264135522752623	0.8254649721851097	0.005206303786805939	0.8964224281443123	0.8963565566996177	0.8957644141205784	0.004698333328658981	0.8879692987972644	0.887954121262965	0.8878793990734943	0.0024617407377241795	0.218742711852493	0.16727179388289468	0.10255409340595036	0.218742711852493	0.16727179388289468	0.10255409340595036	0.1340647474590133	0.1347621621004921	0.1365604968272045	0.0046302141562347115	0.199476657076129	0.20035377496000897	0.19529628718487357	0.007993773546076794	0.26396798759382545	0.26390631664305736	0.26631281913460453	0.007555338427517046	0.8615936463646421	0.7789691734607396	0.16727179388289468	0.10255409340595036	27	RUNX1	10000
39	RUNX1	BaggingClassifier_LogisticRegression	mono+di	0.0	0.8704972544023477	0.7796272856136749	0.0	0.8704972544023477	0.8036533764950939	0.7917094566930074	0.7883525045499521	0.7876518648653503	0.005437614773658767	0.8997572329819543	0.8997759458716718	0.9014598866125741	0.004653506736636532	0.8931121090235743	0.8930051579714456	0.8942798604569154	0.0022613284408706854	0.0	0.16926127464520174	0.10255409340595036	0.0	0.16926127464520174	0.10255409340595036	0.10797321159673236	0.1046555261535717	0.10491747619221486	0.0026903921738408174	0.20658501386226907	0.2086501250264026	0.2112534786507979	0.01015468798382132	0.2882864826521093	0.28850475347305526	0.2891045553948829	0.010132898394475088	0.8704972544023477	0.8036533764950939	0.16926127464520174	0.10255409340595036	27	RUNX1	10000
9	RXRA	Single best mono PWM	mono	0.7527212937650866	0.7474783442899975	0.6086057245119623	0.0	0.0	0.0	0.6086057245119623	0.6086057245119623	0.6086057245119623	0.006065641617871575	0.7474783442899975	0.7474783442899975	0.7474783442899975	0.023923727844866127	0.7527212937650866	0.7527212937650866	0.7527212937650866	0.01170118347362734	0.11823805916489558	0.09186924044886331	0.11759384345207473	0.0	0.0	0.0	0.11759384345207473	0.11759384345207473	0.11759384345207473	0.00735652668010597	0.09186924044886331	0.09186924044886331	0.09186924044886331	0.025109289725493013	0.11823805916489558	0.11823805916489558	0.11823805916489558	0.01931036784299637	0.7474783442899975	0.6086057245119623	0.09186924044886331	0.11759384345207473	28	RXRA	3918
9	RXRA	RandomForestClassifier	mono	0.7527212937650866	0.7474783442899975	0.6086057245119623	0.7527212937650866	0.7474783442899975	0.6086057245119623	0.7777131693662434	0.7777506043802888	0.7762766555786749	0.006065641617871575	0.8273571258901483	0.8269293498519772	0.8259219607517047	0.023923727844866127	0.8475998201597107	0.8465777902198344	0.8496408005958804	0.01170118347362734	0.11823805916489558	0.09186924044886331	0.11759384345207473	0.11823805916489558	0.09186924044886331	0.11759384345207473	0.14174622654129637	0.14422189858866363	0.14359292577849186	0.00735652668010597	0.09399995990321118	0.10025277282206799	0.09175727324559714	0.025109289725493013	0.238395805076761	0.2353156004880079	0.24268329126244953	0.01931036784299637	0.7474783442899975	0.6086057245119623	0.09186924044886331	0.11759384345207473	28	RXRA	3918
4	RXRA	Single best di PWM	di	0.0	0.0	0.0	0.7456485041773521	0.7397240937555796	0.7049626182735345	0.7049626182735345	0.7049626182735345	0.7049626182735345	0.0036769443492149726	0.7397240937555796	0.7397240937555796	0.7397240937555796	0.020526147055130676	0.7456485041773521	0.7456485041773521	0.7456485041773521	0.01119002364227358	0.0	0.0	0.0	0.11726458679591122	0.08668013080099006	0.1170890213254567	0.1170890213254567	0.1170890213254567	0.1170890213254567	0.008110524636944805	0.08668013080099006	0.08668013080099006	0.08668013080099006	0.02470168236577226	0.11726458679591122	0.11726458679591122	0.11726458679591122	0.01938740760689595	0.7397240937555796	0.7049626182735345	0.08668013080099006	0.1170890213254567	28	RXRA	3918
4	RXRA	RandomForestClassifier	di	0.7456485041773521	0.7397240937555796	0.7049626182735345	0.7456485041773521	0.7397240937555796	0.7049626182735345	0.7805268490035135	0.780492534897716	0.7805198050229019	0.0036769443492149726	0.8009051748015471	0.7998750786893591	0.7994485905538001	0.020526147055130676	0.8167153336380929	0.8170610632777124	0.8193346246743989	0.01119002364227358	0.11726458679591122	0.08668013080099006	0.1170890213254567	0.11726458679591122	0.08668013080099006	0.1170890213254567	0.1473098691508098	0.14743714623106302	0.14804923734182213	0.008110524636944805	0.09068046606298752	0.0939092689504273	0.09990283059833618	0.02470168236577226	0.21343753839239973	0.21224772110531506	0.22067146506329022	0.01938740760689595	0.7397240937555796	0.7049626182735345	0.08668013080099006	0.1170890213254567	28	RXRA	3918
9	RXRA	RandomForestClassifier	mono+di	0.0	0.7474783442899975	0.7049626182735345	0.0	0.7474783442899975	0.7049626182735345	0.7780542629499497	0.7757931959823575	0.7765034014824894	0.005531672802141193	0.8265233415394582	0.8257024045897118	0.8237054091135873	0.024808033291960182	0.8474654200814133	0.8481662623999542	0.8508864305959574	0.011952995811367587	0.0	0.09186924044886331	0.11759384345207473	0.0	0.09186924044886331	0.11759384345207473	0.14644062218028747	0.14520076676046892	0.145934100019635	0.0062193411005971285	0.09898618091953404	0.1066538117220386	0.09970495205489378	0.027111317324226003	0.24282139607121447	0.2437402700127503	0.25019795381212984	0.021545751554820487	0.7474783442899975	0.7049626182735345	0.09186924044886331	0.11759384345207473	28	RXRA	3918
9	RXRA	Single best mono PWM	mono	0.7527212937650866	0.7474783442899975	0.7601749522532111	0.0	0.0	0.0	0.7601749522532111	0.7601749522532111	0.7601749522532111	0.006339626778731589	0.7474783442899975	0.7474783442899975	0.7474783442899975	0.0223835006150919	0.7527212937650866	0.7527212937650866	0.7527212937650866	0.00952657761691055	0.11823805916489558	0.09186924044886331	0.11759384345207473	0.0	0.0	0.0	0.11759384345207473	0.11759384345207473	0.11759384345207473	0.0072478069810567695	0.09186924044886331	0.09186924044886331	0.09186924044886331	0.03529266292797255	0.11823805916489558	0.11823805916489558	0.11823805916489558	0.0082785681792963	0.7474783442899975	0.7601749522532111	0.09186924044886331	0.11759384345207473	28	RXRA	3918
9	RXRA	LogisticRegression	mono	0.7527212937650866	0.7474783442899975	0.7601749522532111	0.7527212937650866	0.7474783442899975	0.7601749522532111	0.7747188885932557	0.7746710874776096	0.7763115010998564	0.006339626778731589	0.8214145834065986	0.821101627562449	0.8211131090969566	0.0223835006150919	0.8227445837412303	0.8228234235218619	0.8230266548406776	0.00952657761691055	0.11823805916489558	0.09186924044886331	0.11759384345207473	0.11823805916489558	0.09186924044886331	0.11759384345207473	0.14250553118586326	0.1431229486379588	0.1445897203542569	0.0072478069810567695	0.09282405935011255	0.09680905784311578	0.07620575498034902	0.03529266292797255	0.13543389957867105	0.1360335267483387	0.13969432661598805	0.0082785681792963	0.7474783442899975	0.7601749522532111	0.09186924044886331	0.11759384345207473	28	RXRA	3918
4	RXRA	Single best di PWM	di	0.0	0.0	0.0	0.7456485041773521	0.7397240937555796	0.7049626182735345	0.7049626182735345	0.7049626182735345	0.7049626182735345	0.00477583066629865	0.7397240937555796	0.7397240937555796	0.7397240937555796	0.016147192804053967	0.7456485041773521	0.7456485041773521	0.7456485041773521	0.009652539092139511	0.0	0.0	0.0	0.11726458679591122	0.08668013080099006	0.1170890213254567	0.1170890213254567	0.1170890213254567	0.1170890213254567	0.006608405144091564	0.08668013080099006	0.08668013080099006	0.08668013080099006	0.031193652236652568	0.11726458679591122	0.11726458679591122	0.11726458679591122	0.008397440273705991	0.7397240937555796	0.7049626182735345	0.08668013080099006	0.1170890213254567	28	RXRA	3918
4	RXRA	LogisticRegression	di	0.7456485041773521	0.7397240937555796	0.7049626182735345	0.7456485041773521	0.7397240937555796	0.7049626182735345	0.7782688594349113	0.7782374784476672	0.7798779156914999	0.00477583066629865	0.7986381963097533	0.7986122595637971	0.7994381964077831	0.016147192804053967	0.7971513676355452	0.7975053242771858	0.7958129261083613	0.009652539092139511	0.11726458679591122	0.08668013080099006	0.1170890213254567	0.11726458679591122	0.08668013080099006	0.1170890213254567	0.14200831302434422	0.1425886428700911	0.1441091839143767	0.006608405144091564	0.0797112749213171	0.08800489869554129	0.06878398019362753	0.031193652236652568	0.12567176604743815	0.12647122581786013	0.1258815692117502	0.008397440273705991	0.7397240937555796	0.7049626182735345	0.08668013080099006	0.1170890213254567	28	RXRA	3918
9	RXRA	LogisticRegression	mono+di	0.0	0.7474783442899975	0.7049626182735345	0.0	0.7474783442899975	0.7601749522532111	0.7629187632123748	0.762928712452043	0.7646141455432995	0.005505074100068645	0.8259530579696216	0.8256707295347162	0.8214374064526858	0.021717952944450464	0.825906564864864	0.8259651093202309	0.8255182181494685	0.009772067747198385	0.0	0.09186924044886331	0.11759384345207473	0.0	0.09186924044886331	0.11759384345207473	0.12984890590832376	0.13059546569941236	0.13172530553377887	0.00611539384526543	0.09715108431385411	0.10394891949635927	0.08094626014188513	0.03918900849557052	0.13890070233271049	0.13919802004430915	0.14108159168386444	0.008125392808429669	0.7474783442899975	0.7601749522532111	0.09186924044886331	0.11759384345207473	28	RXRA	3918
9	RXRA	Single best mono PWM	mono	0.7527212937650866	0.7474783442899975	0.6900977150792378	0.0	0.0	0.0	0.6900977150792378	0.6900977150792378	0.6900977150792378	0.0069405170373901	0.7474783442899975	0.7474783442899975	0.7474783442899975	0.0250265682442597	0.7527212937650866	0.7527212937650866	0.7527212937650866	0.0148509613042256	0.1182380591648955	0.0918692404488633	0.1175938434520747	0.0	0.0	0.0	0.1175938434520747	0.1175938434520747	0.1175938434520747	0.0092334605288095	0.0918692404488633	0.0918692404488633	0.0918692404488633	0.0196086931724467	0.1182380591648955	0.1182380591648955	0.1182380591648955	0.0258677750787206	0.7474783442899975	0.6900977150792378	0.0918692404488633	0.1175938434520747	28	RXRA	3918
9	RXRA	XGBClassifier	mono	0.7527212937650866	0.7474783442899975	0.6900977150792378	0.7527212937650866	0.7474783442899975	0.6900977150792378	0.7869952189427185	0.7826824879276789	0.7807419185138705	0.0069405170373901	0.8153047952656275	0.8143006771870958	0.8147429774861239	0.0250265682442597	0.8845961233692244	0.8800383403637456	0.8827541554567007	0.0148509613042256	0.1182380591648955	0.0918692404488633	0.1175938434520747	0.1182380591648955	0.0918692404488633	0.1175938434520747	0.1408532728731986	0.1383483502803615	0.1373917497180784	0.0092334605288095	0.0841880991566728	0.095234912255882	0.0931533856856422	0.0196086931724467	0.2745490063334399	0.2737821866160778	0.2739188727235646	0.0258677750787206	0.7474783442899975	0.6900977150792378	0.0918692404488633	0.1175938434520747	28	RXRA	3918
4	RXRA	Single best di PWM	di	0.0	0.0	0.0	0.7456485041773521	0.7397240937555796	0.7049626182735345	0.7049626182735345	0.7049626182735345	0.7049626182735345	0.0038065896509538	0.7397240937555796	0.7397240937555796	0.7397240937555796	0.0173822653726997	0.7456485041773521	0.7456485041773521	0.7456485041773521	0.0173469683968962	0.0	0.0	0.0	0.1172645867959112	0.08668013080099	0.1170890213254567	0.1170890213254567	0.1170890213254567	0.1170890213254567	0.0063371590830288	0.08668013080099	0.08668013080099	0.08668013080099	0.030296368865223	0.1172645867959112	0.1172645867959112	0.1172645867959112	0.0229173973153548	0.7397240937555796	0.7049626182735345	0.08668013080099	0.1170890213254567	28	RXRA	3918
4	RXRA	XGBClassifier	di	0.7456485041773521	0.7397240937555796	0.7049626182735345	0.7456485041773521	0.7397240937555796	0.7049626182735345	0.7766454352611859	0.774843640573967	0.7764139244165583	0.0038065896509538	0.7969380206298703	0.7953732231066203	0.7967949650756694	0.0173822653726997	0.8465671827196175	0.8463943434759741	0.852810565376296	0.0173469683968962	0.1172645867959112	0.08668013080099	0.1170890213254567	0.1172645867959112	0.08668013080099	0.1170890213254567	0.1392804340411337	0.1380336182463054	0.1390252427515429	0.0063371590830288	0.0878924625370161	0.0971616185681534	0.0940828645661961	0.030296368865223	0.2295994803504741	0.233931768598713	0.2390625956521171	0.0229173973153548	0.7397240937555796	0.7049626182735345	0.08668013080099	0.1170890213254567	28	RXRA	3918
9	RXRA	XGBClassifier	mono+di	0.0	0.7474783442899975	0.7049626182735345	0.0	0.7474783442899975	0.7049626182735345	0.7935406175737342	0.7853465086892519	0.7871635702808739	0.0089473467913008	0.8173626637865881	0.8180303389201286	0.8190322010643606	0.0240464465955611	0.8899085737346668	0.8865036997762754	0.8919397034674408	0.0146532035034561	0.0	0.09186924044886331	0.1175938434520747	0.0	0.0918692404488633	0.1175938434520747	0.143705199650686	0.1301140635672995	0.1268964137800813	0.0083295142180608	0.1070381811403507	0.0996361108106987	0.103462140551863	0.0224899368173735	0.3015859201359759	0.2922469027011017	0.2986635298168547	0.0264101583668052	0.7474783442899975	0.7049626182735345	0.0918692404488633	0.1175938434520747	28	RXRA	3918
9	RXRA	Single best mono PWM	mono	0.7527212937650866	0.7474783442899975	0.7503873780816726	0.0	0.0	0.0	0.7503873780816726	0.7503873780816726	0.7503873780816726	0.003669572192582897	0.7474783442899975	0.7474783442899975	0.7474783442899975	0.02448610446061044	0.7527212937650866	0.7527212937650866	0.7527212937650866	0.015643592940909577	0.11823805916489558	0.09186924044886331	0.10865959717135365	0.0	0.0	0.0	0.10865959717135365	0.10865959717135365	0.10865959717135365	0.004332825681280247	0.09186924044886331	0.09186924044886331	0.09186924044886331	0.020619918087753337	0.11823805916489558	0.11823805916489558	0.11823805916489558	0.029822015527715216	0.7474783442899975	0.7503873780816726	0.09186924044886331	0.10865959717135365	28	RXRA	3918
9	RXRA	BaggingClassifier_XGBClassifier	mono	0.7527212937650866	0.7474783442899975	0.7503873780816726	0.7527212937650866	0.7474783442899975	0.7503873780816726	0.7783937672216471	0.7772525215599603	0.7781477854130685	0.003669572192582897	0.8200499358630677	0.821244007538897	0.8188705720937968	0.02448610446061044	0.902878354322492	0.8996777807917151	0.9039539787125528	0.015643592940909577	0.11823805916489558	0.09186924044886331	0.10865959717135365	0.11823805916489558	0.09186924044886331	0.10865959717135365	0.13313965108692222	0.13800800077010247	0.13897186628660768	0.004332825681280247	0.09404266805640324	0.09840299081154256	0.09313188225107925	0.020619918087753337	0.2942373336384102	0.29425168365485027	0.29822263912144903	0.029822015527715216	0.7474783442899975	0.7503873780816726	0.09186924044886331	0.10865959717135365	28	RXRA	3918
4	RXRA	Single best di PWM	di	0.0	0.0	0.0	0.7456485041773521	0.7397240937555796	0.7049626182735345	0.7049626182735345	0.7049626182735345	0.7049626182735345	0.004335202098827737	0.7397240937555796	0.7397240937555796	0.7397240937555796	0.01940252590468333	0.7456485041773521	0.7456485041773521	0.7456485041773521	0.01764481855390977	0.0	0.0	0.0	0.11726458679591122	0.08668013080099006	0.1170890213254567	0.1170890213254567	0.1170890213254567	0.1170890213254567	0.0061195479769487	0.08668013080099006	0.08668013080099006	0.08668013080099006	0.02559743247358746	0.11726458679591122	0.11726458679591122	0.11726458679591122	0.025498103288761932	0.7397240937555796	0.7049626182735345	0.08668013080099006	0.1170890213254567	28	RXRA	3918
4	RXRA	BaggingClassifier_XGBClassifier	di	0.7456485041773521	0.7397240937555796	0.7049626182735345	0.7456485041773521	0.7397240937555796	0.7049626182735345	0.7767271702920208	0.7767227711704354	0.7773795696474117	0.004335202098827737	0.794915901291376	0.7953075846471506	0.7973791160818227	0.01940252590468333	0.8690655419330243	0.865535151323173	0.8733046645387448	0.01764481855390977	0.11726458679591122	0.08668013080099006	0.1170890213254567	0.11726458679591122	0.08668013080099006	0.1170890213254567	0.14041087041207675	0.13989342889797265	0.14034966729502382	0.0061195479769487	0.08883322758228665	0.09110497040497378	0.0912643250215886	0.02559743247358746	0.25675525542718863	0.2553681162038438	0.2584246621622753	0.025498103288761932	0.7397240937555796	0.7049626182735345	0.08668013080099006	0.1170890213254567	28	RXRA	3918
9	RXRA	BaggingClassifier_XGBClassifier	mono+di	0.0	0.7474783442899975	0.7049626182735345	0.0	0.7474783442899975	0.7503873780816726	0.7863298113090639	0.7869457535827176	0.7866540443541276	0.004173612628022563	0.822147933608383	0.8238426796221318	0.8228858307001496	0.01973577928520436	0.9096583150628393	0.9073480169030493	0.9133405961539296	0.016098103327735633	0.0	0.09186924044886331	0.1170890213254567	0.0	0.09186924044886331	0.1170890213254567	0.14255743206127508	0.1444196572542471	0.14717072599575465	0.005999339545301901	0.10046287890816806	0.1074991936343146	0.09908948184113628	0.025445190138118405	0.3296644884206339	0.3248714732374364	0.33051929576800193	0.032464615830728065	0.7474783442899975	0.7503873780816726	0.09186924044886331	0.1170890213254567	28	RXRA	3918
9	RXRA	Single best mono PWM	mono	0.7527212937650866	0.7474783442899975	0.6086057245119623	0.0	0.0	0.0	0.6086057245119623	0.6086057245119623	0.6086057245119623	0.005083154584129667	0.7474783442899975	0.7474783442899975	0.7474783442899975	0.02245906144038729	0.7527212937650866	0.7527212937650866	0.7527212937650866	0.009478112990224986	0.11823805916489558	0.09186924044886331	0.11156251107929077	0.0	0.0	0.0	0.11156251107929077	0.11156251107929077	0.11156251107929077	0.007333460768958343	0.09186924044886331	0.09186924044886331	0.09186924044886331	0.03532806051142249	0.11823805916489558	0.11823805916489558	0.11823805916489558	0.008053691029997012	0.7474783442899975	0.6086057245119623	0.09186924044886331	0.11156251107929077	28	RXRA	3918
9	RXRA	BaggingClassifier_LogisticRegression	mono	0.7527212937650866	0.7474783442899975	0.6086057245119623	0.7527212937650866	0.7474783442899975	0.6086057245119623	0.7831960925996122	0.7831120553076951	0.7858996274838687	0.005083154584129667	0.8214375839164184	0.8211431828435555	0.8214935348411774	0.02245906144038729	0.8227458945701547	0.8227618537327944	0.8227355860752649	0.009478112990224986	0.11823805916489558	0.09186924044886331	0.11156251107929077	0.11823805916489558	0.09186924044886331	0.11156251107929077	0.14344718222669942	0.14424754955880045	0.14534046575351894	0.007333460768958343	0.09253287846171625	0.09673041620926161	0.07627653043506961	0.03532806051142249	0.135537892535676	0.13590347269955633	0.13976354323267018	0.008053691029997012	0.7474783442899975	0.6086057245119623	0.09186924044886331	0.11156251107929077	28	RXRA	3918
4	RXRA	Single best di PWM	di	0.0	0.0	0.0	0.7456485041773521	0.7397240937555796	0.7049626182735345	0.7049626182735345	0.7049626182735345	0.7049626182735345	0.004748330957885475	0.7397240937555796	0.7397240937555796	0.7397240937555796	0.01621735720164705	0.7456485041773521	0.7456485041773521	0.7456485041773521	0.009660223372455787	0.0	0.0	0.0	0.11726458679591122	0.08668013080099006	0.1170890213254567	0.1170890213254567	0.1170890213254567	0.1170890213254567	0.006565208619775137	0.08668013080099006	0.08668013080099006	0.08668013080099006	0.031158487123696607	0.11726458679591122	0.11726458679591122	0.11726458679591122	0.008392710309981406	0.7397240937555796	0.7049626182735345	0.08668013080099006	0.1170890213254567	28	RXRA	3918
4	RXRA	BaggingClassifier_LogisticRegression	di	0.7456485041773521	0.7397240937555796	0.7049626182735345	0.7456485041773521	0.7397240937555796	0.7049626182735345	0.7784814944744938	0.7781536959481842	0.779810480889411	0.004748330957885475	0.7986314887093735	0.7985747060372986	0.7992729294861134	0.01621735720164705	0.7972065026774537	0.7975219830157528	0.7958329400046766	0.009660223372455787	0.11726458679591122	0.08668013080099006	0.1170890213254567	0.11726458679591122	0.08668013080099006	0.1170890213254567	0.14217464891859705	0.14249289624267827	0.14372627762415158	0.006565208619775137	0.0796459821292065	0.08786727725207966	0.06872011421153847	0.031158487123696607	0.1256434638550922	0.1264736769933341	0.12583926061941994	0.008392710309981406	0.7397240937555796	0.7049626182735345	0.08668013080099006	0.1170890213254567	28	RXRA	3918
9	RXRA	BaggingClassifier_LogisticRegression	mono+di	0.0	0.7474783442899975	0.7049626182735345	0.0	0.7474783442899975	0.7049626182735345	0.7981436148692977	0.7978122192886425	0.7986826711804762	0.005878795316255318	0.8259985299986953	0.8256743131278684	0.8219862173623815	0.021668776090873063	0.8259080660631344	0.8259258608567952	0.8253757859206909	0.009717150714959329	0.0	0.09186924044886331	0.1170890213254567	0.0	0.09186924044886331	0.1170890213254567	0.13788271594403448	0.13767699876915243	0.1369871578271375	0.007760260192860722	0.09700172078872246	0.10396318133533501	0.0809531600068621	0.03919220738714881	0.1389303002157317	0.13890734561947654	0.14066563662741122	0.008181558826781793	0.7474783442899975	0.7049626182735345	0.09186924044886331	0.1170890213254567	28	RXRA	3918
30	SOX2	Single best mono PWM	mono	0.8379770188236917	0.8497995234641386	0.7456083519319612	0.0	0.0	0.0	0.7456083519319612	0.7456083519319612	0.7456083519319612	0.0035648717649893343	0.8497995234641386	0.8497995234641386	0.8497995234641386	0.012903428953041168	0.8379770188236917	0.8379770188236917	0.8379770188236917	0.0076718044477819556	0.1471085355927532	0.0909944296232043	0.09991521354696269	0.0	0.0	0.0	0.09991521354696269	0.09991521354696269	0.09991521354696269	0.005804933716777507	0.0909944296232043	0.0909944296232043	0.0909944296232043	0.010383505065007247	0.1471085355927532	0.1471085355927532	0.1471085355927532	0.019329391005273002	0.8497995234641386	0.7456083519319612	0.0909944296232043	0.09991521354696269	29	SOX2	6374
30	SOX2	RandomForestClassifier	mono	0.8379770188236917	0.8497995234641386	0.7456083519319612	0.8379770188236917	0.8497995234641386	0.7456083519319612	0.8350827236351056	0.8324068584064189	0.8325012622225935	0.0035648717649893343	0.8664159442022779	0.8671957287881914	0.8651680064447949	0.012903428953041168	0.8748208778921037	0.8753024898707257	0.8766798598931056	0.0076718044477819556	0.1471085355927532	0.0909944296232043	0.09991521354696269	0.1471085355927532	0.0909944296232043	0.09991521354696269	0.13254613376077493	0.13182927607885814	0.13110448839633188	0.005804933716777507	0.1440688142350183	0.14566724216568186	0.14407144303352493	0.010383505065007247	0.293843046445886	0.2956106592431688	0.2961810829699425	0.019329391005273002	0.8497995234641386	0.7456083519319612	0.0909944296232043	0.09991521354696269	29	SOX2	6374
16	SOX2	Single best di PWM	di	0.0	0.0	0.0	0.6495532455108395	0.6178725292591132	0.7407964619746079	0.7407964619746079	0.7407964619746079	0.7407964619746079	0.0035741450570694186	0.6178725292591132	0.6178725292591132	0.6178725292591132	0.012485555168329448	0.6495532455108395	0.6495532455108395	0.6495532455108395	0.005985931526722229	0.0	0.0	0.0	0.09543727539289118	0.05824819037910829	0.12795369026652115	0.12795369026652115	0.12795369026652115	0.12795369026652115	0.006083581029328905	0.05824819037910829	0.05824819037910829	0.05824819037910829	0.016462945953471756	0.09543727539289118	0.09543727539289118	0.09543727539289118	0.016813607212195998	0.6178725292591132	0.7407964619746079	0.05824819037910829	0.12795369026652115	29	SOX2	6374
16	SOX2	RandomForestClassifier	di	0.6495532455108395	0.6178725292591132	0.7407964619746079	0.6495532455108395	0.6178725292591132	0.7407964619746079	0.863064473100108	0.8626969043347367	0.8633925423932975	0.0035741450570694186	0.8763681486062257	0.8753825246054543	0.8723942643432361	0.012485555168329448	0.8837803208424267	0.8839024532464267	0.8836316685902547	0.005985931526722229	0.09543727539289118	0.05824819037910829	0.12795369026652115	0.09543727539289118	0.05824819037910829	0.12795369026652115	0.18409523236034123	0.18353748985036575	0.1851971341719585	0.006083581029328905	0.15360169953778155	0.1545622182772973	0.15031990208211987	0.016462945953471756	0.3077458182780869	0.3054482641913345	0.3050357783028029	0.016813607212195998	0.6178725292591132	0.7407964619746079	0.05824819037910829	0.12795369026652115	29	SOX2	6374
30	SOX2	RandomForestClassifier	mono+di	0.0	0.8497995234641386	0.7712558497659481	0.0	0.8497995234641386	0.7456083519319612	0.8628520313069248	0.8608825537196702	0.8626626983402128	0.003006879855302265	0.8736508022192708	0.8739154130356085	0.8712418579514748	0.013076129019840533	0.8828309052813611	0.8825382686653843	0.8835777858946658	0.006082511818847442	0.0	0.0909944296232043	0.12795369026652115	0.0	0.0909944296232043	0.12795369026652115	0.1800868624435195	0.1765125508778725	0.17697640147424004	0.005660136731109604	0.155455398214779	0.15621138116905836	0.15453643108715848	0.017870115939185735	0.31062933279577526	0.30707439460028635	0.30924296471208457	0.018132599846439685	0.8497995234641386	0.7456083519319612	0.0909944296232043	0.12795369026652115	29	SOX2	6374
30	SOX2	Single best mono PWM	mono	0.8379770188236917	0.8497995234641386	0.7712558497659481	0.0	0.0	0.0	0.7712558497659481	0.7712558497659481	0.7712558497659481	0.0047729623703447336	0.8497995234641386	0.8497995234641386	0.8497995234641386	0.011538570951766459	0.8379770188236917	0.8379770188236917	0.8379770188236917	0.007876691156733975	0.1471085355927532	0.0909944296232043	0.12624534756415276	0.0	0.0	0.0	0.12624534756415276	0.12624534756415276	0.12624534756415276	0.003986524595161515	0.0909944296232043	0.0909944296232043	0.0909944296232043	0.011532921399547653	0.1471085355927532	0.1471085355927532	0.1471085355927532	0.012616548029799392	0.8497995234641386	0.7712558497659481	0.0909944296232043	0.12624534756415276	29	SOX2	6374
30	SOX2	LogisticRegression	mono	0.8379770188236917	0.8497995234641386	0.7712558497659481	0.8379770188236917	0.8497995234641386	0.7712558497659481	0.8110753922550109	0.8128454696629686	0.8140726698882024	0.0047729623703447336	0.8611231378509596	0.8610473752407067	0.8616164394241264	0.011538570951766459	0.8651862335077333	0.8651902159845798	0.8662334018103596	0.007876691156733975	0.1471085355927532	0.0909944296232043	0.12624534756415276	0.1471085355927532	0.0909944296232043	0.12624534756415276	0.1462864011933095	0.1478691902982562	0.14844318434537132	0.003986524595161515	0.11456099877394596	0.11457224641096475	0.11562656433736257	0.011532921399547653	0.19471320256935937	0.19513946663932988	0.19795151277267597	0.012616548029799392	0.8497995234641386	0.7712558497659481	0.0909944296232043	0.12624534756415276	29	SOX2	6374
16	SOX2	Single best di PWM	di	0.0	0.0	0.0	0.6495532455108395	0.6178725292591132	0.7407964619746079	0.7407964619746079	0.7407964619746079	0.7407964619746079	0.003333245318103917	0.6178725292591132	0.6178725292591132	0.6178725292591132	0.013401899621535972	0.6495532455108395	0.6495532455108395	0.6495532455108395	0.006239738398552021	0.0	0.0	0.0	0.09543727539289118	0.05824819037910829	0.12795369026652115	0.12795369026652115	0.12795369026652115	0.12795369026652115	0.00665058618310449	0.05824819037910829	0.05824819037910829	0.05824819037910829	0.011952682454178352	0.09543727539289118	0.09543727539289118	0.09543727539289118	0.01097598190817861	0.6178725292591132	0.7407964619746079	0.05824819037910829	0.12795369026652115	29	SOX2	6374
16	SOX2	LogisticRegression	di	0.6495532455108395	0.6178725292591132	0.7407964619746079	0.6495532455108395	0.6178725292591132	0.7407964619746079	0.8640169008716098	0.8640129515049537	0.8647655328363988	0.003333245318103917	0.8732771221065591	0.8733872807139221	0.873248687652674	0.013401899621535972	0.8737563554276722	0.8737178152376098	0.8746716564508004	0.006239738398552021	0.09543727539289118	0.05824819037910829	0.12795369026652115	0.09543727539289118	0.05824819037910829	0.12795369026652115	0.18416536289830454	0.18452992606190946	0.18232177779165448	0.00665058618310449	0.12127270148208691	0.12175777939567348	0.11892284998890129	0.011952682454178352	0.20684344678239672	0.20765656536448782	0.20924243121313418	0.01097598190817861	0.6178725292591132	0.7407964619746079	0.05824819037910829	0.12795369026652115	29	SOX2	6374
30	SOX2	LogisticRegression	mono+di	0.0	0.8497995234641386	0.7712558497659481	0.0	0.8497995234641386	0.7712558497659481	0.8430343782241448	0.8468328382112799	0.8462757902302277	0.0035347798961457297	0.8739669109854544	0.8738359321523538	0.8730167530015074	0.012272088449603162	0.8768556144633841	0.8768440707892865	0.8769735073775217	0.005941254414184169	0.0	0.0909944296232043	0.12795369026652115	0.0	0.0909944296232043	0.12795369026652115	0.1568105228870579	0.16383248601467001	0.16510127157458812	0.009916678746737687	0.13412954064294774	0.13494102780157782	0.13167250096720884	0.0159450480885479	0.21912247286565928	0.2199210822153195	0.22181031542763632	0.012861155624096702	0.8497995234641386	0.7712558497659481	0.0909944296232043	0.12795369026652115	29	SOX2	6374
30	SOX2	Single best mono PWM	mono	0.8379770188236917	0.8497995234641386	0.7788647117442299	0.0	0.0	0.0	0.7788647117442299	0.7788647117442299	0.7788647117442299	0.0214306564235525	0.8497995234641386	0.8497995234641386	0.8497995234641386	0.012409842452062	0.8379770188236917	0.8379770188236917	0.8379770188236917	0.0081671889228779	0.1471085355927532	0.0909944296232043	0.1080699314037744	0.0	0.0	0.0	0.1080699314037744	0.1080699314037744	0.1080699314037744	0.0126763408710328	0.0909944296232043	0.0909944296232043	0.0909944296232043	0.0158950190271104	0.1471085355927532	0.1471085355927532	0.1471085355927532	0.0316566537968829	0.8497995234641386	0.7788647117442299	0.0909944296232043	0.1080699314037744	29	SOX2	6374
30	SOX2	XGBClassifier	mono	0.8379770188236917	0.8497995234641386	0.7788647117442299	0.8379770188236917	0.8497995234641386	0.7788647117442299	0.7701346231443468	0.7587986725569372	0.7706457864620812	0.0214306564235525	0.8620659160605004	0.8638850476396519	0.8605055004173447	0.012409842452062	0.911654998659787	0.9091010942393573	0.9101497301721668	0.0081671889228779	0.1471085355927532	0.0909944296232043	0.1080699314037744	0.1471085355927532	0.0909944296232043	0.1080699314037744	0.0860698929449197	0.0761755745370705	0.0738910180339008	0.0126763408710328	0.1402616541741712	0.1412820171594724	0.145531812066827	0.0158950190271104	0.3804557573898646	0.375666735449981	0.389027723845659	0.0316566537968829	0.8497995234641386	0.7788647117442299	0.0909944296232043	0.1080699314037744	29	SOX2	6374
16	SOX2	Single best di PWM	di	0.0	0.0	0.0	0.6495532455108395	0.6178725292591132	0.7407964619746079	0.7407964619746079	0.7407964619746079	0.7407964619746079	0.0035799346248454	0.6178725292591132	0.6178725292591132	0.6178725292591132	0.0118351400560061	0.6495532455108395	0.6495532455108395	0.6495532455108395	0.007273996344418	0.0	0.0	0.0	0.0954372753928911	0.0582481903791082	0.1279536902665211	0.1279536902665211	0.1279536902665211	0.1279536902665211	0.0058236877666095	0.0582481903791082	0.0582481903791082	0.0582481903791082	0.010333205461993	0.0954372753928911	0.0954372753928911	0.0954372753928911	0.0255935338309231	0.6178725292591132	0.7407964619746079	0.0582481903791082	0.1279536902665211	29	SOX2	6374
16	SOX2	XGBClassifier	di	0.6495532455108395	0.6178725292591132	0.7407964619746079	0.6495532455108395	0.6178725292591132	0.7407964619746079	0.8651884304288859	0.8640288252732828	0.8647651247027752	0.0035799346248454	0.8740032161275274	0.8727354000152631	0.8686942935741906	0.0118351400560061	0.913304578898309	0.9134057279441912	0.915174291535824	0.007273996344418	0.0954372753928911	0.0582481903791082	0.1279536902665211	0.0954372753928911	0.0582481903791082	0.1279536902665211	0.1840105428243373	0.1837572638897114	0.1805575175741563	0.0058236877666095	0.1425883190652471	0.1490359172031141	0.1496487785051897	0.010333205461993	0.3740187186836916	0.3768062067681353	0.3784022866679452	0.0255935338309231	0.6178725292591132	0.7407964619746079	0.0582481903791082	0.1279536902665211	29	SOX2	6374
30	SOX2	XGBClassifier	mono+di	0.0	0.8497995234641386	0.7712558497659481	0.0	0.8497995234641386	0.7788647117442299	0.8049794864023365	0.8424632117010703	0.8531465912761425	0.0158987936870358	0.8715943399613151	0.8757285795185492	0.8701125083068935	0.0116473438018933	0.921667816868336	0.9211818610612492	0.9227743929224552	0.0082920235172285	0.0	0.0909944296232043	0.1279536902665211	0.0	0.0909944296232043	0.1279536902665211	0.1060674419371218	0.1330264281149866	0.1335591154376752	0.0238480893422302	0.1468633915151601	0.1517059170450419	0.1479068351985714	0.0221944481514497	0.4021850388112807	0.4038267812602729	0.4097639488187975	0.0318878117933264	0.8497995234641386	0.7788647117442299	0.0909944296232043	0.1279536902665211	29	SOX2	6374
30	SOX2	Single best mono PWM	mono	0.8379770188236917	0.8497995234641386	0.799486533674997	0.0	0.0	0.0	0.799486533674997	0.799486533674997	0.799486533674997	0.0058675652590481275	0.8497995234641386	0.8497995234641386	0.8497995234641386	0.011885209686972101	0.8379770188236917	0.8379770188236917	0.8379770188236917	0.008508104455461863	0.1471085355927532	0.0909944296232043	0.12102661587825249	0.0	0.0	0.0	0.12102661587825249	0.12102661587825249	0.12102661587825249	0.009917854925619711	0.0909944296232043	0.0909944296232043	0.0909944296232043	0.013273600290521013	0.1471085355927532	0.1471085355927532	0.1471085355927532	0.030094044490272472	0.8497995234641386	0.799486533674997	0.0909944296232043	0.12102661587825249	29	SOX2	6374
30	SOX2	BaggingClassifier_XGBClassifier	mono	0.8379770188236917	0.8497995234641386	0.799486533674997	0.8379770188236917	0.8497995234641386	0.799486533674997	0.8285432663782731	0.8247866003552945	0.8264928862175431	0.0058675652590481275	0.8665073509533231	0.8679496507361913	0.8649743593964073	0.011885209686972101	0.9258883873709702	0.9234088449724016	0.9262815059830427	0.008508104455461863	0.1471085355927532	0.0909944296232043	0.12102661587825249	0.1471085355927532	0.0909944296232043	0.12102661587825249	0.12593513083385388	0.12131780205439543	0.12308529447047709	0.009917854925619711	0.14990767616704118	0.1536566492940085	0.15335264798668774	0.013273600290521013	0.39609390541894685	0.3948569349615768	0.4031621124568401	0.030094044490272472	0.8497995234641386	0.799486533674997	0.0909944296232043	0.12102661587825249	29	SOX2	6374
16	SOX2	Single best di PWM	di	0.0	0.0	0.0	0.6495532455108395	0.6178725292591132	0.7407964619746079	0.7407964619746079	0.7407964619746079	0.7407964619746079	0.0033262718848953493	0.6178725292591132	0.6178725292591132	0.6178725292591132	0.012546385376241467	0.6495532455108395	0.6495532455108395	0.6495532455108395	0.007545961348609196	0.0	0.0	0.0	0.09543727539289118	0.05824819037910829	0.12795369026652115	0.12795369026652115	0.12795369026652115	0.12795369026652115	0.006163601159723368	0.05824819037910829	0.05824819037910829	0.05824819037910829	0.014167870944371896	0.09543727539289118	0.09543727539289118	0.09543727539289118	0.028457099558252104	0.6178725292591132	0.7407964619746079	0.05824819037910829	0.12795369026652115	29	SOX2	6374
16	SOX2	BaggingClassifier_XGBClassifier	di	0.6495532455108395	0.6178725292591132	0.7407964619746079	0.6495532455108395	0.6178725292591132	0.7407964619746079	0.8671638679941341	0.8672651274112122	0.867787961250977	0.0033262718848953493	0.8759270446582356	0.8748896600300845	0.8738578290801177	0.012546385376241467	0.9267386362099681	0.9261873170616806	0.9283338688036262	0.007545961348609196	0.09543727539289118	0.05824819037910829	0.12795369026652115	0.09543727539289118	0.05824819037910829	0.12795369026652115	0.18887836927319965	0.1886897214792276	0.18739566677771274	0.006163601159723368	0.15814798506143654	0.15475002780513286	0.15035695430908602	0.014167870944371896	0.394785338827541	0.3921728471710257	0.39415388640697674	0.028457099558252104	0.6178725292591132	0.7407964619746079	0.05824819037910829	0.12795369026652115	29	SOX2	6374
30	SOX2	BaggingClassifier_XGBClassifier	mono+di	0.0	0.8497995234641386	0.7712558497659481	0.0	0.8497995234641386	0.799486533674997	0.8561016835202381	0.861872630885646	0.8620390930425642	0.0045121304263196615	0.8753803682502183	0.8751241181439011	0.8704966510629839	0.012883431587443924	0.9377670959523008	0.9348830385850636	0.9374054267072024	0.008501506262909535	0.0	0.0909944296232043	0.12795369026652115	0.0	0.0909944296232043	0.12795369026652115	0.16450451726274787	0.1695702380332817	0.1740681229901227	0.008889282425099485	0.16255241022964115	0.16318258366622226	0.1609366854757357	0.014803966801186622	0.43332058770840887	0.42927318546889015	0.4331420479857363	0.0304612341965423	0.8497995234641386	0.799486533674997	0.0909944296232043	0.12795369026652115	29	SOX2	6374
30	SOX2	Single best mono PWM	mono	0.8379770188236917	0.8497995234641386	0.7661589198406794	0.0	0.0	0.0	0.7661589198406794	0.7661589198406794	0.7661589198406794	0.007599525031214724	0.8497995234641386	0.8497995234641386	0.8497995234641386	0.01153512134667991	0.8379770188236917	0.8379770188236917	0.8379770188236917	0.007918042771867272	0.1471085355927532	0.0909944296232043	0.1113589562750729	0.0	0.0	0.0	0.1113589562750729	0.1113589562750729	0.1113589562750729	0.005779754964901154	0.0909944296232043	0.0909944296232043	0.0909944296232043	0.011401586596540152	0.1471085355927532	0.1471085355927532	0.1471085355927532	0.012660714886646723	0.8497995234641386	0.7661589198406794	0.0909944296232043	0.1113589562750729	29	SOX2	6374
30	SOX2	BaggingClassifier_LogisticRegression	mono	0.8379770188236917	0.8497995234641386	0.7661589198406794	0.8379770188236917	0.8497995234641386	0.7661589198406794	0.8057433551618464	0.8036637624896975	0.8061892738150915	0.007599525031214724	0.861146388665951	0.8610590324881634	0.861535446371338	0.01153512134667991	0.8652051748599329	0.8651942633288197	0.8662405993763145	0.007918042771867272	0.1471085355927532	0.0909944296232043	0.1113589562750729	0.1471085355927532	0.0909944296232043	0.1113589562750729	0.12648549311455037	0.12228976187273147	0.12366470967223493	0.005779754964901154	0.11445887124404146	0.11448114170560783	0.1157633331459209	0.011401586596540152	0.19452322859190496	0.19527052256625949	0.19816895344129581	0.012660714886646723	0.8497995234641386	0.7661589198406794	0.0909944296232043	0.1113589562750729	29	SOX2	6374
16	SOX2	Single best di PWM	di	0.0	0.0	0.0	0.6495532455108395	0.6178725292591132	0.7407964619746079	0.7407964619746079	0.7407964619746079	0.7407964619746079	0.0034960364659499883	0.6178725292591132	0.6178725292591132	0.6178725292591132	0.013257483975538978	0.6495532455108395	0.6495532455108395	0.6495532455108395	0.006263645070112484	0.0	0.0	0.0	0.09543727539289118	0.05824819037910829	0.12795369026652115	0.12795369026652115	0.12795369026652115	0.12795369026652115	0.006707544771827578	0.05824819037910829	0.05824819037910829	0.05824819037910829	0.011740296359200222	0.09543727539289118	0.09543727539289118	0.09543727539289118	0.011226649962081489	0.6178725292591132	0.7407964619746079	0.05824819037910829	0.12795369026652115	29	SOX2	6374
16	SOX2	BaggingClassifier_LogisticRegression	di	0.6495532455108395	0.6178725292591132	0.7407964619746079	0.6495532455108395	0.6178725292591132	0.7407964619746079	0.8640199767631959	0.864134309396741	0.8650977763976538	0.0034960364659499883	0.8733917355701394	0.8733565920479103	0.8733028273938428	0.013257483975538978	0.8737322422463718	0.8737367659824268	0.8746244760758025	0.006263645070112484	0.09543727539289118	0.05824819037910829	0.12795369026652115	0.09543727539289118	0.05824819037910829	0.12795369026652115	0.184087563621278	0.18472344905919957	0.18209079258567482	0.006707544771827578	0.12109426278133921	0.1218134074441078	0.11963573629857072	0.011740296359200222	0.20693486579911152	0.2078347540731093	0.2093086055881218	0.011226649962081489	0.6178725292591132	0.7407964619746079	0.05824819037910829	0.12795369026652115	29	SOX2	6374
30	SOX2	BaggingClassifier_LogisticRegression	mono+di	0.0	0.8497995234641386	0.7712558497659481	0.0	0.8497995234641386	0.7661589198406794	0.8150107584260203	0.8208816575249475	0.8218473551843838	0.007751336731250668	0.874100065121687	0.8737509659139903	0.8728603974290119	0.012200034546964528	0.8768146321669353	0.8768645465011564	0.8767662306845642	0.005988218821403006	0.0	0.0909944296232043	0.12795369026652115	0.0	0.0909944296232043	0.12795369026652115	0.11780021448503178	0.1236799591684395	0.1264296379362303	0.008684468539482963	0.13429054273478677	0.13504472072572243	0.13167408341946407	0.015042607130418831	0.21894421616171822	0.22004591061388593	0.2218951512773754	0.013072904592676217	0.8497995234641386	0.7661589198406794	0.0909944296232043	0.12795369026652115	29	SOX2	6374
42	SPI1	Single best mono PWM	mono	0.9245346363349607	0.937466751383131	0.9197270147130655	0.0	0.0	0.0	0.9197270147130655	0.9197270147130655	0.9197270147130655	0.0016661257321257525	0.937466751383131	0.937466751383131	0.937466751383131	0.006081337955400812	0.9245346363349607	0.9245346363349607	0.9245346363349607	0.002207844409303384	0.5728433458212623	0.5520927910784146	0.33394831399916874	0.0	0.0	0.0	0.33394831399916874	0.33394831399916874	0.33394831399916874	0.006682360863822671	0.5520927910784146	0.5520927910784146	0.5520927910784146	0.023484583295569603	0.5728433458212623	0.5728433458212623	0.5728433458212623	0.011542372227115705	0.937466751383131	0.9197270147130655	0.5520927910784146	0.33394831399916874	30	SPI1	10000
42	SPI1	RandomForestClassifier	mono	0.9245346363349607	0.937466751383131	0.9197270147130655	0.9245346363349607	0.937466751383131	0.9197270147130655	0.9444594489696234	0.945360161498292	0.9456564797916523	0.0016661257321257525	0.9565736831879258	0.9558761505193145	0.9547606004844011	0.006081337955400812	0.9499543002349264	0.9495969345852837	0.9494074085314612	0.002207844409303384	0.5728433458212623	0.5520927910784146	0.33394831399916874	0.5728433458212623	0.5520927910784146	0.33394831399916874	0.4357172213623945	0.43470619624122026	0.43319262622740273	0.006682360863822671	0.6446136807122166	0.64446141629141	0.6552270352342677	0.023484583295569603	0.7076247343130996	0.7057619554718082	0.7101051377771068	0.011542372227115705	0.937466751383131	0.9197270147130655	0.5520927910784146	0.33394831399916874	30	SPI1	10000
21	SPI1	Single best di PWM	di	0.0	0.0	0.0	0.917432436077907	0.9348545563474355	0.9410496047802611	0.9410496047802611	0.9410496047802611	0.9410496047802611	0.0016879880873101796	0.9348545563474355	0.9348545563474355	0.9348545563474355	0.004518651853203111	0.917432436077907	0.917432436077907	0.917432436077907	0.0020871304837867637	0.0	0.0	0.0	0.5805012360030438	0.5784380195293464	0.45140061033163165	0.45140061033163165	0.45140061033163165	0.45140061033163165	0.007437896580108058	0.5784380195293464	0.5784380195293464	0.5784380195293464	0.02541280320226725	0.5805012360030438	0.5805012360030438	0.5805012360030438	0.007583068132343723	0.9348545563474355	0.9410496047802611	0.5784380195293464	0.45140061033163165	30	SPI1	10000
21	SPI1	RandomForestClassifier	di	0.917432436077907	0.9348545563474355	0.9410496047802611	0.917432436077907	0.9348545563474355	0.9410496047802611	0.9548112782016924	0.9544956071671307	0.9542259535377229	0.0016879880873101796	0.9615107173699166	0.9625119921316581	0.9629669891473362	0.004518651853203111	0.9547757199621482	0.9549814916469784	0.9550247781584323	0.0020871304837867637	0.5805012360030438	0.5784380195293464	0.45140061033163165	0.5805012360030438	0.5784380195293464	0.45140061033163165	0.46899478064157435	0.46904550810971773	0.4674994636741464	0.007437896580108058	0.6710367368392549	0.6683537096217786	0.6814792234682514	0.02541280320226725	0.7213536934871653	0.7201557523183296	0.72357502838746	0.007583068132343723	0.9348545563474355	0.9410496047802611	0.5784380195293464	0.45140061033163165	30	SPI1	10000
42	SPI1	RandomForestClassifier	mono+di	0.0	0.937466751383131	0.9410496047802611	0.0	0.937466751383131	0.9410496047802611	0.9530617927299371	0.9528523836743528	0.9526015869722161	0.001325039988164085	0.9613282906066762	0.9618138776151148	0.9623094371683686	0.005687501509878577	0.9546740436991248	0.9547673060533123	0.9545558030455352	0.001904083817014291	0.0	0.5784380195293464	0.45140061033163165	0.0	0.5784380195293464	0.45140061033163165	0.46471139277013246	0.46839512435085745	0.46839826347370705	0.005770659639860197	0.6718809357747036	0.6711581510090733	0.68447902130973	0.02294054716877306	0.7267941198246082	0.7253661977832792	0.7285895154917365	0.009589963164160118	0.937466751383131	0.9410496047802611	0.5784380195293464	0.45140061033163165	30	SPI1	10000
42	SPI1	Single best mono PWM	mono	0.9245346363349607	0.937466751383131	0.9135779191804513	0.0	0.0	0.0	0.9135779191804513	0.9135779191804513	0.9135779191804513	0.002378255643615504	0.937466751383131	0.937466751383131	0.937466751383131	0.007118550293058919	0.9245346363349607	0.9245346363349607	0.9245346363349607	0.0017321343164724663	0.5728433458212623	0.5520927910784146	0.29364534049172053	0.0	0.0	0.0	0.29364534049172053	0.29364534049172053	0.29364534049172053	0.003224153197688911	0.5520927910784146	0.5520927910784146	0.5520927910784146	0.0349352921915015	0.5728433458212623	0.5728433458212623	0.5728433458212623	0.005144144165965364	0.937466751383131	0.9135779191804513	0.5520927910784146	0.29364534049172053	30	SPI1	10000
42	SPI1	LogisticRegression	mono	0.9245346363349607	0.937466751383131	0.9135779191804513	0.9245346363349607	0.937466751383131	0.9135779191804513	0.9190233913979062	0.9198264756832205	0.9194366952707302	0.002378255643615504	0.9522344616317545	0.9521504475122475	0.9536890239015083	0.007118550293058919	0.9414948179673928	0.9414596513733139	0.9419610002182577	0.0017321343164724663	0.5728433458212623	0.5520927910784146	0.29364534049172053	0.5728433458212623	0.5520927910784146	0.29364534049172053	0.4003403946558905	0.403550793574138	0.4042759037563873	0.003224153197688911	0.6086072627049595	0.608827228432094	0.62717587978791	0.0349352921915015	0.6160371301534918	0.6159503032238126	0.6156032431825478	0.005144144165965364	0.937466751383131	0.9135779191804513	0.5520927910784146	0.29364534049172053	30	SPI1	10000
21	SPI1	Single best di PWM	di	0.0	0.0	0.0	0.917432436077907	0.9348545563474355	0.9410496047802611	0.9410496047802611	0.9410496047802611	0.9410496047802611	0.0012053569521059161	0.9348545563474355	0.9348545563474355	0.9348545563474355	0.005663608446437035	0.917432436077907	0.917432436077907	0.917432436077907	0.0012649616893529053	0.0	0.0	0.0	0.5805012360030438	0.5784380195293464	0.45140061033163165	0.45140061033163165	0.45140061033163165	0.45140061033163165	0.006888302231867896	0.5784380195293464	0.5784380195293464	0.5784380195293464	0.03402897935276111	0.5805012360030438	0.5805012360030438	0.5805012360030438	0.004880290009938324	0.9348545563474355	0.9410496047802611	0.5784380195293464	0.45140061033163165	30	SPI1	10000
21	SPI1	LogisticRegression	di	0.917432436077907	0.9348545563474355	0.9410496047802611	0.917432436077907	0.9348545563474355	0.9410496047802611	0.9549018033241362	0.9549077207470171	0.9554189643975877	0.0012053569521059161	0.956656145319303	0.956642213344593	0.9582057236979209	0.005663608446437035	0.9472705221579326	0.947272752069828	0.9474619649433407	0.0012649616893529053	0.5805012360030438	0.5784380195293464	0.45140061033163165	0.5805012360030438	0.5784380195293464	0.45140061033163165	0.4493670521411076	0.449951373867643	0.44746059768735574	0.006888302231867896	0.6352281321074046	0.6358061517991703	0.6552277931311402	0.03402897935276111	0.6436998276946491	0.6440942740673504	0.6452067096920823	0.004880290009938324	0.9348545563474355	0.9410496047802611	0.5784380195293464	0.45140061033163165	30	SPI1	10000
42	SPI1	LogisticRegression	mono+di	0.0	0.937466751383131	0.9410496047802611	0.0	0.937466751383131	0.9410496047802611	0.9314980932091512	0.9326277194671235	0.9331222511495367	0.001693319083184342	0.9590879950807178	0.9590484607437393	0.961243106875491	0.005810739186969521	0.9495848190031402	0.949571781659676	0.9497909162711246	0.0012593855543134276	0.0	0.5784380195293464	0.45140061033163165	0.0	0.5784380195293464	0.45140061033163165	0.36990518460677413	0.3729259476553427	0.37058125001516196	0.009489310386055078	0.6558255595029986	0.6558890752569903	0.6767530400760317	0.0371150861970181	0.6596739127057197	0.6598354190660377	0.6607155914457992	0.004167351929269412	0.937466751383131	0.9410496047802611	0.5784380195293464	0.45140061033163165	30	SPI1	10000
42	SPI1	Single best mono PWM	mono	0.9245346363349608	0.937466751383131	0.9291957314618016	0.0	0.0	0.0	0.9291957314618016	0.9291957314618016	0.9291957314618016	0.0145355861640471	0.937466751383131	0.937466751383131	0.937466751383131	0.0059222851846086	0.9245346363349608	0.9245346363349608	0.9245346363349608	0.004673872668306	0.5728433458212623	0.5520927910784146	0.3951348695409558	0.0	0.0	0.0	0.3951348695409558	0.3951348695409558	0.3951348695409558	0.0462153002382091	0.5520927910784146	0.5520927910784146	0.5520927910784146	0.0224959596840338	0.5728433458212623	0.5728433458212623	0.5728433458212623	0.0192689022148434	0.937466751383131	0.9291957314618016	0.5520927910784146	0.3951348695409558	30	SPI1	10000
42	SPI1	XGBClassifier	mono	0.9245346363349608	0.937466751383131	0.9291957314618016	0.9245346363349608	0.937466751383131	0.9291957314618016	0.9231816870519742	0.908251443988301	0.9016827269200391	0.0145355861640471	0.9595888487610896	0.9597380820329744	0.9600816805933354	0.0059222851846086	0.9679290614245292	0.966688775281056	0.9686594647759112	0.004673872668306	0.5728433458212623	0.5520927910784146	0.3951348695409558	0.5728433458212623	0.5520927910784146	0.3951348695409558	0.3711329071596349	0.288436935135512	0.2741208279311509	0.0462153002382091	0.6240630686894016	0.6352003696453288	0.6407207316718848	0.0224959596840338	0.7605787923802511	0.7596705666112238	0.7652393551203548	0.0192689022148434	0.937466751383131	0.9291957314618016	0.5520927910784146	0.3951348695409558	30	SPI1	10000
21	SPI1	Single best di PWM	di	0.0	0.0	0.0	0.917432436077907	0.9348545563474356	0.9410496047802612	0.9410496047802612	0.9410496047802612	0.9410496047802612	0.0023833030424032	0.9348545563474356	0.9348545563474356	0.9348545563474356	0.0045750326432129	0.917432436077907	0.917432436077907	0.917432436077907	0.0040201971460007	0.0	0.0	0.0	0.5805012360030438	0.5784380195293464	0.4514006103316316	0.4514006103316316	0.4514006103316316	0.4514006103316316	0.0072710904422006	0.5784380195293464	0.5784380195293464	0.5784380195293464	0.0186368570770893	0.5805012360030438	0.5805012360030438	0.5805012360030438	0.0154046747024806	0.9348545563474356	0.9410496047802612	0.5784380195293464	0.4514006103316316	30	SPI1	10000
21	SPI1	XGBClassifier	di	0.917432436077907	0.9348545563474356	0.9410496047802612	0.917432436077907	0.9348545563474356	0.9410496047802612	0.9527381782267752	0.9525259412316168	0.9531701977220164	0.0023833030424032	0.9636620200417698	0.9650196414936696	0.9683426243567752	0.0045750326432129	0.968609683532087	0.9681584019647544	0.9695998826241924	0.0040201971460007	0.5805012360030438	0.5784380195293464	0.4514006103316316	0.5805012360030438	0.5784380195293464	0.4514006103316316	0.4672554499453628	0.4653671251194066	0.4618462756806525	0.0072710904422006	0.6689099186792618	0.664097154381683	0.6731378912151132	0.0186368570770893	0.7689920508108147	0.766908758978678	0.7734461165899116	0.0154046747024806	0.9348545563474356	0.9410496047802612	0.5784380195293464	0.4514006103316316	30	SPI1	10000
42	SPI1	XGBClassifier	mono+di	0.0	0.937466751383131	0.9410496047802611	0.0	0.937466751383131	0.9410496047802612	0.9260027109268768	0.9307373847887248	0.9319045905726954	0.0049636146421814	0.9643821170769412	0.9639402793575668	0.9655388860390184	0.0064304350791884	0.972289169377657	0.971799903456568	0.9722617900234992	0.0041328824323806	0.0	0.5784380195293464	0.4514006103316316	0.0	0.5784380195293464	0.4514006103316316	0.2871125162215506	0.3156294680792917	0.3143993117064274	0.0190347804668025	0.6599857468482534	0.6676010636104631	0.6746498668684744	0.0190293654982133	0.7815746411803909	0.7779024492483942	0.7831316791550372	0.0206705753000354	0.937466751383131	0.9410496047802612	0.5784380195293464	0.4514006103316316	30	SPI1	10000
42	SPI1	Single best mono PWM	mono	0.9245346363349607	0.937466751383131	0.930589327251845	0.0	0.0	0.0	0.930589327251845	0.930589327251845	0.930589327251845	0.0019264894417026586	0.937466751383131	0.937466751383131	0.937466751383131	0.004342405580870503	0.9245346363349607	0.9245346363349607	0.9245346363349607	0.004556344786777741	0.5728433458212623	0.5520927910784146	0.38034470302543244	0.0	0.0	0.0	0.38034470302543244	0.38034470302543244	0.38034470302543244	0.02272972576157613	0.5520927910784146	0.5520927910784146	0.5520927910784146	0.018515662744704914	0.5728433458212623	0.5728433458212623	0.5728433458212623	0.018896946472510095	0.937466751383131	0.930589327251845	0.5520927910784146	0.38034470302543244	30	SPI1	10000
42	SPI1	BaggingClassifier_XGBClassifier	mono	0.9245346363349607	0.937466751383131	0.930589327251845	0.9245346363349607	0.937466751383131	0.930589327251845	0.9262969062297851	0.9245435985460194	0.9242089269576377	0.0019264894417026586	0.9609780852009292	0.9618057151983803	0.9620161788044436	0.004342405580870503	0.9737484209559948	0.9721595965118237	0.9730954222580146	0.004556344786777741	0.5728433458212623	0.5520927910784146	0.38034470302543244	0.5728433458212623	0.5520927910784146	0.38034470302543244	0.3336856205820017	0.334058589017556	0.3264281145563374	0.02272972576157613	0.6396957272654029	0.6416657622689241	0.6462715997745421	0.018515662744704914	0.7710931339496717	0.7694167395488437	0.7759648015063612	0.018896946472510095	0.937466751383131	0.930589327251845	0.5520927910784146	0.38034470302543244	30	SPI1	10000
21	SPI1	Single best di PWM	di	0.0	0.0	0.0	0.917432436077907	0.9348545563474355	0.9410496047802611	0.9410496047802611	0.9410496047802611	0.9410496047802611	0.0023316778236706776	0.9348545563474355	0.9348545563474355	0.9348545563474355	0.0043227421960101734	0.917432436077907	0.917432436077907	0.917432436077907	0.004097688836131341	0.0	0.0	0.0	0.5805012360030438	0.5784380195293464	0.45140061033163165	0.45140061033163165	0.45140061033163165	0.45140061033163165	0.006596636642803383	0.5784380195293464	0.5784380195293464	0.5784380195293464	0.023623160285886863	0.5805012360030438	0.5805012360030438	0.5805012360030438	0.01511230610489512	0.9348545563474355	0.9410496047802611	0.5784380195293464	0.45140061033163165	30	SPI1	10000
21	SPI1	BaggingClassifier_XGBClassifier	di	0.917432436077907	0.9348545563474355	0.9410496047802611	0.917432436077907	0.9348545563474355	0.9410496047802611	0.9540671142523333	0.9540557476733832	0.9544852161770898	0.0023316778236706776	0.9653074759133696	0.9656110056623894	0.967111480258412	0.0043227421960101734	0.9738776942379489	0.9730972003039323	0.9741468001648326	0.004097688836131341	0.5805012360030438	0.5784380195293464	0.45140061033163165	0.5805012360030438	0.5784380195293464	0.45140061033163165	0.4739654078313404	0.47345036292381426	0.4725015717531222	0.006596636642803383	0.6774487983518546	0.676478634230809	0.6909586473302642	0.023623160285886863	0.7759193321341752	0.7746770099736209	0.778019556271046	0.01511230610489512	0.9348545563474355	0.9410496047802611	0.5784380195293464	0.45140061033163165	30	SPI1	10000
42	SPI1	BaggingClassifier_XGBClassifier	mono+di	0.0	0.937466751383131	0.9410496047802611	0.0	0.937466751383131	0.9410496047802611	0.9460237427226761	0.9450343853259958	0.9446586674406392	0.0036618620471507595	0.9664400717164139	0.9662140555636379	0.9683093610233884	0.005349907467529269	0.9781731609598553	0.9769282566619977	0.9780641390894095	0.004124067670887411	0.0	0.5784380195293464	0.45140061033163165	0.0	0.5784380195293464	0.45140061033163165	0.4388618052115566	0.42374448778970353	0.4233686889273192	0.008228183307674209	0.6800652831836415	0.6770532431803377	0.6887027280694363	0.02210193172332972	0.7915661083503193	0.788855127311861	0.7948770123438011	0.017911998970900372	0.937466751383131	0.9410496047802611	0.5784380195293464	0.45140061033163165	30	SPI1	10000
42	SPI1	Single best mono PWM	mono	0.9245346363349607	0.937466751383131	0.8939573553776288	0.0	0.0	0.0	0.8939573553776288	0.8939573553776288	0.8939573553776288	0.01458078205153779	0.937466751383131	0.937466751383131	0.937466751383131	0.007108527209685746	0.9245346363349607	0.9245346363349607	0.9245346363349607	0.0017190059490111685	0.5728433458212623	0.5520927910784146	0.325504705643151	0.0	0.0	0.0	0.325504705643151	0.325504705643151	0.325504705643151	0.021692208084425988	0.5520927910784146	0.5520927910784146	0.5520927910784146	0.03435907662582207	0.5728433458212623	0.5728433458212623	0.5728433458212623	0.00506949062380811	0.937466751383131	0.8939573553776288	0.5520927910784146	0.325504705643151	30	SPI1	10000
42	SPI1	BaggingClassifier_LogisticRegression	mono	0.9245346363349607	0.937466751383131	0.8939573553776288	0.9245346363349607	0.937466751383131	0.8939573553776288	0.8507769795640867	0.8469980262856832	0.8510031846631756	0.01458078205153779	0.9521210388856162	0.9521117880519949	0.9537432271044068	0.007108527209685746	0.9414850499277331	0.9415013332768416	0.9419460561119827	0.0017190059490111685	0.5728433458212623	0.5520927910784146	0.325504705643151	0.5728433458212623	0.5520927910784146	0.325504705643151	0.19796046625072883	0.19655747058697814	0.205407565655642	0.021692208084425988	0.608084803908474	0.6086058856253549	0.6264807018137195	0.03435907662582207	0.6159313278420222	0.6156347700333377	0.6152772009913497	0.00506949062380811	0.937466751383131	0.8939573553776288	0.5520927910784146	0.325504705643151	30	SPI1	10000
21	SPI1	Single best di PWM	di	0.0	0.0	0.0	0.917432436077907	0.9348545563474355	0.9410496047802611	0.9410496047802611	0.9410496047802611	0.9410496047802611	0.0011429186292182736	0.9348545563474355	0.9348545563474355	0.9348545563474355	0.005682683345949934	0.917432436077907	0.917432436077907	0.917432436077907	0.0012655112816949644	0.0	0.0	0.0	0.5805012360030438	0.5784380195293464	0.45140061033163165	0.45140061033163165	0.45140061033163165	0.45140061033163165	0.007036549981011041	0.5784380195293464	0.5784380195293464	0.5784380195293464	0.03450310075545068	0.5805012360030438	0.5805012360030438	0.5805012360030438	0.004904210434054397	0.9348545563474355	0.9410496047802611	0.5784380195293464	0.45140061033163165	30	SPI1	10000
21	SPI1	BaggingClassifier_LogisticRegression	di	0.917432436077907	0.9348545563474355	0.9410496047802611	0.917432436077907	0.9348545563474355	0.9410496047802611	0.9548220695982784	0.9549096754986889	0.9553944865459179	0.0011429186292182736	0.95666015290119	0.9566314501399449	0.9582738534169057	0.005682683345949934	0.947283528791424	0.9473173202422128	0.9474965577819404	0.0012655112816949644	0.5805012360030438	0.5784380195293464	0.45140061033163165	0.5805012360030438	0.5784380195293464	0.45140061033163165	0.44908867415376547	0.44995438702469087	0.4471595480371943	0.007036549981011041	0.6350995707874545	0.6360887857007179	0.6553971455483235	0.03450310075545068	0.6436068732502842	0.6438784777423313	0.6450952579128444	0.004904210434054397	0.9348545563474355	0.9410496047802611	0.5784380195293464	0.45140061033163165	30	SPI1	10000
42	SPI1	BaggingClassifier_LogisticRegression	mono+di	0.0	0.937466751383131	0.9410496047802611	0.0	0.937466751383131	0.9410496047802611	0.9473443456349259	0.9467988362417685	0.9460466954057252	0.003077605310306144	0.9590197435075619	0.9590405460260715	0.9612373960019879	0.005809538079740807	0.9496376769597988	0.9496208970234804	0.9497646257137885	0.0012699824962384395	0.0	0.5784380195293464	0.45140061033163165	0.0	0.5784380195293464	0.45140061033163165	0.4289727624270478	0.4249832641975809	0.42875209761972655	0.010906423962335909	0.6547820361857756	0.6562310104586665	0.6765258092233836	0.03683920844804531	0.6595047697094811	0.659476773414844	0.6601443559763982	0.0041689947542608964	0.937466751383131	0.9410496047802611	0.5784380195293464	0.45140061033163165	30	SPI1	10000
14	SRF	Single best mono PWM	mono	0.7884837460653273	0.7726668020245329	0.8000889044288039	0.0	0.0	0.0	0.8000889044288039	0.8000889044288039	0.8000889044288039	0.01999299566989043	0.7726668020245329	0.7726668020245329	0.7726668020245329	0.007835830508454898	0.7884837460653273	0.7884837460653273	0.7884837460653273	0.010223946585419965	0.3725475172698907	0.26876097751034517	0.0687080560593576	0.0	0.0	0.0	0.0687080560593576	0.0687080560593576	0.0687080560593576	0.025405116182419217	0.26876097751034517	0.26876097751034517	0.26876097751034517	0.02396734348929546	0.3725475172698907	0.3725475172698907	0.3725475172698907	0.024911355233819814	0.7726668020245329	0.8000889044288039	0.26876097751034517	0.0687080560593576	31	SRF	8305
14	SRF	RandomForestClassifier	mono	0.7884837460653273	0.7726668020245329	0.8000889044288039	0.7884837460653273	0.7726668020245329	0.8000889044288039	0.7784332542741493	0.778629308591848	0.7823221399748117	0.01999299566989043	0.8466955999908555	0.8474875793791979	0.8470143956140871	0.007835830508454898	0.8528984397292099	0.852170051140688	0.8558028779097997	0.010223946585419965	0.3725475172698907	0.26876097751034517	0.0687080560593576	0.3725475172698907	0.26876097751034517	0.0687080560593576	0.12859043109327825	0.13150635919092987	0.12742253492295633	0.025405116182419217	0.34323950373115636	0.3408004552869562	0.3465210237723371	0.02396734348929546	0.48683816972825195	0.48618955211067016	0.49811202807963467	0.024911355233819814	0.7726668020245329	0.8000889044288039	0.26876097751034517	0.0687080560593576	31	SRF	8305
11	SRF	Single best di PWM	di	0.0	0.0	0.0	0.785534462369515	0.7685759699014085	0.8025218047848653	0.8025218047848653	0.8025218047848653	0.8025218047848653	0.02567246276747924	0.7685759699014085	0.7685759699014085	0.7685759699014085	0.007735973297731927	0.785534462369515	0.785534462369515	0.785534462369515	0.0077815921675843495	0.0	0.0	0.0	0.38636451911151004	0.3026321705635008	0.1931456666092603	0.1931456666092603	0.1931456666092603	0.1931456666092603	0.04791785592504684	0.3026321705635008	0.3026321705635008	0.3026321705635008	0.015983379490372762	0.38636451911151004	0.38636451911151004	0.38636451911151004	0.02399150050756545	0.7685759699014085	0.8025218047848653	0.3026321705635008	0.1931456666092603	31	SRF	8305
11	SRF	RandomForestClassifier	di	0.785534462369515	0.7685759699014085	0.8025218047848653	0.785534462369515	0.7685759699014085	0.8025218047848653	0.8410657328463385	0.8397947229875777	0.8515920736766683	0.02567246276747924	0.8629741222913196	0.8655192009095926	0.86468513118269	0.007735973297731927	0.8832193891341152	0.8806499028772118	0.8833277806555355	0.0077815921675843495	0.38636451911151004	0.3026321705635008	0.1931456666092603	0.38636451911151004	0.3026321705635008	0.1931456666092603	0.2514784738975003	0.2556104966152844	0.2673317355580058	0.04791785592504684	0.367987278447453	0.36920801343594706	0.376288780138234	0.015983379490372762	0.5392736413864498	0.5374948548645914	0.5514366474667051	0.02399150050756545	0.7685759699014085	0.8025218047848653	0.3026321705635008	0.1931456666092603	31	SRF	8305
14	SRF	RandomForestClassifier	mono+di	0.0	0.7726668020245329	0.8025218047848653	0.0	0.7726668020245329	0.8025218047848653	0.8368110889233926	0.8355784249185607	0.845125755350568	0.02746350527346109	0.8709546882835139	0.8697503503416956	0.8674847361960707	0.0059150885112229075	0.8859636355236057	0.8852036852914728	0.8872856482548491	0.007514159521996838	0.0	0.3026321705635008	0.1931456666092603	0.0	0.3026321705635008	0.1931456666092603	0.23823794829753148	0.24258411424300938	0.24741790404765457	0.04919989422621028	0.3809764331381778	0.37958724301055563	0.3797953501939286	0.01314544274922727	0.5472582213020138	0.5460649640784012	0.5625560135166319	0.024794950809379084	0.7726668020245329	0.8025218047848653	0.3026321705635008	0.1931456666092603	31	SRF	8305
14	SRF	Single best mono PWM	mono	0.7884837460653273	0.7726668020245329	0.7943590789581343	0.0	0.0	0.0	0.7943590789581343	0.7943590789581343	0.7943590789581343	0.024133563040537254	0.7726668020245329	0.7726668020245329	0.7726668020245329	0.00560312258319316	0.7884837460653273	0.7884837460653273	0.7884837460653273	0.009166919018108736	0.3725475172698907	0.26876097751034517	0.05941917431006442	0.0	0.0	0.0	0.05941917431006442	0.05941917431006442	0.05941917431006442	0.013249018419620395	0.26876097751034517	0.26876097751034517	0.26876097751034517	0.021989382242275906	0.3725475172698907	0.3725475172698907	0.3725475172698907	0.019942381151577458	0.7726668020245329	0.7943590789581343	0.26876097751034517	0.05941917431006442	31	SRF	8305
14	SRF	LogisticRegression	mono	0.7884837460653273	0.7726668020245329	0.7943590789581343	0.7884837460653273	0.7726668020245329	0.7943590789581343	0.7604673181862909	0.7606217629272497	0.7578396561030148	0.024133563040537254	0.7962800626325388	0.7963486035452341	0.7953688830929244	0.00560312258319316	0.8138036876274373	0.8133530937796026	0.8136197258151738	0.009166919018108736	0.3725475172698907	0.26876097751034517	0.05941917431006442	0.3725475172698907	0.26876097751034517	0.05941917431006442	0.06669792522467519	0.06906085862061095	0.0685861674389465	0.013249018419620395	0.3308981990001017	0.3320907839116761	0.3289005001752846	0.021989382242275906	0.4146792922179477	0.4158115280498896	0.41811482181223875	0.019942381151577458	0.7726668020245329	0.7943590789581343	0.26876097751034517	0.05941917431006442	31	SRF	8305
11	SRF	Single best di PWM	di	0.0	0.0	0.0	0.785534462369515	0.7685759699014085	0.8025218047848653	0.8025218047848653	0.8025218047848653	0.8025218047848653	0.023140023079415938	0.7685759699014085	0.7685759699014085	0.7685759699014085	0.005900656681646084	0.785534462369515	0.785534462369515	0.785534462369515	0.007337379967635648	0.0	0.0	0.0	0.38636451911151004	0.3026321705635008	0.1931456666092603	0.1931456666092603	0.1931456666092603	0.1931456666092603	0.0445441328216482	0.3026321705635008	0.3026321705635008	0.3026321705635008	0.0129791715884022	0.38636451911151004	0.38636451911151004	0.38636451911151004	0.02202616973343405	0.7685759699014085	0.8025218047848653	0.3026321705635008	0.1931456666092603	31	SRF	8305
11	SRF	LogisticRegression	di	0.785534462369515	0.7685759699014085	0.8025218047848653	0.785534462369515	0.7685759699014085	0.8025218047848653	0.8476681675541184	0.8478146325282638	0.8540112192406545	0.023140023079415938	0.8428849658502678	0.8428743601226046	0.8422674718687695	0.005900656681646084	0.8566991725850787	0.856517514859321	0.8594821988502661	0.007337379967635648	0.38636451911151004	0.3026321705635008	0.1931456666092603	0.38636451911151004	0.3026321705635008	0.1931456666092603	0.23228975467896035	0.2334971428642469	0.23966432555354084	0.0445441328216482	0.3624908440616066	0.36324329910612374	0.36936261209779475	0.0129791715884022	0.45050751377416387	0.4512830775719464	0.46295659721997534	0.02202616973343405	0.7685759699014085	0.8025218047848653	0.3026321705635008	0.1931456666092603	31	SRF	8305
14	SRF	LogisticRegression	mono+di	0.0	0.7726668020245329	0.8025218047848653	0.0	0.7726668020245329	0.8025218047848653	0.8451200727055361	0.84532318199559	0.8495016588316937	0.020888207604019333	0.8592425288671814	0.859123346229904	0.8603794589608613	0.005682005767964457	0.8648212139227434	0.8646632384362519	0.8658100255018062	0.00668327278456643	0.0	0.3026321705635008	0.1931456666092603	0.0	0.3026321705635008	0.1931456666092603	0.21721636912001363	0.22035234408372067	0.22767416599311635	0.04075847932184586	0.3810070875837075	0.38050476769561664	0.38049264618324913	0.01343949896183186	0.4719285207815623	0.47265142109186675	0.48541286495919544	0.021020793759429442	0.7726668020245329	0.8025218047848653	0.3026321705635008	0.1931456666092603	31	SRF	8305
14	SRF	Single best mono PWM	mono	0.7884837460653273	0.7726668020245329	0.8000889044288039	0.0	0.0	0.0	0.8000889044288039	0.8000889044288039	0.8000889044288039	0.0219958837954377	0.7726668020245329	0.7726668020245329	0.7726668020245329	0.0069904177906773	0.7884837460653273	0.7884837460653273	0.7884837460653273	0.0096866648569924	0.3725475172698907	0.2687609775103451	0.1449683195340332	0.0	0.0	0.0	0.1449683195340332	0.1449683195340332	0.1449683195340332	0.0287177024488671	0.2687609775103451	0.2687609775103451	0.2687609775103451	0.0293167806845799	0.3725475172698907	0.3725475172698907	0.3725475172698907	0.0292415163742844	0.7726668020245329	0.8000889044288039	0.2687609775103451	0.1449683195340332	31	SRF	8305
14	SRF	XGBClassifier	mono	0.7884837460653273	0.7726668020245329	0.8000889044288039	0.7884837460653273	0.7726668020245329	0.8000889044288039	0.7713606591091998	0.7729571417097274	0.777539710077878	0.0219958837954377	0.8434627880685649	0.8368032323793672	0.8375481624881265	0.0069904177906773	0.9106081259831194	0.9097699414121748	0.9113740012469438	0.0096866648569924	0.3725475172698907	0.2687609775103451	0.1449683195340332	0.3725475172698907	0.2687609775103451	0.1449683195340332	0.1122426284562544	0.1245623845584549	0.1171388925651496	0.0287177024488671	0.3453923058973783	0.3263753892573179	0.320696707344345	0.0293167806845799	0.5935461024768064	0.5921024526048423	0.5977488110053982	0.0292415163742844	0.7726668020245329	0.8000889044288039	0.2687609775103451	0.1449683195340332	31	SRF	8305
11	SRF	Single best di PWM	di	0.0	0.0	0.0	0.785534462369515	0.7685759699014085	0.8025218047848653	0.8025218047848653	0.8025218047848653	0.8025218047848653	0.0260358066506066	0.7685759699014085	0.7685759699014085	0.7685759699014085	0.0085671767507013	0.785534462369515	0.785534462369515	0.785534462369515	0.0079432849841262	0.0	0.0	0.0	0.38636451911151	0.3026321705635008	0.1931456666092603	0.1931456666092603	0.1931456666092603	0.1931456666092603	0.0492121762131435	0.3026321705635008	0.3026321705635008	0.3026321705635008	0.0181950255838624	0.38636451911151	0.38636451911151	0.38636451911151	0.0256898231146193	0.7685759699014085	0.8025218047848653	0.3026321705635008	0.1931456666092603	31	SRF	8305
11	SRF	XGBClassifier	di	0.785534462369515	0.7685759699014085	0.8025218047848653	0.785534462369515	0.7685759699014085	0.8025218047848653	0.8387318745053787	0.8411063726716697	0.8539029231865247	0.0260358066506066	0.8623403153577056	0.8624308953159042	0.8632376179935778	0.0085671767507013	0.9290942646615794	0.9272236699822336	0.9318073546971862	0.0079432849841262	0.38636451911151	0.3026321705635008	0.1931456666092603	0.38636451911151	0.3026321705635008	0.1931456666092603	0.2349288633092122	0.2442004369362102	0.2460477685568804	0.0492121762131435	0.3750859592562179	0.3666763790432759	0.3656659669763784	0.0181950255838624	0.6294900831268552	0.6267001167438648	0.6387132009999748	0.0256898231146193	0.7685759699014085	0.8025218047848653	0.3026321705635008	0.1931456666092603	31	SRF	8305
14	SRF	XGBClassifier	mono+di	0.0	0.7726668020245329	0.8025218047848653	0.0	0.7726668020245329	0.8025218047848653	0.8310848427171775	0.8213890229215267	0.8292557892310056	0.0272601471584819	0.874313989547057	0.8757941494429555	0.8763081763097667	0.0064502303516741	0.9377081527324572	0.935527914427203	0.9390589428157856	0.008586462263182	0.0	0.3026321705635008	0.1931456666092603	0.0	0.3026321705635008	0.1931456666092603	0.2109365955072238	0.1875453514233322	0.1877186374336443	0.0518922002131035	0.3713923064503059	0.381778810343127	0.3821471475998779	0.0148388007471505	0.6596187772493253	0.6563804364716791	0.666328249052827	0.0260758097955161	0.7726668020245329	0.8025218047848653	0.3026321705635008	0.1931456666092603	31	SRF	8305
14	SRF	Single best mono PWM	mono	0.7884837460653273	0.7726668020245329	0.7484421565432544	0.0	0.0	0.0	0.7484421565432544	0.7484421565432544	0.7484421565432544	0.024544806139550047	0.7726668020245329	0.7726668020245329	0.7726668020245329	0.008841832232969492	0.7884837460653273	0.7884837460653273	0.7884837460653273	0.009767954251848657	0.3725475172698907	0.26876097751034517	0.17598118043973493	0.0	0.0	0.0	0.17598118043973493	0.17598118043973493	0.17598118043973493	0.024960120835798853	0.26876097751034517	0.26876097751034517	0.26876097751034517	0.024591482475833083	0.3725475172698907	0.3725475172698907	0.3725475172698907	0.029745870611844694	0.7726668020245329	0.7484421565432544	0.26876097751034517	0.17598118043973493	31	SRF	8305
14	SRF	BaggingClassifier_XGBClassifier	mono	0.7884837460653273	0.7726668020245329	0.7484421565432544	0.7884837460653273	0.7726668020245329	0.7484421565432544	0.7547559960476549	0.755709126215474	0.7545060581997028	0.024544806139550047	0.8436918108164405	0.8455539308770668	0.8455940630561729	0.008841832232969492	0.9296783779498702	0.92579252851444	0.9266730091417066	0.009767954251848657	0.3725475172698907	0.26876097751034517	0.17598118043973493	0.3725475172698907	0.26876097751034517	0.17598118043973493	0.09356161283603345	0.09619717624447077	0.09780202902012	0.024960120835798853	0.3296373618633298	0.3362132423971794	0.33858965329734686	0.024591482475833083	0.6183295825987949	0.6140415167523169	0.6196307061469026	0.029745870611844694	0.7726668020245329	0.7484421565432544	0.26876097751034517	0.17598118043973493	31	SRF	8305
11	SRF	Single best di PWM	di	0.0	0.0	0.0	0.785534462369515	0.7685759699014085	0.8025218047848653	0.8025218047848653	0.8025218047848653	0.8025218047848653	0.02655579892519318	0.7685759699014085	0.7685759699014085	0.7685759699014085	0.006262555177093248	0.785534462369515	0.785534462369515	0.785534462369515	0.008738606391063029	0.0	0.0	0.0	0.38636451911151004	0.3026321705635008	0.1931456666092603	0.1931456666092603	0.1931456666092603	0.1931456666092603	0.0469959766850406	0.3026321705635008	0.3026321705635008	0.3026321705635008	0.013544666516733906	0.38636451911151004	0.38636451911151004	0.38636451911151004	0.024843203851906456	0.7685759699014085	0.8025218047848653	0.3026321705635008	0.1931456666092603	31	SRF	8305
11	SRF	BaggingClassifier_XGBClassifier	di	0.785534462369515	0.7685759699014085	0.8025218047848653	0.785534462369515	0.7685759699014085	0.8025218047848653	0.8429661940670071	0.8450331956680488	0.8595601048654484	0.02655579892519318	0.8688701619973533	0.8682164030430404	0.8690855018802346	0.006262555177093248	0.9392653755666427	0.9380739252291493	0.9433787993690738	0.008738606391063029	0.38636451911151004	0.3026321705635008	0.1931456666092603	0.38636451911151004	0.3026321705635008	0.1931456666092603	0.25432867128063785	0.25514173293075915	0.26680488839479843	0.0469959766850406	0.38096853711596185	0.3728250017875456	0.37106329134626076	0.013544666516733906	0.6477838600468216	0.6419113480650004	0.653018531958852	0.024843203851906456	0.7685759699014085	0.8025218047848653	0.3026321705635008	0.1931456666092603	31	SRF	8305
14	SRF	BaggingClassifier_XGBClassifier	mono+di	0.0	0.7726668020245329	0.8025218047848653	0.0	0.7726668020245329	0.8025218047848653	0.8187836303030911	0.8155553238164673	0.8224448614170807	0.02637982081037363	0.882645612219919	0.8778763559408341	0.8798827184679376	0.00712406128779095	0.9474927566948522	0.9473100195537155	0.9498741900126342	0.008117671298767065	0.0	0.3026321705635008	0.1931456666092603	0.0	0.3026321705635008	0.1931456666092603	0.18663096319271444	0.19209393324233828	0.19368513316965072	0.04438802655714755	0.38648174057068607	0.3901319187193008	0.3904714870050334	0.018587694575926305	0.6835009223731202	0.677232269631222	0.6863980534224542	0.026368942468194313	0.7726668020245329	0.8025218047848653	0.3026321705635008	0.1931456666092603	31	SRF	8305
14	SRF	Single best mono PWM	mono	0.7884837460653273	0.7726668020245329	0.7619609324226708	0.0	0.0	0.0	0.7619609324226708	0.7619609324226708	0.7619609324226708	0.018012178859636224	0.7726668020245329	0.7726668020245329	0.7726668020245329	0.005796829424575695	0.7884837460653273	0.7884837460653273	0.7884837460653273	0.009261576476519547	0.3725475172698907	0.26876097751034517	0.15138369803933235	0.0	0.0	0.0	0.15138369803933235	0.15138369803933235	0.15138369803933235	0.008237490757915718	0.26876097751034517	0.26876097751034517	0.26876097751034517	0.022047941479383097	0.3725475172698907	0.3725475172698907	0.3725475172698907	0.019998961640700752	0.7726668020245329	0.7619609324226708	0.26876097751034517	0.15138369803933235	31	SRF	8305
14	SRF	BaggingClassifier_LogisticRegression	mono	0.7884837460653273	0.7726668020245329	0.7619609324226708	0.7884837460653273	0.7726668020245329	0.7619609324226708	0.7294348415732781	0.725998597990767	0.7241011257614312	0.018012178859636224	0.7962688680499567	0.7961756649199828	0.7948397282515192	0.005796829424575695	0.813836075360504	0.8127934619713609	0.813180381945931	0.009261576476519547	0.3725475172698907	0.26876097751034517	0.15138369803933235	0.3725475172698907	0.26876097751034517	0.15138369803933235	0.04881465156316548	0.04764011506541767	0.04595103154219608	0.008237490757915718	0.3309996070742029	0.3320748593672266	0.32912747087442146	0.022047941479383097	0.41459655127352635	0.4164309626550411	0.4189631396622519	0.019998961640700752	0.7726668020245329	0.7619609324226708	0.26876097751034517	0.15138369803933235	31	SRF	8305
11	SRF	Single best di PWM	di	0.0	0.0	0.0	0.785534462369515	0.7685759699014085	0.8025218047848653	0.8025218047848653	0.8025218047848653	0.8025218047848653	0.02323510587276404	0.7685759699014085	0.7685759699014085	0.7685759699014085	0.005789409803736918	0.785534462369515	0.785534462369515	0.785534462369515	0.007336252385092912	0.0	0.0	0.0	0.38636451911151004	0.3026321705635008	0.1931456666092603	0.1931456666092603	0.1931456666092603	0.1931456666092603	0.04490345573630985	0.3026321705635008	0.3026321705635008	0.3026321705635008	0.013457586357876495	0.38636451911151004	0.38636451911151004	0.38636451911151004	0.02214589906559077	0.7685759699014085	0.8025218047848653	0.3026321705635008	0.1931456666092603	31	SRF	8305
11	SRF	BaggingClassifier_LogisticRegression	di	0.785534462369515	0.7685759699014085	0.8025218047848653	0.785534462369515	0.7685759699014085	0.8025218047848653	0.8475747848584723	0.8477388306004643	0.8540418316084096	0.02323510587276404	0.8429975608084473	0.8426478502230335	0.842066219535645	0.005789409803736918	0.8567384569490103	0.8563907980288984	0.8594584922121793	0.007336252385092912	0.38636451911151004	0.3026321705635008	0.1931456666092603	0.38636451911151004	0.3026321705635008	0.1931456666092603	0.23223893126597367	0.23374622909477033	0.24014007675778393	0.04490345573630985	0.3621612308468409	0.36346859950663596	0.3683756515272372	0.013457586357876495	0.4505279212167685	0.4513136414303934	0.4628818025170919	0.02214589906559077	0.7685759699014085	0.8025218047848653	0.3026321705635008	0.1931456666092603	31	SRF	8305
14	SRF	BaggingClassifier_LogisticRegression	mono+di	0.0	0.7726668020245329	0.8025218047848653	0.0	0.7726668020245329	0.8025218047848653	0.8366499814684106	0.8360236609877543	0.8396269951422624	0.019671322148693316	0.8591490715111705	0.8589854637103718	0.8604216756859134	0.005565093309732459	0.864756894162887	0.8644728997257153	0.865733035188196	0.006729063900791704	0.0	0.3026321705635008	0.1931456666092603	0.0	0.3026321705635008	0.1931456666092603	0.21432339452934074	0.21640514947190254	0.22328404380472655	0.04326649617730636	0.3810143628816036	0.3802181676688406	0.3810636646803501	0.01370318010364566	0.47202005368407296	0.47259342621997885	0.4850311116383346	0.02107129916159692	0.7726668020245329	0.8025218047848653	0.3026321705635008	0.1931456666092603	31	SRF	8305
9	STA5A	Single best mono PWM	mono	0.742385810749207	0.7460946159420667	0.8956346912212314	0.0	0.0	0.0	0.8956346912212314	0.8956346912212314	0.8956346912212314	0.00815486290936333	0.7460946159420667	0.7460946159420667	0.7460946159420667	0.04924063369710544	0.742385810749207	0.742385810749207	0.742385810749207	0.009282716366839305	0.07185293819485104	0.061470816234982975	0.20392100409631178	0.0	0.0	0.0	0.20392100409631178	0.20392100409631178	0.20392100409631178	0.013430157787937106	0.061470816234982975	0.061470816234982975	0.061470816234982975	0.034053729491331126	0.07185293819485104	0.07185293819485104	0.07185293819485104	0.03063016018924237	0.7460946159420667	0.8956346912212314	0.061470816234982975	0.20392100409631178	32	STA5A	2550
9	STA5A	RandomForestClassifier	mono	0.742385810749207	0.7460946159420667	0.8956346912212314	0.742385810749207	0.7460946159420667	0.8956346912212314	0.8424481392174401	0.8328340005710623	0.8339605588760443	0.00815486290936333	0.7687461875739676	0.7646779422132719	0.7697823274900754	0.04924063369710544	0.8080402703534565	0.8080626540790817	0.8076012809469559	0.009282716366839305	0.07185293819485104	0.061470816234982975	0.20392100409631178	0.07185293819485104	0.061470816234982975	0.20392100409631178	0.21849113579818435	0.21587789831560336	0.22016085608188468	0.013430157787937106	0.08869470346493749	0.0969128597305944	0.08640970117552021	0.034053729491331126	0.18724405398197405	0.18360723147482047	0.18659907740914516	0.03063016018924237	0.7460946159420667	0.8956346912212314	0.061470816234982975	0.20392100409631178	32	STA5A	2550
5	STA5A	Single best di PWM	di	0.0	0.0	0.0	0.7326659260914451	0.7373774158398807	0.9004236715370855	0.9004236715370855	0.9004236715370855	0.9004236715370855	0.0076120739890189	0.7373774158398807	0.7373774158398807	0.7373774158398807	0.03559885477252908	0.7326659260914451	0.7326659260914451	0.7326659260914451	0.011541064175568026	0.0	0.0	0.0	0.07292097572966026	0.0690842099426947	0.2737392963846898	0.2737392963846898	0.2737392963846898	0.2737392963846898	0.012035873508060825	0.0690842099426947	0.0690842099426947	0.0690842099426947	0.02015039707674987	0.07292097572966026	0.07292097572966026	0.07292097572966026	0.029863556937859425	0.7373774158398807	0.9004236715370855	0.0690842099426947	0.2737392963846898	32	STA5A	2550
5	STA5A	RandomForestClassifier	di	0.7326659260914451	0.7373774158398807	0.9004236715370855	0.7326659260914451	0.7373774158398807	0.9004236715370855	0.8756012103179901	0.8766911144358421	0.8757688224791322	0.0076120739890189	0.7801585621657882	0.7798107839929284	0.7834897940277306	0.03559885477252908	0.8032178996551647	0.8051200336470578	0.8045824928114481	0.011541064175568026	0.07292097572966026	0.0690842099426947	0.2737392963846898	0.07292097572966026	0.0690842099426947	0.2737392963846898	0.2753234608582881	0.2763350669752255	0.2757120419007979	0.012035873508060825	0.10254442494497078	0.10875464165497285	0.11246585160314143	0.02015039707674987	0.18032656889030235	0.1785624358112854	0.19461654538777895	0.029863556937859425	0.7373774158398807	0.9004236715370855	0.0690842099426947	0.2737392963846898	32	STA5A	2550
9	STA5A	RandomForestClassifier	mono+di	0.0	0.7460946159420667	0.9004236715370855	0.0	0.7460946159420667	0.9004236715370855	0.8604476659702569	0.8571000289886691	0.857419070272377	0.006532672908469353	0.7739067395871893	0.7753513551398595	0.7844513753787138	0.0378800988278046	0.8104951955382251	0.8124068383636625	0.8107501315595634	0.00847110064204968	0.0	0.0690842099426947	0.2737392963846898	0.0	0.0690842099426947	0.2737392963846898	0.2615508392355397	0.254786848693256	0.2540507204033304	0.013177182566014793	0.0969896792113291	0.11212357733369162	0.10796898961039904	0.030168619474422575	0.19962258093126042	0.20333848620241762	0.21264874814640986	0.0312355027210807	0.7460946159420667	0.9004236715370855	0.0690842099426947	0.2737392963846898	32	STA5A	2550
9	STA5A	Single best mono PWM	mono	0.742385810749207	0.7460946159420667	0.8956346912212314	0.0	0.0	0.0	0.8956346912212314	0.8956346912212314	0.8956346912212314	0.005886985121811882	0.7460946159420667	0.7460946159420667	0.7460946159420667	0.033584114953708305	0.742385810749207	0.742385810749207	0.742385810749207	0.009665839260077922	0.07185293819485104	0.061470816234982975	0.25840441191369173	0.0	0.0	0.0	0.25840441191369173	0.25840441191369173	0.25840441191369173	0.007781856208749271	0.061470816234982975	0.061470816234982975	0.061470816234982975	0.017025448107666367	0.07185293819485104	0.07185293819485104	0.07185293819485104	0.005649986649288677	0.7460946159420667	0.8956346912212314	0.061470816234982975	0.25840441191369173	32	STA5A	2550
9	STA5A	LogisticRegression	mono	0.742385810749207	0.7460946159420667	0.8956346912212314	0.742385810749207	0.7460946159420667	0.8956346912212314	0.8983836018849789	0.8983869481191002	0.8995961963659471	0.005886985121811882	0.7467258754894243	0.7463594555149469	0.7443073545777457	0.033584114953708305	0.7423945969790887	0.7418489542001222	0.745252560573301	0.009665839260077922	0.07185293819485104	0.061470816234982975	0.25840441191369173	0.07185293819485104	0.061470816234982975	0.25840441191369173	0.27247094017477047	0.27297805643633916	0.2708759954095652	0.007781856208749271	0.08567258367715681	0.09030737181310089	0.08634830432358595	0.017025448107666367	0.07710791115846094	0.07869299680725703	0.0787440826687073	0.005649986649288677	0.7460946159420667	0.8956346912212314	0.061470816234982975	0.25840441191369173	32	STA5A	2550
5	STA5A	Single best di PWM	di	0.0	0.0	0.0	0.7326659260914451	0.7373774158398807	0.9004236715370855	0.9004236715370855	0.9004236715370855	0.9004236715370855	0.006520793892262842	0.7373774158398807	0.7373774158398807	0.7373774158398807	0.03297551807864147	0.7326659260914451	0.7326659260914451	0.7326659260914451	0.009737625014891933	0.0	0.0	0.0	0.07292097572966026	0.0690842099426947	0.2737392963846898	0.2737392963846898	0.2737392963846898	0.2737392963846898	0.010820456837033964	0.0690842099426947	0.0690842099426947	0.0690842099426947	0.024810198347859837	0.07292097572966026	0.07292097572966026	0.07292097572966026	0.009044613042297549	0.7373774158398807	0.9004236715370855	0.0690842099426947	0.2737392963846898	32	STA5A	2550
5	STA5A	LogisticRegression	di	0.7326659260914451	0.7373774158398807	0.9004236715370855	0.7326659260914451	0.7373774158398807	0.9004236715370855	0.8970969589362952	0.8971191418035366	0.8969867093837507	0.006520793892262842	0.7541154389568681	0.7542628400806449	0.7479618935861408	0.03297551807864147	0.7428806369763651	0.7425400890368792	0.7424408974538914	0.009737625014891933	0.07292097572966026	0.0690842099426947	0.2737392963846898	0.07292097572966026	0.0690842099426947	0.2737392963846898	0.27655330677241197	0.2772481120331271	0.2774941774331891	0.010820456837033964	0.09982221615752464	0.10538938418286321	0.1028834105775761	0.024810198347859837	0.08446121281438555	0.08632086531015148	0.08198189728043487	0.009044613042297549	0.7373774158398807	0.9004236715370855	0.0690842099426947	0.2737392963846898	32	STA5A	2550
9	STA5A	LogisticRegression	mono+di	0.0	0.7460946159420667	0.9004236715370855	0.0	0.7460946159420667	0.9004236715370855	0.8931001595290222	0.8931545484653568	0.893607878388732	0.00644084639350069	0.7574112519355394	0.7574563896868499	0.7517481737674432	0.03124997195648358	0.7472091766342925	0.7467224695747064	0.7441977530915191	0.011181442138800493	0.0	0.0690842099426947	0.2737392963846898	0.0	0.0690842099426947	0.2737392963846898	0.25348533645265214	0.25408930487529263	0.2552277302812212	0.010743723894977464	0.09757806744839936	0.10431691271809977	0.10592039318626228	0.01745056915284955	0.08508716723946261	0.08737777665966459	0.08784655472508983	0.005308352824705879	0.7460946159420667	0.9004236715370855	0.0690842099426947	0.2737392963846898	32	STA5A	2550
9	STA5A	Single best mono PWM	mono	0.742385810749207	0.7460946159420667	0.8956346912212314	0.0	0.0	0.0	0.8956346912212314	0.8956346912212314	0.8956346912212314	0.0214227037403978	0.7460946159420667	0.7460946159420667	0.7460946159420667	0.0606907367102477	0.742385810749207	0.742385810749207	0.742385810749207	0.0211831671399682	0.071852938194851	0.0614708162349829	0.2584044119136917	0.0	0.0	0.0	0.2584044119136917	0.2584044119136917	0.2584044119136917	0.0274592453181673	0.0614708162349829	0.0614708162349829	0.0614708162349829	0.0430741164873566	0.071852938194851	0.071852938194851	0.071852938194851	0.0280927875445185	0.7460946159420667	0.8956346912212314	0.0614708162349829	0.2584044119136917	32	STA5A	2550
9	STA5A	XGBClassifier	mono	0.742385810749207	0.7460946159420667	0.8956346912212314	0.742385810749207	0.7460946159420667	0.8956346912212314	0.7955933061221766	0.8247914490650778	0.8305848050276068	0.0214227037403978	0.7663952827581892	0.7606669880412316	0.7518899260968177	0.0606907367102477	0.8672429144431433	0.8596436395402337	0.8668834057993224	0.0211831671399682	0.071852938194851	0.0614708162349829	0.2584044119136917	0.071852938194851	0.0614708162349829	0.2584044119136917	0.1253033206513796	0.1684403280807593	0.1745660272833333	0.0274592453181673	0.0928513116021822	0.108812757919622	0.0872779535394207	0.0430741164873566	0.1913279740090686	0.1851574537049735	0.1882596907464618	0.0280927875445185	0.7460946159420667	0.8956346912212314	0.0614708162349829	0.2584044119136917	32	STA5A	2550
5	STA5A	Single best di PWM	di	0.0	0.0	0.0	0.7326659260914451	0.7373774158398807	0.9004236715370855	0.9004236715370855	0.9004236715370855	0.9004236715370855	0.0053339348119671	0.7373774158398807	0.7373774158398807	0.7373774158398807	0.0458990846439364	0.7326659260914451	0.7326659260914451	0.7326659260914451	0.018951320189672	0.0	0.0	0.0	0.0729209757296602	0.0690842099426947	0.2737392963846898	0.2737392963846898	0.2737392963846898	0.2737392963846898	0.0102170268094952	0.0690842099426947	0.0690842099426947	0.0690842099426947	0.0156458159269383	0.0729209757296602	0.0729209757296602	0.0729209757296602	0.0286699127986719	0.7373774158398807	0.9004236715370855	0.0690842099426947	0.2737392963846898	32	STA5A	2550
5	STA5A	XGBClassifier	di	0.7326659260914451	0.7373774158398807	0.9004236715370855	0.7326659260914451	0.7373774158398807	0.9004236715370855	0.875744848347306	0.8726265227623037	0.8737266146403013	0.0053339348119671	0.7748905062554199	0.7705069140235741	0.7733138878019944	0.0458990846439364	0.8479099133122169	0.8545050044059321	0.8588550034252502	0.018951320189672	0.0729209757296602	0.0690842099426947	0.2737392963846898	0.0729209757296602	0.0690842099426947	0.2737392963846898	0.2639069270283647	0.2649963972486472	0.2706383153380571	0.0102170268094952	0.0941774724177886	0.0974128741930699	0.0894528498335129	0.0156458159269383	0.2062842619287706	0.1933887097903256	0.2082791483099306	0.0286699127986719	0.7373774158398807	0.9004236715370855	0.0690842099426947	0.2737392963846898	32	STA5A	2550
9	STA5A	XGBClassifier	mono+di	0.0	0.7460946159420667	0.9004236715370855	0.0	0.7460946159420667	0.9004236715370855	0.860896054493512	0.85288855945657	0.851494907038858	0.0080942597208154	0.7668851327984206	0.7698786325195829	0.7694383541432919	0.0360691555241118	0.8731968054237591	0.8740723163847074	0.8826815457615407	0.0262268601230801	0.0	0.0690842099426947	0.2737392963846898	0.0	0.0690842099426947	0.2737392963846898	0.2322690500780942	0.238868753888035	0.2386705177616671	0.0117500285445342	0.0891608689277437	0.1107061549320148	0.0961290927084505	0.0362950170895868	0.2211885300097227	0.2116727269793288	0.2253693766564273	0.0391050229476606	0.7460946159420667	0.9004236715370855	0.0690842099426947	0.2737392963846898	32	STA5A	2550
9	STA5A	Single best mono PWM	mono	0.742385810749207	0.7460946159420667	0.7898175912452609	0.0	0.0	0.0	0.7898175912452609	0.7898175912452609	0.7898175912452609	0.014158656252903025	0.7460946159420667	0.7460946159420667	0.7460946159420667	0.057848814838437734	0.742385810749207	0.742385810749207	0.742385810749207	0.027077728763967596	0.07185293819485104	0.061470816234982975	0.20392100409631178	0.0	0.0	0.0	0.20392100409631178	0.20392100409631178	0.20392100409631178	0.016301174152502935	0.061470816234982975	0.061470816234982975	0.061470816234982975	0.04199545690526559	0.07185293819485104	0.07185293819485104	0.07185293819485104	0.03764161069837376	0.7460946159420667	0.7898175912452609	0.061470816234982975	0.20392100409631178	32	STA5A	2550
9	STA5A	BaggingClassifier_XGBClassifier	mono	0.742385810749207	0.7460946159420667	0.7898175912452609	0.742385810749207	0.7460946159420667	0.7898175912452609	0.8093184129198484	0.8043463360602	0.8054795344139292	0.014158656252903025	0.7712751707011041	0.7695924707317621	0.7615715721897978	0.057848814838437734	0.8935879404667009	0.8909742881740297	0.8981560006296949	0.027077728763967596	0.07185293819485104	0.061470816234982975	0.20392100409631178	0.07185293819485104	0.061470816234982975	0.20392100409631178	0.16998340659543745	0.16542513161256814	0.1669708764609967	0.016301174152502935	0.09091446959154593	0.10579408357902897	0.09326395393057159	0.04199545690526559	0.20771311187836802	0.20915455318670143	0.2182550030890315	0.03764161069837376	0.7460946159420667	0.7898175912452609	0.061470816234982975	0.20392100409631178	32	STA5A	2550
5	STA5A	Single best di PWM	di	0.0	0.0	0.0	0.7326659260914451	0.7373774158398807	0.9004236715370855	0.9004236715370855	0.9004236715370855	0.9004236715370855	0.004650181296318309	0.7373774158398807	0.7373774158398807	0.7373774158398807	0.040413884574988186	0.7326659260914451	0.7326659260914451	0.7326659260914451	0.02281351762380458	0.0	0.0	0.0	0.07292097572966026	0.0690842099426947	0.2737392963846898	0.2737392963846898	0.2737392963846898	0.2737392963846898	0.008966382668287054	0.0690842099426947	0.0690842099426947	0.0690842099426947	0.015722440477834325	0.07292097572966026	0.07292097572966026	0.07292097572966026	0.0363471412387805	0.7373774158398807	0.9004236715370855	0.0690842099426947	0.2737392963846898	32	STA5A	2550
5	STA5A	BaggingClassifier_XGBClassifier	di	0.7326659260914451	0.7373774158398807	0.9004236715370855	0.7326659260914451	0.7373774158398807	0.9004236715370855	0.8760904013923747	0.8756580305544814	0.8755789485937137	0.004650181296318309	0.7763514192217524	0.7789181003080154	0.7757671206085498	0.040413884574988186	0.8819096436086059	0.8743908028061516	0.8798662037759402	0.02281351762380458	0.07292097572966026	0.0690842099426947	0.2737392963846898	0.07292097572966026	0.0690842099426947	0.2737392963846898	0.26990955876259143	0.27020522223690097	0.27216845931242456	0.008966382668287054	0.1007575619654236	0.1032464376926974	0.09538605177669186	0.015722440477834325	0.2167511870741929	0.20956020520156496	0.21650494969375614	0.0363471412387805	0.7373774158398807	0.9004236715370855	0.0690842099426947	0.2737392963846898	32	STA5A	2550
9	STA5A	BaggingClassifier_XGBClassifier	mono+di	0.0	0.7460946159420667	0.9004236715370855	0.0	0.7460946159420667	0.9004236715370855	0.8613103138182837	0.8642465850158846	0.8659340369555332	0.007564013204128618	0.7763371687859846	0.7697387307185111	0.7803798315285237	0.041980435649452544	0.9041128761990292	0.9005399796169549	0.9087368871422686	0.029276420985594874	0.0	0.0690842099426947	0.2737392963846898	0.0	0.0690842099426947	0.2737392963846898	0.2403729017614184	0.24534031319644475	0.2459556975397811	0.009206084877856653	0.09946576928932686	0.11295427954165736	0.08759365853798981	0.041747177216468624	0.2508586537834141	0.24578343884622456	0.2586742039981883	0.045705126097727894	0.7460946159420667	0.9004236715370855	0.0690842099426947	0.2737392963846898	32	STA5A	2550
9	STA5A	Single best mono PWM	mono	0.742385810749207	0.7460946159420667	0.7898175912452609	0.0	0.0	0.0	0.7898175912452609	0.7898175912452609	0.7898175912452609	0.009684098833251392	0.7460946159420667	0.7460946159420667	0.7460946159420667	0.033328606143075604	0.742385810749207	0.742385810749207	0.742385810749207	0.009732917817243756	0.07185293819485104	0.061470816234982975	0.25840441191369173	0.0	0.0	0.0	0.25840441191369173	0.25840441191369173	0.25840441191369173	0.01127392682097091	0.061470816234982975	0.061470816234982975	0.061470816234982975	0.011405109593560553	0.07185293819485104	0.07185293819485104	0.07185293819485104	0.005524664447442997	0.7460946159420667	0.7898175912452609	0.061470816234982975	0.25840441191369173	32	STA5A	2550
9	STA5A	BaggingClassifier_LogisticRegression	mono	0.742385810749207	0.7460946159420667	0.7898175912452609	0.742385810749207	0.7460946159420667	0.7898175912452609	0.8668772514284189	0.8655587669469672	0.8687454785675512	0.009684098833251392	0.7466645638584619	0.7466663764144822	0.7434333219844604	0.033328606143075604	0.7421657732623581	0.7423887610093471	0.7456039776653367	0.009732917817243756	0.07185293819485104	0.061470816234982975	0.25840441191369173	0.07185293819485104	0.061470816234982975	0.25840441191369173	0.22167096199372122	0.21870139173783487	0.21434285243086315	0.01127392682097091	0.08509395256048582	0.08726751312374835	0.08658231333359281	0.011405109593560553	0.07733324719791565	0.07824550690378652	0.07806486980214256	0.005524664447442997	0.7460946159420667	0.7898175912452609	0.061470816234982975	0.25840441191369173	32	STA5A	2550
5	STA5A	Single best di PWM	di	0.0	0.0	0.0	0.7326659260914451	0.7373774158398807	0.9004236715370855	0.9004236715370855	0.9004236715370855	0.9004236715370855	0.006428696131452441	0.7373774158398807	0.7373774158398807	0.7373774158398807	0.03289792794108321	0.7326659260914451	0.7326659260914451	0.7326659260914451	0.00965175689528319	0.0	0.0	0.0	0.07292097572966026	0.0690842099426947	0.2737392963846898	0.2737392963846898	0.2737392963846898	0.2737392963846898	0.010585913853980472	0.0690842099426947	0.0690842099426947	0.0690842099426947	0.0250087605645225	0.07292097572966026	0.07292097572966026	0.07292097572966026	0.008852567270724048	0.7373774158398807	0.9004236715370855	0.0690842099426947	0.2737392963846898	32	STA5A	2550
5	STA5A	BaggingClassifier_LogisticRegression	di	0.7326659260914451	0.7373774158398807	0.9004236715370855	0.7326659260914451	0.7373774158398807	0.9004236715370855	0.8972524940593795	0.897031471628791	0.8968395090630619	0.006428696131452441	0.7543216531895777	0.7543490998282679	0.7475673106945688	0.03289792794108321	0.7429568091594827	0.7423320424859243	0.7423662802826432	0.00965175689528319	0.07292097572966026	0.0690842099426947	0.2737392963846898	0.07292097572966026	0.0690842099426947	0.2737392963846898	0.27717352622453406	0.27655575244691927	0.2764312986512479	0.010585913853980472	0.09920515538285178	0.1047547592884933	0.10131396479521193	0.0250087605645225	0.08441738140839496	0.086379887149138	0.08202059680115122	0.008852567270724048	0.7373774158398807	0.9004236715370855	0.0690842099426947	0.2737392963846898	32	STA5A	2550
9	STA5A	BaggingClassifier_LogisticRegression	mono+di	0.0	0.7460946159420667	0.9004236715370855	0.0	0.7460946159420667	0.9004236715370855	0.8949944017995408	0.8947444585985396	0.894101788620502	0.005724851651047808	0.7575186515612048	0.7576989221288446	0.752377790816169	0.030996195642414754	0.7469705342146729	0.746827385169411	0.7446172461266113	0.01106678653666203	0.0	0.0690842099426947	0.2737392963846898	0.0	0.0690842099426947	0.2737392963846898	0.2756744937580058	0.2762547908285492	0.27464368682903756	0.006605744500026887	0.09730331557453403	0.10441193741828907	0.1078282465835243	0.017740665033400136	0.08530653580554697	0.08663011288557233	0.08739761418147456	0.005497860599066846	0.7460946159420667	0.9004236715370855	0.0690842099426947	0.2737392963846898	32	STA5A	2550
11	STAT1	Single best mono PWM	mono	0.9022378518937622	0.9131343828630953	0.7252411598313945	0.0	0.0	0.0	0.7252411598313945	0.7252411598313945	0.7252411598313945	0.006087585849425146	0.9131343828630953	0.9131343828630953	0.9131343828630953	0.011981982010052716	0.9022378518937622	0.9022378518937622	0.9022378518937622	0.004460865992109287	0.3769059327431532	0.3650866780206495	0.1129586686925529	0.0	0.0	0.0	0.1129586686925529	0.1129586686925529	0.1129586686925529	0.005449773343850183	0.3650866780206495	0.3650866780206495	0.3650866780206495	0.04955298265067238	0.3769059327431532	0.3769059327431532	0.3769059327431532	0.018527192297526272	0.9131343828630953	0.7252411598313945	0.3650866780206495	0.1129586686925529	33	STAT1	4588
11	STAT1	RandomForestClassifier	mono	0.9022378518937622	0.9131343828630953	0.7252411598313945	0.9022378518937622	0.9131343828630953	0.7252411598313945	0.8066202726149772	0.8056919178415155	0.8043680200223962	0.006087585849425146	0.9354761187401384	0.9343906211166922	0.9309819201687712	0.011981982010052716	0.9388045213117827	0.9391170553106913	0.9378739516006107	0.004460865992109287	0.3769059327431532	0.3650866780206495	0.1129586686925529	0.3769059327431532	0.3650866780206495	0.1129586686925529	0.15386560159783008	0.15454368225084686	0.1537368037763791	0.005449773343850183	0.37677009345726753	0.38060964549070214	0.362253854487594	0.04955298265067238	0.5149009148256257	0.5140154324463209	0.5150117120543766	0.018527192297526272	0.9131343828630953	0.7252411598313945	0.3650866780206495	0.1129586686925529	33	STAT1	4588
6	STAT1	Single best di PWM	di	0.0	0.0	0.0	0.899775929110194	0.9097995691720625	0.7287629822416637	0.7287629822416637	0.7287629822416637	0.7287629822416637	0.006223647346466626	0.9097995691720625	0.9097995691720625	0.9097995691720625	0.01480154816749911	0.899775929110194	0.899775929110194	0.899775929110194	0.004954428133716475	0.0	0.0	0.0	0.3637511480641899	0.35001654790935993	0.1271833820387303	0.1271833820387303	0.1271833820387303	0.1271833820387303	0.0050555965448682945	0.35001654790935993	0.35001654790935993	0.35001654790935993	0.049727427495688745	0.3637511480641899	0.3637511480641899	0.3637511480641899	0.019731823066306713	0.9097995691720625	0.7287629822416637	0.35001654790935993	0.1271833820387303	33	STAT1	4588
6	STAT1	RandomForestClassifier	di	0.899775929110194	0.9097995691720625	0.7287629822416637	0.899775929110194	0.9097995691720625	0.7287629822416637	0.7994092534049015	0.7998244321856178	0.7966713981615821	0.006223647346466626	0.9412417152689605	0.9405181923140954	0.9389962810161773	0.01480154816749911	0.941509452136075	0.9419431257327382	0.9394233909868186	0.004954428133716475	0.3637511480641899	0.35001654790935993	0.1271833820387303	0.3637511480641899	0.35001654790935993	0.1271833820387303	0.18261904541169027	0.18202695552468723	0.181148756927225	0.0050555965448682945	0.4146258789770343	0.41374223970965	0.38496039388852404	0.049727427495688745	0.5368752255985734	0.5357588921568835	0.5332089551097393	0.019731823066306713	0.9097995691720625	0.7287629822416637	0.35001654790935993	0.1271833820387303	33	STAT1	4588
11	STAT1	RandomForestClassifier	mono+di	0.0	0.9131343828630953	0.7287629822416637	0.0	0.9131343828630953	0.7287629822416637	0.8203124040928859	0.8189934150766179	0.8166967753763725	0.0068127512775049475	0.9392194359899804	0.9400572511775783	0.9380404878425054	0.011973959398887754	0.9437636621244639	0.9427316645524172	0.9394152489981094	0.005086149908990812	0.0	0.3650866780206495	0.1271833820387303	0.0	0.3650866780206495	0.1271833820387303	0.17429141955981897	0.17636787728783165	0.17427912821044214	0.0053956521463938934	0.4141461655725075	0.4186276707442343	0.3914809742797762	0.046450066868616066	0.5500227989797281	0.5509109140958517	0.5448642624390779	0.019943738234015827	0.9131343828630953	0.7287629822416637	0.3650866780206495	0.1271833820387303	33	STAT1	4588
11	STAT1	Single best mono PWM	mono	0.9022378518937622	0.9131343828630953	0.7145992378369086	0.0	0.0	0.0	0.7145992378369086	0.7145992378369086	0.7145992378369086	0.005382845567618335	0.9131343828630953	0.9131343828630953	0.9131343828630953	0.015851548853747954	0.9022378518937622	0.9022378518937622	0.9022378518937622	0.005390670382885054	0.3769059327431532	0.3650866780206495	0.10786195702386132	0.0	0.0	0.0	0.10786195702386132	0.10786195702386132	0.10786195702386132	0.003809889316278517	0.3650866780206495	0.3650866780206495	0.3650866780206495	0.061528398388479386	0.3769059327431532	0.3769059327431532	0.3769059327431532	0.008132691417342613	0.9131343828630953	0.7145992378369086	0.3650866780206495	0.10786195702386132	33	STAT1	4588
11	STAT1	LogisticRegression	mono	0.9022378518937622	0.9131343828630953	0.7145992378369086	0.9022378518937622	0.9131343828630953	0.7145992378369086	0.7363172175953341	0.7367210528262529	0.7384669304592826	0.005382845567618335	0.9215638277414857	0.9216718965081888	0.9191476415741122	0.015851548853747954	0.9150038981459789	0.9149494164395685	0.9145559349890604	0.005390670382885054	0.3769059327431532	0.3650866780206495	0.10786195702386132	0.3769059327431532	0.3650866780206495	0.10786195702386132	0.1309446354945123	0.13160550161958878	0.13029237373705277	0.003809889316278517	0.37251721046178293	0.3734917090281797	0.36062491743173103	0.061528398388479386	0.37406000977812764	0.3745886184419368	0.3762669414744957	0.008132691417342613	0.9131343828630953	0.7145992378369086	0.3650866780206495	0.10786195702386132	33	STAT1	4588
6	STAT1	Single best di PWM	di	0.0	0.0	0.0	0.899775929110194	0.9097995691720625	0.7287629822416637	0.7287629822416637	0.7287629822416637	0.7287629822416637	0.005909229545675359	0.9097995691720625	0.9097995691720625	0.9097995691720625	0.014016406352611033	0.899775929110194	0.899775929110194	0.899775929110194	0.005567388865229506	0.0	0.0	0.0	0.3637511480641899	0.35001654790935993	0.1271833820387303	0.1271833820387303	0.1271833820387303	0.1271833820387303	0.006690581119682194	0.35001654790935993	0.35001654790935993	0.35001654790935993	0.052386473203340236	0.3637511480641899	0.3637511480641899	0.3637511480641899	0.013283203175431437	0.9097995691720625	0.7287629822416637	0.35001654790935993	0.1271833820387303	33	STAT1	4588
6	STAT1	LogisticRegression	di	0.899775929110194	0.9097995691720625	0.7287629822416637	0.899775929110194	0.9097995691720625	0.7287629822416637	0.7757272062615805	0.7757248535591319	0.7739360976606724	0.005909229545675359	0.9311230026915784	0.9311142487124032	0.9271988584272322	0.014016406352611033	0.9233750221103344	0.9234614805619537	0.9211015558120048	0.005567388865229506	0.3637511480641899	0.35001654790935993	0.1271833820387303	0.3637511480641899	0.35001654790935993	0.1271833820387303	0.18288662474264358	0.18274946990066954	0.18310109118881746	0.006690581119682194	0.42484233800909255	0.42631586374209174	0.41120055983031595	0.052386473203340236	0.412890259767259	0.4129416888843268	0.4143884497718751	0.013283203175431437	0.9097995691720625	0.7287629822416637	0.35001654790935993	0.1271833820387303	33	STAT1	4588
11	STAT1	LogisticRegression	mono+di	0.0	0.9131343828630953	0.7287629822416637	0.0	0.9131343828630953	0.7287629822416637	0.8112910733956052	0.8123616226519822	0.8078598984487217	0.00749037396844181	0.9311138449357673	0.9310964834301539	0.9255401664424008	0.01392319611293548	0.9242649157616922	0.9243279259496303	0.9229144515144457	0.005371000685199439	0.0	0.3650866780206495	0.1271833820387303	0.0	0.3650866780206495	0.1271833820387303	0.22734210764500928	0.2291111652871821	0.23014982591831537	0.010998717117990537	0.4356599460157825	0.4373490153160765	0.41871976406584954	0.05481248212741004	0.41939129545072446	0.4193515220766428	0.42206772350484006	0.012607167603763014	0.9131343828630953	0.7287629822416637	0.3650866780206495	0.1271833820387303	33	STAT1	4588
11	STAT1	Single best mono PWM	mono	0.9022378518937622	0.9131343828630952	0.7145992378369086	0.0	0.0	0.0	0.7145992378369086	0.7145992378369086	0.7145992378369086	0.0131597351410452	0.9131343828630952	0.9131343828630952	0.9131343828630952	0.0148736893750934	0.9022378518937622	0.9022378518937622	0.9022378518937622	0.0037443452499729	0.3769059327431532	0.3650866780206495	0.1078619570238613	0.0	0.0	0.0	0.1078619570238613	0.1078619570238613	0.1078619570238613	0.0057502470915701	0.3650866780206495	0.3650866780206495	0.3650866780206495	0.0513753848528998	0.3769059327431532	0.3769059327431532	0.3769059327431532	0.0263039360174608	0.9131343828630952	0.7145992378369086	0.3650866780206495	0.1078619570238613	33	STAT1	4588
11	STAT1	XGBClassifier	mono	0.9022378518937622	0.9131343828630952	0.7145992378369086	0.9022378518937622	0.9131343828630952	0.7145992378369086	0.7247573233239735	0.728278125204782	0.726903052501971	0.0131597351410452	0.9269517952521232	0.9272362653738292	0.9229625376038122	0.0148736893750934	0.957390852414617	0.9569287333618064	0.9587587206852904	0.0037443452499729	0.3769059327431532	0.3650866780206495	0.1078619570238613	0.3769059327431532	0.3650866780206495	0.1078619570238613	0.0964681600794701	0.1029194878040069	0.1024100273912008	0.0057502470915701	0.3386884607292214	0.3747647215021983	0.3769897031449698	0.0513753848528998	0.5858282757791697	0.5908516325016367	0.5958557362189145	0.0263039360174608	0.9131343828630952	0.7145992378369086	0.3650866780206495	0.1078619570238613	33	STAT1	4588
6	STAT1	Single best di PWM	di	0.0	0.0	0.0	0.899775929110194	0.9097995691720624	0.7287629822416637	0.7287629822416637	0.7287629822416637	0.7287629822416637	0.0069108240948833	0.9097995691720624	0.9097995691720624	0.9097995691720624	0.0162053571579567	0.899775929110194	0.899775929110194	0.899775929110194	0.0052004609560508	0.0	0.0	0.0	0.3637511480641899	0.3500165479093599	0.1271833820387303	0.1271833820387303	0.1271833820387303	0.1271833820387303	0.0071934092757115	0.3500165479093599	0.3500165479093599	0.3500165479093599	0.0417837025270278	0.3637511480641899	0.3637511480641899	0.3637511480641899	0.0275512549860766	0.9097995691720624	0.7287629822416637	0.3500165479093599	0.1271833820387303	33	STAT1	4588
6	STAT1	XGBClassifier	di	0.899775929110194	0.9097995691720624	0.7287629822416637	0.899775929110194	0.9097995691720624	0.7287629822416637	0.8075423349124181	0.8076558324861293	0.8051905530587213	0.0069108240948833	0.9356109482160856	0.9341746274412852	0.9332452878084366	0.0162053571579567	0.9555253047804648	0.9546720848323524	0.9547435604916624	0.0052004609560508	0.3637511480641899	0.3500165479093599	0.1271833820387303	0.3637511480641899	0.3500165479093599	0.1271833820387303	0.2006553763853161	0.1979103758169466	0.1974618838515562	0.0071934092757115	0.3698081535686634	0.3734364267762611	0.3601002472471149	0.0417837025270278	0.6076336670535252	0.5924611898482411	0.6010160050811	0.0275512549860766	0.9097995691720624	0.7287629822416637	0.3500165479093599	0.1271833820387303	33	STAT1	4588
11	STAT1	XGBClassifier	mono+di	0.0	0.9131343828630953	0.7287629822416637	0.0	0.9131343828630952	0.7287629822416637	0.8032698133751027	0.792156114568084	0.7932760159026637	0.0049817834836281	0.9338472721851644	0.9330469292364548	0.934310891274559	0.0141332739303913	0.9623110563704896	0.9630109462685202	0.964872502137272	0.0051988482228772	0.0	0.3650866780206495	0.1271833820387303	0.0	0.3650866780206495	0.1271833820387303	0.1845642065240312	0.1676093798774838	0.1670375773261592	0.0130461749364339	0.3899102640160165	0.4022664338639239	0.3918680728305856	0.0394863553974566	0.644010072101553	0.6339669595030651	0.6354279955060816	0.0294915038288216	0.9131343828630952	0.7287629822416637	0.3650866780206495	0.1271833820387303	33	STAT1	4588
11	STAT1	Single best mono PWM	mono	0.9022378518937622	0.9131343828630953	0.7341734630984444	0.0	0.0	0.0	0.7341734630984444	0.7341734630984444	0.7341734630984444	0.006524630450395316	0.9131343828630953	0.9131343828630953	0.9131343828630953	0.011736333381635612	0.9022378518937622	0.9022378518937622	0.9022378518937622	0.00462465306068977	0.3769059327431532	0.3650866780206495	0.13156418791924457	0.0	0.0	0.0	0.13156418791924457	0.13156418791924457	0.13156418791924457	0.004380897897803184	0.3650866780206495	0.3650866780206495	0.3650866780206495	0.03961649427913349	0.3769059327431532	0.3769059327431532	0.3769059327431532	0.02575502474546557	0.9131343828630953	0.7341734630984444	0.3650866780206495	0.13156418791924457	33	STAT1	4588
11	STAT1	BaggingClassifier_XGBClassifier	mono	0.9022378518937622	0.9131343828630953	0.7341734630984444	0.9022378518937622	0.9131343828630953	0.7341734630984444	0.7848063363959937	0.7756816327926412	0.7740450139427775	0.006524630450395316	0.9285552356117688	0.928723308603805	0.9242374246852423	0.011736333381635612	0.9679158909674247	0.9672622112025604	0.9683536283447243	0.00462465306068977	0.3769059327431532	0.3650866780206495	0.13156418791924457	0.3769059327431532	0.3650866780206495	0.13156418791924457	0.13731887517402364	0.13859777855511565	0.13819363898126102	0.004380897897803184	0.37455812462299776	0.38618477412621416	0.38103413835806266	0.03961649427913349	0.5998417900773063	0.5967015087450862	0.6020161150373945	0.02575502474546557	0.9131343828630953	0.7341734630984444	0.3650866780206495	0.13156418791924457	33	STAT1	4588
6	STAT1	Single best di PWM	di	0.0	0.0	0.0	0.899775929110194	0.9097995691720625	0.7287629822416637	0.7287629822416637	0.7287629822416637	0.7287629822416637	0.006065303915742128	0.9097995691720625	0.9097995691720625	0.9097995691720625	0.014892928447821162	0.899775929110194	0.899775929110194	0.899775929110194	0.005614949775119567	0.0	0.0	0.0	0.3637511480641899	0.35001654790935993	0.1271833820387303	0.1271833820387303	0.1271833820387303	0.1271833820387303	0.006010761358497085	0.35001654790935993	0.35001654790935993	0.35001654790935993	0.04352058025123197	0.3637511480641899	0.3637511480641899	0.3637511480641899	0.027796781263276407	0.9097995691720625	0.7287629822416637	0.35001654790935993	0.1271833820387303	33	STAT1	4588
6	STAT1	BaggingClassifier_XGBClassifier	di	0.899775929110194	0.9097995691720625	0.7287629822416637	0.899775929110194	0.9097995691720625	0.7287629822416637	0.8099099936008863	0.8106031123225907	0.8090911278497357	0.006065303915742128	0.9353714998362002	0.936164811190782	0.9352806859294749	0.014892928447821162	0.9640048096416645	0.9627283057398223	0.9640481257804712	0.005614949775119567	0.3637511480641899	0.35001654790935993	0.1271833820387303	0.3637511480641899	0.35001654790935993	0.1271833820387303	0.20225594158825186	0.20444454705637408	0.20437910488377153	0.006010761358497085	0.3806767378096122	0.3844709607708661	0.37508311223370633	0.04352058025123197	0.6111055640919956	0.6088657833214249	0.6157340628377568	0.027796781263276407	0.9097995691720625	0.7287629822416637	0.35001654790935993	0.1271833820387303	33	STAT1	4588
11	STAT1	BaggingClassifier_XGBClassifier	mono+di	0.0	0.9131343828630953	0.7287629822416637	0.0	0.9131343828630953	0.7341734630984444	0.8002482289418222	0.8022866838855578	0.8005015681959702	0.00718471007111636	0.933399600741891	0.9337101845698188	0.9326602500921346	0.015383695121059181	0.9727331547211184	0.9720697466480775	0.9734410931850608	0.005293454617932165	0.0	0.3650866780206495	0.13156418791924457	0.0	0.3650866780206495	0.13156418791924457	0.16671816804059514	0.16036229974486838	0.15939098830130732	0.00874404831180517	0.4176414002201548	0.42019057928278036	0.41058244858795295	0.037688081478108655	0.6523553601212313	0.6522731798628182	0.6516245892287739	0.02667516038313921	0.9131343828630953	0.7341734630984444	0.3650866780206495	0.13156418791924457	33	STAT1	4588
11	STAT1	Single best mono PWM	mono	0.9022378518937622	0.9131343828630953	0.7290794629838335	0.0	0.0	0.0	0.7290794629838335	0.7290794629838335	0.7290794629838335	0.006247019815658657	0.9131343828630953	0.9131343828630953	0.9131343828630953	0.015820381021175185	0.9022378518937622	0.9022378518937622	0.9022378518937622	0.005384999721468628	0.3769059327431532	0.3650866780206495	0.11653626914289111	0.0	0.0	0.0	0.11653626914289111	0.11653626914289111	0.11653626914289111	0.003435472457923492	0.3650866780206495	0.3650866780206495	0.3650866780206495	0.0613063191471833	0.3769059327431532	0.3769059327431532	0.3769059327431532	0.008075955814394905	0.9131343828630953	0.7290794629838335	0.3650866780206495	0.11653626914289111	33	STAT1	4588
11	STAT1	BaggingClassifier_LogisticRegression	mono	0.9022378518937622	0.9131343828630953	0.7290794629838335	0.9022378518937622	0.9131343828630953	0.7290794629838335	0.6669295083506842	0.6703401354976568	0.6730845537243266	0.006247019815658657	0.9216774540687183	0.9217173354637396	0.9189848142054025	0.015820381021175185	0.9153627513246622	0.915122843889595	0.9147580278628966	0.005384999721468628	0.3769059327431532	0.3650866780206495	0.11653626914289111	0.3769059327431532	0.3650866780206495	0.11653626914289111	0.0816816758759239	0.08357447434016649	0.0816116035689844	0.003435472457923492	0.37131317799992086	0.372130383639556	0.3602238480861341	0.0613063191471833	0.37326351456185425	0.37427780141775585	0.3758328975518533	0.008075955814394905	0.9131343828630953	0.7290794629838335	0.3650866780206495	0.11653626914289111	33	STAT1	4588
6	STAT1	Single best di PWM	di	0.0	0.0	0.0	0.899775929110194	0.9097995691720625	0.7287629822416637	0.7287629822416637	0.7287629822416637	0.7287629822416637	0.006191136854404639	0.9097995691720625	0.9097995691720625	0.9097995691720625	0.013967932751069249	0.899775929110194	0.899775929110194	0.899775929110194	0.005551592594687925	0.0	0.0	0.0	0.3637511480641899	0.35001654790935993	0.1271833820387303	0.1271833820387303	0.1271833820387303	0.1271833820387303	0.006601253259657013	0.35001654790935993	0.35001654790935993	0.35001654790935993	0.05229597923016733	0.3637511480641899	0.3637511480641899	0.3637511480641899	0.013464749293764197	0.9097995691720625	0.7287629822416637	0.35001654790935993	0.1271833820387303	33	STAT1	4588
6	STAT1	BaggingClassifier_LogisticRegression	di	0.899775929110194	0.9097995691720625	0.7287629822416637	0.899775929110194	0.9097995691720625	0.7287629822416637	0.7762424157768396	0.7763910236934553	0.774591510030648	0.006191136854404639	0.9312635134838871	0.9312520359806333	0.9272432200632893	0.013967932751069249	0.923554074111879	0.9236436465703409	0.921306733104848	0.005551592594687925	0.3637511480641899	0.35001654790935993	0.1271833820387303	0.3637511480641899	0.35001654790935993	0.1271833820387303	0.18318684985516653	0.183165703999901	0.18439397254105847	0.006601253259657013	0.4244880640812597	0.4264298383822923	0.41239317434060174	0.05229597923016733	0.4119489942893031	0.41255518425195675	0.4141051725474353	0.013464749293764197	0.9097995691720625	0.7287629822416637	0.35001654790935993	0.1271833820387303	33	STAT1	4588
11	STAT1	BaggingClassifier_LogisticRegression	mono+di	0.0	0.9131343828630953	0.7287629822416637	0.0	0.9131343828630953	0.7290794629838335	0.7722286091319491	0.7731472107517089	0.7726520476931441	0.007177424838071821	0.9311379733047034	0.9311155915812349	0.9253620189558721	0.013912749556972593	0.9245602975482944	0.9245581964953271	0.9231117355550649	0.005371645135592283	0.0	0.3650866780206495	0.1271833820387303	0.0	0.3650866780206495	0.1271833820387303	0.16855881274500886	0.17037984214558222	0.17146397702967084	0.007396294723357959	0.4344612179753913	0.4364944663461716	0.4172599407187752	0.05508157371356885	0.4189086850088316	0.4190733860852616	0.42220440168896756	0.012629926408748202	0.9131343828630953	0.7290794629838335	0.3650866780206495	0.1271833820387303	33	STAT1	4588
5	STAT3	Single best mono PWM	mono	0.7989497053481808	0.8206153259422361	0.7785918925535229	0.0	0.0	0.0	0.7785918925535229	0.7785918925535229	0.7785918925535229	0.0054882977969271446	0.8206153259422361	0.8206153259422361	0.8206153259422361	0.015604065495787382	0.7989497053481808	0.7989497053481808	0.7989497053481808	0.011004313509467036	0.06962832901791839	0.08672130757821894	0.11849193844822553	0.0	0.0	0.0	0.11849193844822553	0.11849193844822553	0.11849193844822553	0.0030779347543282995	0.08672130757821894	0.08672130757821894	0.08672130757821894	0.017901545242221317	0.06962832901791839	0.06962832901791839	0.06962832901791839	0.026436277240848245	0.8206153259422361	0.7785918925535229	0.08672130757821894	0.11849193844822553	34	STAT3	3000
5	STAT3	RandomForestClassifier	mono	0.7989497053481808	0.8206153259422361	0.7785918925535229	0.7989497053481808	0.8206153259422361	0.7785918925535229	0.7953404431261087	0.7962391845650799	0.7995807561017909	0.0054882977969271446	0.8307686507715627	0.8301897852700566	0.8349196112787566	0.015604065495787382	0.8381913198399873	0.837157873173337	0.8404660548789207	0.011004313509467036	0.06962832901791839	0.08672130757821894	0.11849193844822553	0.06962832901791839	0.08672130757821894	0.11849193844822553	0.108953426726604	0.10768356301649819	0.10937241542856299	0.0030779347543282995	0.09050395903406407	0.09071852232800706	0.09243485396918297	0.017901545242221317	0.15340540292626384	0.15942307198438302	0.16370853278461744	0.026436277240848245	0.8206153259422361	0.7785918925535229	0.08672130757821894	0.11849193844822553	34	STAT3	3000
5	STAT3	Single best di PWM	di	0.0	0.0	0.0	0.7781993609499503	0.7990819240417012	0.7906985764836045	0.7906985764836045	0.7906985764836045	0.7906985764836045	0.0041388455037582395	0.7990819240417012	0.7990819240417012	0.7990819240417012	0.015836836564534225	0.7781993609499503	0.7781993609499503	0.7781993609499503	0.011124187607509316	0.0	0.0	0.0	0.06189980191003527	0.06649793478192624	0.1320857350866799	0.1320857350866799	0.1320857350866799	0.1320857350866799	0.005949611232799283	0.06649793478192624	0.06649793478192624	0.06649793478192624	0.0132153705586444	0.06189980191003527	0.06189980191003527	0.06189980191003527	0.027498482827114964	0.7990819240417012	0.7906985764836045	0.06649793478192624	0.1320857350866799	34	STAT3	3000
5	STAT3	RandomForestClassifier	di	0.7781993609499503	0.7990819240417012	0.7906985764836045	0.7781993609499503	0.7990819240417012	0.7906985764836045	0.8253898665662018	0.8252764320667288	0.8257775115500245	0.0041388455037582395	0.8372217581887952	0.8372452817509652	0.8397279936149946	0.015836836564534225	0.8396709385293313	0.8385572817321264	0.8431387233853698	0.011124187607509316	0.06189980191003527	0.06649793478192624	0.1320857350866799	0.06189980191003527	0.06649793478192624	0.1320857350866799	0.15150479175827797	0.15043733770930046	0.14786623821803874	0.005949611232799283	0.0838369824499521	0.0881416614122712	0.09637569420515792	0.0132153705586444	0.1844062226596333	0.18760685865845939	0.19207176093876968	0.027498482827114964	0.7990819240417012	0.7906985764836045	0.06649793478192624	0.1320857350866799	34	STAT3	3000
5	STAT3	RandomForestClassifier	mono+di	0.0	0.8206153259422361	0.7915014015794594	0.0	0.8206153259422361	0.7906985764836045	0.8094085514309877	0.8023683657175843	0.8008968943432627	0.004071123766799973	0.8360525756387791	0.835443750683773	0.8428745254550765	0.016662280461081126	0.8438284698121705	0.841409716570647	0.8453813708031663	0.011485477559776558	0.0	0.08672130757821894	0.1320857350866799	0.0	0.08672130757821894	0.1320857350866799	0.12653280272361903	0.11672852614589775	0.11551497541412614	0.00518122529138044	0.08809358387609885	0.08936667244286446	0.09229321941510435	0.015300877056134215	0.20494506802112705	0.2020771364448726	0.2182924768509133	0.03346819549961686	0.8206153259422361	0.7906985764836045	0.08672130757821894	0.1320857350866799	34	STAT3	3000
5	STAT3	Single best mono PWM	mono	0.7989497053481808	0.8206153259422361	0.7915014015794594	0.0	0.0	0.0	0.7915014015794594	0.7915014015794594	0.7915014015794594	0.004132502256170059	0.8206153259422361	0.8206153259422361	0.8206153259422361	0.015710402784083317	0.7989497053481808	0.7989497053481808	0.7989497053481808	0.009811584492704015	0.06962832901791839	0.08672130757821894	0.116299747657787	0.0	0.0	0.0	0.116299747657787	0.116299747657787	0.116299747657787	0.002903835437729928	0.08672130757821894	0.08672130757821894	0.08672130757821894	0.024986173499684166	0.06962832901791839	0.06962832901791839	0.06962832901791839	0.005263230322503789	0.8206153259422361	0.7915014015794594	0.08672130757821894	0.116299747657787	34	STAT3	3000
5	STAT3	LogisticRegression	mono	0.7989497053481808	0.8206153259422361	0.7915014015794594	0.7989497053481808	0.8206153259422361	0.7915014015794594	0.7748904887485772	0.7781930314302423	0.7768610738014884	0.004132502256170059	0.8313751682453805	0.8313422905860615	0.8315341185632241	0.015710402784083317	0.8082875254251257	0.8083116616282282	0.8110483919657437	0.009811584492704015	0.06962832901791839	0.08672130757821894	0.116299747657787	0.06962832901791839	0.08672130757821894	0.116299747657787	0.10274395812106085	0.10551467795594549	0.10531572659004845	0.002903835437729928	0.0965020039429129	0.10023782782933434	0.09879451547103286	0.024986173499684166	0.07463453507980228	0.07510782639090093	0.07508971108117349	0.005263230322503789	0.8206153259422361	0.7915014015794594	0.08672130757821894	0.116299747657787	34	STAT3	3000
5	STAT3	Single best di PWM	di	0.0	0.0	0.0	0.7781993609499503	0.7990819240417012	0.7906985764836045	0.7906985764836045	0.7906985764836045	0.7906985764836045	0.004324487747051888	0.7990819240417012	0.7990819240417012	0.7990819240417012	0.01620960791167645	0.7781993609499503	0.7781993609499503	0.7781993609499503	0.009113935812541456	0.0	0.0	0.0	0.06189980191003527	0.06649793478192624	0.1320857350866799	0.1320857350866799	0.1320857350866799	0.1320857350866799	0.00536459186458398	0.06649793478192624	0.06649793478192624	0.06649793478192624	0.01277305743802672	0.06189980191003527	0.06189980191003527	0.06189980191003527	0.0039904015386259175	0.7990819240417012	0.7906985764836045	0.06649793478192624	0.1320857350866799	34	STAT3	3000
5	STAT3	LogisticRegression	di	0.7781993609499503	0.7990819240417012	0.7906985764836045	0.7781993609499503	0.7990819240417012	0.7906985764836045	0.8276660138043734	0.8276205859773765	0.8281996395428637	0.004324487747051888	0.8367854309617087	0.8367234377363794	0.8401117697793569	0.01620960791167645	0.80788400402681	0.8078660722260587	0.8110539035463311	0.009113935812541456	0.06189980191003527	0.06649793478192624	0.1320857350866799	0.06189980191003527	0.06649793478192624	0.1320857350866799	0.1504437006302448	0.15087844397507835	0.1501878649980366	0.00536459186458398	0.07914679722064329	0.08218261563599717	0.08302175787005557	0.01277305743802672	0.07371588245262359	0.07417748908051959	0.07450998372656076	0.0039904015386259175	0.7990819240417012	0.7906985764836045	0.06649793478192624	0.1320857350866799	34	STAT3	3000
5	STAT3	LogisticRegression	mono+di	0.0	0.8206153259422361	0.7915014015794594	0.0	0.8206153259422361	0.7915014015794594	0.8265310876587249	0.8260544783486858	0.82582277660139	0.003295309323019719	0.8393989595337342	0.8394402663764399	0.838546896320898	0.0172120592387565	0.8122675341381067	0.812266099868584	0.8157235811930749	0.010320017569265745	0.0	0.08672130757821894	0.1320857350866799	0.0	0.08672130757821894	0.1320857350866799	0.14863331681269115	0.14888432503419322	0.14859612472500264	0.004799429676981523	0.09418073174140679	0.09872376735112942	0.09717432380899543	0.021552151661531755	0.0767017055220259	0.07704921847850663	0.07701752149683366	0.005465645225186227	0.8206153259422361	0.7915014015794594	0.08672130757821894	0.1320857350866799	34	STAT3	3000
5	STAT3	Single best mono PWM	mono	0.7989497053481808	0.8206153259422361	0.8130208243519066	0.0	0.0	0.0	0.8130208243519066	0.8130208243519066	0.8130208243519066	0.0101874471147861	0.8206153259422361	0.8206153259422361	0.8206153259422361	0.0181265527036499	0.7989497053481808	0.7989497053481808	0.7989497053481808	0.0166857396111875	0.0696283290179183	0.0867213075782189	0.1406693872341258	0.0	0.0	0.0	0.1406693872341258	0.1406693872341258	0.1406693872341258	0.0091140441641547	0.0867213075782189	0.0867213075782189	0.0867213075782189	0.0177002914548476	0.0696283290179183	0.0696283290179183	0.0696283290179183	0.0247607134794066	0.8206153259422361	0.8130208243519066	0.0867213075782189	0.1406693872341258	34	STAT3	3000
5	STAT3	XGBClassifier	mono	0.7989497053481808	0.8206153259422361	0.8130208243519066	0.7989497053481808	0.8206153259422361	0.8130208243519066	0.7924733959012902	0.8000874469380557	0.8022943953596757	0.0101874471147861	0.8269182368330079	0.8235296577638677	0.8356291515408976	0.0181265527036499	0.8690022555140512	0.8653091179608675	0.8711181590908106	0.0166857396111875	0.0696283290179183	0.0867213075782189	0.1406693872341258	0.0696283290179183	0.0867213075782189	0.1406693872341258	0.1256467169421906	0.1248797291735686	0.1291140576931528	0.0091140441641547	0.0845319260950914	0.0832691074186601	0.0809196304197366	0.0177002914548476	0.156387879955594	0.1573899624190122	0.1629834386486604	0.0247607134794066	0.8206153259422361	0.8130208243519066	0.0867213075782189	0.1406693872341258	34	STAT3	3000
5	STAT3	Single best di PWM	di	0.0	0.0	0.0	0.7781993609499503	0.7990819240417012	0.7906985764836045	0.7906985764836045	0.7906985764836045	0.7906985764836045	0.0040203301943777	0.7990819240417012	0.7990819240417012	0.7990819240417012	0.0177316012455309	0.7781993609499503	0.7781993609499503	0.7781993609499503	0.0149453040862678	0.0	0.0	0.0	0.0618998019100352	0.0664979347819262	0.1320857350866799	0.1320857350866799	0.1320857350866799	0.1320857350866799	0.0058861564525827	0.0664979347819262	0.0664979347819262	0.0664979347819262	0.0172163267446793	0.0618998019100352	0.0618998019100352	0.0618998019100352	0.0270752421338511	0.7990819240417012	0.7906985764836045	0.0664979347819262	0.1320857350866799	34	STAT3	3000
5	STAT3	XGBClassifier	di	0.7781993609499503	0.7990819240417012	0.7906985764836045	0.7781993609499503	0.7990819240417012	0.7906985764836045	0.8125184774176729	0.8125599334524667	0.812489240498069	0.0040203301943777	0.8262678752200259	0.8285630786947723	0.8338606054706512	0.0177316012455309	0.8743191453036738	0.8654723832382258	0.8713120861541459	0.0149453040862678	0.0618998019100352	0.0664979347819262	0.1320857350866799	0.0618998019100352	0.0664979347819262	0.1320857350866799	0.1406745416248957	0.1435498845571796	0.1414656432492284	0.0058861564525827	0.0760454673264905	0.0816462458846173	0.07640813373475	0.0172163267446793	0.1861828115192523	0.1845277082636882	0.1877304662958207	0.0270752421338511	0.7990819240417012	0.7906985764836045	0.0664979347819262	0.1320857350866799	34	STAT3	3000
5	STAT3	XGBClassifier	mono+di	0.0	0.8206153259422361	0.7915014015794594	0.0	0.8206153259422361	0.8130208243519066	0.8027198187500397	0.8001972760782049	0.8006700084157332	0.0059440405709064	0.8341169919204229	0.8347644845618224	0.8319611525192452	0.019938653262056	0.8855690562605417	0.8810910751494953	0.888312466417183	0.0167381673207846	0.0	0.08672130757821894	0.1406693872341258	0.0	0.0867213075782189	0.1406693872341258	0.1193376181681341	0.1209183450445169	0.1195756675216516	0.0085025946827481	0.0878898135956267	0.0864100233721177	0.0763158840182988	0.0161308464437792	0.208058318491348	0.2021204688367443	0.2118784147746433	0.0310662088148849	0.8206153259422361	0.8130208243519066	0.0867213075782189	0.1406693872341258	34	STAT3	3000
5	STAT3	Single best mono PWM	mono	0.7989497053481808	0.8206153259422361	0.8130208243519066	0.0	0.0	0.0	0.8130208243519066	0.8130208243519066	0.8130208243519066	0.008070280850535488	0.8206153259422361	0.8206153259422361	0.8206153259422361	0.017023889944965155	0.7989497053481808	0.7989497053481808	0.7989497053481808	0.0172703030242465	0.06962832901791839	0.08672130757821894	0.14066938723412584	0.0	0.0	0.0	0.14066938723412584	0.14066938723412584	0.14066938723412584	0.006850090626588728	0.08672130757821894	0.08672130757821894	0.08672130757821894	0.014548757559283032	0.06962832901791839	0.06962832901791839	0.06962832901791839	0.02619713008737093	0.8206153259422361	0.8130208243519066	0.08672130757821894	0.14066938723412584	34	STAT3	3000
5	STAT3	BaggingClassifier_XGBClassifier	mono	0.7989497053481808	0.8206153259422361	0.8130208243519066	0.7989497053481808	0.8206153259422361	0.8130208243519066	0.7798172789933172	0.7705919809755625	0.7687127419881481	0.008070280850535488	0.8291996764006877	0.8260016637823399	0.8337504988285575	0.017023889944965155	0.8905742649158285	0.8882074281861285	0.8940791915620664	0.0172703030242465	0.06962832901791839	0.08672130757821894	0.14066938723412584	0.06962832901791839	0.08672130757821894	0.14066938723412584	0.1021750218053663	0.100269703021571	0.10416799273732517	0.006850090626588728	0.08970450174606437	0.08805475436459785	0.08315045034477195	0.014548757559283032	0.17753723752609893	0.17413396231056247	0.18144552220433496	0.02619713008737093	0.8206153259422361	0.8130208243519066	0.08672130757821894	0.14066938723412584	34	STAT3	3000
5	STAT3	Single best di PWM	di	0.0	0.0	0.0	0.7781993609499503	0.7990819240417012	0.7906985764836045	0.7906985764836045	0.7906985764836045	0.7906985764836045	0.004460227874488935	0.7990819240417012	0.7990819240417012	0.7990819240417012	0.01741979832729574	0.7781993609499503	0.7781993609499503	0.7781993609499503	0.018022814277636866	0.0	0.0	0.0	0.06189980191003527	0.06649793478192624	0.1320857350866799	0.1320857350866799	0.1320857350866799	0.1320857350866799	0.006370126061682577	0.06649793478192624	0.06649793478192624	0.06649793478192624	0.00886642214601468	0.06189980191003527	0.06189980191003527	0.06189980191003527	0.03398923229701174	0.7990819240417012	0.7906985764836045	0.06649793478192624	0.1320857350866799	34	STAT3	3000
5	STAT3	BaggingClassifier_XGBClassifier	di	0.7781993609499503	0.7990819240417012	0.7906985764836045	0.7781993609499503	0.7990819240417012	0.7906985764836045	0.8160216353826882	0.8132853094437154	0.8159704133981686	0.004460227874488935	0.8282509367978764	0.8307384927364395	0.8304171976777117	0.01741979832729574	0.8975361198682457	0.8958265340863815	0.900824618912027	0.018022814277636866	0.06189980191003527	0.06649793478192624	0.1320857350866799	0.06189980191003527	0.06649793478192624	0.1320857350866799	0.14678275859063733	0.14557420909985083	0.14277101495172861	0.006370126061682577	0.07824994437125707	0.08294700735830747	0.08204195347229985	0.00886642214601468	0.22185599505938983	0.21120163111610066	0.22361385145482376	0.03398923229701174	0.7990819240417012	0.7906985764836045	0.06649793478192624	0.1320857350866799	34	STAT3	3000
5	STAT3	BaggingClassifier_XGBClassifier	mono+di	0.0	0.8206153259422361	0.7915014015794594	0.0	0.8206153259422361	0.8130208243519066	0.769155438134661	0.7673337212680366	0.7672996438630169	0.005506830907374179	0.8322492927045961	0.836301413474987	0.8428404424448391	0.019831051988347313	0.9145635238120469	0.9100042177829015	0.9146281023174143	0.01757831324047283	0.0	0.08672130757821894	0.14066938723412584	0.0	0.08672130757821894	0.14066938723412584	0.09421028267169744	0.09278444743059251	0.0910157377736436	0.007654657382521369	0.09097572188332312	0.09394599171508651	0.08040998768039866	0.021695998953015643	0.25487813831944683	0.2404181230679214	0.25209620713493497	0.037687833811726884	0.8206153259422361	0.8130208243519066	0.08672130757821894	0.14066938723412584	34	STAT3	3000
5	STAT3	Single best mono PWM	mono	0.7989497053481808	0.8206153259422361	0.7785918925535229	0.0	0.0	0.0	0.7785918925535229	0.7785918925535229	0.7785918925535229	0.004516427730193461	0.8206153259422361	0.8206153259422361	0.8206153259422361	0.01570808715770012	0.7989497053481808	0.7989497053481808	0.7989497053481808	0.009819091937989943	0.06962832901791839	0.08672130757821894	0.11849193844822553	0.0	0.0	0.0	0.11849193844822553	0.11849193844822553	0.11849193844822553	0.004710698652982838	0.08672130757821894	0.08672130757821894	0.08672130757821894	0.024976421604853333	0.06962832901791839	0.06962832901791839	0.06962832901791839	0.005249769366039714	0.8206153259422361	0.7785918925535229	0.08672130757821894	0.11849193844822553	34	STAT3	3000
5	STAT3	BaggingClassifier_LogisticRegression	mono	0.7989497053481808	0.8206153259422361	0.7785918925535229	0.7989497053481808	0.8206153259422361	0.7785918925535229	0.7943159117499317	0.7952779637293502	0.7946242779589677	0.004516427730193461	0.8312344606840545	0.8313737691166869	0.8314627340277102	0.01570808715770012	0.8082422135092414	0.8083135781815619	0.8109379442135823	0.009819091937989943	0.06962832901791839	0.08672130757821894	0.11849193844822553	0.06962832901791839	0.08672130757821894	0.11849193844822553	0.12696000046177316	0.12799725188799713	0.12779178334546465	0.004710698652982838	0.09641060720902347	0.10008221392867564	0.09885715008757658	0.024976421604853333	0.07460999647793712	0.07508460177504314	0.07502990900439362	0.005249769366039714	0.8206153259422361	0.7785918925535229	0.08672130757821894	0.11849193844822553	34	STAT3	3000
5	STAT3	Single best di PWM	di	0.0	0.0	0.0	0.7781993609499503	0.7990819240417012	0.7906985764836045	0.7906985764836045	0.7906985764836045	0.7906985764836045	0.00434224969429672	0.7990819240417012	0.7990819240417012	0.7990819240417012	0.01625717684851472	0.7781993609499503	0.7781993609499503	0.7781993609499503	0.009105617317990975	0.0	0.0	0.0	0.06189980191003527	0.06649793478192624	0.1320857350866799	0.1320857350866799	0.1320857350866799	0.1320857350866799	0.005582019784114216	0.06649793478192624	0.06649793478192624	0.06649793478192624	0.012763748151787237	0.06189980191003527	0.06189980191003527	0.06189980191003527	0.003996195483963929	0.7990819240417012	0.7906985764836045	0.06649793478192624	0.1320857350866799	34	STAT3	3000
5	STAT3	BaggingClassifier_LogisticRegression	di	0.7781993609499503	0.7990819240417012	0.7906985764836045	0.7781993609499503	0.7990819240417012	0.7906985764836045	0.8276053728007426	0.8275973431782819	0.8286073442666537	0.00434224969429672	0.8367195119715394	0.836864738448592	0.8401785484410802	0.01625717684851472	0.8078395354450538	0.8079054813990513	0.8110571456525589	0.009105617317990975	0.06189980191003527	0.06649793478192624	0.1320857350866799	0.06189980191003527	0.06649793478192624	0.1320857350866799	0.15047973198844622	0.15074983804472844	0.15034567742545424	0.005582019784114216	0.07917570098305687	0.08206387378441497	0.08210141408173315	0.012763748151787237	0.07370990978510868	0.07418851476674448	0.07448136377204134	0.003996195483963929	0.7990819240417012	0.7906985764836045	0.06649793478192624	0.1320857350866799	34	STAT3	3000
5	STAT3	BaggingClassifier_LogisticRegression	mono+di	0.0	0.8206153259422361	0.7915014015794594	0.0	0.8206153259422361	0.7906985764836045	0.7981419725120653	0.7990680980802071	0.7979986384197795	0.004451081967204842	0.8392289344561089	0.8393991682260634	0.8384286256790505	0.01731082856793759	0.8122209285211776	0.8123148531949804	0.8156188611619162	0.010306389936464542	0.0	0.08672130757821894	0.1320857350866799	0.0	0.08672130757821894	0.1320857350866799	0.13230339996873502	0.13289571630155955	0.13335851970221776	0.004987486561599371	0.09385696497749754	0.09897897295115274	0.09736671705359055	0.021818498139821556	0.0767373781504243	0.07709317345455631	0.07697729708626996	0.005446096943393677	0.8206153259422361	0.7906985764836045	0.08672130757821894	0.1320857350866799	34	STAT3	3000
16	TAL1	Single best mono PWM	mono	0.811854983552185	0.8432209564450065	0.8513190952256718	0.0	0.0	0.0	0.8513190952256718	0.8513190952256718	0.8513190952256718	0.004622028309079034	0.8432209564450065	0.8432209564450065	0.8432209564450065	0.01296339407956637	0.811854983552185	0.811854983552185	0.811854983552185	0.0036875579290134076	0.14516925672430528	0.13112324201844064	0.2625429010786787	0.0	0.0	0.0	0.2625429010786787	0.2625429010786787	0.2625429010786787	0.010628700115407815	0.13112324201844064	0.13112324201844064	0.13112324201844064	0.0164939424814525	0.14516925672430528	0.14516925672430528	0.14516925672430528	0.017688509212201563	0.8432209564450065	0.8513190952256718	0.13112324201844064	0.2625429010786787	35	TAL1	7020
16	TAL1	RandomForestClassifier	mono	0.811854983552185	0.8432209564450065	0.8513190952256718	0.811854983552185	0.8432209564450065	0.8513190952256718	0.8796776175319593	0.8774515592824769	0.8763614521000764	0.004622028309079034	0.8776282269978318	0.8770596083966021	0.8750066727279043	0.01296339407956637	0.872064920516691	0.8713973901612669	0.874003121071568	0.0036875579290134076	0.14516925672430528	0.13112324201844064	0.2625429010786787	0.14516925672430528	0.13112324201844064	0.2625429010786787	0.26684935438191687	0.26756604660074934	0.2724496342066652	0.010628700115407815	0.14909394668329448	0.1517203466830807	0.1461184697332389	0.0164939424814525	0.22931981457170314	0.23203962797815533	0.2386324524242708	0.017688509212201563	0.8432209564450065	0.8513190952256718	0.13112324201844064	0.2625429010786787	35	TAL1	7020
14	TAL1	Single best di PWM	di	0.0	0.0	0.0	0.8130117314288676	0.8307655336449669	0.8844680462648926	0.8844680462648926	0.8844680462648926	0.8844680462648926	0.0025392599499199325	0.8307655336449669	0.8307655336449669	0.8307655336449669	0.013222467405315047	0.8130117314288676	0.8130117314288676	0.8130117314288676	0.0059724253273042436	0.0	0.0	0.0	0.13493613420538797	0.13242071511521683	0.23705373023038204	0.23705373023038204	0.23705373023038204	0.23705373023038204	0.011148048675813009	0.13242071511521683	0.13242071511521683	0.13242071511521683	0.007168102426183554	0.13493613420538797	0.13493613420538797	0.13493613420538797	0.016197214215679195	0.8307655336449669	0.8844680462648926	0.13242071511521683	0.23705373023038204	35	TAL1	7020
14	TAL1	RandomForestClassifier	di	0.8130117314288676	0.8307655336449669	0.8844680462648926	0.8130117314288676	0.8307655336449669	0.8844680462648926	0.9214539553004609	0.9215741122909559	0.9220802899420215	0.0025392599499199325	0.8642076192253167	0.8640988633132023	0.8685010807700879	0.013222467405315047	0.8616806926041644	0.8610323420378505	0.8639752938478383	0.0059724253273042436	0.13493613420538797	0.13242071511521683	0.23705373023038204	0.13493613420538797	0.13242071511521683	0.23705373023038204	0.3194004607707352	0.3201939017062654	0.325461548465816	0.011148048675813009	0.1491818770952849	0.15442914721231388	0.1522245110263109	0.007168102426183554	0.22421497372026727	0.22031208619660836	0.22515207438928247	0.016197214215679195	0.8307655336449669	0.8844680462648926	0.13242071511521683	0.23705373023038204	35	TAL1	7020
16	TAL1	RandomForestClassifier	mono+di	0.0	0.8432209564450065	0.8844680462648926	0.0	0.8432209564450065	0.8844680462648926	0.920271476128359	0.9209968988964725	0.9212026207677968	0.002028871004185441	0.8901345793122387	0.8897927071983999	0.8913959516242055	0.01078253813902616	0.8913156604156675	0.8910314540003859	0.8921528572305969	0.0033778715690141133	0.0	0.13242071511521683	0.2625429010786787	0.0	0.13242071511521683	0.2625429010786787	0.31726944693901094	0.3190403949027531	0.31807003930626543	0.01202871145255799	0.16297551889857204	0.16565213263830028	0.15939335013884198	0.014686828234772931	0.2554047428607722	0.2507076718323467	0.25727330382548885	0.020145055525602022	0.8432209564450065	0.8844680462648926	0.13242071511521683	0.2625429010786787	35	TAL1	7020
16	TAL1	Single best mono PWM	mono	0.811854983552185	0.8432209564450065	0.8950458657274546	0.0	0.0	0.0	0.8950458657274546	0.8950458657274546	0.8950458657274546	0.004073111215657181	0.8432209564450065	0.8432209564450065	0.8432209564450065	0.013512371039456798	0.811854983552185	0.811854983552185	0.811854983552185	0.004379750732443691	0.14516925672430528	0.13112324201844064	0.2636938826393855	0.0	0.0	0.0	0.2636938826393855	0.2636938826393855	0.2636938826393855	0.011694391949363064	0.13112324201844064	0.13112324201844064	0.13112324201844064	0.019469856544035862	0.14516925672430528	0.14516925672430528	0.14516925672430528	0.004939388421338923	0.8432209564450065	0.8950458657274546	0.13112324201844064	0.2636938826393855	35	TAL1	7020
16	TAL1	LogisticRegression	mono	0.811854983552185	0.8432209564450065	0.8950458657274546	0.811854983552185	0.8432209564450065	0.8950458657274546	0.8837119173841204	0.8837009044023122	0.8861699368778014	0.004073111215657181	0.8760005811150378	0.8760480149630011	0.8752563218977606	0.013512371039456798	0.8500629518272106	0.8500388488412689	0.8518783302267112	0.004379750732443691	0.14516925672430528	0.13112324201844064	0.2636938826393855	0.14516925672430528	0.13112324201844064	0.2636938826393855	0.26343007066974905	0.26430388316913417	0.2674719804946691	0.011694391949363064	0.14578863302031955	0.1485767462124516	0.14249339330287858	0.019469856544035862	0.16674114703087328	0.167559566436877	0.16650587461607663	0.004939388421338923	0.8432209564450065	0.8950458657274546	0.13112324201844064	0.2636938826393855	35	TAL1	7020
14	TAL1	Single best di PWM	di	0.0	0.0	0.0	0.8130117314288676	0.8307655336449669	0.8844680462648926	0.8844680462648926	0.8844680462648926	0.8844680462648926	0.0022940513816730734	0.8307655336449669	0.8307655336449669	0.8307655336449669	0.013443563064662664	0.8130117314288676	0.8130117314288676	0.8130117314288676	0.004174572158710673	0.0	0.0	0.0	0.13493613420538797	0.13242071511521683	0.23705373023038204	0.23705373023038204	0.23705373023038204	0.23705373023038204	0.013149374819123625	0.13242071511521683	0.13242071511521683	0.13242071511521683	0.009936737243874994	0.13493613420538797	0.13493613420538797	0.13493613420538797	0.00703344611830926	0.8307655336449669	0.8844680462648926	0.13242071511521683	0.23705373023038204	35	TAL1	7020
14	TAL1	LogisticRegression	di	0.8130117314288676	0.8307655336449669	0.8844680462648926	0.8130117314288676	0.8307655336449669	0.8844680462648926	0.9223896194451692	0.9223625913338569	0.9228837927953454	0.0022940513816730734	0.8669429105032025	0.8667817689662678	0.875158133059702	0.013443563064662664	0.8438061935396044	0.8439229992078	0.8460697596937525	0.004174572158710673	0.13493613420538797	0.13242071511521683	0.23705373023038204	0.13493613420538797	0.13242071511521683	0.23705373023038204	0.32016061176824373	0.320687833254732	0.32198730754515814	0.013149374819123625	0.1528504209432581	0.1559926141364556	0.15538453274465602	0.009936737243874994	0.16512403159822958	0.1664671374975833	0.1635228902433064	0.00703344611830926	0.8307655336449669	0.8844680462648926	0.13242071511521683	0.23705373023038204	35	TAL1	7020
16	TAL1	LogisticRegression	mono+di	0.0	0.8432209564450065	0.8844680462648926	0.0	0.8432209564450065	0.8950458657274546	0.9259081083572486	0.9258299807750564	0.9267229878217967	0.0018344913355710618	0.8905514937107123	0.8904877073379874	0.8960439832330236	0.012204018775657927	0.8731167398333455	0.8730879603037242	0.8718956699070413	0.0031158704445824826	0.0	0.13242071511521683	0.2636938826393855	0.0	0.13242071511521683	0.2636938826393855	0.3304110421714701	0.33164754825767073	0.33154331857805547	0.011652697443830205	0.165083198983369	0.16874578020528633	0.17566823445087085	0.019426930552401734	0.18816966740235921	0.18844540760257036	0.18841928537889038	0.0028623016471034835	0.8432209564450065	0.8950458657274546	0.13242071511521683	0.2636938826393855	35	TAL1	7020
16	TAL1	Single best mono PWM	mono	0.811854983552185	0.8432209564450065	0.8448754794329941	0.0	0.0	0.0	0.8448754794329941	0.8448754794329941	0.8448754794329941	0.0125116174098553	0.8432209564450065	0.8432209564450065	0.8432209564450065	0.0110574265126395	0.811854983552185	0.811854983552185	0.811854983552185	0.0067018448421605	0.1451692567243052	0.1311232420184406	0.050922687135838	0.0	0.0	0.0	0.050922687135838	0.050922687135838	0.050922687135838	0.0153302100653476	0.1311232420184406	0.1311232420184406	0.1311232420184406	0.01397448516483	0.1451692567243052	0.1451692567243052	0.1451692567243052	0.0247250815215291	0.8432209564450065	0.8448754794329941	0.1311232420184406	0.050922687135838	35	TAL1	7020
16	TAL1	XGBClassifier	mono	0.811854983552185	0.8432209564450065	0.8448754794329941	0.811854983552185	0.8432209564450065	0.8448754794329941	0.8355804262979389	0.8603150355376229	0.8625607766570607	0.0125116174098553	0.8735757968448468	0.8740577155697269	0.8705604196446803	0.0110574265126395	0.8944193037065691	0.8936730765152137	0.8962420540389336	0.0067018448421605	0.1451692567243052	0.1311232420184406	0.050922687135838	0.1451692567243052	0.1311232420184406	0.050922687135838	0.1308261717630091	0.1590867007850538	0.1592974830591376	0.0153302100653476	0.1392492358118805	0.1475420696667809	0.1522704601194342	0.01397448516483	0.2599628467852589	0.2668306291726608	0.2744450685472069	0.0247250815215291	0.8432209564450065	0.8448754794329941	0.1311232420184406	0.050922687135838	35	TAL1	7020
14	TAL1	Single best di PWM	di	0.0	0.0	0.0	0.8130117314288676	0.8307655336449669	0.8844680462648926	0.8844680462648926	0.8844680462648926	0.8844680462648926	0.0031577570476528	0.8307655336449669	0.8307655336449669	0.8307655336449669	0.0128615554413546	0.8130117314288676	0.8130117314288676	0.8130117314288676	0.008485166475885	0.0	0.0	0.0	0.1349361342053879	0.1324207151152168	0.237053730230382	0.237053730230382	0.237053730230382	0.237053730230382	0.0140454849776087	0.1324207151152168	0.1324207151152168	0.1324207151152168	0.0093496843688247	0.1349361342053879	0.1349361342053879	0.1349361342053879	0.0226989714599169	0.8307655336449669	0.8844680462648926	0.1324207151152168	0.237053730230382	35	TAL1	7020
14	TAL1	XGBClassifier	di	0.8130117314288676	0.8307655336449669	0.8844680462648926	0.8130117314288676	0.8307655336449669	0.8844680462648926	0.9165730905296112	0.916960166617368	0.917894090962348	0.0031577570476528	0.8595450451652784	0.8561229986212745	0.8565206744412067	0.0128615554413546	0.8930049028172719	0.8897492033802133	0.8922791956663315	0.008485166475885	0.1349361342053879	0.1324207151152168	0.237053730230382	0.1349361342053879	0.1324207151152168	0.237053730230382	0.2947596673251707	0.3022161902233065	0.3023262406155688	0.0140454849776087	0.1432020614747182	0.1467822604851577	0.1512219590938312	0.0093496843688247	0.2489209793548274	0.2501248762169499	0.2586157470477235	0.0226989714599169	0.8307655336449669	0.8844680462648926	0.1324207151152168	0.237053730230382	35	TAL1	7020
16	TAL1	XGBClassifier	mono+di	0.0	0.8432209564450065	0.8844680462648926	0.0	0.8432209564450065	0.8844680462648926	0.919962585094356	0.9198988847047443	0.9202741831585132	0.0025228579476093	0.8866629346684028	0.8839826566994252	0.8899358025321624	0.0103621308269692	0.914118832409134	0.9131758739642112	0.9150899765138132	0.0062756733945131	0.0	0.13242071511521683	0.237053730230382	0.0	0.1324207151152168	0.237053730230382	0.3006661543921746	0.2887044152504088	0.2915459926881069	0.0201788921035481	0.1503066332686599	0.1493535905810969	0.1524744979966575	0.014071213771787	0.3053086539226301	0.2963087350057046	0.3056132862618961	0.024828949268446	0.8432209564450065	0.8844680462648926	0.1324207151152168	0.237053730230382	35	TAL1	7020
16	TAL1	Single best mono PWM	mono	0.811854983552185	0.8432209564450065	0.8147438799895643	0.0	0.0	0.0	0.8147438799895643	0.8147438799895643	0.8147438799895643	0.016668748747928473	0.8432209564450065	0.8432209564450065	0.8432209564450065	0.012679569248616837	0.811854983552185	0.811854983552185	0.811854983552185	0.006659291499513665	0.14516925672430528	0.13112324201844064	0.2738339186501112	0.0	0.0	0.0	0.2738339186501112	0.2738339186501112	0.2738339186501112	0.01989664091379815	0.13112324201844064	0.13112324201844064	0.13112324201844064	0.014662487107813104	0.14516925672430528	0.14516925672430528	0.14516925672430528	0.02643618815388572	0.8432209564450065	0.8147438799895643	0.13112324201844064	0.2738339186501112	35	TAL1	7020
16	TAL1	BaggingClassifier_XGBClassifier	mono	0.811854983552185	0.8432209564450065	0.8147438799895643	0.811854983552185	0.8432209564450065	0.8147438799895643	0.809573260457431	0.8021198985116126	0.8059242592527418	0.016668748747928473	0.877427283918159	0.8771167049427496	0.8752712516851286	0.012679569248616837	0.9040858832663391	0.9033872325974219	0.9070216218366364	0.006659291499513665	0.14516925672430528	0.13112324201844064	0.2738339186501112	0.14516925672430528	0.13112324201844064	0.2738339186501112	0.12153092238763397	0.10834423639976078	0.09994962327520499	0.01989664091379815	0.1462266135103598	0.1490680466921768	0.1491894423630899	0.014662487107813104	0.2782654574319181	0.2752892554290544	0.28498097632328423	0.02643618815388572	0.8432209564450065	0.8147438799895643	0.13112324201844064	0.2738339186501112	35	TAL1	7020
14	TAL1	Single best di PWM	di	0.0	0.0	0.0	0.8130117314288676	0.8307655336449669	0.8844680462648926	0.8844680462648926	0.8844680462648926	0.8844680462648926	0.0032213509369871406	0.8307655336449669	0.8307655336449669	0.8307655336449669	0.010686587984533499	0.8130117314288676	0.8130117314288676	0.8130117314288676	0.009200681310883082	0.0	0.0	0.0	0.13493613420538797	0.13242071511521683	0.23705373023038204	0.23705373023038204	0.23705373023038204	0.23705373023038204	0.008936424893035295	0.13242071511521683	0.13242071511521683	0.13242071511521683	0.011934279577350645	0.13493613420538797	0.13493613420538797	0.13493613420538797	0.026840827040362485	0.8307655336449669	0.8844680462648926	0.13242071511521683	0.23705373023038204	35	TAL1	7020
14	TAL1	BaggingClassifier_XGBClassifier	di	0.8130117314288676	0.8307655336449669	0.8844680462648926	0.8130117314288676	0.8307655336449669	0.8844680462648926	0.9195391844508218	0.919156384504215	0.9197872605491345	0.0032213509369871406	0.8599620246022941	0.8599897947492288	0.864171221774361	0.010686587984533499	0.9018938551287021	0.9018471474064608	0.9050572897814955	0.009200681310883082	0.13493613420538797	0.13242071511521683	0.23705373023038204	0.13493613420538797	0.13242071511521683	0.23705373023038204	0.31180946037922797	0.3105568132146018	0.3146618178902115	0.008936424893035295	0.14797654916967268	0.14722297223251096	0.15278618679740466	0.011934279577350645	0.2642527169766401	0.2633216112408546	0.274468544458823	0.026840827040362485	0.8307655336449669	0.8844680462648926	0.13242071511521683	0.23705373023038204	35	TAL1	7020
16	TAL1	BaggingClassifier_XGBClassifier	mono+di	0.0	0.8432209564450065	0.8844680462648926	0.0	0.8432209564450065	0.8844680462648926	0.9205884122097574	0.9210120110495631	0.9217943283129797	0.0015769020826085834	0.8909114473540145	0.8900789457197916	0.8928961503232142	0.008895161795209989	0.9225038331706291	0.9206754850206652	0.9227391220196588	0.006934817914906243	0.0	0.13242071511521683	0.2738339186501112	0.0	0.13242071511521683	0.2738339186501112	0.29938346249049286	0.30240974171406293	0.3027092111441139	0.005736707339845849	0.1627425277378451	0.15951204251871445	0.16655679274531743	0.016021047957230816	0.3188398926033077	0.31538374625470694	0.3285001380758851	0.032474180989163666	0.8432209564450065	0.8844680462648926	0.13242071511521683	0.2738339186501112	35	TAL1	7020
16	TAL1	Single best mono PWM	mono	0.811854983552185	0.8432209564450065	0.8448754794329941	0.0	0.0	0.0	0.8448754794329941	0.8448754794329941	0.8448754794329941	0.001985295406269949	0.8432209564450065	0.8432209564450065	0.8432209564450065	0.013439959205694062	0.811854983552185	0.811854983552185	0.811854983552185	0.004392939644263925	0.14516925672430528	0.13112324201844064	0.22744103015351644	0.0	0.0	0.0	0.22744103015351644	0.22744103015351644	0.22744103015351644	0.010503745370987923	0.13112324201844064	0.13112324201844064	0.13112324201844064	0.01934603763880322	0.14516925672430528	0.14516925672430528	0.14516925672430528	0.004940295492832858	0.8432209564450065	0.8448754794329941	0.13112324201844064	0.22744103015351644	35	TAL1	7020
16	TAL1	BaggingClassifier_LogisticRegression	mono	0.811854983552185	0.8432209564450065	0.8448754794329941	0.811854983552185	0.8432209564450065	0.8448754794329941	0.8841160878337246	0.8852224446217514	0.8848845676870143	0.001985295406269949	0.8757820863008036	0.8758792422387881	0.875394161391328	0.013439959205694062	0.8499734927753374	0.8500739229500615	0.8519152629069314	0.004392939644263925	0.14516925672430528	0.13112324201844064	0.22744103015351644	0.14516925672430528	0.13112324201844064	0.22744103015351644	0.25649565041216926	0.25842734176060644	0.26200295468597345	0.010503745370987923	0.1457858086329846	0.14839694117003369	0.14240958473282303	0.01934603763880322	0.16675975753348982	0.16766472987830391	0.16648083751954665	0.004940295492832858	0.8432209564450065	0.8448754794329941	0.13112324201844064	0.22744103015351644	35	TAL1	7020
14	TAL1	Single best di PWM	di	0.0	0.0	0.0	0.8130117314288676	0.8307655336449669	0.8844680462648926	0.8844680462648926	0.8844680462648926	0.8844680462648926	0.0022336726050404153	0.8307655336449669	0.8307655336449669	0.8307655336449669	0.013401676754836061	0.8130117314288676	0.8130117314288676	0.8130117314288676	0.0040939456235522	0.0	0.0	0.0	0.13493613420538797	0.13242071511521683	0.23705373023038204	0.23705373023038204	0.23705373023038204	0.23705373023038204	0.012958230896543646	0.13242071511521683	0.13242071511521683	0.13242071511521683	0.010071716889393569	0.13493613420538797	0.13493613420538797	0.13493613420538797	0.00697942037032357	0.8307655336449669	0.8844680462648926	0.13242071511521683	0.23705373023038204	35	TAL1	7020
14	TAL1	BaggingClassifier_LogisticRegression	di	0.8130117314288676	0.8307655336449669	0.8844680462648926	0.8130117314288676	0.8307655336449669	0.8844680462648926	0.9223640478302462	0.9222817741592475	0.9227860095533295	0.0022336726050404153	0.8669057171289268	0.8667386823711547	0.8751801698318697	0.013401676754836061	0.8437431235029696	0.843946419749396	0.845919596249687	0.0040939456235522	0.13493613420538797	0.13242071511521683	0.23705373023038204	0.13493613420538797	0.13242071511521683	0.23705373023038204	0.31988028681830116	0.3207064849122362	0.3220691691916926	0.012958230896543646	0.15272564845282385	0.15597606180884252	0.15532471713584747	0.010071716889393569	0.1650524848527175	0.16641755035742475	0.1633048894448593	0.00697942037032357	0.8307655336449669	0.8844680462648926	0.13242071511521683	0.23705373023038204	35	TAL1	7020
16	TAL1	BaggingClassifier_LogisticRegression	mono+di	0.0	0.8432209564450065	0.8844680462648926	0.0	0.8432209564450065	0.8844680462648926	0.9201547858074615	0.9202812878902282	0.9200727132108736	0.0027683480686797567	0.8903192193973585	0.8904454735766143	0.8957105586704367	0.012178706498510822	0.8729054479198581	0.8732272791017807	0.8719345112597786	0.003085623836551084	0.0	0.13242071511521683	0.23705373023038204	0.0	0.13242071511521683	0.23705373023038204	0.31037346371721053	0.31223066875376515	0.31011657781394164	0.010871655352423524	0.1649707555785428	0.16870524805711248	0.17633343994337575	0.019389503312705947	0.18814888957809772	0.18844460110793054	0.18832484009884046	0.0029236875858126596	0.8432209564450065	0.8844680462648926	0.13242071511521683	0.23705373023038204	35	TAL1	7020
72	TF65	Single best mono PWM	mono	0.8045980351608254	0.8011993074350411	0.7943229254225095	0.0	0.0	0.0	0.7943229254225095	0.7943229254225095	0.7943229254225095	0.01395181624381888	0.8011993074350411	0.8011993074350411	0.8011993074350411	0.015435068152043797	0.8045980351608254	0.8045980351608254	0.8045980351608254	0.02102450711021502	0.17015082172196588	0.14929943099250825	0.1854254930454249	0.0	0.0	0.0	0.1854254930454249	0.1854254930454249	0.1854254930454249	0.006551421130118317	0.14929943099250825	0.14929943099250825	0.14929943099250825	0.038549421401515696	0.17015082172196588	0.17015082172196588	0.17015082172196588	0.02936755935582794	0.8011993074350411	0.7943229254225095	0.14929943099250825	0.1854254930454249	36	TF65	2008
72	TF65	RandomForestClassifier	mono	0.8045980351608254	0.8011993074350411	0.7943229254225095	0.8045980351608254	0.8011993074350411	0.7943229254225095	0.7866347642955306	0.7670788343683018	0.7642460592286104	0.01395181624381888	0.822662931429982	0.8232504774559927	0.8264317852512775	0.015435068152043797	0.8503089007521375	0.8435324554960147	0.8384510381250474	0.02102450711021502	0.17015082172196588	0.14929943099250825	0.1854254930454249	0.17015082172196588	0.14929943099250825	0.1854254930454249	0.17512954627817418	0.1705551775383977	0.16894707561868644	0.006551421130118317	0.19015537400174187	0.19298948129260887	0.20080301031419942	0.038549421401515696	0.3154559533135049	0.31265197292195607	0.3075932993357566	0.02936755935582794	0.8011993074350411	0.7943229254225095	0.14929943099250825	0.1854254930454249	36	TF65	2008
36	TF65	Single best di PWM	di	0.0	0.0	0.0	0.7856426406805241	0.7851454172241716	0.7951727643201264	0.7951727643201264	0.7951727643201264	0.7951727643201264	0.009505018239372637	0.7851454172241716	0.7851454172241716	0.7851454172241716	0.030117980803945014	0.7856426406805241	0.7856426406805241	0.7856426406805241	0.01647531628116935	0.0	0.0	0.0	0.16361307016262527	0.15341238913017846	0.1634012347288076	0.1634012347288076	0.1634012347288076	0.1634012347288076	0.004826690443604066	0.15341238913017846	0.15341238913017846	0.15341238913017846	0.050116046261482354	0.16361307016262527	0.16361307016262527	0.16361307016262527	0.03243656523989305	0.7851454172241716	0.7951727643201264	0.15341238913017846	0.1634012347288076	36	TF65	2008
36	TF65	RandomForestClassifier	di	0.7856426406805241	0.7851454172241716	0.7951727643201264	0.7856426406805241	0.7851454172241716	0.7951727643201264	0.7754952534749231	0.7825571237543667	0.7855490644585644	0.009505018239372637	0.8405399335164693	0.8405651718483286	0.8382929698990098	0.030117980803945014	0.8559245901092171	0.8547376155887079	0.8502104090912925	0.01647531628116935	0.16361307016262527	0.15341238913017846	0.1634012347288076	0.16361307016262527	0.15341238913017846	0.1634012347288076	0.19591860206087056	0.19634819540594267	0.19461751014812417	0.004826690443604066	0.19985790887398489	0.21171698871898292	0.23872226027851293	0.050116046261482354	0.3275718738611541	0.3276011939370526	0.3216821672152454	0.03243656523989305	0.7851454172241716	0.7951727643201264	0.15341238913017846	0.1634012347288076	36	TF65	2008
72	TF65	RandomForestClassifier	mono+di	0.0	0.8011993074350411	0.7951727643201264	0.0	0.8011993074350411	0.7951727643201264	0.7870651154925766	0.785025510450697	0.7879011622027219	0.008067255688944232	0.8383667911495067	0.836687829263937	0.8398345153664303	0.022858524245461632	0.8521801764846335	0.8528632975232647	0.8465331432283538	0.016347429529184252	0.0	0.15341238913017846	0.1854254930454249	0.0	0.15341238913017846	0.1854254930454249	0.18338592547826318	0.18414675740475067	0.18150720394200334	0.006722114388744172	0.20497667957781007	0.21293427589984196	0.2253489931662804	0.05373922143271294	0.337207401888386	0.3310917174019642	0.33015291254384427	0.030856797832000165	0.8011993074350411	0.7951727643201264	0.15341238913017846	0.1854254930454249	36	TF65	2008
72	TF65	Single best mono PWM	mono	0.8045980351608254	0.8011993074350411	0.78601676879041	0.0	0.0	0.0	0.78601676879041	0.78601676879041	0.78601676879041	0.005225352216812429	0.8011993074350411	0.8011993074350411	0.8011993074350411	0.021602426040356462	0.8045980351608254	0.8045980351608254	0.8045980351608254	0.01899652382366542	0.17015082172196588	0.14929943099250825	0.1519057444650318	0.0	0.0	0.0	0.1519057444650318	0.1519057444650318	0.1519057444650318	0.00841790986554672	0.14929943099250825	0.14929943099250825	0.14929943099250825	0.03183164689110115	0.17015082172196588	0.17015082172196588	0.17015082172196588	0.025131991266901084	0.8011993074350411	0.78601676879041	0.14929943099250825	0.1519057444650318	36	TF65	2008
72	TF65	LogisticRegression	mono	0.8045980351608254	0.8011993074350411	0.78601676879041	0.8045980351608254	0.8011993074350411	0.78601676879041	0.8048315293350837	0.8027947727214491	0.8020592036098414	0.005225352216812429	0.8165735393744146	0.8162077301576066	0.8248943921249468	0.021602426040356462	0.8218735601423733	0.8215598704499565	0.8150773215445748	0.01899652382366542	0.17015082172196588	0.14929943099250825	0.1519057444650318	0.17015082172196588	0.14929943099250825	0.1519057444650318	0.18135559490376002	0.1790566748805135	0.17736006575807717	0.00841790986554672	0.1847970669553	0.19036811820351723	0.18938362394324493	0.03183164689110115	0.20437494591541816	0.20859717489953072	0.20302855766053107	0.025131991266901084	0.8011993074350411	0.78601676879041	0.14929943099250825	0.1519057444650318	36	TF65	2008
36	TF65	Single best di PWM	di	0.0	0.0	0.0	0.7856426406805241	0.7851454172241716	0.7951727643201264	0.7951727643201264	0.7951727643201264	0.7951727643201264	0.004725220430295627	0.7851454172241716	0.7851454172241716	0.7851454172241716	0.02050770479866449	0.7856426406805241	0.7856426406805241	0.7856426406805241	0.017086024510240844	0.0	0.0	0.0	0.16361307016262527	0.15341238913017846	0.1634012347288076	0.1634012347288076	0.1634012347288076	0.1634012347288076	0.003740457304294709	0.15341238913017846	0.15341238913017846	0.15341238913017846	0.035705454508336155	0.16361307016262527	0.16361307016262527	0.16361307016262527	0.01670041226996473	0.7851454172241716	0.7951727643201264	0.15341238913017846	0.1634012347288076	36	TF65	2008
36	TF65	LogisticRegression	di	0.7856426406805241	0.7851454172241716	0.7951727643201264	0.7856426406805241	0.7851454172241716	0.7951727643201264	0.8112022789530805	0.811156072993249	0.8086509762085009	0.004725220430295627	0.8102978175862353	0.8108570658383792	0.8165301930561784	0.02050770479866449	0.8201525577604353	0.8203591350911575	0.8195747104133095	0.017086024510240844	0.16361307016262527	0.15341238913017846	0.1634012347288076	0.16361307016262527	0.15341238913017846	0.1634012347288076	0.19097802588409737	0.1912558297298687	0.18988757173314674	0.003740457304294709	0.16645473298176117	0.17852260632188682	0.1584855421250679	0.035705454508336155	0.19100360465505212	0.19319361337230886	0.1933291398855519	0.01670041226996473	0.7851454172241716	0.7951727643201264	0.15341238913017846	0.1634012347288076	36	TF65	2008
72	TF65	LogisticRegression	mono+di	0.0	0.8011993074350411	0.7951727643201264	0.0	0.8011993074350411	0.7951727643201264	0.7943706535407168	0.7941515860151448	0.7933766983744386	0.005566978253334934	0.818017707524317	0.8185677440095966	0.8166954052415839	0.020727015744814423	0.834839987537553	0.8340593717478252	0.8306063392698957	0.017694620169619157	0.0	0.15341238913017846	0.1634012347288076	0.0	0.15341238913017846	0.1634012347288076	0.17030841716904369	0.17036782096683925	0.17001775053281085	0.004370355022835943	0.1812558871986805	0.18685522295590865	0.17964816803961153	0.03199986414470343	0.20256413803926004	0.20385761771178573	0.20043880325650826	0.01950630901172342	0.8011993074350411	0.7951727643201264	0.15341238913017846	0.1634012347288076	36	TF65	2008
72	TF65	Single best mono PWM	mono	0.8045980351608254	0.8011993074350411	0.7930192686443727	0.0	0.0	0.0	0.7930192686443727	0.7930192686443727	0.7930192686443727	0.0192060863345365	0.8011993074350411	0.8011993074350411	0.8011993074350411	0.0123978052306575	0.8045980351608254	0.8045980351608254	0.8045980351608254	0.0253126856545836	0.1701508217219658	0.1492994309925082	0.1815380344585427	0.0	0.0	0.0	0.1815380344585427	0.1815380344585427	0.1815380344585427	0.014756917453369	0.1492994309925082	0.1492994309925082	0.1492994309925082	0.0513358725925315	0.1701508217219658	0.1701508217219658	0.1701508217219658	0.0453194771531225	0.8011993074350411	0.7930192686443727	0.1492994309925082	0.1815380344585427	36	TF65	2008
72	TF65	XGBClassifier	mono	0.8045980351608254	0.8011993074350411	0.7930192686443727	0.8045980351608254	0.8011993074350411	0.7930192686443727	0.7721296379193197	0.7509381425097013	0.7497913296080709	0.0192060863345365	0.8131353725523792	0.8186773283443957	0.8188804181130654	0.0123978052306575	0.9376001259612292	0.9316426310153224	0.940326581231914	0.0253126856545836	0.1701508217219658	0.1492994309925082	0.1815380344585427	0.1701508217219658	0.1492994309925082	0.1815380344585427	0.1561386585605411	0.1430129810669392	0.1398462813865375	0.014756917453369	0.2120650410573167	0.2101735293019751	0.2179166217234783	0.0513358725925315	0.4061717520184461	0.3943196437567864	0.4035003607485244	0.0453194771531225	0.8011993074350411	0.7930192686443727	0.1492994309925082	0.1815380344585427	36	TF65	2008
36	TF65	Single best di PWM	di	0.0	0.0	0.0	0.7856426406805241	0.7851454172241716	0.7951727643201264	0.7951727643201264	0.7951727643201264	0.7951727643201264	0.0062380180082983	0.7851454172241716	0.7851454172241716	0.7851454172241716	0.0234771415160162	0.7856426406805241	0.7856426406805241	0.7856426406805241	0.0221483860232425	0.0	0.0	0.0	0.1636130701626252	0.1534123891301784	0.1634012347288076	0.1634012347288076	0.1634012347288076	0.1634012347288076	0.0050199784720967	0.1534123891301784	0.1534123891301784	0.1534123891301784	0.0373920401957488	0.1636130701626252	0.1636130701626252	0.1636130701626252	0.0492761063289967	0.7851454172241716	0.7951727643201264	0.1534123891301784	0.1634012347288076	36	TF65	2008
36	TF65	XGBClassifier	di	0.7856426406805241	0.7851454172241716	0.7951727643201264	0.7856426406805241	0.7851454172241716	0.7951727643201264	0.7768366487937305	0.7811804856397283	0.7801302804942405	0.0062380180082983	0.8209128635148799	0.8275313128771687	0.8243330390281841	0.0234771415160162	0.933128591556334	0.9299438164205932	0.9389921623878984	0.0221483860232425	0.1636130701626252	0.1534123891301784	0.1634012347288076	0.1636130701626252	0.1534123891301784	0.1634012347288076	0.1892368152843885	0.191325926251501	0.1905567721213592	0.0050199784720967	0.1916362293636209	0.1953983049607084	0.2069847950203379	0.0373920401957488	0.3948522933505641	0.3788186689894773	0.3914158755915333	0.0492761063289967	0.7851454172241716	0.7951727643201264	0.1534123891301784	0.1634012347288076	36	TF65	2008
72	TF65	XGBClassifier	mono+di	0.0	0.8011993074350411	0.7951727643201264	0.0	0.8011993074350411	0.7951727643201264	0.7568302704921309	0.7709732294569237	0.7657481190728777	0.013551078672423	0.8131230858367986	0.8185601374105271	0.8165247682234642	0.020156798193611	0.9474565900797808	0.9443942309190602	0.9537500738203508	0.0223308780182988	0.0	0.15341238913017846	0.1815380344585427	0.0	0.1534123891301784	0.1815380344585427	0.1562208583078781	0.1679585849767731	0.1703575353447601	0.0112492082042452	0.2010639517571973	0.2256869147546101	0.2109620038928303	0.0350040713128961	0.4469124146351742	0.4342607616954694	0.4481988330154458	0.0526618486992152	0.8011993074350411	0.7951727643201264	0.1534123891301784	0.1815380344585427	36	TF65	2008
72	TF65	Single best mono PWM	mono	0.8045980351608254	0.8011993074350411	0.7932067387835541	0.0	0.0	0.0	0.7932067387835541	0.7932067387835541	0.7932067387835541	0.02101695632219083	0.8011993074350411	0.8011993074350411	0.8011993074350411	0.017981707123869713	0.8045980351608254	0.8045980351608254	0.8045980351608254	0.02384323754062943	0.17015082172196588	0.14929943099250825	0.1567827810043177	0.0	0.0	0.0	0.1567827810043177	0.1567827810043177	0.1567827810043177	0.012886710032009524	0.14929943099250825	0.14929943099250825	0.14929943099250825	0.04276162106304797	0.17015082172196588	0.17015082172196588	0.17015082172196588	0.048095885459556446	0.8011993074350411	0.7932067387835541	0.14929943099250825	0.1567827810043177	36	TF65	2008
72	TF65	BaggingClassifier_XGBClassifier	mono	0.8045980351608254	0.8011993074350411	0.7932067387835541	0.8045980351608254	0.8011993074350411	0.7932067387835541	0.7289138981550087	0.6945590789348653	0.6921533061021736	0.02101695632219083	0.823223724182398	0.8220793781676308	0.8239519669684392	0.017981707123869713	0.9641252611950142	0.9578485693976811	0.9666636576085581	0.02384323754062943	0.17015082172196588	0.14929943099250825	0.1567827810043177	0.17015082172196588	0.14929943099250825	0.1567827810043177	0.12429075858613531	0.10839869847369152	0.11681697847356731	0.012886710032009524	0.23254503717991318	0.2192024719657519	0.22342372401404703	0.04276162106304797	0.4413178742784649	0.43633380161858926	0.4482898684862787	0.048095885459556446	0.8011993074350411	0.7932067387835541	0.14929943099250825	0.1567827810043177	36	TF65	2008
36	TF65	Single best di PWM	di	0.0	0.0	0.0	0.7856426406805241	0.7851454172241716	0.7951727643201264	0.7951727643201264	0.7951727643201264	0.7951727643201264	0.0044492606537550414	0.7851454172241716	0.7851454172241716	0.7851454172241716	0.019404654324557527	0.7856426406805241	0.7856426406805241	0.7856426406805241	0.021112441650073515	0.0	0.0	0.0	0.16361307016262527	0.15341238913017846	0.1634012347288076	0.1634012347288076	0.1634012347288076	0.1634012347288076	0.003300641748000558	0.15341238913017846	0.15341238913017846	0.15341238913017846	0.047610520181326686	0.16361307016262527	0.16361307016262527	0.16361307016262527	0.05619811664707951	0.7851454172241716	0.7951727643201264	0.15341238913017846	0.1634012347288076	36	TF65	2008
36	TF65	BaggingClassifier_XGBClassifier	di	0.7856426406805241	0.7851454172241716	0.7951727643201264	0.7856426406805241	0.7851454172241716	0.7951727643201264	0.7863782808469558	0.7867813122447689	0.7834653520786187	0.0044492606537550414	0.8310251967847131	0.83719125425597	0.8387936618665603	0.019404654324557527	0.9600719805817789	0.9571260955263637	0.9650504087538281	0.021112441650073515	0.16361307016262527	0.15341238913017846	0.1634012347288076	0.16361307016262527	0.15341238913017846	0.1634012347288076	0.19660450670665788	0.19609173680719325	0.1975363953086346	0.003300641748000558	0.19422867225787557	0.20499149935399283	0.22132210084014223	0.047610520181326686	0.4352901699272459	0.428261470244813	0.44570612621878947	0.05619811664707951	0.7851454172241716	0.7951727643201264	0.15341238913017846	0.1634012347288076	36	TF65	2008
72	TF65	BaggingClassifier_XGBClassifier	mono+di	0.0	0.8011993074350411	0.7951727643201264	0.0	0.8011993074350411	0.7951727643201264	0.7733472165259071	0.7629428066322801	0.7670079631732174	0.013757488283771825	0.8306757862652555	0.8373757095826585	0.8407550849211797	0.023348471858255587	0.9689893770840856	0.964955638291011	0.9724424834009668	0.02047036570462121	0.0	0.15341238913017846	0.1634012347288076	0.0	0.15341238913017846	0.1634012347288076	0.17325255564710698	0.17476933907212894	0.17428545057089026	0.0063881612535181724	0.22540994544186505	0.23461199759945978	0.22989511188995737	0.0383172318066526	0.4810119626368398	0.47610084220872995	0.4981130022338833	0.06408348992949789	0.8011993074350411	0.7951727643201264	0.15341238913017846	0.1634012347288076	36	TF65	2008
72	TF65	Single best mono PWM	mono	0.8045980351608254	0.8011993074350411	0.7938042692131502	0.0	0.0	0.0	0.7938042692131502	0.7938042692131502	0.7938042692131502	0.007524483105178459	0.8011993074350411	0.8011993074350411	0.8011993074350411	0.020849930779618383	0.8045980351608254	0.8045980351608254	0.8045980351608254	0.018997537580260737	0.17015082172196588	0.14929943099250825	0.056868962449413495	0.0	0.0	0.0	0.056868962449413495	0.056868962449413495	0.056868962449413495	0.006594473967921661	0.14929943099250825	0.14929943099250825	0.14929943099250825	0.03368555725685027	0.17015082172196588	0.17015082172196588	0.17015082172196588	0.02447975981593276	0.8011993074350411	0.7938042692131502	0.14929943099250825	0.056868962449413495	36	TF65	2008
72	TF65	BaggingClassifier_LogisticRegression	mono	0.8045980351608254	0.8011993074350411	0.7938042692131502	0.8045980351608254	0.8011993074350411	0.7938042692131502	0.7821294666711759	0.783087136910659	0.7811177167671823	0.007524483105178459	0.8166717203768978	0.8164913540601407	0.8263034198681217	0.020849930779618383	0.822251924787412	0.8221178940147164	0.8154546068117201	0.018997537580260737	0.17015082172196588	0.14929943099250825	0.056868962449413495	0.17015082172196588	0.14929943099250825	0.056868962449413495	0.14152024045740552	0.14390261351246547	0.1440935553068246	0.006594473967921661	0.18519452676671766	0.18530367679182325	0.1985127307584165	0.03368555725685027	0.2049264102314827	0.20771681088901214	0.20240669810753517	0.02447975981593276	0.8011993074350411	0.7938042692131502	0.14929943099250825	0.056868962449413495	36	TF65	2008
36	TF65	Single best di PWM	di	0.0	0.0	0.0	0.7856426406805241	0.7851454172241716	0.7951727643201264	0.7951727643201264	0.7951727643201264	0.7951727643201264	0.0039461140855997015	0.7851454172241716	0.7851454172241716	0.7851454172241716	0.020319187895811584	0.7856426406805241	0.7856426406805241	0.7856426406805241	0.01744048569117654	0.0	0.0	0.0	0.16361307016262527	0.15341238913017846	0.1634012347288076	0.1634012347288076	0.1634012347288076	0.1634012347288076	0.003962478744827096	0.15341238913017846	0.15341238913017846	0.15341238913017846	0.03675481852113465	0.16361307016262527	0.16361307016262527	0.16361307016262527	0.0170354755872476	0.7851454172241716	0.7951727643201264	0.15341238913017846	0.1634012347288076	36	TF65	2008
36	TF65	BaggingClassifier_LogisticRegression	di	0.7856426406805241	0.7851454172241716	0.7951727643201264	0.7856426406805241	0.7851454172241716	0.7951727643201264	0.8090309247399764	0.8104758727131927	0.8090301652447662	0.0039461140855997015	0.8090752330248879	0.8113438248158519	0.8177814318379368	0.020319187895811584	0.8204080577702335	0.8203014412669585	0.8199663379200378	0.01744048569117654	0.16361307016262527	0.15341238913017846	0.1634012347288076	0.16361307016262527	0.15341238913017846	0.1634012347288076	0.18937644210006094	0.19047428185164234	0.1903762249873705	0.003962478744827096	0.16685481204399216	0.17779847064565552	0.15771790753558768	0.03675481852113465	0.19080018520663095	0.19318123331958045	0.19459343331900003	0.0170354755872476	0.7851454172241716	0.7951727643201264	0.15341238913017846	0.1634012347288076	36	TF65	2008
72	TF65	BaggingClassifier_LogisticRegression	mono+di	0.0	0.8011993074350411	0.7951727643201264	0.0	0.8011993074350411	0.7951727643201264	0.7869397092778371	0.7919304978548335	0.7890762737755542	0.006402037564561668	0.8176556439422547	0.8191464302833615	0.8185802498180198	0.019908298511181814	0.8357968929545088	0.8347148465538332	0.8309537589322624	0.017962164788369324	0.0	0.15341238913017846	0.1634012347288076	0.0	0.15341238913017846	0.1634012347288076	0.17438956165562863	0.17643139703830754	0.1767779762197695	0.004298473966772792	0.18401405489936606	0.18310926689414622	0.17468586139105233	0.03282196496508472	0.20212426879151923	0.2025534450332531	0.19648865132447105	0.01971196085443042	0.8011993074350411	0.7951727643201264	0.15341238913017846	0.1634012347288076	36	TF65	2008
5	TFE2	Single best mono PWM	mono	0.7569200440945192	0.7323898784896467	0.8602157273123529	0.0	0.0	0.0	0.8602157273123529	0.8602157273123529	0.8602157273123529	0.030703215501991784	0.7323898784896467	0.7323898784896467	0.7323898784896467	0.027667146552682185	0.7569200440945192	0.7569200440945192	0.7569200440945192	0.015090959763909307	0.04394486385691817	0.03321278170644294	0.04870623480937221	0.0	0.0	0.0	0.04870623480937221	0.04870623480937221	0.04870623480937221	0.00952556039515612	0.03321278170644294	0.03321278170644294	0.03321278170644294	0.017848895872329393	0.04394486385691817	0.04394486385691817	0.04394486385691817	0.030295679635690128	0.7323898784896467	0.8602157273123529	0.03321278170644294	0.04870623480937221	37	TFE2	1939
5	TFE2	RandomForestClassifier	mono	0.7569200440945192	0.7323898784896467	0.8602157273123529	0.7569200440945192	0.7323898784896467	0.8602157273123529	0.7496233754685729	0.7941095847731522	0.804005761755168	0.030703215501991784	0.7740853238333042	0.7751460537073143	0.7839637524889151	0.027667146552682185	0.8305357128868579	0.8280457824896084	0.8242399275462584	0.015090959763909307	0.04394486385691817	0.03321278170644294	0.04870623480937221	0.04394486385691817	0.03321278170644294	0.04870623480937221	0.0658056986490108	0.093568799438412	0.09369500697710251	0.00952556039515612	0.05428514503992043	0.0654559511479537	0.06804787392937173	0.017848895872329393	0.1392933022178242	0.13952247361916023	0.14532373929182063	0.030295679635690128	0.7323898784896467	0.8602157273123529	0.03321278170644294	0.04870623480937221	37	TFE2	1939
3	TFE2	Single best di PWM	di	0.0	0.0	0.0	0.7613660909030083	0.7343145631591137	0.8673661157702032	0.8673661157702032	0.8673661157702032	0.8673661157702032	0.0024478216038243514	0.7343145631591137	0.7343145631591137	0.7343145631591137	0.04033544858820863	0.7613660909030083	0.7613660909030083	0.7613660909030083	0.0174197758660459	0.0	0.0	0.0	0.047773330446964135	0.02979253179251779	0.16722189024050452	0.16722189024050452	0.16722189024050452	0.16722189024050452	0.006107601717681601	0.02979253179251779	0.02979253179251779	0.02979253179251779	0.01867058707733722	0.047773330446964135	0.047773330446964135	0.047773330446964135	0.018542834545681848	0.7343145631591137	0.8673661157702032	0.02979253179251779	0.16722189024050452	37	TFE2	1939
3	TFE2	RandomForestClassifier	di	0.7613660909030083	0.7343145631591137	0.8673661157702032	0.7613660909030083	0.7343145631591137	0.8673661157702032	0.8804524071135907	0.8805791129384591	0.8811893716185948	0.0024478216038243514	0.7651601018467231	0.7646282578040579	0.7759737781255368	0.04033544858820863	0.8227049431147193	0.8220197884448796	0.8302513082687379	0.0174197758660459	0.047773330446964135	0.02979253179251779	0.16722189024050452	0.047773330446964135	0.02979253179251779	0.16722189024050452	0.19750972089907026	0.1976810803683621	0.19724866094730537	0.006107601717681601	0.05519763717354383	0.05874425652354608	0.04852921696116276	0.01867058707733722	0.12620689427867074	0.12763722258074686	0.13181908497161599	0.018542834545681848	0.7343145631591137	0.8673661157702032	0.02979253179251779	0.16722189024050452	37	TFE2	1939
5	TFE2	RandomForestClassifier	mono+di	0.0	0.7343145631591137	0.8673661157702032	0.0	0.7343145631591137	0.8673661157702032	0.8768263351059192	0.8791818884806256	0.8792179552666286	0.003024265867248063	0.777674810708414	0.7762211836665737	0.7882211492585736	0.035060322661334666	0.8354686599761985	0.8350210462067128	0.8429881964453925	0.016798020218794524	0.0	0.03321278170644294	0.16722189024050452	0.0	0.03321278170644294	0.16722189024050452	0.219004779685667	0.21522092881236585	0.21458773315177948	0.007245048701949131	0.05900285367516125	0.0727605986512531	0.06977230605598086	0.01819043290545576	0.15433916038670628	0.15517745702495764	0.16159527369889012	0.03077088753195123	0.7343145631591137	0.8673661157702032	0.03321278170644294	0.16722189024050452	37	TFE2	1939
5	TFE2	Single best mono PWM	mono	0.7569200440945192	0.7323898784896467	0.8632323317932177	0.0	0.0	0.0	0.8632323317932177	0.8632323317932177	0.8632323317932177	0.00296728054515442	0.7323898784896467	0.7323898784896467	0.7323898784896467	0.022830265993170187	0.7569200440945192	0.7569200440945192	0.7569200440945192	0.012764986246883634	0.04394486385691817	0.03321278170644294	0.16876878275250795	0.0	0.0	0.0	0.16876878275250795	0.16876878275250795	0.16876878275250795	0.008327116855263049	0.03321278170644294	0.03321278170644294	0.03321278170644294	0.012996312723854016	0.04394486385691817	0.04394486385691817	0.04394486385691817	0.003529695514253202	0.7323898784896467	0.8632323317932177	0.03321278170644294	0.16876878275250795	37	TFE2	1939
5	TFE2	LogisticRegression	mono	0.7569200440945192	0.7323898784896467	0.8632323317932177	0.7569200440945192	0.7323898784896467	0.8632323317932177	0.8800548470054921	0.8802700186930184	0.8793464687112125	0.00296728054515442	0.7536822025752878	0.7537928598488293	0.7575160467438946	0.022830265993170187	0.7719597092629796	0.7718494115202655	0.7730968613145716	0.012764986246883634	0.04394486385691817	0.03321278170644294	0.16876878275250795	0.04394486385691817	0.03321278170644294	0.16876878275250795	0.20168298699086842	0.20389778805656614	0.2023999312126518	0.008327116855263049	0.04007013269125816	0.045314653765377244	0.03964572343627976	0.012996312723854016	0.05529692327914983	0.056810582348778574	0.056334475242116405	0.003529695514253202	0.7323898784896467	0.8632323317932177	0.03321278170644294	0.16876878275250795	37	TFE2	1939
3	TFE2	Single best di PWM	di	0.0	0.0	0.0	0.7613660909030083	0.7343145631591137	0.8673661157702032	0.8673661157702032	0.8673661157702032	0.8673661157702032	0.0027508062011266012	0.7343145631591137	0.7343145631591137	0.7343145631591137	0.034880314411379225	0.7613660909030083	0.7613660909030083	0.7613660909030083	0.016626601106070914	0.0	0.0	0.0	0.047773330446964135	0.02979253179251779	0.16722189024050452	0.16722189024050452	0.16722189024050452	0.16722189024050452	0.007762624106802306	0.02979253179251779	0.02979253179251779	0.02979253179251779	0.005581274545754432	0.047773330446964135	0.047773330446964135	0.047773330446964135	0.0029874922735458912	0.7343145631591137	0.8673661157702032	0.02979253179251779	0.16722189024050452	37	TFE2	1939
3	TFE2	LogisticRegression	di	0.7613660909030083	0.7343145631591137	0.8673661157702032	0.7613660909030083	0.7343145631591137	0.8673661157702032	0.8830131502048644	0.8829888538646308	0.8830462642975565	0.0027508062011266012	0.7492915976453386	0.749390140418632	0.770674730301941	0.034880314411379225	0.7690880226317348	0.7690774271572113	0.7677828494698046	0.016626601106070914	0.047773330446964135	0.02979253179251779	0.16722189024050452	0.047773330446964135	0.02979253179251779	0.16722189024050452	0.19965986127093716	0.1998708355545303	0.19807466397373358	0.007762624106802306	0.03605811525018021	0.038308047335271586	0.039122258901333265	0.005581274545754432	0.05218653957238122	0.052596262883492235	0.05179262006386999	0.0029874922735458912	0.7343145631591137	0.8673661157702032	0.02979253179251779	0.16722189024050452	37	TFE2	1939
5	TFE2	LogisticRegression	mono+di	0.0	0.7343145631591137	0.8673661157702032	0.0	0.7343145631591137	0.8673661157702032	0.883105530468137	0.883279346484379	0.884459677962653	0.0032976533078407123	0.7535581390589127	0.7536279427746878	0.7740017303129194	0.029188668956316284	0.7781006144366717	0.7778166551169629	0.7771168898350923	0.014983573413205727	0.0	0.03321278170644294	0.16876878275250795	0.0	0.03321278170644294	0.16876878275250795	0.21431640971244453	0.2157972660046646	0.21815363067889582	0.009687271550019036	0.047636503410267234	0.04952396539191385	0.04791901084933779	0.008622316719014712	0.06192031789530377	0.06324347413943075	0.062005726641547985	0.0044486432318386875	0.7343145631591137	0.8673661157702032	0.03321278170644294	0.16876878275250795	37	TFE2	1939
5	TFE2	Single best mono PWM	mono	0.7569200440945192	0.7323898784896467	0.8632323317932177	0.0	0.0	0.0	0.8632323317932177	0.8632323317932177	0.8632323317932177	0.0062995264300459	0.7323898784896467	0.7323898784896467	0.7323898784896467	0.0304078355573554	0.7569200440945192	0.7569200440945192	0.7569200440945192	0.0156696138584417	0.0439448638569181	0.0332127817064429	0.1691200039242569	0.0	0.0	0.0	0.1691200039242569	0.1691200039242569	0.1691200039242569	0.0091537663088295	0.0332127817064429	0.0332127817064429	0.0332127817064429	0.0144318142536211	0.0439448638569181	0.0439448638569181	0.0439448638569181	0.0329040402976779	0.7323898784896467	0.8632323317932177	0.0332127817064429	0.1691200039242569	37	TFE2	1939
5	TFE2	XGBClassifier	mono	0.7569200440945192	0.7323898784896467	0.8632323317932177	0.7569200440945192	0.7323898784896467	0.8632323317932177	0.8457126316798884	0.8359346103617351	0.8359654376680552	0.0062995264300459	0.7656655206146866	0.7646353467990732	0.7662057800085242	0.0304078355573554	0.8569487440141131	0.85550294786662	0.8565852097779711	0.0156696138584417	0.0439448638569181	0.0332127817064429	0.1691200039242569	0.0439448638569181	0.0332127817064429	0.1691200039242569	0.1567800175266692	0.1386941668797016	0.1360031527811564	0.0091537663088295	0.0583654622696449	0.0517844991731024	0.0505837786556232	0.0144318142536211	0.143983845667821	0.1432709580938604	0.1379492724667616	0.0329040402976779	0.7323898784896467	0.8632323317932177	0.0332127817064429	0.1691200039242569	37	TFE2	1939
3	TFE2	Single best di PWM	di	0.0	0.0	0.0	0.7613660909030083	0.7343145631591137	0.8673661157702032	0.8673661157702032	0.8673661157702032	0.8673661157702032	0.0037162043172443	0.7343145631591137	0.7343145631591137	0.7343145631591137	0.0441248643197643	0.7613660909030083	0.7613660909030083	0.7613660909030083	0.018985460146456	0.0	0.0	0.0	0.0477733304469641	0.0297925317925177	0.1672218902405045	0.1672218902405045	0.1672218902405045	0.1672218902405045	0.0072342929517089	0.0297925317925177	0.0297925317925177	0.0297925317925177	0.0099658074429674	0.0477733304469641	0.0477733304469641	0.0477733304469641	0.0303312767630293	0.7343145631591137	0.8673661157702032	0.0297925317925177	0.1672218902405045	37	TFE2	1939
3	TFE2	XGBClassifier	di	0.7613660909030083	0.7343145631591137	0.8673661157702032	0.7613660909030083	0.7343145631591137	0.8673661157702032	0.8695497979252027	0.8658654183783989	0.8658845434708982	0.0037162043172443	0.7713536595855145	0.7645684018640566	0.7678995146217803	0.0441248643197643	0.8453003177724312	0.8427412408469025	0.8484262549543425	0.018985460146456	0.0477733304469641	0.0297925317925177	0.1672218902405045	0.0477733304469641	0.0297925317925177	0.1672218902405045	0.1803550966744412	0.1775056205561449	0.1749970397377204	0.0072342929517089	0.0450857079118235	0.0411591124822148	0.0381495714418114	0.0099658074429674	0.1473081164737808	0.151650947019983	0.1560949168220715	0.0303312767630293	0.7343145631591137	0.8673661157702032	0.0297925317925177	0.1672218902405045	37	TFE2	1939
5	TFE2	XGBClassifier	mono+di	0.0	0.7343145631591137	0.8673661157702032	0.0	0.7343145631591137	0.8673661157702032	0.8174367096155523	0.7983855088955621	0.8049278574658416	0.0279056405426731	0.7831958152997033	0.7768062445535466	0.7853600895691395	0.0308594553711454	0.8747041057823716	0.8678802149335586	0.8721128616274516	0.0199523144956112	0.0	0.03321278170644294	0.1691200039242569	0.0	0.0332127817064429	0.1691200039242569	0.1394570238156275	0.1224670569583681	0.106608383676181	0.0415656820169994	0.0609242184882741	0.0609753656948056	0.0578501990189576	0.0225158052941226	0.1843791716247746	0.1907381575440471	0.2021861343122981	0.0380824013337675	0.7343145631591137	0.8673661157702032	0.0332127817064429	0.1691200039242569	37	TFE2	1939
5	TFE2	Single best mono PWM	mono	0.7569200440945192	0.7323898784896467	0.8602157273123529	0.0	0.0	0.0	0.8602157273123529	0.8602157273123529	0.8602157273123529	0.005090863048995974	0.7323898784896467	0.7323898784896467	0.7323898784896467	0.03249611199476312	0.7569200440945192	0.7569200440945192	0.7569200440945192	0.019101091524923362	0.04394486385691817	0.03321278170644294	0.16876878275250795	0.0	0.0	0.0	0.16876878275250795	0.16876878275250795	0.16876878275250795	0.01569103654843576	0.03321278170644294	0.03321278170644294	0.03321278170644294	0.022701882285378183	0.04394486385691817	0.04394486385691817	0.04394486385691817	0.038217205745821985	0.7323898784896467	0.8602157273123529	0.03321278170644294	0.16876878275250795	37	TFE2	1939
5	TFE2	BaggingClassifier_XGBClassifier	mono	0.7569200440945192	0.7323898784896467	0.8602157273123529	0.7569200440945192	0.7323898784896467	0.8602157273123529	0.8532780359166594	0.8514101524606345	0.8515815975384491	0.005090863048995974	0.7672111816883157	0.7668348439073999	0.7738665496160868	0.03249611199476312	0.8809784247496086	0.8740794406726689	0.8798866124511691	0.019101091524923362	0.04394486385691817	0.03321278170644294	0.16876878275250795	0.04394486385691817	0.03321278170644294	0.16876878275250795	0.17122758474590735	0.1576784694195555	0.15494024288388852	0.01569103654843576	0.0632065377761751	0.07359416913611773	0.0751418316643645	0.022701882285378183	0.17012412760974652	0.168794535177789	0.17098201364701862	0.038217205745821985	0.7323898784896467	0.8602157273123529	0.03321278170644294	0.16876878275250795	37	TFE2	1939
3	TFE2	Single best di PWM	di	0.0	0.0	0.0	0.7613660909030083	0.7343145631591137	0.8673661157702032	0.8673661157702032	0.8673661157702032	0.8673661157702032	0.00474142474915077	0.7343145631591137	0.7343145631591137	0.7343145631591137	0.04226470053862335	0.7613660909030083	0.7613660909030083	0.7613660909030083	0.024674837071538162	0.0	0.0	0.0	0.047773330446964135	0.02979253179251779	0.16722189024050452	0.16722189024050452	0.16722189024050452	0.16722189024050452	0.007924107231349538	0.02979253179251779	0.02979253179251779	0.02979253179251779	0.010142146502314807	0.047773330446964135	0.047773330446964135	0.047773330446964135	0.03272880593383437	0.7343145631591137	0.8673661157702032	0.02979253179251779	0.16722189024050452	37	TFE2	1939
3	TFE2	BaggingClassifier_XGBClassifier	di	0.7613660909030083	0.7343145631591137	0.8673661157702032	0.7613660909030083	0.7343145631591137	0.8673661157702032	0.8695410264144364	0.8686920009066798	0.8694171296062851	0.00474142474915077	0.7728372079406868	0.7689640204291418	0.774971850607836	0.04226470053862335	0.8690772276723203	0.8644485387705817	0.8794804777237116	0.024674837071538162	0.047773330446964135	0.02979253179251779	0.16722189024050452	0.047773330446964135	0.02979253179251779	0.16722189024050452	0.18527649690782938	0.18164526875951156	0.17963518580910315	0.007924107231349538	0.04479053352526146	0.04342639824615284	0.0408650986659062	0.010142146502314807	0.16740105614229506	0.16433037392142144	0.17657620950228792	0.03272880593383437	0.7343145631591137	0.8673661157702032	0.02979253179251779	0.16722189024050452	37	TFE2	1939
5	TFE2	BaggingClassifier_XGBClassifier	mono+di	0.0	0.7343145631591137	0.8673661157702032	0.0	0.7343145631591137	0.8673661157702032	0.873342266062244	0.8714818153005116	0.873221845201956	0.0034173710391339762	0.7851434603014883	0.7797510385366924	0.7876040891365612	0.03057991528830255	0.9013739990240215	0.896962625589105	0.9006002696821065	0.023177021974496833	0.0	0.03321278170644294	0.16876878275250795	0.0	0.03321278170644294	0.16876878275250795	0.19500668781547859	0.19927159586245183	0.20220447034378045	0.008629741205288663	0.060969907323319396	0.06463330314614525	0.05813672914900402	0.01528492007778274	0.24462757317885125	0.23073551473282666	0.2475660978376589	0.04786150583126787	0.7343145631591137	0.8673661157702032	0.03321278170644294	0.16876878275250795	37	TFE2	1939
5	TFE2	Single best mono PWM	mono	0.7569200440945192	0.7323898784896467	0.8656434779879697	0.0	0.0	0.0	0.8656434779879697	0.8656434779879697	0.8656434779879697	0.0036711168268042734	0.7323898784896467	0.7323898784896467	0.7323898784896467	0.02284454086269806	0.7569200440945192	0.7569200440945192	0.7569200440945192	0.01268041427469321	0.04394486385691817	0.03321278170644294	0.15166351042465503	0.0	0.0	0.0	0.15166351042465503	0.15166351042465503	0.15166351042465503	0.00948299675827875	0.03321278170644294	0.03321278170644294	0.03321278170644294	0.013045299380009444	0.04394486385691817	0.04394486385691817	0.04394486385691817	0.0034162938203264426	0.7323898784896467	0.8656434779879697	0.03321278170644294	0.15166351042465503	37	TFE2	1939
5	TFE2	BaggingClassifier_LogisticRegression	mono	0.7569200440945192	0.7323898784896467	0.8656434779879697	0.7569200440945192	0.7323898784896467	0.8656434779879697	0.8747066974108622	0.8757269966012908	0.8761050419484333	0.0036711168268042734	0.7531332919507616	0.7535236071017211	0.7569689625120073	0.02284454086269806	0.7720611729769287	0.7718744572923878	0.7730282714186689	0.01268041427469321	0.04394486385691817	0.03321278170644294	0.15166351042465503	0.04394486385691817	0.03321278170644294	0.15166351042465503	0.18696866948424837	0.19144947758193606	0.19339703635085398	0.00948299675827875	0.03987609744621086	0.04577803931083629	0.039714731505926214	0.013045299380009444	0.05537060527914386	0.05661755551522744	0.056153525997477916	0.0034162938203264426	0.7323898784896467	0.8656434779879697	0.03321278170644294	0.15166351042465503	37	TFE2	1939
3	TFE2	Single best di PWM	di	0.0	0.0	0.0	0.7613660909030083	0.7343145631591137	0.8673661157702032	0.8673661157702032	0.8673661157702032	0.8673661157702032	0.0026910323327572964	0.7343145631591137	0.7343145631591137	0.7343145631591137	0.03497702589604177	0.7613660909030083	0.7613660909030083	0.7613660909030083	0.016679139040305255	0.0	0.0	0.0	0.047773330446964135	0.02979253179251779	0.16722189024050452	0.16722189024050452	0.16722189024050452	0.16722189024050452	0.007545876057851917	0.02979253179251779	0.02979253179251779	0.02979253179251779	0.005550649373717135	0.047773330446964135	0.047773330446964135	0.047773330446964135	0.0029652477541134876	0.7343145631591137	0.8673661157702032	0.02979253179251779	0.16722189024050452	37	TFE2	1939
3	TFE2	BaggingClassifier_LogisticRegression	di	0.7613660909030083	0.7343145631591137	0.8673661157702032	0.7613660909030083	0.7343145631591137	0.8673661157702032	0.8831543417313225	0.8829756455113823	0.8829249186493578	0.0026910323327572964	0.7494798140789519	0.7493706862317476	0.7707828958461249	0.03497702589604177	0.769139496534372	0.7691525912473615	0.7678891794236405	0.016679139040305255	0.047773330446964135	0.02979253179251779	0.16722189024050452	0.047773330446964135	0.02979253179251779	0.16722189024050452	0.1997099595510493	0.1997977976752612	0.19803734652451	0.007545876057851917	0.03583200150251432	0.03830777188099369	0.039042216322086855	0.005550649373717135	0.0518477924751845	0.052658576194743165	0.05210727202560168	0.0029652477541134876	0.7343145631591137	0.8673661157702032	0.02979253179251779	0.16722189024050452	37	TFE2	1939
5	TFE2	BaggingClassifier_LogisticRegression	mono+di	0.0	0.7343145631591137	0.8673661157702032	0.0	0.7343145631591137	0.8673661157702032	0.8490572208177143	0.8499502180845984	0.8508005753419454	0.01234600649170813	0.753660861448352	0.7538612927003326	0.7739603809233001	0.02879075869035983	0.778158754717099	0.7780197134837465	0.7773452732109838	0.015019033149496389	0.0	0.03321278170644294	0.16722189024050452	0.0	0.03321278170644294	0.16722189024050452	0.1649103896824375	0.16757470623712706	0.16608544474329281	0.013004248439308074	0.0455154606162034	0.049427562009145755	0.047232560740279886	0.009012203639423467	0.06186479009720254	0.06327418298040886	0.06150541976507848	0.004768262342105358	0.7343145631591137	0.8673661157702032	0.03321278170644294	0.16722189024050452	37	TFE2	1939
12	USF2	Single best mono PWM	mono	0.9728803718991182	0.9759833901717893	0.9769987886015071	0.0	0.0	0.0	0.9769987886015071	0.9769987886015071	0.9769987886015071	0.0025344312928484328	0.9759833901717893	0.9759833901717893	0.9759833901717893	0.004388864736031323	0.9728803718991182	0.9728803718991182	0.9728803718991182	0.001837007448071791	0.680824059755722	0.6224121685542722	0.42247443280338426	0.0	0.0	0.0	0.42247443280338426	0.42247443280338426	0.42247443280338426	0.019468322581315974	0.6224121685542722	0.6224121685542722	0.6224121685542722	0.039982366537625116	0.680824059755722	0.680824059755722	0.680824059755722	0.018232478982286558	0.9759833901717893	0.9769987886015071	0.6224121685542722	0.42247443280338426	38	USF2	6522
12	USF2	RandomForestClassifier	mono	0.9728803718991182	0.9759833901717893	0.9769987886015071	0.9728803718991182	0.9759833901717893	0.9769987886015071	0.9796902143145984	0.9798718850464843	0.9799171858361997	0.0025344312928484328	0.9784827704228871	0.9788600663174739	0.9800570308322937	0.004388864736031323	0.9791036956315518	0.9792527290461457	0.9792193012956993	0.001837007448071791	0.680824059755722	0.6224121685542722	0.42247443280338426	0.680824059755722	0.6224121685542722	0.42247443280338426	0.44525412716827695	0.4481863716307433	0.44792571072119847	0.019468322581315974	0.646283687968062	0.6431666117085195	0.6489812317975344	0.039982366537625116	0.7464361212483718	0.7469697539186589	0.7494897893135825	0.018232478982286558	0.9759833901717893	0.9769987886015071	0.6224121685542722	0.42247443280338426	38	USF2	6522
6	USF2	Single best di PWM	di	0.0	0.0	0.0	0.971772768009139	0.976167812326959	0.9810306171434815	0.9810306171434815	0.9810306171434815	0.9810306171434815	0.003131884043009977	0.976167812326959	0.976167812326959	0.976167812326959	0.004754715095841581	0.971772768009139	0.971772768009139	0.971772768009139	0.0015917220097361514	0.0	0.0	0.0	0.6864539657613808	0.6442572174402729	0.4633003058822117	0.4633003058822117	0.4633003058822117	0.4633003058822117	0.016607376299868016	0.6442572174402729	0.6442572174402729	0.6442572174402729	0.03504784878868377	0.6864539657613808	0.6864539657613808	0.6864539657613808	0.02209788468366171	0.976167812326959	0.9810306171434815	0.6442572174402729	0.4633003058822117	38	USF2	6522
6	USF2	RandomForestClassifier	di	0.971772768009139	0.976167812326959	0.9810306171434815	0.971772768009139	0.976167812326959	0.9810306171434815	0.9819987368481103	0.9820328965964809	0.9827867980175743	0.003131884043009977	0.9797176677416003	0.9801449084349317	0.9807505773234187	0.004754715095841581	0.9793633667687957	0.9792696446711711	0.9790871446847225	0.0015917220097361514	0.6864539657613808	0.6442572174402729	0.4633003058822117	0.6864539657613808	0.6442572174402729	0.4633003058822117	0.4646165880628063	0.471612028890301	0.4677607934044565	0.016607376299868016	0.6687197409323652	0.6758937114624649	0.6660428738258499	0.03504784878868377	0.7682451115365798	0.76708538108329	0.7726455632034649	0.02209788468366171	0.976167812326959	0.9810306171434815	0.6442572174402729	0.4633003058822117	38	USF2	6522
12	USF2	RandomForestClassifier	mono+di	0.0	0.976167812326959	0.9810306171434815	0.0	0.976167812326959	0.9810306171434815	0.9819818565690679	0.9818245022397597	0.9816933141245235	0.0024959942424416215	0.9800634011956058	0.9804733058205883	0.9810444529552513	0.004235147599937425	0.9797210645106867	0.9805125577915453	0.9806925475360286	0.0014835445967780363	0.0	0.6442572174402729	0.4633003058822117	0.0	0.6442572174402729	0.4633003058822117	0.4599972419892399	0.46670445041378705	0.4632140001624336	0.01856222098366697	0.6691623613950194	0.6750216489925774	0.6612808494189832	0.03351931956000996	0.7723443462316438	0.7715097159601693	0.7769273296218333	0.022700342149830806	0.976167812326959	0.9810306171434815	0.6442572174402729	0.4633003058822117	38	USF2	6522
12	USF2	Single best mono PWM	mono	0.9728803718991182	0.9759833901717893	0.9774712094746687	0.0	0.0	0.0	0.9774712094746687	0.9774712094746687	0.9774712094746687	0.0030075000701805022	0.9759833901717893	0.9759833901717893	0.9759833901717893	0.005072306767190482	0.9728803718991182	0.9728803718991182	0.9728803718991182	0.0018512282555030854	0.680824059755722	0.6224121685542722	0.4302404655145066	0.0	0.0	0.0	0.4302404655145066	0.4302404655145066	0.4302404655145066	0.013393420575981377	0.6224121685542722	0.6224121685542722	0.6224121685542722	0.044032445239797595	0.680824059755722	0.680824059755722	0.680824059755722	0.015276305903097883	0.9759833901717893	0.9774712094746687	0.6224121685542722	0.4302404655145066	38	USF2	6522
12	USF2	LogisticRegression	mono	0.9728803718991182	0.9759833901717893	0.9774712094746687	0.9728803718991182	0.9759833901717893	0.9774712094746687	0.9793991877133708	0.9794676922403232	0.9795334080073089	0.0030075000701805022	0.9783396132283567	0.9783060962154873	0.9786179882222231	0.005072306767190482	0.9735817300026427	0.9735716352422328	0.9738278162766616	0.0018512282555030854	0.680824059755722	0.6224121685542722	0.4302404655145066	0.680824059755722	0.6224121685542722	0.4302404655145066	0.4383185289223791	0.44363535104234497	0.44353134097638164	0.013393420575981377	0.6327117244505726	0.6341693025084307	0.6291637297631657	0.044032445239797595	0.687352061478484	0.6902784325397417	0.6859645288891582	0.015276305903097883	0.9759833901717893	0.9774712094746687	0.6224121685542722	0.4302404655145066	38	USF2	6522
6	USF2	Single best di PWM	di	0.0	0.0	0.0	0.971772768009139	0.976167812326959	0.9810306171434815	0.9810306171434815	0.9810306171434815	0.9810306171434815	0.00284280104442471	0.976167812326959	0.976167812326959	0.976167812326959	0.004877735692032336	0.971772768009139	0.971772768009139	0.971772768009139	0.0017513943603012783	0.0	0.0	0.0	0.6864539657613808	0.6442572174402729	0.4633003058822117	0.4633003058822117	0.4633003058822117	0.4633003058822117	0.015638358146628926	0.6442572174402729	0.6442572174402729	0.6442572174402729	0.037912752519574516	0.6864539657613808	0.6864539657613808	0.6864539657613808	0.0138749407009016	0.976167812326959	0.9810306171434815	0.6442572174402729	0.4633003058822117	38	USF2	6522
6	USF2	LogisticRegression	di	0.971772768009139	0.976167812326959	0.9810306171434815	0.971772768009139	0.976167812326959	0.9810306171434815	0.9821966202504195	0.9821858337822251	0.9825187138409086	0.00284280104442471	0.9791510954948638	0.9791833648289995	0.978144374462018	0.004877735692032336	0.9742497498137105	0.9742656889678354	0.9742414329625153	0.0017513943603012783	0.6864539657613808	0.6442572174402729	0.4633003058822117	0.6864539657613808	0.6442572174402729	0.4633003058822117	0.4647646427139089	0.4661899524308634	0.46693911514117453	0.015638358146628926	0.6665631051881981	0.6687543661587352	0.6547379425299267	0.037912752519574516	0.6990383657266857	0.6993605348330909	0.6971400041297686	0.0138749407009016	0.976167812326959	0.9810306171434815	0.6442572174402729	0.4633003058822117	38	USF2	6522
12	USF2	LogisticRegression	mono+di	0.0	0.976167812326959	0.9810306171434815	0.0	0.976167812326959	0.9810306171434815	0.9820138874013248	0.9820446718351856	0.9823645654467554	0.0029752380546063653	0.9803963555232871	0.9804408924656628	0.9795481519962688	0.004712729524224091	0.9748513951174503	0.9748607982071327	0.9751541876421497	0.0016704781325104037	0.0	0.6442572174402729	0.4633003058822117	0.0	0.6442572174402729	0.4633003058822117	0.46099420019776705	0.4626664207308671	0.46628170636955263	0.014823840792432822	0.6743015307494996	0.6763816817697824	0.6629699797245878	0.04109195448170332	0.7026895260582816	0.7026673987503562	0.7006005083861963	0.01401399751471387	0.976167812326959	0.9810306171434815	0.6442572174402729	0.4633003058822117	38	USF2	6522
12	USF2	Single best mono PWM	mono	0.9728803718991182	0.9759833901717891	0.9774712094746688	0.0	0.0	0.0	0.9774712094746688	0.9774712094746688	0.9774712094746688	0.0032042249190266	0.9759833901717891	0.9759833901717891	0.9759833901717891	0.0043236343932841	0.9728803718991182	0.9728803718991182	0.9728803718991182	0.0018315865156879	0.680824059755722	0.6224121685542722	0.4302404655145066	0.0	0.0	0.0	0.4302404655145066	0.4302404655145066	0.4302404655145066	0.022477274730734	0.6224121685542722	0.6224121685542722	0.6224121685542722	0.0489605556636312	0.680824059755722	0.680824059755722	0.680824059755722	0.0200916925903973	0.9759833901717891	0.9774712094746688	0.6224121685542722	0.4302404655145066	38	USF2	6522
12	USF2	XGBClassifier	mono	0.9728803718991182	0.9759833901717891	0.9774712094746688	0.9728803718991182	0.9759833901717891	0.9774712094746688	0.9745604729769684	0.974947340434091	0.9736494556653182	0.0032042249190266	0.9777392885982744	0.977451526957858	0.9778163713374564	0.0043236343932841	0.9879880246965268	0.9869484893533472	0.9874832354245968	0.0018315865156879	0.680824059755722	0.6224121685542722	0.4302404655145066	0.680824059755722	0.6224121685542722	0.4302404655145066	0.3977973846848062	0.4132926630640421	0.4181260739548348	0.022477274730734	0.6353866702759569	0.6313848502708302	0.6374499251295096	0.0489605556636312	0.7736628554874572	0.7737972214029163	0.7791153888748307	0.0200916925903973	0.9759833901717891	0.9774712094746688	0.6224121685542722	0.4302404655145066	38	USF2	6522
6	USF2	Single best di PWM	di	0.0	0.0	0.0	0.971772768009139	0.976167812326959	0.9810306171434816	0.9810306171434816	0.9810306171434816	0.9810306171434816	0.0036059046290629	0.976167812326959	0.976167812326959	0.976167812326959	0.0045302360956642	0.971772768009139	0.971772768009139	0.971772768009139	0.001504461467881	0.0	0.0	0.0	0.6864539657613808	0.6442572174402729	0.4633003058822117	0.4633003058822117	0.4633003058822117	0.4633003058822117	0.0243961425986854	0.6442572174402729	0.6442572174402729	0.6442572174402729	0.0392777442016383	0.6864539657613808	0.6864539657613808	0.6864539657613808	0.0255365182507742	0.976167812326959	0.9810306171434816	0.6442572174402729	0.4633003058822117	38	USF2	6522
6	USF2	XGBClassifier	di	0.971772768009139	0.976167812326959	0.9810306171434816	0.971772768009139	0.976167812326959	0.9810306171434816	0.980587146806822	0.9804497474433712	0.9803297373633392	0.0036059046290629	0.9781528056362732	0.9787343358479492	0.9787294713651378	0.0045302360956642	0.9878301915865794	0.987861382071454	0.9880746736565278	0.001504461467881	0.6864539657613808	0.6442572174402729	0.4633003058822117	0.6864539657613808	0.6442572174402729	0.4633003058822117	0.4568661606385569	0.4628980137361554	0.4660397503343632	0.0243961425986854	0.6658626460935516	0.6531188855767371	0.6389600296652372	0.0392777442016383	0.8072524112052041	0.8034257657635901	0.8092831090344944	0.0255365182507742	0.976167812326959	0.9810306171434816	0.6442572174402729	0.4633003058822117	38	USF2	6522
12	USF2	XGBClassifier	mono+di	0.0	0.976167812326959	0.9810306171434815	0.0	0.976167812326959	0.9810306171434816	0.9800723887030288	0.9796361957010284	0.9797873623974314	0.00336624202504	0.9795091743593908	0.980671715960448	0.9801893696652092	0.0037452804114356	0.9898149734190376	0.989592006510006	0.9900330828567312	0.0014649087430742	0.0	0.6442572174402729	0.4633003058822117	0.0	0.6442572174402729	0.4633003058822117	0.4424452870713178	0.4479503112839419	0.4601451270655412	0.0213488206784522	0.6625320921790914	0.6638909459484363	0.665223617338838	0.0280637346580143	0.8162133373780706	0.8172619714287582	0.8235586408155212	0.0247248336830439	0.976167812326959	0.9810306171434816	0.6442572174402729	0.4633003058822117	38	USF2	6522
12	USF2	Single best mono PWM	mono	0.9728803718991182	0.9759833901717893	0.9802572894751617	0.0	0.0	0.0	0.9802572894751617	0.9802572894751617	0.9802572894751617	0.002733695082211039	0.9759833901717893	0.9759833901717893	0.9759833901717893	0.00434181421307269	0.9728803718991182	0.9728803718991182	0.9728803718991182	0.0015713473591746074	0.680824059755722	0.6224121685542722	0.4375883460072047	0.0	0.0	0.0	0.4375883460072047	0.4375883460072047	0.4375883460072047	0.018793445507539235	0.6224121685542722	0.6224121685542722	0.6224121685542722	0.035275528222817924	0.680824059755722	0.680824059755722	0.680824059755722	0.021174590589583937	0.9759833901717893	0.9802572894751617	0.6224121685542722	0.4375883460072047	38	USF2	6522
12	USF2	BaggingClassifier_XGBClassifier	mono	0.9728803718991182	0.9759833901717893	0.9802572894751617	0.9728803718991182	0.9759833901717893	0.9802572894751617	0.975960492766877	0.976906497344013	0.9759224842145804	0.002733695082211039	0.9782990917805217	0.9785532963841354	0.9795064406162668	0.00434181421307269	0.9897518042365676	0.9891985470065177	0.9896574850356386	0.0015713473591746074	0.680824059755722	0.6224121685542722	0.4375883460072047	0.680824059755722	0.6224121685542722	0.4375883460072047	0.4036388956876129	0.4146125447463634	0.41015858926204757	0.018793445507539235	0.6354327433104617	0.6455450075332549	0.6458287129302083	0.035275528222817924	0.7807028558770845	0.7779493558615945	0.7835798718505567	0.021174590589583937	0.9759833901717893	0.9802572894751617	0.6224121685542722	0.4375883460072047	38	USF2	6522
6	USF2	Single best di PWM	di	0.0	0.0	0.0	0.971772768009139	0.976167812326959	0.9810306171434815	0.9810306171434815	0.9810306171434815	0.9810306171434815	0.0031029012239377103	0.976167812326959	0.976167812326959	0.976167812326959	0.0035991077930443427	0.971772768009139	0.971772768009139	0.971772768009139	0.0016279156094029011	0.0	0.0	0.0	0.6864539657613808	0.6442572174402729	0.4633003058822117	0.4633003058822117	0.4633003058822117	0.4633003058822117	0.019013416696162723	0.6442572174402729	0.6442572174402729	0.6442572174402729	0.036623929256501646	0.6864539657613808	0.6864539657613808	0.6864539657613808	0.026732659464717538	0.976167812326959	0.9810306171434815	0.6442572174402729	0.4633003058822117	38	USF2	6522
6	USF2	BaggingClassifier_XGBClassifier	di	0.971772768009139	0.976167812326959	0.9810306171434815	0.971772768009139	0.976167812326959	0.9810306171434815	0.9810144739582719	0.9809338142688679	0.9802374355516172	0.0031029012239377103	0.978729957450621	0.979384428661568	0.9796201989253632	0.0035991077930443427	0.9898222465925337	0.9894818607035172	0.9900982318738522	0.0016279156094029011	0.6864539657613808	0.6442572174402729	0.4633003058822117	0.6864539657613808	0.6442572174402729	0.4633003058822117	0.4695622924434498	0.4663870367933694	0.4743825382530111	0.019013416696162723	0.6637462252447299	0.6604923383822465	0.6483356988900739	0.036623929256501646	0.8155825520021139	0.8126779369446122	0.8189139310150148	0.026732659464717538	0.976167812326959	0.9810306171434815	0.6442572174402729	0.4633003058822117	38	USF2	6522
12	USF2	BaggingClassifier_XGBClassifier	mono+di	0.0	0.976167812326959	0.9810306171434815	0.0	0.976167812326959	0.9810306171434815	0.9803186527673832	0.9804669675212152	0.9803072274852354	0.0029972361448211836	0.9793629656643928	0.9805015571908914	0.980965580527611	0.004042219243573328	0.9917633437324174	0.9912686286812258	0.9915796726275949	0.0013804810959257194	0.0	0.6442572174402729	0.4633003058822117	0.0	0.6442572174402729	0.4633003058822117	0.4620263138787136	0.46164068909426653	0.4757282290028227	0.023175915450685154	0.6683561004547706	0.667437186880159	0.650729319896647	0.038634497748030176	0.8299747929281017	0.8240261866841981	0.8281789794815532	0.02564300536853218	0.976167812326959	0.9810306171434815	0.6442572174402729	0.4633003058822117	38	USF2	6522
12	USF2	Single best mono PWM	mono	0.9728803718991182	0.9759833901717893	0.9802572894751617	0.0	0.0	0.0	0.9802572894751617	0.9802572894751617	0.9802572894751617	0.0019613621593898407	0.9759833901717893	0.9759833901717893	0.9759833901717893	0.005089044758040228	0.9728803718991182	0.9728803718991182	0.9728803718991182	0.0018584570188714478	0.680824059755722	0.6224121685542722	0.4375883460072047	0.0	0.0	0.0	0.4375883460072047	0.4375883460072047	0.4375883460072047	0.008965003529312204	0.6224121685542722	0.6224121685542722	0.6224121685542722	0.04388732920094032	0.680824059755722	0.680824059755722	0.680824059755722	0.015202983873746962	0.9759833901717893	0.9802572894751617	0.6224121685542722	0.4375883460072047	38	USF2	6522
12	USF2	BaggingClassifier_LogisticRegression	mono	0.9728803718991182	0.9759833901717893	0.9802572894751617	0.9728803718991182	0.9759833901717893	0.9802572894751617	0.9788251622837997	0.9790513418281342	0.9794672983837253	0.0019613621593898407	0.9783477918692042	0.9782859640191301	0.9786559076585887	0.005089044758040228	0.9735664357465164	0.9735587824174244	0.973836056341275	0.0018584570188714478	0.680824059755722	0.6224121685542722	0.4375883460072047	0.680824059755722	0.6224121685542722	0.4375883460072047	0.4410499831289237	0.4399191500534757	0.44428343397964115	0.008965003529312204	0.6324123865140207	0.6343312156816944	0.6283847546939372	0.04388732920094032	0.6872574395459223	0.6898742282542637	0.6853998903754323	0.015202983873746962	0.9759833901717893	0.9802572894751617	0.6224121685542722	0.4375883460072047	38	USF2	6522
6	USF2	Single best di PWM	di	0.0	0.0	0.0	0.971772768009139	0.976167812326959	0.9810306171434815	0.9810306171434815	0.9810306171434815	0.9810306171434815	0.0028559636867731717	0.976167812326959	0.976167812326959	0.976167812326959	0.004869785025217923	0.971772768009139	0.971772768009139	0.971772768009139	0.0017599120821507382	0.0	0.0	0.0	0.6864539657613808	0.6442572174402729	0.4633003058822117	0.4633003058822117	0.4633003058822117	0.4633003058822117	0.015577043459523621	0.6442572174402729	0.6442572174402729	0.6442572174402729	0.03771106988253559	0.6864539657613808	0.6864539657613808	0.6864539657613808	0.013827204565266768	0.976167812326959	0.9810306171434815	0.6442572174402729	0.4633003058822117	38	USF2	6522
6	USF2	BaggingClassifier_LogisticRegression	di	0.971772768009139	0.976167812326959	0.9810306171434815	0.971772768009139	0.976167812326959	0.9810306171434815	0.9822036295607357	0.9821743347902725	0.9825080533219284	0.0028559636867731717	0.9791448995548279	0.9791540391341617	0.9781792603434744	0.004869785025217923	0.9742493457485162	0.9742603963170042	0.9742402434266246	0.0017599120821507382	0.6864539657613808	0.6442572174402729	0.4633003058822117	0.6864539657613808	0.6442572174402729	0.4633003058822117	0.4649378538368338	0.46647873283381525	0.4669079516164232	0.015577043459523621	0.6665440424000784	0.6688005378082271	0.6559516961966841	0.03771106988253559	0.6989839771197054	0.6994543520434305	0.6971336558342818	0.013827204565266768	0.976167812326959	0.9810306171434815	0.6442572174402729	0.4633003058822117	38	USF2	6522
12	USF2	BaggingClassifier_LogisticRegression	mono+di	0.0	0.976167812326959	0.9810306171434815	0.0	0.976167812326959	0.9810306171434815	0.9821711789816779	0.9821313946724709	0.9825583971710957	0.002932918390036276	0.9804716361947238	0.9804004020199188	0.9795716620468153	0.004734874930823514	0.9748276562872886	0.974850899968791	0.9751350123235918	0.001676487934967205	0.0	0.6442572174402729	0.4633003058822117	0.0	0.6442572174402729	0.4633003058822117	0.4659108535692752	0.4660103664077829	0.4699078471662297	0.016541141572740885	0.6751993859785226	0.6760465460677892	0.6635725310745847	0.04136332334534599	0.702290384205531	0.7024521248293812	0.7005532327090519	0.0137901835843536	0.976167812326959	0.9810306171434815	0.6442572174402729	0.4633003058822117	38	USF2	6522
