col,feature,is_mono,auroc_train,auprc_train,auroc_test_H,auprc_test_H,auroc_test_M,auprc_test_M,TF,pwm_class,dataset,length_class,pwm_name,motif_length
0,mono_0,True,0.7297335087993656,0.221443789369777,0.7220542113982904,0.3359424315255799,0.8716629571478478,0.3571181650948116,ANDR,mono,PEAKS039284,M,ANDR_HUMAN~CM~ANDR_HUMAN.PEAKS039284.macs.M,18
1,mono_1,True,0.4894150583366379,0.0567209405283013,0.5089021686605638,0.1060349075499232,0.5157636837712998,0.0423397477414834,ANDR,mono,PEAKS039284,S,ANDR_HUMAN~CM~ANDR_HUMAN.PEAKS039284.macs.S,7
2,mono_2,True,0.8613459312359324,0.4134102404929272,0.8647886147374494,0.5317827465911853,0.9204687390831814,0.5351383663953488,ANDR,mono,PEAKS039275,M,ANDR_HUMAN~CM~ANDR_HUMAN.PEAKS039275.macs.M,15
3,mono_3,True,0.8551397222516992,0.4058045067365245,0.8537122668704054,0.5187856099354907,0.920762306602492,0.5449374862245103,ANDR,mono,PEAKS039266,M,ANDR_HUMAN~CM~ANDR_HUMAN.PEAKS039266.macs.M,15
4,mono_4,True,0.8622781481957251,0.4139999931971128,0.8663745743025937,0.5274831720828203,0.922163146566782,0.5488928420124108,ANDR,mono,PEAKS039264,M,ANDR_HUMAN~CM~ANDR_HUMAN.PEAKS039264.macs.M,16
5,mono_5,True,0.7538327400068139,0.1363517007613034,0.752174542371759,0.2384881118319318,0.7809636544657066,0.1169580032216894,ANDR,mono,PEAKS039264,S,ANDR_HUMAN~CM~ANDR_HUMAN.PEAKS039264.macs.S,11
6,mono_6,True,0.8649695644160473,0.3898039481594396,0.8741262364103606,0.5394932323936901,0.918259456585025,0.5104225380868146,ANDR,mono,PEAKS039263,M,ANDR_HUMAN~CM~ANDR_HUMAN.PEAKS039263.macs.M,16
7,mono_7,True,0.8481410308466493,0.3076866361482095,0.8591828899628979,0.4575300688286841,0.8860864582929007,0.3372067559296997,ANDR,mono,PEAKS039179,M,ANDR_HUMAN~CM~ANDR_HUMAN.PEAKS039179.macs.M,13
8,mono_8,True,0.8713240554156171,0.3898607104023471,0.875369773102269,0.5298240583438578,0.9119605816481,0.4605094217129865,ANDR,mono,PEAKS039178,M,ANDR_HUMAN~CM~ANDR_HUMAN.PEAKS039178.macs.M,14
9,mono_9,True,0.862139504152541,0.3557194540658513,0.8730193747668473,0.5084375563055693,0.9076605379808252,0.4564855078177631,ANDR,mono,PEAKS039153,M,ANDR_HUMAN~CM~ANDR_HUMAN.PEAKS039153.macs.M,17
10,mono_10,True,0.8610439197529142,0.4047971751867833,0.8645994570582521,0.5319657675064261,0.9227910057058571,0.5451906415683699,ANDR,mono,PEAKS038971,M,ANDR_HUMAN~CM~ANDR_HUMAN.PEAKS038971.macs.M,16
11,mono_11,True,0.7531105276826755,0.1366011461129367,0.7425595002120277,0.2258646888794255,0.7851607306990647,0.1193252164705978,ANDR,mono,PEAKS038971,S,ANDR_HUMAN~CM~ANDR_HUMAN.PEAKS038971.macs.S,12
12,mono_12,True,0.8545048202427296,0.3805588467778191,0.859279156051587,0.5268470747102985,0.9193519481426852,0.5142289989132283,ANDR,mono,PEAKS038970,M,ANDR_HUMAN~CM~ANDR_HUMAN.PEAKS038970.macs.M,18
13,mono_13,True,0.7459581810921155,0.1300876609199484,0.7365858753653794,0.2228908846833457,0.7837150306641307,0.118407808522938,ANDR,mono,PEAKS038970,S,ANDR_HUMAN~CM~ANDR_HUMAN.PEAKS038970.macs.S,12
14,mono_14,True,0.8498866247409899,0.3682628348068401,0.8500843538477085,0.5026654013877809,0.9148054723828748,0.5049917435060837,ANDR,mono,PEAKS038969,M,ANDR_HUMAN~CM~ANDR_HUMAN.PEAKS038969.macs.M,18
15,mono_15,True,0.8553945765636956,0.4104079008207216,0.8551424001915698,0.515328130739182,0.9226318346077708,0.541529297579676,ANDR,mono,PEAKS038968,M,ANDR_HUMAN~CM~ANDR_HUMAN.PEAKS038968.macs.M,15
16,mono_16,True,0.8574440917747854,0.4082391975511906,0.8668289969278862,0.5309774374976318,0.921468308232737,0.5428156541564324,ANDR,mono,PEAKS038967,M,ANDR_HUMAN~CM~ANDR_HUMAN.PEAKS038967.macs.M,15
17,mono_17,True,0.869516674113501,0.4281540593282157,0.8729525586532603,0.5416506997199756,0.9243059375849084,0.5499187834019744,ANDR,mono,PEAKS038966,M,ANDR_HUMAN~CM~ANDR_HUMAN.PEAKS038966.macs.M,16
18,mono_18,True,0.8570933523041436,0.4146981642382252,0.8546357227009824,0.5179047093365958,0.9240217111749408,0.5427076134321043,ANDR,mono,PEAKS038965,M,ANDR_HUMAN~CM~ANDR_HUMAN.PEAKS038965.macs.M,15
19,mono_19,True,0.7710777279150168,0.1835315562330688,0.7629207425619038,0.2900610778758823,0.843670193106393,0.2076859699645586,ANDR,mono,PEAKS038965,S,ANDR_HUMAN~CM~ANDR_HUMAN.PEAKS038965.macs.S,14
20,mono_20,True,0.7763447273620893,0.2043713949350881,0.7973563923048712,0.3427189175779616,0.8388209449598261,0.2325823760752387,ANDR,mono,PEAKS038552,M,ANDR_HUMAN~CM~ANDR_HUMAN.PEAKS038552.macs.M,13
21,mono_21,True,0.8225697353208934,0.2992794247286156,0.8354743931259437,0.4384046215513622,0.8816353689399528,0.3774242116085076,ANDR,mono,PEAKS038551,M,ANDR_HUMAN~CM~ANDR_HUMAN.PEAKS038551.macs.M,18
22,mono_22,True,0.8615334275357868,0.3993145563431922,0.8636056836130208,0.5215644751893037,0.9132739463571788,0.5095573572278581,ANDR,mono,PEAKS038467,M,ANDR_HUMAN~CM~ANDR_HUMAN.PEAKS038467.macs.M,17
23,mono_23,True,0.8637874708875323,0.3708456579072712,0.871878909838963,0.5242566537614276,0.910973861933781,0.4618487769359745,ANDR,mono,PEAKS038001,M,ANDR_HUMAN~CM~ANDR_HUMAN.PEAKS038001.macs.M,17
24,mono_24,True,0.8050732344021403,0.2125058847068384,0.8142712738326111,0.3320879649437208,0.8465590779412335,0.1953059586072908,ANDR,mono,PEAKS038001,S,ANDR_HUMAN~CM~ANDR_HUMAN.PEAKS038001.macs.S,14
25,mono_25,True,0.8498480647539474,0.3588599782308697,0.8565528564622236,0.5005381173885345,0.903659081046462,0.4532926795509374,ANDR,mono,PEAKS037997,M,ANDR_HUMAN~CM~ANDR_HUMAN.PEAKS037997.macs.M,17
26,mono_26,True,0.7945726476846862,0.2106753232268923,0.7910694996195015,0.3194677676203205,0.8359954118309202,0.1965248807202532,ANDR,mono,PEAKS037997,S,ANDR_HUMAN~CM~ANDR_HUMAN.PEAKS037997.macs.S,14
27,mono_27,True,0.7727891045367977,0.257176705265789,0.7857260158628159,0.3974893631273302,0.8643971717191321,0.3687935900137318,ANDR,mono,PEAKS037996,M,ANDR_HUMAN~CM~ANDR_HUMAN.PEAKS037996.macs.M,16
28,mono_28,True,0.8286604799298508,0.3556575772605757,0.8245935688265777,0.4539743781277592,0.8989887124946628,0.4792449156944659,ANDR,mono,PEAKS037995,M,ANDR_HUMAN~CM~ANDR_HUMAN.PEAKS037995.macs.M,16
29,mono_29,True,0.8650915170318408,0.4165916191174186,0.8656876356325226,0.5332459982249579,0.9156151525443466,0.5224678563762778,ANDR,mono,PEAKS037841,M,ANDR_HUMAN~CM~ANDR_HUMAN.PEAKS037841.macs.M,17
30,mono_30,True,0.7456811892966652,0.2550921837938992,0.7747905582804637,0.3780559562881982,0.6216809393315996,0.0887304709648699,ANDR,mono,PEAKS037748,M,ANDR_HUMAN~CM~ANDR_HUMAN.PEAKS037748.macs.M,18
31,mono_31,True,0.8627409844901059,0.4113301711796218,0.8705258998077883,0.5346314381722693,0.9199352944144704,0.5375741654218887,ANDR,mono,PEAKS037550,M,ANDR_HUMAN~CM~ANDR_HUMAN.PEAKS037550.macs.M,16
32,mono_32,True,0.8602161412925099,0.4046513143619445,0.8724778155661397,0.5464907427307262,0.9205697467298064,0.5352948606758107,ANDR,mono,PEAKS037549,M,ANDR_HUMAN~CM~ANDR_HUMAN.PEAKS037549.macs.M,15
33,mono_33,True,0.756196130904176,0.1344365015900471,0.7526904879242233,0.2284964841775113,0.7808127050421148,0.1164319345928865,ANDR,mono,PEAKS037549,S,ANDR_HUMAN~CM~ANDR_HUMAN.PEAKS037549.macs.S,13
34,mono_34,True,0.8582164621579809,0.3874902504247543,0.8654609176368733,0.5298860843686843,0.9141354941194736,0.5117759181886752,ANDR,mono,PEAKS037544,M,ANDR_HUMAN~CM~ANDR_HUMAN.PEAKS037544.macs.M,18
35,mono_35,True,0.8657882441481846,0.4199307563124578,0.870158157177286,0.5455863567689728,0.9224379554011568,0.5408467090286729,ANDR,mono,PEAKS037543,M,ANDR_HUMAN~CM~ANDR_HUMAN.PEAKS037543.macs.M,16
36,mono_36,True,0.8564700525560329,0.3805010203526986,0.8660227017848415,0.526522154600313,0.9109412671272754,0.499671830931953,ANDR,mono,PEAKS037542,M,ANDR_HUMAN~CM~ANDR_HUMAN.PEAKS037542.macs.M,18
37,mono_37,True,0.7092937390740979,0.1077530457466063,0.7290548046760054,0.1968474896675675,0.6898291245196599,0.0756783435777302,ANDR,mono,PEAKS037542,S,ANDR_HUMAN~CM~ANDR_HUMAN.PEAKS037542.macs.S,12
38,mono_38,True,0.8711044401749262,0.4263716224673533,0.8748474102304028,0.5407867394733014,0.9225303646702636,0.5436852675062641,ANDR,mono,PEAKS037467,M,ANDR_HUMAN~CM~ANDR_HUMAN.PEAKS037467.macs.M,16
39,mono_39,True,0.840852535926321,0.340053322773497,0.8457340452581943,0.4725671316880488,0.9014625827737452,0.4559072397121983,ANDR,mono,PEAKS037435,M,ANDR_HUMAN~CM~ANDR_HUMAN.PEAKS037435.macs.M,18
40,mono_40,True,0.6934872284930772,0.0998872769231335,0.6913229755489047,0.1709268604239175,0.7144154487055079,0.0778472828078618,ANDR,mono,PEAKS037435,S,ANDR_HUMAN~CM~ANDR_HUMAN.PEAKS037435.macs.S,10
41,mono_41,True,0.8585353451886936,0.3855957842823994,0.8621998550756418,0.5191557632294168,0.9145843141326708,0.4968706360379991,ANDR,mono,PEAKS037433,M,ANDR_HUMAN~CM~ANDR_HUMAN.PEAKS037433.macs.M,18
42,mono_42,True,0.8520432841656103,0.3567141288474299,0.8624564880239028,0.5089623336894585,0.9125120150991732,0.4825235044413603,ANDR,mono,PEAKS037432,M,ANDR_HUMAN~CM~ANDR_HUMAN.PEAKS037432.macs.M,17
43,mono_43,True,0.7801135330388111,0.1848678467864743,0.7866745374448865,0.3059690817502312,0.8316432154640375,0.1872112733434477,ANDR,mono,PEAKS037432,S,ANDR_HUMAN~CM~ANDR_HUMAN.PEAKS037432.macs.S,14
44,mono_44,True,0.8534127944059382,0.3625826234026287,0.8681144340762087,0.5261714503102591,0.9151613874548772,0.4846043858920348,ANDR,mono,PEAKS037431,M,ANDR_HUMAN~CM~ANDR_HUMAN.PEAKS037431.macs.M,17
45,mono_45,True,0.6832783682496775,0.1317802870478096,0.6953944288338654,0.2576591169274963,0.7811657242945309,0.1662549226386851,ANDR,mono,PEAKS037211,M,ANDR_HUMAN~CM~ANDR_HUMAN.PEAKS037211.macs.M,18
46,mono_46,True,0.637539913262998,0.0776663956941964,0.6284422059384509,0.1359148603682167,0.6646990913325312,0.0604503864174512,ANDR,mono,PEAKS037211,S,ANDR_HUMAN~CM~ANDR_HUMAN.PEAKS037211.macs.S,9
47,mono_47,True,0.860401145788536,0.407138696167888,0.8667916706746048,0.5380301642139601,0.916822118736172,0.5343907122422228,ANDR,mono,PEAKS037200,M,ANDR_HUMAN~CM~ANDR_HUMAN.PEAKS037200.macs.M,16
48,mono_48,True,0.8583206353638988,0.4054531587990616,0.8617222780398158,0.5205160685942876,0.9203155975623956,0.5427224136027297,ANDR,mono,PEAKS037198,M,ANDR_HUMAN~CM~ANDR_HUMAN.PEAKS037198.macs.M,16
49,mono_49,True,0.7377267047199897,0.1310448692544633,0.7437063803600923,0.2322465102316118,0.7753324684625238,0.1178475140955904,ANDR,mono,PEAKS037198,S,ANDR_HUMAN~CM~ANDR_HUMAN.PEAKS037198.macs.S,12
50,mono_50,True,0.857290421509436,0.3598782597672671,0.8667444350473505,0.4935714246734474,0.902203819430967,0.4437575340105163,ANDR,mono,PEAKS037092,M,ANDR_HUMAN~CM~ANDR_HUMAN.PEAKS037092.macs.M,18
51,mono_51,True,0.8491011455092796,0.3655244215816514,0.8570770456565888,0.4895638734502702,0.9057356959593216,0.4706469932850248,ANDR,mono,PEAKS037091,M,ANDR_HUMAN~CM~ANDR_HUMAN.PEAKS037091.macs.M,16
52,mono_52,True,0.747182731349869,0.1298518682390468,0.7533376704924009,0.2191810387096912,0.7642683835345263,0.1022614683574291,ANDR,mono,PEAKS037091,S,ANDR_HUMAN~CM~ANDR_HUMAN.PEAKS037091.macs.S,12
53,mono_53,True,0.8564275773958793,0.4007829468919443,0.8654863654466366,0.5109929134976606,0.9171231232775688,0.524603499632892,ANDR,mono,PEAKS037090,M,ANDR_HUMAN~CM~ANDR_HUMAN.PEAKS037090.macs.M,16
54,mono_54,True,0.7920951529486671,0.1924236301287486,0.8005796321469925,0.3170091656420499,0.8322918790513526,0.1848820603053464,ANDR,mono,PEAKS037090,S,ANDR_HUMAN~CM~ANDR_HUMAN.PEAKS037090.macs.S,14
55,mono_55,True,0.8598101610191737,0.4030074668855679,0.8693643450534829,0.5182068335069746,0.915972142219462,0.5279670745686142,ANDR,mono,PEAKS037089,M,ANDR_HUMAN~CM~ANDR_HUMAN.PEAKS037089.macs.M,17
56,mono_56,True,0.865194009952694,0.4205408396360485,0.8768315206956577,0.5408100298581157,0.9193496071886038,0.5331914560367508,ANDR,mono,PEAKS037088,M,ANDR_HUMAN~CM~ANDR_HUMAN.PEAKS037088.macs.M,15
57,mono_57,True,0.8508924329924543,0.3818601091505795,0.8515936802910284,0.4955558455896462,0.9148760029887822,0.5040818389272649,ANDR,mono,PEAKS037087,M,ANDR_HUMAN~CM~ANDR_HUMAN.PEAKS037087.macs.M,18
58,mono_58,True,0.8581747094338358,0.3564343391205287,0.8706590051304253,0.5012275028798627,0.9029008547141248,0.445032693275079,ANDR,mono,PEAKS037086,M,ANDR_HUMAN~CM~ANDR_HUMAN.PEAKS037086.macs.M,18
59,mono_59,True,0.8688704116796148,0.4273099705477546,0.8782520196408348,0.546915352088487,0.9203739156930484,0.548841450153541,ANDR,mono,PEAKS037085,M,ANDR_HUMAN~CM~ANDR_HUMAN.PEAKS037085.macs.M,16
60,mono_60,True,0.8541168695929001,0.3473089941863124,0.8647280689977754,0.4862657905226809,0.8981382042075845,0.4336608674902072,ANDR,mono,PEAKS037084,M,ANDR_HUMAN~CM~ANDR_HUMAN.PEAKS037084.macs.M,18
61,mono_61,True,0.7956242263204634,0.1945908962322266,0.8036004398842584,0.3174596754087752,0.8233285547102434,0.1774797915149907,ANDR,mono,PEAKS037084,S,ANDR_HUMAN~CM~ANDR_HUMAN.PEAKS037084.macs.S,14
62,mono_62,True,0.8538640840114606,0.4049076263670011,0.8602936152231462,0.4986004683932233,0.9184287088072042,0.5325354211962088,ANDR,mono,PEAKS037083,M,ANDR_HUMAN~CM~ANDR_HUMAN.PEAKS037083.macs.M,16
63,mono_63,True,0.8700879799717391,0.3843205669454468,0.8752448431968414,0.5369814368894776,0.915001701471102,0.4771346441346951,ANDR,mono,PEAKS037082,M,ANDR_HUMAN~CM~ANDR_HUMAN.PEAKS037082.macs.M,17
64,mono_64,True,0.8475980047138459,0.3702730430779781,0.854409905271255,0.4943276408590651,0.909055767961806,0.5015021797270186,ANDR,mono,PEAKS037081,M,ANDR_HUMAN~CM~ANDR_HUMAN.PEAKS037081.macs.M,16
65,mono_65,True,0.8033603618044425,0.2096698076903738,0.8052965571348012,0.3187645391882214,0.8380919727904359,0.1994565774834761,ANDR,mono,PEAKS037081,S,ANDR_HUMAN~CM~ANDR_HUMAN.PEAKS037081.macs.S,14
66,mono_66,True,0.8255107307019944,0.370897514486772,0.8341543828530266,0.4701930864974358,0.9094237503396344,0.5108459734481527,ANDR,mono,PEAKS037079,M,ANDR_HUMAN~CM~ANDR_HUMAN.PEAKS037079.macs.M,15
67,mono_67,True,0.7136631864817617,0.1180269794309306,0.7092175552433062,0.2187499806972709,0.7511395497418778,0.1036779083397749,ANDR,mono,PEAKS037079,S,ANDR_HUMAN~CM~ANDR_HUMAN.PEAKS037079.macs.S,13
68,mono_68,True,0.8598515378643596,0.3637682924849523,0.8712937004809185,0.5070854736607977,0.9105963930831038,0.4544013608169596,ANDR,mono,PEAKS037078,M,ANDR_HUMAN~CM~ANDR_HUMAN.PEAKS037078.macs.M,18
69,mono_69,True,0.8179769108111279,0.2958763336061725,0.8226195577148202,0.4218400723282834,0.8846911289446105,0.3983361905354866,ANDR,mono,PEAKS037077,M,ANDR_HUMAN~CM~ANDR_HUMAN.PEAKS037077.macs.M,18
70,mono_70,True,0.746943259591057,0.1595918106755147,0.749382248513933,0.2733846544336655,0.7965550960680046,0.1601808615054402,ANDR,mono,PEAKS037077,S,ANDR_HUMAN~CM~ANDR_HUMAN.PEAKS037077.macs.S,14
71,mono_71,True,0.8672809784581701,0.4169186924749705,0.8785597738749084,0.5440267057183188,0.9157749813686296,0.5267651788701587,ANDR,mono,PEAKS037076,M,ANDR_HUMAN~CM~ANDR_HUMAN.PEAKS037076.macs.M,17
72,mono_72,True,0.8532872703815199,0.4052671089547615,0.859953976966916,0.5104583141137186,0.918785947676901,0.529444222456216,ANDR,mono,PEAKS037075,M,ANDR_HUMAN~CM~ANDR_HUMAN.PEAKS037075.macs.M,15
73,mono_73,True,0.8047978223594922,0.2224731635710914,0.8013146933653016,0.3369481152249841,0.8521323225167876,0.2231781045683328,ANDR,mono,PEAKS037075,S,ANDR_HUMAN~CM~ANDR_HUMAN.PEAKS037075.macs.S,15
74,mono_74,True,0.8613597457650783,0.3641624786632383,0.8681823995134375,0.5024365116701035,0.9059803524434268,0.4577032536432198,ANDR,mono,PEAKS037074,M,ANDR_HUMAN~CM~ANDR_HUMAN.PEAKS037074.macs.M,18
75,mono_75,True,0.8479582590046189,0.3937440447523737,0.8565369926471376,0.4997020268589578,0.9141723114544114,0.5182933532847157,ANDR,mono,PEAKS037073,M,ANDR_HUMAN~CM~ANDR_HUMAN.PEAKS037073.macs.M,16
76,mono_76,True,0.758434117578066,0.1454366240600542,0.7553142248107187,0.237761614986092,0.779232619454256,0.119959093903288,ANDR,mono,PEAKS037073,S,ANDR_HUMAN~CM~ANDR_HUMAN.PEAKS037073.macs.S,13
77,mono_77,True,0.8461937915742794,0.2688887866908057,0.8491968398339897,0.4162754453218034,0.8531336928929084,0.2293745358850776,ANDR,mono,PEAKS035130,S,ANDR_HUMAN~CM~ANDR_HUMAN.PEAKS035130.macs.S,18
78,mono_78,True,0.8676956782297385,0.3743497139584123,0.8735859650818978,0.5066789630605087,0.9077069830765052,0.4647689318685717,ANDR,mono,PEAKS035120,M,ANDR_HUMAN~CM~ANDR_HUMAN.PEAKS035120.macs.M,15
79,mono_79,True,0.8028634082112519,0.3092458190891174,0.8001338341722598,0.4253426880323231,0.8985781997438186,0.4421845720871152,ANDR,mono,PEAKS035084,M,ANDR_HUMAN~CM~ANDR_HUMAN.PEAKS035084.macs.M,18
80,mono_80,True,0.8310512842996531,0.3553743444524699,0.8329561263637659,0.4780687034087483,0.911811057136203,0.5039960744913171,ANDR,mono,PEAKS035082,M,ANDR_HUMAN~CM~ANDR_HUMAN.PEAKS035082.macs.M,16
81,mono_81,True,0.5971818902299396,0.0685755125796618,0.6199995599612388,0.1319696333176117,0.5875002897566277,0.0468957153359052,ANDR,mono,PEAKS035073,S,ANDR_HUMAN~CM~ANDR_HUMAN.PEAKS035073.macs.S,9
82,mono_82,True,0.8430003356660541,0.3565522456573301,0.8363298415348669,0.4821792507757586,0.9121863860963396,0.4925298209935357,ANDR,mono,PEAKS035072,M,ANDR_HUMAN~CM~ANDR_HUMAN.PEAKS035072.macs.M,18
83,mono_83,True,0.7748597368288773,0.1884599642803064,0.7693029535375621,0.2945136606745944,0.8458631409385553,0.2096115383420183,ANDR,mono,PEAKS035072,S,ANDR_HUMAN~CM~ANDR_HUMAN.PEAKS035072.macs.S,14
84,mono_84,True,0.85988074472066,0.4191872706153881,0.8673233824283668,0.5343301342908652,0.9244124207196368,0.5634720369534523,ANDR,mono,PEAKS035023,M,ANDR_HUMAN~CM~ANDR_HUMAN.PEAKS035023.macs.M,15
85,mono_85,True,0.8623827173870549,0.4241036065314352,0.8657003999474138,0.537028081114771,0.9226399392539688,0.5482845307722531,ANDR,mono,PEAKS035022,M,ANDR_HUMAN~CM~ANDR_HUMAN.PEAKS035022.macs.M,16
86,mono_86,True,0.8610139910191179,0.4201637805521595,0.8629823408511191,0.5185988195154908,0.921169780887319,0.547824807865437,ANDR,mono,PEAKS035021,M,ANDR_HUMAN~CM~ANDR_HUMAN.PEAKS035021.macs.M,16
87,mono_87,True,0.8632396985149151,0.3704007425045498,0.8726239308125556,0.5176842023623117,0.9114049524511896,0.4823572177727007,ANDR,mono,PEAKS034941,M,ANDR_HUMAN~CM~ANDR_HUMAN.PEAKS034941.macs.M,16
88,mono_88,True,0.8352453657419561,0.2831082024281668,0.8454696546377551,0.4254703170326604,0.8790558223033031,0.3297130130369437,ANDR,mono,PEAKS034708,M,ANDR_HUMAN~CM~ANDR_HUMAN.PEAKS034708.macs.M,13
89,mono_89,True,0.8649423260372975,0.3679054350880276,0.878124756450973,0.5110211920129322,0.911030289368474,0.4616085118641795,ANDR,mono,PEAKS034706,M,ANDR_HUMAN~CM~ANDR_HUMAN.PEAKS034706.macs.M,16
90,mono_90,True,0.8635113704781425,0.3593361518580054,0.866548134767805,0.5000833398145587,0.903490838993906,0.4277353407609827,ANDR,mono,PEAKS034704,M,ANDR_HUMAN~CM~ANDR_HUMAN.PEAKS034704.macs.M,14
91,mono_91,True,0.8242650337620848,0.3434973109227544,0.8312192632285043,0.4702020388377758,0.9068444540620272,0.4800364039305628,ANDR,mono,PEAKS034691,M,ANDR_HUMAN~CM~ANDR_HUMAN.PEAKS034691.macs.M,16
92,mono_92,True,0.852073264561819,0.4090977334525705,0.8540231898789759,0.5124157638511664,0.9197111262275356,0.5350277414479043,ANDR,mono,PEAKS034690,M,ANDR_HUMAN~CM~ANDR_HUMAN.PEAKS034690.macs.M,15
93,mono_93,True,0.8518052854836998,0.3304003734708282,0.8677639890289155,0.4914503093494649,0.8967739092885145,0.4047231321217805,ANDR,mono,PEAKS034684,M,ANDR_HUMAN~CM~ANDR_HUMAN.PEAKS034684.macs.M,18
94,mono_94,True,0.8586031650907303,0.4120691534745093,0.8563156591540283,0.5184382449486016,0.9210976260528668,0.5384926883852436,ANDR,mono,PEAKS034589,M,ANDR_HUMAN~CM~ANDR_HUMAN.PEAKS034589.macs.M,16
95,mono_95,True,0.802400557116288,0.2148340544215005,0.7999822588513381,0.3150339525728872,0.8521391188914335,0.2218738427123357,ANDR,mono,PEAKS034589,S,ANDR_HUMAN~CM~ANDR_HUMAN.PEAKS034589.macs.S,12
96,mono_96,True,0.8138449798097707,0.3442117548648912,0.8143005621676758,0.4477251775274182,0.9021599943717736,0.4863178833158337,ANDR,mono,PEAKS034588,M,ANDR_HUMAN~CM~ANDR_HUMAN.PEAKS034588.macs.M,16
97,mono_97,True,0.777868989427357,0.2246652162582239,0.7769263028448358,0.3509323632335706,0.8537646516321857,0.2863258010589534,ANDR,mono,PEAKS034588,S,ANDR_HUMAN~CM~ANDR_HUMAN.PEAKS034588.macs.S,17
98,mono_98,True,0.851075117706524,0.3512695809171114,0.8586683435414055,0.483848018073141,0.9030562090983192,0.4511894843756984,ANDR,mono,PEAKS034534,M,ANDR_HUMAN~CM~ANDR_HUMAN.PEAKS034534.macs.M,18
99,mono_99,True,0.7788691798801433,0.1959286997137446,0.8031268597657177,0.3440852056203151,0.8357827747156776,0.2188609527201339,ANDR,mono,PEAKS034532,S,ANDR_HUMAN~CM~ANDR_HUMAN.PEAKS034532.macs.S,13
100,mono_100,True,0.7239015741676766,0.2196230603947864,0.7506943930047767,0.3355420517528509,0.6125403169273765,0.0808406516739579,ANDR,mono,PEAKS034531,M,ANDR_HUMAN~CM~ANDR_HUMAN.PEAKS034531.macs.M,18
101,mono_101,True,0.8652898844996006,0.4293377162734012,0.8737074596117281,0.541516392788168,0.92398126324574,0.5546280030498482,ANDR,mono,PEAKS034503,M,ANDR_HUMAN~CM~ANDR_HUMAN.PEAKS034503.macs.M,15
102,mono_102,True,0.8616001661574895,0.4172637234644181,0.8671509345504249,0.5265714458051536,0.9201176594340724,0.5460895583249157,ANDR,mono,PEAKS034502,M,ANDR_HUMAN~CM~ANDR_HUMAN.PEAKS034502.macs.M,17
103,mono_103,True,0.8666708386624741,0.3953401970543788,0.8729826100552538,0.525630328817422,0.9173034421457128,0.5006014659017546,ANDR,mono,PEAKS034501,M,ANDR_HUMAN~CM~ANDR_HUMAN.PEAKS034501.macs.M,17
104,mono_104,True,0.8021498910900491,0.2160210046513594,0.8066520400486241,0.3280849916408074,0.8390207605868882,0.1999717072592395,ANDR,mono,PEAKS034501,S,ANDR_HUMAN~CM~ANDR_HUMAN.PEAKS034501.macs.S,14
105,mono_105,True,0.873007736236854,0.3827080025581469,0.8779521091470112,0.5387485817088934,0.9139710846951056,0.4802707442399384,ANDR,mono,PEAKS034498,M,ANDR_HUMAN~CM~ANDR_HUMAN.PEAKS034498.macs.M,18
106,mono_106,True,0.8647308687104504,0.4091482278898966,0.8723941122671005,0.5338416495574699,0.9210231912044404,0.5344622531282174,ANDR,mono,PEAKS034497,M,ANDR_HUMAN~CM~ANDR_HUMAN.PEAKS034497.macs.M,16
107,mono_107,True,0.8648691614492285,0.3920869114936178,0.8723056353389088,0.5235227143075804,0.9162464829406514,0.4960701235174056,ANDR,mono,PEAKS033413,M,ANDR_HUMAN~CM~ANDR_HUMAN.PEAKS033413.macs.M,17
108,mono_108,True,0.8021498910900491,0.2160210046513594,0.8066520400486241,0.3280849916408074,0.8390207605868882,0.1999717072592395,ANDR,mono,PEAKS033413,S,ANDR_HUMAN~CM~ANDR_HUMAN.PEAKS033413.macs.S,14
109,mono_109,True,0.5960636687573654,0.0781948282553215,0.6222014940216508,0.1621801059676443,0.7021762694561968,0.0931306232573417,ANDR,mono,PEAKS033389,M,ANDR_HUMAN~CM~ANDR_HUMAN.PEAKS033389.macs.M,18
110,mono_110,True,0.8594356280753098,0.3993666889652181,0.8653638916300871,0.5123336565555028,0.9176535114311222,0.5216308615340266,ANDR,mono,PEAKS033320,M,ANDR_HUMAN~CM~ANDR_HUMAN.PEAKS033320.macs.M,16
111,mono_111,True,0.829740024127743,0.3297304660288435,0.8347230157103663,0.485341093416602,0.9051543995264526,0.4474820946839652,ANDR,mono,PEAKS033253,M,ANDR_HUMAN~CM~ANDR_HUMAN.PEAKS033253.macs.M,18
112,mono_112,True,0.7145407730930985,0.1088967413151196,0.7139582360685401,0.2002707249133309,0.7556901566199589,0.0939271061796879,ANDR,mono,PEAKS033253,S,ANDR_HUMAN~CM~ANDR_HUMAN.PEAKS033253.macs.S,13
113,mono_113,True,0.8669234011181421,0.4228926000705416,0.8710532556774289,0.5360754695016936,0.921757927260024,0.5420209069688986,ANDR,mono,PEAKS033252,M,ANDR_HUMAN~CM~ANDR_HUMAN.PEAKS033252.macs.M,16
114,mono_114,True,0.852759761124174,0.4037623175010492,0.8606812689673301,0.5150162582771592,0.919476072080115,0.5463091774004413,ANDR,mono,PEAKS033248,M,ANDR_HUMAN~CM~ANDR_HUMAN.PEAKS033248.macs.M,16
115,mono_115,True,0.7309072589878635,0.1241412804187856,0.71809692426173,0.2074371373676193,0.7647291976866049,0.1097971525613469,ANDR,mono,PEAKS033248,S,ANDR_HUMAN~CM~ANDR_HUMAN.PEAKS033248.macs.S,13
116,mono_116,True,0.8337039012102967,0.3428796780085594,0.8491087680555018,0.4749156679641763,0.904891577844195,0.4740077407127056,ANDR,mono,PEAKS033164,M,ANDR_HUMAN~CM~ANDR_HUMAN.PEAKS033164.macs.M,16
117,mono_117,True,0.8120373485732797,0.2539176869468216,0.8257093972937167,0.4115550365242211,0.875736125063075,0.3271692150867958,ANDR,mono,PEAKS033164,S,ANDR_HUMAN~CM~ANDR_HUMAN.PEAKS033164.macs.S,12
118,mono_118,True,0.8304520084111994,0.3109507839094746,0.8441120263198011,0.4398866609519812,0.8945896048596825,0.4257969256891269,ANDR,mono,PEAKS033113,M,ANDR_HUMAN~CM~ANDR_HUMAN.PEAKS033113.macs.M,18
119,mono_119,True,0.7837125799371114,0.1895322915452917,0.7876725303248571,0.3060159778318319,0.8274661582502036,0.1918836571461126,ANDR,mono,PEAKS033113,S,ANDR_HUMAN~CM~ANDR_HUMAN.PEAKS033113.macs.S,14
120,mono_120,True,0.8569084098030125,0.4074957685850305,0.852920182405702,0.515955317383295,0.9209803163451462,0.5349547751598569,ANDR,mono,PEAKS033110,M,ANDR_HUMAN~CM~ANDR_HUMAN.PEAKS033110.macs.M,15
121,mono_121,True,0.7266165258284137,0.1114213084563228,0.7290628184531777,0.2044583093902742,0.733129088033226,0.0828209440744507,ANDR,mono,PEAKS039275,S,ANDR_HUMAN~CM~ANDR_HUMAN.PEAKS039275.macs.S,9
122,mono_122,True,0.6997325004049216,0.0967539344302116,0.7055779999394836,0.1779766787532702,0.7236229808252146,0.0766056028218621,ANDR,mono,PEAKS039266,S,ANDR_HUMAN~CM~ANDR_HUMAN.PEAKS039266.macs.S,9
123,mono_123,True,0.7179263369394628,0.1045173839877685,0.7174579454502492,0.1891547601322951,0.7239094239801265,0.0736129344063335,ANDR,mono,PEAKS039263,S,ANDR_HUMAN~CM~ANDR_HUMAN.PEAKS039263.macs.S,8
124,mono_124,True,0.7248185814339252,0.1020209044672008,0.7245971219684879,0.1822805658966004,0.7291247818577029,0.0715031317281574,ANDR,mono,PEAKS039179,S,ANDR_HUMAN~CM~ANDR_HUMAN.PEAKS039179.macs.S,7
125,mono_125,True,0.730461501170084,0.1032806235973566,0.7296954702117712,0.1839144086398204,0.7326775208632536,0.0722660056454506,ANDR,mono,PEAKS039178,S,ANDR_HUMAN~CM~ANDR_HUMAN.PEAKS039178.macs.S,7
126,mono_126,True,0.699858420973264,0.1100640014225083,0.7295208569870961,0.1993222052009444,0.6116558160928464,0.0539020093143582,ANDR,mono,PEAKS039153,S,ANDR_HUMAN~CM~ANDR_HUMAN.PEAKS039153.macs.S,8
127,mono_127,True,0.6887671594609236,0.0968490564600026,0.6787350351291873,0.1654299704835123,0.7075799891317005,0.0721796898134208,ANDR,mono,PEAKS038969,S,ANDR_HUMAN~CM~ANDR_HUMAN.PEAKS038969.macs.S,8
128,mono_128,True,0.697675177467369,0.0966257661450161,0.6892977234957225,0.1620939508348239,0.71821439486861,0.0750301202369749,ANDR,mono,PEAKS038968,S,ANDR_HUMAN~CM~ANDR_HUMAN.PEAKS038968.macs.S,8
129,mono_129,True,0.7046115140158729,0.0990485725039673,0.7069442896443698,0.1886848025424795,0.7309393772076234,0.0809108804287961,ANDR,mono,PEAKS038967,S,ANDR_HUMAN~CM~ANDR_HUMAN.PEAKS038967.macs.S,10
130,mono_130,True,0.701119253324546,0.0966106377670303,0.6970386816742682,0.1714758221219364,0.718772475255211,0.0701071441212364,ANDR,mono,PEAKS038966,S,ANDR_HUMAN~CM~ANDR_HUMAN.PEAKS038966.macs.S,7
131,mono_131,True,0.6912264634425597,0.0942617367153969,0.6877657726952384,0.1641467469699802,0.6975621018514924,0.0672202672464463,ANDR,mono,PEAKS038551,S,ANDR_HUMAN~CM~ANDR_HUMAN.PEAKS038551.macs.S,8
132,mono_132,True,0.7145174591029171,0.1065235618861626,0.7229756908120482,0.1977874368522016,0.7232476357567054,0.0771850599105185,ANDR,mono,PEAKS038467,S,ANDR_HUMAN~CM~ANDR_HUMAN.PEAKS038467.macs.S,10
133,mono_133,True,0.7282978042078336,0.1076568043406275,0.7255113716642151,0.1959145063965401,0.7282342617319411,0.0750948452134283,ANDR,mono,PEAKS037841,S,ANDR_HUMAN~CM~ANDR_HUMAN.PEAKS037841.macs.S,8
134,mono_134,True,0.7357185934419455,0.118209413963795,0.7429263790129801,0.2054271719829393,0.7304791183092032,0.0800781681088117,ANDR,mono,PEAKS037748,S,ANDR_HUMAN~CM~ANDR_HUMAN.PEAKS037748.macs.S,10
135,mono_135,True,0.6854459248130379,0.0918556672408545,0.6856619740800501,0.1658268887780201,0.7020835694600783,0.066114280381164,ANDR,mono,PEAKS037550,S,ANDR_HUMAN~CM~ANDR_HUMAN.PEAKS037550.macs.S,7
136,mono_136,True,0.7183691751327864,0.1050409539644821,0.7153647153645106,0.1854104637057563,0.7250713177813142,0.0751905999448408,ANDR,mono,PEAKS037544,S,ANDR_HUMAN~CM~ANDR_HUMAN.PEAKS037544.macs.S,8
137,mono_137,True,0.7268247951655152,0.107216704976882,0.7270807284883886,0.1963303310655957,0.7319576928152777,0.076777044478941,ANDR,mono,PEAKS037543,S,ANDR_HUMAN~CM~ANDR_HUMAN.PEAKS037543.macs.S,8
138,mono_138,True,0.7224505451082676,0.1018705685631496,0.7201795648258061,0.1805816330871955,0.7286387216162714,0.0717404413536371,ANDR,mono,PEAKS037467,S,ANDR_HUMAN~CM~ANDR_HUMAN.PEAKS037467.macs.S,7
139,mono_139,True,0.6880823733433121,0.0946594469565001,0.6784126986546086,0.1660498467007811,0.7102053062531538,0.0689584238009803,ANDR,mono,PEAKS037433,S,ANDR_HUMAN~CM~ANDR_HUMAN.PEAKS037433.macs.S,7
140,mono_140,True,0.722929672655783,0.1064955595906445,0.7238396242733172,0.1893196650668614,0.7322199534215735,0.0810288825558646,ANDR,mono,PEAKS037431,S,ANDR_HUMAN~CM~ANDR_HUMAN.PEAKS037431.macs.S,9
141,mono_141,True,0.7137812339776707,0.1046185841254665,0.7172369184434444,0.1938807701348895,0.7254819190311687,0.0755640856293314,ANDR,mono,PEAKS037092,S,ANDR_HUMAN~CM~ANDR_HUMAN.PEAKS037092.macs.S,8
142,mono_142,True,0.7155362793009656,0.1086283731396771,0.7162933426266699,0.2006108019797903,0.7275904663664945,0.080208865431176,ANDR,mono,PEAKS037089,S,ANDR_HUMAN~CM~ANDR_HUMAN.PEAKS037089.macs.S,9
143,mono_143,True,0.7707736767440951,0.1495599577691723,0.7708154550530424,0.2469459445620576,0.7834758993517836,0.1180456799016375,ANDR,mono,PEAKS037088,S,ANDR_HUMAN~CM~ANDR_HUMAN.PEAKS037088.macs.S,12
144,mono_144,True,0.7019630714281725,0.0982304658168225,0.7048699829887085,0.1838370753545862,0.7287669477545318,0.0792297300104506,ANDR,mono,PEAKS037087,S,ANDR_HUMAN~CM~ANDR_HUMAN.PEAKS037087.macs.S,8
145,mono_145,True,0.7353939661094573,0.1165121649835623,0.737031388895631,0.2095895088246606,0.7461340016690603,0.0889632777542548,ANDR,mono,PEAKS037086,S,ANDR_HUMAN~CM~ANDR_HUMAN.PEAKS037086.macs.S,11
146,mono_146,True,0.7392015356303094,0.1206248316290287,0.7404181538757149,0.2208146116964709,0.7473607613631953,0.088930663077689,ANDR,mono,PEAKS037085,S,ANDR_HUMAN~CM~ANDR_HUMAN.PEAKS037085.macs.S,11
147,mono_147,True,0.7033092780108017,0.1059009394729075,0.704837922631966,0.1927372687177445,0.7295985756705352,0.0850794128047655,ANDR,mono,PEAKS037083,S,ANDR_HUMAN~CM~ANDR_HUMAN.PEAKS037083.macs.S,12
148,mono_148,True,0.7300455218462192,0.1095918750067013,0.7311684874745115,0.2024040146344993,0.7311108642238869,0.0770071554652486,ANDR,mono,PEAKS037082,S,ANDR_HUMAN~CM~ANDR_HUMAN.PEAKS037082.macs.S,8
149,mono_149,True,0.7072670620004803,0.1007545646199258,0.7086606958684214,0.1868912520561329,0.7193349530334201,0.0731997601506676,ANDR,mono,PEAKS037078,S,ANDR_HUMAN~CM~ANDR_HUMAN.PEAKS037078.macs.S,8
150,mono_150,True,0.7222497461560372,0.1052287056764643,0.7304975868548913,0.1956438046615934,0.7316746584248729,0.076122602618528,ANDR,mono,PEAKS037076,S,ANDR_HUMAN~CM~ANDR_HUMAN.PEAKS037076.macs.S,8
151,mono_151,True,0.7172799840265405,0.1072202733047495,0.7174107024757204,0.1885904953724709,0.7280952435663548,0.0782674601204879,ANDR,mono,PEAKS037074,S,ANDR_HUMAN~CM~ANDR_HUMAN.PEAKS037074.macs.S,9
152,mono_152,True,0.7431003515836623,0.113739798252511,0.744890208901611,0.2082075194034321,0.7305537747933083,0.0762759776429813,ANDR,mono,PEAKS035132,S,ANDR_HUMAN~CM~ANDR_HUMAN.PEAKS035132.macs.S,8
153,mono_153,True,0.7439483585315588,0.1206815201681384,0.7461969279551,0.2073805332171852,0.7368776703023716,0.082027910934277,ANDR,mono,PEAKS035127,S,ANDR_HUMAN~CM~ANDR_HUMAN.PEAKS035127.macs.S,10
154,mono_154,True,0.7428334861796065,0.1149128318371884,0.7375207142232565,0.2005920702293361,0.7340680935838219,0.0784457456730451,ANDR,mono,PEAKS035120,S,ANDR_HUMAN~CM~ANDR_HUMAN.PEAKS035120.macs.S,8
155,mono_155,True,0.6939843890151748,0.1043474267387308,0.6967478482131868,0.1955215123147581,0.7382941338353453,0.0917982030253465,ANDR,mono,PEAKS035084,S,ANDR_HUMAN~CM~ANDR_HUMAN.PEAKS035084.macs.S,12
156,mono_156,True,0.6838977310426871,0.0891060084061721,0.6786800197879314,0.1609786952329268,0.7105113315607654,0.0715301715438475,ANDR,mono,PEAKS035082,S,ANDR_HUMAN~CM~ANDR_HUMAN.PEAKS035082.macs.S,7
157,mono_157,True,0.7051717141309265,0.0956975221982571,0.6946499945926159,0.1685229879647934,0.728243310755735,0.0759064569955192,ANDR,mono,PEAKS035023,S,ANDR_HUMAN~CM~ANDR_HUMAN.PEAKS035023.macs.S,7
158,mono_158,True,0.7169247261892129,0.1077976091271621,0.7176706238540902,0.1945499423479316,0.7329894069013703,0.0819435608599325,ANDR,mono,PEAKS035022,S,ANDR_HUMAN~CM~ANDR_HUMAN.PEAKS035022.macs.S,9
159,mono_159,True,0.7055455285483699,0.0962873045877355,0.7109596800766642,0.1843160238456369,0.7285781030935838,0.0763622923598698,ANDR,mono,PEAKS035021,S,ANDR_HUMAN~CM~ANDR_HUMAN.PEAKS035021.macs.S,8
160,mono_160,True,0.7298334850625814,0.1093639454241134,0.7299888332344748,0.2020221174679218,0.7330653571012693,0.0774403833672872,ANDR,mono,PEAKS034941,S,ANDR_HUMAN~CM~ANDR_HUMAN.PEAKS034941.macs.S,8
161,mono_161,True,0.7388807296408206,0.1145078437542511,0.7409271037733195,0.2059449738246839,0.7321405502076621,0.0785800849992752,ANDR,mono,PEAKS034708,S,ANDR_HUMAN~CM~ANDR_HUMAN.PEAKS034708.macs.S,9
162,mono_162,True,0.7357593025853546,0.1136079961063957,0.7438217881978699,0.211369671343001,0.7308156522920466,0.0781397449119906,ANDR,mono,PEAKS034707,S,ANDR_HUMAN~CM~ANDR_HUMAN.PEAKS034707.macs.S,10
163,mono_163,True,0.7317110320195256,0.1129029929755152,0.734815137096593,0.2057388242724772,0.7334815015720219,0.0799123585099606,ANDR,mono,PEAKS034706,S,ANDR_HUMAN~CM~ANDR_HUMAN.PEAKS034706.macs.S,10
164,mono_164,True,0.6897333697297358,0.0948581860385675,0.6796921719153223,0.1659218355514589,0.705215391258782,0.0674989530238023,ANDR,mono,PEAKS034691,S,ANDR_HUMAN~CM~ANDR_HUMAN.PEAKS034691.macs.S,7
165,mono_165,True,0.7283269680586661,0.1254515901267193,0.7308489608075937,0.2152663678124063,0.7617095111205994,0.1091647457524168,ANDR,mono,PEAKS034690,S,ANDR_HUMAN~CM~ANDR_HUMAN.PEAKS034690.macs.S,12
166,mono_166,True,0.6985964299876568,0.0964881411731435,0.6929812753283903,0.1713154169856126,0.7123188363156464,0.0689307348795729,ANDR,mono,PEAKS034684,S,ANDR_HUMAN~CM~ANDR_HUMAN.PEAKS034684.macs.S,7
167,mono_167,True,0.6047153412232543,0.0696639541321127,0.6096036830635538,0.124947227985561,0.5958770327601599,0.0478802956639623,ANDR,mono,PEAKS034531,S,ANDR_HUMAN~CM~ANDR_HUMAN.PEAKS034531.macs.S,7
168,mono_168,True,0.7097976562020027,0.1041172142009325,0.7062865595389552,0.1861859883606875,0.7355774028645733,0.0846317199398866,ANDR,mono,PEAKS034503,S,ANDR_HUMAN~CM~ANDR_HUMAN.PEAKS034503.macs.S,12
169,mono_169,True,0.6989105086932481,0.0939885098249363,0.6890289948345428,0.1659061267355839,0.7252296852074681,0.0752785438852673,ANDR,mono,PEAKS034502,S,ANDR_HUMAN~CM~ANDR_HUMAN.PEAKS034502.macs.S,7
170,mono_170,True,0.709173820840338,0.098644455009424,0.7003089556184026,0.1733164229026976,0.71961455925164,0.069827167344045,ANDR,mono,PEAKS034498,S,ANDR_HUMAN~CM~ANDR_HUMAN.PEAKS034498.macs.S,7
171,mono_171,True,0.7274031424709713,0.1152638034876894,0.7312251286626357,0.214115134852085,0.7481274104335676,0.0916915745750636,ANDR,mono,PEAKS034497,S,ANDR_HUMAN~CM~ANDR_HUMAN.PEAKS034497.macs.S,11
172,mono_172,True,0.6845604391584332,0.0918446014442638,0.6825316541679243,0.1648453025534835,0.6974755663160347,0.0654277295302666,ANDR,mono,PEAKS033320,S,ANDR_HUMAN~CM~ANDR_HUMAN.PEAKS033320.macs.S,7
173,mono_173,True,0.7112162370774154,0.1050306052949451,0.7098294614477659,0.1931132879081506,0.7297405323525987,0.0778408322960339,ANDR,mono,PEAKS033252,S,ANDR_HUMAN~CM~ANDR_HUMAN.PEAKS033252.macs.S,8
174,mono_174,True,0.694582344859171,0.0995537745792769,0.6984470240291099,0.1895928412430683,0.7299752948026239,0.0815796371041382,ANDR,mono,PEAKS033110,S,ANDR_HUMAN~CM~ANDR_HUMAN.PEAKS033110.macs.S,11
175,mono_175,True,0.7414155763570459,0.2653194845183934,0.7676834106306488,0.3756881268092859,0.6322268788572759,0.1032980178729256,ANDR,mono,PEAKS038910,M,ANDR_HUMAN~CM~ANDR_HUMAN.PEAKS038910.macs.M,18
176,mono_176,True,0.7447397445922022,0.2393245483207442,0.7754627593676563,0.3665177090632195,0.6184112702325041,0.079080838063453,ANDR,mono,PEAKS038909,M,ANDR_HUMAN~CM~ANDR_HUMAN.PEAKS038909.macs.M,18
177,mono_177,True,0.7450059967494569,0.2139991120657167,0.785686536858129,0.3587281552988127,0.6172740204945075,0.072507274740814,ANDR,mono,PEAKS037526,M,ANDR_HUMAN~CM~ANDR_HUMAN.PEAKS037526.macs.M,18
178,mono_178,True,0.7370506450820176,0.2564152271382826,0.7549794934841914,0.3600848905352842,0.6270957419555176,0.0995022741601291,ANDR,mono,PEAKS037437,M,ANDR_HUMAN~CM~ANDR_HUMAN.PEAKS037437.macs.M,18
179,mono_179,True,0.7136002602668574,0.227803422816555,0.7332444965986171,0.3325143577401825,0.6147543977797617,0.0916292331283912,ANDR,mono,PEAKS037434,M,ANDR_HUMAN~CM~ANDR_HUMAN.PEAKS037434.macs.M,18
180,mono_180,True,0.7524444816165587,0.2728338575310478,0.778513108396149,0.3908339214965088,0.6261973252338625,0.0986557486589907,ANDR,mono,PEAKS037208,M,ANDR_HUMAN~CM~ANDR_HUMAN.PEAKS037208.macs.M,18
181,mono_181,True,0.7497253226806369,0.2680828943467539,0.779867497615694,0.3905595359545423,0.6262307852346388,0.094980678131113,ANDR,mono,PEAKS035133,M,ANDR_HUMAN~CM~ANDR_HUMAN.PEAKS035133.macs.M,18
182,mono_182,True,0.7488591274916643,0.2667370431271141,0.773073895951418,0.3833313032436184,0.6261243360633466,0.0967131624235089,ANDR,mono,PEAKS035132,M,ANDR_HUMAN~CM~ANDR_HUMAN.PEAKS035132.macs.M,18
183,mono_183,True,0.7300975880634695,0.2236591949242247,0.7591090584617713,0.3462979299827283,0.6129952259053681,0.0848224639429702,ANDR,mono,PEAKS035130,M,ANDR_HUMAN~CM~ANDR_HUMAN.PEAKS035130.macs.M,18
184,mono_184,True,0.7487397130362419,0.2652897577860802,0.7822397184057575,0.3916579448817963,0.6239610522842836,0.092386664757419,ANDR,mono,PEAKS035127,M,ANDR_HUMAN~CM~ANDR_HUMAN.PEAKS035127.macs.M,18
185,mono_185,True,0.7430841175780661,0.2467344876603841,0.7728807392557143,0.3653839886883435,0.6185596031129915,0.0869848211408373,ANDR,mono,PEAKS035125,M,ANDR_HUMAN~CM~ANDR_HUMAN.PEAKS035125.macs.M,18
186,mono_186,True,0.750638366183181,0.249411938244564,0.7823400391403164,0.3880776831262915,0.6155243325699646,0.0819082772738583,ANDR,mono,PEAKS035121,M,ANDR_HUMAN~CM~ANDR_HUMAN.PEAKS035121.macs.M,18
187,mono_187,True,0.7437036124592984,0.2348762223147961,0.7737582840676541,0.3645087606324999,0.614907909016807,0.0793794136540437,ANDR,mono,PEAKS035119,M,ANDR_HUMAN~CM~ANDR_HUMAN.PEAKS035119.macs.M,18
188,mono_188,True,0.7512836704887544,0.2692827786840424,0.7770298070484402,0.390856988463374,0.6199973343554711,0.0951755396262611,ANDR,mono,PEAKS035011,M,ANDR_HUMAN~CM~ANDR_HUMAN.PEAKS035011.macs.M,18
189,mono_189,True,0.7428775522628137,0.2291819621691741,0.7768490934867742,0.3644309469890749,0.6058596481388038,0.07703400499575,ANDR,mono,PEAKS034707,M,ANDR_HUMAN~CM~ANDR_HUMAN.PEAKS034707.macs.M,16
190,mono_190,True,0.7256014370528409,0.1932947458372361,0.7577007192557615,0.3115190048288809,0.601967441291775,0.0678429549532668,ANDR,mono,PEAKS034705,M,ANDR_HUMAN~CM~ANDR_HUMAN.PEAKS034705.macs.M,18
191,mono_191,True,0.7244471814663189,0.2111414345920638,0.7601283007089789,0.336121043979176,0.6058822206264799,0.0740714473451871,ANDR,mono,PEAKS034702,M,ANDR_HUMAN~CM~ANDR_HUMAN.PEAKS034702.macs.M,17
192,mono_192,True,0.7415095366021213,0.2520054811912283,0.7659209474920818,0.3723734297916439,0.625663235065792,0.092407041385826,ANDR,mono,PEAKS034538,M,ANDR_HUMAN~CM~ANDR_HUMAN.PEAKS034538.macs.M,18
193,mono_193,True,0.7325509528224432,0.2294960423374171,0.7579945378094793,0.3453509109988877,0.6135942706594729,0.0844365969522197,ANDR,mono,PEAKS033111,M,ANDR_HUMAN~CM~ANDR_HUMAN.PEAKS033111.macs.M,17
194,mono_194,True,0.7390037509704156,0.2364294547698464,0.7725319462955553,0.3632104328795723,0.6124585415130225,0.0822597856051434,ANDR,mono,PEAKS033090,M,ANDR_HUMAN~CM~ANDR_HUMAN.PEAKS033090.macs.M,17
195,di_0,False,0.7624661896038472,0.2599707290936719,0.7997466433063645,0.4056648554018223,0.6243169477545317,0.0833433495969131,ANDR,di,PEAKS033090,M,ANDR_HUMAN~CD~ANDR_HUMAN.PEAKS033090.macs.M,21
196,di_1,False,0.8598988363390617,0.4138459805305838,0.8620563218713795,0.5270393355546915,0.9236240571750184,0.5474828365273157,ANDR,di,PEAKS033110,M,ANDR_HUMAN~CD~ANDR_HUMAN.PEAKS033110.macs.M,17
197,di_2,False,0.7559900972928896,0.2574859610197963,0.7944253924020777,0.3871473099932839,0.6250888625160114,0.0908148280083875,ANDR,di,PEAKS033111,M,ANDR_HUMAN~CD~ANDR_HUMAN.PEAKS033111.macs.M,21
198,di_3,False,0.8511362094868944,0.348132658724585,0.8583748535158154,0.4664593986220622,0.9055435525753988,0.4621414846247271,ANDR,di,PEAKS033113,M,ANDR_HUMAN~CD~ANDR_HUMAN.PEAKS033113.macs.M,20
199,di_4,False,0.8475622177417103,0.3513200223665056,0.8645092430244652,0.4877597042871398,0.906917478554516,0.4605470074632243,ANDR,di,PEAKS033164,M,ANDR_HUMAN~CD~ANDR_HUMAN.PEAKS033164.macs.M,21
200,di_5,False,0.8570254748753121,0.412501029431492,0.8633584814162849,0.5248123805946306,0.9221913744517328,0.5459619757947181,ANDR,di,PEAKS033248,M,ANDR_HUMAN~CD~ANDR_HUMAN.PEAKS033248.macs.M,17
201,di_6,False,0.8641222706887018,0.4095754755390235,0.8741544111085449,0.5384347910709277,0.9173539857547643,0.5225179750097281,ANDR,di,PEAKS033252,M,ANDR_HUMAN~CD~ANDR_HUMAN.PEAKS033252.macs.M,18
202,di_7,False,0.8396345074198395,0.3445789994744377,0.843576932720584,0.4904341051358297,0.9100568959360325,0.4722280739035448,ANDR,di,PEAKS033253,M,ANDR_HUMAN~CD~ANDR_HUMAN.PEAKS033253.macs.M,21
203,di_8,False,0.8684631202980222,0.396886985969603,0.8747642989117599,0.5326041993635089,0.9163095184955168,0.4895240112831474,ANDR,di,PEAKS033320,M,ANDR_HUMAN~CD~ANDR_HUMAN.PEAKS033320.macs.M,17
204,di_9,False,0.7661494629901646,0.2463186404832054,0.7576361125725539,0.349977184468947,0.8663140474711796,0.3368020692716568,ANDR,di,PEAKS033389,M,ANDR_HUMAN~CD~ANDR_HUMAN.PEAKS033389.macs.M,21
205,di_10,False,0.8712889104536797,0.4158794528659843,0.8814311873821452,0.541285931519675,0.9219365479563716,0.524568919572659,ANDR,di,PEAKS033413,M,ANDR_HUMAN~CD~ANDR_HUMAN.PEAKS033413.macs.M,17
206,di_11,False,0.8750985062581335,0.4147933712671193,0.87970478781527,0.5464112313543741,0.9219861330202228,0.527916689608391,ANDR,di,PEAKS034497,M,ANDR_HUMAN~CD~ANDR_HUMAN.PEAKS034497.macs.M,18
207,di_12,False,0.8779416851441242,0.4089560045687897,0.8829194365943714,0.5536649235129001,0.9177178674843768,0.5019430594159218,ANDR,di,PEAKS034498,M,ANDR_HUMAN~CD~ANDR_HUMAN.PEAKS034498.macs.M,18
208,di_13,False,0.872086901483968,0.4177497438044493,0.8820096162555096,0.5455881472489271,0.9224420566316036,0.526672370009855,ANDR,di,PEAKS034501,M,ANDR_HUMAN~CD~ANDR_HUMAN.PEAKS034501.macs.M,17
209,di_14,False,0.868550247421068,0.4291756282377391,0.8743325132389593,0.5457600354437081,0.9250911099250864,0.5618540362566796,ANDR,di,PEAKS034502,M,ANDR_HUMAN~CD~ANDR_HUMAN.PEAKS034502.macs.M,17
210,di_15,False,0.8735148986020431,0.4363593380506332,0.8780359656892025,0.5540399616291809,0.9266324892287388,0.5686282293629186,ANDR,di,PEAKS034503,M,ANDR_HUMAN~CD~ANDR_HUMAN.PEAKS034503.macs.M,17
211,di_16,False,0.7530204038604389,0.2406343317706492,0.7940987210355904,0.3991258912106382,0.6165994540620269,0.0763776525246118,ANDR,di,PEAKS034531,M,ANDR_HUMAN~CD~ANDR_HUMAN.PEAKS034531.macs.M,21
212,di_17,False,0.8671456098119488,0.3854725377688717,0.8688136196031293,0.5196660252608417,0.915702176959205,0.4872086243679376,ANDR,di,PEAKS034534,M,ANDR_HUMAN~CD~ANDR_HUMAN.PEAKS034534.macs.M,21
213,di_18,False,0.7734207573988953,0.2856862955180403,0.8078660784833418,0.4376279212058642,0.6317474049994177,0.0962548176687036,ANDR,di,PEAKS034538,M,ANDR_HUMAN~CD~ANDR_HUMAN.PEAKS034538.macs.M,21
214,di_19,False,0.8311003750411904,0.3821093046468825,0.8294041558190981,0.4693232159890805,0.9138612554826688,0.5297844554271383,ANDR,di,PEAKS034588,M,ANDR_HUMAN~CD~ANDR_HUMAN.PEAKS034588.macs.M,18
215,di_20,False,0.8666502351337917,0.4079376323449821,0.8727355768458296,0.5230974936483899,0.9212767868648836,0.521330701016229,ANDR,di,PEAKS034589,M,ANDR_HUMAN~CD~ANDR_HUMAN.PEAKS034589.macs.M,18
216,di_21,False,0.8701975260685741,0.3597744167725335,0.8760792217219455,0.5234858303041228,0.9062857409851336,0.4368385779819962,ANDR,di,PEAKS034684,M,ANDR_HUMAN~CD~ANDR_HUMAN.PEAKS034684.macs.M,21
217,di_22,False,0.8565563335325361,0.4128585350399652,0.8633174028049955,0.5285027437019945,0.9206933953732096,0.5453173462749614,ANDR,di,PEAKS034690,M,ANDR_HUMAN~CD~ANDR_HUMAN.PEAKS034690.macs.M,17
218,di_23,False,0.8363368361379973,0.3630826482060046,0.8516134255662302,0.5086082898392927,0.9120428416721656,0.4994607552548409,ANDR,di,PEAKS034691,M,ANDR_HUMAN~CD~ANDR_HUMAN.PEAKS034691.macs.M,19
219,di_24,False,0.7666326470144711,0.2558559140641865,0.8043671762522084,0.4140587975342423,0.6228363373830688,0.0813060601354308,ANDR,di,PEAKS034702,M,ANDR_HUMAN~CD~ANDR_HUMAN.PEAKS034702.macs.M,21
220,di_25,False,0.7599621026881209,0.2440944974617022,0.8012853378551567,0.3987295966284307,0.6199775856848969,0.0797970429168559,ANDR,di,PEAKS034704,M,ANDR_HUMAN~CD~ANDR_HUMAN.PEAKS034704.macs.M,21
221,di_26,False,0.7626324769473938,0.2479859360347318,0.8038140450942872,0.4110250280902608,0.6262366564452897,0.0800104973003012,ANDR,di,PEAKS034705,M,ANDR_HUMAN~CD~ANDR_HUMAN.PEAKS034705.macs.M,21
222,di_27,False,0.8733584125955756,0.397827896997298,0.884631845901138,0.5397110698268736,0.915930941466444,0.4909107910265339,ANDR,di,PEAKS034706,M,ANDR_HUMAN~CD~ANDR_HUMAN.PEAKS034706.macs.M,17
223,di_28,False,0.7606388808525136,0.2433247297414402,0.797280683890013,0.395616508427861,0.6215133099794279,0.0783498313892807,ANDR,di,PEAKS034707,M,ANDR_HUMAN~CD~ANDR_HUMAN.PEAKS034707.macs.M,21
224,di_29,False,0.8658807706914944,0.3801403105853454,0.8800196542109835,0.5303747139071331,0.9080060445212126,0.4703643580552226,ANDR,di,PEAKS034708,M,ANDR_HUMAN~CD~ANDR_HUMAN.PEAKS034708.macs.M,18
225,di_30,False,0.853947641680676,0.3100386415731417,0.8537626849170947,0.4654218954707544,0.839838780227458,0.2157386730224559,ANDR,di,PEAKS034941,M,ANDR_HUMAN~CD~ANDR_HUMAN.PEAKS034941.macs.M,21
226,di_31,False,0.7594672465888844,0.2983337589387168,0.7980945414776586,0.4269910254020254,0.6344271525055312,0.1073579331944708,ANDR,di,PEAKS035011,M,ANDR_HUMAN~CD~ANDR_HUMAN.PEAKS035011.macs.M,21
227,di_32,False,0.862488466156931,0.4254923349432313,0.8625494646328723,0.5176562929510644,0.922484521794822,0.5512500012478414,ANDR,di,PEAKS035021,M,ANDR_HUMAN~CD~ANDR_HUMAN.PEAKS035021.macs.M,17
228,di_33,False,0.8631803484559919,0.4242627995540913,0.8693679997977022,0.5381330916700722,0.9247344239801264,0.5552145044133826,ANDR,di,PEAKS035022,M,ANDR_HUMAN~CD~ANDR_HUMAN.PEAKS035022.macs.M,17
229,di_34,False,0.8672259655286043,0.4342618980903743,0.8733130327301386,0.5444492169327199,0.9274554925668596,0.569433062894647,ANDR,di,PEAKS035023,M,ANDR_HUMAN~CD~ANDR_HUMAN.PEAKS035023.macs.M,17
230,di_35,False,0.8453721263132027,0.3954902031428872,0.8447842819867466,0.4983570000715191,0.9204738809533052,0.5421912000029749,ANDR,di,PEAKS035072,M,ANDR_HUMAN~CD~ANDR_HUMAN.PEAKS035072.macs.M,17
231,di_36,False,0.8382738233536446,0.3739308638791717,0.8406098157159569,0.4858178659052783,0.9176583093971976,0.5249989161258737,ANDR,di,PEAKS035082,M,ANDR_HUMAN~CD~ANDR_HUMAN.PEAKS035082.macs.M,18
232,di_37,False,0.8192939828648345,0.3474929898678918,0.8189849555235681,0.4511128186668501,0.9065497084966812,0.4854514771624061,ANDR,di,PEAKS035084,M,ANDR_HUMAN~CD~ANDR_HUMAN.PEAKS035084.macs.M,20
233,di_38,False,0.7557783221723904,0.2547324511899245,0.7922216036796796,0.3942754246667731,0.6186534644645422,0.0820264147917509,ANDR,di,PEAKS035119,M,ANDR_HUMAN~CD~ANDR_HUMAN.PEAKS035119.macs.M,21
234,di_39,False,0.7686791786514156,0.2835850857293526,0.8029292684650956,0.4294757685578985,0.6270159214765362,0.0949306655475731,ANDR,di,PEAKS035120,M,ANDR_HUMAN~CD~ANDR_HUMAN.PEAKS035120.macs.M,21
235,di_40,False,0.7642888699615185,0.2765516012884144,0.7993057218226263,0.4189755402840431,0.632199499281916,0.0909257047586046,ANDR,di,PEAKS035121,M,ANDR_HUMAN~CD~ANDR_HUMAN.PEAKS035121.macs.M,21
236,di_41,False,0.7557876281088207,0.2702965729760576,0.7912907271019369,0.4031302029625359,0.6204069060280247,0.0915485043356573,ANDR,di,PEAKS035125,M,ANDR_HUMAN~CD~ANDR_HUMAN.PEAKS035125.macs.M,21
237,di_42,False,0.7629908035320334,0.2752892755166006,0.7990822996043601,0.421725095051838,0.6315198065054536,0.091838581117124,ANDR,di,PEAKS035127,M,ANDR_HUMAN~CD~ANDR_HUMAN.PEAKS035127.macs.M,21
238,di_43,False,0.7492806207308695,0.2560918644657668,0.7823611510085606,0.3822129968402506,0.6250464074447852,0.0884792752138624,ANDR,di,PEAKS035130,M,ANDR_HUMAN~CD~ANDR_HUMAN.PEAKS035130.macs.M,21
239,di_44,False,0.8508910224689608,0.3158446585136529,0.8571238656380331,0.476559403366286,0.8319460043473197,0.2109823913260299,ANDR,di,PEAKS035132,M,ANDR_HUMAN~CD~ANDR_HUMAN.PEAKS035132.macs.M,21
240,di_45,False,0.7625864767351589,0.2865399034617519,0.7963956815945354,0.4216270157793091,0.6283970459573808,0.096604374671839,ANDR,di,PEAKS035133,M,ANDR_HUMAN~CD~ANDR_HUMAN.PEAKS035133.macs.M,21
241,di_46,False,0.8535598085977425,0.4072695353962242,0.8607308200356378,0.511604535933566,0.9173325270737104,0.5290833947605872,ANDR,di,PEAKS037073,M,ANDR_HUMAN~CD~ANDR_HUMAN.PEAKS037073.macs.M,17
242,di_47,False,0.8736694292560054,0.3941271723292253,0.8785759452259096,0.5371572352510047,0.915741446648294,0.5034767271225958,ANDR,di,PEAKS037074,M,ANDR_HUMAN~CD~ANDR_HUMAN.PEAKS037074.macs.M,18
243,di_48,False,0.8623385100001676,0.4231061859719482,0.8670658121778116,0.5229676177354777,0.923518682024609,0.5551308707669343,ANDR,di,PEAKS037075,M,ANDR_HUMAN~CD~ANDR_HUMAN.PEAKS037075.macs.M,17
244,di_49,False,0.8784141585728886,0.4255233661255833,0.8850298687487516,0.5524478117327236,0.919494193999146,0.5123000809141394,ANDR,di,PEAKS037076,M,ANDR_HUMAN~CD~ANDR_HUMAN.PEAKS037076.macs.M,18
245,di_50,False,0.836811150144934,0.3441015968573057,0.8395573249527718,0.4677777452400907,0.8983048220315957,0.4476604669628384,ANDR,di,PEAKS037077,M,ANDR_HUMAN~CD~ANDR_HUMAN.PEAKS037077.macs.M,19
246,di_51,False,0.8675228504247487,0.3848996492102635,0.8804212887687803,0.531131438095911,0.911547985677134,0.4814005035161877,ANDR,di,PEAKS037078,M,ANDR_HUMAN~CD~ANDR_HUMAN.PEAKS037078.macs.M,18
247,di_52,False,0.8267689067674968,0.3763508629803269,0.8365745414598572,0.4746307161004443,0.9107081017350463,0.5160428449049344,ANDR,di,PEAKS037079,M,ANDR_HUMAN~CD~ANDR_HUMAN.PEAKS037079.macs.M,17
248,di_53,False,0.8688349880199053,0.4239493490986131,0.8698926970036132,0.5350775991252583,0.922377708147343,0.5407892201745679,ANDR,di,PEAKS037081,M,ANDR_HUMAN~CD~ANDR_HUMAN.PEAKS037081.macs.M,17
249,di_54,False,0.8682251012304032,0.3900817593913587,0.882230257005602,0.5454145677666044,0.9158101880603966,0.4975505464980008,ANDR,di,PEAKS037082,M,ANDR_HUMAN~CD~ANDR_HUMAN.PEAKS037082.macs.M,18
250,di_55,False,0.8550581336185472,0.396511880015682,0.8673738204176583,0.5033330466553183,0.921287492528044,0.5281519000839666,ANDR,di,PEAKS037083,M,ANDR_HUMAN~CD~ANDR_HUMAN.PEAKS037083.macs.M,18
251,di_56,False,0.8666254712449803,0.3849223548738777,0.8812461588711727,0.5285781143572496,0.9096291351938828,0.4681429344370933,ANDR,di,PEAKS037084,M,ANDR_HUMAN~CD~ANDR_HUMAN.PEAKS037084.macs.M,18
252,di_57,False,0.8749296609270192,0.4404412731234325,0.8819457369524697,0.5504227470448627,0.9255010854714124,0.5586065115363296,ANDR,di,PEAKS037085,M,ANDR_HUMAN~CD~ANDR_HUMAN.PEAKS037085.macs.M,17
253,di_58,False,0.8723786363357108,0.3995536511145682,0.8823798716538638,0.5311180388507062,0.913281788417498,0.4918976481625626,ANDR,di,PEAKS037086,M,ANDR_HUMAN~CD~ANDR_HUMAN.PEAKS037086.macs.M,18
254,di_59,False,0.853634788630918,0.3937166172964961,0.8488104424737319,0.4997265726353732,0.9176091899235336,0.5221728696279476,ANDR,di,PEAKS037087,M,ANDR_HUMAN~CD~ANDR_HUMAN.PEAKS037087.macs.M,19
255,di_60,False,0.8709893304551319,0.4255280673811977,0.8800650404243049,0.5415771046589828,0.9209602887862438,0.5453816251411918,ANDR,di,PEAKS037088,M,ANDR_HUMAN~CD~ANDR_HUMAN.PEAKS037088.macs.M,17
256,di_61,False,0.8695087895915597,0.4092315813010831,0.8792415064762465,0.5293741671874994,0.9154969106858674,0.5106868702981396,ANDR,di,PEAKS037089,M,ANDR_HUMAN~CD~ANDR_HUMAN.PEAKS037089.macs.M,17
257,di_62,False,0.8604794553943937,0.4102664726651843,0.8660519838222421,0.523081888126011,0.9208677824787486,0.5390196269054501,ANDR,di,PEAKS037090,M,ANDR_HUMAN~CD~ANDR_HUMAN.PEAKS037090.macs.M,17
258,di_63,False,0.8691288399135423,0.3821608647742203,0.8778555554650092,0.5278340733010753,0.9136458803322596,0.487156698032155,ANDR,di,PEAKS037091,M,ANDR_HUMAN~CD~ANDR_HUMAN.PEAKS037091.macs.M,19
259,di_64,False,0.8699118817963998,0.3906024410400328,0.8732310130065525,0.5191311078356968,0.9120120251911656,0.4864599921453934,ANDR,di,PEAKS037092,M,ANDR_HUMAN~CD~ANDR_HUMAN.PEAKS037092.macs.M,19
260,di_65,False,0.8679993551972387,0.4262832117494217,0.8679979021054447,0.535752783990078,0.9259665104995536,0.5542076373183272,ANDR,di,PEAKS037198,M,ANDR_HUMAN~CD~ANDR_HUMAN.PEAKS037198.macs.M,17
261,di_66,False,0.8588222039464498,0.3743937862101912,0.8645215182208019,0.5159787324954941,0.916009668710942,0.5045515160217414,ANDR,di,PEAKS037200,M,ANDR_HUMAN~CD~ANDR_HUMAN.PEAKS037200.macs.M,18
262,di_67,False,0.7638295718442644,0.2864206663985149,0.8025710930355006,0.430785909290014,0.6328200974265419,0.0992572470209989,ANDR,di,PEAKS037208,M,ANDR_HUMAN~CD~ANDR_HUMAN.PEAKS037208.macs.M,21
263,di_68,False,0.7687967843638821,0.2207898596765877,0.7772880343552506,0.3627102682758277,0.8636012723673485,0.3015313908177606,ANDR,di,PEAKS037211,M,ANDR_HUMAN~CD~ANDR_HUMAN.PEAKS037211.macs.M,21
264,di_69,False,0.848241184716862,0.3003228601393059,0.8520855908096395,0.4588018893105389,0.8391469273764702,0.2212202135011601,ANDR,di,PEAKS037431,M,ANDR_HUMAN~CD~ANDR_HUMAN.PEAKS037431.macs.M,21
265,di_70,False,0.8406849223946785,0.2864694845817096,0.8440873394777455,0.4523540147728065,0.8412854170709934,0.216851508032421,ANDR,di,PEAKS037432,M,ANDR_HUMAN~CD~ANDR_HUMAN.PEAKS037432.macs.M,21
266,di_71,False,0.8506719054214815,0.3012905291370417,0.8525464003156256,0.4589195825611216,0.8551803819430968,0.2405803011847363,ANDR,di,PEAKS037433,M,ANDR_HUMAN~CD~ANDR_HUMAN.PEAKS037433.macs.M,21
267,di_72,False,0.7591459502253598,0.2752296165981392,0.7842389946950286,0.407354755966506,0.6304821336800838,0.0998908301985813,ANDR,di,PEAKS037434,M,ANDR_HUMAN~CD~ANDR_HUMAN.PEAKS037434.macs.M,21
268,di_73,False,0.8362074346400665,0.2773857076532975,0.8324940615234646,0.4326445707265779,0.8416839762450026,0.2248506304824409,ANDR,di,PEAKS037435,M,ANDR_HUMAN~CD~ANDR_HUMAN.PEAKS037435.macs.M,21
269,di_74,False,0.7675828779594185,0.2837393836161815,0.8046493661697385,0.4336240304311849,0.630086723207701,0.0982373129521958,ANDR,di,PEAKS037437,M,ANDR_HUMAN~CD~ANDR_HUMAN.PEAKS037437.macs.M,21
270,di_75,False,0.8735653267019274,0.4391478770758315,0.8786647517318398,0.5503859430987619,0.9266219120444048,0.5555331230227563,ANDR,di,PEAKS037467,M,ANDR_HUMAN~CD~ANDR_HUMAN.PEAKS037467.macs.M,17
271,di_76,False,0.8774566334537859,0.4055710115642461,0.8823870551890267,0.543052180517312,0.925481217249544,0.5175528993736813,ANDR,di,PEAKS037542,M,ANDR_HUMAN~CD~ANDR_HUMAN.PEAKS037542.macs.M,21
272,di_77,False,0.877896587208945,0.4030995488050223,0.885906289427705,0.553842564003717,0.9192005414742072,0.5014971259487477,ANDR,di,PEAKS037543,M,ANDR_HUMAN~CD~ANDR_HUMAN.PEAKS037543.macs.M,21
273,di_78,False,0.8698261531888275,0.392566729801187,0.8766349978986585,0.5403011003996099,0.9162782069246592,0.4989947943302067,ANDR,di,PEAKS037544,M,ANDR_HUMAN~CD~ANDR_HUMAN.PEAKS037544.macs.M,21
274,di_79,False,0.8549685350773819,0.3780622801924977,0.8611503609508101,0.5256922905199742,0.917132372588596,0.5115199700124448,ANDR,di,PEAKS037549,M,ANDR_HUMAN~CD~ANDR_HUMAN.PEAKS037549.macs.M,18
275,di_80,False,0.8705522561115238,0.4229961088613797,0.8729689777123705,0.5402703392394497,0.923048862710088,0.5390183319380257,ANDR,di,PEAKS037550,M,ANDR_HUMAN~CD~ANDR_HUMAN.PEAKS037550.macs.M,18
276,di_81,False,0.7608036347998012,0.2789454114313395,0.794384542605906,0.4128851033419044,0.6333188172961224,0.0973747371832084,ANDR,di,PEAKS037748,M,ANDR_HUMAN~CD~ANDR_HUMAN.PEAKS037748.macs.M,21
277,di_82,False,0.8626729269409708,0.3246320550202544,0.8593148060766898,0.4776224441084022,0.8608503497263517,0.2510118283482132,ANDR,di,PEAKS037841,M,ANDR_HUMAN~CD~ANDR_HUMAN.PEAKS037841.macs.M,21
278,di_83,False,0.8614740852960396,0.3869879912590456,0.8569977633175299,0.4867475924590854,0.917775279082405,0.4952909795202329,ANDR,di,PEAKS037995,M,ANDR_HUMAN~CD~ANDR_HUMAN.PEAKS037995.macs.M,19
279,di_84,False,0.7973834339586813,0.2700408495311955,0.7858818998353804,0.3728955019860426,0.8763220791445097,0.3817096566120783,ANDR,di,PEAKS037996,M,ANDR_HUMAN~CD~ANDR_HUMAN.PEAKS037996.macs.M,21
280,di_85,False,0.8583395817857881,0.3776159557595314,0.8612768747186808,0.5087976935608647,0.907439222916586,0.4747613045322907,ANDR,di,PEAKS037997,M,ANDR_HUMAN~CD~ANDR_HUMAN.PEAKS037997.macs.M,18
281,di_86,False,0.8678610230833245,0.3854295900225327,0.8746889872497204,0.5299439686581557,0.9153162244303849,0.4856762441277851,ANDR,di,PEAKS038001,M,ANDR_HUMAN~CD~ANDR_HUMAN.PEAKS038001.macs.M,17
282,di_87,False,0.8479792001541494,0.2915355146460869,0.8548782646265143,0.4589661081654073,0.8359874323642433,0.1964349405221342,ANDR,di,PEAKS038467,M,ANDR_HUMAN~CD~ANDR_HUMAN.PEAKS038467.macs.M,21
283,di_88,False,0.8552908012979832,0.3347439075975818,0.8596104530521277,0.483140320250824,0.9022881766486822,0.4291114448342547,ANDR,di,PEAKS038551,M,ANDR_HUMAN~CD~ANDR_HUMAN.PEAKS038551.macs.M,18
284,di_89,False,0.8329862552849252,0.3013786067080304,0.8506284111217196,0.4478069728302707,0.8904109682490394,0.3927565565319119,ANDR,di,PEAKS038552,M,ANDR_HUMAN~CD~ANDR_HUMAN.PEAKS038552.macs.M,18
285,di_90,False,0.7577081925416231,0.2532828125446572,0.7977010781386287,0.3985527700799102,0.6281094433878043,0.0810737688332844,ANDR,di,PEAKS038909,M,ANDR_HUMAN~CD~ANDR_HUMAN.PEAKS038909.macs.M,21
286,di_91,False,0.7633584628617067,0.2902722290519853,0.7990855659926459,0.4248533699737813,0.6313208500562822,0.1013732289583086,ANDR,di,PEAKS038910,M,ANDR_HUMAN~CD~ANDR_HUMAN.PEAKS038910.macs.M,21
287,di_92,False,0.8601145897445922,0.4218910287155766,0.8562167564434326,0.5210799695190208,0.9259088514536352,0.5526881071031866,ANDR,di,PEAKS038965,M,ANDR_HUMAN~CD~ANDR_HUMAN.PEAKS038965.macs.M,17
288,di_93,False,0.87367617329528,0.4376809746216216,0.8743153877918939,0.5433827956846017,0.9273564365563016,0.5538240953457647,ANDR,di,PEAKS038966,M,ANDR_HUMAN~CD~ANDR_HUMAN.PEAKS038966.macs.M,17
289,di_94,False,0.8566381053578109,0.4034004254675419,0.8647221743844683,0.5146585988328706,0.9200085471412492,0.541645636651373,ANDR,di,PEAKS038967,M,ANDR_HUMAN~CD~ANDR_HUMAN.PEAKS038967.macs.M,19
290,di_95,False,0.8622745530503164,0.4151834240880495,0.8540633847181134,0.514274783719926,0.9257875032022668,0.5496606245598031,ANDR,di,PEAKS038968,M,ANDR_HUMAN~CD~ANDR_HUMAN.PEAKS038968.macs.M,17
291,di_96,False,0.8475391581540044,0.3779555047342092,0.8471768221890275,0.4964419662371153,0.9170997164538292,0.5131958363964335,ANDR,di,PEAKS038969,M,ANDR_HUMAN~CD~ANDR_HUMAN.PEAKS038969.macs.M,19
292,di_97,False,0.8615460800795322,0.396741010110671,0.8623620157197833,0.5207323587187672,0.9239617098164036,0.5277197651506668,ANDR,di,PEAKS038970,M,ANDR_HUMAN~CD~ANDR_HUMAN.PEAKS038970.macs.M,20
293,di_98,False,0.8540736770233515,0.3952875172072958,0.865045237189604,0.5336764231089063,0.9196084817373752,0.5313581105305535,ANDR,di,PEAKS038971,M,ANDR_HUMAN~CD~ANDR_HUMAN.PEAKS038971.macs.M,18
294,di_99,False,0.8738594296469642,0.3782260493419273,0.8822171211285474,0.5292347917841878,0.913048394985056,0.4661058654684442,ANDR,di,PEAKS039153,M,ANDR_HUMAN~CD~ANDR_HUMAN.PEAKS039153.macs.M,19
295,di_100,False,0.8800389417303838,0.3974623481025017,0.8866636853106442,0.5474139107544485,0.9129274682684472,0.4863443249828514,ANDR,di,PEAKS039178,M,ANDR_HUMAN~CD~ANDR_HUMAN.PEAKS039178.macs.M,18
296,di_101,False,0.8530202843387491,0.2940118257442356,0.8603767769230994,0.4710742472319356,0.8412605731087219,0.2045834468822693,ANDR,di,PEAKS039179,M,ANDR_HUMAN~CD~ANDR_HUMAN.PEAKS039179.macs.M,21
297,di_102,False,0.865970338235212,0.3239428173086174,0.8637188788715869,0.4839209928796865,0.8735165696929704,0.265135014748792,ANDR,di,PEAKS039263,M,ANDR_HUMAN~CD~ANDR_HUMAN.PEAKS039263.macs.M,21
298,di_103,False,0.868993013287014,0.425921827069777,0.8777765239828913,0.542860450734351,0.9249379781081396,0.5576756610642285,ANDR,di,PEAKS039264,M,ANDR_HUMAN~CD~ANDR_HUMAN.PEAKS039264.macs.M,17
299,di_104,False,0.8646046317447373,0.4285550274306095,0.8630714454464685,0.529158731614782,0.9245265803671932,0.5601243275351907,ANDR,di,PEAKS039266,M,ANDR_HUMAN~CD~ANDR_HUMAN.PEAKS039266.macs.M,18
300,di_105,False,0.8671562103805146,0.4245305902729433,0.8680635814907177,0.5409480341224002,0.9242240135077436,0.5471482786556652,ANDR,di,PEAKS039275,M,ANDR_HUMAN~CD~ANDR_HUMAN.PEAKS039275.macs.M,17
301,di_106,False,0.7342794643305948,0.2059146947120727,0.7779732548127177,0.3530184274779772,0.6080395349920428,0.0734531647052513,ANDR,di,PEAKS039281,M,ANDR_HUMAN~CD~ANDR_HUMAN.PEAKS039281.macs.M,21
302,di_107,False,0.7516614254916307,0.2641561519776985,0.7256732762033626,0.3283857820024689,0.8807444296083532,0.4111648936239615,ANDR,di,PEAKS039284,M,ANDR_HUMAN~CD~ANDR_HUMAN.PEAKS039284.macs.M,19
0,mono_0,True,0.8407504435680855,0.0678146978407381,0.8670679991785475,0.0745047516517653,0.8726716317259646,0.1378336502628784,AP2A,mono,PEAKS033699,S,AP2A_HUMAN~CM~AP2A_HUMAN.PEAKS033699.macs.S,11
1,mono_1,True,0.8475881415908765,0.0664729733609551,0.8696590972117084,0.0832345031195134,0.8825822289195008,0.1435308061167745,AP2A,mono,PEAKS033699,M,AP2A_HUMAN~CM~AP2A_HUMAN.PEAKS033699.macs.M,13
2,mono_2,True,0.8370422191073712,0.0616974513017207,0.8635499689456978,0.0599160505645132,0.8712533940062003,0.1283089849557478,AP2A,mono,PEAKS034171,S,AP2A_HUMAN~CM~AP2A_HUMAN.PEAKS034171.macs.S,10
3,mono_3,True,0.8566678698264749,0.0754171992757859,0.8762400859826925,0.077472989068235,0.8789114424273696,0.1428628517830197,AP2A,mono,PEAKS034171,M,AP2A_HUMAN~CM~AP2A_HUMAN.PEAKS034171.macs.M,11
4,mono_4,True,0.8379521431965453,0.0642592600050344,0.8551750508286227,0.0697919106799533,0.8382103235280917,0.1229546413005979,AP2A,mono,PEAKS035040,S,AP2A_HUMAN~CM~AP2A_HUMAN.PEAKS035040.macs.S,12
5,mono_5,True,0.850700086436782,0.0726491766739938,0.8713692823732981,0.0850969574065006,0.8531265785393236,0.1308740312013649,AP2A,mono,PEAKS035040,M,AP2A_HUMAN~CM~AP2A_HUMAN.PEAKS035040.macs.M,13
6,di_0,False,0.8635422511732411,0.0778239984345811,0.8824866226659931,0.0952685256404887,0.8996056545645701,0.1648839091516187,AP2A,di,PEAKS033699,M,AP2A_HUMAN~CD~AP2A_HUMAN.PEAKS033699.macs.M,15
7,di_1,False,0.8933310511371406,0.1044224352525288,0.90418046372093,0.1198442233070297,0.8993355584091925,0.1846259223058742,AP2A,di,PEAKS034171,M,AP2A_HUMAN~CD~AP2A_HUMAN.PEAKS034171.macs.M,15
8,di_2,False,0.8650537003832022,0.0841133378854714,0.8797151948226507,0.1019544715794651,0.8577124149860713,0.1508239373283072,AP2A,di,PEAKS035040,M,AP2A_HUMAN~CD~AP2A_HUMAN.PEAKS035040.macs.M,15
0,mono_0,True,0.9248469271262764,0.3727952204606767,0.9226977315070184,0.2148122032096456,0.914299077005263,0.2777029809250397,CEBPB,mono,PEAKS033668,S,CEBPB_HUMAN~CM~CEBPB_HUMAN.PEAKS033668.macs.S,9
1,mono_1,True,0.9321190426938444,0.4161822407863234,0.9337693586645056,0.2582991487411513,0.9202347364568082,0.3046093907481319,CEBPB,mono,PEAKS033668,M,CEBPB_HUMAN~CM~CEBPB_HUMAN.PEAKS033668.macs.M,10
2,mono_2,True,0.9360049989998585,0.4441451510320727,0.9358672843263643,0.2645144173710643,0.9239869102264784,0.3323967635393381,CEBPB,mono,PEAKS033863,S,CEBPB_HUMAN~CM~CEBPB_HUMAN.PEAKS033863.macs.S,11
3,mono_3,True,0.934367437588732,0.4332467615191017,0.937346278438674,0.269315890555204,0.9225024598353846,0.3286611716753808,CEBPB,mono,PEAKS033863,M,CEBPB_HUMAN~CM~CEBPB_HUMAN.PEAKS033863.macs.M,11
4,mono_4,True,0.9163822252904068,0.3393783378249263,0.9104850197504724,0.1809090932502835,0.9079776283421048,0.2566902276083024,CEBPB,mono,PEAKS033895,S,CEBPB_HUMAN~CM~CEBPB_HUMAN.PEAKS033895.macs.S,9
5,mono_5,True,0.9239425804138146,0.3838484978347974,0.9235877169691212,0.2150211407297772,0.9138544167886774,0.2908451264909044,CEBPB,mono,PEAKS033895,M,CEBPB_HUMAN~CM~CEBPB_HUMAN.PEAKS033895.macs.M,10
6,mono_6,True,0.9323375145752326,0.4219947505229184,0.9334718219052274,0.2518929584552868,0.9216699746415522,0.3174355408268785,CEBPB,mono,PEAKS033901,S,CEBPB_HUMAN~CM~CEBPB_HUMAN.PEAKS033901.macs.S,11
7,mono_7,True,0.9319860280234764,0.4193553552364876,0.9339860510992456,0.2578333886908128,0.920568080177542,0.3095500294515602,CEBPB,mono,PEAKS033901,M,CEBPB_HUMAN~CM~CEBPB_HUMAN.PEAKS033901.macs.M,12
8,mono_8,True,0.9134023278902867,0.3287591369059119,0.9086512864240428,0.1738145193725818,0.9061620388323902,0.245442750456121,CEBPB,mono,PEAKS033914,S,CEBPB_HUMAN~CM~CEBPB_HUMAN.PEAKS033914.macs.S,10
9,mono_9,True,0.9264763900746936,0.3862923984655766,0.9262156145433516,0.2342801518048961,0.9136549979884716,0.2776185527793937,CEBPB,mono,PEAKS033914,M,CEBPB_HUMAN~CM~CEBPB_HUMAN.PEAKS033914.macs.M,12
10,mono_10,True,0.9176084994950504,0.3200475101025132,0.91698956635129,0.1864269381972872,0.9068435825649956,0.2320918791718151,CEBPB,mono,PEAKS033916,S,CEBPB_HUMAN~CM~CEBPB_HUMAN.PEAKS033916.macs.S,10
11,mono_11,True,0.9238437005722762,0.3653453804633655,0.9266618455698248,0.2421424257945056,0.9107023048487728,0.2625697672851927,CEBPB,mono,PEAKS033916,M,CEBPB_HUMAN~CM~CEBPB_HUMAN.PEAKS033916.macs.M,12
12,mono_12,True,0.9398572112640324,0.4634512128702824,0.9389172460942248,0.2811573402952809,0.926537688622004,0.3442187529435995,CEBPB,mono,PEAKS033926,S,CEBPB_HUMAN~CM~CEBPB_HUMAN.PEAKS033926.macs.S,11
13,mono_13,True,0.93537028799196,0.4453607162107304,0.9374898033628868,0.2804894357303844,0.9235888139237334,0.3325966220679972,CEBPB,mono,PEAKS033926,M,CEBPB_HUMAN~CM~CEBPB_HUMAN.PEAKS033926.macs.M,11
14,mono_14,True,0.8385253128491348,0.1971993258104429,0.835974103827384,0.0980664688992854,0.8369235066875075,0.1457148171989177,CEBPB,mono,PEAKS034240,S,CEBPB_HUMAN~CM~CEBPB_HUMAN.PEAKS034240.macs.S,8
15,mono_15,True,0.9281327026750126,0.3973089318751913,0.931199633182928,0.2455502746829572,0.917739509384934,0.2959505205671535,CEBPB,mono,PEAKS034240,M,CEBPB_HUMAN~CM~CEBPB_HUMAN.PEAKS034240.macs.M,11
16,mono_16,True,0.9235649062550312,0.400547968099765,0.9253885752505148,0.236375531063624,0.9149701154485378,0.3055337160366648,CEBPB,mono,PEAKS034573,S,CEBPB_HUMAN~CM~CEBPB_HUMAN.PEAKS034573.macs.S,10
17,mono_17,True,0.9237976484478292,0.4003958653129839,0.9257449017061476,0.2358242636960935,0.915082615448538,0.3049514525893925,CEBPB,mono,PEAKS034573,M,CEBPB_HUMAN~CM~CEBPB_HUMAN.PEAKS034573.macs.M,10
18,mono_18,True,0.9293571605251474,0.4004206702298644,0.9303666154862597,0.2342550958519656,0.9197270857240842,0.3089567776933803,CEBPB,mono,PEAKS038088,S,CEBPB_HUMAN~CM~CEBPB_HUMAN.PEAKS038088.macs.S,11
19,mono_19,True,0.9292743449073282,0.4001686440842979,0.9300430529069964,0.2337428053308594,0.9196618724691016,0.3087902404525064,CEBPB,mono,PEAKS038088,M,CEBPB_HUMAN~CM~CEBPB_HUMAN.PEAKS038088.macs.M,11
20,di_0,False,0.9309325609476462,0.4329560271940205,0.934053783697199,0.2799601657972024,0.9200961907918168,0.3193684270140868,CEBPB,di,PEAKS033668,M,CEBPB_HUMAN~CD~CEBPB_HUMAN.PEAKS033668.macs.M,12
21,di_1,False,0.9406920905884246,0.4667119063130828,0.94318367716896,0.2993542498379294,0.9256179101869072,0.3408284527427334,CEBPB,di,PEAKS033863,M,CEBPB_HUMAN~CD~CEBPB_HUMAN.PEAKS033863.macs.M,13
22,di_2,False,0.929961725073303,0.4199516864414476,0.932086573858782,0.2532653117827175,0.918093442252648,0.3058904266057353,CEBPB,di,PEAKS033895,M,CEBPB_HUMAN~CD~CEBPB_HUMAN.PEAKS033895.macs.M,12
23,di_3,False,0.9400963689985412,0.4609467895572711,0.9429135187817732,0.3070944456971164,0.9253285615593632,0.3328307738560723,CEBPB,di,PEAKS033901,M,CEBPB_HUMAN~CD~CEBPB_HUMAN.PEAKS033901.macs.M,15
24,di_4,False,0.9274826392514064,0.4034875646879549,0.9278720894313875,0.2512658665843053,0.9156359057813304,0.29230908344802,CEBPB,di,PEAKS033914,M,CEBPB_HUMAN~CD~CEBPB_HUMAN.PEAKS033914.macs.M,13
25,di_5,False,0.9291470142117666,0.3926651835306735,0.9339792945147504,0.2708457784581027,0.9146495094838616,0.2810147470658263,CEBPB,di,PEAKS033916,M,CEBPB_HUMAN~CD~CEBPB_HUMAN.PEAKS033916.macs.M,13
26,di_6,False,0.939940542076684,0.4808114701183536,0.9418706578754156,0.3241791272320455,0.9274648046838933,0.3524652227705682,CEBPB,di,PEAKS033926,M,CEBPB_HUMAN~CD~CEBPB_HUMAN.PEAKS033926.macs.M,15
27,di_7,False,0.9334334425357732,0.4272842433696498,0.935761167658357,0.2608912264766327,0.9217831898882778,0.3155815483660166,CEBPB,di,PEAKS034240,M,CEBPB_HUMAN~CD~CEBPB_HUMAN.PEAKS034240.macs.M,12
28,di_8,False,0.9262894446043588,0.4299053337725639,0.93016331269977,0.2739525036309779,0.9186870498793084,0.3229321901885935,CEBPB,di,PEAKS034573,M,CEBPB_HUMAN~CD~CEBPB_HUMAN.PEAKS034573.macs.M,12
29,di_9,False,0.9331782869283948,0.4219769009448685,0.935173252166702,0.2547898964874943,0.9235153102040546,0.3209174264561257,CEBPB,di,PEAKS038088,M,CEBPB_HUMAN~CD~CEBPB_HUMAN.PEAKS038088.macs.M,13
0,mono_0,True,0.8938204594254613,0.1728002750069541,0.871415807205101,0.1033817893102176,0.914192324249434,0.3095935996627648,COE1,mono,PEAKS033488,S,COE1_HUMAN~CM~COE1_HUMAN.PEAKS033488.macs.S,11
1,mono_1,True,0.9377603842799818,0.2728879780637169,0.9223109338500568,0.1917823771882905,0.9477217943999804,0.4426873620009459,COE1,mono,PEAKS033488,M,COE1_HUMAN~CM~COE1_HUMAN.PEAKS033488.macs.M,15
2,mono_2,True,0.9002823441460435,0.1928817086979491,0.8780727222228973,0.11337063295889,0.9209370661128912,0.3328928871642276,COE1,mono,PEAKS033671,S,COE1_HUMAN~CM~COE1_HUMAN.PEAKS033671.macs.S,12
3,mono_3,True,0.9356581277886498,0.269787117274504,0.9218819257622808,0.1813535677429175,0.9477305162112348,0.4417065750125779,COE1,mono,PEAKS033671,M,COE1_HUMAN~CM~COE1_HUMAN.PEAKS033671.macs.M,13
4,mono_4,True,0.8994803063542981,0.1897807926296995,0.8824569008184846,0.1198921974828028,0.9219298743490146,0.3301231198008644,COE1,mono,PEAKS035144,S,COE1_HUMAN~CM~COE1_HUMAN.PEAKS035144.macs.S,11
5,mono_5,True,0.9404649167375628,0.2927548405966493,0.9268205697987412,0.2106113956997984,0.9529700848291048,0.4706368385272009,COE1,mono,PEAKS035144,M,COE1_HUMAN~CM~COE1_HUMAN.PEAKS035144.macs.M,14
6,mono_6,True,0.8950817957362288,0.1714971774876144,0.8707072901426188,0.0936470607316775,0.9115817496814655,0.3014963317605931,COE1,mono,PEAKS038643,S,COE1_HUMAN~CM~COE1_HUMAN.PEAKS038643.macs.S,11
7,mono_7,True,0.9410033747128954,0.2951374260511428,0.9288641005844028,0.1982420935920958,0.9525800599030172,0.4767500360031975,COE1,mono,PEAKS038643,M,COE1_HUMAN~CM~COE1_HUMAN.PEAKS038643.macs.M,14
8,mono_8,True,0.8967461881613268,0.1865096411934569,0.8719934114290464,0.1097489318623353,0.9183313479570504,0.3249867333519168,COE1,mono,PEAKS038644,S,COE1_HUMAN~CM~COE1_HUMAN.PEAKS038644.macs.S,12
9,mono_9,True,0.936138035756237,0.2696412885684638,0.9190902598026324,0.1822742957435046,0.9475333135924492,0.4424914716531827,COE1,mono,PEAKS038644,M,COE1_HUMAN~CM~COE1_HUMAN.PEAKS038644.macs.M,13
10,di_0,False,0.9362886249212604,0.2663444461800784,0.916544241183926,0.1562978395913839,0.9475508130357873,0.4434628343810616,COE1,di,PEAKS033488,M,COE1_HUMAN~CD~COE1_HUMAN.PEAKS033488.macs.M,14
11,di_1,False,0.941257526597835,0.2939276668272934,0.9243673696805864,0.1855860467928602,0.9520912684471604,0.4754852579040736,COE1,di,PEAKS033671,M,COE1_HUMAN~CD~COE1_HUMAN.PEAKS033671.macs.M,15
12,di_2,False,0.937810711946367,0.295565995119855,0.9222833178065202,0.1966722037358676,0.9524267609074828,0.4728436897737086,COE1,di,PEAKS035144,M,COE1_HUMAN~CD~COE1_HUMAN.PEAKS035144.macs.M,14
13,di_3,False,0.9423754037070848,0.2965486917686787,0.927123424488726,0.1886338883283478,0.9532208128193076,0.4741290827223852,COE1,di,PEAKS038643,M,COE1_HUMAN~CD~COE1_HUMAN.PEAKS038643.macs.M,15
14,di_4,False,0.93970073158484,0.2852124997909909,0.9198434554096652,0.1821532345495335,0.9502547509556032,0.4557794047109826,COE1,di,PEAKS038644,M,COE1_HUMAN~CD~COE1_HUMAN.PEAKS038644.macs.M,15
0,mono_0,True,0.877249715306994,0.3081699637990959,0.8559309917990416,0.4924713202275523,0.8867639438987561,0.2774784937966483,CTCF,mono,PEAKS033149,S,CTCF_HUMAN~CM~CTCF_HUMAN.PEAKS033149.macs.S,12
1,mono_1,True,0.9694888940354556,0.5973757511137404,0.962495522304651,0.7811642194085451,0.9724727605423328,0.5455250698740423,CTCF,mono,PEAKS033149,M,CTCF_HUMAN~CM~CTCF_HUMAN.PEAKS033149.macs.M,18
2,mono_2,True,0.963377856306854,0.5627065844076942,0.9553229850370928,0.7510597252625145,0.968682331221494,0.5205950661763342,CTCF,mono,PEAKS033166,S,CTCF_HUMAN~CM~CTCF_HUMAN.PEAKS033166.macs.S,16
3,mono_3,True,0.9673356367859516,0.5777293940273611,0.9585116888106516,0.7594652108683893,0.9717223941096808,0.5366278827694739,CTCF,mono,PEAKS033166,M,CTCF_HUMAN~CM~CTCF_HUMAN.PEAKS033166.macs.M,19
4,mono_4,True,0.9696938067973844,0.6113296374984133,0.9643987579809156,0.7990951744024108,0.971100491742034,0.535649968560995,CTCF,mono,PEAKS033196,S,CTCF_HUMAN~CM~CTCF_HUMAN.PEAKS033196.macs.S,17
5,mono_5,True,0.973707470028153,0.6320867565715969,0.96887092641491,0.8185557183461507,0.974720983328404,0.5632416456700386,CTCF,mono,PEAKS033196,M,CTCF_HUMAN~CM~CTCF_HUMAN.PEAKS033196.macs.M,20
6,mono_6,True,0.9690113106723726,0.6084115405678847,0.9626761829917432,0.7878694031336934,0.9703191384007098,0.5358356536923796,CTCF,mono,PEAKS033197,S,CTCF_HUMAN~CM~CTCF_HUMAN.PEAKS033197.macs.S,16
7,mono_7,True,0.9731624216529366,0.6281574348010043,0.9672683557567376,0.8120203970793847,0.9736477870830156,0.5622561185189875,CTCF,mono,PEAKS033197,M,CTCF_HUMAN~CM~CTCF_HUMAN.PEAKS033197.macs.M,19
8,mono_8,True,0.9568783741769886,0.5254206651097695,0.942727283205499,0.695924149573356,0.9646509096994133,0.4908813182758976,CTCF,mono,PEAKS033210,S,CTCF_HUMAN~CM~CTCF_HUMAN.PEAKS033210.macs.S,17
9,mono_9,True,0.9583786075800642,0.5287581594872518,0.9436171158332984,0.6965378974167081,0.9666197542068148,0.4979634654284829,CTCF,mono,PEAKS033210,M,CTCF_HUMAN~CM~CTCF_HUMAN.PEAKS033210.macs.M,19
10,mono_10,True,0.9621869935966668,0.5511124144231465,0.951020465372955,0.7233232624878231,0.9678346850142432,0.5088980357937909,CTCF,mono,PEAKS033254,S,CTCF_HUMAN~CM~CTCF_HUMAN.PEAKS033254.macs.S,17
11,mono_11,True,0.9626802850093316,0.5489546966353318,0.9500697298014724,0.7160555423958386,0.9694021430239256,0.5142139916551397,CTCF,mono,PEAKS033254,M,CTCF_HUMAN~CM~CTCF_HUMAN.PEAKS033254.macs.M,20
12,mono_12,True,0.9683516374366784,0.6025795791018876,0.9633068737164172,0.7907830757457925,0.9701342312541836,0.5369495610783551,CTCF,mono,PEAKS033257,S,CTCF_HUMAN~CM~CTCF_HUMAN.PEAKS033257.macs.S,16
13,mono_13,True,0.9725991531512804,0.6247540776894571,0.967374426142476,0.8103291666905157,0.9737074796469546,0.562641486398441,CTCF,mono,PEAKS033257,M,CTCF_HUMAN~CM~CTCF_HUMAN.PEAKS033257.macs.M,19
14,mono_14,True,0.9691006688026174,0.591794989317365,0.9620788158207244,0.7725230223307294,0.9712624059401316,0.5360501460128926,CTCF,mono,PEAKS033258,S,CTCF_HUMAN~CM~CTCF_HUMAN.PEAKS033258.macs.S,18
15,mono_15,True,0.9700976569313708,0.5974242736921425,0.9623830972239684,0.7819511875961122,0.972673903270497,0.5477502737583145,CTCF,mono,PEAKS033258,M,CTCF_HUMAN~CM~CTCF_HUMAN.PEAKS033258.macs.M,19
16,mono_16,True,0.9667366262071208,0.600621020649956,0.9620348687427526,0.7904226237283517,0.9692832127457542,0.5309153270256312,CTCF,mono,PEAKS033259,S,CTCF_HUMAN~CM~CTCF_HUMAN.PEAKS033259.macs.S,16
17,mono_17,True,0.9712030161642362,0.6236736666526324,0.9659156006817832,0.8122238010448742,0.9729577814791176,0.5587956746349414,CTCF,mono,PEAKS033259,M,CTCF_HUMAN~CM~CTCF_HUMAN.PEAKS033259.macs.M,19
18,mono_18,True,0.963931571098689,0.6002431628271006,0.9620533900554646,0.7993019665936666,0.9657695576033996,0.5140519551718031,CTCF,mono,PEAKS033271,S,CTCF_HUMAN~CM~CTCF_HUMAN.PEAKS033271.macs.S,17
19,mono_19,True,0.9664395483774756,0.6112125658355901,0.9638947343420372,0.8059555051768287,0.9676424380068804,0.5247716026799079,CTCF,mono,PEAKS033271,M,CTCF_HUMAN~CM~CTCF_HUMAN.PEAKS033271.macs.M,17
20,mono_20,True,0.9662704368907908,0.5896469791295331,0.9592322757310308,0.7737758459475294,0.969222903597391,0.529261776137681,CTCF,mono,PEAKS033303,S,CTCF_HUMAN~CM~CTCF_HUMAN.PEAKS033303.macs.S,15
21,mono_21,True,0.9711805190902476,0.6132450782145825,0.9647086256758456,0.7967306067075327,0.973198989430426,0.555222161950355,CTCF,mono,PEAKS033303,M,CTCF_HUMAN~CM~CTCF_HUMAN.PEAKS033303.macs.M,19
22,mono_22,True,0.9536611979249042,0.5640860998390352,0.95294945303659,0.7734649398435046,0.9572228179822856,0.480024494228525,CTCF,mono,PEAKS033304,S,CTCF_HUMAN~CM~CTCF_HUMAN.PEAKS033304.macs.S,17
23,mono_23,True,0.9567344751932976,0.5806504669384847,0.9561983234838008,0.7821630885396498,0.9605325810619386,0.4926835773768189,CTCF,mono,PEAKS033304,M,CTCF_HUMAN~CM~CTCF_HUMAN.PEAKS033304.macs.M,18
24,mono_24,True,0.9660383510852224,0.60251130741819,0.9619670327060368,0.8007589430058161,0.9677948472159524,0.5248237507326967,CTCF,mono,PEAKS033416,S,CTCF_HUMAN~CM~CTCF_HUMAN.PEAKS033416.macs.S,16
25,mono_25,True,0.9701723319068556,0.6269094078534796,0.9668125340542354,0.8242914693058198,0.971814270637132,0.5551276666292674,CTCF,mono,PEAKS033416,M,CTCF_HUMAN~CM~CTCF_HUMAN.PEAKS033416.macs.M,19
26,mono_26,True,0.9661130434586134,0.6073351777972273,0.9641380778741776,0.8024238477346518,0.966506981989695,0.514451603032995,CTCF,mono,PEAKS033417,S,CTCF_HUMAN~CM~CTCF_HUMAN.PEAKS033417.macs.S,17
27,mono_27,True,0.9680390422565762,0.6196243640845318,0.9662485980133284,0.8094922935285888,0.9682383740913124,0.5231593268983153,CTCF,mono,PEAKS033417,M,CTCF_HUMAN~CM~CTCF_HUMAN.PEAKS033417.macs.M,18
28,mono_28,True,0.9668691614209344,0.5995951854876508,0.960413407239756,0.7838318580400448,0.9692016388287852,0.533127121693038,CTCF,mono,PEAKS033465,S,CTCF_HUMAN~CM~CTCF_HUMAN.PEAKS033465.macs.S,16
29,mono_29,True,0.9716862411937224,0.6234065331175055,0.9658293711667156,0.8094015564925742,0.9727126489313678,0.559178924007509,CTCF,mono,PEAKS033465,M,CTCF_HUMAN~CM~CTCF_HUMAN.PEAKS033465.macs.M,19
30,mono_30,True,0.9695033577958434,0.6114486513765817,0.96462375833019,0.7982922632731169,0.9703093119658786,0.533238056381568,CTCF,mono,PEAKS033474,S,CTCF_HUMAN~CM~CTCF_HUMAN.PEAKS033474.macs.S,17
31,mono_31,True,0.9734659376115612,0.6336374898810448,0.9685175202928316,0.8186060027856537,0.9738095449946296,0.5640548777108338,CTCF,mono,PEAKS033474,M,CTCF_HUMAN~CM~CTCF_HUMAN.PEAKS033474.macs.M,20
32,mono_32,True,0.9705250586332024,0.6151207389536812,0.96445721670369,0.790926490193911,0.9724885895300508,0.5439945139967949,CTCF,mono,PEAKS033497,S,CTCF_HUMAN~CM~CTCF_HUMAN.PEAKS033497.macs.S,18
33,mono_33,True,0.9719227189537758,0.6214826588682595,0.9657614387303184,0.8039249020657994,0.9739587146837688,0.5585850261308444,CTCF,mono,PEAKS033497,M,CTCF_HUMAN~CM~CTCF_HUMAN.PEAKS033497.macs.M,19
34,mono_34,True,0.9684255035225112,0.6078807086492568,0.963158802408595,0.7938781439899584,0.969770607555922,0.5390900106870842,CTCF,mono,PEAKS033524,S,CTCF_HUMAN~CM~CTCF_HUMAN.PEAKS033524.macs.S,16
35,mono_35,True,0.9725269491303308,0.6302055772289403,0.9679285594534556,0.8195500030178593,0.97318538098722,0.5650127793301449,CTCF,mono,PEAKS033524,M,CTCF_HUMAN~CM~CTCF_HUMAN.PEAKS033524.macs.M,19
36,mono_36,True,0.9682911507923956,0.5946387567105923,0.961341925478855,0.7791521355441794,0.9702938928410204,0.5336623668560002,CTCF,mono,PEAKS033529,S,CTCF_HUMAN~CM~CTCF_HUMAN.PEAKS033529.macs.S,16
37,mono_37,True,0.9714639867866292,0.6096240245882213,0.9637785964765218,0.7966621363669673,0.9733872744820288,0.5555102040864209,CTCF,mono,PEAKS033529,M,CTCF_HUMAN~CM~CTCF_HUMAN.PEAKS033529.macs.M,19
38,mono_38,True,0.9659395763948828,0.5881946260718454,0.9589469529318078,0.7765565469916789,0.9689579142603632,0.5275221460307161,CTCF,mono,PEAKS033565,S,CTCF_HUMAN~CM~CTCF_HUMAN.PEAKS033565.macs.S,16
39,mono_39,True,0.970440720363684,0.6082855074918477,0.9638487873199492,0.7944998115696924,0.972889444902788,0.553510544701621,CTCF,mono,PEAKS033565,M,CTCF_HUMAN~CM~CTCF_HUMAN.PEAKS033565.macs.M,19
40,mono_40,True,0.9635549398755484,0.5825049808893511,0.956374370957151,0.7685254292050105,0.9676945312183808,0.524240929235088,CTCF,mono,PEAKS033579,S,CTCF_HUMAN~CM~CTCF_HUMAN.PEAKS033579.macs.S,16
41,mono_41,True,0.966276364605881,0.5923947964712671,0.959695453846906,0.7757989024363963,0.9690739003128844,0.5304137922886741,CTCF,mono,PEAKS033579,M,CTCF_HUMAN~CM~CTCF_HUMAN.PEAKS033579.macs.M,17
42,mono_42,True,0.968604106357692,0.6041255090910653,0.9626772964779188,0.7878060574321931,0.9704626444171168,0.5349260961889212,CTCF,mono,PEAKS033602,S,CTCF_HUMAN~CM~CTCF_HUMAN.PEAKS033602.macs.S,16
43,mono_43,True,0.973028547704154,0.6268031488588541,0.9672412402028584,0.8115944805007244,0.9739887540667174,0.5618616160518123,CTCF,mono,PEAKS033602,M,CTCF_HUMAN~CM~CTCF_HUMAN.PEAKS033602.macs.M,19
44,mono_44,True,0.964901822939026,0.5673406573335306,0.9550750492476634,0.7471390699966679,0.9692979366759544,0.5192018731761936,CTCF,mono,PEAKS033607,S,CTCF_HUMAN~CM~CTCF_HUMAN.PEAKS033607.macs.S,16
45,mono_45,True,0.96792003493138,0.5782819284854736,0.9577352159213154,0.7523738030651314,0.9720205765788204,0.5316501034436328,CTCF,mono,PEAKS033607,M,CTCF_HUMAN~CM~CTCF_HUMAN.PEAKS033607.macs.M,19
46,mono_46,True,0.9664171204432171,0.5947255219989254,0.9592373485896308,0.7768686160673569,0.9695357211126848,0.5270859690430282,CTCF,mono,PEAKS033641,S,CTCF_HUMAN~CM~CTCF_HUMAN.PEAKS033641.macs.S,17
47,mono_47,True,0.9695632368691,0.6079846021119081,0.9640677717702614,0.7957593170552245,0.9720895797076636,0.5485469664597012,CTCF,mono,PEAKS033641,M,CTCF_HUMAN~CM~CTCF_HUMAN.PEAKS033641.macs.M,19
48,mono_48,True,0.9672825727209872,0.6040773077210884,0.9624779118990736,0.7873562701241034,0.9699309691629956,0.529997782258236,CTCF,mono,PEAKS033664,S,CTCF_HUMAN~CM~CTCF_HUMAN.PEAKS033664.macs.S,16
49,mono_49,True,0.9715018466634432,0.6251599899031302,0.9667767250653144,0.8122313187704312,0.973361919490668,0.5579376768263727,CTCF,mono,PEAKS033664,M,CTCF_HUMAN~CM~CTCF_HUMAN.PEAKS033664.macs.M,19
50,mono_50,True,0.9685890693701956,0.5986791732553509,0.9613642713441468,0.7813675221912405,0.9707374354384272,0.5311711438190002,CTCF,mono,PEAKS033682,S,CTCF_HUMAN~CM~CTCF_HUMAN.PEAKS033682.macs.S,17
51,mono_51,True,0.9727992649949616,0.618306379035003,0.966326878745966,0.7979151789272332,0.9745852450926978,0.5562261747584428,CTCF,mono,PEAKS033682,M,CTCF_HUMAN~CM~CTCF_HUMAN.PEAKS033682.macs.M,20
52,mono_52,True,0.9648279893895368,0.5710492623017033,0.9560994963465916,0.7592724586064782,0.969112483616382,0.5244857557695768,CTCF,mono,PEAKS033702,S,CTCF_HUMAN~CM~CTCF_HUMAN.PEAKS033702.macs.S,16
53,mono_53,True,0.968671100722578,0.586199580501394,0.9603443082275032,0.7701946442690176,0.9721556776824768,0.5398785893432186,CTCF,mono,PEAKS033702,M,CTCF_HUMAN~CM~CTCF_HUMAN.PEAKS033702.macs.M,19
54,mono_54,True,0.9680255839595826,0.6089719121513276,0.9643677871383266,0.7993878752199934,0.9690918793294002,0.5356398292261447,CTCF,mono,PEAKS033713,S,CTCF_HUMAN~CM~CTCF_HUMAN.PEAKS033713.macs.S,16
55,mono_55,True,0.9719551158881292,0.6310055313484235,0.9685799453735138,0.8252289153863404,0.9726461951090424,0.5625516149664397,CTCF,mono,PEAKS033713,M,CTCF_HUMAN~CM~CTCF_HUMAN.PEAKS033713.macs.M,19
56,mono_56,True,0.9685601608289538,0.6086332455161115,0.96370459644858,0.7914386610895475,0.9704352203421492,0.5389501373104527,CTCF,mono,PEAKS033777,S,CTCF_HUMAN~CM~CTCF_HUMAN.PEAKS033777.macs.S,16
57,mono_57,True,0.9728890804415904,0.6337368836701873,0.9685566410997948,0.8202800673925769,0.9740450291869678,0.5662816986805784,CTCF,mono,PEAKS033777,M,CTCF_HUMAN~CM~CTCF_HUMAN.PEAKS033777.macs.M,19
58,mono_58,True,0.9681771597127764,0.6030672716666577,0.9621278427427804,0.7868619642746625,0.9703326973428184,0.5345799307215359,CTCF,mono,PEAKS033783,S,CTCF_HUMAN~CM~CTCF_HUMAN.PEAKS033783.macs.S,16
59,mono_59,True,0.9730164089366492,0.625944126264062,0.9676269877195188,0.8131961716846501,0.9742477444311264,0.5619798522272699,CTCF,mono,PEAKS033783,M,CTCF_HUMAN~CM~CTCF_HUMAN.PEAKS033783.macs.M,19
60,mono_60,True,0.9647957795391588,0.6025888777896868,0.962351130949886,0.7970324992016751,0.9667434955869304,0.5162868955592906,CTCF,mono,PEAKS033788,S,CTCF_HUMAN~CM~CTCF_HUMAN.PEAKS033788.macs.S,17
61,mono_61,True,0.96736466892011,0.624828574193309,0.9666249786942732,0.8179517484956074,0.9701875699319747,0.5463743020213365,CTCF,mono,PEAKS033788,M,CTCF_HUMAN~CM~CTCF_HUMAN.PEAKS033788.macs.M,20
62,mono_62,True,0.9678905714647228,0.6066697378213511,0.9628396957123098,0.7921770950093855,0.9696312904531372,0.5282563029405604,CTCF,mono,PEAKS033813,S,CTCF_HUMAN~CM~CTCF_HUMAN.PEAKS033813.macs.S,17
63,mono_63,True,0.971485239571424,0.6243345053061293,0.9663142727412436,0.8128505801883783,0.9721702977849036,0.5561906701256879,CTCF,mono,PEAKS033813,M,CTCF_HUMAN~CM~CTCF_HUMAN.PEAKS033813.macs.M,19
64,mono_64,True,0.9701579409013472,0.6025537839907099,0.964758500635679,0.7855029056543975,0.9720779615821672,0.5412798119719544,CTCF,mono,PEAKS033829,S,CTCF_HUMAN~CM~CTCF_HUMAN.PEAKS033829.macs.S,17
65,mono_65,True,0.9721508642466254,0.6158967502053305,0.96651302164103,0.7985634097204655,0.9742418385454772,0.5595893775974948,CTCF,mono,PEAKS033829,M,CTCF_HUMAN~CM~CTCF_HUMAN.PEAKS033829.macs.M,19
66,mono_66,True,0.9612156827435367,0.5440432826947742,0.9509190773572516,0.7320534608650378,0.9667817457698354,0.5061179736802417,CTCF,mono,PEAKS033831,S,CTCF_HUMAN~CM~CTCF_HUMAN.PEAKS033831.macs.S,17
67,mono_67,True,0.964390193455676,0.5577976733673915,0.9538755354373613,0.7333160756784824,0.969901948599804,0.5217897272148707,CTCF,mono,PEAKS033831,M,CTCF_HUMAN~CM~CTCF_HUMAN.PEAKS033831.macs.M,20
68,mono_68,True,0.9651486578758288,0.5712285077915837,0.9568602847283344,0.7537811601215709,0.9692698057315424,0.5238391620142947,CTCF,mono,PEAKS033841,S,CTCF_HUMAN~CM~CTCF_HUMAN.PEAKS033841.macs.S,17
69,mono_69,True,0.9679763632502,0.5825766074330779,0.9592464122553334,0.763964099364157,0.97216113198736,0.5378085406669864,CTCF,mono,PEAKS033841,M,CTCF_HUMAN~CM~CTCF_HUMAN.PEAKS033841.macs.M,19
70,mono_70,True,0.9662081867314984,0.5844693004105967,0.9592973469131144,0.7742168726469717,0.968985644214754,0.5320689014136644,CTCF,mono,PEAKS033842,S,CTCF_HUMAN~CM~CTCF_HUMAN.PEAKS033842.macs.S,16
71,mono_71,True,0.9701634795359956,0.6018775060854513,0.9636751526328288,0.7875024331766406,0.972354461947977,0.548996904836126,CTCF,mono,PEAKS033842,M,CTCF_HUMAN~CM~CTCF_HUMAN.PEAKS033842.macs.M,19
72,mono_72,True,0.971637915459734,0.614411838476992,0.9659435062939212,0.7939519996534944,0.972481477716723,0.542773115567693,CTCF,mono,PEAKS033848,S,CTCF_HUMAN~CM~CTCF_HUMAN.PEAKS033848.macs.S,18
73,mono_73,True,0.9738466632172116,0.6289133305309825,0.9681479350908812,0.8094127982624395,0.9746523516134556,0.563292450841377,CTCF,mono,PEAKS033848,M,CTCF_HUMAN~CM~CTCF_HUMAN.PEAKS033848.macs.M,20
74,mono_74,True,0.9619136257235948,0.5528191763851129,0.951385854394568,0.7373041114022234,0.9675673677246618,0.5133563393373016,CTCF,mono,PEAKS033860,S,CTCF_HUMAN~CM~CTCF_HUMAN.PEAKS033860.macs.S,16
75,mono_75,True,0.9651948334997807,0.5651538458206784,0.95428891054389,0.7414794913752076,0.9705006987749256,0.5262644451260382,CTCF,mono,PEAKS033860,M,CTCF_HUMAN~CM~CTCF_HUMAN.PEAKS033860.macs.M,19
76,mono_76,True,0.9656578105300262,0.5694504710688386,0.9573121568380903,0.7495317671120278,0.9704809139023364,0.5252218695984674,CTCF,mono,PEAKS033872,S,CTCF_HUMAN~CM~CTCF_HUMAN.PEAKS033872.macs.S,17
77,mono_77,True,0.9678591989732974,0.5807173205930276,0.9583845278511254,0.7583868399339715,0.9726384944194516,0.5403750153979712,CTCF,mono,PEAKS033872,M,CTCF_HUMAN~CM~CTCF_HUMAN.PEAKS033872.macs.M,19
78,mono_78,True,0.9658560162862476,0.5845057459151353,0.9574965282143706,0.7669444124879364,0.9693237132049626,0.5277133831164496,CTCF,mono,PEAKS033887,S,CTCF_HUMAN~CM~CTCF_HUMAN.PEAKS033887.macs.S,16
79,mono_79,True,0.9706407763984978,0.6051691172848098,0.9629583406680916,0.7858080701086049,0.9728879726342988,0.5500640910007167,CTCF,mono,PEAKS033887,M,CTCF_HUMAN~CM~CTCF_HUMAN.PEAKS033887.macs.M,19
80,mono_80,True,0.966711351342802,0.5943073236810146,0.9591688656970816,0.7762483619440018,0.9695889718404136,0.5287307361773568,CTCF,mono,PEAKS033907,S,CTCF_HUMAN~CM~CTCF_HUMAN.PEAKS033907.macs.S,17
81,mono_81,True,0.9711277760957292,0.6159866856818493,0.96427719448985,0.7945965074434679,0.9730234748836414,0.553033265379086,CTCF,mono,PEAKS033907,M,CTCF_HUMAN~CM~CTCF_HUMAN.PEAKS033907.macs.M,20
82,mono_82,True,0.9525808193735852,0.5257967429905032,0.9390459505148304,0.7198680186449654,0.9572401366728412,0.4706005519559206,CTCF,mono,PEAKS033908,S,CTCF_HUMAN~CM~CTCF_HUMAN.PEAKS033908.macs.S,14
83,mono_83,True,0.9703434823377364,0.6038602136269199,0.9636337545580284,0.7858813850383393,0.972640609579552,0.5480141077330432,CTCF,mono,PEAKS033908,M,CTCF_HUMAN~CM~CTCF_HUMAN.PEAKS033908.macs.M,19
84,mono_84,True,0.9638682302940472,0.5638594929445179,0.9556144774159296,0.7435631112271193,0.9692372721470712,0.5182146077059813,CTCF,mono,PEAKS033915,S,CTCF_HUMAN~CM~CTCF_HUMAN.PEAKS033915.macs.S,17
85,mono_85,True,0.9657643460420894,0.5715398843589543,0.9566090014948936,0.7491761727616316,0.9714125723447642,0.529407214448499,CTCF,mono,PEAKS033915,M,CTCF_HUMAN~CM~CTCF_HUMAN.PEAKS033915.macs.M,19
86,mono_86,True,0.9656093761156126,0.5842741091609278,0.957522775472568,0.7662052436953467,0.9698964410578914,0.5289085878316774,CTCF,mono,PEAKS033951,S,CTCF_HUMAN~CM~CTCF_HUMAN.PEAKS033951.macs.S,16
87,mono_87,True,0.9704871524372884,0.60447774380249,0.9632351488606676,0.7850229543489823,0.9732151121557884,0.5518843536698447,CTCF,mono,PEAKS033951,M,CTCF_HUMAN~CM~CTCF_HUMAN.PEAKS033951.macs.M,19
88,mono_88,True,0.9715218693936944,0.614295112335141,0.965546260670327,0.7908333395409665,0.9724039698946156,0.5421482107284598,CTCF,mono,PEAKS033952,S,CTCF_HUMAN~CM~CTCF_HUMAN.PEAKS033952.macs.S,18
89,mono_89,True,0.9737617887758652,0.6279572817436161,0.9677015689397434,0.8062012121917439,0.97483435594091,0.560416737126203,CTCF,mono,PEAKS033952,M,CTCF_HUMAN~CM~CTCF_HUMAN.PEAKS033952.macs.M,20
90,mono_90,True,0.965757340786566,0.5965683572681351,0.9599025308409126,0.7812403096208783,0.9682525401223518,0.5277780462250103,CTCF,mono,PEAKS033955,S,CTCF_HUMAN~CM~CTCF_HUMAN.PEAKS033955.macs.S,16
91,mono_91,True,0.968338372098278,0.6061032808065627,0.9638706309289296,0.7908691641833592,0.9696110680095268,0.5354488748822585,CTCF,mono,PEAKS033955,M,CTCF_HUMAN~CM~CTCF_HUMAN.PEAKS033955.macs.M,17
92,mono_92,True,0.9647945440618914,0.5654266954931563,0.955940534668958,0.7428622984494708,0.9697087512647684,0.5196731307744066,CTCF,mono,PEAKS033977,S,CTCF_HUMAN~CM~CTCF_HUMAN.PEAKS033977.macs.S,17
93,mono_93,True,0.9666352162989004,0.5715615192977174,0.956279630328178,0.7477072232272898,0.9713442066592988,0.5310355930796844,CTCF,mono,PEAKS033977,M,CTCF_HUMAN~CM~CTCF_HUMAN.PEAKS033977.macs.M,19
94,mono_94,True,0.960922476512827,0.547890391768005,0.9500185492546488,0.7319777785077809,0.9668481363926464,0.5095677440813462,CTCF,mono,PEAKS034011,S,CTCF_HUMAN~CM~CTCF_HUMAN.PEAKS034011.macs.S,16
95,mono_95,True,0.9653457076880668,0.565635528460386,0.9548257876133396,0.7402000778934907,0.970347576002864,0.5254881859948887,CTCF,mono,PEAKS034011,M,CTCF_HUMAN~CM~CTCF_HUMAN.PEAKS034011.macs.M,19
96,mono_96,True,0.9681599323967084,0.60029851773074,0.9624084433547088,0.786232082753284,0.9699303984994008,0.533186804550749,CTCF,mono,PEAKS034015,S,CTCF_HUMAN~CM~CTCF_HUMAN.PEAKS034015.macs.S,16
97,mono_97,True,0.9725079585252,0.6230434763024637,0.9677637215865432,0.8117208599433354,0.9739190871873104,0.559369113199737,CTCF,mono,PEAKS034015,M,CTCF_HUMAN~CM~CTCF_HUMAN.PEAKS034015.macs.M,19
98,mono_98,True,0.9604459553257928,0.5476874631113832,0.9483722501641588,0.726128733098616,0.9675488812440654,0.5105889569770219,CTCF,mono,PEAKS034020,S,CTCF_HUMAN~CM~CTCF_HUMAN.PEAKS034020.macs.S,16
99,mono_99,True,0.9644494656357466,0.5598601774578912,0.9525637348589632,0.7299992352617474,0.9707629649289397,0.5224093938341561,CTCF,mono,PEAKS034020,M,CTCF_HUMAN~CM~CTCF_HUMAN.PEAKS034020.macs.M,19
100,mono_100,True,0.9655943793466522,0.5891478027931164,0.9588555883873312,0.7721311399321517,0.9689585907753616,0.5269465118156101,CTCF,mono,PEAKS034031,S,CTCF_HUMAN~CM~CTCF_HUMAN.PEAKS034031.macs.S,16
101,mono_101,True,0.970082201942239,0.610425853235685,0.9642219302289842,0.793469602676386,0.9720676108715618,0.5494892372475306,CTCF,mono,PEAKS034031,M,CTCF_HUMAN~CM~CTCF_HUMAN.PEAKS034031.macs.M,19
102,mono_102,True,0.9610613917872848,0.5516660835704018,0.9500308402140352,0.7319623205466627,0.967326429850096,0.5124113188662819,CTCF,mono,PEAKS034032,S,CTCF_HUMAN~CM~CTCF_HUMAN.PEAKS034032.macs.S,16
103,mono_103,True,0.9647431348315116,0.5662439657002583,0.9532008075219692,0.7387221431497935,0.970436990084214,0.5260451979827835,CTCF,mono,PEAKS034032,M,CTCF_HUMAN~CM~CTCF_HUMAN.PEAKS034032.macs.M,19
104,mono_104,True,0.9717702812134248,0.6213340456807409,0.966191293292538,0.7958826413699984,0.9733496787098582,0.5453061940054097,CTCF,mono,PEAKS034036,S,CTCF_HUMAN~CM~CTCF_HUMAN.PEAKS034036.macs.S,18
105,mono_105,True,0.973937892639104,0.6346582224086331,0.9683369357475168,0.8142919843758286,0.9751912775330396,0.5656534648548907,CTCF,mono,PEAKS034036,M,CTCF_HUMAN~CM~CTCF_HUMAN.PEAKS034036.macs.M,20
106,mono_106,True,0.9648315261352698,0.5631551414073342,0.9561092753258728,0.7465599455385568,0.969379715135194,0.5193784797356393,CTCF,mono,PEAKS034038,S,CTCF_HUMAN~CM~CTCF_HUMAN.PEAKS034038.macs.S,17
107,mono_107,True,0.967079897284571,0.5710934752811996,0.9574772056666248,0.7504973411630519,0.9715380900048256,0.5315586357295193,CTCF,mono,PEAKS034038,M,CTCF_HUMAN~CM~CTCF_HUMAN.PEAKS034038.macs.M,20
108,mono_108,True,0.9667659588505632,0.5807407655818444,0.9580320934098944,0.7642794811554564,0.9703109814604378,0.5315034074943429,CTCF,mono,PEAKS034456,S,CTCF_HUMAN~CM~CTCF_HUMAN.PEAKS034456.macs.S,16
109,mono_109,True,0.9710155130574674,0.5997102578354039,0.9631302674043338,0.7773353136103549,0.9736635861832786,0.5496804137137102,CTCF,mono,PEAKS034456,M,CTCF_HUMAN~CM~CTCF_HUMAN.PEAKS034456.macs.M,19
110,mono_110,True,0.9693617232512846,0.6107120115262897,0.9646666296436006,0.7966816443250524,0.969825686710979,0.532808334783083,CTCF,mono,PEAKS034459,S,CTCF_HUMAN~CM~CTCF_HUMAN.PEAKS034459.macs.S,17
111,mono_111,True,0.9725760098693575,0.62918792927026,0.9681633115386228,0.8192050170686027,0.973033867779144,0.564544906340579,CTCF,mono,PEAKS034459,M,CTCF_HUMAN~CM~CTCF_HUMAN.PEAKS034459.macs.M,19
112,mono_112,True,0.9649927197671844,0.5679089419391387,0.954582710228146,0.7474768390206413,0.9694464991204994,0.5212865990733371,CTCF,mono,PEAKS034461,S,CTCF_HUMAN~CM~CTCF_HUMAN.PEAKS034461.macs.S,16
113,mono_113,True,0.9689845070518004,0.5835942581458431,0.9590346473029046,0.7569310048558077,0.9726846397160692,0.538228099287791,CTCF,mono,PEAKS034461,M,CTCF_HUMAN~CM~CTCF_HUMAN.PEAKS034461.macs.M,19
114,mono_114,True,0.8991251478822003,0.3568807955995997,0.8790464814116268,0.5527029005739421,0.9078235443097088,0.324221360464108,CTCF,mono,PEAKS034463,S,CTCF_HUMAN~CM~CTCF_HUMAN.PEAKS034463.macs.S,13
115,mono_115,True,0.9717310624923744,0.6222787158513702,0.9671266056135353,0.8091719442150519,0.9726539418751264,0.5604059944452284,CTCF,mono,PEAKS034463,M,CTCF_HUMAN~CM~CTCF_HUMAN.PEAKS034463.macs.M,19
116,mono_116,True,0.9299299722989188,0.4342501185223004,0.904057287955628,0.6056561923443233,0.9448936735106864,0.4076739681236626,CTCF,mono,PEAKS034527,S,CTCF_HUMAN~CM~CTCF_HUMAN.PEAKS034527.macs.S,14
117,mono_117,True,0.9449471722754202,0.4799656478574148,0.9246393869539098,0.6382996777446885,0.9577384281066608,0.4513837958714544,CTCF,mono,PEAKS034527,M,CTCF_HUMAN~CM~CTCF_HUMAN.PEAKS034527.macs.M,17
118,mono_118,True,0.9659822464537644,0.5920460266687606,0.9607837196306076,0.7840646640130382,0.9690933849099486,0.5319709197103216,CTCF,mono,PEAKS034550,S,CTCF_HUMAN~CM~CTCF_HUMAN.PEAKS034550.macs.S,16
119,mono_119,True,0.9686563852574211,0.6035326989731358,0.9638927253167916,0.7932726731070604,0.9707142746843916,0.541491435395375,CTCF,mono,PEAKS034550,M,CTCF_HUMAN~CM~CTCF_HUMAN.PEAKS034550.macs.M,17
120,mono_120,True,0.9510702495808686,0.5216694976944392,0.9384358662698912,0.7233606620258983,0.9577741405021716,0.4748825163122489,CTCF,mono,PEAKS034557,S,CTCF_HUMAN~CM~CTCF_HUMAN.PEAKS034557.macs.S,15
121,mono_121,True,0.9673091115318742,0.5902795697248567,0.9595697465666344,0.7735157289187385,0.971917161625753,0.5438272073449699,CTCF,mono,PEAKS034557,M,CTCF_HUMAN~CM~CTCF_HUMAN.PEAKS034557.macs.M,19
122,mono_122,True,0.9485146307350952,0.5121057187713576,0.9375414686281904,0.7117726564658655,0.9538882889431982,0.4500456305554532,CTCF,mono,PEAKS034639,S,CTCF_HUMAN~CM~CTCF_HUMAN.PEAKS034639.macs.S,13
123,mono_123,True,0.970559862579138,0.6097178736739903,0.9652494404627184,0.8006264064755056,0.9720639230398032,0.5560641694823518,CTCF,mono,PEAKS034639,M,CTCF_HUMAN~CM~CTCF_HUMAN.PEAKS034639.macs.M,19
124,mono_124,True,0.9656544836888984,0.5913030636635758,0.9599370195733268,0.7753836608969411,0.9691484358898524,0.5276023219129459,CTCF,mono,PEAKS034640,S,CTCF_HUMAN~CM~CTCF_HUMAN.PEAKS034640.macs.S,15
125,mono_125,True,0.971099857653497,0.6120067636070621,0.9658516108526484,0.8026987523409956,0.9726875520306344,0.5549802276737233,CTCF,mono,PEAKS034640,M,CTCF_HUMAN~CM~CTCF_HUMAN.PEAKS034640.macs.M,19
126,mono_126,True,0.9664727004261358,0.5879285242748065,0.960235666485044,0.7741762581494727,0.9700719350570508,0.5296826452758983,CTCF,mono,PEAKS034641,S,CTCF_HUMAN~CM~CTCF_HUMAN.PEAKS034641.macs.S,16
127,mono_127,True,0.9710443348351264,0.6077709410097343,0.9645282458052168,0.7888985688228253,0.9733847480580938,0.5521620896150432,CTCF,mono,PEAKS034641,M,CTCF_HUMAN~CM~CTCF_HUMAN.PEAKS034641.macs.M,19
128,mono_128,True,0.9672699147276664,0.595964713834374,0.9601226623077246,0.7745036850478599,0.9700305038838126,0.5294793420899652,CTCF,mono,PEAKS034660,S,CTCF_HUMAN~CM~CTCF_HUMAN.PEAKS034660.macs.S,17
129,mono_129,True,0.971658513224668,0.6144730799233205,0.9649148483451389,0.7888406517563626,0.97352115191233,0.5536652876760689,CTCF,mono,PEAKS034660,M,CTCF_HUMAN~CM~CTCF_HUMAN.PEAKS034660.macs.M,20
130,mono_130,True,0.9680602435254936,0.6103795893850914,0.9632489584643112,0.7937257843922473,0.9694956123036688,0.5329504313621961,CTCF,mono,PEAKS034797,S,CTCF_HUMAN~CM~CTCF_HUMAN.PEAKS034797.macs.S,16
131,mono_131,True,0.9720031158067884,0.6323298704250675,0.967245149978345,0.8177658253191367,0.9726979692096946,0.561785993140956,CTCF,mono,PEAKS034797,M,CTCF_HUMAN~CM~CTCF_HUMAN.PEAKS034797.macs.M,19
132,mono_132,True,0.9675545098987306,0.604467772431547,0.9623717590846224,0.7907380876188068,0.9691565338335332,0.5325712251378617,CTCF,mono,PEAKS034798,S,CTCF_HUMAN~CM~CTCF_HUMAN.PEAKS034798.macs.S,16
133,mono_133,True,0.972354973541626,0.6284183760423989,0.9672167218519916,0.8158282179671306,0.9728214791176976,0.5617585885755396,CTCF,mono,PEAKS034798,M,CTCF_HUMAN~CM~CTCF_HUMAN.PEAKS034798.macs.M,19
134,mono_134,True,0.9674687888346114,0.6031709959940165,0.962000748145354,0.7873927830971376,0.9694506271695644,0.5350724810143989,CTCF,mono,PEAKS034839,S,CTCF_HUMAN~CM~CTCF_HUMAN.PEAKS034839.macs.S,16
135,mono_135,True,0.9725064367732984,0.6258334006875451,0.967600556743088,0.8123664423477566,0.9736041735029032,0.563567285341958,CTCF,mono,PEAKS034839,M,CTCF_HUMAN~CM~CTCF_HUMAN.PEAKS034839.macs.M,19
136,mono_136,True,0.9677499656560818,0.5815295453877293,0.9594103357223688,0.7579890030390449,0.9712406500521472,0.5286415972265479,CTCF,mono,PEAKS034840,S,CTCF_HUMAN~CM~CTCF_HUMAN.PEAKS034840.macs.S,17
137,mono_137,True,0.9694419969632748,0.5896222537678621,0.9604760516646408,0.7678347911195268,0.9731469049361,0.5420364982614297,CTCF,mono,PEAKS034840,M,CTCF_HUMAN~CM~CTCF_HUMAN.PEAKS034840.macs.M,19
138,mono_138,True,0.8957739029151661,0.3422087394863685,0.8726677054081617,0.5317215301918856,0.9066651314581032,0.3089020021857951,CTCF,mono,PEAKS034870,S,CTCF_HUMAN~CM~CTCF_HUMAN.PEAKS034870.macs.S,12
139,mono_139,True,0.9692191080974826,0.5983435286359261,0.9619728732693462,0.7810443938364284,0.9723607144969724,0.5475995743575474,CTCF,mono,PEAKS034870,M,CTCF_HUMAN~CM~CTCF_HUMAN.PEAKS034870.macs.M,19
140,mono_140,True,0.9687305326470574,0.6086731463941492,0.9634615029967728,0.7909373011991235,0.9710316203047896,0.5378567604057083,CTCF,mono,PEAKS034872,S,CTCF_HUMAN~CM~CTCF_HUMAN.PEAKS034872.macs.S,16
141,mono_141,True,0.9725876822826052,0.6248875325587534,0.96732350685276,0.8103929237948976,0.9743207772294952,0.5602477056988647,CTCF,mono,PEAKS034872,M,CTCF_HUMAN~CM~CTCF_HUMAN.PEAKS034872.macs.M,19
142,mono_142,True,0.9641321621755968,0.6066629664344741,0.9623480831831454,0.8022830073228208,0.9658863713204964,0.5204690132573475,CTCF,mono,PEAKS034873,S,CTCF_HUMAN~CM~CTCF_HUMAN.PEAKS034873.macs.S,18
143,mono_143,True,0.9642382152911776,0.612960690360097,0.963383733601576,0.8118561861515551,0.966968528665494,0.5399450457412155,CTCF,mono,PEAKS034873,M,CTCF_HUMAN~CM~CTCF_HUMAN.PEAKS034873.macs.M,19
144,mono_144,True,0.9682229446746592,0.6000313966691131,0.9620113157857972,0.7868849048729534,0.9709024815927524,0.5397603264329865,CTCF,mono,PEAKS034938,S,CTCF_HUMAN~CM~CTCF_HUMAN.PEAKS034938.macs.S,16
145,mono_145,True,0.9726305778364236,0.6209870884436106,0.9666573151990164,0.8090361724813602,0.974034286981834,0.5646991554106716,CTCF,mono,PEAKS034938,M,CTCF_HUMAN~CM~CTCF_HUMAN.PEAKS034938.macs.M,19
146,mono_146,True,0.9606070859185416,0.547398135291337,0.95043928985568,0.7289834257668167,0.9670859404430192,0.5071497093578501,CTCF,mono,PEAKS035099,S,CTCF_HUMAN~CM~CTCF_HUMAN.PEAKS035099.macs.S,16
147,mono_147,True,0.9640659744408946,0.5602989881189432,0.9529710898752392,0.7342654560181211,0.9700764746812782,0.5205058746750435,CTCF,mono,PEAKS035099,M,CTCF_HUMAN~CM~CTCF_HUMAN.PEAKS035099.macs.M,19
148,mono_148,True,0.9630421856288778,0.554912555714829,0.9529178975089764,0.7309412562056223,0.9681973191575473,0.5120660986599597,CTCF,mono,PEAKS035100,S,CTCF_HUMAN~CM~CTCF_HUMAN.PEAKS035100.macs.S,17
149,mono_149,True,0.9631407836287964,0.5552253695992923,0.9531635707000852,0.7320651509449416,0.9682218569138088,0.5125565060052386,CTCF,mono,PEAKS035100,M,CTCF_HUMAN~CM~CTCF_HUMAN.PEAKS035100.macs.M,17
150,mono_150,True,0.9648245972497752,0.5737955361831816,0.9560974796373136,0.754148037458671,0.969196390622811,0.523499445744294,CTCF,mono,PEAKS035101,S,CTCF_HUMAN~CM~CTCF_HUMAN.PEAKS035101.macs.S,16
151,mono_151,True,0.9691569135211102,0.5909804520302285,0.9608540250359752,0.7690875322907098,0.9725155956476392,0.5440328076416986,CTCF,mono,PEAKS035101,M,CTCF_HUMAN~CM~CTCF_HUMAN.PEAKS035101.macs.M,19
152,mono_152,True,0.962758180630934,0.559307679055474,0.9532367813683168,0.7421913765770676,0.9685092005105777,0.5160631634001602,CTCF,mono,PEAKS035103,S,CTCF_HUMAN~CM~CTCF_HUMAN.PEAKS035103.macs.S,17
153,mono_153,True,0.9661325397327502,0.5761094972071019,0.9567297602581836,0.7547244026759885,0.9712395962080292,0.5332998295893688,CTCF,mono,PEAKS035103,M,CTCF_HUMAN~CM~CTCF_HUMAN.PEAKS035103.macs.M,19
154,mono_154,True,0.966221687506496,0.5901618974039116,0.9603631417913576,0.7774997573945565,0.9699953884590838,0.5280025594766321,CTCF,mono,PEAKS035146,S,CTCF_HUMAN~CM~CTCF_HUMAN.PEAKS035146.macs.S,15
155,mono_155,True,0.9717291399107962,0.614886092858266,0.965933827905612,0.7985475131877267,0.973949869398048,0.5557623358132066,CTCF,mono,PEAKS035146,M,CTCF_HUMAN~CM~CTCF_HUMAN.PEAKS035146.macs.M,19
156,mono_156,True,0.9498558795884152,0.4861022899138086,0.9335638466267095,0.6546121736494623,0.9601387939166576,0.4611995822610523,CTCF,mono,PEAKS037020,S,CTCF_HUMAN~CM~CTCF_HUMAN.PEAKS037020.macs.S,18
157,mono_157,True,0.9501125746189408,0.4879372240053689,0.9319181692443104,0.6512800597365916,0.9612836881430862,0.4656196934866567,CTCF,mono,PEAKS037020,M,CTCF_HUMAN~CM~CTCF_HUMAN.PEAKS037020.macs.M,20
158,mono_158,True,0.9391602704131664,0.4478653638616972,0.9159400275228076,0.6355963798591737,0.9501411098830964,0.4176208140837082,CTCF,mono,PEAKS037021,S,CTCF_HUMAN~CM~CTCF_HUMAN.PEAKS037021.macs.S,16
159,mono_159,True,0.9573422262993072,0.517387035487233,0.9422950584685024,0.6902321954194512,0.965987131738298,0.4895249943601139,CTCF,mono,PEAKS037021,M,CTCF_HUMAN~CM~CTCF_HUMAN.PEAKS037021.macs.M,19
160,mono_160,True,0.9683425575373604,0.6162870350560418,0.963818255864314,0.7993129281015736,0.9702399777400724,0.5311650451270905,CTCF,mono,PEAKS038081,S,CTCF_HUMAN~CM~CTCF_HUMAN.PEAKS038081.macs.S,17
161,mono_161,True,0.9717732510585608,0.6355225503078945,0.968587662936418,0.8237476742579455,0.972952613284351,0.5581405051756084,CTCF,mono,PEAKS038081,M,CTCF_HUMAN~CM~CTCF_HUMAN.PEAKS038081.macs.M,20
162,mono_162,True,0.968466025504878,0.6109255704054982,0.9632134233063694,0.7972645715408577,0.9698145673323888,0.5327896542928587,CTCF,mono,PEAKS038082,S,CTCF_HUMAN~CM~CTCF_HUMAN.PEAKS038082.macs.S,16
163,mono_163,True,0.972496020172533,0.6334376003855972,0.967887392598181,0.8238716565558037,0.9731700477887952,0.5615720197465105,CTCF,mono,PEAKS038082,M,CTCF_HUMAN~CM~CTCF_HUMAN.PEAKS038082.macs.M,19
164,mono_164,True,0.9682596940228024,0.5901905788728409,0.9599299181301256,0.7714355152395889,0.9709895543344592,0.536212569134419,CTCF,mono,PEAKS038185,S,CTCF_HUMAN~CM~CTCF_HUMAN.PEAKS038185.macs.S,16
165,mono_165,True,0.9727954595984474,0.6108944177643877,0.9647457416488536,0.7909908932855947,0.974250293893308,0.5565747210650221,CTCF,mono,PEAKS038185,M,CTCF_HUMAN~CM~CTCF_HUMAN.PEAKS038185.macs.M,19
166,mono_166,True,0.9676750760311082,0.5879035323542242,0.9586702411389134,0.7688941749985181,0.9704539635123984,0.5321715167823786,CTCF,mono,PEAKS038187,S,CTCF_HUMAN~CM~CTCF_HUMAN.PEAKS038187.macs.S,16
167,mono_167,True,0.969533148207564,0.5952341349360946,0.961158196767118,0.7716675923515308,0.971681928363506,0.5360552378850095,CTCF,mono,PEAKS038187,M,CTCF_HUMAN~CM~CTCF_HUMAN.PEAKS038187.macs.M,17
168,mono_168,True,0.9652675883791026,0.569297317450549,0.9567483933386424,0.7559016227796025,0.9698812035927212,0.5261885297547729,CTCF,mono,PEAKS038240,S,CTCF_HUMAN~CM~CTCF_HUMAN.PEAKS038240.macs.S,16
169,mono_169,True,0.9691732973776612,0.5890307884688472,0.9609669418947429,0.7725516104596115,0.9728316042714154,0.5452628073416967,CTCF,mono,PEAKS038240,M,CTCF_HUMAN~CM~CTCF_HUMAN.PEAKS038240.macs.M,19
170,mono_170,True,0.9613348706002504,0.5504696803334534,0.9497342121072412,0.7232481721494517,0.9674595129278808,0.5088764588039241,CTCF,mono,PEAKS038294,S,CTCF_HUMAN~CM~CTCF_HUMAN.PEAKS038294.macs.S,17
171,mono_171,True,0.9626096364063608,0.5542268140446976,0.95021804140995,0.7256557230521907,0.9691107342662786,0.5162972886791733,CTCF,mono,PEAKS038294,M,CTCF_HUMAN~CM~CTCF_HUMAN.PEAKS038294.macs.M,19
172,mono_172,True,0.9643165576096632,0.566566374231644,0.9552123733880996,0.7513861729320943,0.9694370897090644,0.523750018765757,CTCF,mono,PEAKS038296,S,CTCF_HUMAN~CM~CTCF_HUMAN.PEAKS038296.macs.S,16
173,mono_173,True,0.9682061233850452,0.5810326943009969,0.9592490667393156,0.7617214700099942,0.9723574726420824,0.539059163612638,CTCF,mono,PEAKS038296,M,CTCF_HUMAN~CM~CTCF_HUMAN.PEAKS038296.macs.M,19
174,mono_174,True,0.9669973939292604,0.5829915318930514,0.9580425974824316,0.7640320577250167,0.9701000904406842,0.5292764964123279,CTCF,mono,PEAKS038599,S,CTCF_HUMAN~CM~CTCF_HUMAN.PEAKS038599.macs.S,16
175,mono_175,True,0.968849566182086,0.5908805585179528,0.9612942341813712,0.7701472339307629,0.9714022353325756,0.535410662877177,CTCF,mono,PEAKS038599,M,CTCF_HUMAN~CM~CTCF_HUMAN.PEAKS038599.macs.M,17
176,mono_176,True,0.9669864124614196,0.5834447474395342,0.9578584042359976,0.7637325377298188,0.9702596701483476,0.527771797123718,CTCF,mono,PEAKS038600,S,CTCF_HUMAN~CM~CTCF_HUMAN.PEAKS038600.macs.S,16
177,mono_177,True,0.9688710745127456,0.591136643970517,0.9606140044986518,0.7663989538943357,0.9719592383368876,0.5372997096727977,CTCF,mono,PEAKS038600,M,CTCF_HUMAN~CM~CTCF_HUMAN.PEAKS038600.macs.M,18
178,mono_178,True,0.9639508369070592,0.5803878769302373,0.9546176544141272,0.7574451973890662,0.9686227339238184,0.522348881390695,CTCF,mono,PEAKS038605,S,CTCF_HUMAN~CM~CTCF_HUMAN.PEAKS038605.macs.S,16
179,mono_179,True,0.967201073699337,0.5931177592994422,0.9587756360283332,0.7671049674073322,0.9706936409769464,0.5318755305420168,CTCF,mono,PEAKS038605,M,CTCF_HUMAN~CM~CTCF_HUMAN.PEAKS038605.macs.M,17
180,mono_180,True,0.9623668303274874,0.5482793512687371,0.951543787808933,0.72262912385625,0.9680013903893152,0.5082182517996168,CTCF,mono,PEAKS038831,S,CTCF_HUMAN~CM~CTCF_HUMAN.PEAKS038831.macs.S,18
181,mono_181,True,0.9639228870582176,0.5539273412941753,0.9516124257792308,0.7256214174012737,0.9699806846095174,0.5179303131221485,CTCF,mono,PEAKS038831,M,CTCF_HUMAN~CM~CTCF_HUMAN.PEAKS038831.macs.M,20
182,mono_182,True,0.969654775386256,0.6160152047949545,0.963801295108764,0.7944120333481469,0.9711344846748962,0.533747513733489,CTCF,mono,PEAKS039212,S,CTCF_HUMAN~CM~CTCF_HUMAN.PEAKS039212.macs.S,17
183,mono_183,True,0.9739002424409487,0.6384490192674908,0.9689049680763372,0.8174315028254592,0.9746161605516726,0.5648520703065502,CTCF,mono,PEAKS039212,M,CTCF_HUMAN~CM~CTCF_HUMAN.PEAKS039212.macs.M,20
184,mono_184,True,0.9674580868629994,0.6092129450525383,0.962335064336309,0.7890386680982755,0.9700489039709844,0.5328905026283932,CTCF,mono,PEAKS039213,S,CTCF_HUMAN~CM~CTCF_HUMAN.PEAKS039213.macs.S,16
185,mono_185,True,0.9722132662421878,0.6328996211015724,0.9677214328625116,0.817390897999801,0.973512294173503,0.5641439239370303,CTCF,mono,PEAKS039213,M,CTCF_HUMAN~CM~CTCF_HUMAN.PEAKS039213.macs.M,19
186,mono_186,True,0.9660186894180062,0.5709373998748526,0.9571028682397976,0.7538940580706589,0.969061464952289,0.5195504244841214,CTCF,mono,PEAKS039288,S,CTCF_HUMAN~CM~CTCF_HUMAN.PEAKS039288.macs.S,17
187,mono_187,True,0.9695499035207036,0.5877949065916116,0.9605749472595946,0.7638027051064117,0.9724366264535113,0.5398987339873054,CTCF,mono,PEAKS039288,M,CTCF_HUMAN~CM~CTCF_HUMAN.PEAKS039288.macs.M,20
188,mono_188,True,0.9639677404413194,0.5732682560018398,0.9556100185813878,0.7560835331612068,0.9689218765274514,0.5225077292872482,CTCF,mono,PEAKS039444,S,CTCF_HUMAN~CM~CTCF_HUMAN.PEAKS039444.macs.S,16
189,mono_189,True,0.9692471668526964,0.5953417225294217,0.9614362455816812,0.7759524829057435,0.9731047128780684,0.5452239409737526,CTCF,mono,PEAKS039444,M,CTCF_HUMAN~CM~CTCF_HUMAN.PEAKS039444.macs.M,19
190,mono_190,True,0.9652895797840852,0.5674533353693032,0.953329739301731,0.7339754632570572,0.9700850066157128,0.5241059338422807,CTCF,mono,PEAKS039470,S,CTCF_HUMAN~CM~CTCF_HUMAN.PEAKS039470.macs.S,17
191,mono_191,True,0.9675492048931046,0.5759045751118438,0.9557291511239644,0.7448855351280885,0.9722378104325898,0.5316000739699334,CTCF,mono,PEAKS039470,M,CTCF_HUMAN~CM~CTCF_HUMAN.PEAKS039470.macs.M,19
192,mono_192,True,0.9401253476191982,0.4626668537549722,0.91757621093368,0.6467010084717932,0.9512006776046452,0.4250855508213414,CTCF,mono,PEAKS039471,S,CTCF_HUMAN~CM~CTCF_HUMAN.PEAKS039471.macs.S,15
193,mono_193,True,0.9565399736094105,0.522119304374995,0.9423201174958435,0.694002759848802,0.9651303639420308,0.4896837678640375,CTCF,mono,PEAKS039471,M,CTCF_HUMAN~CM~CTCF_HUMAN.PEAKS039471.macs.M,17
194,mono_194,True,0.9555677481235116,0.5391229873316737,0.9443479602386242,0.7349417400249749,0.9609666631901744,0.4802542268834378,CTCF,mono,PEAKS039479,S,CTCF_HUMAN~CM~CTCF_HUMAN.PEAKS039479.macs.S,14
195,mono_195,True,0.9689368248143848,0.5950873478910785,0.962532281319418,0.7742461187174685,0.9715403133512864,0.5334587891306108,CTCF,mono,PEAKS039479,M,CTCF_HUMAN~CM~CTCF_HUMAN.PEAKS039479.macs.M,17
196,mono_196,True,0.9696120436438898,0.6001792408626023,0.9632821276387666,0.7741395990946061,0.9721221003720366,0.5365364087599134,CTCF,mono,PEAKS039480,S,CTCF_HUMAN~CM~CTCF_HUMAN.PEAKS039480.macs.S,18
197,mono_197,True,0.9711909051881912,0.6074162257218445,0.964320139849393,0.783405695918848,0.9739257754393612,0.5499212796046083,CTCF,mono,PEAKS039480,M,CTCF_HUMAN~CM~CTCF_HUMAN.PEAKS039480.macs.M,20
198,di_0,False,0.9742005422723924,0.6306877315626906,0.967085060843567,0.7980049649801706,0.9758518815086938,0.572111389285459,CTCF,di,PEAKS033149,M,CTCF_HUMAN~CD~CTCF_HUMAN.PEAKS033149.macs.M,23
199,di_1,False,0.9701754752791572,0.6023074987950651,0.96184974852257,0.7765546669991671,0.974134807833004,0.5576890071349899,CTCF,di,PEAKS033166,M,CTCF_HUMAN~CD~CTCF_HUMAN.PEAKS033166.macs.M,23
200,di_2,False,0.9779015373422324,0.6593131616268486,0.9739721181385084,0.8402322104490865,0.9779007744275464,0.5911826028511464,CTCF,di,PEAKS033196,M,CTCF_HUMAN~CD~CTCF_HUMAN.PEAKS033196.macs.M,23
201,di_3,False,0.9771522922305924,0.6565298779131127,0.9726212980426672,0.823776039047298,0.9763317445245248,0.584661240527627,CTCF,di,PEAKS033197,M,CTCF_HUMAN~CD~CTCF_HUMAN.PEAKS033197.macs.M,23
202,di_4,False,0.959257821375474,0.5460909432667688,0.9446475327269932,0.7068535849455182,0.9674217719213586,0.5063026058161326,CTCF,di,PEAKS033210,M,CTCF_HUMAN~CD~CTCF_HUMAN.PEAKS033210.macs.M,23
203,di_5,False,0.9654562693466971,0.5759718948281541,0.9533317259734272,0.7364955330795633,0.9715572953409816,0.5324284995892726,CTCF,di,PEAKS033254,M,CTCF_HUMAN~CD~CTCF_HUMAN.PEAKS033254.macs.M,23
204,di_6,False,0.9769035523360644,0.6551291343169823,0.972345713706917,0.8261489784191577,0.9764833375881448,0.5894680277811709,CTCF,di,PEAKS033257,M,CTCF_HUMAN~CD~CTCF_HUMAN.PEAKS033257.macs.M,23
205,di_7,False,0.9734988024818,0.6260863616406352,0.9665043365885688,0.7868961138988481,0.9745468132501052,0.5645278402989723,CTCF,di,PEAKS033258,M,CTCF_HUMAN~CD~CTCF_HUMAN.PEAKS033258.macs.M,23
206,di_8,False,0.9761602460109088,0.6570272715742108,0.9724627764505358,0.8296309289514953,0.976717047368503,0.5857778704975531,CTCF,di,PEAKS033259,M,CTCF_HUMAN~CD~CTCF_HUMAN.PEAKS033259.macs.M,23
207,di_9,False,0.9684641623473164,0.6301438261918338,0.9666259950822192,0.8227049217024651,0.9697366512040596,0.5522693483587028,CTCF,di,PEAKS033271,M,CTCF_HUMAN~CD~CTCF_HUMAN.PEAKS033271.macs.M,23
208,di_10,False,0.9750040345066,0.6420178524736434,0.9696649650027244,0.8110906245314217,0.9759849160193648,0.58018292832336,CTCF,di,PEAKS033303,M,CTCF_HUMAN~CD~CTCF_HUMAN.PEAKS033303.macs.M,23
209,di_11,False,0.9459347140190972,0.5682759274274082,0.9488856064098804,0.7796336474869651,0.9529984857022772,0.4985610614771585,CTCF,di,PEAKS033304,M,CTCF_HUMAN~CD~CTCF_HUMAN.PEAKS033304.macs.M,23
210,di_12,False,0.9739176356019902,0.6474581684913804,0.9715225009430404,0.841170902194175,0.974143268317741,0.5701512191472003,CTCF,di,PEAKS033416,M,CTCF_HUMAN~CD~CTCF_HUMAN.PEAKS033416.macs.M,21
211,di_13,False,0.9712386635696888,0.6400380442421558,0.9708770093745198,0.8373018524036044,0.9724488476206784,0.5576297247700727,CTCF,di,PEAKS033417,M,CTCF_HUMAN~CD~CTCF_HUMAN.PEAKS033417.macs.M,21
212,di_14,False,0.9765557530581904,0.6581484036162673,0.9722281431185996,0.8310603636089967,0.9760917684967544,0.5870483109935063,CTCF,di,PEAKS033465,M,CTCF_HUMAN~CD~CTCF_HUMAN.PEAKS033465.macs.M,23
213,di_15,False,0.9766477222300048,0.6544230171816471,0.9713421392346704,0.8228445772159807,0.9752558061051354,0.5850158729668231,CTCF,di,PEAKS033474,M,CTCF_HUMAN~CD~CTCF_HUMAN.PEAKS033474.macs.M,23
214,di_16,False,0.9764354822383196,0.6537658719591293,0.9717988662559204,0.823148320919218,0.9768971348515744,0.5849830939834605,CTCF,di,PEAKS033497,M,CTCF_HUMAN~CD~CTCF_HUMAN.PEAKS033497.macs.M,23
215,di_17,False,0.9766590993307456,0.65902683047218,0.9734368868491274,0.8304455828434313,0.9757110561790756,0.5848486289741401,CTCF,di,PEAKS033524,M,CTCF_HUMAN~CD~CTCF_HUMAN.PEAKS033524.macs.M,23
216,di_18,False,0.9755278004979868,0.6390548085199684,0.9694403230087878,0.8141014411152641,0.9765736310144612,0.580698202423492,CTCF,di,PEAKS033529,M,CTCF_HUMAN~CD~CTCF_HUMAN.PEAKS033529.macs.M,23
217,di_19,False,0.974333177128758,0.63451197324794,0.9681379737904634,0.8085527780170196,0.97588723509908,0.5761537036857125,CTCF,di,PEAKS033565,M,CTCF_HUMAN~CD~CTCF_HUMAN.PEAKS033565.macs.M,23
218,di_20,False,0.9731026939640564,0.6341979032603946,0.9674519615239532,0.8093782159783728,0.9743281806011738,0.5677981031235968,CTCF,di,PEAKS033579,M,CTCF_HUMAN~CD~CTCF_HUMAN.PEAKS033579.macs.M,21
219,di_21,False,0.9774776073134468,0.6591979081288091,0.9734933735697222,0.8316769574005469,0.9774204078392305,0.5924056724854745,CTCF,di,PEAKS033602,M,CTCF_HUMAN~CD~CTCF_HUMAN.PEAKS033602.macs.M,23
220,di_22,False,0.972059650866958,0.6074457273635464,0.9632530100451262,0.7781200951854571,0.9749486036954592,0.5505482183428456,CTCF,di,PEAKS033607,M,CTCF_HUMAN~CD~CTCF_HUMAN.PEAKS033607.macs.M,21
221,di_23,False,0.9746098709391706,0.6426890348422494,0.9694415070483536,0.8123282173136458,0.9751316450553384,0.5753139511425641,CTCF,di,PEAKS033641,M,CTCF_HUMAN~CD~CTCF_HUMAN.PEAKS033641.macs.M,23
222,di_24,False,0.9763198749610242,0.6584695706774385,0.9729494467496542,0.8319545594785486,0.9762587448825516,0.5872164774435665,CTCF,di,PEAKS033664,M,CTCF_HUMAN~CD~CTCF_HUMAN.PEAKS033664.macs.M,23
223,di_25,False,0.976623276364606,0.6453539592582053,0.9711167274403788,0.8157200057451653,0.9765604486231536,0.5816500765171532,CTCF,di,PEAKS033682,M,CTCF_HUMAN~CD~CTCF_HUMAN.PEAKS033682.macs.M,23
224,di_26,False,0.9721517427279014,0.6160819799108546,0.964813166240552,0.787168892892586,0.9745444241216668,0.5613269601960964,CTCF,di,PEAKS033702,M,CTCF_HUMAN~CD~CTCF_HUMAN.PEAKS033702.macs.M,23
225,di_27,False,0.9762023414870012,0.6616704559902623,0.974699295164648,0.846438471669852,0.9756645480300744,0.5886671263845956,CTCF,di,PEAKS033713,M,CTCF_HUMAN~CD~CTCF_HUMAN.PEAKS033713.macs.M,23
226,di_28,False,0.9773320523654372,0.6584665346741285,0.973474525336351,0.8287410305828822,0.9767018246913964,0.5876901902852465,CTCF,di,PEAKS033777,M,CTCF_HUMAN~CD~CTCF_HUMAN.PEAKS033777.macs.M,23
227,di_29,False,0.9780793003330456,0.6581464100861593,0.9738856280648812,0.8346579809058898,0.977431895829766,0.5922936267232415,CTCF,di,PEAKS033783,M,CTCF_HUMAN~CD~CTCF_HUMAN.PEAKS033783.macs.M,23
228,di_30,False,0.970171894925686,0.636162072585226,0.9689091020858656,0.8300260944666559,0.9712665517348734,0.5570087120521025,CTCF,di,PEAKS033788,M,CTCF_HUMAN~CD~CTCF_HUMAN.PEAKS033788.macs.M,22
229,di_31,False,0.976261943549444,0.6580957889275233,0.972638448104838,0.835830275707755,0.9752556127706604,0.585806733458958,CTCF,di,PEAKS033813,M,CTCF_HUMAN~CD~CTCF_HUMAN.PEAKS033813.macs.M,23
230,di_32,False,0.9753333425218378,0.6411753751644839,0.9705455481509424,0.8140341387934161,0.9768836084432062,0.5783588952781455,CTCF,di,PEAKS033829,M,CTCF_HUMAN~CD~CTCF_HUMAN.PEAKS033829.macs.M,23
231,di_33,False,0.965318736189,0.5770779524441195,0.9545379095240092,0.7426331430166728,0.9714908134991672,0.5355282513674384,CTCF,di,PEAKS033831,M,CTCF_HUMAN~CD~CTCF_HUMAN.PEAKS033831.macs.M,23
232,di_34,False,0.9707391556818848,0.6079693814983247,0.9621273383908238,0.7782433269352947,0.9740153987328964,0.5591236612827319,CTCF,di,PEAKS033841,M,CTCF_HUMAN~CD~CTCF_HUMAN.PEAKS033841.macs.M,23
233,di_35,False,0.9728084870148356,0.6233887423950186,0.966181373206477,0.7877311751599138,0.9742359055743216,0.5637401845175033,CTCF,di,PEAKS033842,M,CTCF_HUMAN~CD~CTCF_HUMAN.PEAKS033842.macs.M,23
234,di_36,False,0.9777058610607752,0.6571775955805804,0.9730087507160122,0.828525430334939,0.9772534646098284,0.5883688804768045,CTCF,di,PEAKS033848,M,CTCF_HUMAN~CD~CTCF_HUMAN.PEAKS033848.macs.M,23
235,di_37,False,0.9668763801962124,0.5835354513552441,0.956801917515403,0.743452436068865,0.972062287012967,0.541717661067307,CTCF,di,PEAKS033860,M,CTCF_HUMAN~CD~CTCF_HUMAN.PEAKS033860.macs.M,23
236,di_38,False,0.9707975231708474,0.6035380354440375,0.9621630747307096,0.7733564674182551,0.9748797462679596,0.5568391942080207,CTCF,di,PEAKS033872,M,CTCF_HUMAN~CD~CTCF_HUMAN.PEAKS033872.macs.M,23
237,di_39,False,0.97290971345423,0.6224248568838743,0.966430967349847,0.7890244893577452,0.9742495459286126,0.5644502107335169,CTCF,di,PEAKS033887,M,CTCF_HUMAN~CD~CTCF_HUMAN.PEAKS033887.macs.M,23
238,di_40,False,0.9751685262843948,0.6404926929210457,0.9691789736926666,0.815027930968528,0.9753807337992872,0.5730828750085518,CTCF,di,PEAKS033907,M,CTCF_HUMAN~CD~CTCF_HUMAN.PEAKS033907.macs.M,21
239,di_41,False,0.9745880851458036,0.6358397030326283,0.967856438520754,0.8008328224858505,0.9750300305101104,0.5707509967946439,CTCF,di,PEAKS033908,M,CTCF_HUMAN~CD~CTCF_HUMAN.PEAKS033908.macs.M,23
240,di_42,False,0.9684927394245586,0.5943827954455047,0.9593293495117148,0.7614210461682708,0.9735252215874598,0.5485787224880682,CTCF,di,PEAKS033915,M,CTCF_HUMAN~CD~CTCF_HUMAN.PEAKS033915.macs.M,23
241,di_43,False,0.9747528742696268,0.6316467522693839,0.968584290344664,0.8067545436883916,0.9755762369826124,0.5712111148481993,CTCF,di,PEAKS033951,M,CTCF_HUMAN~CD~CTCF_HUMAN.PEAKS033951.macs.M,21
242,di_44,False,0.9767466505641892,0.6497201904687678,0.9714642182544672,0.8262737335993301,0.9767955853738268,0.5795703572992348,CTCF,di,PEAKS033952,M,CTCF_HUMAN~CD~CTCF_HUMAN.PEAKS033952.macs.M,21
243,di_45,False,0.975651877392212,0.6533256960026329,0.9717391543372872,0.8269314827347305,0.9747246166778228,0.5779544427527193,CTCF,di,PEAKS033955,M,CTCF_HUMAN~CD~CTCF_HUMAN.PEAKS033955.macs.M,23
244,di_46,False,0.970260144560782,0.6000636967283476,0.9608050141805328,0.7734419756619726,0.974002309428558,0.5493359076223648,CTCF,di,PEAKS033977,M,CTCF_HUMAN~CD~CTCF_HUMAN.PEAKS033977.macs.M,21
245,di_47,False,0.9668288895617084,0.585020626968877,0.9562702565069784,0.7508773611755641,0.9718174195607168,0.5347164276987888,CTCF,di,PEAKS034011,M,CTCF_HUMAN~CD~CTCF_HUMAN.PEAKS034011.macs.M,23
246,di_48,False,0.97678828284928,0.6554546269329972,0.9735701992260084,0.8339560850937964,0.97705511791535,0.5842658185654472,CTCF,di,PEAKS034015,M,CTCF_HUMAN~CD~CTCF_HUMAN.PEAKS034015.macs.M,23
247,di_49,False,0.9664139962763962,0.5817243549237316,0.954678068373919,0.7408778405846413,0.9725137902585578,0.5366120275364207,CTCF,di,PEAKS034020,M,CTCF_HUMAN~CD~CTCF_HUMAN.PEAKS034020.macs.M,23
248,di_50,False,0.9751497051393866,0.6474728537525997,0.9705712295849226,0.8177356788330425,0.9750353335097524,0.5785869057239095,CTCF,di,PEAKS034031,M,CTCF_HUMAN~CD~CTCF_HUMAN.PEAKS034031.macs.M,23
249,di_51,False,0.9668693952759038,0.5855128242950252,0.9550894924347204,0.7459542714629597,0.9720389791566136,0.5391433260054482,CTCF,di,PEAKS034032,M,CTCF_HUMAN~CD~CTCF_HUMAN.PEAKS034032.macs.M,23
250,di_52,False,0.978203253408408,0.6616821721925117,0.9737303023317548,0.8340355623443515,0.977760477109634,0.5887863489184145,CTCF,di,PEAKS034036,M,CTCF_HUMAN~CD~CTCF_HUMAN.PEAKS034036.macs.M,23
251,di_53,False,0.9693028844372344,0.5952518982500579,0.9604180972938234,0.7621198915984354,0.9727249323640664,0.5450348021839906,CTCF,di,PEAKS034038,M,CTCF_HUMAN~CD~CTCF_HUMAN.PEAKS034038.macs.M,23
252,di_54,False,0.9750360502686508,0.6268606429137941,0.9675897341324728,0.8012096029949299,0.9764175660403792,0.5702711586931307,CTCF,di,PEAKS034456,M,CTCF_HUMAN~CD~CTCF_HUMAN.PEAKS034456.macs.M,21
253,di_55,False,0.9776116909408878,0.6593107105396099,0.9738101415259092,0.8345700773085047,0.9767273487336748,0.591689049917792,CTCF,di,PEAKS034459,M,CTCF_HUMAN~CD~CTCF_HUMAN.PEAKS034459.macs.M,23
254,di_56,False,0.972784212417134,0.6125043284682146,0.9636283198513488,0.7810673131387557,0.9753819868931056,0.5550794956402529,CTCF,di,PEAKS034461,M,CTCF_HUMAN~CD~CTCF_HUMAN.PEAKS034461.macs.M,21
255,di_57,False,0.976582477371425,0.6550915482279828,0.972911078977884,0.8319712908235488,0.9757577259071312,0.5868446728781731,CTCF,di,PEAKS034463,M,CTCF_HUMAN~CD~CTCF_HUMAN.PEAKS034463.macs.M,23
256,di_58,False,0.9485267396776192,0.4974993616962877,0.9288832795451052,0.6525688447354779,0.961874594573559,0.4685730013167463,CTCF,di,PEAKS034527,M,CTCF_HUMAN~CD~CTCF_HUMAN.PEAKS034527.macs.M,22
257,di_59,False,0.9752884414639548,0.6453183580068638,0.9719427078530812,0.8327931924393386,0.9755904422409364,0.5819579191342711,CTCF,di,PEAKS034550,M,CTCF_HUMAN~CD~CTCF_HUMAN.PEAKS034550.macs.M,21
258,di_60,False,0.971110801840111,0.6207675552945797,0.9646530624362576,0.793959656467264,0.974472378543298,0.5663425723942299,CTCF,di,PEAKS034557,M,CTCF_HUMAN~CD~CTCF_HUMAN.PEAKS034557.macs.M,23
259,di_61,False,0.9751932518719696,0.6461260234509745,0.9703490248264108,0.8184779276527728,0.9747835206488068,0.58169735204532,CTCF,di,PEAKS034639,M,CTCF_HUMAN~CD~CTCF_HUMAN.PEAKS034639.macs.M,23
260,di_62,False,0.9758562725099528,0.6437334075388027,0.9705106535618984,0.8204458131511774,0.9757566661477872,0.5857572253008324,CTCF,di,PEAKS034640,M,CTCF_HUMAN~CD~CTCF_HUMAN.PEAKS034640.macs.M,23
261,di_63,False,0.9750393667162244,0.6380093532826666,0.9698736996521228,0.8112794207616661,0.976119943961022,0.5775906954964619,CTCF,di,PEAKS034641,M,CTCF_HUMAN~CD~CTCF_HUMAN.PEAKS034641.macs.M,23
262,di_64,False,0.9739700127885906,0.6341751398880039,0.9677096539391146,0.7936337027691198,0.9749721154714278,0.5724706344959768,CTCF,di,PEAKS034660,M,CTCF_HUMAN~CD~CTCF_HUMAN.PEAKS034660.macs.M,23
263,di_65,False,0.9767674426433972,0.662996632559831,0.9731462271400032,0.8377776079047926,0.975741176507215,0.587344690370964,CTCF,di,PEAKS034797,M,CTCF_HUMAN~CD~CTCF_HUMAN.PEAKS034797.macs.M,23
264,di_66,False,0.9766424513423502,0.6567786586564732,0.97230221439848,0.8246933301534581,0.9754599522112049,0.579878553334499,CTCF,di,PEAKS034798,M,CTCF_HUMAN~CD~CTCF_HUMAN.PEAKS034798.macs.M,23
265,di_67,False,0.9769776891061996,0.6567067348870304,0.9731910404180112,0.8329798551628838,0.9771804509581108,0.5900971502187322,CTCF,di,PEAKS034839,M,CTCF_HUMAN~CD~CTCF_HUMAN.PEAKS034839.macs.M,23
266,di_68,False,0.971843655864902,0.6117549342396528,0.9643593165402292,0.7812851048171168,0.9747729960617052,0.55743763344783,CTCF,di,PEAKS034840,M,CTCF_HUMAN~CD~CTCF_HUMAN.PEAKS034840.macs.M,23
267,di_69,False,0.9737647803118972,0.632486711749523,0.9665840479483634,0.8004832201723018,0.9755127997696176,0.5735996451813287,CTCF,di,PEAKS034870,M,CTCF_HUMAN~CD~CTCF_HUMAN.PEAKS034870.macs.M,23
268,di_70,False,0.9769519772607111,0.6515880074202806,0.973218477304162,0.829508960331371,0.9774146199467628,0.5900229865349048,CTCF,di,PEAKS034872,M,CTCF_HUMAN~CD~CTCF_HUMAN.PEAKS034872.macs.M,23
269,di_71,False,0.9656938580873148,0.6236205369883845,0.9644453050560936,0.8113663477720032,0.966394345978425,0.544813472032871,CTCF,di,PEAKS034873,M,CTCF_HUMAN~CD~CTCF_HUMAN.PEAKS034873.macs.M,23
270,di_72,False,0.9769942250249672,0.6541448733459432,0.9723798950780278,0.8306162221031598,0.976968176865242,0.5918012213048491,CTCF,di,PEAKS034938,M,CTCF_HUMAN~CD~CTCF_HUMAN.PEAKS034938.macs.M,23
271,di_73,False,0.9676970016855632,0.58912084986009,0.9577539740419408,0.7498868849304964,0.9727458479787052,0.5397097206049495,CTCF,di,PEAKS035099,M,CTCF_HUMAN~CD~CTCF_HUMAN.PEAKS035099.macs.M,23
272,di_74,False,0.9691742718863398,0.5939332241773889,0.9588530205233524,0.7566449208164049,0.9731253423825904,0.5441922227145409,CTCF,di,PEAKS035100,M,CTCF_HUMAN~CD~CTCF_HUMAN.PEAKS035100.macs.M,23
273,di_75,False,0.9728554389920964,0.6232731862306877,0.9659439743213604,0.7871465626275214,0.975311763359848,0.5670404963765568,CTCF,di,PEAKS035101,M,CTCF_HUMAN~CD~CTCF_HUMAN.PEAKS035101.macs.M,23
274,di_76,False,0.9695868745226872,0.6025254168671319,0.9612251365662154,0.7664373670119206,0.974060570663595,0.5494008088874147,CTCF,di,PEAKS035103,M,CTCF_HUMAN~CD~CTCF_HUMAN.PEAKS035103.macs.M,23
275,di_77,False,0.9765659450678068,0.6502972665667943,0.9716997701775708,0.8200965342771009,0.9767891169191014,0.5850786994542518,CTCF,di,PEAKS035146,M,CTCF_HUMAN~CD~CTCF_HUMAN.PEAKS035146.macs.M,23
276,di_78,False,0.947724977970184,0.4956746607260007,0.9278867478379926,0.6440285612363658,0.9590434085708504,0.4618201138021541,CTCF,di,PEAKS037020,M,CTCF_HUMAN~CD~CTCF_HUMAN.PEAKS037020.macs.M,23
277,di_79,False,0.9542681959501292,0.5192314152747758,0.9366730800396776,0.6689472374616007,0.9643745460064446,0.4873552734652231,CTCF,di,PEAKS037021,M,CTCF_HUMAN~CD~CTCF_HUMAN.PEAKS037021.macs.M,23
278,di_80,False,0.9750279516564164,0.6593201225418137,0.9732631613507132,0.8397348283680398,0.9747068518547346,0.5790370480261802,CTCF,di,PEAKS038081,M,CTCF_HUMAN~CD~CTCF_HUMAN.PEAKS038081.macs.M,23
279,di_81,False,0.9767854707150314,0.6643900346605278,0.973771250541375,0.8414612763624256,0.9758564974081974,0.5853660921826164,CTCF,di,PEAKS038082,M,CTCF_HUMAN~CD~CTCF_HUMAN.PEAKS038082.macs.M,23
280,di_82,False,0.9758289001812094,0.635066670154339,0.9688583064392192,0.793024516892856,0.97545816581311,0.5729455588366316,CTCF,di,PEAKS038185,M,CTCF_HUMAN~CD~CTCF_HUMAN.PEAKS038185.macs.M,23
281,di_83,False,0.976319730129106,0.643585475003171,0.96921868547159,0.8071422664289727,0.9763720438660668,0.5758666563290828,CTCF,di,PEAKS038187,M,CTCF_HUMAN~CD~CTCF_HUMAN.PEAKS038187.macs.M,23
282,di_84,False,0.9730304239666322,0.6174397335533256,0.9659549939226288,0.7890753954327799,0.9755410638066032,0.5692676472574383,CTCF,di,PEAKS038240,M,CTCF_HUMAN~CD~CTCF_HUMAN.PEAKS038240.macs.M,23
283,di_85,False,0.9641708374945208,0.5714609506637139,0.9519473112871452,0.7387587084307704,0.9709718699895704,0.5318570568113499,CTCF,di,PEAKS038294,M,CTCF_HUMAN~CD~CTCF_HUMAN.PEAKS038294.macs.M,23
284,di_86,False,0.9708266086284576,0.6028644092205679,0.961854328205988,0.7750334080319979,0.9740831582634144,0.5554378590536695,CTCF,di,PEAKS038296,M,CTCF_HUMAN~CD~CTCF_HUMAN.PEAKS038296.macs.M,23
285,di_87,False,0.9739619401602416,0.6258867866927066,0.9670143377062465,0.7873990714756983,0.9750503816877072,0.5684290663302135,CTCF,di,PEAKS038599,M,CTCF_HUMAN~CD~CTCF_HUMAN.PEAKS038599.macs.M,23
286,di_88,False,0.974711332815162,0.6318582703219778,0.9675871515989772,0.7999977645571672,0.976178193988263,0.571798844039667,CTCF,di,PEAKS038600,M,CTCF_HUMAN~CD~CTCF_HUMAN.PEAKS038600.macs.M,23
287,di_89,False,0.9740123633586544,0.6375993049556696,0.9672803351635302,0.7921043360617469,0.975405234974549,0.5754568250267925,CTCF,di,PEAKS038605,M,CTCF_HUMAN~CD~CTCF_HUMAN.PEAKS038605.macs.M,23
288,di_90,False,0.9649811747879488,0.5692369693709229,0.9528224541402964,0.7265913305398188,0.970509067573668,0.5285248463726928,CTCF,di,PEAKS038831,M,CTCF_HUMAN~CD~CTCF_HUMAN.PEAKS038831.macs.M,23
289,di_91,False,0.9764874312556768,0.6547911529950323,0.9728350398871146,0.8373902626227666,0.9761754616210832,0.5795293878412039,CTCF,di,PEAKS039212,M,CTCF_HUMAN~CD~CTCF_HUMAN.PEAKS039212.macs.M,21
290,di_92,False,0.9755768424834268,0.6533345295905953,0.9717133087444292,0.8342930037054519,0.9755149101041392,0.5771930431207,CTCF,di,PEAKS039213,M,CTCF_HUMAN~CD~CTCF_HUMAN.PEAKS039213.macs.M,21
291,di_93,False,0.972902389839623,0.6164108403256434,0.964891908713693,0.7804259171833248,0.9748578152581684,0.5604991905690048,CTCF,di,PEAKS039288,M,CTCF_HUMAN~CD~CTCF_HUMAN.PEAKS039288.macs.M,23
292,di_94,False,0.9717925362983584,0.6173833357652244,0.9662448684633332,0.7972371407241928,0.975246303451067,0.5682270060791053,CTCF,di,PEAKS039444,M,CTCF_HUMAN~CD~CTCF_HUMAN.PEAKS039444.macs.M,23
293,di_95,False,0.9710996443596892,0.5979448842885742,0.960341933861436,0.7679986688001865,0.9751990197848726,0.5476861482671268,CTCF,di,PEAKS039470,M,CTCF_HUMAN~CD~CTCF_HUMAN.PEAKS039470.macs.M,21
294,di_96,False,0.9575230312122952,0.5355038864277883,0.942779995669,0.6922741524513406,0.9670217102784826,0.5031152725704272,CTCF,di,PEAKS039471,M,CTCF_HUMAN~CD~CTCF_HUMAN.PEAKS039471.macs.M,23
295,di_97,False,0.9756596106484222,0.6355253661780859,0.9691189851488606,0.8077832034565983,0.9764328335486684,0.5682380206920152,CTCF,di,PEAKS039479,M,CTCF_HUMAN~CD~CTCF_HUMAN.PEAKS039479.macs.M,21
296,di_98,False,0.9742047358455608,0.6333729570151841,0.9667191597859648,0.7828115029115955,0.9755824378512166,0.5669055253773824,CTCF,di,PEAKS039480,M,CTCF_HUMAN~CD~CTCF_HUMAN.PEAKS039480.macs.M,23
0,mono_0,True,0.7615228723946542,0.0805255162257754,0.7265824648443271,0.0429069913120637,0.7925883611128695,0.1202456337130244,E2F4,mono,PEAKS033810,M,E2F4_HUMAN~CM~E2F4_HUMAN.PEAKS033810.macs.M,13
1,mono_1,True,0.7439115381447927,0.075903474275291,0.713822845622528,0.0417353452997314,0.7734340577231339,0.1082848025832664,E2F4,mono,PEAKS033810,S,E2F4_HUMAN~CM~E2F4_HUMAN.PEAKS033810.macs.S,14
2,mono_2,True,0.8072885956161912,0.106562228194083,0.7741114323033125,0.0558077078862936,0.8353842461041119,0.1584135438052695,E2F4,mono,PEAKS033667,M,E2F4_HUMAN~CM~E2F4_HUMAN.PEAKS033667.macs.M,10
3,mono_3,True,0.7992538262771369,0.1044503883464809,0.7686081331480379,0.0546677614542146,0.8262185017566617,0.1541074771694401,E2F4,mono,PEAKS033667,S,E2F4_HUMAN~CM~E2F4_HUMAN.PEAKS033667.macs.S,10
4,mono_4,True,0.7771101459723704,0.06798351598064,0.7492238412180838,0.0405704117282081,0.8057793690189234,0.1050309448375394,E2F4,mono,PEAKS033317,S,E2F4_HUMAN~CM~E2F4_HUMAN.PEAKS033317.macs.S,13
5,mono_5,True,0.8176400670347486,0.1394791073537566,0.7528403450827513,0.1074098357493913,0.8331353278796187,0.1846086441151642,E2F4,mono,PEAKS033317,M,E2F4_HUMAN~CM~E2F4_HUMAN.PEAKS033317.macs.M,14
6,mono_6,True,0.7973777444403974,0.1559332168468953,0.747157106435943,0.1079416010783943,0.8033864297543126,0.184039842513438,E2F4,mono,PEAKS033080,M,E2F4_HUMAN~CM~E2F4_HUMAN.PEAKS033080.macs.M,14
7,di_0,False,0.8433005819238418,0.180844763192913,0.7879895841480118,0.1311370267470643,0.857175019494933,0.2276872173483454,E2F4,di,PEAKS033080,M,E2F4_HUMAN~CD~E2F4_HUMAN.PEAKS033080.macs.M,17
8,di_1,False,0.8524113814010982,0.1511774929417799,0.7956979463084288,0.0927751476832594,0.8762945333012774,0.2080766160593389,E2F4,di,PEAKS033317,M,E2F4_HUMAN~CD~E2F4_HUMAN.PEAKS033317.macs.M,17
9,di_2,False,0.8226670042639611,0.1097838177611827,0.783278068889544,0.05328758796113,0.8539000966700583,0.155520262092944,E2F4,di,PEAKS033667,M,E2F4_HUMAN~CD~E2F4_HUMAN.PEAKS033667.macs.M,17
10,di_3,False,0.7961328109749427,0.0895818066557663,0.7612756510910174,0.0491787181518121,0.8243111537382308,0.1339131226244393,E2F4,di,PEAKS033810,M,E2F4_HUMAN~CD~E2F4_HUMAN.PEAKS033810.macs.M,14
0,mono_0,True,0.7316682757876376,0.0640486250299921,0.7191300096400681,0.0461067986052111,0.8548973993658115,0.2047434539241421,ERG,mono,PEAKS038975,M,ERG_HUMAN~CM~ERG_HUMAN.PEAKS038975.macs.M,10
1,mono_1,True,0.7319203330103378,0.0645052342509429,0.7198879578474335,0.046560264674257,0.8541729836841548,0.2021713774051526,ERG,mono,PEAKS038975,S,ERG_HUMAN~CM~ERG_HUMAN.PEAKS038975.macs.S,10
2,mono_2,True,0.7246994910945053,0.0623913497469053,0.7174210945954712,0.046517595866952,0.8565100775694041,0.2012388140349967,ERG,mono,PEAKS038974,M,ERG_HUMAN~CM~ERG_HUMAN.PEAKS038974.macs.M,11
3,mono_3,True,0.7238481606743798,0.0620397457755102,0.716776232214654,0.0461549978849876,0.8573033572592069,0.2028649980302491,ERG,mono,PEAKS038974,S,ERG_HUMAN~CM~ERG_HUMAN.PEAKS038974.macs.S,11
4,mono_4,True,0.7337835326597283,0.0655166277136382,0.7219380730865018,0.0477549618791901,0.8500983501521653,0.1873672718060502,ERG,mono,PEAKS038973,M,ERG_HUMAN~CM~ERG_HUMAN.PEAKS038973.macs.M,10
5,mono_5,True,0.7337835326597283,0.0655166277136382,0.7219380730865018,0.0477549618791901,0.8500983501521653,0.1873672718060502,ERG,mono,PEAKS038973,S,ERG_HUMAN~CM~ERG_HUMAN.PEAKS038973.macs.S,10
6,mono_6,True,0.7167698561857406,0.05959407578646,0.7026546421024095,0.0428324131275463,0.8623675889872298,0.2116970838848623,ERG,mono,PEAKS038972,M,ERG_HUMAN~CM~ERG_HUMAN.PEAKS038972.macs.M,11
7,mono_7,True,0.7245636646505993,0.0616594239548796,0.7098096449511034,0.0440242550577436,0.8599716638487453,0.2054304850682328,ERG,mono,PEAKS038972,S,ERG_HUMAN~CM~ERG_HUMAN.PEAKS038972.macs.S,10
8,mono_8,True,0.7141718149947427,0.060968319673896,0.7160944146401593,0.0492209879573614,0.7142690382895078,0.0567604328791207,ERG,mono,PEAKS037348,M,ERG_HUMAN~CM~ERG_HUMAN.PEAKS037348.macs.M,12
9,mono_9,True,0.7141666498765182,0.0610015813179976,0.7159123188252897,0.0493387787777278,0.7098460362420169,0.0560456389885855,ERG,mono,PEAKS037348,S,ERG_HUMAN~CM~ERG_HUMAN.PEAKS037348.macs.S,12
10,mono_10,True,0.6812193798453245,0.0507160327458885,0.6744507998708039,0.0376319675898614,0.8264412818079536,0.1214544113548242,ERG,mono,PEAKS037347,M,ERG_HUMAN~CM~ERG_HUMAN.PEAKS037347.macs.M,13
11,mono_11,True,0.6844367885272213,0.0512910076968935,0.6764231470459329,0.0381357355513856,0.8270807011995274,0.1217061740757348,ERG,mono,PEAKS037347,S,ERG_HUMAN~CM~ERG_HUMAN.PEAKS037347.macs.S,13
12,mono_12,True,0.7186645213542574,0.0765809660268887,0.7280367029420688,0.0604163839439047,0.5767872247188204,0.0400401946739978,ERG,mono,PEAKS035089,M,ERG_HUMAN~CM~ERG_HUMAN.PEAKS035089.macs.M,11
13,mono_13,True,0.717764337849649,0.0744508978041207,0.7225592938172927,0.0576132844876267,0.5889833359814824,0.0419653685552606,ERG,mono,PEAKS035089,S,ERG_HUMAN~CM~ERG_HUMAN.PEAKS035089.macs.S,11
14,mono_14,True,0.7033631202280837,0.0685866004635662,0.7218867259442088,0.0581244479130496,0.5723236603316568,0.0371677554085878,ERG,mono,PEAKS035088,M,ERG_HUMAN~CM~ERG_HUMAN.PEAKS035088.macs.M,14
15,mono_15,True,0.7184675362089312,0.075687218684088,0.7300723191849694,0.0613940948694984,0.5959931856090912,0.041855449390209,ERG,mono,PEAKS035088,S,ERG_HUMAN~CM~ERG_HUMAN.PEAKS035088.macs.S,12
16,mono_16,True,0.6679111192797136,0.0609395656808051,0.6753965451663475,0.0465955330952565,0.5171577002343302,0.0326373607056181,ERG,mono,PEAKS035087,S,ERG_HUMAN~CM~ERG_HUMAN.PEAKS035087.macs.S,9
17,mono_17,True,0.5731729628161468,0.0353044108799637,0.5598315092152994,0.0260988930627077,0.7830887608227708,0.0970333967836085,ERG,mono,PEAKS034927,M,ERG_HUMAN~CM~ERG_HUMAN.PEAKS034927.macs.M,18
18,mono_18,True,0.5883797990929884,0.0371222156094924,0.5812967873626227,0.0267929710324312,0.7874376887900176,0.0951972146719041,ERG,mono,PEAKS034927,S,ERG_HUMAN~CM~ERG_HUMAN.PEAKS034927.macs.S,17
19,mono_19,True,0.716440602546105,0.0633967293690264,0.7134883063117956,0.0455040944563421,0.6551361474394812,0.045839904596579,ERG,mono,PEAKS034896,M,ERG_HUMAN~CM~ERG_HUMAN.PEAKS034896.macs.M,11
20,mono_20,True,0.7176064550077126,0.0639498720939538,0.7151703722445395,0.0458549012707734,0.6557416870991883,0.0457553310560143,ERG,mono,PEAKS034896,S,ERG_HUMAN~CM~ERG_HUMAN.PEAKS034896.macs.S,11
21,mono_21,True,0.7541777692499443,0.0887005434277074,0.7512022887178883,0.0722894055409191,0.784785628588244,0.0838203711279574,ERG,mono,PEAKS034771,M,ERG_HUMAN~CM~ERG_HUMAN.PEAKS034771.macs.M,13
22,mono_22,True,0.7544202662402125,0.0861196945846147,0.7588901941025062,0.0725574719253216,0.7811813221626436,0.0771945055896561,ERG,mono,PEAKS034771,S,ERG_HUMAN~CM~ERG_HUMAN.PEAKS034771.macs.S,11
23,mono_23,True,0.6087259186319731,0.0398014461708958,0.5892182031047135,0.0269803250100053,0.8216429457557314,0.1391377734111141,ERG,mono,PEAKS034653,M,ERG_HUMAN~CM~ERG_HUMAN.PEAKS034653.macs.M,12
24,mono_24,True,0.634145841025564,0.0421625554512972,0.615220683800888,0.0292634055388281,0.8227663415928179,0.1427220511288411,ERG,mono,PEAKS034653,S,ERG_HUMAN~CM~ERG_HUMAN.PEAKS034653.macs.S,11
25,mono_25,True,0.6664762663832802,0.0480314215230277,0.6644777345414038,0.0354619859558788,0.6225223375765072,0.0372630116741938,ERG,mono,PEAKS034651,S,ERG_HUMAN~CM~ERG_HUMAN.PEAKS034651.macs.S,7
26,mono_26,True,0.6731421778837354,0.0501920171671991,0.6631658390423973,0.0388778572267324,0.8055903690217503,0.1057899915599977,ERG,mono,PEAKS034647,M,ERG_HUMAN~CM~ERG_HUMAN.PEAKS034647.macs.M,13
27,mono_27,True,0.7001051000817797,0.0545456735012924,0.6899577438908576,0.0406114415204932,0.8214899195711036,0.1150081616667212,ERG,mono,PEAKS034647,S,ERG_HUMAN~CM~ERG_HUMAN.PEAKS034647.macs.S,11
28,mono_28,True,0.6770559443060624,0.0508885702066967,0.6703717529137292,0.0376379147393187,0.727778759233699,0.0583473450229502,ERG,mono,PEAKS034645,M,ERG_HUMAN~CM~ERG_HUMAN.PEAKS034645.macs.M,13
29,mono_29,True,0.689227948365686,0.0529534977030477,0.681429883944833,0.0394048268369281,0.7345370460185392,0.0600607549908551,ERG,mono,PEAKS034645,S,ERG_HUMAN~CM~ERG_HUMAN.PEAKS034645.macs.S,13
30,mono_30,True,0.7196290454886511,0.0619029499451879,0.7122644475122422,0.0499289489239731,0.836647437640044,0.1390591398128056,ERG,mono,PEAKS033382,M,ERG_HUMAN~CM~ERG_HUMAN.PEAKS033382.macs.M,14
31,mono_31,True,0.7451361513137549,0.0721392139478954,0.7353829244358707,0.0519149192344612,0.8315289811110548,0.1235058239978644,ERG,mono,PEAKS033382,S,ERG_HUMAN~CM~ERG_HUMAN.PEAKS033382.macs.S,10
32,mono_32,True,0.6375955238401365,0.0451406485333037,0.643505398475432,0.0343584834325403,0.6404028309076224,0.0432091408648308,ERG,mono,PEAKS033227,S,ERG_HUMAN~CM~ERG_HUMAN.PEAKS033227.macs.S,13
33,mono_33,True,0.7253112464006608,0.0668127867439377,0.7231000980484209,0.0520049881955182,0.8304673176678758,0.1313701844684718,ERG,mono,PEAKS033165,M,ERG_HUMAN~CM~ERG_HUMAN.PEAKS033165.macs.M,14
34,mono_34,True,0.7483035109059433,0.0739018999565613,0.736771121050886,0.0539623109281643,0.8371271402517759,0.15810023694082,ERG,mono,PEAKS033165,S,ERG_HUMAN~CM~ERG_HUMAN.PEAKS033165.macs.S,10
35,mono_35,True,0.7229594971639486,0.0634530230417477,0.7140594525767412,0.0481587375680813,0.8414236890798212,0.1523041332381772,ERG,mono,PEAKS033105,M,ERG_HUMAN~CM~ERG_HUMAN.PEAKS033105.macs.M,12
36,mono_36,True,0.7224708546451077,0.062500066983191,0.7135411560845364,0.0485075856371314,0.8426478603313905,0.1511622357755049,ERG,mono,PEAKS033105,S,ERG_HUMAN~CM~ERG_HUMAN.PEAKS033105.macs.S,12
37,di_0,False,0.7346704367187895,0.0653954504290589,0.7272993395824205,0.0502881861375666,0.8453846309881485,0.1625381503271261,ERG,di,PEAKS033105,M,ERG_HUMAN~CD~ERG_HUMAN.PEAKS033105.macs.M,12
38,di_1,False,0.7374348870233863,0.0676485429499793,0.731603241904178,0.0518608535290451,0.8482796669986183,0.1687701417881723,ERG,di,PEAKS033165,M,ERG_HUMAN~CD~ERG_HUMAN.PEAKS033165.macs.M,14
39,di_2,False,0.7471468496839704,0.0712532556368996,0.7337921105938546,0.0536953439913581,0.845511190326014,0.1568131090399162,ERG,di,PEAKS033382,M,ERG_HUMAN~CD~ERG_HUMAN.PEAKS033382.macs.M,12
40,di_3,False,0.6985171272790088,0.0546783389028303,0.6882020133836557,0.0428931148291198,0.7549812702301146,0.0650652089372227,ERG,di,PEAKS034645,M,ERG_HUMAN~CD~ERG_HUMAN.PEAKS034645.macs.M,15
41,di_4,False,0.6811056359608432,0.0520890522299976,0.6726157669514219,0.0388301997338732,0.8293764876340485,0.1448098542409741,ERG,di,PEAKS034647,M,ERG_HUMAN~CD~ERG_HUMAN.PEAKS034647.macs.M,15
42,di_5,False,0.62708898068024,0.0411188977126056,0.6193966960161714,0.0288214532396094,0.8281056071618623,0.1537481606061,ERG,di,PEAKS034653,M,ERG_HUMAN~CD~ERG_HUMAN.PEAKS034653.macs.M,15
43,di_6,False,0.7595148662317158,0.0957822179803226,0.7554783031700688,0.0785688909201183,0.7774181792836633,0.0791492165725823,ERG,di,PEAKS034771,M,ERG_HUMAN~CD~ERG_HUMAN.PEAKS034771.macs.M,16
44,di_7,False,0.7277569618983895,0.0665733460203887,0.7192523015560615,0.0492929589328708,0.699439800975611,0.0505210629178723,ERG,di,PEAKS034896,M,ERG_HUMAN~CD~ERG_HUMAN.PEAKS034896.macs.M,13
45,di_8,False,0.6522451856787375,0.0455587152571852,0.648272440047206,0.033640139503164,0.8099589266145564,0.1056942436317694,ERG,di,PEAKS034927,M,ERG_HUMAN~CD~ERG_HUMAN.PEAKS034927.macs.M,15
46,di_9,False,0.7306056800056977,0.0801315215965687,0.7395386451930229,0.0660992732712539,0.602395318437798,0.04275546210949,ERG,di,PEAKS035088,M,ERG_HUMAN~CD~ERG_HUMAN.PEAKS035088.macs.M,13
47,di_10,False,0.7407290977489643,0.0797581429890514,0.7435390597762965,0.0645554628854392,0.6464972693842115,0.0464916308507675,ERG,di,PEAKS035089,M,ERG_HUMAN~CD~ERG_HUMAN.PEAKS035089.macs.M,12
48,di_11,False,0.7014734229911642,0.0554285149568699,0.6960518341372881,0.0422370173344725,0.8312549565360803,0.1288488467177845,ERG,di,PEAKS037347,M,ERG_HUMAN~CD~ERG_HUMAN.PEAKS037347.macs.M,14
49,di_12,False,0.7202630266561959,0.0629562506392609,0.7177993768547921,0.051658453724142,0.7254270814825963,0.0586397468314382,ERG,di,PEAKS037348,M,ERG_HUMAN~CD~ERG_HUMAN.PEAKS037348.macs.M,14
50,di_13,False,0.7316209775489944,0.0626686603359798,0.7194854233705691,0.0456847762973968,0.8657841599469678,0.2210992587962233,ERG,di,PEAKS038972,M,ERG_HUMAN~CD~ERG_HUMAN.PEAKS038972.macs.M,12
51,di_14,False,0.7349050638150592,0.0647144397542151,0.7256602671182137,0.0480423166470513,0.8548476651996989,0.1963263868670587,ERG,di,PEAKS038973,M,ERG_HUMAN~CD~ERG_HUMAN.PEAKS038973.macs.M,12
52,di_15,False,0.7234176796202272,0.0618277236121229,0.7208918616813369,0.0469196740219584,0.8601836610662472,0.2088912382671934,ERG,di,PEAKS038974,M,ERG_HUMAN~CD~ERG_HUMAN.PEAKS038974.macs.M,13
53,di_16,False,0.7283779810713332,0.06284517024151,0.7185784966890469,0.0473741031903203,0.8610207653813398,0.2119020962352049,ERG,di,PEAKS038975,M,ERG_HUMAN~CD~ERG_HUMAN.PEAKS038975.macs.M,13
0,mono_0,True,0.8768845430051162,0.5120076672218528,0.8375765891491502,0.5705279093838755,0.8553155897687188,0.4195689439510158,ESR1,mono,PEAKS039513,M,ESR1_HUMAN~CM~ESR1_HUMAN.PEAKS039513.macs.M,18
1,mono_1,True,0.8739193352658726,0.5259829524043894,0.8330134082557469,0.5677119527383748,0.8541167447332106,0.4467488226286911,ESR1,mono,PEAKS039512,M,ESR1_HUMAN~CM~ESR1_HUMAN.PEAKS039512.macs.M,15
2,mono_2,True,0.8728184947160949,0.5012482213891833,0.8341606082813042,0.540854799234576,0.852723926735149,0.4161622460457187,ESR1,mono,PEAKS039511,M,ESR1_HUMAN~CM~ESR1_HUMAN.PEAKS039511.macs.M,15
3,mono_3,True,0.8662111310597165,0.4882758007650081,0.8215855923787312,0.5166817944322964,0.8428499239751965,0.3838819343485255,ESR1,mono,PEAKS039122,M,ESR1_HUMAN~CM~ESR1_HUMAN.PEAKS039122.macs.M,15
4,mono_4,True,0.8463809302398726,0.4071446701932674,0.8079517638609728,0.4672240494349329,0.820120164588295,0.3187628695023747,ESR1,mono,PEAKS039119,M,ESR1_HUMAN~CM~ESR1_HUMAN.PEAKS039119.macs.M,18
5,mono_5,True,0.8725980216807849,0.5204901805800339,0.8296496917345537,0.550468106735751,0.8510006485528265,0.4228609752974192,ESR1,mono,PEAKS039117,M,ESR1_HUMAN~CM~ESR1_HUMAN.PEAKS039117.macs.M,15
6,mono_6,True,0.8771339844732868,0.5215603054631676,0.8365727414573592,0.5675194855695391,0.8552559468691113,0.425056890380709,ESR1,mono,PEAKS039115,M,ESR1_HUMAN~CM~ESR1_HUMAN.PEAKS039115.macs.M,17
7,mono_7,True,0.8591741274742094,0.4338072098518594,0.8150383881180561,0.4952475368116982,0.8353225199159764,0.3251164371069945,ESR1,mono,PEAKS039089,M,ESR1_HUMAN~CM~ESR1_HUMAN.PEAKS039089.macs.M,18
8,mono_8,True,0.8730815501027425,0.5211091775905496,0.840018709504471,0.5759156565166771,0.8508080697986965,0.4432337974808749,ESR1,mono,PEAKS038949,M,ESR1_HUMAN~CM~ESR1_HUMAN.PEAKS038949.macs.M,15
9,mono_9,True,0.8697994687264111,0.514978600014557,0.8410789936541815,0.5819942206204496,0.8528663029966744,0.4466989367971029,ESR1,mono,PEAKS038948,M,ESR1_HUMAN~CM~ESR1_HUMAN.PEAKS038948.macs.M,15
10,mono_10,True,0.8862590822360144,0.5376210162550764,0.8459408235157784,0.5754675363637141,0.8688562149376129,0.437800802091034,ESR1,mono,PEAKS038947,M,ESR1_HUMAN~CM~ESR1_HUMAN.PEAKS038947.macs.M,18
11,mono_11,True,0.8487535839344126,0.3377032509169495,0.8251584274277588,0.4299680543131339,0.8426037284581377,0.2315121070691057,ESR1,mono,PEAKS038947,S,ESR1_HUMAN~CM~ESR1_HUMAN.PEAKS038947.macs.S,13
12,mono_12,True,0.8673981503711314,0.512748921926338,0.8399602595313524,0.576898257072107,0.8516153427781841,0.4385865259491157,ESR1,mono,PEAKS038946,M,ESR1_HUMAN~CM~ESR1_HUMAN.PEAKS038946.macs.M,15
13,mono_13,True,0.8731632579887612,0.5184838969713343,0.8378046801094413,0.5707106666055202,0.8512532908651333,0.4310075380783374,ESR1,mono,PEAKS038662,M,ESR1_HUMAN~CM~ESR1_HUMAN.PEAKS038662.macs.M,15
14,mono_14,True,0.8749186981045041,0.5197940360802464,0.8370569913445727,0.5611636237501653,0.8541735610234164,0.43289373600052,ESR1,mono,PEAKS038661,M,ESR1_HUMAN~CM~ESR1_HUMAN.PEAKS038661.macs.M,15
15,mono_15,True,0.8721761679107608,0.5199065520098111,0.8356577630516827,0.5668475622007918,0.8526517873034976,0.4407556390841329,ESR1,mono,PEAKS038660,M,ESR1_HUMAN~CM~ESR1_HUMAN.PEAKS038660.macs.M,15
16,mono_16,True,0.8934173068858509,0.5493751635667818,0.8537285780143843,0.5841917697210142,0.8731315681286729,0.4420535331856496,ESR1,mono,PEAKS038659,M,ESR1_HUMAN~CM~ESR1_HUMAN.PEAKS038659.macs.M,17
17,mono_17,True,0.8802912993793508,0.5243321334715962,0.8356930612270344,0.5644172265307922,0.8585128798988257,0.4304308352186066,ESR1,mono,PEAKS038547,M,ESR1_HUMAN~CM~ESR1_HUMAN.PEAKS038547.macs.M,17
18,mono_18,True,0.8706551719890128,0.510617823550826,0.8405519759994625,0.5764609295437203,0.8538309464187274,0.4239766483470779,ESR1,mono,PEAKS038446,M,ESR1_HUMAN~CM~ESR1_HUMAN.PEAKS038446.macs.M,17
19,mono_19,True,0.8404727092594146,0.4116133848473066,0.8316976180430228,0.5276197890880228,0.8224421067517953,0.3309095569860733,ESR1,mono,PEAKS038445,M,ESR1_HUMAN~CM~ESR1_HUMAN.PEAKS038445.macs.M,18
20,mono_20,True,0.8765191355468422,0.5059438300864223,0.8428219247427441,0.5591815072992659,0.8571316416313265,0.4183264315244424,ESR1,mono,PEAKS038439,M,ESR1_HUMAN~CM~ESR1_HUMAN.PEAKS038439.macs.M,17
21,mono_21,True,0.8616803546716432,0.4663441638726059,0.8411969350737972,0.5493161660630402,0.8403813618528433,0.3668597368259809,ESR1,mono,PEAKS038438,M,ESR1_HUMAN~CM~ESR1_HUMAN.PEAKS038438.macs.M,18
22,mono_22,True,0.8729376150612262,0.5142194079914658,0.8366798204650778,0.5573798230471403,0.8533274618885137,0.4361969606973245,ESR1,mono,PEAKS038432,M,ESR1_HUMAN~CM~ESR1_HUMAN.PEAKS038432.macs.M,15
23,mono_23,True,0.8726781305040677,0.5161426328061149,0.8466221129122161,0.5791417547511285,0.8542680294082675,0.4215395645349246,ESR1,mono,PEAKS038431,M,ESR1_HUMAN~CM~ESR1_HUMAN.PEAKS038431.macs.M,18
24,mono_24,True,0.8786865304977775,0.5121361232703748,0.8383536122293755,0.5670925745359141,0.8566031099909562,0.3963550332292224,ESR1,mono,PEAKS038355,M,ESR1_HUMAN~CM~ESR1_HUMAN.PEAKS038355.macs.M,17
25,mono_25,True,0.8731111176926949,0.5050774912267725,0.8314182347778992,0.5354759738412288,0.8522924814712061,0.415205324938755,ESR1,mono,PEAKS038354,M,ESR1_HUMAN~CM~ESR1_HUMAN.PEAKS038354.macs.M,15
26,mono_26,True,0.8118650900570327,0.299288365457401,0.7915207088359424,0.3868644961216604,0.7888415646697244,0.2077147027978828,ESR1,mono,PEAKS038063,M,ESR1_HUMAN~CM~ESR1_HUMAN.PEAKS038063.macs.M,18
27,mono_27,True,0.8614996595340937,0.4762543128308101,0.8291163143563267,0.5436293839353613,0.8363245167380675,0.3692078382791897,ESR1,mono,PEAKS038061,M,ESR1_HUMAN~CM~ESR1_HUMAN.PEAKS038061.macs.M,18
28,mono_28,True,0.8739682779606643,0.5205307482498828,0.8334155268269045,0.5628393696630777,0.851575553521822,0.43204734137903,ESR1,mono,PEAKS038044,M,ESR1_HUMAN~CM~ESR1_HUMAN.PEAKS038044.macs.M,15
29,mono_29,True,0.8762304466682045,0.5295406035685735,0.834877847680711,0.5710016287618117,0.8548311631434635,0.4450618659166145,ESR1,mono,PEAKS038042,M,ESR1_HUMAN~CM~ESR1_HUMAN.PEAKS038042.macs.M,15
30,mono_30,True,0.8364608886186363,0.3808018915927725,0.8003756357166458,0.4591727733068472,0.8113659574621408,0.283860473808924,ESR1,mono,PEAKS038029,M,ESR1_HUMAN~CM~ESR1_HUMAN.PEAKS038029.macs.M,18
31,mono_31,True,0.873586902153401,0.5177009759785943,0.8385507957831766,0.5685496705152936,0.8555904450153311,0.4431483307375679,ESR1,mono,PEAKS038027,M,ESR1_HUMAN~CM~ESR1_HUMAN.PEAKS038027.macs.M,16
32,mono_32,True,0.8278399765683971,0.3714345757641508,0.8094951963195869,0.4735726372360472,0.8055272743486547,0.2918553530458137,ESR1,mono,PEAKS038026,M,ESR1_HUMAN~CM~ESR1_HUMAN.PEAKS038026.macs.M,17
33,mono_33,True,0.8828785713536862,0.528348476293849,0.8476828478489116,0.5888062430943277,0.8647611909591736,0.4398035016309666,ESR1,mono,PEAKS038025,M,ESR1_HUMAN~CM~ESR1_HUMAN.PEAKS038025.macs.M,17
34,mono_34,True,0.8707408663926864,0.5082309338177563,0.8318442512770055,0.5436811370067695,0.854273369520179,0.4225664205012474,ESR1,mono,PEAKS037510,M,ESR1_HUMAN~CM~ESR1_HUMAN.PEAKS037510.macs.M,15
35,mono_35,True,0.8490418455925521,0.4379926500124302,0.8187694846326914,0.5043944677622114,0.8297544447487039,0.3403470109024382,ESR1,mono,PEAKS037509,M,ESR1_HUMAN~CM~ESR1_HUMAN.PEAKS037509.macs.M,18
36,mono_36,True,0.8783267914430094,0.5169890144575743,0.8407394868044898,0.5638719485915279,0.8577847251397092,0.4221929932628781,ESR1,mono,PEAKS037508,M,ESR1_HUMAN~CM~ESR1_HUMAN.PEAKS037508.macs.M,17
37,mono_37,True,0.874706963956219,0.5258631465662653,0.8322989202113856,0.5662184090339487,0.8532783947236624,0.4370476438075106,ESR1,mono,PEAKS037507,M,ESR1_HUMAN~CM~ESR1_HUMAN.PEAKS037507.macs.M,15
38,mono_38,True,0.8738919787385725,0.5200733410017441,0.8340605833126795,0.5644382090102296,0.8519128078374005,0.4314835390939542,ESR1,mono,PEAKS037402,M,ESR1_HUMAN~CM~ESR1_HUMAN.PEAKS037402.macs.M,16
39,mono_39,True,0.8736105607334563,0.5242746208391904,0.8349259077910476,0.5690086901377086,0.8533480932546903,0.4425862420443309,ESR1,mono,PEAKS037392,M,ESR1_HUMAN~CM~ESR1_HUMAN.PEAKS037392.macs.M,15
40,mono_40,True,0.8111005511930722,0.3577314553759018,0.8037402849005661,0.4671358422932151,0.7956752330286336,0.2571345346581115,ESR1,mono,PEAKS037391,M,ESR1_HUMAN~CM~ESR1_HUMAN.PEAKS037391.macs.M,18
41,mono_41,True,0.8888829953136794,0.5422728504973686,0.8519969197093187,0.5864799810954912,0.8700099709592457,0.4390843773227413,ESR1,mono,PEAKS037390,M,ESR1_HUMAN~CM~ESR1_HUMAN.PEAKS037390.macs.M,17
42,mono_42,True,0.8144836772938857,0.3764691721678848,0.8075420886491405,0.4855296416255883,0.8039081481654963,0.3101473732745843,ESR1,mono,PEAKS037389,M,ESR1_HUMAN~CM~ESR1_HUMAN.PEAKS037389.macs.M,18
43,mono_43,True,0.8710037985930554,0.5167720037336656,0.8264958450528365,0.5552237837216573,0.8518660896948559,0.4371222712988896,ESR1,mono,PEAKS037361,M,ESR1_HUMAN~CM~ESR1_HUMAN.PEAKS037361.macs.M,15
44,mono_44,True,0.8758072499056446,0.531005176327174,0.837686912786868,0.5753042778265612,0.8560770857278744,0.4510950106086433,ESR1,mono,PEAKS037360,M,ESR1_HUMAN~CM~ESR1_HUMAN.PEAKS037360.macs.M,15
45,mono_45,True,0.871949988729766,0.5083947472622613,0.8402481528257165,0.5778796987763011,0.852888856601367,0.4301177538444742,ESR1,mono,PEAKS037336,M,ESR1_HUMAN~CM~ESR1_HUMAN.PEAKS037336.macs.M,18
46,mono_46,True,0.8758203875912102,0.5300589694217404,0.837773442125829,0.5774650801165973,0.8557300436692237,0.4481366677862409,ESR1,mono,PEAKS037335,M,ESR1_HUMAN~CM~ESR1_HUMAN.PEAKS037335.macs.M,15
47,mono_47,True,0.8711861310597167,0.5192364062200294,0.8280569794500142,0.5519003353202032,0.8512106843673548,0.4335342016882133,ESR1,mono,PEAKS037334,M,ESR1_HUMAN~CM~ESR1_HUMAN.PEAKS037334.macs.M,15
48,mono_48,True,0.8811958040656716,0.5208843531103736,0.8378131269248746,0.5608440950989545,0.8637671416115096,0.4210207818361855,ESR1,mono,PEAKS037333,M,ESR1_HUMAN~CM~ESR1_HUMAN.PEAKS037333.macs.M,18
49,mono_49,True,0.8867901576784366,0.5381676282914287,0.847990833807297,0.5972970358031208,0.8683398184412393,0.4409587062323131,ESR1,mono,PEAKS037332,M,ESR1_HUMAN~CM~ESR1_HUMAN.PEAKS037332.macs.M,17
50,mono_50,True,0.8732966826197266,0.5269319491034159,0.8377112200501247,0.5726409834829548,0.8541672709617678,0.4476182255795099,ESR1,mono,PEAKS037331,M,ESR1_HUMAN~CM~ESR1_HUMAN.PEAKS037331.macs.M,15
51,mono_51,True,0.8694782806864884,0.4787663217362945,0.8319474213916049,0.5143405993173712,0.8477286993633373,0.3861720330444892,ESR1,mono,PEAKS037329,M,ESR1_HUMAN~CM~ESR1_HUMAN.PEAKS037329.macs.M,16
52,mono_52,True,0.8757978138367021,0.5279410700998245,0.8324054810731447,0.5674586941286667,0.8523015475191054,0.4442105380816623,ESR1,mono,PEAKS037314,M,ESR1_HUMAN~CM~ESR1_HUMAN.PEAKS037314.macs.M,15
53,mono_53,True,0.7947188695169002,0.2761491615038806,0.7527876900308856,0.3595702742135223,0.7732885598884489,0.1864429391087429,ESR1,mono,PEAKS036912,M,ESR1_HUMAN~CM~ESR1_HUMAN.PEAKS036912.macs.M,18
54,mono_54,True,0.8056788402667114,0.2789339634101168,0.7646434043131327,0.3668929500192431,0.7794379425021889,0.1852977668857507,ESR1,mono,PEAKS036912,S,ESR1_HUMAN~CM~ESR1_HUMAN.PEAKS036912.macs.S,18
55,mono_55,True,0.8747769618070117,0.522534640395902,0.8359607250668439,0.5661829840699936,0.8555910184441218,0.4425284486009372,ESR1,mono,PEAKS035118,M,ESR1_HUMAN~CM~ESR1_HUMAN.PEAKS035118.macs.M,15
56,mono_56,True,0.8789962821332717,0.5319255519246678,0.8411018490724593,0.5807385036646534,0.859725056478142,0.4473806792648734,ESR1,mono,PEAKS035117,M,ESR1_HUMAN~CM~ESR1_HUMAN.PEAKS035117.macs.M,16
57,mono_57,True,0.8402481422460789,0.4135598094270153,0.8114792404126971,0.4782057897289724,0.8115784332765249,0.3097106428052728,ESR1,mono,PEAKS034990,M,ESR1_HUMAN~CM~ESR1_HUMAN.PEAKS034990.macs.M,18
58,mono_58,True,0.7883338696741592,0.2472480077947165,0.7571050842431857,0.2872827606893919,0.7820964947521267,0.1779359068203946,ESR1,mono,PEAKS034990,S,ESR1_HUMAN~CM~ESR1_HUMAN.PEAKS034990.macs.S,12
59,mono_59,True,0.8634141580348905,0.4856548115533112,0.8217887004134343,0.523542267441626,0.8369060205519183,0.375514927579911,ESR1,mono,PEAKS034989,M,ESR1_HUMAN~CM~ESR1_HUMAN.PEAKS034989.macs.M,15
60,mono_60,True,0.8769169758554896,0.5256236890384139,0.8459370223970186,0.5819586393186722,0.8616855295253674,0.4353576135811698,ESR1,mono,PEAKS034975,M,ESR1_HUMAN~CM~ESR1_HUMAN.PEAKS034975.macs.M,18
61,mono_61,True,0.8725435646963852,0.5155117323746309,0.838988723421602,0.566771251729891,0.8521892473544449,0.4317195825704946,ESR1,mono,PEAKS034974,M,ESR1_HUMAN~CM~ESR1_HUMAN.PEAKS034974.macs.M,15
62,mono_62,True,0.8637218039713159,0.4650894925170818,0.8202896409385083,0.4887350516441836,0.846280555845803,0.3689210393421534,ESR1,mono,PEAKS034968,M,ESR1_HUMAN~CM~ESR1_HUMAN.PEAKS034968.macs.M,15
63,mono_63,True,0.8754093362094271,0.5312060320684922,0.8330332501371237,0.5713149095471421,0.8539223612006874,0.4506135337777878,ESR1,mono,PEAKS034911,M,ESR1_HUMAN~CM~ESR1_HUMAN.PEAKS034911.macs.M,15
64,mono_64,True,0.8743194765369454,0.5248086700088305,0.8348481807156481,0.5681841786647268,0.8555048985555287,0.4425368317828332,ESR1,mono,PEAKS034658,M,ESR1_HUMAN~CM~ESR1_HUMAN.PEAKS034658.macs.M,15
65,mono_65,True,0.875285435974587,0.5298737405046954,0.8396106042748961,0.5838446352359977,0.8591640537794416,0.4584080820042297,ESR1,mono,PEAKS034592,M,ESR1_HUMAN~CM~ESR1_HUMAN.PEAKS034592.macs.M,15
66,mono_66,True,0.8327138146859011,0.3800395426243839,0.8054679679898297,0.4618397698388553,0.816646599421347,0.3061762115881735,ESR1,mono,PEAKS034566,M,ESR1_HUMAN~CM~ESR1_HUMAN.PEAKS034566.macs.M,18
67,mono_67,True,0.8732657437306046,0.509805415266605,0.834582988432066,0.5472435006446892,0.8518446065626339,0.41733079794131,ESR1,mono,PEAKS034520,M,ESR1_HUMAN~CM~ESR1_HUMAN.PEAKS034520.macs.M,15
68,mono_68,True,0.8759121867923341,0.5319963819588512,0.8370121789731109,0.5766787325686606,0.8553593580768247,0.4540062863097462,ESR1,mono,PEAKS034519,M,ESR1_HUMAN~CM~ESR1_HUMAN.PEAKS034519.macs.M,15
69,mono_69,True,0.850566381154072,0.4088046147467774,0.8143146708578621,0.4492902468056394,0.828318663548809,0.2913300453720008,ESR1,mono,PEAKS034518,M,ESR1_HUMAN~CM~ESR1_HUMAN.PEAKS034518.macs.M,17
70,mono_70,True,0.8548893152939696,0.4307005826850645,0.8260786619060494,0.5134301803428387,0.8291014273566788,0.3167108527566402,ESR1,mono,PEAKS034517,M,ESR1_HUMAN~CM~ESR1_HUMAN.PEAKS034517.macs.M,18
71,mono_71,True,0.8708433736266039,0.4986264214171836,0.8306958646972006,0.5381294612887558,0.8508361085389186,0.4075578418268108,ESR1,mono,PEAKS034516,M,ESR1_HUMAN~CM~ESR1_HUMAN.PEAKS034516.macs.M,16
72,mono_72,True,0.8731468846976432,0.512862306799772,0.8344063721639854,0.5585608532009898,0.8507502014116832,0.4183097196867832,ESR1,mono,PEAKS034515,M,ESR1_HUMAN~CM~ESR1_HUMAN.PEAKS034515.macs.M,15
73,mono_73,True,0.8605115441268976,0.447369026390473,0.8304066760379375,0.5330644858532899,0.8324138590334402,0.3346245833899652,ESR1,mono,PEAKS034514,M,ESR1_HUMAN~CM~ESR1_HUMAN.PEAKS034514.macs.M,18
74,mono_74,True,0.8377113470288519,0.3833475635116004,0.8087037812171878,0.4523080569295603,0.8082215912243595,0.2728088648181863,ESR1,mono,PEAKS034513,M,ESR1_HUMAN~CM~ESR1_HUMAN.PEAKS034513.macs.M,18
75,mono_75,True,0.874029009058123,0.5188053923758865,0.8372802106965517,0.5695502783450764,0.8555015781452111,0.4142969738141884,ESR1,mono,PEAKS034512,M,ESR1_HUMAN~CM~ESR1_HUMAN.PEAKS034512.macs.M,18
76,mono_76,True,0.8500481629518577,0.4117835281919879,0.827230565660628,0.5023005029222618,0.8234855491621058,0.2970949045298572,ESR1,mono,PEAKS034511,M,ESR1_HUMAN~CM~ESR1_HUMAN.PEAKS034511.macs.M,16
77,mono_77,True,0.8486885043613184,0.4255588175555878,0.8179521985025295,0.5021763797840615,0.8188131243672107,0.306092616479159,ESR1,mono,PEAKS034510,M,ESR1_HUMAN~CM~ESR1_HUMAN.PEAKS034510.macs.M,18
78,mono_78,True,0.8219995774972741,0.3590943099323708,0.803941717251236,0.4463613914082133,0.7999560010953337,0.2750627335563654,ESR1,mono,PEAKS034509,M,ESR1_HUMAN~CM~ESR1_HUMAN.PEAKS034509.macs.M,18
79,mono_79,True,0.8730222741759625,0.5203224066768396,0.8407484134230817,0.5793358996799486,0.8518163265967911,0.4420530455061638,ESR1,mono,PEAKS034009,M,ESR1_HUMAN~CM~ESR1_HUMAN.PEAKS034009.macs.M,15
80,mono_80,True,0.8731695205694876,0.4798607546331617,0.8237721662556536,0.5261840337688614,0.8482817302668796,0.3655331859000652,ESR1,mono,PEAKS033976,M,ESR1_HUMAN~CM~ESR1_HUMAN.PEAKS033976.macs.M,17
81,mono_81,True,0.8732668615805586,0.4709010163182456,0.8292253146492637,0.5091258433651437,0.8537583279587521,0.3584137725543174,ESR1,mono,PEAKS033962,M,ESR1_HUMAN~CM~ESR1_HUMAN.PEAKS033962.macs.M,17
82,mono_82,True,0.882498177105175,0.5259744273864203,0.8449464806934701,0.579970813393687,0.8588589918246313,0.420661973431056,ESR1,mono,PEAKS033950,M,ESR1_HUMAN~CM~ESR1_HUMAN.PEAKS033950.macs.M,17
83,mono_83,True,0.8756017180554391,0.5008565095929671,0.8336977018624585,0.5448473106457699,0.8555525008917603,0.3928658405916244,ESR1,mono,PEAKS033948,M,ESR1_HUMAN~CM~ESR1_HUMAN.PEAKS033948.macs.M,17
84,mono_84,True,0.8858208803363248,0.5142430293199766,0.8446399600518585,0.543363014865644,0.8724191683390923,0.412446976833583,ESR1,mono,PEAKS033939,M,ESR1_HUMAN~CM~ESR1_HUMAN.PEAKS033939.macs.M,17
85,mono_85,True,0.8779108959573934,0.5272716189179523,0.8403405962826604,0.5785263947534506,0.8565008604134163,0.4435833281910339,ESR1,mono,PEAKS033933,M,ESR1_HUMAN~CM~ESR1_HUMAN.PEAKS033933.macs.M,15
86,mono_86,True,0.8745858160173614,0.4830395598880825,0.8276640299897575,0.5156360776568774,0.8515839438137068,0.3705965288023646,ESR1,mono,PEAKS033927,M,ESR1_HUMAN~CM~ESR1_HUMAN.PEAKS033927.macs.M,17
87,mono_87,True,0.8777219305648746,0.5240364895407382,0.8482355240915498,0.5898603897203639,0.8603853650451645,0.4222341771374138,ESR1,mono,PEAKS033906,M,ESR1_HUMAN~CM~ESR1_HUMAN.PEAKS033906.macs.M,17
88,mono_88,True,0.8714549578545668,0.5174972449534353,0.8369178681181285,0.5741778080881466,0.8545545820257187,0.4429069928174985,ESR1,mono,PEAKS033881,M,ESR1_HUMAN~CM~ESR1_HUMAN.PEAKS033881.macs.M,15
89,mono_89,True,0.8371526008030696,0.3839298045053835,0.7997078077522384,0.4712062610596577,0.8062507407914505,0.281230658429504,ESR1,mono,PEAKS033839,M,ESR1_HUMAN~CM~ESR1_HUMAN.PEAKS033839.macs.M,17
90,mono_90,True,0.8725927385620229,0.5059714233134357,0.831092931345252,0.5385171128993428,0.8491855639346979,0.4028828692311707,ESR1,mono,PEAKS033403,M,ESR1_HUMAN~CM~ESR1_HUMAN.PEAKS033403.macs.M,15
91,mono_91,True,0.8396111077329531,0.3979605374222221,0.7945661593829116,0.441339894315111,0.8194561255814456,0.3307527534179879,ESR1,mono,PEAKS033401,M,ESR1_HUMAN~CM~ESR1_HUMAN.PEAKS033401.macs.M,17
92,mono_92,True,0.8753371687075401,0.504536863858851,0.8351600724582772,0.5441042472739654,0.8561348375555323,0.4084882180507848,ESR1,mono,PEAKS033145,M,ESR1_HUMAN~CM~ESR1_HUMAN.PEAKS033145.macs.M,17
93,mono_93,True,0.8732322928897929,0.5237236668038813,0.837021218547522,0.577159292307079,0.8531933905260844,0.4432768510780205,ESR1,mono,PEAKS033137,M,ESR1_HUMAN~CM~ESR1_HUMAN.PEAKS033137.macs.M,15
94,mono_94,True,0.8714718168141407,0.4935425939175352,0.8299562724810967,0.5358616766994356,0.8456028307529337,0.3982115394934524,ESR1,mono,PEAKS033136,M,ESR1_HUMAN~CM~ESR1_HUMAN.PEAKS033136.macs.M,17
95,mono_95,True,0.865506490082194,0.4720491808191451,0.825305769485414,0.5120626619179215,0.8415163462335293,0.3665741719057527,ESR1,mono,PEAKS033134,M,ESR1_HUMAN~CM~ESR1_HUMAN.PEAKS033134.macs.M,17
96,mono_96,True,0.8381906703430344,0.4223579042051012,0.8146066792674375,0.5032334490268838,0.8187525311575587,0.3287193337049512,ESR1,mono,PEAKS033131,M,ESR1_HUMAN~CM~ESR1_HUMAN.PEAKS033131.macs.M,17
97,mono_97,True,0.8825655073177893,0.5285309118739893,0.8440187009737159,0.5696387867159729,0.8583864218259646,0.4171521353735626,ESR1,mono,PEAKS033129,M,ESR1_HUMAN~CM~ESR1_HUMAN.PEAKS033129.macs.M,18
98,mono_98,True,0.8711162996414492,0.5094349939038164,0.838143570365441,0.5696126196108028,0.8514493028057116,0.4227714223023224,ESR1,mono,PEAKS033122,M,ESR1_HUMAN~CM~ESR1_HUMAN.PEAKS033122.macs.M,17
99,mono_99,True,0.8756698094019961,0.5255117077111261,0.838403083769306,0.568454159024859,0.8573086046746248,0.4426251558817338,ESR1,mono,PEAKS033121,M,ESR1_HUMAN~CM~ESR1_HUMAN.PEAKS033121.macs.M,15
100,mono_100,True,0.8111387499475803,0.3286848549777641,0.7753825213064883,0.3864415579335827,0.7890952381810256,0.2440265465409763,ESR1,mono,PEAKS033095,M,ESR1_HUMAN~CM~ESR1_HUMAN.PEAKS033095.macs.M,18
101,mono_101,True,0.8756596208483604,0.4837807893617483,0.8403101966592109,0.5565735257006652,0.8565433739519566,0.3904461106481164,ESR1,mono,PEAKS033094,M,ESR1_HUMAN~CM~ESR1_HUMAN.PEAKS033094.macs.M,16
102,mono_102,True,0.5877002665541391,0.0626089512969139,0.5927785999683322,0.1178931433333426,0.5793560655903092,0.0426144537708887,ESR1,mono,PEAKS033053,M,ESR1_HUMAN~CM~ESR1_HUMAN.PEAKS033053.macs.M,11
103,mono_103,True,0.5827252778243731,0.0618637008898695,0.590319941430273,0.1173281260690711,0.576295726397181,0.0424687220117367,ESR1,mono,PEAKS033053,S,ESR1_HUMAN~CM~ESR1_HUMAN.PEAKS033053.macs.S,11
104,mono_104,True,0.8152756604881322,0.1979465955044647,0.7838043672860722,0.2819791977111638,0.8025311568380888,0.1194441337139831,ESR1,mono,PEAKS039513,S,ESR1_HUMAN~CM~ESR1_HUMAN.PEAKS039513.macs.S,9
105,mono_105,True,0.8044507068795606,0.1816296507816762,0.7782338515785697,0.270459530109746,0.7897909090909092,0.1133299327862239,ESR1,mono,PEAKS039512,S,ESR1_HUMAN~CM~ESR1_HUMAN.PEAKS039512.macs.S,8
106,mono_106,True,0.7945347283087311,0.1749545122608933,0.7646004531219578,0.2527694624489262,0.7765548657675804,0.1041178001579699,ESR1,mono,PEAKS039511,S,ESR1_HUMAN~CM~ESR1_HUMAN.PEAKS039511.macs.S,8
107,mono_107,True,0.7917585902771953,0.1484701026575744,0.7566489054314793,0.223323304617609,0.7832257277303172,0.0981084062721318,ESR1,mono,PEAKS039122,S,ESR1_HUMAN~CM~ESR1_HUMAN.PEAKS039122.macs.S,7
108,mono_108,True,0.7665349293382537,0.1438494559471299,0.7196538839291577,0.1931243596589174,0.7585422760961444,0.0964778854436235,ESR1,mono,PEAKS039119,S,ESR1_HUMAN~CM~ESR1_HUMAN.PEAKS039119.macs.S,8
109,mono_109,True,0.8152686435880232,0.1978781511188634,0.7797532928429624,0.2849072884455123,0.8006884663887498,0.1208264168326778,ESR1,mono,PEAKS039117,S,ESR1_HUMAN~CM~ESR1_HUMAN.PEAKS039117.macs.S,9
110,mono_110,True,0.818750552241466,0.2006304435370268,0.7823565804264324,0.2853945800642453,0.8072660808673313,0.1240174082253332,ESR1,mono,PEAKS039115,S,ESR1_HUMAN~CM~ESR1_HUMAN.PEAKS039115.macs.S,9
111,mono_111,True,0.7566908380860522,0.130404493940343,0.7217087430305663,0.1960518250066278,0.7371669257875413,0.0831327490917206,ESR1,mono,PEAKS039089,S,ESR1_HUMAN~CM~ESR1_HUMAN.PEAKS039089.macs.S,7
112,mono_112,True,0.8078519544682546,0.1871026665044706,0.7820006701119517,0.2764569683995949,0.7963309026414116,0.1118106200504654,ESR1,mono,PEAKS038949,S,ESR1_HUMAN~CM~ESR1_HUMAN.PEAKS038949.macs.S,10
113,mono_113,True,0.8097808995743521,0.185280964149915,0.7902617198558934,0.2764793173474314,0.8066837715869007,0.1192268672965815,ESR1,mono,PEAKS038948,S,ESR1_HUMAN~CM~ESR1_HUMAN.PEAKS038948.macs.S,8
114,mono_114,True,0.7948413004277447,0.1501966628457674,0.7724037675437305,0.2293367175429158,0.7962699312894311,0.1011197820291248,ESR1,mono,PEAKS038946,S,ESR1_HUMAN~CM~ESR1_HUMAN.PEAKS038946.macs.S,7
115,mono_115,True,0.80637131489558,0.1825593695891472,0.7808616018690843,0.2720643423406194,0.7943983375429216,0.1150373959936641,ESR1,mono,PEAKS038662,S,ESR1_HUMAN~CM~ESR1_HUMAN.PEAKS038662.macs.S,8
116,mono_116,True,0.8172149042292207,0.199881104398542,0.7827453899004718,0.2803569564815445,0.8019382429983317,0.1180260647125346,ESR1,mono,PEAKS038661,S,ESR1_HUMAN~CM~ESR1_HUMAN.PEAKS038661.macs.S,9
117,mono_117,True,0.8182820368195924,0.1987036541076371,0.7802010010045213,0.2751337415829434,0.8037113624653657,0.118708450368372,ESR1,mono,PEAKS038660,S,ESR1_HUMAN~CM~ESR1_HUMAN.PEAKS038660.macs.S,9
118,mono_118,True,0.8120797106957143,0.1848694661459289,0.7796528098333093,0.2608253173815684,0.8033749168591308,0.1131063639857924,ESR1,mono,PEAKS038659,S,ESR1_HUMAN~CM~ESR1_HUMAN.PEAKS038659.macs.S,8
119,mono_119,True,0.8049585216073976,0.1808221859590195,0.7784415068622141,0.2709942820704324,0.7937187532652834,0.1142869640956879,ESR1,mono,PEAKS038547,S,ESR1_HUMAN~CM~ESR1_HUMAN.PEAKS038547.macs.S,8
120,mono_120,True,0.8084842832655372,0.1914179573043278,0.7781409915322743,0.2700334735731611,0.7958986074129587,0.116586288544624,ESR1,mono,PEAKS038446,S,ESR1_HUMAN~CM~ESR1_HUMAN.PEAKS038446.macs.S,10
121,mono_121,True,0.6844392898704186,0.0967586190815436,0.6714185811895619,0.1627586822761338,0.6312725941392442,0.0567248826711554,ESR1,mono,PEAKS038445,S,ESR1_HUMAN~CM~ESR1_HUMAN.PEAKS038445.macs.S,10
122,mono_122,True,0.8050045668036567,0.1817439605757932,0.7772545007914566,0.2611224379982491,0.7937208916880749,0.1120107191569421,ESR1,mono,PEAKS038439,S,ESR1_HUMAN~CM~ESR1_HUMAN.PEAKS038439.macs.S,8
123,mono_123,True,0.7982481021450138,0.1813567181737327,0.758977500007052,0.2522783502955038,0.7750132075981567,0.1050895628311753,ESR1,mono,PEAKS038438,S,ESR1_HUMAN~CM~ESR1_HUMAN.PEAKS038438.macs.S,9
124,mono_124,True,0.7997527722154659,0.15144787505866,0.7690668060073071,0.2278759614074625,0.7966001017867631,0.1013552884999064,ESR1,mono,PEAKS038432,S,ESR1_HUMAN~CM~ESR1_HUMAN.PEAKS038432.macs.S,7
125,mono_125,True,0.7999913321416589,0.1514933314151851,0.7739967813892185,0.2296869717910721,0.8006995036769342,0.1022139013743936,ESR1,mono,PEAKS038431,S,ESR1_HUMAN~CM~ESR1_HUMAN.PEAKS038431.macs.S,7
126,mono_126,True,0.7978370284848613,0.1802119847357684,0.7616374167987385,0.2504351365149659,0.7836550318691653,0.1093216861360862,ESR1,mono,PEAKS038355,S,ESR1_HUMAN~CM~ESR1_HUMAN.PEAKS038355.macs.S,9
127,mono_127,True,0.8146095398599346,0.1899425045972337,0.7796566378956589,0.2740131134035544,0.7991933890848559,0.1197873136853947,ESR1,mono,PEAKS038354,S,ESR1_HUMAN~CM~ESR1_HUMAN.PEAKS038354.macs.S,10
128,mono_128,True,0.5765831596494172,0.0594627897200034,0.5556666805923575,0.1030113200075461,0.5623760163363251,0.0411452176066284,ESR1,mono,PEAKS038063,S,ESR1_HUMAN~CM~ESR1_HUMAN.PEAKS038063.macs.S,7
129,mono_129,True,0.803103576857754,0.1843977076358834,0.7659704351843042,0.2642042829358032,0.7779971161017651,0.1066772188437701,ESR1,mono,PEAKS038061,S,ESR1_HUMAN~CM~ESR1_HUMAN.PEAKS038061.macs.S,9
130,mono_130,True,0.8138007823639184,0.1956264437961755,0.7810448825304974,0.2891855634492704,0.8003505022681334,0.1200891991921096,ESR1,mono,PEAKS038044,S,ESR1_HUMAN~CM~ESR1_HUMAN.PEAKS038044.macs.S,9
131,mono_131,True,0.8184247177199531,0.2007484902321489,0.7844126478442188,0.2844316460651384,0.8053039125750789,0.1234746152945443,ESR1,mono,PEAKS038042,S,ESR1_HUMAN~CM~ESR1_HUMAN.PEAKS038042.macs.S,9
132,mono_132,True,0.8124931303992284,0.1846254623408113,0.7907612053069031,0.2765327954498355,0.8080894824548445,0.1184103828212434,ESR1,mono,PEAKS038027,S,ESR1_HUMAN~CM~ESR1_HUMAN.PEAKS038027.macs.S,8
133,mono_133,True,0.7638451852511952,0.1709258153964169,0.7522529219489031,0.2445178526903507,0.7591642719454063,0.1065357333855983,ESR1,mono,PEAKS038026,S,ESR1_HUMAN~CM~ESR1_HUMAN.PEAKS038026.macs.S,8
134,mono_134,True,0.8059949108341022,0.1789064288594512,0.7826013546503305,0.2645112497700352,0.7995761914455883,0.1145162146071254,ESR1,mono,PEAKS038025,S,ESR1_HUMAN~CM~ESR1_HUMAN.PEAKS038025.macs.S,9
135,mono_135,True,0.8031886886165396,0.1561398063670059,0.7729912020536305,0.2530753794453483,0.8005472685116795,0.1106156147754738,ESR1,mono,PEAKS037510,S,ESR1_HUMAN~CM~ESR1_HUMAN.PEAKS037510.macs.S,7
136,mono_136,True,0.7501497641113815,0.1287752010195467,0.709500320575869,0.1932790606325985,0.7413861757361975,0.0857884814467001,ESR1,mono,PEAKS037509,S,ESR1_HUMAN~CM~ESR1_HUMAN.PEAKS037509.macs.S,10
137,mono_137,True,0.8147209885829909,0.1958126732319637,0.7859246350608368,0.2895562704737914,0.8030725999041582,0.1203727106020199,ESR1,mono,PEAKS037508,S,ESR1_HUMAN~CM~ESR1_HUMAN.PEAKS037508.macs.S,9
138,mono_138,True,0.8136010953094858,0.1846097334536942,0.7895637938289849,0.2763525594123298,0.807976592107112,0.1186618813834012,ESR1,mono,PEAKS037507,S,ESR1_HUMAN~CM~ESR1_HUMAN.PEAKS037507.macs.S,8
139,mono_139,True,0.8074748736685399,0.1787241664564337,0.7839950698702107,0.258656558326778,0.80375547252478,0.1146344930390529,ESR1,mono,PEAKS037402,S,ESR1_HUMAN~CM~ESR1_HUMAN.PEAKS037402.macs.S,9
140,mono_140,True,0.8143695514971063,0.1821894413444301,0.7821020401874876,0.2765354477569778,0.8016409319704116,0.1189738957614031,ESR1,mono,PEAKS037392,S,ESR1_HUMAN~CM~ESR1_HUMAN.PEAKS037392.macs.S,10
141,mono_141,True,0.7963303578168247,0.1508500836649003,0.7713163905780843,0.2291449406307203,0.7977397609722529,0.1019633781309658,ESR1,mono,PEAKS037389,S,ESR1_HUMAN~CM~ESR1_HUMAN.PEAKS037389.macs.S,7
142,mono_142,True,0.8012549064832676,0.1558003741075662,0.7717703890315928,0.2530461424004312,0.7995176804508162,0.1105697876910064,ESR1,mono,PEAKS037361,S,ESR1_HUMAN~CM~ESR1_HUMAN.PEAKS037361.macs.S,7
143,mono_143,True,0.8173597870187872,0.1906025901174186,0.786939060184247,0.2787830980251235,0.8084156198543639,0.1235088998947857,ESR1,mono,PEAKS037360,S,ESR1_HUMAN~CM~ESR1_HUMAN.PEAKS037360.macs.S,10
144,mono_144,True,0.8067107090811877,0.1843971062029418,0.7799521614074241,0.2707807136672134,0.7993071899286953,0.1184832192987418,ESR1,mono,PEAKS037336,S,ESR1_HUMAN~CM~ESR1_HUMAN.PEAKS037336.macs.S,8
145,mono_145,True,0.8173568350037741,0.1910277939463509,0.7841276851834023,0.2685936073291559,0.8100391239492544,0.121979273810908,ESR1,mono,PEAKS037335,S,ESR1_HUMAN~CM~ESR1_HUMAN.PEAKS037335.macs.S,10
146,mono_146,True,0.8010796648284827,0.1519020595061613,0.7686818308133688,0.2283231832892836,0.798102266872282,0.1018779581714043,ESR1,mono,PEAKS037334,S,ESR1_HUMAN~CM~ESR1_HUMAN.PEAKS037334.macs.S,7
147,mono_147,True,0.8038769311414913,0.1565426138579066,0.774502808951114,0.254245152565886,0.8009660309647946,0.1108572630661043,ESR1,mono,PEAKS037333,S,ESR1_HUMAN~CM~ESR1_HUMAN.PEAKS037333.macs.S,7
148,mono_148,True,0.8022455367252368,0.1742108668123809,0.7789334802331016,0.2539922799386454,0.7979676638766884,0.1095530190529597,ESR1,mono,PEAKS037332,S,ESR1_HUMAN~CM~ESR1_HUMAN.PEAKS037332.macs.S,9
149,mono_149,True,0.8075800537826049,0.1882633449986788,0.7776986803790307,0.2780104448118851,0.7948445973748022,0.1147598546114783,ESR1,mono,PEAKS037331,S,ESR1_HUMAN~CM~ESR1_HUMAN.PEAKS037331.macs.S,10
150,mono_150,True,0.7803696285540551,0.1450574472924279,0.7458206797685759,0.2188113163637406,0.7672697475327969,0.0952257395372628,ESR1,mono,PEAKS037329,S,ESR1_HUMAN~CM~ESR1_HUMAN.PEAKS037329.macs.S,7
151,mono_151,True,0.8008238556781013,0.155341974453513,0.7737531957921516,0.2529851830877635,0.7991729548066773,0.1099630536805688,ESR1,mono,PEAKS037314,S,ESR1_HUMAN~CM~ESR1_HUMAN.PEAKS037314.macs.S,7
152,mono_152,True,0.8037064400213871,0.1807784144541885,0.7803733923104474,0.2620987394080465,0.7946264714042249,0.1107533366622856,ESR1,mono,PEAKS035117,S,ESR1_HUMAN~CM~ESR1_HUMAN.PEAKS035117.macs.S,8
153,mono_153,True,0.7866493526167911,0.1655565581982542,0.7438390979050655,0.2330379223012582,0.7650442696754713,0.1018322485973511,ESR1,mono,PEAKS034989,S,ESR1_HUMAN~CM~ESR1_HUMAN.PEAKS034989.macs.S,9
154,mono_154,True,0.8043528217520758,0.1594068353056778,0.7737612311996931,0.2327544263476097,0.8039230364162413,0.1069634989316413,ESR1,mono,PEAKS034975,S,ESR1_HUMAN~CM~ESR1_HUMAN.PEAKS034975.macs.S,8
155,mono_155,True,0.8103449635158937,0.181888584406072,0.7876072197620687,0.2775275349270619,0.8090134354924139,0.1198621762898758,ESR1,mono,PEAKS034974,S,ESR1_HUMAN~CM~ESR1_HUMAN.PEAKS034974.macs.S,10
156,mono_156,True,0.7784799206365849,0.167100347638153,0.7500887029612616,0.2369578005380998,0.7568013488097254,0.1042623804855506,ESR1,mono,PEAKS034968,S,ESR1_HUMAN~CM~ESR1_HUMAN.PEAKS034968.macs.S,7
157,mono_157,True,0.8039898400150969,0.156533559921046,0.7816443587524985,0.2562394009862814,0.8040697581618572,0.1111597327694158,ESR1,mono,PEAKS034911,S,ESR1_HUMAN~CM~ESR1_HUMAN.PEAKS034911.macs.S,7
158,mono_158,True,0.8071552920301099,0.1921773136826546,0.7781573597631379,0.2815158974395796,0.7910612437441675,0.1143294651244127,ESR1,mono,PEAKS034658,S,ESR1_HUMAN~CM~ESR1_HUMAN.PEAKS034658.macs.S,9
159,mono_159,True,0.8087787097416759,0.1787736908096933,0.785809348621118,0.27540112342807,0.8047160608702858,0.1171850113279418,ESR1,mono,PEAKS034592,S,ESR1_HUMAN~CM~ESR1_HUMAN.PEAKS034592.macs.S,8
160,mono_160,True,0.8011397097521598,0.1585739546324243,0.7648690081728178,0.2276549689951262,0.7995185024915238,0.1058562701154953,ESR1,mono,PEAKS034566,S,ESR1_HUMAN~CM~ESR1_HUMAN.PEAKS034566.macs.S,8
161,mono_161,True,0.7903380546003523,0.178149384692001,0.7508662410785707,0.2403888641801204,0.7711148860889023,0.1042496089892011,ESR1,mono,PEAKS034520,S,ESR1_HUMAN~CM~ESR1_HUMAN.PEAKS034520.macs.S,10
162,mono_162,True,0.8100334492682212,0.187182651242029,0.7730636481854096,0.2778676881348135,0.7994959914030719,0.1174660609284865,ESR1,mono,PEAKS034519,S,ESR1_HUMAN~CM~ESR1_HUMAN.PEAKS034519.macs.S,9
163,mono_163,True,0.7638618156609075,0.1530543547644137,0.7315858651514902,0.2146229951103523,0.7352288139410033,0.0872897216367362,ESR1,mono,PEAKS034518,S,ESR1_HUMAN~CM~ESR1_HUMAN.PEAKS034518.macs.S,8
164,mono_164,True,0.7747687652017109,0.1695246190387214,0.7453629662085371,0.2402068002241074,0.7546443257032294,0.1002669970104837,ESR1,mono,PEAKS034516,S,ESR1_HUMAN~CM~ESR1_HUMAN.PEAKS034516.macs.S,8
165,mono_165,True,0.7927152806026169,0.1487131530490122,0.7582026738656954,0.2238580270613135,0.7838813737429785,0.0983269484520096,ESR1,mono,PEAKS034515,S,ESR1_HUMAN~CM~ESR1_HUMAN.PEAKS034515.macs.S,7
166,mono_166,True,0.7718695417994632,0.1778107558420326,0.7522038100022685,0.2556893235758579,0.7548019188155984,0.1102948877959963,ESR1,mono,PEAKS034514,S,ESR1_HUMAN~CM~ESR1_HUMAN.PEAKS034514.macs.S,8
167,mono_167,True,0.7539622426193072,0.1493327898540185,0.7228033906203175,0.208462562720661,0.726967414724311,0.0856228312319132,ESR1,mono,PEAKS034513,S,ESR1_HUMAN~CM~ESR1_HUMAN.PEAKS034513.macs.S,8
168,mono_168,True,0.8093986446888367,0.1833480731744233,0.7813047130396896,0.2737253680380423,0.8006020285291182,0.1165985791813238,ESR1,mono,PEAKS034512,S,ESR1_HUMAN~CM~ESR1_HUMAN.PEAKS034512.macs.S,8
169,mono_169,True,0.7684985157363918,0.1682355021487679,0.7425202641029749,0.2393063264969319,0.7442040520139367,0.0964862592430083,ESR1,mono,PEAKS034511,S,ESR1_HUMAN~CM~ESR1_HUMAN.PEAKS034511.macs.S,8
170,mono_170,True,0.7678639656546171,0.1656075246652603,0.7449133585238904,0.2354264542861608,0.7496440464652071,0.1034389052822907,ESR1,mono,PEAKS034510,S,ESR1_HUMAN~CM~ESR1_HUMAN.PEAKS034510.macs.S,7
171,mono_171,True,0.8117155712698146,0.1923184018846845,0.7828794207884251,0.2742843612426734,0.7967220055775543,0.1138021016228737,ESR1,mono,PEAKS034009,S,ESR1_HUMAN~CM~ESR1_HUMAN.PEAKS034009.macs.S,9
172,mono_172,True,0.8010478403086472,0.1778035546630318,0.769488878379369,0.2660020342866129,0.785988183187349,0.1109403473647762,ESR1,mono,PEAKS033976,S,ESR1_HUMAN~CM~ESR1_HUMAN.PEAKS033976.macs.S,8
173,mono_173,True,0.8021555706407784,0.18001251795073,0.7676006104580148,0.2574910488003236,0.7873247561621527,0.1091839295859419,ESR1,mono,PEAKS033962,S,ESR1_HUMAN~CM~ESR1_HUMAN.PEAKS033962.macs.S,8
174,mono_174,True,0.8112410797408369,0.1843564061271407,0.7797403215770099,0.2744383156442748,0.8007126143524741,0.1167273449241637,ESR1,mono,PEAKS033948,S,ESR1_HUMAN~CM~ESR1_HUMAN.PEAKS033948.macs.S,8
175,mono_175,True,0.7971314824813386,0.1506532526259848,0.7586872336041929,0.2252516818236066,0.7881698794052049,0.0998912343250204,ESR1,mono,PEAKS033939,S,ESR1_HUMAN~CM~ESR1_HUMAN.PEAKS033939.macs.S,7
176,mono_176,True,0.8098330351526463,0.1836574520866686,0.7914706548999533,0.2762170555232543,0.8042814153584515,0.1177204540984319,ESR1,mono,PEAKS033933,S,ESR1_HUMAN~CM~ESR1_HUMAN.PEAKS033933.macs.S,8
177,mono_177,True,0.8021424893063827,0.1846954663871832,0.765256909855136,0.2690834652596439,0.7826782783444608,0.1088373832171675,ESR1,mono,PEAKS033927,S,ESR1_HUMAN~CM~ESR1_HUMAN.PEAKS033927.macs.S,9
178,mono_178,True,0.8024617186844755,0.1812543201182097,0.7849102783326931,0.2647221422584536,0.7953361517757739,0.1124347344009242,ESR1,mono,PEAKS033906,S,ESR1_HUMAN~CM~ESR1_HUMAN.PEAKS033906.macs.S,8
179,mono_179,True,0.8174897522121111,0.2016779681644435,0.7913573011446637,0.2890468536565496,0.8058207277483327,0.1232303924966681,ESR1,mono,PEAKS033881,S,ESR1_HUMAN~CM~ESR1_HUMAN.PEAKS033881.macs.S,9
180,mono_180,True,0.7969916474461125,0.1806560525817907,0.7606311804540737,0.2587589443605167,0.774024018253159,0.1040319808491605,ESR1,mono,PEAKS033403,S,ESR1_HUMAN~CM~ESR1_HUMAN.PEAKS033403.macs.S,9
181,mono_181,True,0.7941859709175543,0.1491712024652568,0.7593124243738768,0.2241574206320873,0.7867687615523473,0.0987826671670464,ESR1,mono,PEAKS033145,S,ESR1_HUMAN~CM~ESR1_HUMAN.PEAKS033145.macs.S,7
182,mono_182,True,0.8049759414576869,0.1583024296032272,0.7796740486361933,0.2462936095685075,0.8046518204517532,0.1084468812422138,ESR1,mono,PEAKS033137,S,ESR1_HUMAN~CM~ESR1_HUMAN.PEAKS033137.macs.S,8
183,mono_183,True,0.8063899000356454,0.175793015839622,0.7711509963151968,0.2539952989706487,0.795623404109663,0.1087296325940356,ESR1,mono,PEAKS033136,S,ESR1_HUMAN~CM~ESR1_HUMAN.PEAKS033136.macs.S,8
184,mono_184,True,0.8024628923614023,0.1825071922837352,0.7653040352301614,0.2628191181301603,0.7792448281515163,0.1057722831577371,ESR1,mono,PEAKS033134,S,ESR1_HUMAN~CM~ESR1_HUMAN.PEAKS033134.macs.S,9
185,mono_185,True,0.790723398578378,0.1538283295763526,0.7662457800198188,0.2511839816480748,0.792934836834918,0.1096349128675308,ESR1,mono,PEAKS033131,S,ESR1_HUMAN~CM~ESR1_HUMAN.PEAKS033131.macs.S,7
186,mono_186,True,0.7988075602302273,0.1547979008454982,0.7731078781608128,0.252796803932501,0.7941797329043276,0.1090341297038395,ESR1,mono,PEAKS033129,S,ESR1_HUMAN~CM~ESR1_HUMAN.PEAKS033129.macs.S,7
187,mono_187,True,0.8044091569340771,0.1641750474918084,0.7793426362626825,0.2469362911865486,0.8061369167078016,0.1151187501026938,ESR1,mono,PEAKS033122,S,ESR1_HUMAN~CM~ESR1_HUMAN.PEAKS033122.macs.S,8
188,mono_188,True,0.8008531221169168,0.1552120640192927,0.77773962530905,0.2540116936689752,0.8022393150921845,0.1108110508669045,ESR1,mono,PEAKS033121,S,ESR1_HUMAN~CM~ESR1_HUMAN.PEAKS033121.macs.S,7
189,mono_189,True,0.7929702727920825,0.1767593904649348,0.7661626611175638,0.2537731086566319,0.7817854693540774,0.1094309497159209,ESR1,mono,PEAKS033094,S,ESR1_HUMAN~CM~ESR1_HUMAN.PEAKS033094.macs.S,9
190,di_0,False,0.5754066502243563,0.0618805239474442,0.5816072342162684,0.1168644008273291,0.5540479918282344,0.0407003565646954,ESR1,di,PEAKS033053,M,ESR1_HUMAN~CD~ESR1_HUMAN.PEAKS033053.macs.M,18
191,di_1,False,0.8922740113645894,0.5295068410380467,0.8523859996555491,0.5873487868750431,0.8760963237863955,0.4338311074485061,ESR1,di,PEAKS033094,M,ESR1_HUMAN~CD~ESR1_HUMAN.PEAKS033094.macs.M,17
192,di_2,False,0.8312356430323744,0.3767421788312211,0.8141469055590634,0.4622106175127097,0.804658330480902,0.268424368227261,ESR1,di,PEAKS033095,M,ESR1_HUMAN~CD~ESR1_HUMAN.PEAKS033095.macs.M,21
193,di_3,False,0.888617370575778,0.5552018206812793,0.8536787779699153,0.6061977208310324,0.8747517091168513,0.4563525817473702,ESR1,di,PEAKS033121,M,ESR1_HUMAN~CD~ESR1_HUMAN.PEAKS033121.macs.M,19
194,di_4,False,0.8801889383963767,0.539357382094711,0.8538823948239507,0.6042824239274023,0.8667792753142779,0.4422275638641341,ESR1,di,PEAKS033122,M,ESR1_HUMAN~CD~ESR1_HUMAN.PEAKS033122.macs.M,19
195,di_5,False,0.8923122559863289,0.5538262976935358,0.8528214412296604,0.593629652376095,0.8706242911858068,0.4431652441393109,ESR1,di,PEAKS033129,M,ESR1_HUMAN~CD~ESR1_HUMAN.PEAKS033129.macs.M,19
196,di_6,False,0.8464196067998825,0.4322123626748133,0.8172795890872069,0.5115357092193318,0.8228778452552956,0.3295667325517443,ESR1,di,PEAKS033131,M,ESR1_HUMAN~CD~ESR1_HUMAN.PEAKS033131.macs.M,19
197,di_7,False,0.8898217968946575,0.5190334908196932,0.8441716721690762,0.550720892943362,0.8709316418114801,0.3993425959390366,ESR1,di,PEAKS033134,M,ESR1_HUMAN~CD~ESR1_HUMAN.PEAKS033134.macs.M,19
198,di_8,False,0.8768217906042943,0.5104177442562049,0.8335248348985415,0.547629010094423,0.8547025981746841,0.4061247038409702,ESR1,di,PEAKS033136,M,ESR1_HUMAN~CD~ESR1_HUMAN.PEAKS033136.macs.M,19
199,di_9,False,0.8828440516753334,0.5396082042342434,0.8488775359516663,0.5948646565930124,0.8619310327122839,0.4549098455319446,ESR1,di,PEAKS033137,M,ESR1_HUMAN~CD~ESR1_HUMAN.PEAKS033137.macs.M,17
200,di_10,False,0.8871078364820096,0.5427387415607372,0.8466487590863345,0.5897619349330581,0.8701113732745792,0.4373285271787164,ESR1,di,PEAKS033145,M,ESR1_HUMAN~CD~ESR1_HUMAN.PEAKS033145.macs.M,17
201,di_11,False,0.8633000272582403,0.4006726350418458,0.8130455956485638,0.4773750925289107,0.840706302672398,0.3681049375888854,ESR1,di,PEAKS033401,M,ESR1_HUMAN~CD~ESR1_HUMAN.PEAKS033401.macs.M,21
202,di_12,False,0.8908272181393107,0.548205662143187,0.852168731728062,0.5819704415065071,0.8692373818643011,0.4270302615564366,ESR1,di,PEAKS033403,M,ESR1_HUMAN~CD~ESR1_HUMAN.PEAKS033403.macs.M,19
203,di_13,False,0.8707163489159608,0.4639286563861827,0.8231401432133463,0.504912985460664,0.8610802948032903,0.3698853736610193,ESR1,di,PEAKS033839,M,ESR1_HUMAN~CD~ESR1_HUMAN.PEAKS033839.macs.M,16
204,di_14,False,0.888341091535268,0.5515783619331854,0.8534274181108705,0.5965581339804081,0.8690928727647448,0.4512353133752656,ESR1,di,PEAKS033881,M,ESR1_HUMAN~CD~ESR1_HUMAN.PEAKS033881.macs.M,20
205,di_15,False,0.887752741812044,0.5466089022847034,0.8638335309863273,0.6120592581498678,0.8713853868437456,0.4449151993445391,ESR1,di,PEAKS033906,M,ESR1_HUMAN~CD~ESR1_HUMAN.PEAKS033906.macs.M,19
206,di_16,False,0.8845776118112052,0.5139237156670922,0.8383170041810379,0.5513055174934185,0.868584073524272,0.396880121405937,ESR1,di,PEAKS033927,M,ESR1_HUMAN~CD~ESR1_HUMAN.PEAKS033927.macs.M,19
207,di_17,False,0.8864830343663507,0.546825965477642,0.8533886587205088,0.5998975164176404,0.8644003087832068,0.4592720593660487,ESR1,di,PEAKS033933,M,ESR1_HUMAN~CD~ESR1_HUMAN.PEAKS033933.macs.M,17
208,di_18,False,0.889443658789734,0.5355402917819336,0.8522071988841027,0.5741271188471524,0.8781591038801475,0.4372247855139599,ESR1,di,PEAKS033939,M,ESR1_HUMAN~CD~ESR1_HUMAN.PEAKS033939.macs.M,19
209,di_19,False,0.8824771859011994,0.5235009226200865,0.8411265718887756,0.5565735689816304,0.8660494193650667,0.4169579548618027,ESR1,di,PEAKS033948,M,ESR1_HUMAN~CD~ESR1_HUMAN.PEAKS033948.macs.M,19
210,di_20,False,0.8858424041243815,0.5437483959905758,0.8508523342482734,0.59252334347683,0.8649858946966393,0.4401147383443223,ESR1,di,PEAKS033950,M,ESR1_HUMAN~CD~ESR1_HUMAN.PEAKS033950.macs.M,18
211,di_21,False,0.8790478009938774,0.4898469133107546,0.8406171028014163,0.5517500981511042,0.867783199419185,0.3944898749954404,ESR1,di,PEAKS033962,M,ESR1_HUMAN~CD~ESR1_HUMAN.PEAKS033962.macs.M,16
212,di_22,False,0.8873358202109367,0.514557779453768,0.8435857465002106,0.5596350006126506,0.8678155123026867,0.3992055746339369,ESR1,di,PEAKS033976,M,ESR1_HUMAN~CD~ESR1_HUMAN.PEAKS033976.macs.M,19
213,di_23,False,0.8798863617063658,0.5373740656850283,0.8492950102964825,0.5956720676722499,0.8619078024508091,0.4537199206222264,ESR1,di,PEAKS034009,M,ESR1_HUMAN~CD~ESR1_HUMAN.PEAKS034009.macs.M,17
214,di_24,False,0.8369986425920488,0.4120363175968931,0.8239015483380573,0.4855381979358154,0.8190079481950414,0.3029445155485692,ESR1,di,PEAKS034509,M,ESR1_HUMAN~CD~ESR1_HUMAN.PEAKS034509.macs.M,21
215,di_25,False,0.8658807108634572,0.4686464070846441,0.8302524768366528,0.540636398730308,0.8393490586976339,0.3402625961636458,ESR1,di,PEAKS034510,M,ESR1_HUMAN~CD~ESR1_HUMAN.PEAKS034510.macs.M,20
216,di_26,False,0.8585281365323325,0.4367378562062787,0.8341788718900881,0.5186761877311232,0.8373746257309732,0.3257515614044662,ESR1,di,PEAKS034511,M,ESR1_HUMAN~CD~ESR1_HUMAN.PEAKS034511.macs.M,18
217,di_27,False,0.884454027667114,0.5457337641792452,0.8470129877160505,0.594008806135709,0.8635384838636454,0.4581102551806861,ESR1,di,PEAKS034512,M,ESR1_HUMAN~CD~ESR1_HUMAN.PEAKS034512.macs.M,17
218,di_28,False,0.861757994003187,0.446998085967482,0.8294317450358596,0.5064697810364003,0.8404278391300746,0.3358272895202385,ESR1,di,PEAKS034513,M,ESR1_HUMAN~CD~ESR1_HUMAN.PEAKS034513.macs.M,19
219,di_29,False,0.8820409397802567,0.5099645775842148,0.8480971760114612,0.5660838894809369,0.8581096160567269,0.3939229391610228,ESR1,di,PEAKS034514,M,ESR1_HUMAN~CD~ESR1_HUMAN.PEAKS034514.macs.M,19
220,di_30,False,0.8842800739641868,0.5302656312695843,0.8467895797589423,0.5812325427387173,0.8627493476639487,0.430321170153694,ESR1,di,PEAKS034515,M,ESR1_HUMAN~CD~ESR1_HUMAN.PEAKS034515.macs.M,19
221,di_31,False,0.8813034285100227,0.514812141060124,0.8480807943088025,0.5711245420016883,0.8603748323671097,0.4219778300095286,ESR1,di,PEAKS034516,M,ESR1_HUMAN~CD~ESR1_HUMAN.PEAKS034516.macs.M,20
222,di_32,False,0.872294457665856,0.4786620947141433,0.8393929062862626,0.5489282091110068,0.8611313476207119,0.3819589001727938,ESR1,di,PEAKS034517,M,ESR1_HUMAN~CD~ESR1_HUMAN.PEAKS034517.macs.M,17
223,di_33,False,0.8827810261679107,0.4864173564655928,0.8414570536721431,0.5324880908297461,0.8636397442179715,0.3528322522734282,ESR1,di,PEAKS034518,M,ESR1_HUMAN~CD~ESR1_HUMAN.PEAKS034518.macs.M,19
224,di_34,False,0.8851941787930889,0.5486032721568208,0.8488096878471325,0.5957016141000049,0.8657081222233833,0.4680118970674423,ESR1,di,PEAKS034519,M,ESR1_HUMAN~CD~ESR1_HUMAN.PEAKS034519.macs.M,17
225,di_35,False,0.8819836028579218,0.5346777582376655,0.8425597988469508,0.5707118480086907,0.8624127233453796,0.4413629626451033,ESR1,di,PEAKS034520,M,ESR1_HUMAN~CD~ESR1_HUMAN.PEAKS034520.macs.M,17
226,di_36,False,0.8581204908580055,0.4472844871117461,0.8300500641538273,0.5041393469156901,0.8429948780540534,0.3708904013501009,ESR1,di,PEAKS034566,M,ESR1_HUMAN~CD~ESR1_HUMAN.PEAKS034566.macs.M,20
227,di_37,False,0.8839271570703682,0.5472853871906868,0.8527663685319065,0.6073143048687009,0.8686128101793971,0.4742930236983947,ESR1,di,PEAKS034592,M,ESR1_HUMAN~CD~ESR1_HUMAN.PEAKS034592.macs.M,17
228,di_38,False,0.881558860500713,0.5400275072552517,0.8477748187567403,0.5924883779109328,0.8621523180358938,0.4552075395782014,ESR1,di,PEAKS034658,M,ESR1_HUMAN~CD~ESR1_HUMAN.PEAKS034658.macs.M,17
229,di_39,False,0.8838363755975845,0.5519749416250583,0.8456145304243483,0.5927625380372795,0.865397361831225,0.4676146802268002,ESR1,di,PEAKS034911,M,ESR1_HUMAN~CD~ESR1_HUMAN.PEAKS034911.macs.M,17
230,di_40,False,0.8783112927744694,0.5154269026331881,0.8329461508376071,0.536503524373595,0.8571465817662974,0.4187683118530311,ESR1,di,PEAKS034968,M,ESR1_HUMAN~CD~ESR1_HUMAN.PEAKS034968.macs.M,17
231,di_41,False,0.8785676300532584,0.5333148503233184,0.8521887995210773,0.6019491382248374,0.8701660996033018,0.4521863171817056,ESR1,di,PEAKS034974,M,ESR1_HUMAN~CD~ESR1_HUMAN.PEAKS034974.macs.M,17
232,di_42,False,0.8868670597269982,0.5435395193368044,0.8583740612120103,0.6006781986414166,0.8756767338879661,0.4616042578729651,ESR1,di,PEAKS034975,M,ESR1_HUMAN~CD~ESR1_HUMAN.PEAKS034975.macs.M,19
233,di_43,False,0.8802144686215718,0.5106211114448225,0.8366348909926291,0.5384625775176711,0.8589050585318926,0.3988268500831673,ESR1,di,PEAKS034989,M,ESR1_HUMAN~CD~ESR1_HUMAN.PEAKS034989.macs.M,19
234,di_44,False,0.8688449920846264,0.5006696326959746,0.8395981542637789,0.5597347962327406,0.8456042429767133,0.4061659008984556,ESR1,di,PEAKS034990,M,ESR1_HUMAN~CD~ESR1_HUMAN.PEAKS034990.macs.M,17
235,di_45,False,0.8874013540006709,0.5522792740825182,0.8545908879195594,0.602753520842568,0.8677812258369033,0.4655550156549403,ESR1,di,PEAKS035117,M,ESR1_HUMAN~CD~ESR1_HUMAN.PEAKS035117.macs.M,17
236,di_46,False,0.8845020184202801,0.5447545273157737,0.847496186803258,0.5909735952888536,0.8629730547919047,0.4613075531396824,ESR1,di,PEAKS035118,M,ESR1_HUMAN~CD~ESR1_HUMAN.PEAKS035118.macs.M,17
237,di_47,False,0.8108877948607733,0.2880078979642632,0.774782484450559,0.3870519809082764,0.7853942370676764,0.2184355760410876,ESR1,di,PEAKS036912,M,ESR1_HUMAN~CD~ESR1_HUMAN.PEAKS036912.macs.M,21
238,di_48,False,0.8837569671014007,0.5455396686041093,0.8422580959264714,0.586141940882404,0.8599632868657244,0.4560357648563016,ESR1,di,PEAKS037314,M,ESR1_HUMAN~CD~ESR1_HUMAN.PEAKS037314.macs.M,17
239,di_49,False,0.8804241720309485,0.5097576071592697,0.8408287664622044,0.5466100876509421,0.859629099664554,0.4080253767627375,ESR1,di,PEAKS037329,M,ESR1_HUMAN~CD~ESR1_HUMAN.PEAKS037329.macs.M,19
240,di_50,False,0.8929490215864295,0.5518030308331483,0.8536800691896467,0.5968694892236275,0.8743710965226759,0.4422027161557335,ESR1,di,PEAKS037331,M,ESR1_HUMAN~CD~ESR1_HUMAN.PEAKS037331.macs.M,19
241,di_51,False,0.8936269657384887,0.5594918145424758,0.8582273854900591,0.6053205735055107,0.8782044780771129,0.4579275520867085,ESR1,di,PEAKS037332,M,ESR1_HUMAN~CD~ESR1_HUMAN.PEAKS037332.macs.M,19
242,di_52,False,0.8882223632894406,0.5413057353599788,0.8496304932246519,0.5821560341744149,0.8748116741310293,0.4440589581605057,ESR1,di,PEAKS037333,M,ESR1_HUMAN~CD~ESR1_HUMAN.PEAKS037333.macs.M,19
243,di_53,False,0.8793575434559256,0.5370874271631938,0.8405182788951261,0.567564497152618,0.8583989151152442,0.4332490206566453,ESR1,di,PEAKS037334,M,ESR1_HUMAN~CD~ESR1_HUMAN.PEAKS037334.macs.M,19
244,di_54,False,0.8908010206114234,0.5484662035855458,0.8573801183983829,0.5995320213182538,0.8757118820282409,0.4612645800077971,ESR1,di,PEAKS037335,M,ESR1_HUMAN~CD~ESR1_HUMAN.PEAKS037335.macs.M,17
245,di_55,False,0.8748850129476642,0.5177047987502262,0.8460448651518818,0.5831378611427959,0.8556996177141396,0.4430544548592724,ESR1,di,PEAKS037336,M,ESR1_HUMAN~CD~ESR1_HUMAN.PEAKS037336.macs.M,17
246,di_56,False,0.8942385075065001,0.5578454609309067,0.8582806571124573,0.6044555313706748,0.8773895402841383,0.4651823365130595,ESR1,di,PEAKS037360,M,ESR1_HUMAN~CD~ESR1_HUMAN.PEAKS037360.macs.M,19
247,di_57,False,0.8731851041579299,0.5226969994302951,0.8309410005869785,0.5622613862096681,0.8547191607726425,0.4422981961432238,ESR1,di,PEAKS037361,M,ESR1_HUMAN~CD~ESR1_HUMAN.PEAKS037361.macs.M,17
248,di_58,False,0.8496266444057703,0.4453496587242978,0.8325198483219313,0.5396494891922622,0.8351163556015146,0.374945374741934,ESR1,di,PEAKS037389,M,ESR1_HUMAN~CD~ESR1_HUMAN.PEAKS037389.macs.M,19
249,di_59,False,0.8898428829782773,0.5449586938047842,0.8536231456745251,0.604432480837312,0.8726312063803185,0.4490263182721324,ESR1,di,PEAKS037390,M,ESR1_HUMAN~CD~ESR1_HUMAN.PEAKS037390.macs.M,17
250,di_60,False,0.8127193916170427,0.3731720149220215,0.8190059322510188,0.4923210949178063,0.8010299856597763,0.2888308938203019,ESR1,di,PEAKS037391,M,ESR1_HUMAN~CD~ESR1_HUMAN.PEAKS037391.macs.M,18
251,di_61,False,0.8932562835486035,0.5529756445746219,0.8601700214306619,0.6093427376532126,0.8760764937432668,0.4517683800701652,ESR1,di,PEAKS037392,M,ESR1_HUMAN~CD~ESR1_HUMAN.PEAKS037392.macs.M,19
252,di_62,False,0.8921531459678772,0.5468628714267797,0.8528887742971102,0.5937001118613688,0.8773577293084626,0.4494979249299333,ESR1,di,PEAKS037402,M,ESR1_HUMAN~CD~ESR1_HUMAN.PEAKS037402.macs.M,19
253,di_63,False,0.8857118767298497,0.5463507788485251,0.8441811169336279,0.588414244976228,0.8622941574398018,0.4512628196159479,ESR1,di,PEAKS037507,M,ESR1_HUMAN~CD~ESR1_HUMAN.PEAKS037507.macs.M,17
254,di_64,False,0.8869138149479997,0.5430548018647072,0.8511988837378478,0.5844366379023592,0.867081399504938,0.4423441575586194,ESR1,di,PEAKS037508,M,ESR1_HUMAN~CD~ESR1_HUMAN.PEAKS037508.macs.M,18
255,di_65,False,0.8653188118552378,0.4764156389736013,0.8347276848364515,0.5422599894752902,0.8456200402823366,0.3678484208848703,ESR1,di,PEAKS037509,M,ESR1_HUMAN~CD~ESR1_HUMAN.PEAKS037509.macs.M,19
256,di_66,False,0.8817716726599848,0.5232464112360519,0.8458163565659473,0.5601652836793392,0.8590164880143834,0.41887257414163,ESR1,di,PEAKS037510,M,ESR1_HUMAN~CD~ESR1_HUMAN.PEAKS037510.macs.M,19
257,di_67,False,0.892648288759121,0.5524262705433425,0.8580239986928297,0.6048603992618458,0.8732794684388974,0.4590397480813589,ESR1,di,PEAKS038025,M,ESR1_HUMAN~CD~ESR1_HUMAN.PEAKS038025.macs.M,19
258,di_68,False,0.8584412270401743,0.4433554864684835,0.8320282511250103,0.5387668999663209,0.8439516143560772,0.3663107007124396,ESR1,di,PEAKS038026,M,ESR1_HUMAN~CD~ESR1_HUMAN.PEAKS038026.macs.M,21
259,di_69,False,0.886579295269647,0.5449203192634581,0.8550264061792727,0.6034941325164044,0.8719733860943069,0.4580399254812032,ESR1,di,PEAKS038027,M,ESR1_HUMAN~CD~ESR1_HUMAN.PEAKS038027.macs.M,18
260,di_70,False,0.8679202552314853,0.4561191796772218,0.8313909170866172,0.5217995706617599,0.8468413014653692,0.3726235789116676,ESR1,di,PEAKS038029,M,ESR1_HUMAN~CD~ESR1_HUMAN.PEAKS038029.macs.M,21
261,di_71,False,0.8862612836010233,0.5484968123571101,0.8474056242161475,0.5940558565481302,0.8658380464507947,0.461270592321334,ESR1,di,PEAKS038042,M,ESR1_HUMAN~CD~ESR1_HUMAN.PEAKS038042.macs.M,17
262,di_72,False,0.8826053363247505,0.5400447231933668,0.8448054299640562,0.5921065884642583,0.8615668555276519,0.4544545388998666,ESR1,di,PEAKS038044,M,ESR1_HUMAN~CD~ESR1_HUMAN.PEAKS038044.macs.M,17
263,di_73,False,0.8667543678709217,0.5052419982535966,0.8402921517080219,0.5655376301910728,0.8501574520521291,0.4054174008564284,ESR1,di,PEAKS038061,M,ESR1_HUMAN~CD~ESR1_HUMAN.PEAKS038061.macs.M,17
264,di_74,False,0.8440577056948754,0.3841255727195047,0.8167894468441408,0.4497203954512682,0.8196353212678487,0.2825203652927266,ESR1,di,PEAKS038063,M,ESR1_HUMAN~CD~ESR1_HUMAN.PEAKS038063.macs.M,17
265,di_75,False,0.8790583695902876,0.5086685619479471,0.8382172807733616,0.5351520738893533,0.861296851996642,0.4163952419884659,ESR1,di,PEAKS038354,M,ESR1_HUMAN~CD~ESR1_HUMAN.PEAKS038354.macs.M,17
266,di_76,False,0.8888297314014929,0.5370114864925021,0.8484027401556314,0.587110182790844,0.8693751002554577,0.4217894524916275,ESR1,di,PEAKS038355,M,ESR1_HUMAN~CD~ESR1_HUMAN.PEAKS038355.macs.M,18
267,di_77,False,0.8758545681141491,0.5274838876556637,0.8551023705221177,0.5976079186079978,0.867056014967158,0.442879610950497,ESR1,di,PEAKS038431,M,ESR1_HUMAN~CD~ESR1_HUMAN.PEAKS038431.macs.M,17
268,di_78,False,0.8830319453472281,0.5302383984908335,0.8484203643723013,0.5799556599039648,0.8606431303843396,0.4470441774170539,ESR1,di,PEAKS038432,M,ESR1_HUMAN~CD~ESR1_HUMAN.PEAKS038432.macs.M,17
269,di_79,False,0.8870676636018621,0.5187974152200663,0.855782997728019,0.5945802965810272,0.8735497097726102,0.4306138220698375,ESR1,di,PEAKS038438,M,ESR1_HUMAN~CD~ESR1_HUMAN.PEAKS038438.macs.M,18
270,di_80,False,0.8849327077916631,0.537043044734461,0.8472886652012712,0.5800427000890811,0.8647871919824458,0.4481616783082706,ESR1,di,PEAKS038439,M,ESR1_HUMAN~CD~ESR1_HUMAN.PEAKS038439.macs.M,17
271,di_81,False,0.8691867564266544,0.449723981697518,0.8395265382018271,0.5383252722747526,0.8519241996677968,0.3569018780915826,ESR1,di,PEAKS038445,M,ESR1_HUMAN~CD~ESR1_HUMAN.PEAKS038445.macs.M,20
272,di_82,False,0.8904097047198692,0.5460669545488608,0.8578863542549542,0.6009113863543503,0.8739560902713474,0.4417549994046454,ESR1,di,PEAKS038446,M,ESR1_HUMAN~CD~ESR1_HUMAN.PEAKS038446.macs.M,19
273,di_83,False,0.8914367296926109,0.5594763958125494,0.852639061105925,0.5933335787012877,0.8710664309057041,0.4446684211472336,ESR1,di,PEAKS038547,M,ESR1_HUMAN~CD~ESR1_HUMAN.PEAKS038547.macs.M,20
274,di_84,False,0.8975277032835696,0.5640398857834648,0.8593224621046647,0.6041033434510055,0.8792397953815833,0.4600107458717384,ESR1,di,PEAKS038659,M,ESR1_HUMAN~CD~ESR1_HUMAN.PEAKS038659.macs.M,18
275,di_85,False,0.8819578957162626,0.536459574357521,0.8458670892731436,0.590002904460497,0.8611409822332557,0.4565287956082916,ESR1,di,PEAKS038660,M,ESR1_HUMAN~CD~ESR1_HUMAN.PEAKS038660.macs.M,17
276,di_86,False,0.8870400428793088,0.5507649763883327,0.8513272139839536,0.5994553739441506,0.8663741038261012,0.4475423281254486,ESR1,di,PEAKS038661,M,ESR1_HUMAN~CD~ESR1_HUMAN.PEAKS038661.macs.M,17
277,di_87,False,0.8830603832927953,0.5365719504027525,0.8458996236579468,0.5926903001964625,0.8589617982568342,0.4436076353915344,ESR1,di,PEAKS038662,M,ESR1_HUMAN~CD~ESR1_HUMAN.PEAKS038662.macs.M,17
278,di_88,False,0.888344426738237,0.5489040727601953,0.8566985564571704,0.6092085442528891,0.8738819430282374,0.4638736200104456,ESR1,di,PEAKS038946,M,ESR1_HUMAN~CD~ESR1_HUMAN.PEAKS038946.macs.M,19
279,di_89,False,0.8925703663612345,0.5494751290840593,0.8572665687839207,0.6001141982561622,0.8777169477662761,0.4578590054832594,ESR1,di,PEAKS038947,M,ESR1_HUMAN~CD~ESR1_HUMAN.PEAKS038947.macs.M,20
280,di_90,False,0.8778266381154072,0.5322050005613995,0.8478710146267235,0.5960497861516283,0.8610763461974987,0.4574656889014473,ESR1,di,PEAKS038948,M,ESR1_HUMAN~CD~ESR1_HUMAN.PEAKS038948.macs.M,17
281,di_91,False,0.8856186965319133,0.5439789305380911,0.8528470718376979,0.5945405126196127,0.8633995825841948,0.4588547477512696,ESR1,di,PEAKS038949,M,ESR1_HUMAN~CD~ESR1_HUMAN.PEAKS038949.macs.M,17
282,di_92,False,0.8744111095676423,0.4786406500712782,0.8293070355937195,0.5267384596588167,0.8556598644884901,0.3766490859595761,ESR1,di,PEAKS039089,M,ESR1_HUMAN~CD~ESR1_HUMAN.PEAKS039089.macs.M,19
283,di_93,False,0.8846181694518996,0.5381639595139435,0.8461142272789095,0.5842224805648498,0.8622881797644312,0.4398259727129235,ESR1,di,PEAKS039115,M,ESR1_HUMAN~CD~ESR1_HUMAN.PEAKS039115.macs.M,19
284,di_94,False,0.8838193116770109,0.5307314741964337,0.8444312000810281,0.562171260761579,0.8584099486202039,0.4187378837002822,ESR1,di,PEAKS039117,M,ESR1_HUMAN~CD~ESR1_HUMAN.PEAKS039117.macs.M,19
285,di_95,False,0.8618309234253123,0.4429411115768513,0.8254701005127927,0.4918772224774337,0.8366634012632368,0.3478929480647399,ESR1,di,PEAKS039119,M,ESR1_HUMAN~CD~ESR1_HUMAN.PEAKS039119.macs.M,18
286,di_96,False,0.8767607140610585,0.5109789322630192,0.8372676031690628,0.547328556759593,0.8553585902623397,0.4074564778700696,ESR1,di,PEAKS039122,M,ESR1_HUMAN~CD~ESR1_HUMAN.PEAKS039122.macs.M,17
287,di_97,False,0.8868504715151387,0.5368675088480044,0.8513781591309934,0.587614198720505,0.864439476870084,0.4188459326806585,ESR1,di,PEAKS039511,M,ESR1_HUMAN~CD~ESR1_HUMAN.PEAKS039511.macs.M,19
288,di_98,False,0.8800249764111382,0.541920847797456,0.8477440657577462,0.5849932727672945,0.8623455743475739,0.4584244530225738,ESR1,di,PEAKS039512,M,ESR1_HUMAN~CD~ESR1_HUMAN.PEAKS039512.macs.M,17
289,di_99,False,0.8934743670322067,0.5569416369537008,0.8596543636079613,0.607159720711108,0.8762912648941958,0.4587599561481591,ESR1,di,PEAKS039513,M,ESR1_HUMAN~CD~ESR1_HUMAN.PEAKS039513.macs.M,19
0,mono_0,True,0.7901328697697942,0.0438639985459845,0.8070549335629921,0.0402357779437416,0.7099965461787436,0.0710108164646973,FLI1,mono,PEAKS037496,S,FLI1_HUMAN~CM~FLI1_HUMAN.PEAKS037496.macs.S,10
1,mono_1,True,0.7517655032578904,0.0404093556413797,0.7717937992125985,0.0287929076925554,0.7019342630603977,0.0715325168862876,FLI1,mono,PEAKS037493,S,FLI1_HUMAN~CM~FLI1_HUMAN.PEAKS037493.macs.S,14
2,mono_2,True,0.780432831647581,0.0439025885669102,0.8022434793307087,0.0428194964527599,0.7138111816614984,0.0742283934631857,FLI1,mono,PEAKS037492,M,FLI1_HUMAN~CM~FLI1_HUMAN.PEAKS037492.macs.M,12
3,mono_3,True,0.7831191442129082,0.043989168538303,0.8052463705708661,0.0426592512749955,0.7162978164249896,0.0744330055160718,FLI1,mono,PEAKS037492,S,FLI1_HUMAN~CM~FLI1_HUMAN.PEAKS037492.macs.S,12
4,mono_4,True,0.7973278949727498,0.0435650102071219,0.8109668737696851,0.0330784296648097,0.785131735290725,0.1164247758624708,FLI1,mono,PEAKS037350,M,FLI1_HUMAN~CM~FLI1_HUMAN.PEAKS037350.macs.M,13
5,mono_5,True,0.8116822102362184,0.043787571350845,0.8155993171751968,0.0482538009382888,0.778435847645091,0.1140018470858904,FLI1,mono,PEAKS037350,S,FLI1_HUMAN~CM~FLI1_HUMAN.PEAKS037350.macs.S,11
6,mono_6,True,0.7985304367675483,0.0433133519462471,0.7950204539862205,0.0432098479640346,0.7901972990303515,0.1381750989654837,FLI1,mono,PEAKS034925,M,FLI1_HUMAN~CM~FLI1_HUMAN.PEAKS034925.macs.M,13
7,mono_7,True,0.8222758467626032,0.049964778848462,0.8201857775590551,0.0408431667033391,0.8000140202072292,0.1544414003489558,FLI1,mono,PEAKS034925,S,FLI1_HUMAN~CM~FLI1_HUMAN.PEAKS034925.macs.S,11
8,mono_8,True,0.804181170520157,0.0463753814096594,0.7981059301181102,0.0452814562432508,0.7959318898305661,0.1341225765777682,FLI1,mono,PEAKS034656,M,FLI1_HUMAN~CM~FLI1_HUMAN.PEAKS034656.macs.M,13
9,mono_9,True,0.7869192528749733,0.0426457886500816,0.7586546505905511,0.0268600896611732,0.7934515287739273,0.1360740514208527,FLI1,mono,PEAKS034656,S,FLI1_HUMAN~CM~FLI1_HUMAN.PEAKS034656.macs.S,15
10,mono_10,True,0.7884952442829942,0.0468837318089257,0.7776222625492126,0.0376801036667346,0.7973659160768933,0.1529541342022324,FLI1,mono,PEAKS034655,M,FLI1_HUMAN~CM~FLI1_HUMAN.PEAKS034655.macs.M,14
11,mono_11,True,0.8250814490344249,0.0550385493271387,0.8124304872047245,0.0454053373844945,0.8063337127560679,0.1639937778036655,FLI1,mono,PEAKS034655,S,FLI1_HUMAN~CM~FLI1_HUMAN.PEAKS034655.macs.S,12
12,mono_12,True,0.7432826938683602,0.0347349732087992,0.7707062007874016,0.0335227986454212,0.6806310404551716,0.0647934517801888,FLI1,mono,PEAKS034654,M,FLI1_HUMAN~CM~FLI1_HUMAN.PEAKS034654.macs.M,13
13,mono_13,True,0.73835384687,0.0335614655529141,0.764339936023622,0.0328417260808253,0.6745458063892301,0.0634571453650066,FLI1,mono,PEAKS034654,S,FLI1_HUMAN~CM~FLI1_HUMAN.PEAKS034654.macs.S,13
14,mono_14,True,0.7448569690818043,0.0331654847911897,0.7593231729822834,0.0273791383861938,0.7028427183066097,0.0703117157338722,FLI1,mono,PEAKS034646,S,FLI1_HUMAN~CM~FLI1_HUMAN.PEAKS034646.macs.S,13
15,mono_15,True,0.8657561895124739,0.0714523871963276,0.8668825356791339,0.0591874948051563,0.8108742977003929,0.1517633204692211,FLI1,mono,PEAKS033228,M,FLI1_HUMAN~CM~FLI1_HUMAN.PEAKS033228.macs.M,11
16,mono_16,True,0.866369927641549,0.0708521531608074,0.8629455278051181,0.0643138508198729,0.809493365982914,0.1549978391523658,FLI1,mono,PEAKS033228,S,FLI1_HUMAN~CM~FLI1_HUMAN.PEAKS033228.macs.S,10
17,mono_17,True,0.7201076278097616,0.0297203994013969,0.7445181779035432,0.0287271614964602,0.6896894677111819,0.0667839294877726,FLI1,mono,PEAKS034646,M,FLI1_HUMAN~CM~FLI1_HUMAN.PEAKS034646.macs.M,15
18,di_0,False,0.8729613558651999,0.0758932313035893,0.8698968073326772,0.0691006853756855,0.8126717789215121,0.1535081890752661,FLI1,di,PEAKS033228,M,FLI1_HUMAN~CD~FLI1_HUMAN.PEAKS033228.macs.M,12
19,di_1,False,0.774081521738668,0.0356687560823481,0.7919009904035432,0.0332997372837917,0.7242112751318084,0.075874154108583,FLI1,di,PEAKS034646,M,FLI1_HUMAN~CD~FLI1_HUMAN.PEAKS034646.macs.M,14
20,di_2,False,0.7509326950186359,0.0356712036093946,0.7757040477362205,0.0358947883001339,0.6774521150414254,0.0645853983511975,FLI1,di,PEAKS034654,M,FLI1_HUMAN~CD~FLI1_HUMAN.PEAKS034654.macs.M,13
21,di_3,False,0.8450277999409572,0.0671266954870601,0.849835752952756,0.0484357418293292,0.8209712642410754,0.1966292332316585,FLI1,di,PEAKS034655,M,FLI1_HUMAN~CD~FLI1_HUMAN.PEAKS034655.macs.M,12
22,di_4,False,0.8430583957472642,0.0658195496670114,0.8415817236712598,0.0583326908776823,0.811413694333426,0.1693459029054419,FLI1,di,PEAKS034656,M,FLI1_HUMAN~CD~FLI1_HUMAN.PEAKS034656.macs.M,12
23,di_5,False,0.8140522465795462,0.0540059793435463,0.8113445804625984,0.0350210120224479,0.7960719173457824,0.1556171194782894,FLI1,di,PEAKS034925,M,FLI1_HUMAN~CD~FLI1_HUMAN.PEAKS034925.macs.M,15
24,di_6,False,0.8360132822680819,0.0591314876003249,0.8441626168799212,0.0591545177553069,0.8032317444511544,0.1440579897005418,FLI1,di,PEAKS037350,M,FLI1_HUMAN~CD~FLI1_HUMAN.PEAKS037350.macs.M,13
25,di_7,False,0.8132007020342125,0.0497778081721667,0.8286146653543307,0.0505731790903574,0.7364755455544775,0.0813832726705361,FLI1,di,PEAKS037492,M,FLI1_HUMAN~CD~FLI1_HUMAN.PEAKS037492.macs.M,14
0,mono_0,True,0.8685155228859545,0.2321405870072575,0.8745751924126395,0.2509853473860493,0.8511091021465482,0.1708157817852383,GATA1,mono,PEAKS038250,M,GATA1_HUMAN~CM~GATA1_HUMAN.PEAKS038250.macs.M,10
1,mono_1,True,0.8799775332992902,0.2311889422897963,0.8883415809986671,0.2562971919207305,0.865399978166799,0.1767138746605014,GATA1,mono,PEAKS038250,S,GATA1_HUMAN~CM~GATA1_HUMAN.PEAKS038250.macs.S,9
2,mono_2,True,0.8675795467669503,0.228667172915415,0.8755876660269543,0.2493399747035902,0.8465319885942045,0.1662800672225112,GATA1,mono,PEAKS034765,S,GATA1_HUMAN~CM~GATA1_HUMAN.PEAKS034765.macs.S,9
3,mono_3,True,0.8874361899216853,0.2396945649251555,0.896704697411333,0.2636468780468814,0.8746703739879572,0.1781436427064945,GATA1,mono,PEAKS033625,S,GATA1_HUMAN~CM~GATA1_HUMAN.PEAKS033625.macs.S,9
4,mono_4,True,0.870445736831807,0.233250344720437,0.8775437126488186,0.2551069769605559,0.8499673647818978,0.1716852139495874,GATA1,mono,PEAKS033445,M,GATA1_HUMAN~CM~GATA1_HUMAN.PEAKS033445.macs.M,9
5,mono_5,True,0.86343809004529,0.2307923079955328,0.8690905552861243,0.2502532573951291,0.8425567454741252,0.1711028064630601,GATA1,mono,PEAKS033445,S,GATA1_HUMAN~CM~GATA1_HUMAN.PEAKS033445.macs.S,10
6,mono_6,True,0.8823378807763711,0.2317668731675339,0.8903361199575461,0.2538744848872442,0.8691918117288612,0.1717927268799586,GATA1,mono,PEAKS033397,M,GATA1_HUMAN~CM~GATA1_HUMAN.PEAKS033397.macs.M,9
7,mono_7,True,0.8823739516271434,0.2317910984372211,0.8900849523848438,0.2528589918072743,0.8687661155288231,0.1712656141231084,GATA1,mono,PEAKS033397,S,GATA1_HUMAN~CM~GATA1_HUMAN.PEAKS033397.macs.S,9
8,mono_8,True,0.8821820653911683,0.2375632596275539,0.8887045522363676,0.2560556807492597,0.8685254931348537,0.1738935103163939,GATA1,mono,PEAKS033395,S,GATA1_HUMAN~CM~GATA1_HUMAN.PEAKS033395.macs.S,10
9,mono_9,True,0.8835611363517054,0.2322300940252429,0.8931542562478847,0.258173660576082,0.8686036748724482,0.1753530029268903,GATA1,mono,PEAKS033326,M,GATA1_HUMAN~CM~GATA1_HUMAN.PEAKS033326.macs.M,9
10,mono_10,True,0.8829672753043587,0.2317674735859246,0.8926789401523985,0.2582981630226853,0.867514338831579,0.1743281193046121,GATA1,mono,PEAKS033326,S,GATA1_HUMAN~CM~GATA1_HUMAN.PEAKS033326.macs.S,9
11,mono_11,True,0.8867076114708956,0.2319982972000747,0.8953333588595931,0.2582958428441526,0.8730202278860866,0.1749022120503717,GATA1,mono,PEAKS033300,S,GATA1_HUMAN~CM~GATA1_HUMAN.PEAKS033300.macs.S,9
12,mono_12,True,0.8720117467392705,0.2270396146390206,0.880995115532145,0.2545038985809905,0.8542632671989809,0.1704570728686885,GATA1,mono,PEAKS033266,M,GATA1_HUMAN~CM~GATA1_HUMAN.PEAKS033266.macs.M,10
13,mono_13,True,0.8685732894592415,0.2324755256367996,0.8766818529872793,0.254841029274952,0.8504917987602681,0.1738314980290902,GATA1,mono,PEAKS033266,S,GATA1_HUMAN~CM~GATA1_HUMAN.PEAKS033266.macs.S,10
14,mono_14,True,0.8901377858059836,0.2450116148021137,0.8950781695479884,0.2636058473432862,0.8809116382452017,0.1855145538513135,GATA1,mono,PEAKS033230,M,GATA1_HUMAN~CM~GATA1_HUMAN.PEAKS033230.macs.M,10
15,mono_15,True,0.8904986019309055,0.2450593811083213,0.8957223952949239,0.2643187947817029,0.8810917889107039,0.1855348914855099,GATA1,mono,PEAKS033230,S,GATA1_HUMAN~CM~GATA1_HUMAN.PEAKS033230.macs.S,10
16,mono_16,True,0.888227984289321,0.230876189030559,0.8978032443560526,0.2550814598547888,0.8767254035038183,0.1741153670980337,GATA1,mono,PEAKS033209,S,GATA1_HUMAN~CM~GATA1_HUMAN.PEAKS033209.macs.S,8
17,mono_17,True,0.8892666303170293,0.2400746388244821,0.8974471800913033,0.2644992804391708,0.8772440385511947,0.1783204222067671,GATA1,mono,PEAKS033207,S,GATA1_HUMAN~CM~GATA1_HUMAN.PEAKS033207.macs.S,9
18,mono_18,True,0.8753017450212133,0.2255781604757153,0.8823915180748583,0.2456810762114176,0.8603477820422744,0.1667620259430423,GATA1,mono,PEAKS033157,M,GATA1_HUMAN~CM~GATA1_HUMAN.PEAKS033157.macs.M,10
19,mono_19,True,0.874261026348317,0.226438299038816,0.8802789246742848,0.2490263315147635,0.8593810287541614,0.1666595161960824,GATA1,mono,PEAKS033157,S,GATA1_HUMAN~CM~GATA1_HUMAN.PEAKS033157.macs.S,10
20,mono_20,True,0.8826850455046554,0.2307478890504352,0.8913020070202176,0.2554813073670171,0.8680508835059195,0.1739367548855835,GATA1,mono,PEAKS033092,M,GATA1_HUMAN~CM~GATA1_HUMAN.PEAKS033092.macs.M,9
21,mono_21,True,0.8837600503963463,0.2313191573237021,0.8920975773301918,0.2559946159325166,0.8697210693671984,0.174694136944467,GATA1,mono,PEAKS033092,S,GATA1_HUMAN~CM~GATA1_HUMAN.PEAKS033092.macs.S,9
22,mono_22,True,0.8707477364595613,0.2554314848871512,0.8744559270520829,0.2938360431561891,0.8478907382905096,0.1865309322425465,GATA1,mono,PEAKS034765,M,GATA1_HUMAN~CM~GATA1_HUMAN.PEAKS034765.macs.M,19
23,mono_23,True,0.8982496470824047,0.2763117354606421,0.9027782469994412,0.3267874994767291,0.8852369647582589,0.2087148995478582,GATA1,mono,PEAKS033625,M,GATA1_HUMAN~CM~GATA1_HUMAN.PEAKS033625.macs.M,18
24,mono_24,True,0.8954710841418543,0.2714638725507923,0.8989751093936658,0.3232789965416766,0.8814878096867182,0.2001805397098397,GATA1,mono,PEAKS033395,M,GATA1_HUMAN~CM~GATA1_HUMAN.PEAKS033395.macs.M,19
25,mono_25,True,0.896257088656527,0.2716876383973719,0.902595888707221,0.3197006533999609,0.8818033380173483,0.2053712455536768,GATA1,mono,PEAKS033300,M,GATA1_HUMAN~CM~GATA1_HUMAN.PEAKS033300.macs.M,19
26,mono_26,True,0.9051178315253964,0.2882189526021027,0.9095333815491008,0.3423246247558963,0.8916966618184923,0.2164624922394123,GATA1,mono,PEAKS033209,M,GATA1_HUMAN~CM~GATA1_HUMAN.PEAKS033209.macs.M,19
27,mono_27,True,0.902306380912384,0.2829019362415102,0.9062236392603708,0.3353016008171973,0.8895721334484639,0.2128401935459973,GATA1,mono,PEAKS033207,M,GATA1_HUMAN~CM~GATA1_HUMAN.PEAKS033207.macs.M,18
28,di_0,False,0.8992812080328721,0.2806658646228648,0.9041951472189828,0.3156766543065058,0.8812754335449895,0.2039221576358148,GATA1,di,PEAKS033092,M,GATA1_HUMAN~CD~GATA1_HUMAN.PEAKS033092.macs.M,20
29,di_1,False,0.8993953020678729,0.2787965886328362,0.9063411355970028,0.3197766619686885,0.8838144248511075,0.2053844342827323,GATA1,di,PEAKS033157,M,GATA1_HUMAN~CD~GATA1_HUMAN.PEAKS033157.macs.M,20
30,di_2,False,0.9140166532244596,0.3086162668337521,0.9199128740496232,0.356677819443906,0.8968770038938612,0.2236117569020653,GATA1,di,PEAKS033207,M,GATA1_HUMAN~CD~GATA1_HUMAN.PEAKS033207.macs.M,19
31,di_3,False,0.9141214823970718,0.310788200363559,0.9174291374002572,0.3563214683523688,0.8970772309263186,0.2261178314374425,GATA1,di,PEAKS033209,M,GATA1_HUMAN~CD~GATA1_HUMAN.PEAKS033209.macs.M,20
32,di_4,False,0.914206411455624,0.3102920650161168,0.9176898705554796,0.3505148617591815,0.8995970346245018,0.2320793516831424,GATA1,di,PEAKS033230,M,GATA1_HUMAN~CD~GATA1_HUMAN.PEAKS033230.macs.M,20
33,di_5,False,0.8931742596843548,0.2859528490901741,0.8949952046936567,0.3360793245104385,0.8711134792929325,0.2177479209157494,GATA1,di,PEAKS033266,M,GATA1_HUMAN~CD~GATA1_HUMAN.PEAKS033266.macs.M,20
34,di_6,False,0.9099276208724868,0.2982652534654711,0.915253170324262,0.3384886136616795,0.8953537963504081,0.2179704718370653,GATA1,di,PEAKS033300,M,GATA1_HUMAN~CD~GATA1_HUMAN.PEAKS033300.macs.M,19
35,di_7,False,0.9052597599969456,0.2852282109626615,0.91024244557444,0.326575660300869,0.8900825574065441,0.2123667357288644,GATA1,di,PEAKS033326,M,GATA1_HUMAN~CD~GATA1_HUMAN.PEAKS033326.macs.M,20
36,di_8,False,0.9070317819117206,0.2978567556232352,0.9109048080446684,0.3437188580369926,0.8901133678286964,0.2124707801191557,GATA1,di,PEAKS033395,M,GATA1_HUMAN~CD~GATA1_HUMAN.PEAKS033395.macs.M,20
37,di_9,False,0.907089778275166,0.2970880535067455,0.915740098387496,0.3355070366924126,0.8905067609051093,0.214240760392113,GATA1,di,PEAKS033397,M,GATA1_HUMAN~CD~GATA1_HUMAN.PEAKS033397.macs.M,20
38,di_10,False,0.8909282474861482,0.287201783914247,0.8869419211518639,0.3288664835540894,0.8643922562725308,0.2106371876129338,GATA1,di,PEAKS033445,M,GATA1_HUMAN~CD~GATA1_HUMAN.PEAKS033445.macs.M,20
39,di_11,False,0.9107228033922088,0.3025482381665589,0.9178050363806703,0.3528996225538497,0.8950898290115634,0.2188697708298068,GATA1,di,PEAKS033625,M,GATA1_HUMAN~CD~GATA1_HUMAN.PEAKS033625.macs.M,19
40,di_12,False,0.9049733164231956,0.2967042433139867,0.912244933302386,0.3446099914889429,0.8823244842111483,0.2122005337708223,GATA1,di,PEAKS034765,M,GATA1_HUMAN~CD~GATA1_HUMAN.PEAKS034765.macs.M,21
41,di_13,False,0.8936083559623745,0.2596819315337048,0.8991926925714457,0.2955018976668466,0.8833286884976788,0.2067945270428276,GATA1,di,PEAKS038250,M,GATA1_HUMAN~CD~GATA1_HUMAN.PEAKS038250.macs.M,22
0,mono_0,True,0.8404521737733344,0.1605636298086444,0.851176451065021,0.1292008396192384,0.8022902748796348,0.101061108319025,GATA2,mono,PEAKS039283,M,GATA2_HUMAN~CM~GATA2_HUMAN.PEAKS039283.macs.M,11
1,mono_1,True,0.8501414999406829,0.1790736904316517,0.8636320135864286,0.1556086008291806,0.8065010782346004,0.1020088690227548,GATA2,mono,PEAKS039283,S,GATA2_HUMAN~CM~GATA2_HUMAN.PEAKS039283.macs.S,8
2,mono_2,True,0.8404719688939881,0.1643913284667501,0.855025174798938,0.1359508352965505,0.8065618185679599,0.1061155599207925,GATA2,mono,PEAKS039280,M,GATA2_HUMAN~CM~GATA2_HUMAN.PEAKS039280.macs.M,12
3,mono_3,True,0.8484250731348328,0.1777153619572593,0.8638087914299295,0.1603874703778306,0.8086569778644004,0.1054926608547213,GATA2,mono,PEAKS039280,S,GATA2_HUMAN~CM~GATA2_HUMAN.PEAKS039280.macs.S,9
4,mono_4,True,0.8452672868548573,0.1679705904562403,0.8571633161705761,0.1396151709311501,0.809418493529102,0.1075276282827841,GATA2,mono,PEAKS039277,M,GATA2_HUMAN~CM~GATA2_HUMAN.PEAKS039277.macs.M,12
5,mono_5,True,0.8481925248315433,0.1776191560783482,0.8635852177537134,0.1635790137579052,0.807771511321943,0.1061598234220596,GATA2,mono,PEAKS039277,S,GATA2_HUMAN~CM~GATA2_HUMAN.PEAKS039277.macs.S,9
6,mono_6,True,0.8430290283919475,0.1683242227729133,0.8590546984671583,0.1400328727718498,0.8079320036246125,0.1075540937995952,GATA2,mono,PEAKS039274,M,GATA2_HUMAN~CM~GATA2_HUMAN.PEAKS039274.macs.M,12
7,mono_7,True,0.8468084477735356,0.1756014074607677,0.8621565543091797,0.1582748601848086,0.8060810332957543,0.1051651051757872,GATA2,mono,PEAKS039274,S,GATA2_HUMAN~CM~GATA2_HUMAN.PEAKS039274.macs.S,9
8,mono_8,True,0.8502614777201255,0.179015673604196,0.8668245514404556,0.1637675046316087,0.8105638953973551,0.1064348930619586,GATA2,mono,PEAKS039271,M,GATA2_HUMAN~CM~GATA2_HUMAN.PEAKS039271.macs.M,9
9,mono_9,True,0.8498655072243043,0.1786178301876659,0.8669313585470939,0.1634498261902908,0.8104738174024473,0.1063476782759403,GATA2,mono,PEAKS039271,S,GATA2_HUMAN~CM~GATA2_HUMAN.PEAKS039271.macs.S,9
10,mono_10,True,0.8411516463486182,0.1700480222075851,0.8591066760541688,0.1546076336904868,0.8014760085947151,0.0993714473646239,GATA2,mono,PEAKS039270,M,GATA2_HUMAN~CM~GATA2_HUMAN.PEAKS039270.macs.M,9
11,mono_11,True,0.8427041360400641,0.1742353653450941,0.8572509940769268,0.1485715825749602,0.7985842414612336,0.0982343394900546,GATA2,mono,PEAKS039270,S,GATA2_HUMAN~CM~GATA2_HUMAN.PEAKS039270.macs.S,8
12,mono_12,True,0.847559212220403,0.1780697243283697,0.8617617046318718,0.161086680847265,0.8045684461715332,0.1049434393116841,GATA2,mono,PEAKS039268,M,GATA2_HUMAN~CM~GATA2_HUMAN.PEAKS039268.macs.M,9
13,mono_13,True,0.8470537174736168,0.1765260582125226,0.8588293065855112,0.1582603830861966,0.8043840150030601,0.1045262571619939,GATA2,mono,PEAKS039268,S,GATA2_HUMAN~CM~GATA2_HUMAN.PEAKS039268.macs.S,9
14,mono_14,True,0.8447228116620696,0.184893760627384,0.860825045478093,0.1683140171203278,0.8042787893301999,0.1121807454410631,GATA2,mono,PEAKS037381,M,GATA2_HUMAN~CM~GATA2_HUMAN.PEAKS037381.macs.M,10
15,mono_15,True,0.8501404007852587,0.1869313628149524,0.8657176631311361,0.169083908520556,0.8110235031073031,0.1140969724592735,GATA2,mono,PEAKS037381,S,GATA2_HUMAN~CM~GATA2_HUMAN.PEAKS037381.macs.S,10
16,mono_16,True,0.7947759622172736,0.1596230177939486,0.7984151125667249,0.1337574897469809,0.7502425159618986,0.0920067674738952,GATA2,mono,PEAKS037380,M,GATA2_HUMAN~CM~GATA2_HUMAN.PEAKS037380.macs.M,12
17,mono_17,True,0.8146326903849568,0.1772003732870635,0.8241367217021446,0.1540509426711512,0.7731238779975061,0.1046427940611722,GATA2,mono,PEAKS037380,S,GATA2_HUMAN~CM~GATA2_HUMAN.PEAKS037380.macs.S,10
18,mono_18,True,0.8207066163776777,0.1439661806253438,0.8343063513483908,0.1151674339279461,0.7807660536572019,0.0862406895936588,GATA2,mono,PEAKS036883,M,GATA2_HUMAN~CM~GATA2_HUMAN.PEAKS036883.macs.M,12
19,mono_19,True,0.8376598126762305,0.1590830351667926,0.8514521518776119,0.1404074906857769,0.7939948100037483,0.0917922403981423,GATA2,mono,PEAKS036883,S,GATA2_HUMAN~CM~GATA2_HUMAN.PEAKS036883.macs.S,9
20,mono_20,True,0.8388008800373158,0.1816021252824531,0.8540310991838933,0.1502592387514365,0.7937948061622585,0.1048002198884211,GATA2,mono,PEAKS034900,M,GATA2_HUMAN~CM~GATA2_HUMAN.PEAKS034900.macs.M,10
21,mono_21,True,0.8442770844746248,0.1849731408893133,0.8599603720420874,0.1685189712892517,0.7987194500507051,0.1094271165725554,GATA2,mono,PEAKS034900,S,GATA2_HUMAN~CM~GATA2_HUMAN.PEAKS034900.macs.S,9
22,mono_22,True,0.8458252758588121,0.1904335385164518,0.8570171093655814,0.1658460193730474,0.8023246829845768,0.1135804080917235,GATA2,mono,PEAKS033780,M,GATA2_HUMAN~CM~GATA2_HUMAN.PEAKS033780.macs.M,10
23,mono_23,True,0.8454260273138197,0.1906054739737011,0.8565725856862105,0.1658011914456046,0.8013220860559255,0.1135612984666005,GATA2,mono,PEAKS033780,S,GATA2_HUMAN~CM~GATA2_HUMAN.PEAKS033780.macs.S,10
24,mono_24,True,0.8400186909118672,0.1751639794879461,0.8548961005790315,0.1557239939112496,0.7944610101827917,0.1043381357324701,GATA2,mono,PEAKS033718,S,GATA2_HUMAN~CM~GATA2_HUMAN.PEAKS033718.macs.S,10
25,mono_25,True,0.8439255602160227,0.1895367531674444,0.8565521840044886,0.1594777893101093,0.7982095980270467,0.1110851480522493,GATA2,mono,PEAKS033523,S,GATA2_HUMAN~CM~GATA2_HUMAN.PEAKS033523.macs.S,9
26,mono_26,True,0.8382534180518814,0.18504679264038,0.8515269580439258,0.1578328059712679,0.7896406664870865,0.1074903725063695,GATA2,mono,PEAKS033328,M,GATA2_HUMAN~CM~GATA2_HUMAN.PEAKS033328.macs.M,11
27,mono_27,True,0.8382473355833471,0.1851648581573102,0.8513503349971356,0.1577227341294457,0.7896949897831032,0.1075790452851489,GATA2,mono,PEAKS033328,S,GATA2_HUMAN~CM~GATA2_HUMAN.PEAKS033328.macs.S,11
28,mono_28,True,0.8414690380461893,0.1877242677455687,0.8578835800176338,0.1650573588752439,0.7969123786069714,0.1115095997068745,GATA2,mono,PEAKS033325,S,GATA2_HUMAN~CM~GATA2_HUMAN.PEAKS033325.macs.S,10
29,mono_29,True,0.8454871771741684,0.1881766836371791,0.8608426791847356,0.1611628885042398,0.8031331417798686,0.1098720001848389,GATA2,mono,PEAKS033265,M,GATA2_HUMAN~CM~GATA2_HUMAN.PEAKS033265.macs.M,9
30,mono_30,True,0.8449466647906174,0.1909740178975349,0.8608459981311577,0.1707058452806699,0.8026399377249571,0.1143904084023872,GATA2,mono,PEAKS033265,S,GATA2_HUMAN~CM~GATA2_HUMAN.PEAKS033265.macs.S,10
31,mono_31,True,0.8183951620778211,0.1719046290705264,0.8278961251103747,0.1446378904484702,0.7784493690797295,0.101732778196153,GATA2,mono,PEAKS033231,M,GATA2_HUMAN~CM~GATA2_HUMAN.PEAKS033231.macs.M,11
32,mono_32,True,0.8199268194312856,0.1741006513528051,0.8277567818341076,0.1488103140811278,0.7783309316881672,0.1039055831458653,GATA2,mono,PEAKS033231,S,GATA2_HUMAN~CM~GATA2_HUMAN.PEAKS033231.macs.S,10
33,mono_33,True,0.8457910017249898,0.1791961213444914,0.8605592280419226,0.1680856823749817,0.804395296972485,0.1060898365126582,GATA2,mono,PEAKS033115,M,GATA2_HUMAN~CM~GATA2_HUMAN.PEAKS033115.macs.M,9
34,mono_34,True,0.8472397030756087,0.1800446495726771,0.8607045690348072,0.1676834609907298,0.8053563932301675,0.1069489297056669,GATA2,mono,PEAKS033115,S,GATA2_HUMAN~CM~GATA2_HUMAN.PEAKS033115.macs.S,9
35,mono_35,True,0.8422230775927949,0.2125048025407748,0.8454409731938011,0.1903308843294801,0.7722250210055459,0.0953602753609379,GATA2,mono,PEAKS033523,M,GATA2_HUMAN~CM~GATA2_HUMAN.PEAKS033523.macs.M,19
36,mono_36,True,0.8514082089760224,0.2136646468365925,0.859821540382067,0.1997043727280003,0.7902025664336448,0.1037224140276185,GATA2,mono,PEAKS033325,M,GATA2_HUMAN~CM~GATA2_HUMAN.PEAKS033325.macs.M,19
37,di_0,False,0.8543794477869889,0.1848649458335439,0.8675937730268306,0.1608306752504028,0.8128693824222302,0.1084493627633643,GATA2,di,PEAKS033115,M,GATA2_HUMAN~CD~GATA2_HUMAN.PEAKS033115.macs.M,11
38,di_1,False,0.8420892330533505,0.2111709589416479,0.839797861732692,0.1783060845728448,0.8003531574691184,0.1293506094901494,GATA2,di,PEAKS033231,M,GATA2_HUMAN~CD~GATA2_HUMAN.PEAKS033231.macs.M,18
39,di_2,False,0.860179979268159,0.2338803177143566,0.865017231628746,0.2216062179922233,0.7995133367549667,0.1099375233621278,GATA2,di,PEAKS033265,M,GATA2_HUMAN~CD~GATA2_HUMAN.PEAKS033265.macs.M,19
40,di_3,False,0.8690372157765462,0.2332080310690915,0.8778806073960557,0.2149544616696512,0.8109362314382493,0.1131458470904355,GATA2,di,PEAKS033325,M,GATA2_HUMAN~CD~GATA2_HUMAN.PEAKS033325.macs.M,20
41,di_4,False,0.8598243965895287,0.2283614413485941,0.8687469507999643,0.2105820825335501,0.8002965335719678,0.1109732813040797,GATA2,di,PEAKS033328,M,GATA2_HUMAN~CD~GATA2_HUMAN.PEAKS033328.macs.M,21
42,di_5,False,0.8591377705161598,0.2340385954246617,0.8649007694052435,0.2058408280061813,0.7922113044392828,0.1029845802806748,GATA2,di,PEAKS033523,M,GATA2_HUMAN~CD~GATA2_HUMAN.PEAKS033523.macs.M,21
43,di_6,False,0.8694269784529239,0.2377135130935014,0.873019345259764,0.2182406459827906,0.8108541060907035,0.113569458872774,GATA2,di,PEAKS033780,M,GATA2_HUMAN~CD~GATA2_HUMAN.PEAKS033780.macs.M,20
44,di_7,False,0.8658312777881582,0.2269736655246222,0.8764711387436358,0.2083626945958085,0.8054955897870203,0.1121355470943912,GATA2,di,PEAKS034900,M,GATA2_HUMAN~CD~GATA2_HUMAN.PEAKS034900.macs.M,20
45,di_8,False,0.8344143230349521,0.1502098491394801,0.8446838939663522,0.1165046874773548,0.7992335993760518,0.0964755353952361,GATA2,di,PEAKS036883,M,GATA2_HUMAN~CD~GATA2_HUMAN.PEAKS036883.macs.M,13
46,di_9,False,0.817553436620726,0.1818113581681102,0.8217336759325616,0.1616204681012236,0.7647636254380066,0.0883438489189648,GATA2,di,PEAKS037380,M,GATA2_HUMAN~CD~GATA2_HUMAN.PEAKS037380.macs.M,22
47,di_10,False,0.8677939431828824,0.2276222956945106,0.8780724608649647,0.2124322161284009,0.8177393874703799,0.120945406383624,GATA2,di,PEAKS037381,M,GATA2_HUMAN~CD~GATA2_HUMAN.PEAKS037381.macs.M,20
48,di_11,False,0.8429933321397698,0.1632544944193314,0.8534240888081848,0.1289048938125591,0.8122053398606117,0.1115840515202039,GATA2,di,PEAKS039268,M,GATA2_HUMAN~CD~GATA2_HUMAN.PEAKS039268.macs.M,19
49,di_12,False,0.8486787221745216,0.1664673407574956,0.8604347347551805,0.1348163900261498,0.8148728580574798,0.1144761269862768,GATA2,di,PEAKS039270,M,GATA2_HUMAN~CD~GATA2_HUMAN.PEAKS039270.macs.M,13
50,di_13,False,0.8495940013331201,0.170069244701532,0.8626825692738237,0.1444009320108334,0.8207609787581521,0.1246678051809381,GATA2,di,PEAKS039271,M,GATA2_HUMAN~CD~GATA2_HUMAN.PEAKS039271.macs.M,19
51,di_14,False,0.8452595534411118,0.1679349159496448,0.861090469363304,0.1425533830328691,0.8159388279601475,0.123972123700709,GATA2,di,PEAKS039274,M,GATA2_HUMAN~CD~GATA2_HUMAN.PEAKS039274.macs.M,20
52,di_15,False,0.848709823209836,0.1695954911563604,0.858824604963386,0.1353697366337071,0.8137739531720303,0.1231735001386272,GATA2,di,PEAKS039277,M,GATA2_HUMAN~CD~GATA2_HUMAN.PEAKS039277.macs.M,14
53,di_16,False,0.8467736523274022,0.1661861465461219,0.8596767503605254,0.1336309863439496,0.8135801899658229,0.1222775210270793,GATA2,di,PEAKS039280,M,GATA2_HUMAN~CD~GATA2_HUMAN.PEAKS039280.macs.M,14
54,di_17,False,0.8432337556753828,0.1605181117497595,0.8578955413431186,0.1302233584944413,0.8180669150590878,0.122270328185045,GATA2,di,PEAKS039283,M,GATA2_HUMAN~CD~GATA2_HUMAN.PEAKS039283.macs.M,21
0,mono_0,True,0.7333296579603024,0.1095468037258148,0.734670020115396,0.0837570516431098,0.7401849940817598,0.0959941396121354,GATA3,mono,PEAKS038699,M,GATA3_HUMAN~CM~GATA3_HUMAN.PEAKS038699.macs.M,11
1,mono_1,True,0.7378935364979522,0.1108268277406302,0.7402206658728281,0.0847855101571975,0.7452068436378103,0.097556479842012,GATA3,mono,PEAKS038699,S,GATA3_HUMAN~CM~GATA3_HUMAN.PEAKS038699.macs.S,11
2,mono_2,True,0.7073745460483783,0.0949032543915551,0.7329035146660813,0.0734727765245677,0.7224448912380697,0.080237574964853,GATA3,mono,PEAKS038453,M,GATA3_HUMAN~CM~GATA3_HUMAN.PEAKS038453.macs.M,11
3,mono_3,True,0.7798245672855708,0.1193381620401495,0.7902569287666972,0.0956506663671409,0.8001750245370567,0.1055955760252187,GATA3,mono,PEAKS038453,S,GATA3_HUMAN~CM~GATA3_HUMAN.PEAKS038453.macs.S,10
4,mono_4,True,0.7649892770166161,0.1144478113880349,0.7721516403959845,0.088953207369724,0.7814939679599842,0.0998018606769889,GATA3,mono,PEAKS038424,M,GATA3_HUMAN~CM~GATA3_HUMAN.PEAKS038424.macs.M,11
5,mono_5,True,0.7350407714579683,0.1003235085694228,0.7360436829450221,0.0752382269769441,0.7443651506950265,0.0813789043050366,GATA3,mono,PEAKS038424,S,GATA3_HUMAN~CM~GATA3_HUMAN.PEAKS038424.macs.S,9
6,mono_6,True,0.799471764795942,0.1393203254313889,0.7961008131045957,0.1032941275335266,0.8183537394148279,0.1327654027153255,GATA3,mono,PEAKS038393,M,GATA3_HUMAN~CM~GATA3_HUMAN.PEAKS038393.macs.M,13
7,mono_7,True,0.7891566755731949,0.1223564675941589,0.7962957897564762,0.0935782187133819,0.8117033515499921,0.1115394359149601,GATA3,mono,PEAKS038393,S,GATA3_HUMAN~CM~GATA3_HUMAN.PEAKS038393.macs.S,11
8,mono_8,True,0.7471013668117825,0.110839857521675,0.7383904695378019,0.0819373063360922,0.7576076035529005,0.0955545190175164,GATA3,mono,PEAKS038080,M,GATA3_HUMAN~CM~GATA3_HUMAN.PEAKS038080.macs.M,10
9,mono_9,True,0.7486830507978779,0.1108740077720422,0.7401203781847565,0.081619286448329,0.7593970633789727,0.0957495985688298,GATA3,mono,PEAKS038080,S,GATA3_HUMAN~CM~GATA3_HUMAN.PEAKS038080.macs.S,10
10,mono_10,True,0.7841057198759479,0.120452046471143,0.7964371683385552,0.0949745379308793,0.8048451467169254,0.1088479143252768,GATA3,mono,PEAKS037813,M,GATA3_HUMAN~CM~GATA3_HUMAN.PEAKS037813.macs.M,10
11,mono_11,True,0.7831895151963582,0.1191573381578974,0.7930075791182496,0.0937236765531671,0.8040318637728701,0.1079643284408182,GATA3,mono,PEAKS037813,S,GATA3_HUMAN~CM~GATA3_HUMAN.PEAKS037813.macs.S,9
12,mono_12,True,0.7842224029437898,0.1179706723637642,0.7899530252641784,0.0898031466907995,0.805251993778511,0.1057646405068059,GATA3,mono,PEAKS037812,M,GATA3_HUMAN~CM~GATA3_HUMAN.PEAKS037812.macs.M,9
13,mono_13,True,0.7821426605006269,0.1155439380307644,0.7850607657321922,0.0886307088667178,0.7985519918220679,0.0955465154951653,GATA3,mono,PEAKS037812,S,GATA3_HUMAN~CM~GATA3_HUMAN.PEAKS037812.macs.S,8
14,mono_14,True,0.7627041014497318,0.112831888433474,0.7691062510346486,0.0835395312180963,0.7770851341304752,0.0956782657679427,GATA3,mono,PEAKS037811,S,GATA3_HUMAN~CM~GATA3_HUMAN.PEAKS037811.macs.S,10
15,mono_15,True,0.7638784359164623,0.1140612356455597,0.7684697163853244,0.0867354890350634,0.7789043418362522,0.0996186515289646,GATA3,mono,PEAKS037810,M,GATA3_HUMAN~CM~GATA3_HUMAN.PEAKS037810.macs.M,9
16,mono_16,True,0.7663405766844289,0.112131733272369,0.7642868360866536,0.0859442109319175,0.7767799151555861,0.0911044790916122,GATA3,mono,PEAKS037810,S,GATA3_HUMAN~CM~GATA3_HUMAN.PEAKS037810.macs.S,8
17,mono_17,True,0.7835072020090466,0.1177168291292032,0.7825127201144202,0.0890503883765945,0.7994137821631087,0.1049585574631811,GATA3,mono,PEAKS037809,M,GATA3_HUMAN~CM~GATA3_HUMAN.PEAKS037809.macs.M,9
18,mono_18,True,0.7789071521272991,0.1146820430674513,0.7757192007485768,0.0874055832057383,0.7903793049083896,0.0951256079146093,GATA3,mono,PEAKS037809,S,GATA3_HUMAN~CM~GATA3_HUMAN.PEAKS037809.macs.S,8
19,mono_19,True,0.6404287338564016,0.0652294335502074,0.6443071610389126,0.0430697630591769,0.6370609055396684,0.0457395447200479,GATA3,mono,PEAKS037327,S,GATA3_HUMAN~CM~GATA3_HUMAN.PEAKS037327.macs.S,7
20,mono_20,True,0.6416584728612744,0.0658782232910615,0.6467933472302593,0.0434959858701787,0.6394447536349082,0.0461723685827797,GATA3,mono,PEAKS037326,S,GATA3_HUMAN~CM~GATA3_HUMAN.PEAKS037326.macs.S,7
21,mono_21,True,0.7281321733025669,0.1065623000368714,0.7412076497168673,0.0804357737112148,0.7345637681419335,0.0827691036719295,GATA3,mono,PEAKS037325,M,GATA3_HUMAN~CM~GATA3_HUMAN.PEAKS037325.macs.M,14
22,mono_22,True,0.7647525581056307,0.1143213120326505,0.7579414701305758,0.0872269230738901,0.7793178618359914,0.0990880759408881,GATA3,mono,PEAKS037325,S,GATA3_HUMAN~CM~GATA3_HUMAN.PEAKS037325.macs.S,10
23,mono_23,True,0.7514541980226352,0.1120005260452465,0.7543833261413475,0.0869614032217346,0.7649378526081017,0.1002752145386843,GATA3,mono,PEAKS037324,M,GATA3_HUMAN~CM~GATA3_HUMAN.PEAKS037324.macs.M,9
24,mono_24,True,0.7590904318693058,0.111357772728802,0.7539930310131615,0.0848487467020772,0.7688588123086354,0.0910902500620747,GATA3,mono,PEAKS037324,S,GATA3_HUMAN~CM~GATA3_HUMAN.PEAKS037324.macs.S,8
25,mono_25,True,0.7334708292625275,0.1023627011530818,0.7388595497986661,0.0712722425702351,0.7179909509617548,0.0703470126837862,GATA3,mono,PEAKS035111,S,GATA3_HUMAN~CM~GATA3_HUMAN.PEAKS035111.macs.S,8
26,mono_26,True,0.7361589010846952,0.1005770989346386,0.7267246531863779,0.070444813045611,0.7283084319434979,0.0722663804009853,GATA3,mono,PEAKS035109,S,GATA3_HUMAN~CM~GATA3_HUMAN.PEAKS035109.macs.S,8
27,mono_27,True,0.7683961761966281,0.1157460299652287,0.7720014463418985,0.0885041771893505,0.7740164016773239,0.0975731450328534,GATA3,mono,PEAKS035108,M,GATA3_HUMAN~CM~GATA3_HUMAN.PEAKS035108.macs.M,10
28,mono_28,True,0.7281752480611405,0.0980161862519399,0.7328744595899771,0.0701063492994339,0.7132169561658933,0.0706078436984887,GATA3,mono,PEAKS035108,S,GATA3_HUMAN~CM~GATA3_HUMAN.PEAKS035108.macs.S,8
29,mono_29,True,0.7552637189254936,0.1129878770302867,0.7526539104411947,0.0841307787964717,0.7706069895558547,0.100952972467908,GATA3,mono,PEAKS034710,M,GATA3_HUMAN~CM~GATA3_HUMAN.PEAKS034710.macs.M,11
30,mono_30,True,0.7556417206030019,0.1120064847625307,0.7467814531795385,0.0815255475064713,0.7703080139168316,0.0988370623904477,GATA3,mono,PEAKS034710,S,GATA3_HUMAN~CM~GATA3_HUMAN.PEAKS034710.macs.S,10
31,mono_31,True,0.7733058243575087,0.1175697005769429,0.77237013816644,0.0897726216803826,0.7865901555046156,0.1044372938884914,GATA3,mono,PEAKS034688,M,GATA3_HUMAN~CM~GATA3_HUMAN.PEAKS034688.macs.M,9
32,mono_32,True,0.774216794343417,0.1170852758762079,0.7698396479314931,0.0890682184311772,0.7871765383348714,0.1038510206292344,GATA3,mono,PEAKS034688,S,GATA3_HUMAN~CM~GATA3_HUMAN.PEAKS034688.macs.S,9
33,mono_33,True,0.7513437545964279,0.1145316467224894,0.7495923653780994,0.0879511633610483,0.7612525004972626,0.1014044611975921,GATA3,mono,PEAKS034687,M,GATA3_HUMAN~CM~GATA3_HUMAN.PEAKS034687.macs.M,11
34,mono_34,True,0.7410077755488851,0.1093295697016548,0.7376064646353344,0.0815970588478137,0.7536638992236182,0.0969936283837382,GATA3,mono,PEAKS034687,S,GATA3_HUMAN~CM~GATA3_HUMAN.PEAKS034687.macs.S,10
35,mono_35,True,0.7531969549959066,0.1101035455395925,0.7569057637124775,0.0812332782491603,0.7528661708170432,0.0900796636728867,GATA3,mono,PEAKS034595,M,GATA3_HUMAN~CM~GATA3_HUMAN.PEAKS034595.macs.M,11
36,mono_36,True,0.7388221004450197,0.1004871422683083,0.7376296943036105,0.0714939789729268,0.7448626003084657,0.0863351794920677,GATA3,mono,PEAKS034595,S,GATA3_HUMAN~CM~GATA3_HUMAN.PEAKS034595.macs.S,10
37,mono_37,True,0.708325405508884,0.0844418467374093,0.7202937159832524,0.0596044401360632,0.7086980192644425,0.0662205125436299,GATA3,mono,PEAKS034594,M,GATA3_HUMAN~CM~GATA3_HUMAN.PEAKS034594.macs.M,11
38,mono_38,True,0.7101885215127863,0.0845996095471052,0.7208412503468258,0.0595203582186287,0.7098087917659832,0.0661254784146821,GATA3,mono,PEAKS034594,S,GATA3_HUMAN~CM~GATA3_HUMAN.PEAKS034594.macs.S,11
39,mono_39,True,0.7846184839534464,0.1197850555809663,0.7893321173882933,0.0933206722503105,0.8049447247773731,0.1105251401442314,GATA3,mono,PEAKS034467,M,GATA3_HUMAN~CM~GATA3_HUMAN.PEAKS034467.macs.M,9
40,mono_40,True,0.7846636408533045,0.1198084737659752,0.7898905145722703,0.0935620771795414,0.8052938388347425,0.1106043847705353,GATA3,mono,PEAKS034467,S,GATA3_HUMAN~CM~GATA3_HUMAN.PEAKS034467.macs.S,9
41,mono_41,True,0.7289940892665072,0.092435916703018,0.7228326942583888,0.0645134078897288,0.7319448366207011,0.0693586209360299,GATA3,mono,PEAKS033390,S,GATA3_HUMAN~CM~GATA3_HUMAN.PEAKS033390.macs.S,9
42,mono_42,True,0.8047338610017798,0.1453070192220515,0.8008362795720226,0.118292364931032,0.8185581029349907,0.1365999980915627,GATA3,mono,PEAKS033118,M,GATA3_HUMAN~CM~GATA3_HUMAN.PEAKS033118.macs.M,12
43,mono_43,True,0.7805456245191259,0.1149960406550274,0.7791095377304649,0.0875155542786604,0.7932969352319525,0.0925924019969507,GATA3,mono,PEAKS033118,S,GATA3_HUMAN~CM~GATA3_HUMAN.PEAKS033118.macs.S,8
44,di_0,False,0.8128979272476657,0.1646010183923763,0.8077128514786259,0.1254818109573643,0.8299557317260067,0.1694922321830151,GATA3,di,PEAKS033118,M,GATA3_HUMAN~CD~GATA3_HUMAN.PEAKS033118.macs.M,12
45,di_1,False,0.8074776758832897,0.1464864239950743,0.8143905499349066,0.1134202709071767,0.8317754492482368,0.1543109754967936,GATA3,di,PEAKS034467,M,GATA3_HUMAN~CD~GATA3_HUMAN.PEAKS034467.macs.M,13
46,di_2,False,0.7395903194613951,0.1077701233144528,0.7384858925245863,0.0766394744831957,0.7371131727310967,0.0878914699747712,GATA3,di,PEAKS034594,M,GATA3_HUMAN~CD~GATA3_HUMAN.PEAKS034594.macs.M,12
47,di_3,False,0.7916107708599536,0.1423419811020314,0.7805764106834943,0.1083224652894073,0.7940678913456741,0.1333502403349471,GATA3,di,PEAKS034595,M,GATA3_HUMAN~CD~GATA3_HUMAN.PEAKS034595.macs.M,13
48,di_4,False,0.7928767254407882,0.1324923660815513,0.7868502273902429,0.0992854234588278,0.8039933078234898,0.1261058106381252,GATA3,di,PEAKS034687,M,GATA3_HUMAN~CD~GATA3_HUMAN.PEAKS034687.macs.M,12
49,di_5,False,0.8088380212621982,0.1538458962625482,0.8046604457212031,0.1149892719835171,0.826319135317384,0.1603977161339666,GATA3,di,PEAKS034688,M,GATA3_HUMAN~CD~GATA3_HUMAN.PEAKS034688.macs.M,13
50,di_6,False,0.7998645956482215,0.1485317511862393,0.7990182054105439,0.1134057887214389,0.8225699984348456,0.1604692025071124,GATA3,di,PEAKS034710,M,GATA3_HUMAN~CD~GATA3_HUMAN.PEAKS034710.macs.M,12
51,di_7,False,0.8043685226120956,0.155355191264852,0.8016542222426405,0.1125870725041131,0.8159817874715909,0.1569461225946819,GATA3,di,PEAKS035108,M,GATA3_HUMAN~CD~GATA3_HUMAN.PEAKS035108.macs.M,13
52,di_8,False,0.790966679723913,0.1261920544162924,0.787403576367189,0.0961552351770111,0.805184268241386,0.1114212083769825,GATA3,di,PEAKS037324,M,GATA3_HUMAN~CD~GATA3_HUMAN.PEAKS037324.macs.M,11
53,di_9,False,0.8008687090936348,0.1457586538146175,0.8067359280671302,0.1152382307909436,0.8203192479758967,0.1479628500085852,GATA3,di,PEAKS037325,M,GATA3_HUMAN~CD~GATA3_HUMAN.PEAKS037325.macs.M,13
54,di_10,False,0.7900158134811881,0.1212089755552013,0.7859939572062302,0.0881949727189058,0.808421323925016,0.1073639944997277,GATA3,di,PEAKS037809,M,GATA3_HUMAN~CD~GATA3_HUMAN.PEAKS037809.macs.M,11
55,di_11,False,0.796931654751782,0.1300521420788728,0.8030774244267935,0.1054029327064093,0.8151847627323683,0.1213016818949536,GATA3,di,PEAKS037810,M,GATA3_HUMAN~CD~GATA3_HUMAN.PEAKS037810.macs.M,12
56,di_12,False,0.7968542834903918,0.1303974850439036,0.8028732832821777,0.1015974660429736,0.8190961534699147,0.1245380128335306,GATA3,di,PEAKS037812,M,GATA3_HUMAN~CD~GATA3_HUMAN.PEAKS037812.macs.M,12
57,di_13,False,0.8105453632562485,0.1660853170890487,0.8121064683342345,0.1249377164593558,0.8331268156606746,0.1740079468844341,GATA3,di,PEAKS037813,M,GATA3_HUMAN~CD~GATA3_HUMAN.PEAKS037813.macs.M,14
58,di_14,False,0.7820482248809307,0.1210563295311233,0.7849313258179169,0.0941187278902207,0.801125567123931,0.1102317548367699,GATA3,di,PEAKS038080,M,GATA3_HUMAN~CD~GATA3_HUMAN.PEAKS038080.macs.M,11
59,di_15,False,0.8140111079185535,0.1638451725572214,0.8133518282655667,0.1207943350675298,0.8391150070594986,0.1800493953405632,GATA3,di,PEAKS038393,M,GATA3_HUMAN~CD~GATA3_HUMAN.PEAKS038393.macs.M,13
60,di_16,False,0.7962360461738199,0.1548318252697493,0.798142321700854,0.1171637091426563,0.8139751737158397,0.1630262754601493,GATA3,di,PEAKS038424,M,GATA3_HUMAN~CD~GATA3_HUMAN.PEAKS038424.macs.M,18
61,di_17,False,0.8057799947181257,0.1574604243732624,0.8092769069146892,0.126493048782733,0.827482481519765,0.1629202596833466,GATA3,di,PEAKS038453,M,GATA3_HUMAN~CD~GATA3_HUMAN.PEAKS038453.macs.M,14
62,di_18,False,0.7738830902880862,0.1209693624787217,0.7724619881884478,0.0944733149623636,0.7929159745205899,0.1108411237682171,GATA3,di,PEAKS038699,M,GATA3_HUMAN~CD~GATA3_HUMAN.PEAKS038699.macs.M,11
0,mono_0,True,0.892858770408981,0.3916676621014939,0.8742698448233689,0.2909030634346244,0.8166372482381484,0.2923442662288914,GCR,mono,PEAKS039013,M,GCR_HUMAN~CM~GCR_HUMAN.PEAKS039013.macs.M,16
1,mono_1,True,0.9052036338139712,0.4209175161116461,0.8868262067335796,0.3349022671277026,0.824219982092656,0.3156452061823978,GCR,mono,PEAKS039012,M,GCR_HUMAN~CM~GCR_HUMAN.PEAKS039012.macs.M,15
2,mono_2,True,0.7877453197371107,0.1386694383133041,0.7751798854934933,0.098180397770253,0.7356142492394193,0.1043654389495159,GCR,mono,PEAKS039012,S,GCR_HUMAN~CM~GCR_HUMAN.PEAKS039012.macs.S,10
3,mono_3,True,0.9184453747761252,0.475352227936594,0.8996459190992045,0.3677843163185602,0.8318145097623908,0.3483121785014237,GCR,mono,PEAKS038366,M,GCR_HUMAN~CM~GCR_HUMAN.PEAKS038366.macs.M,15
4,mono_4,True,0.9191321311226628,0.4773810403223351,0.9024316049566974,0.3690671062084159,0.8354497506450494,0.3452274048478934,GCR,mono,PEAKS038091,M,GCR_HUMAN~CM~GCR_HUMAN.PEAKS038091.macs.M,15
5,mono_5,True,0.8191343146846186,0.1823789506361229,0.8075278492925222,0.1282544106264038,0.7567133382755036,0.1210549782783126,GCR,mono,PEAKS038091,S,GCR_HUMAN~CM~GCR_HUMAN.PEAKS038091.macs.S,13
6,mono_6,True,0.8931982069947308,0.3692902508460444,0.8786691313342371,0.305550334981189,0.8083260232217815,0.2750959466775881,GCR,mono,PEAKS037891,M,GCR_HUMAN~CM~GCR_HUMAN.PEAKS037891.macs.M,16
7,mono_7,True,0.781445491888597,0.165559727445882,0.7415118113337397,0.1159987022622913,0.7070265123040782,0.1058254346366694,GCR,mono,PEAKS037890,M,GCR_HUMAN~CM~GCR_HUMAN.PEAKS037890.macs.M,17
8,mono_8,True,0.9151590079778008,0.4484767223117309,0.9064311447748632,0.3728462204525956,0.8294896441637463,0.3186488467689527,GCR,mono,PEAKS037834,M,GCR_HUMAN~CM~GCR_HUMAN.PEAKS037834.macs.M,17
9,mono_9,True,0.7636361677771184,0.1097297560929655,0.7237627534627646,0.0708081295062939,0.6982919886779373,0.0723818137092009,GCR,mono,PEAKS037834,S,GCR_HUMAN~CM~GCR_HUMAN.PEAKS037834.macs.S,11
10,mono_10,True,0.9084461260402196,0.4422784642250359,0.8866791454713548,0.3473059862265642,0.8231906958832365,0.3150780213032841,GCR,mono,PEAKS037629,M,GCR_HUMAN~CM~GCR_HUMAN.PEAKS037629.macs.M,15
11,mono_11,True,0.9084219184465808,0.4530482335961013,0.8875372291249498,0.3443026307312191,0.8242042740786383,0.3255853370779246,GCR,mono,PEAKS037176,M,GCR_HUMAN~CM~GCR_HUMAN.PEAKS037176.macs.M,15
12,mono_12,True,0.9082293869999644,0.4538930410305267,0.8850552425489927,0.3387970315653314,0.8216047704779144,0.3163109591485129,GCR,mono,PEAKS034954,M,GCR_HUMAN~CM~GCR_HUMAN.PEAKS034954.macs.M,15
13,mono_13,True,0.9217604437042364,0.4764516802078257,0.9023584526282188,0.3828041879185057,0.8331103916509417,0.3420732108319804,GCR,mono,PEAKS034500,M,GCR_HUMAN~CM~GCR_HUMAN.PEAKS034500.macs.M,15
14,mono_14,True,0.9203757893888418,0.4704748454128297,0.9070688490064632,0.3827178745242327,0.8319407869603728,0.328302965681653,GCR,mono,PEAKS034499,M,GCR_HUMAN~CM~GCR_HUMAN.PEAKS034499.macs.M,18
15,mono_15,True,0.9240134292380896,0.4941035585898212,0.906350032544391,0.4051967733061206,0.8369919407324683,0.3549284220630253,GCR,mono,PEAKS034495,M,GCR_HUMAN~CM~GCR_HUMAN.PEAKS034495.macs.M,15
16,mono_16,True,0.8122077788090563,0.1389517240010382,0.8003025280980395,0.1008756735547452,0.7398491672122309,0.0883897292423256,GCR,mono,PEAKS034495,S,GCR_HUMAN~CM~GCR_HUMAN.PEAKS034495.macs.S,12
17,mono_17,True,0.8568076380965031,0.3203618313492512,0.849683780455953,0.259225098418866,0.7910442240150961,0.2377338695197824,GCR,mono,PEAKS033963,M,GCR_HUMAN~CM~GCR_HUMAN.PEAKS033963.macs.M,17
18,mono_18,True,0.9075070356825228,0.4381967202168312,0.8835243606167266,0.3584708479609156,0.8212832477760234,0.3133558651281871,GCR,mono,PEAKS033929,M,GCR_HUMAN~CM~GCR_HUMAN.PEAKS033929.macs.M,15
19,mono_19,True,0.9170426413810692,0.4698933722332148,0.8904078931548987,0.3726225194878284,0.8307303119343783,0.3344479319556298,GCR,mono,PEAKS033928,M,GCR_HUMAN~CM~GCR_HUMAN.PEAKS033928.macs.M,15
20,mono_20,True,0.9038299594785056,0.4320426135350471,0.8787386042809349,0.3450359266790787,0.819110349482035,0.3078394827835142,GCR,mono,PEAKS033905,M,GCR_HUMAN~CM~GCR_HUMAN.PEAKS033905.macs.M,15
21,mono_21,True,0.874684810321366,0.3478385806000177,0.8657888283604676,0.2890709472680949,0.7996204852312552,0.2610698127217125,GCR,mono,PEAKS033885,M,GCR_HUMAN~CM~GCR_HUMAN.PEAKS033885.macs.M,16
22,mono_22,True,0.8922227661159522,0.3860058421622078,0.8690147859325316,0.3132773547322687,0.8107802634112528,0.2727675281399339,GCR,mono,PEAKS033864,M,GCR_HUMAN~CM~GCR_HUMAN.PEAKS033864.macs.M,18
23,mono_23,True,0.902840800207538,0.4295929349048688,0.8818984677188662,0.3267743012250817,0.8213073294951283,0.3136305319520898,GCR,mono,PEAKS033838,M,GCR_HUMAN~CM~GCR_HUMAN.PEAKS033838.macs.M,16
24,mono_24,True,0.8880857171076749,0.3822030208544728,0.8738379683179318,0.2895606341324936,0.8128476658836216,0.2890093172026044,GCR,mono,PEAKS033836,M,GCR_HUMAN~CM~GCR_HUMAN.PEAKS033836.macs.M,17
25,mono_25,True,0.9164992428180389,0.4603708318362874,0.8947948355990034,0.3603037075246108,0.8301786375014442,0.3385289263998387,GCR,mono,PEAKS033342,M,GCR_HUMAN~CM~GCR_HUMAN.PEAKS033342.macs.M,15
26,mono_26,True,0.9075855280570252,0.4355651784681588,0.8881663308583012,0.346529660722287,0.8237382265952939,0.312936670973633,GCR,mono,PEAKS033340,M,GCR_HUMAN~CM~GCR_HUMAN.PEAKS033340.macs.M,15
27,mono_27,True,0.9193372582416982,0.4694263459236895,0.9033630482278854,0.3747238782653089,0.8320302019871375,0.3385232969491216,GCR,mono,PEAKS033247,M,GCR_HUMAN~CM~GCR_HUMAN.PEAKS033247.macs.M,15
28,mono_28,True,0.923099016041518,0.4903175986400668,0.905096648549598,0.400748231191617,0.8354541015519698,0.3508853955465304,GCR,mono,PEAKS033246,M,GCR_HUMAN~CM~GCR_HUMAN.PEAKS033246.macs.M,15
29,mono_29,True,0.9173595774923616,0.4638374760205759,0.8985257494537932,0.3511746367875241,0.833431895290176,0.3353269041526384,GCR,mono,PEAKS033219,M,GCR_HUMAN~CM~GCR_HUMAN.PEAKS033219.macs.M,15
30,mono_30,True,0.7608557007014989,0.097621636325226,0.7185315950068198,0.0661536255844478,0.6948375384141411,0.0671011544927103,GCR,mono,PEAKS038366,S,GCR_HUMAN~CM~GCR_HUMAN.PEAKS038366.macs.S,8
31,mono_31,True,0.7303723237028509,0.0912498638406017,0.7088556708083031,0.0648348047740627,0.6670663881079832,0.064283240186594,GCR,mono,PEAKS037629,S,GCR_HUMAN~CM~GCR_HUMAN.PEAKS037629.macs.S,10
32,mono_32,True,0.7594185206547823,0.1030569329762227,0.7344929397327629,0.0725154049161839,0.6929530648515424,0.0703256408347934,GCR,mono,PEAKS034954,S,GCR_HUMAN~CM~GCR_HUMAN.PEAKS034954.macs.S,12
33,mono_33,True,0.7961235147216509,0.1198819173846689,0.7758587573432169,0.0844594648278281,0.7225717235337158,0.0802558690744237,GCR,mono,PEAKS034500,S,GCR_HUMAN~CM~GCR_HUMAN.PEAKS034500.macs.S,12
34,mono_34,True,0.7235611463694124,0.0868518615051102,0.6876545029414325,0.0600548435958333,0.6571701272769284,0.0592756030053675,GCR,mono,PEAKS034499,S,GCR_HUMAN~CM~GCR_HUMAN.PEAKS034499.macs.S,7
35,mono_35,True,0.7281781430854841,0.0854317799939973,0.7048661845121865,0.0617356581947172,0.6675368640967382,0.0612012050963778,GCR,mono,PEAKS033929,S,GCR_HUMAN~CM~GCR_HUMAN.PEAKS033929.macs.S,9
36,mono_36,True,0.7284378958240891,0.0898912399379386,0.7084185498882712,0.0630626348195364,0.6702086671544654,0.0633556679803738,GCR,mono,PEAKS033928,S,GCR_HUMAN~CM~GCR_HUMAN.PEAKS033928.macs.S,10
37,mono_37,True,0.7192326279269657,0.0858869899661492,0.688636814961299,0.0601276961580168,0.6579204278507336,0.0591338230159326,GCR,mono,PEAKS033905,S,GCR_HUMAN~CM~GCR_HUMAN.PEAKS033905.macs.S,7
38,mono_38,True,0.7430917330059105,0.0924477615299784,0.7147138477419996,0.0650148111248166,0.6798731149150846,0.0633234991602156,GCR,mono,PEAKS033885,S,GCR_HUMAN~CM~GCR_HUMAN.PEAKS033885.macs.S,7
39,mono_39,True,0.7591596829145048,0.0975441486402905,0.7360721407576003,0.0733981451035281,0.6969774692879424,0.0691420126629212,GCR,mono,PEAKS033864,S,GCR_HUMAN~CM~GCR_HUMAN.PEAKS033864.macs.S,10
40,mono_40,True,0.7467216301115182,0.0930144362146225,0.7206598219801086,0.0657259437723831,0.6830718816189779,0.0636863240280159,GCR,mono,PEAKS033838,S,GCR_HUMAN~CM~GCR_HUMAN.PEAKS033838.macs.S,7
41,mono_41,True,0.7310994394480342,0.0878856520136776,0.7112470824057145,0.0634736786688362,0.6686391134901991,0.0606729259290343,GCR,mono,PEAKS033836,S,GCR_HUMAN~CM~GCR_HUMAN.PEAKS033836.macs.S,7
42,mono_42,True,0.7662593721665908,0.0988559430431824,0.734232366951482,0.0687371989724106,0.6992744932029115,0.0670734793195407,GCR,mono,PEAKS033342,S,GCR_HUMAN~CM~GCR_HUMAN.PEAKS033342.macs.S,7
43,mono_43,True,0.7612345977786646,0.0981042795695328,0.7341345886762103,0.0689183326767481,0.6960015756537142,0.066720916134951,GCR,mono,PEAKS033340,S,GCR_HUMAN~CM~GCR_HUMAN.PEAKS033340.macs.S,7
44,mono_44,True,0.7453316693909553,0.0878679498031546,0.7085181315788381,0.0619700652069586,0.6785409506296453,0.0633747813709933,GCR,mono,PEAKS033247,S,GCR_HUMAN~CM~GCR_HUMAN.PEAKS033247.macs.S,8
45,mono_45,True,0.7582613769067151,0.0951303576506376,0.7332359281784677,0.0674677449739816,0.692471479955328,0.0650486145606067,GCR,mono,PEAKS033246,S,GCR_HUMAN~CM~GCR_HUMAN.PEAKS033246.macs.S,7
46,mono_46,True,0.7754176299218303,0.1041894209099082,0.7524621075498841,0.0767090432427308,0.711496504794547,0.0730391350305171,GCR,mono,PEAKS033219,S,GCR_HUMAN~CM~GCR_HUMAN.PEAKS033219.macs.S,9
47,di_0,False,0.9214747235910372,0.4934473216924822,0.9031288115285916,0.3754239422570436,0.8380091612431164,0.3550294189783958,GCR,di,PEAKS033219,M,GCR_HUMAN~CD~GCR_HUMAN.PEAKS033219.macs.M,17
48,di_1,False,0.9292925929091972,0.5057880706083167,0.9142446281025998,0.412293975762473,0.8403524947048175,0.3593501504798126,GCR,di,PEAKS033246,M,GCR_HUMAN~CD~GCR_HUMAN.PEAKS033246.macs.M,17
49,di_2,False,0.9245447784946084,0.4885033432735151,0.9118898341272508,0.3973525296641559,0.8382709654561559,0.3502925468513123,GCR,di,PEAKS033247,M,GCR_HUMAN~CD~GCR_HUMAN.PEAKS033247.macs.M,17
50,di_3,False,0.9179041748421696,0.4565867442297561,0.8890139360471625,0.3341801499797146,0.8364634957831094,0.3230853788345466,GCR,di,PEAKS033340,M,GCR_HUMAN~CD~GCR_HUMAN.PEAKS033340.macs.M,16
51,di_4,False,0.9200486485959632,0.4876712826214152,0.900385526659453,0.3681445808744136,0.8384516524819964,0.3482677840280908,GCR,di,PEAKS033342,M,GCR_HUMAN~CD~GCR_HUMAN.PEAKS033342.macs.M,17
52,di_5,False,0.9021335160088362,0.4203238896550583,0.8868630316447562,0.3251487718202531,0.8267270071629376,0.3216681971599275,GCR,di,PEAKS033836,M,GCR_HUMAN~CD~GCR_HUMAN.PEAKS033836.macs.M,18
53,di_6,False,0.9101026394509856,0.4346715126834814,0.8910989121467277,0.3725165497062861,0.8296827138290909,0.3244407285220954,GCR,di,PEAKS033838,M,GCR_HUMAN~CD~GCR_HUMAN.PEAKS033838.macs.M,18
54,di_7,False,0.893249657548162,0.39954748970859,0.8697907209100821,0.306071951778578,0.8153740010397812,0.2903695507056941,GCR,di,PEAKS033864,M,GCR_HUMAN~CD~GCR_HUMAN.PEAKS033864.macs.M,18
55,di_8,False,0.8834413940506679,0.3671476027256533,0.8840885083060748,0.306840174890835,0.8123484863480572,0.2796037690224017,GCR,di,PEAKS033885,M,GCR_HUMAN~CD~GCR_HUMAN.PEAKS033885.macs.M,17
56,di_9,False,0.902679434291481,0.4256736596315895,0.8902562508032453,0.3548677950999817,0.824828664458736,0.3114459001429103,GCR,di,PEAKS033905,M,GCR_HUMAN~CD~GCR_HUMAN.PEAKS033905.macs.M,20
57,di_10,False,0.9187826588118528,0.4774719145147497,0.8953225729554039,0.3626228920239303,0.8354858518504257,0.3429916263672707,GCR,di,PEAKS033928,M,GCR_HUMAN~CD~GCR_HUMAN.PEAKS033928.macs.M,17
58,di_11,False,0.9067780818951356,0.4370632256063385,0.8893239369177768,0.3429892927822107,0.825009282358378,0.3253237806749219,GCR,di,PEAKS033929,M,GCR_HUMAN~CD~GCR_HUMAN.PEAKS033929.macs.M,17
59,di_12,False,0.8890767626941393,0.3863415853938869,0.8755238921433279,0.2944567517474641,0.813837170639658,0.2918112745293137,GCR,di,PEAKS033963,M,GCR_HUMAN~CD~GCR_HUMAN.PEAKS033963.macs.M,18
60,di_13,False,0.9295911456727994,0.5084499026840525,0.9167054919177976,0.414973296765177,0.8425032004082105,0.3603424724540978,GCR,di,PEAKS034495,M,GCR_HUMAN~CD~GCR_HUMAN.PEAKS034495.macs.M,17
61,di_14,False,0.925061029181605,0.4857641304676699,0.9139733695674706,0.3988430400237152,0.8339665852813186,0.3385250686520217,GCR,di,PEAKS034499,M,GCR_HUMAN~CD~GCR_HUMAN.PEAKS034499.macs.M,18
62,di_15,False,0.9261482124940096,0.4918405849443897,0.9092158563735184,0.3998193497512586,0.8371406521739131,0.3524158187773989,GCR,di,PEAKS034500,M,GCR_HUMAN~CD~GCR_HUMAN.PEAKS034500.macs.M,17
63,di_16,False,0.9146851383164498,0.4340602591905813,0.8984170055843688,0.3272071702085156,0.8364883409712327,0.3003232864993516,GCR,di,PEAKS034954,M,GCR_HUMAN~CD~GCR_HUMAN.PEAKS034954.macs.M,18
64,di_17,False,0.9117132391087512,0.449049276426691,0.8963296560244436,0.3380072489964317,0.8307495796587977,0.3300552051392489,GCR,di,PEAKS037176,M,GCR_HUMAN~CD~GCR_HUMAN.PEAKS037176.macs.M,17
65,di_18,False,0.908963623055873,0.4385770227960482,0.8847794236533462,0.339869296714718,0.8258503267608888,0.319146604838808,GCR,di,PEAKS037629,M,GCR_HUMAN~CD~GCR_HUMAN.PEAKS037629.macs.M,17
66,di_19,False,0.9188011291977536,0.4557721312037172,0.9051318151478592,0.3628278069195798,0.8334147167558825,0.3305443044793541,GCR,di,PEAKS037834,M,GCR_HUMAN~CD~GCR_HUMAN.PEAKS037834.macs.M,17
67,di_20,False,0.720363658749146,0.0982253272631513,0.6935702751555706,0.0735140701930885,0.6552976271806523,0.0667855321269662,GCR,di,PEAKS037890,M,GCR_HUMAN~CD~GCR_HUMAN.PEAKS037890.macs.M,19
68,di_21,False,0.8987418432159597,0.3894372436293474,0.8902051333076295,0.3354614795099626,0.8206365190434013,0.287425277717628,GCR,di,PEAKS037891,M,GCR_HUMAN~CD~GCR_HUMAN.PEAKS037891.macs.M,19
69,di_22,False,0.910311120101061,0.4496262631185943,0.8971212309656771,0.346108489102116,0.8420946021873916,0.3297114342839546,GCR,di,PEAKS038091,M,GCR_HUMAN~CD~GCR_HUMAN.PEAKS038091.macs.M,17
70,di_23,False,0.9194244749167998,0.474999840582146,0.901977071751054,0.3678810167429868,0.8348654001232334,0.3526940743251381,GCR,di,PEAKS038366,M,GCR_HUMAN~CD~GCR_HUMAN.PEAKS038366.macs.M,17
71,di_24,False,0.9094656038648782,0.4311875920213098,0.8986733082098927,0.3434789682297998,0.8320932824353988,0.327259967435656,GCR,di,PEAKS039012,M,GCR_HUMAN~CD~GCR_HUMAN.PEAKS039012.macs.M,17
72,di_25,False,0.9072606275837924,0.4260605183116331,0.8894936859735747,0.3274307784810927,0.828367553818308,0.3205340944834401,GCR,di,PEAKS039013,M,GCR_HUMAN~CD~GCR_HUMAN.PEAKS039013.macs.M,17
0,mono_0,True,0.8979636559701297,0.4404290567213094,0.89632754715605,0.2638958629710037,0.8777631972518573,0.2998342984873715,HNF4A,mono,PEAKS033102,S,HNF4A_HUMAN~CM~HNF4A_HUMAN.PEAKS033102.macs.S,9
1,mono_1,True,0.9434196310608632,0.5962859806498821,0.9357960552593416,0.434858660353095,0.922505924451612,0.4242928501539147,HNF4A,mono,PEAKS033102,M,HNF4A_HUMAN~CM~HNF4A_HUMAN.PEAKS033102.macs.M,14
2,mono_2,True,0.8993528616935167,0.4462951973479342,0.8961753728881832,0.2663541596328399,0.8810360314292386,0.3049532012727511,HNF4A,mono,PEAKS033103,S,HNF4A_HUMAN~CM~HNF4A_HUMAN.PEAKS033103.macs.S,9
3,mono_3,True,0.9423528491605524,0.591129166927131,0.9336079043147922,0.4289192696811076,0.9197050440388798,0.4101292574648227,HNF4A,mono,PEAKS033103,M,HNF4A_HUMAN~CM~HNF4A_HUMAN.PEAKS033103.macs.M,14
4,mono_4,True,0.9050651194548162,0.4490530934512913,0.9063008394739072,0.2849658113111398,0.882574445956596,0.2975209417531595,HNF4A,mono,PEAKS033346,S,HNF4A_HUMAN~CM~HNF4A_HUMAN.PEAKS033346.macs.S,9
5,mono_5,True,0.9472225230423772,0.6038232516711283,0.9418555647677528,0.4480458873320777,0.925605943789314,0.4165396457913564,HNF4A,mono,PEAKS033346,M,HNF4A_HUMAN~CM~HNF4A_HUMAN.PEAKS033346.macs.M,14
6,mono_6,True,0.9002991433196689,0.4382059492679614,0.8952861543805497,0.2688527082582048,0.8768789038441893,0.2882785260992397,HNF4A,mono,PEAKS033410,S,HNF4A_HUMAN~CM~HNF4A_HUMAN.PEAKS033410.macs.S,9
7,mono_7,True,0.9455570153267708,0.5828451198898001,0.9401487828562944,0.4327855509582283,0.9220182155679448,0.3914249276258585,HNF4A,mono,PEAKS033410,M,HNF4A_HUMAN~CM~HNF4A_HUMAN.PEAKS033410.macs.M,14
8,mono_8,True,0.8996503848664457,0.4412027589157614,0.8950920140805517,0.2677690049771097,0.8799102429618062,0.2996189159244108,HNF4A,mono,PEAKS033442,S,HNF4A_HUMAN~CM~HNF4A_HUMAN.PEAKS033442.macs.S,9
9,mono_9,True,0.9435060743100344,0.5896923368650533,0.9331464438662213,0.4457990420424386,0.9218857665392082,0.4216855421600308,HNF4A,mono,PEAKS033442,M,HNF4A_HUMAN~CM~HNF4A_HUMAN.PEAKS033442.macs.M,14
10,mono_10,True,0.9011316365962558,0.4467879632420321,0.9016583866705644,0.270089254257165,0.880448865095813,0.3059811233161786,HNF4A,mono,PEAKS033479,S,HNF4A_HUMAN~CM~HNF4A_HUMAN.PEAKS033479.macs.S,9
11,mono_11,True,0.9453470114102196,0.6104050460945021,0.938028992618829,0.4566136781144256,0.9244374080547002,0.4383483002046554,HNF4A,mono,PEAKS033479,M,HNF4A_HUMAN~CM~HNF4A_HUMAN.PEAKS033479.macs.M,14
12,mono_12,True,0.9047062730097392,0.449460583698718,0.9014028615682962,0.2758854535087308,0.8842172585341292,0.3040442494245782,HNF4A,mono,PEAKS033615,S,HNF4A_HUMAN~CM~HNF4A_HUMAN.PEAKS033615.macs.S,9
13,mono_13,True,0.9463446445076896,0.6179338061491008,0.9395230607849692,0.4640210302460878,0.9259009161692378,0.438947815679897,HNF4A,mono,PEAKS033615,M,HNF4A_HUMAN~CM~HNF4A_HUMAN.PEAKS033615.macs.M,14
14,mono_14,True,0.9075828585602757,0.4545159901187553,0.9098039919271635,0.3022190606566117,0.8878374558516616,0.3114532426734609,HNF4A,mono,PEAKS034090,S,HNF4A_HUMAN~CM~HNF4A_HUMAN.PEAKS034090.macs.S,10
15,mono_15,True,0.9452444100368156,0.6147209339130607,0.9434305234088536,0.4601184597090176,0.92624091875976,0.4267999985340973,HNF4A,mono,PEAKS034090,M,HNF4A_HUMAN~CM~HNF4A_HUMAN.PEAKS034090.macs.M,14
16,mono_16,True,0.8791001997441186,0.3583034546071176,0.8818423770685592,0.2328217412168479,0.850506630095302,0.2368776185595847,HNF4A,mono,PEAKS034551,S,HNF4A_HUMAN~CM~HNF4A_HUMAN.PEAKS034551.macs.S,8
17,mono_17,True,0.9434835760724822,0.6068776663755107,0.9393431488027174,0.4305030530121118,0.9223647659773202,0.4194982308558326,HNF4A,mono,PEAKS034551,M,HNF4A_HUMAN~CM~HNF4A_HUMAN.PEAKS034551.macs.M,14
18,mono_18,True,0.8740379516436461,0.3422922119134743,0.882330121588836,0.2185853493893746,0.8477562500912156,0.2302177165470338,HNF4A,mono,PEAKS034558,S,HNF4A_HUMAN~CM~HNF4A_HUMAN.PEAKS034558.macs.S,8
19,mono_19,True,0.9443172338703362,0.5938038992895321,0.9366234781526434,0.4340673161871134,0.9227440199068871,0.416878211564434,HNF4A,mono,PEAKS034558,M,HNF4A_HUMAN~CM~HNF4A_HUMAN.PEAKS034558.macs.M,14
20,mono_20,True,0.7993853097992115,0.1339141979055779,0.7845521661085073,0.0763443889621608,0.7711939485763072,0.0883840817961215,HNF4A,mono,PEAKS037598,S,HNF4A_HUMAN~CM~HNF4A_HUMAN.PEAKS037598.macs.S,7
21,mono_21,True,0.9259617671479672,0.4865683136564664,0.9243770520951248,0.3594081386285452,0.901465330784162,0.3245407548654916,HNF4A,mono,PEAKS037598,M,HNF4A_HUMAN~CM~HNF4A_HUMAN.PEAKS037598.macs.M,14
22,mono_22,True,0.8737037985325987,0.3422586742183551,0.8712107505218775,0.2178471079507963,0.8464304233132416,0.2288832045126602,HNF4A,mono,PEAKS037599,S,HNF4A_HUMAN~CM~HNF4A_HUMAN.PEAKS037599.macs.S,8
23,mono_23,True,0.933561589336536,0.5319155318497183,0.929856613476143,0.3784179747582458,0.9129825497307316,0.3515996152650921,HNF4A,mono,PEAKS037599,M,HNF4A_HUMAN~CM~HNF4A_HUMAN.PEAKS037599.macs.M,14
24,mono_24,True,0.879513283897752,0.3590234187319258,0.8855686399723833,0.2342397832917134,0.8492376081816724,0.2366487029867791,HNF4A,mono,PEAKS039452,S,HNF4A_HUMAN~CM~HNF4A_HUMAN.PEAKS039452.macs.S,8
25,mono_25,True,0.9455327481135278,0.6080372161137858,0.9365118794760836,0.4361330975048458,0.9235634338650592,0.4275419492216703,HNF4A,mono,PEAKS039452,M,HNF4A_HUMAN~CM~HNF4A_HUMAN.PEAKS039452.macs.M,14
26,di_0,False,0.9481727144311862,0.6205879169021451,0.9391667366232206,0.4678964438108215,0.9302777826223384,0.4524057024069869,HNF4A,di,PEAKS033102,M,HNF4A_HUMAN~CD~HNF4A_HUMAN.PEAKS033102.macs.M,17
27,di_1,False,0.9503392819655864,0.6341074150299489,0.9435390251944876,0.4794143087275927,0.930631650527591,0.4502429053933664,HNF4A,di,PEAKS033103,M,HNF4A_HUMAN~CD~HNF4A_HUMAN.PEAKS033103.macs.M,16
28,di_2,False,0.9521583203216796,0.6408239783763137,0.948457614805262,0.4853109352252996,0.9334171178797122,0.4488274169182711,HNF4A,di,PEAKS033346,M,HNF4A_HUMAN~CD~HNF4A_HUMAN.PEAKS033346.macs.M,16
29,di_3,False,0.9513807561555132,0.6226434365908037,0.949554980724145,0.4676233091708182,0.9300289863030692,0.4246821661427556,HNF4A,di,PEAKS033410,M,HNF4A_HUMAN~CD~HNF4A_HUMAN.PEAKS033410.macs.M,15
30,di_4,False,0.948635033029583,0.6223483303880063,0.9403154777504898,0.4755606823200066,0.9267303412192238,0.442364309625217,HNF4A,di,PEAKS033442,M,HNF4A_HUMAN~CD~HNF4A_HUMAN.PEAKS033442.macs.M,15
31,di_5,False,0.949096283976083,0.6325207516381349,0.945871386973096,0.4869562820176742,0.929597167026664,0.4510952975343065,HNF4A,di,PEAKS033479,M,HNF4A_HUMAN~CD~HNF4A_HUMAN.PEAKS033479.macs.M,15
32,di_6,False,0.9502772894853652,0.6433919096816023,0.948063535435013,0.4960565960575379,0.9313544894481824,0.458043144469319,HNF4A,di,PEAKS033615,M,HNF4A_HUMAN~CD~HNF4A_HUMAN.PEAKS033615.macs.M,15
33,di_7,False,0.950121159560302,0.6427296902317268,0.9493545202385852,0.4891946372814831,0.9320287963922416,0.4464627139333194,HNF4A,di,PEAKS034090,M,HNF4A_HUMAN~CD~HNF4A_HUMAN.PEAKS034090.macs.M,15
34,di_8,False,0.9512749445155226,0.6434025197072428,0.9485945021243012,0.4827327180442219,0.9303164870327938,0.4487470688822673,HNF4A,di,PEAKS034551,M,HNF4A_HUMAN~CD~HNF4A_HUMAN.PEAKS034551.macs.M,15
35,di_9,False,0.9518317151883862,0.6294153679471983,0.9442894366267172,0.465139250943674,0.9294931230753514,0.4386735383048541,HNF4A,di,PEAKS034558,M,HNF4A_HUMAN~CD~HNF4A_HUMAN.PEAKS034558.macs.M,15
36,di_10,False,0.9304845395441136,0.5182578206603703,0.9289235881823338,0.3909051518750455,0.9116723609509771,0.3637865089933753,HNF4A,di,PEAKS037598,M,HNF4A_HUMAN~CD~HNF4A_HUMAN.PEAKS037598.macs.M,17
37,di_11,False,0.9437240551972635,0.5850775942545958,0.9407746945331864,0.4363561625717886,0.9217529521008772,0.4014934388673021,HNF4A,di,PEAKS037599,M,HNF4A_HUMAN~CD~HNF4A_HUMAN.PEAKS037599.macs.M,15
38,di_12,False,0.9512975299616176,0.6435122977836737,0.9464995423158624,0.4821156997754067,0.9302926418219766,0.4516598414748806,HNF4A,di,PEAKS039452,M,HNF4A_HUMAN~CD~HNF4A_HUMAN.PEAKS039452.macs.M,16
0,mono_0,True,0.833961970651316,0.3507225052337469,0.8052962878156775,0.3575886644231628,0.7963532771815335,0.2442785148069544,IRF1,mono,PEAKS033589,S,IRF1_HUMAN~CM~IRF1_HUMAN.PEAKS033589.macs.S,17
1,mono_1,True,0.8429298912024998,0.3884883214597172,0.8151908650252973,0.3881970392536142,0.803289770642121,0.2810972700707969,IRF1,mono,PEAKS033589,M,IRF1_HUMAN~CM~IRF1_HUMAN.PEAKS033589.macs.M,20
2,mono_2,True,0.8128391062505655,0.1646498965715379,0.8088687267612016,0.1424743734456207,0.7599565575390739,0.1390210655731157,IRF1,mono,PEAKS034604,S,IRF1_HUMAN~CM~IRF1_HUMAN.PEAKS034604.macs.S,20
3,mono_3,True,0.8129709916739736,0.1730695355332531,0.8075445107454877,0.2044445691730727,0.7632062313297236,0.1525641479362279,IRF1,mono,PEAKS034604,M,IRF1_HUMAN~CM~IRF1_HUMAN.PEAKS034604.macs.M,20
4,mono_4,True,0.8392794209636165,0.3549451249425442,0.8127236899129127,0.3547324443063446,0.8006392825795157,0.2601528573615112,IRF1,mono,PEAKS034605,S,IRF1_HUMAN~CM~IRF1_HUMAN.PEAKS034605.macs.S,17
5,mono_5,True,0.8477176914218787,0.3993541409679382,0.810201749573414,0.4029052673239741,0.8036023789198194,0.3006260384602061,IRF1,mono,PEAKS034605,M,IRF1_HUMAN~CM~IRF1_HUMAN.PEAKS034605.macs.M,20
6,mono_6,True,0.8353139110985319,0.3378646213327206,0.8138596144449728,0.340823542582947,0.7998160694543021,0.2444305241193542,IRF1,mono,PEAKS034606,S,IRF1_HUMAN~CM~IRF1_HUMAN.PEAKS034606.macs.S,17
7,mono_7,True,0.8420749111487473,0.3584122218196419,0.8123106185393721,0.3719906047312957,0.8024965279206101,0.2783753985739776,IRF1,mono,PEAKS034606,M,IRF1_HUMAN~CM~IRF1_HUMAN.PEAKS034606.macs.M,20
8,mono_8,True,0.8449611137135675,0.3553370308533831,0.8129883069662195,0.3821976680071581,0.7993305335237502,0.2726839881600165,IRF1,mono,PEAKS034607,S,IRF1_HUMAN~CM~IRF1_HUMAN.PEAKS034607.macs.S,19
9,mono_9,True,0.8474415042833428,0.3461179093611209,0.814802039523598,0.3693307945973194,0.80037811250239,0.2783050214905884,IRF1,mono,PEAKS034607,M,IRF1_HUMAN~CM~IRF1_HUMAN.PEAKS034607.macs.M,20
10,mono_10,True,0.6308705408013451,0.0252313391208183,0.6412946447501382,0.0244428416622458,0.6400975968240354,0.0355465257448228,IRF1,mono,PEAKS037731,S,IRF1_HUMAN~CM~IRF1_HUMAN.PEAKS037731.macs.S,15
11,di_0,False,0.8474347737928982,0.4182384286205152,0.8170214392219054,0.423044821435277,0.8050317406422915,0.2947725064577703,IRF1,di,PEAKS033589,M,IRF1_HUMAN~CD~IRF1_HUMAN.PEAKS033589.macs.M,20
12,di_1,False,0.8392153679102623,0.3313362641090869,0.8146982715411524,0.3681372939235433,0.8018659679104446,0.2383044771364877,IRF1,di,PEAKS034604,M,IRF1_HUMAN~CD~IRF1_HUMAN.PEAKS034604.macs.M,21
13,di_2,False,0.84679484388247,0.42077554564089,0.8104987995575292,0.4330525595302562,0.8059395126708642,0.3012176737415718,IRF1,di,PEAKS034605,M,IRF1_HUMAN~CD~IRF1_HUMAN.PEAKS034605.macs.M,20
14,di_3,False,0.8457338888738672,0.3721963116172629,0.81248681970487,0.3946426279362019,0.8047993495619838,0.2865160787941129,IRF1,di,PEAKS034606,M,IRF1_HUMAN~CD~IRF1_HUMAN.PEAKS034606.macs.M,20
15,di_4,False,0.8526695019881868,0.3716465161052463,0.8205354597506569,0.4089557814436602,0.8014381275352276,0.2803013313775827,IRF1,di,PEAKS034607,M,IRF1_HUMAN~CD~IRF1_HUMAN.PEAKS034607.macs.M,20
0,mono_0,True,0.7719664673363109,0.2500135623815545,0.7475875025710677,0.1957480560962281,0.7892313693894584,0.319034730291312,IRF4,mono,PEAKS035178,M,IRF4_HUMAN~CM~IRF4_HUMAN.PEAKS035178.macs.M,15
1,mono_1,True,0.7818174578238596,0.2179451304998264,0.7466215691157723,0.1368209086762797,0.7745918947937867,0.2306014709368242,IRF4,mono,PEAKS035178,S,IRF4_HUMAN~CM~IRF4_HUMAN.PEAKS035178.macs.S,10
2,mono_2,True,0.7776676929402768,0.2789072488898778,0.7500974426962009,0.2147464004338306,0.799548429856477,0.3519793758575732,IRF4,mono,PEAKS035175,M,IRF4_HUMAN~CM~IRF4_HUMAN.PEAKS035175.macs.M,17
3,mono_3,True,0.7786805782054187,0.2791936488604102,0.7476852174950479,0.2164469339862612,0.8000064069112705,0.3499281703431969,IRF4,mono,PEAKS035175,S,IRF4_HUMAN~CM~IRF4_HUMAN.PEAKS035175.macs.S,17
4,mono_4,True,0.7542060673138617,0.2076896305684995,0.7333991194035191,0.1536400639982205,0.7825915693848402,0.2535560366266881,IRF4,mono,PEAKS035172,M,IRF4_HUMAN~CM~IRF4_HUMAN.PEAKS035172.macs.M,16
5,mono_5,True,0.7676761996075584,0.2041874084621073,0.7462319666172321,0.1514586770476818,0.7676062624316774,0.2199132289349424,IRF4,mono,PEAKS035172,S,IRF4_HUMAN~CM~IRF4_HUMAN.PEAKS035172.macs.S,10
6,mono_6,True,0.7792514595181705,0.2762444542206286,0.7562992369722625,0.2045341136287059,0.7980906048681047,0.3510524500427802,IRF4,mono,PEAKS035169,M,IRF4_HUMAN~CM~IRF4_HUMAN.PEAKS035169.macs.M,16
7,mono_7,True,0.7783483816567984,0.2762581344806345,0.7544975444361364,0.2038039880640303,0.7988396477732661,0.3512095243775958,IRF4,mono,PEAKS035169,S,IRF4_HUMAN~CM~IRF4_HUMAN.PEAKS035169.macs.S,16
8,mono_8,True,0.7858214522338012,0.2860240793163098,0.7562861700388561,0.207011413679689,0.8022725144067265,0.3688495870179554,IRF4,mono,PEAKS035165,M,IRF4_HUMAN~CM~IRF4_HUMAN.PEAKS035165.macs.M,16
9,mono_9,True,0.7849471935237258,0.2851729911526117,0.7570476356839183,0.2052121329479522,0.8024216819997559,0.3682939917228953,IRF4,mono,PEAKS035165,S,IRF4_HUMAN~CM~IRF4_HUMAN.PEAKS035165.macs.S,16
10,mono_10,True,0.7696489116592623,0.2308692757852426,0.7484607003959459,0.1560828630938734,0.781640871066807,0.2863886369082958,IRF4,mono,PEAKS033632,M,IRF4_HUMAN~CM~IRF4_HUMAN.PEAKS033632.macs.M,16
11,mono_11,True,0.768639226996799,0.1406844319952817,0.7559191277988258,0.0943451344060339,0.7611551775152807,0.1623178824759282,IRF4,mono,PEAKS033632,S,IRF4_HUMAN~CM~IRF4_HUMAN.PEAKS033632.macs.S,13
12,di_0,False,0.7063839444996133,0.1212397425901233,0.6761241071993003,0.0660062960834247,0.5755608344851018,0.0675099450821499,IRF4,di,PEAKS033632,M,IRF4_HUMAN~CD~IRF4_HUMAN.PEAKS033632.macs.M,19
13,di_1,False,0.7936301778887744,0.3090121149651984,0.7669814352335564,0.240497162102572,0.8055407922297688,0.3978489608176895,IRF4,di,PEAKS035165,M,IRF4_HUMAN~CD~IRF4_HUMAN.PEAKS035165.macs.M,18
14,di_2,False,0.789753651273545,0.3040494291802858,0.7735398083037314,0.2380521605687517,0.8066138299626927,0.3856646995432447,IRF4,di,PEAKS035169,M,IRF4_HUMAN~CD~IRF4_HUMAN.PEAKS035169.macs.M,18
15,di_3,False,0.7718820754632464,0.2435591269591986,0.7533218174053256,0.1873522839372342,0.7811863084144519,0.2959983050342114,IRF4,di,PEAKS035172,M,IRF4_HUMAN~CD~IRF4_HUMAN.PEAKS035172.macs.M,14
16,di_4,False,0.8107993868598947,0.3162569623887374,0.7807755038871851,0.2523448614724273,0.8121069942307122,0.3943860406510854,IRF4,di,PEAKS035175,M,IRF4_HUMAN~CD~IRF4_HUMAN.PEAKS035175.macs.M,19
17,di_5,False,0.7907776620647925,0.2846733838292482,0.7734744736366996,0.2203772279727837,0.7985265496096083,0.3610977983425423,IRF4,di,PEAKS035178,M,IRF4_HUMAN~CD~IRF4_HUMAN.PEAKS035178.macs.M,18
0,mono_0,True,0.8452053662457173,0.2561344790107489,0.8486249033958528,0.1937977224172078,0.8402516252712003,0.1836655717268714,JUND,mono,PEAKS033143,S,JUND_HUMAN~CM~JUND_HUMAN.PEAKS033143.macs.S,10
1,mono_1,True,0.845871392475999,0.2569729126641674,0.8474072018875352,0.196634664974611,0.8395230743569226,0.1843857866179626,JUND,mono,PEAKS033143,M,JUND_HUMAN~CM~JUND_HUMAN.PEAKS033143.macs.M,10
2,mono_2,True,0.838089166982092,0.2258796094351893,0.8376783512500523,0.1728296898999795,0.8262106357454699,0.1439848294158346,JUND,mono,PEAKS033233,S,JUND_HUMAN~CM~JUND_HUMAN.PEAKS033233.macs.S,11
3,mono_3,True,0.8360050848207483,0.2228479526141873,0.8339536663567584,0.1700808761161611,0.8229462376603396,0.1414307906630482,JUND,mono,PEAKS033233,M,JUND_HUMAN~CM~JUND_HUMAN.PEAKS033233.macs.M,11
4,mono_4,True,0.8545271025763288,0.2689682442925968,0.8567441279635323,0.2230122859603122,0.8400206396068237,0.1726786814404329,JUND,mono,PEAKS033513,S,JUND_HUMAN~CM~JUND_HUMAN.PEAKS033513.macs.S,10
5,mono_5,True,0.8398583333742977,0.2259197542365162,0.8380416912448083,0.1758660304275412,0.8270208226016127,0.1444630422610735,JUND,mono,PEAKS033513,M,JUND_HUMAN~CM~JUND_HUMAN.PEAKS033513.macs.M,11
6,mono_6,True,0.7837570253012107,0.1804655910265452,0.7953778419430994,0.1392270149176203,0.7927274838477916,0.1313471028689059,JUND,mono,PEAKS033791,S,JUND_HUMAN~CM~JUND_HUMAN.PEAKS033791.macs.S,11
7,mono_7,True,0.7322990350441677,0.1368162282514483,0.7417748103178422,0.0943887435496693,0.7431255054008552,0.0880270977787496,JUND,mono,PEAKS033791,M,JUND_HUMAN~CM~JUND_HUMAN.PEAKS033791.macs.M,11
8,mono_8,True,0.844743580069705,0.2711461963866664,0.8457985532888935,0.2278003757143476,0.8347696975802669,0.1910818172866742,JUND,mono,PEAKS033873,S,JUND_HUMAN~CM~JUND_HUMAN.PEAKS033873.macs.S,9
9,mono_9,True,0.8441556348898142,0.2708610412635467,0.8449595985826936,0.227654469193355,0.8346566110521852,0.1910025655443177,JUND,mono,PEAKS033873,M,JUND_HUMAN~CM~JUND_HUMAN.PEAKS033873.macs.M,9
10,mono_10,True,0.8499669442409882,0.2831224711545001,0.8523976188430126,0.2412621604970254,0.8421013182249937,0.2012728766941027,JUND,mono,PEAKS033874,S,JUND_HUMAN~CM~JUND_HUMAN.PEAKS033874.macs.S,9
11,mono_11,True,0.8495017571241071,0.2828510008649632,0.8527120283898173,0.2407437998702026,0.8405131188304702,0.2007937952989195,JUND,mono,PEAKS033874,M,JUND_HUMAN~CM~JUND_HUMAN.PEAKS033874.macs.M,9
12,mono_12,True,0.735853907260027,0.1360112384106699,0.7457394540377751,0.0986764809789389,0.7529778187961593,0.0914447520704374,JUND,mono,PEAKS033890,S,JUND_HUMAN~CM~JUND_HUMAN.PEAKS033890.macs.S,10
13,mono_13,True,0.69806545502362,0.1005230582932284,0.6957257844397431,0.0633055690142998,0.7139954898342045,0.0651821131307816,JUND,mono,PEAKS033890,M,JUND_HUMAN~CM~JUND_HUMAN.PEAKS033890.macs.M,11
14,mono_14,True,0.8547937621971302,0.2855330252393226,0.856309952340368,0.2419773587678026,0.8437027040308145,0.2007755207962557,JUND,mono,PEAKS033899,S,JUND_HUMAN~CM~JUND_HUMAN.PEAKS033899.macs.S,9
15,mono_15,True,0.8539885512881644,0.2847542937242229,0.8547589667825717,0.2414854792719797,0.8422999061049397,0.2004685347087856,JUND,mono,PEAKS033899,M,JUND_HUMAN~CM~JUND_HUMAN.PEAKS033899.macs.M,9
16,mono_16,True,0.8254892338358838,0.2216944683656184,0.8276762560483744,0.1602511596009651,0.8266285954078059,0.1582302668563885,JUND,mono,PEAKS033937,S,JUND_HUMAN~CM~JUND_HUMAN.PEAKS033937.macs.S,10
17,mono_17,True,0.8249301065728092,0.2418558474873585,0.8257420940374012,0.1864231411867904,0.8248776067424409,0.1661675405280895,JUND,mono,PEAKS033937,M,JUND_HUMAN~CM~JUND_HUMAN.PEAKS033937.macs.M,10
18,mono_18,True,0.8530225321856766,0.2841277562587399,0.8537232791966705,0.240839991143298,0.8408620618451479,0.2001237444402595,JUND,mono,PEAKS033972,S,JUND_HUMAN~CM~JUND_HUMAN.PEAKS033972.macs.S,9
19,mono_19,True,0.8523859319467726,0.2838529981726981,0.8532201685834686,0.2407159803383409,0.8402758111250405,0.1999161143559981,JUND,mono,PEAKS033972,M,JUND_HUMAN~CM~JUND_HUMAN.PEAKS033972.macs.M,9
20,mono_20,True,0.8351518964847687,0.2275522976814221,0.8346092547135107,0.1718259492341457,0.8336776332489679,0.1684834656358483,JUND,mono,PEAKS033980,S,JUND_HUMAN~CM~JUND_HUMAN.PEAKS033980.macs.S,10
21,mono_21,True,0.8345220705995704,0.2336138560131982,0.8353989169454029,0.1790813159488551,0.8320458037714473,0.1707763714297173,JUND,mono,PEAKS033980,M,JUND_HUMAN~CM~JUND_HUMAN.PEAKS033980.macs.M,11
22,mono_22,True,0.6423918821800234,0.0687081898988349,0.6563774319844535,0.0488593209052064,0.6582488206180399,0.0438822982868253,JUND,mono,PEAKS034065,M,JUND_HUMAN~CM~JUND_HUMAN.PEAKS034065.macs.M,11
23,mono_23,True,0.8418915579882907,0.2796964809785965,0.8463139469391832,0.2406147371183457,0.8337325951577035,0.2006449303568023,JUND,mono,PEAKS034184,S,JUND_HUMAN~CM~JUND_HUMAN.PEAKS034184.macs.S,9
24,mono_24,True,0.839295614440419,0.2671960439640553,0.8424844476580432,0.2139598607755784,0.830724330436399,0.1905638847839287,JUND,mono,PEAKS034184,M,JUND_HUMAN~CM~JUND_HUMAN.PEAKS034184.macs.M,10
25,mono_25,True,0.8289913067949998,0.2670927525906142,0.8337834984538992,0.2039358939671857,0.8277787227642768,0.1863966728028028,JUND,mono,PEAKS034552,S,JUND_HUMAN~CM~JUND_HUMAN.PEAKS034552.macs.S,10
26,mono_26,True,0.8266567333074437,0.2682771620479769,0.8325192041535304,0.2065216387564642,0.824841812264653,0.1881374847972326,JUND,mono,PEAKS034552,M,JUND_HUMAN~CM~JUND_HUMAN.PEAKS034552.macs.M,10
27,mono_27,True,0.8324392323611678,0.2262968604861754,0.8368671768948904,0.1648719270271229,0.829256363245302,0.1608638777792617,JUND,mono,PEAKS037226,S,JUND_HUMAN~CM~JUND_HUMAN.PEAKS037226.macs.S,9
28,mono_28,True,0.8272207581023354,0.2167504868081686,0.8303462909324065,0.1566115650338472,0.8267933286508742,0.1561101721282269,JUND,mono,PEAKS037226,M,JUND_HUMAN~CM~JUND_HUMAN.PEAKS037226.macs.M,10
29,mono_29,True,0.7820806443525751,0.205859596665957,0.7826284735342804,0.1464068811955116,0.7879190133358448,0.141300311435306,JUND,mono,PEAKS038842,S,JUND_HUMAN~CM~JUND_HUMAN.PEAKS038842.macs.S,9
30,mono_30,True,0.8045380975672101,0.1915498124601321,0.8102447697431694,0.1406450359971605,0.8059631400631839,0.1378511482247112,JUND,mono,PEAKS038842,M,JUND_HUMAN~CM~JUND_HUMAN.PEAKS038842.macs.M,10
31,mono_31,True,0.842010322028816,0.2548256945573541,0.8434954010861039,0.1922716401966859,0.8372242160289765,0.1828195274003335,JUND,mono,PEAKS039160,S,JUND_HUMAN~CM~JUND_HUMAN.PEAKS039160.macs.S,10
32,mono_32,True,0.8417165731041296,0.2575553645223545,0.8440788479336633,0.1932194036307312,0.837127768190536,0.1839494622990382,JUND,mono,PEAKS039160,M,JUND_HUMAN~CM~JUND_HUMAN.PEAKS039160.macs.M,10
33,di_0,False,0.8456739363610892,0.251051507089185,0.8493638612506476,0.1957841540374512,0.8429719038024592,0.1903930177464432,JUND,di,PEAKS033143,M,JUND_HUMAN~CD~JUND_HUMAN.PEAKS033143.macs.M,12
34,di_1,False,0.8428180254535981,0.232386733146821,0.8428704737758245,0.1816407885760102,0.8306871080253799,0.1520506923168019,JUND,di,PEAKS033233,M,JUND_HUMAN~CD~JUND_HUMAN.PEAKS033233.macs.M,14
35,di_2,False,0.8421397244247378,0.2325163735155872,0.8416128330027033,0.1866607279569499,0.8309639021033013,0.1521155212513838,JUND,di,PEAKS033513,M,JUND_HUMAN~CD~JUND_HUMAN.PEAKS033513.macs.M,14
36,di_3,False,0.8306679686770323,0.2180962314544533,0.8326650516429562,0.1622092569972917,0.8365785825158446,0.1611095924519937,JUND,di,PEAKS033791,M,JUND_HUMAN~CD~JUND_HUMAN.PEAKS033791.macs.M,10
37,di_4,False,0.8486263226973538,0.269728866072821,0.8516194690492497,0.2198496153298281,0.8399345572416217,0.1906286467080526,JUND,di,PEAKS033873,M,JUND_HUMAN~CD~JUND_HUMAN.PEAKS033873.macs.M,11
38,di_5,False,0.8505524146016545,0.2738393356683396,0.850457079996364,0.217183845878131,0.8439102895426448,0.200325660345336,JUND,di,PEAKS033874,M,JUND_HUMAN~CD~JUND_HUMAN.PEAKS033874.macs.M,11
39,di_6,False,0.7571665740872737,0.1558084579941035,0.7571795670586798,0.1013444124287795,0.7773212068726418,0.109979681857847,JUND,di,PEAKS033890,M,JUND_HUMAN~CD~JUND_HUMAN.PEAKS033890.macs.M,14
40,di_7,False,0.8551543187057892,0.2802138185606711,0.8558352297653022,0.2512582894993264,0.8444919950633922,0.2013569254311879,JUND,di,PEAKS033899,M,JUND_HUMAN~CD~JUND_HUMAN.PEAKS033899.macs.M,11
41,di_8,False,0.8307353953959367,0.2342386893783889,0.8351339886437917,0.1758908015474679,0.8324966359440434,0.1687187787078042,JUND,di,PEAKS033937,M,JUND_HUMAN~CD~JUND_HUMAN.PEAKS033937.macs.M,11
42,di_9,False,0.8527511723992154,0.285202101789512,0.8559548148284837,0.2388567587201689,0.8449105173359281,0.2153559814189412,JUND,di,PEAKS033972,M,JUND_HUMAN~CD~JUND_HUMAN.PEAKS033972.macs.M,12
43,di_10,False,0.8358207662132734,0.2321997429680759,0.8341718544698733,0.1851294657019365,0.8355280841115619,0.1767313596635022,JUND,di,PEAKS033980,M,JUND_HUMAN~CD~JUND_HUMAN.PEAKS033980.macs.M,11
44,di_11,False,0.5873325944186916,0.0581079926030338,0.5766635080039476,0.0376143046051083,0.5310491341684411,0.0291766377032993,JUND,di,PEAKS034065,M,JUND_HUMAN~CD~JUND_HUMAN.PEAKS034065.macs.M,12
45,di_12,False,0.8464304413333398,0.2741963382516856,0.8507035087511701,0.2247676843202411,0.8388325011334454,0.199062473046913,JUND,di,PEAKS034184,M,JUND_HUMAN~CD~JUND_HUMAN.PEAKS034184.macs.M,11
46,di_13,False,0.8388392694748537,0.2822076542534871,0.8439178677425456,0.222150639025139,0.8345363536852853,0.1951417024565284,JUND,di,PEAKS034552,M,JUND_HUMAN~CD~JUND_HUMAN.PEAKS034552.macs.M,11
47,di_14,False,0.8263978596955204,0.2284128517908556,0.8293465163610467,0.1725849096560366,0.8342786425341093,0.1779576954584128,JUND,di,PEAKS037226,M,JUND_HUMAN~CD~JUND_HUMAN.PEAKS037226.macs.M,14
48,di_15,False,0.7991462183366187,0.217711740623466,0.8085527723337058,0.1685162672594644,0.8075406400989762,0.1635977929804575,JUND,di,PEAKS038842,M,JUND_HUMAN~CD~JUND_HUMAN.PEAKS038842.macs.M,10
49,di_16,False,0.8455541953212178,0.2688016992482934,0.8457717943693606,0.2068312091867174,0.8443803631343124,0.1952513578475659,JUND,di,PEAKS039160,M,JUND_HUMAN~CD~JUND_HUMAN.PEAKS039160.macs.M,12
0,mono_0,True,0.777376812741227,0.1718186709070177,0.7715484844396503,0.1488905049981767,0.8678425105681652,0.353777851719453,MAFK,mono,PEAKS034399,M,MAFK_HUMAN~CM~MAFK_HUMAN.PEAKS034399.macs.M,21
1,mono_1,True,0.8144395093457502,0.2998069594584054,0.8052907276114144,0.2465927506826631,0.9005840304635342,0.5655694336170581,MAFK,mono,PEAKS034950,M,MAFK_HUMAN~CM~MAFK_HUMAN.PEAKS034950.macs.M,12
2,mono_2,True,0.8079294855062263,0.3245221568145856,0.8103928211239206,0.2708518446371087,0.9019859442575696,0.5917628411791744,MAFK,mono,PEAKS034950,S,MAFK_HUMAN~CM~MAFK_HUMAN.PEAKS034950.macs.S,13
3,mono_3,True,0.7594140036345904,0.0453059660719593,0.7380655822223255,0.0311981816059164,0.8481138496874792,0.0789825127799755,MAFK,mono,PEAKS034399,S,MAFK_HUMAN~CM~MAFK_HUMAN.PEAKS034399.macs.S,7
4,mono_4,True,0.8177727405895269,0.2799524594876496,0.8082991042005166,0.2482059170493658,0.903497482672862,0.5401181416616437,MAFK,mono,PEAKS033440,M,MAFK_HUMAN~CM~MAFK_HUMAN.PEAKS033440.macs.M,12
5,mono_5,True,0.8105999504819924,0.1931014045360015,0.7920050041346082,0.1512167151112647,0.9021095768264809,0.4159562201850167,MAFK,mono,PEAKS033440,S,MAFK_HUMAN~CM~MAFK_HUMAN.PEAKS033440.macs.S,10
6,di_0,False,0.8741140921213512,0.418387244609129,0.8540467732519796,0.3831342477161157,0.9479057284509976,0.6877074775444139,MAFK,di,PEAKS033440,M,MAFK_HUMAN~CD~MAFK_HUMAN.PEAKS033440.macs.M,18
7,di_1,False,0.8160530826803198,0.2721309533288674,0.810752595507511,0.2309339318921006,0.8991056008295035,0.4980410927567676,MAFK,di,PEAKS034399,M,MAFK_HUMAN~CD~MAFK_HUMAN.PEAKS034399.macs.M,22
8,di_2,False,0.8375523683686931,0.3208271257295247,0.8234050558198993,0.2960831790583457,0.9226524013223462,0.5956732873213982,MAFK,di,PEAKS034950,M,MAFK_HUMAN~CD~MAFK_HUMAN.PEAKS034950.macs.M,16
0,mono_0,True,0.8375515114654732,0.2915968461879795,0.8362740856603745,0.3833468944968108,0.8040538658110539,0.1317799480730851,MAX,mono,PEAKS033260,S,MAX_HUMAN~CM~MAX_HUMAN.PEAKS033260.macs.S,9
1,mono_1,True,0.8364625797611014,0.297705404983162,0.8406394004228455,0.3833803785903523,0.8033134501471071,0.1306293701839433,MAX,mono,PEAKS033260,M,MAX_HUMAN~CM~MAX_HUMAN.PEAKS033260.macs.M,10
2,mono_2,True,0.8255528903410638,0.2774237232468995,0.8251421662537729,0.3836191345785613,0.7993615151873701,0.1431386991831202,MAX,mono,PEAKS033450,S,MAX_HUMAN~CM~MAX_HUMAN.PEAKS033450.macs.S,8
3,mono_3,True,0.8383504930686272,0.2966787618144216,0.8292868327332703,0.3560338563773665,0.8020313386256537,0.1557112069967738,MAX,mono,PEAKS033450,M,MAX_HUMAN~CM~MAX_HUMAN.PEAKS033450.macs.M,12
4,mono_4,True,0.8672736317789538,0.3250241001772302,0.870833749471787,0.4211999682580835,0.8306983977820435,0.16727662656362,MAX,mono,PEAKS033491,S,MAX_HUMAN~CM~MAX_HUMAN.PEAKS033491.macs.S,9
5,mono_5,True,0.8684819500183495,0.3327111523156322,0.8698373431890389,0.4158362270202568,0.82695800711075,0.1644970796286071,MAX,mono,PEAKS033491,M,MAX_HUMAN~CM~MAX_HUMAN.PEAKS033491.macs.M,10
6,mono_6,True,0.8733055027761006,0.3511649154059996,0.8689447826100597,0.4351618669163128,0.838906670581438,0.1916756727009434,MAX,mono,PEAKS033520,S,MAX_HUMAN~CM~MAX_HUMAN.PEAKS033520.macs.S,9
7,mono_7,True,0.8738164334505334,0.3316897604249232,0.8721891826076704,0.4413735999864225,0.8359396602717835,0.1649120627103713,MAX,mono,PEAKS033520,M,MAX_HUMAN~CM~MAX_HUMAN.PEAKS033520.macs.M,8
8,mono_8,True,0.8673593694877532,0.3225297427887028,0.8694549730099473,0.4215702793936384,0.8297092591057066,0.1448399942046992,MAX,mono,PEAKS033571,S,MAX_HUMAN~CM~MAX_HUMAN.PEAKS033571.macs.S,9
9,mono_9,True,0.8679127295166389,0.3318822895093291,0.87070024853135,0.4270267022441228,0.8298045707650561,0.1417834589588763,MAX,mono,PEAKS033571,M,MAX_HUMAN~CM~MAX_HUMAN.PEAKS033571.macs.M,10
10,mono_10,True,0.8636175323483799,0.3261460481003612,0.8635282956672165,0.4256125180018861,0.8243551836214463,0.1472907648970269,MAX,mono,PEAKS033761,S,MAX_HUMAN~CM~MAX_HUMAN.PEAKS033761.macs.S,9
11,mono_11,True,0.8620550845852424,0.3324312029874685,0.8669596490882765,0.4292172029405166,0.8229615282569884,0.1436042321040393,MAX,mono,PEAKS033761,M,MAX_HUMAN~CM~MAX_HUMAN.PEAKS033761.macs.M,10
12,mono_12,True,0.8531627413550212,0.3253316586278308,0.8402893955731492,0.358892142574793,0.8174650930103867,0.1663404122027039,MAX,mono,PEAKS033959,S,MAX_HUMAN~CM~MAX_HUMAN.PEAKS033959.macs.S,8
13,mono_13,True,0.8539063912467,0.3031291126750931,0.8453796265660898,0.3596800166215556,0.8143719491555845,0.1550594530676555,MAX,mono,PEAKS033959,M,MAX_HUMAN~CM~MAX_HUMAN.PEAKS033959.macs.M,10
14,mono_14,True,0.8828957630429378,0.3646385846316561,0.8762108662073043,0.4586526031673567,0.8410351595592882,0.1790827406620485,MAX,mono,PEAKS033978,S,MAX_HUMAN~CM~MAX_HUMAN.PEAKS033978.macs.S,11
15,mono_15,True,0.8803951154834204,0.3578668972859748,0.8720949122067476,0.449210425530643,0.836959013107236,0.1747396360357862,MAX,mono,PEAKS033978,M,MAX_HUMAN~CM~MAX_HUMAN.PEAKS033978.macs.M,11
16,mono_16,True,0.8772084715464479,0.3651228946680283,0.8725888313065958,0.4602284110043591,0.8349116722623862,0.1861289922389507,MAX,mono,PEAKS033985,S,MAX_HUMAN~CM~MAX_HUMAN.PEAKS033985.macs.S,11
17,mono_17,True,0.8780646334244888,0.3604227756625601,0.8677479906206833,0.4191271602520386,0.8334615792898352,0.1821454650323302,MAX,mono,PEAKS033985,M,MAX_HUMAN~CM~MAX_HUMAN.PEAKS033985.macs.M,10
18,mono_18,True,0.8804754090161121,0.3694115042215539,0.8777120991087947,0.4383643303588551,0.8404334913916505,0.1919375913401829,MAX,mono,PEAKS033997,S,MAX_HUMAN~CM~MAX_HUMAN.PEAKS033997.macs.S,9
19,mono_19,True,0.882866746575748,0.3592356502540763,0.8789686984666064,0.4308109873608616,0.840012492780859,0.1691580084112266,MAX,mono,PEAKS033997,M,MAX_HUMAN~CM~MAX_HUMAN.PEAKS033997.macs.M,10
20,mono_20,True,0.8816242352404967,0.3707369436505721,0.8742774393208896,0.4512094890887128,0.8402733498704658,0.1826728171417419,MAX,mono,PEAKS033998,S,MAX_HUMAN~CM~MAX_HUMAN.PEAKS033998.macs.S,11
21,mono_21,True,0.8798456541298197,0.3655733261310102,0.8716070740285384,0.4462552960771377,0.839317161401844,0.179417533214051,MAX,mono,PEAKS033998,M,MAX_HUMAN~CM~MAX_HUMAN.PEAKS033998.macs.M,11
22,mono_22,True,0.8318244770394573,0.3018842188447238,0.8251674864164459,0.358612880366073,0.800960126162491,0.1438037824432174,MAX,mono,PEAKS034028,S,MAX_HUMAN~CM~MAX_HUMAN.PEAKS034028.macs.S,7
23,mono_23,True,0.8319721842407454,0.2724701995290761,0.8299063266252532,0.3212615934499891,0.7970637577075235,0.1288704932346386,MAX,mono,PEAKS034028,M,MAX_HUMAN~CM~MAX_HUMAN.PEAKS034028.macs.M,10
24,mono_24,True,0.8654592312746388,0.3307186256687658,0.8577303974185263,0.4081829211163218,0.8220062799321692,0.1601056423300569,MAX,mono,PEAKS034053,S,MAX_HUMAN~CM~MAX_HUMAN.PEAKS034053.macs.S,11
25,mono_25,True,0.8529438810360952,0.3052383429717113,0.8460522157137976,0.3596723010391948,0.8128743435484257,0.1479182714242976,MAX,mono,PEAKS034053,M,MAX_HUMAN~CM~MAX_HUMAN.PEAKS034053.macs.M,10
26,mono_26,True,0.8932803092185484,0.3474558625553528,0.8844589192702431,0.4213919703029549,0.8591614874985583,0.1596161701450765,MAX,mono,PEAKS034739,S,MAX_HUMAN~CM~MAX_HUMAN.PEAKS034739.macs.S,7
27,mono_27,True,0.8759223958518307,0.3339113238200372,0.8741825054978623,0.4079044811944282,0.8296821500634284,0.1474691319715994,MAX,mono,PEAKS034739,M,MAX_HUMAN~CM~MAX_HUMAN.PEAKS034739.macs.M,10
28,mono_28,True,0.8755733701507026,0.3698921788556289,0.8684769867628006,0.4403495209812429,0.8331584089103117,0.1735805389913538,MAX,mono,PEAKS034741,S,MAX_HUMAN~CM~MAX_HUMAN.PEAKS034741.macs.S,11
29,mono_29,True,0.8717208411762616,0.3567930683010139,0.8615564843059149,0.4263945598582316,0.8317466086852339,0.1678898207991871,MAX,mono,PEAKS034741,M,MAX_HUMAN~CM~MAX_HUMAN.PEAKS034741.macs.M,11
30,mono_30,True,0.8760749709959631,0.3677384415222318,0.8734046390513177,0.4320989542923724,0.8328267265177951,0.1939595102483132,MAX,mono,PEAKS034743,S,MAX_HUMAN~CM~MAX_HUMAN.PEAKS034743.macs.S,9
31,mono_31,True,0.8761872527257875,0.3699066670169716,0.8715297383497599,0.4436480617940032,0.8364089002777911,0.1898650853364134,MAX,mono,PEAKS034743,M,MAX_HUMAN~CM~MAX_HUMAN.PEAKS034743.macs.M,11
32,mono_32,True,0.8856281274046716,0.3941668621238269,0.8743001568276139,0.4490968831687415,0.8430453651501225,0.1999702046855781,MAX,mono,PEAKS034745,S,MAX_HUMAN~CM~MAX_HUMAN.PEAKS034745.macs.S,9
33,mono_33,True,0.8799236868274319,0.3572659864166306,0.8703732136648064,0.4229133233087094,0.832249227631806,0.1708172895860982,MAX,mono,PEAKS034745,M,MAX_HUMAN~CM~MAX_HUMAN.PEAKS034745.macs.M,11
34,mono_34,True,0.8666067736264518,0.3266973909229118,0.8531505314102379,0.3699693742801521,0.8276562049481577,0.1661480452932369,MAX,mono,PEAKS034747,S,MAX_HUMAN~CM~MAX_HUMAN.PEAKS034747.macs.S,8
35,mono_35,True,0.8657588657645818,0.3324837174977297,0.8534361467129137,0.3759929559388245,0.8230155076830998,0.1590171286815435,MAX,mono,PEAKS034747,M,MAX_HUMAN~CM~MAX_HUMAN.PEAKS034747.macs.M,10
36,mono_36,True,0.8816899690426301,0.3587822392391026,0.8733056092011264,0.4574880105455842,0.8414454057547884,0.1871258939411277,MAX,mono,PEAKS034845,S,MAX_HUMAN~CM~MAX_HUMAN.PEAKS034845.macs.S,9
37,mono_37,True,0.8639654117981319,0.314381806248202,0.8596467526009047,0.3501956146153086,0.8155525140658171,0.1404873265566076,MAX,mono,PEAKS034845,M,MAX_HUMAN~CM~MAX_HUMAN.PEAKS034845.macs.M,11
38,mono_38,True,0.8956154186052019,0.3756539673691076,0.8892363480838157,0.4303316913867879,0.857053316877879,0.1850386101759113,MAX,mono,PEAKS034864,S,MAX_HUMAN~CM~MAX_HUMAN.PEAKS034864.macs.S,8
39,mono_39,True,0.8894674388251591,0.3919341941793546,0.8818923808802244,0.4471204198397496,0.8489489491465512,0.19960215666306,MAX,mono,PEAKS034864,M,MAX_HUMAN~CM~MAX_HUMAN.PEAKS034864.macs.M,9
40,mono_40,True,0.8376112884895408,0.3055692731193928,0.8341583761644373,0.3587535988221877,0.8032935008581741,0.1596945769253103,MAX,mono,PEAKS034876,S,MAX_HUMAN~CM~MAX_HUMAN.PEAKS034876.macs.S,10
41,mono_41,True,0.8395874797267702,0.2949644017801883,0.8360001997679452,0.3568878627102632,0.8027982615716569,0.1510049233326729,MAX,mono,PEAKS034876,M,MAX_HUMAN~CM~MAX_HUMAN.PEAKS034876.macs.M,10
42,di_0,False,0.8440699302127358,0.3176004103147142,0.8424153223066815,0.408913786598847,0.8117675573393578,0.1381002279978842,MAX,di,PEAKS033260,M,MAX_HUMAN~CD~MAX_HUMAN.PEAKS033260.macs.M,14
43,di_1,False,0.8534673506292101,0.3030504736536576,0.851075513593997,0.3785895554242566,0.8172990148603868,0.1457426404826215,MAX,di,PEAKS033450,M,MAX_HUMAN~CD~MAX_HUMAN.PEAKS033450.macs.M,12
44,di_2,False,0.8716611289673378,0.3352611382494753,0.8739647633797359,0.4227883846433689,0.8335494405439481,0.168920986639417,MAX,di,PEAKS033491,M,MAX_HUMAN~CD~MAX_HUMAN.PEAKS033491.macs.M,12
45,di_3,False,0.8842624033692036,0.3558810162424532,0.8867947586666992,0.4480719262786216,0.8410466680104387,0.1663435257724899,MAX,di,PEAKS033520,M,MAX_HUMAN~CD~MAX_HUMAN.PEAKS033520.macs.M,12
46,di_4,False,0.8786444966319802,0.3537903407526745,0.8795941846448865,0.4540103068248988,0.8433446752293009,0.1465182334438395,MAX,di,PEAKS033571,M,MAX_HUMAN~CD~MAX_HUMAN.PEAKS033571.macs.M,12
47,di_5,False,0.8729551310508932,0.3579127808233261,0.8779476085840955,0.4560435930058847,0.8328933412038569,0.1570191908111426,MAX,di,PEAKS033761,M,MAX_HUMAN~CD~MAX_HUMAN.PEAKS033761.macs.M,12
48,di_6,False,0.8628735000769496,0.3321066384477583,0.8571479987600936,0.3966322083291926,0.8214283847026913,0.1692446656849931,MAX,di,PEAKS033959,M,MAX_HUMAN~CD~MAX_HUMAN.PEAKS033959.macs.M,11
49,di_7,False,0.8890273990481941,0.3886115609146345,0.8849515410709959,0.4847921569526042,0.8497656613582556,0.1986432771498089,MAX,di,PEAKS033978,M,MAX_HUMAN~CD~MAX_HUMAN.PEAKS033978.macs.M,11
50,di_8,False,0.8884811615820816,0.3753343781756294,0.8913100551713641,0.4880671169382383,0.8521717629532428,0.1944079468650138,MAX,di,PEAKS033985,M,MAX_HUMAN~CD~MAX_HUMAN.PEAKS033985.macs.M,12
51,di_9,False,0.8867415337808242,0.3908128740657819,0.8880537511787425,0.4933884355982829,0.8483186044620636,0.1938035367245602,MAX,di,PEAKS033997,M,MAX_HUMAN~CD~MAX_HUMAN.PEAKS033997.macs.M,12
52,di_10,False,0.8791718403357365,0.3616885363042121,0.8774397737355669,0.4796472128216578,0.8422199453145882,0.1736204603935219,MAX,di,PEAKS033998,M,MAX_HUMAN~CD~MAX_HUMAN.PEAKS033998.macs.M,13
53,di_11,False,0.8581128609226835,0.3192288484344897,0.8508124976175895,0.3940949993039225,0.8216033247521587,0.1646135331596749,MAX,di,PEAKS034028,M,MAX_HUMAN~CD~MAX_HUMAN.PEAKS034028.macs.M,13
54,di_12,False,0.8842918516413918,0.3787112511791862,0.8808624408931194,0.4511819863345778,0.8399161574472513,0.1789214123484351,MAX,di,PEAKS034053,M,MAX_HUMAN~CD~MAX_HUMAN.PEAKS034053.macs.M,12
55,di_13,False,0.8829118662026021,0.366598035311104,0.8841113210043756,0.4477412186528212,0.8365776982817105,0.1577234910273774,MAX,di,PEAKS034739,M,MAX_HUMAN~CD~MAX_HUMAN.PEAKS034739.macs.M,12
56,di_14,False,0.8970726278841259,0.3998022751531029,0.8978638973920323,0.5072778269235289,0.8568580448336152,0.194118379011797,MAX,di,PEAKS034741,M,MAX_HUMAN~CD~MAX_HUMAN.PEAKS034741.macs.M,11
57,di_15,False,0.8817232724840478,0.3854845785127004,0.8809858320327395,0.4634599009845761,0.8382375200338208,0.1999744085339041,MAX,di,PEAKS034743,M,MAX_HUMAN~CD~MAX_HUMAN.PEAKS034743.macs.M,11
58,di_16,False,0.8755127996590546,0.3726681391239284,0.8741083553195537,0.4561887080852493,0.8321241561167374,0.1725717076152008,MAX,di,PEAKS034745,M,MAX_HUMAN~CD~MAX_HUMAN.PEAKS034745.macs.M,14
59,di_17,False,0.8803963881095287,0.3696110078019051,0.8701920349681788,0.431166627093742,0.8324156637694731,0.1771103407265988,MAX,di,PEAKS034747,M,MAX_HUMAN~CD~MAX_HUMAN.PEAKS034747.macs.M,12
60,di_18,False,0.8823347702169976,0.3862313648543972,0.8790020602721185,0.4671716579619567,0.8412315865399549,0.1997877943243053,MAX,di,PEAKS034845,M,MAX_HUMAN~CD~MAX_HUMAN.PEAKS034845.macs.M,10
61,di_19,False,0.8860845192432907,0.3876879587335834,0.8883280184717343,0.4784721053030099,0.845282280068866,0.1831581318231444,MAX,di,PEAKS034864,M,MAX_HUMAN~CD~MAX_HUMAN.PEAKS034864.macs.M,12
62,di_20,False,0.8459417631494832,0.3170746396131009,0.8404639642220058,0.361146256766879,0.8032433706518373,0.1476134839385401,MAX,di,PEAKS034876,M,MAX_HUMAN~CD~MAX_HUMAN.PEAKS034876.macs.M,14
0,mono_0,True,0.8266144171714102,0.3076949264331475,0.8408709632637249,0.495133555064231,0.8357491433878773,0.1963802593213232,MYC,mono,PEAKS033167,S,MYC_HUMAN~CM~MYC_HUMAN.PEAKS033167.macs.S,8
1,mono_1,True,0.8501386342594228,0.3445085182124427,0.8602181759025762,0.4962214468463263,0.8564249553354866,0.220171694348142,MYC,mono,PEAKS033167,M,MYC_HUMAN~CM~MYC_HUMAN.PEAKS033167.macs.M,12
2,mono_2,True,0.84054613190945,0.3266757179308702,0.8344490202380241,0.4472497867503324,0.8442750139021995,0.206806776051479,MYC,mono,PEAKS033220,S,MYC_HUMAN~CM~MYC_HUMAN.PEAKS033220.macs.S,10
3,mono_3,True,0.8479578001427652,0.3355167532310141,0.8462514125929148,0.4782396367904359,0.8533889504135164,0.2169067341004434,MYC,mono,PEAKS033220,M,MYC_HUMAN~CM~MYC_HUMAN.PEAKS033220.macs.M,11
4,mono_4,True,0.8609177834632591,0.3498240014848742,0.8671825825381174,0.5345800009632622,0.860817977022918,0.2301094973146767,MYC,mono,PEAKS033282,S,MYC_HUMAN~CM~MYC_HUMAN.PEAKS033282.macs.S,10
5,mono_5,True,0.8648484698673414,0.3564798435191268,0.8639608539020026,0.5093914158540579,0.8671889987261248,0.2346060932786312,MYC,mono,PEAKS033282,M,MYC_HUMAN~CM~MYC_HUMAN.PEAKS033282.macs.M,11
6,mono_6,True,0.8659064505869632,0.3247114571227122,0.8673236668052664,0.4765469724313301,0.8655284460693257,0.1991475330515271,MYC,mono,PEAKS033347,S,MYC_HUMAN~CM~MYC_HUMAN.PEAKS033347.macs.S,7
7,mono_7,True,0.8744745566855843,0.3632208652392936,0.8792137985790458,0.5316278604056588,0.8760271396569608,0.2413397959323392,MYC,mono,PEAKS033347,M,MYC_HUMAN~CM~MYC_HUMAN.PEAKS033347.macs.M,11
8,mono_8,True,0.8554482458248228,0.3233949176622103,0.8594132564456914,0.478413344283351,0.8603011127675435,0.2007916478559475,MYC,mono,PEAKS033348,S,MYC_HUMAN~CM~MYC_HUMAN.PEAKS033348.macs.S,7
9,mono_9,True,0.8683439437844103,0.3718511693791135,0.8746884924406096,0.5218863251026284,0.8688556705198436,0.2347210910673666,MYC,mono,PEAKS033348,M,MYC_HUMAN~CM~MYC_HUMAN.PEAKS033348.macs.M,10
10,mono_10,True,0.8659373370037671,0.3548791412113318,0.8729145686809415,0.506786755503256,0.8685372567115086,0.2165774969008475,MYC,mono,PEAKS033349,S,MYC_HUMAN~CM~MYC_HUMAN.PEAKS033349.macs.S,8
11,mono_11,True,0.8735414153550403,0.3716571787317593,0.8761222550513688,0.5338711771515239,0.8720101630008243,0.2380684882253742,MYC,mono,PEAKS033349,M,MYC_HUMAN~CM~MYC_HUMAN.PEAKS033349.macs.M,11
12,mono_12,True,0.8698680060922602,0.3839783200224748,0.8783088385172508,0.5531011740492032,0.8712934089770742,0.2495427780640978,MYC,mono,PEAKS033350,S,MYC_HUMAN~CM~MYC_HUMAN.PEAKS033350.macs.S,11
13,mono_13,True,0.860125857828413,0.3550334192723854,0.8711110355706535,0.531195285853717,0.8623173684812487,0.2443304041554309,MYC,mono,PEAKS033350,M,MYC_HUMAN~CM~MYC_HUMAN.PEAKS033350.macs.M,9
14,mono_14,True,0.858789696871179,0.3179837438240153,0.8619360478932824,0.4677995013263273,0.8599847474137965,0.1956081297956234,MYC,mono,PEAKS033351,S,MYC_HUMAN~CM~MYC_HUMAN.PEAKS033351.macs.S,7
15,mono_15,True,0.8292670067354107,0.3061901738771779,0.8381105199398303,0.4373851791435292,0.8259268722614639,0.1868602633462415,MYC,mono,PEAKS033351,M,MYC_HUMAN~CM~MYC_HUMAN.PEAKS033351.macs.M,10
16,mono_16,True,0.8538537330996316,0.3510215343279524,0.8568307221402456,0.496721821766126,0.8577600020902598,0.2147712142826479,MYC,mono,PEAKS033354,S,MYC_HUMAN~CM~MYC_HUMAN.PEAKS033354.macs.S,8
17,mono_17,True,0.8349964881158518,0.3151945083324303,0.8353523418522174,0.4531201083726853,0.8415038999120513,0.2018955797949854,MYC,mono,PEAKS033354,M,MYC_HUMAN~CM~MYC_HUMAN.PEAKS033354.macs.M,10
18,mono_18,True,0.8544866115159269,0.3528029747316695,0.8528333040257701,0.4828158634217696,0.8579621108863098,0.2304818938352978,MYC,mono,PEAKS033355,S,MYC_HUMAN~CM~MYC_HUMAN.PEAKS033355.macs.S,8
19,mono_19,True,0.8641835639722668,0.3747736881298735,0.8693570902419772,0.533096842738277,0.8646867128495763,0.238935400059307,MYC,mono,PEAKS033355,M,MYC_HUMAN~CM~MYC_HUMAN.PEAKS033355.macs.M,11
20,mono_20,True,0.8459831402704059,0.3357081611855418,0.8524462198634963,0.5042333625025159,0.848544985940045,0.2241354119342689,MYC,mono,PEAKS033356,S,MYC_HUMAN~CM~MYC_HUMAN.PEAKS033356.macs.S,11
21,mono_21,True,0.8436221222551259,0.3321372228431443,0.8448637134519795,0.4571722567583126,0.8418349217335747,0.1986976707788176,MYC,mono,PEAKS033356,M,MYC_HUMAN~CM~MYC_HUMAN.PEAKS033356.macs.M,12
22,mono_22,True,0.8528576623248121,0.3325482464264727,0.8564890893208397,0.4939740030901844,0.8567011182889843,0.2156977132944188,MYC,mono,PEAKS033437,S,MYC_HUMAN~CM~MYC_HUMAN.PEAKS033437.macs.S,11
23,mono_23,True,0.8600658207942555,0.342217692712076,0.8687421775581488,0.4991101691641291,0.8602229344881032,0.209892198435783,MYC,mono,PEAKS033437,M,MYC_HUMAN~CM~MYC_HUMAN.PEAKS033437.macs.M,12
24,mono_24,True,0.8427975185700857,0.3105979229680509,0.8459799067970365,0.45878916587017,0.846802898362104,0.1919083039564757,MYC,mono,PEAKS033462,S,MYC_HUMAN~CM~MYC_HUMAN.PEAKS033462.macs.S,7
25,mono_25,True,0.8635809171608089,0.3420750020018915,0.8694531281963703,0.494206518339113,0.8648062068883919,0.2121925795875979,MYC,mono,PEAKS033462,M,MYC_HUMAN~CM~MYC_HUMAN.PEAKS033462.macs.M,11
26,mono_26,True,0.8697702956371783,0.3607556811429616,0.8742846792518161,0.5002523528218792,0.8721666802730746,0.2317155518000849,MYC,mono,PEAKS033471,S,MYC_HUMAN~CM~MYC_HUMAN.PEAKS033471.macs.S,8
27,mono_27,True,0.8617960283692956,0.3411481919111959,0.8739634390570911,0.5148485790172738,0.8628041852522312,0.2236502980742985,MYC,mono,PEAKS033471,M,MYC_HUMAN~CM~MYC_HUMAN.PEAKS033471.macs.M,10
28,mono_28,True,0.8527159607324847,0.336652188346289,0.8579681933115402,0.5120668271354776,0.8551398204348529,0.2139413234695243,MYC,mono,PEAKS033599,S,MYC_HUMAN~CM~MYC_HUMAN.PEAKS033599.macs.S,9
29,mono_29,True,0.8517883073835084,0.3392414441468216,0.8578932279192556,0.4904375331183514,0.8525496882357813,0.2063280689676431,MYC,mono,PEAKS033599,M,MYC_HUMAN~CM~MYC_HUMAN.PEAKS033599.macs.M,10
30,mono_30,True,0.8598632584404662,0.3139371093079945,0.8625902814868375,0.4645255239104954,0.8607247851567892,0.1912900577138111,MYC,mono,PEAKS033605,S,MYC_HUMAN~CM~MYC_HUMAN.PEAKS033605.macs.S,7
31,mono_31,True,0.8714397085326981,0.3557315466368243,0.8744404985510882,0.523025014385195,0.8720619811324475,0.2371346601301887,MYC,mono,PEAKS033605,M,MYC_HUMAN~CM~MYC_HUMAN.PEAKS033605.macs.M,11
32,mono_32,True,0.8354437208020298,0.2985964823295862,0.8420896842085416,0.44458394256693,0.834800750521579,0.1906461490832431,MYC,mono,PEAKS033629,S,MYC_HUMAN~CM~MYC_HUMAN.PEAKS033629.macs.S,10
33,mono_33,True,0.8347283996861992,0.3155726257872513,0.8381986368980994,0.4612180509097965,0.8364588528417674,0.2005080641068342,MYC,mono,PEAKS033629,M,MYC_HUMAN~CM~MYC_HUMAN.PEAKS033629.macs.M,12
34,mono_34,True,0.8469011477761836,0.3654855756498559,0.8493472300129937,0.535028305717908,0.8524690207724496,0.2432588330351709,MYC,mono,PEAKS033663,S,MYC_HUMAN~CM~MYC_HUMAN.PEAKS033663.macs.S,10
35,mono_35,True,0.7647278300386597,0.2220467602665936,0.7630420978914747,0.313218012917594,0.7727701152009212,0.1386124211304019,MYC,mono,PEAKS033663,M,MYC_HUMAN~CM~MYC_HUMAN.PEAKS033663.macs.M,12
36,mono_36,True,0.8627637118261939,0.3532286757418389,0.8651583941544999,0.503316732576379,0.8639145971122865,0.2140010348897001,MYC,mono,PEAKS033685,S,MYC_HUMAN~CM~MYC_HUMAN.PEAKS033685.macs.S,8
37,mono_37,True,0.8619923892685754,0.3342868840989788,0.8639661522823344,0.4839714326538913,0.8641538847280887,0.2064162322569672,MYC,mono,PEAKS033685,M,MYC_HUMAN~CM~MYC_HUMAN.PEAKS033685.macs.M,10
38,mono_38,True,0.8569948908411136,0.3191962330645574,0.8547763031154748,0.4675704193610911,0.8573346003068344,0.1959996636640988,MYC,mono,PEAKS033822,S,MYC_HUMAN~CM~MYC_HUMAN.PEAKS033822.macs.S,7
39,mono_39,True,0.8521988759002339,0.320658351621971,0.8617811302900057,0.4788876535968375,0.8443857600066257,0.1906616002812847,MYC,mono,PEAKS033822,M,MYC_HUMAN~CM~MYC_HUMAN.PEAKS033822.macs.M,9
40,mono_40,True,0.849643741298033,0.3093182479738644,0.8487688873330195,0.4551497992088508,0.8518701757395772,0.1881478596629072,MYC,mono,PEAKS033870,S,MYC_HUMAN~CM~MYC_HUMAN.PEAKS033870.macs.S,7
41,mono_41,True,0.8414548190344262,0.3299917913280401,0.8485032718845595,0.4847187259498561,0.8495755218747658,0.2139622153799798,MYC,mono,PEAKS033870,M,MYC_HUMAN~CM~MYC_HUMAN.PEAKS033870.macs.M,11
42,mono_42,True,0.8592014227053311,0.3558619403172194,0.8567387564795562,0.4827840029092473,0.8618201885572081,0.2292385709139448,MYC,mono,PEAKS033909,S,MYC_HUMAN~CM~MYC_HUMAN.PEAKS033909.macs.S,8
43,mono_43,True,0.8598670918998381,0.3551575266522163,0.8540971042722203,0.4700330863896128,0.8634744426302567,0.2274280818327768,MYC,mono,PEAKS033909,M,MYC_HUMAN~CM~MYC_HUMAN.PEAKS033909.macs.M,11
44,mono_44,True,0.8818548405905676,0.3852461454470834,0.8924913912407535,0.5449870514392544,0.8813709323741802,0.2384746823830648,MYC,mono,PEAKS034735,S,MYC_HUMAN~CM~MYC_HUMAN.PEAKS034735.macs.S,9
45,mono_45,True,0.8747965506639999,0.3963173912834628,0.8805527346603166,0.5366777692136396,0.8773013494007265,0.2520751075978305,MYC,mono,PEAKS034735,M,MYC_HUMAN~CM~MYC_HUMAN.PEAKS034735.macs.M,10
46,mono_46,True,0.8733408400534308,0.3750969905050001,0.8862171449195028,0.5517235639898382,0.8771136665522941,0.2500138203505774,MYC,mono,PEAKS034736,S,MYC_HUMAN~CM~MYC_HUMAN.PEAKS034736.macs.S,9
47,mono_47,True,0.8355060721176613,0.3313690581212484,0.8383874102536661,0.4862027235459327,0.8355796771534605,0.2113038214641273,MYC,mono,PEAKS034736,M,MYC_HUMAN~CM~MYC_HUMAN.PEAKS034736.macs.M,11
48,mono_48,True,0.8664702617127592,0.3597965702262594,0.8739144377444196,0.5014767710679768,0.8704749724913925,0.2339244168457175,MYC,mono,PEAKS034737,S,MYC_HUMAN~CM~MYC_HUMAN.PEAKS034737.macs.S,8
49,mono_49,True,0.867455509537709,0.3790984057718275,0.8743031401944251,0.5234347425375461,0.8719724004858869,0.2439158560286091,MYC,mono,PEAKS034737,M,MYC_HUMAN~CM~MYC_HUMAN.PEAKS034737.macs.M,10
50,mono_50,True,0.8095724222742082,0.2638219658161391,0.801711849321233,0.3919323627522582,0.8258034761414592,0.182263208703503,MYC,mono,PEAKS034746,S,MYC_HUMAN~CM~MYC_HUMAN.PEAKS034746.macs.S,10
51,mono_51,True,0.8100816737460332,0.2718332717509936,0.8022803393230115,0.3751678977327606,0.8244260103250947,0.1841124930286678,MYC,mono,PEAKS034746,M,MYC_HUMAN~CM~MYC_HUMAN.PEAKS034746.macs.M,10
52,mono_52,True,0.8683613795223725,0.366140350919692,0.8670896528691076,0.5276687496595227,0.8728285894295956,0.2436006140000891,MYC,mono,PEAKS034748,S,MYC_HUMAN~CM~MYC_HUMAN.PEAKS034748.macs.S,9
53,mono_53,True,0.8682741679682806,0.3776343536576577,0.8713307524936788,0.5337452396764629,0.8723767645933656,0.2420632389288245,MYC,mono,PEAKS034748,M,MYC_HUMAN~CM~MYC_HUMAN.PEAKS034748.macs.M,12
54,mono_54,True,0.81970960591133,0.2899798016741202,0.8137257443685548,0.4328134011430035,0.825328542102959,0.1898276724233278,MYC,mono,PEAKS034754,S,MYC_HUMAN~CM~MYC_HUMAN.PEAKS034754.macs.S,9
55,mono_55,True,0.8038397739078811,0.2499929403342541,0.8029818936291813,0.3926155021031616,0.8083274340680794,0.1525625550985302,MYC,mono,PEAKS034754,M,MYC_HUMAN~CM~MYC_HUMAN.PEAKS034754.macs.M,12
56,mono_56,True,0.8733686722123668,0.3696189851045409,0.8816544935385822,0.5253048386050007,0.8762800066651681,0.2292633551841753,MYC,mono,PEAKS034863,S,MYC_HUMAN~CM~MYC_HUMAN.PEAKS034863.macs.S,8
57,mono_57,True,0.866132834950633,0.3877040967955056,0.8825383443839598,0.5567616611447648,0.8749669798112456,0.2527706117706286,MYC,mono,PEAKS034863,M,MYC_HUMAN~CM~MYC_HUMAN.PEAKS034863.macs.M,11
58,mono_58,True,0.8562329497989272,0.3112392696159988,0.858928772621454,0.4594742777120444,0.8562564644241729,0.189147308719208,MYC,mono,PEAKS034875,S,MYC_HUMAN~CM~MYC_HUMAN.PEAKS034875.macs.S,7
59,mono_59,True,0.8572644030362355,0.3362010907457098,0.8694479489425418,0.5001663021806805,0.8568719650808299,0.2133191594654891,MYC,mono,PEAKS034875,M,MYC_HUMAN~CM~MYC_HUMAN.PEAKS034875.macs.M,11
60,mono_60,True,0.8298723597260604,0.2958327200877212,0.8339939606601473,0.4620779070963989,0.8380529569288169,0.1820472624886087,MYC,mono,PEAKS035043,S,MYC_HUMAN~CM~MYC_HUMAN.PEAKS035043.macs.S,9
61,mono_61,True,0.8092521337046172,0.2744489685574478,0.8046434994232188,0.4132195981899779,0.8148947185445481,0.1785784496709803,MYC,mono,PEAKS035043,M,MYC_HUMAN~CM~MYC_HUMAN.PEAKS035043.macs.M,11
62,mono_62,True,0.8553862846400124,0.3121815319601654,0.857815447476058,0.4607189488370559,0.8555773129907673,0.1898815516759167,MYC,mono,PEAKS035046,S,MYC_HUMAN~CM~MYC_HUMAN.PEAKS035046.macs.S,7
63,mono_63,True,0.8744115470241924,0.3633005841300379,0.8808802702325718,0.5085164035261793,0.8775112927270791,0.2294456034347997,MYC,mono,PEAKS035046,M,MYC_HUMAN~CM~MYC_HUMAN.PEAKS035046.macs.M,10
64,mono_64,True,0.8302731922878487,0.3009493081038145,0.8301055946123914,0.4356443280330083,0.8404940922553904,0.1795272784825002,MYC,mono,PEAKS037234,S,MYC_HUMAN~CM~MYC_HUMAN.PEAKS037234.macs.S,8
65,mono_65,True,0.8263959799563223,0.3115100337983097,0.8234617280742776,0.4699703883725625,0.8334296404753172,0.2072967191192842,MYC,mono,PEAKS037234,M,MYC_HUMAN~CM~MYC_HUMAN.PEAKS037234.macs.M,10
66,mono_66,True,0.8437512279932999,0.3285119185593729,0.83698534079098,0.4778198865309291,0.8487024144472446,0.2201229296536471,MYC,mono,PEAKS037236,S,MYC_HUMAN~CM~MYC_HUMAN.PEAKS037236.macs.S,9
67,mono_67,True,0.8286275081100565,0.3026372795767154,0.8209805026128254,0.4325232764188791,0.8341569587903311,0.1949320486814185,MYC,mono,PEAKS037236,M,MYC_HUMAN~CM~MYC_HUMAN.PEAKS037236.macs.M,10
68,mono_68,True,0.8761689962612462,0.3703787395420327,0.881952960411272,0.5240147321984209,0.8749972907472481,0.229185892674634,MYC,mono,PEAKS037302,S,MYC_HUMAN~CM~MYC_HUMAN.PEAKS037302.macs.S,8
69,mono_69,True,0.8637866351923443,0.3831369541887781,0.877968373137579,0.5558327895526838,0.8696202147840526,0.2532923309672753,MYC,mono,PEAKS037302,M,MYC_HUMAN~CM~MYC_HUMAN.PEAKS037302.macs.M,11
70,mono_70,True,0.8680363259853983,0.3683291555388943,0.8750989583864439,0.5405066808671657,0.8717877550215534,0.2456528316760383,MYC,mono,PEAKS037303,S,MYC_HUMAN~CM~MYC_HUMAN.PEAKS037303.macs.S,9
71,mono_71,True,0.8567109978726563,0.3685889201211179,0.8648672691398556,0.5327601972315323,0.8630587660762669,0.2439664271397657,MYC,mono,PEAKS037303,M,MYC_HUMAN~CM~MYC_HUMAN.PEAKS037303.macs.M,11
72,mono_72,True,0.8364073294414486,0.3299700119607865,0.8361270856494122,0.4840391593713012,0.8389634594982587,0.2035595751857206,MYC,mono,PEAKS037304,S,MYC_HUMAN~CM~MYC_HUMAN.PEAKS037304.macs.S,9
73,mono_73,True,0.8212060957940788,0.2986018410264948,0.826580240009628,0.4762320727309811,0.8178878390263333,0.1822725864947132,MYC,mono,PEAKS037304,M,MYC_HUMAN~CM~MYC_HUMAN.PEAKS037304.macs.M,8
74,mono_74,True,0.7918168904735989,0.2111089910286647,0.7991910115482992,0.3376429639134961,0.801129116530011,0.1303497400906699,MYC,mono,PEAKS037795,S,MYC_HUMAN~CM~MYC_HUMAN.PEAKS037795.macs.S,11
75,mono_75,True,0.7716720423913889,0.2021455295357895,0.7694033725380244,0.3142501850998331,0.7821360139929089,0.1353491638368349,MYC,mono,PEAKS037795,M,MYC_HUMAN~CM~MYC_HUMAN.PEAKS037795.macs.M,12
76,mono_76,True,0.7577929624499085,0.1937272154052264,0.7523913747543786,0.3073972830155947,0.7741979539117437,0.121693313509188,MYC,mono,PEAKS037796,S,MYC_HUMAN~CM~MYC_HUMAN.PEAKS037796.macs.S,9
77,mono_77,True,0.7682642687520761,0.2245948549805577,0.7608886590842928,0.355324338830068,0.7826822856399154,0.1524196048468248,MYC,mono,PEAKS037796,M,MYC_HUMAN~CM~MYC_HUMAN.PEAKS037796.macs.M,12
78,mono_78,True,0.8151971729650649,0.2711343254098861,0.8127804260800948,0.4386462708308637,0.8154295042140426,0.1670496505851002,MYC,mono,PEAKS037861,S,MYC_HUMAN~CM~MYC_HUMAN.PEAKS037861.macs.S,8
79,mono_79,True,0.8357404329604003,0.3254155474963606,0.8365378411642858,0.4736098835098745,0.8386599882866574,0.2022941186290908,MYC,mono,PEAKS037861,M,MYC_HUMAN~CM~MYC_HUMAN.PEAKS037861.macs.M,12
80,mono_80,True,0.8256058304061742,0.3014654312146996,0.8222918379995967,0.4577593508477292,0.828426236704173,0.1974352142683339,MYC,mono,PEAKS038221,S,MYC_HUMAN~CM~MYC_HUMAN.PEAKS038221.macs.S,9
81,mono_81,True,0.8385227657589529,0.3304725720862734,0.839256870617423,0.4814637353517473,0.840505560682608,0.2088222094988133,MYC,mono,PEAKS038221,M,MYC_HUMAN~CM~MYC_HUMAN.PEAKS038221.macs.M,12
82,mono_82,True,0.8777648917598999,0.3781855828587445,0.8863298734133916,0.5630859433139298,0.8780295742180259,0.2412426324612546,MYC,mono,PEAKS038704,S,MYC_HUMAN~CM~MYC_HUMAN.PEAKS038704.macs.S,9
83,mono_83,True,0.8782896926306267,0.3930754358113887,0.8790060712804173,0.5433941488899081,0.8777592988953175,0.2462646397270272,MYC,mono,PEAKS038704,M,MYC_HUMAN~CM~MYC_HUMAN.PEAKS038704.macs.M,11
84,mono_84,True,0.87729014849001,0.373937088811582,0.8899936346860486,0.5682558805879916,0.8792175976210478,0.2447100057213595,MYC,mono,PEAKS038706,S,MYC_HUMAN~CM~MYC_HUMAN.PEAKS038706.macs.S,9
85,mono_85,True,0.8809523630478264,0.3816845458715857,0.8894483193709863,0.5555702633672239,0.8838083290936554,0.2433224621989568,MYC,mono,PEAKS038706,M,MYC_HUMAN~CM~MYC_HUMAN.PEAKS038706.macs.M,10
86,mono_86,True,0.8731433882720456,0.3669579479870285,0.883112567119629,0.5486504681092371,0.8679539957484905,0.2402349758716573,MYC,mono,PEAKS038856,S,MYC_HUMAN~CM~MYC_HUMAN.PEAKS038856.macs.S,10
87,mono_87,True,0.8644495427270993,0.3614386720165848,0.8769478622001202,0.5343045842139869,0.8611932425450688,0.2309239841750263,MYC,mono,PEAKS038856,M,MYC_HUMAN~CM~MYC_HUMAN.PEAKS038856.macs.M,11
88,mono_88,True,0.8782323688432481,0.3663369238758405,0.8890666692099869,0.5392960443116108,0.8794970203938365,0.2294231609464999,MYC,mono,PEAKS038857,S,MYC_HUMAN~CM~MYC_HUMAN.PEAKS038857.macs.S,9
89,mono_89,True,0.869187645150575,0.3500756185948322,0.8756235933405014,0.5505820816202198,0.8720746837989091,0.2238268168336423,MYC,mono,PEAKS038857,M,MYC_HUMAN~CM~MYC_HUMAN.PEAKS038857.macs.M,9
90,mono_90,True,0.866150420874826,0.3697674677900191,0.8744791395233874,0.5397347774280004,0.8688468724980971,0.2432650892337003,MYC,mono,PEAKS038858,S,MYC_HUMAN~CM~MYC_HUMAN.PEAKS038858.macs.S,11
91,mono_91,True,0.8728179152737631,0.3677721236273157,0.8726245652881452,0.5189028063195621,0.8729422640668567,0.2386216106575326,MYC,mono,PEAKS038858,M,MYC_HUMAN~CM~MYC_HUMAN.PEAKS038858.macs.M,11
92,mono_92,True,0.8681404813733737,0.3614043150178397,0.8716913264271386,0.5302929909391386,0.8646347574707067,0.2405058384353899,MYC,mono,PEAKS038859,M,MYC_HUMAN~CM~MYC_HUMAN.PEAKS038859.macs.M,12
93,mono_93,True,0.8626122799329993,0.3675695962189884,0.8690157048391554,0.5148345860809629,0.8634846344214515,0.2363209323046609,MYC,mono,PEAKS038860,S,MYC_HUMAN~CM~MYC_HUMAN.PEAKS038860.macs.S,10
94,mono_94,True,0.8561404785463386,0.340681547394832,0.8641487842084676,0.500176510238268,0.8629364316504771,0.2243508408507653,MYC,mono,PEAKS038860,M,MYC_HUMAN~CM~MYC_HUMAN.PEAKS038860.macs.M,9
95,mono_95,True,0.8703019015343731,0.3627261784615619,0.8817353474455697,0.5154119665618385,0.8714782717495474,0.2217317158537234,MYC,mono,PEAKS038864,S,MYC_HUMAN~CM~MYC_HUMAN.PEAKS038864.macs.S,8
96,mono_96,True,0.8761450933274908,0.3773030610932984,0.8817828239389964,0.5398730961829783,0.8730848866329859,0.2370531508522577,MYC,mono,PEAKS038864,M,MYC_HUMAN~CM~MYC_HUMAN.PEAKS038864.macs.M,11
97,mono_97,True,0.8758523927316932,0.3351710099785273,0.8843588356101976,0.5045690926355046,0.8733432764624915,0.2066265611578931,MYC,mono,PEAKS038865,S,MYC_HUMAN~CM~MYC_HUMAN.PEAKS038865.macs.S,7
98,mono_98,True,0.8817799375932038,0.3803113725705838,0.8870099281347559,0.5514815308286305,0.8776810496259224,0.2442228169687041,MYC,mono,PEAKS038865,M,MYC_HUMAN~CM~MYC_HUMAN.PEAKS038865.macs.M,11
99,mono_99,True,0.7753479765497452,0.251749535430215,0.7715082004009233,0.3914887347528558,0.7836594010419748,0.1564160227257933,MYC,mono,PEAKS038866,S,MYC_HUMAN~CM~MYC_HUMAN.PEAKS038866.macs.S,9
100,mono_100,True,0.7778221325031274,0.2659025744316379,0.7794301861912061,0.3992652055430799,0.7860711678241974,0.1597967610595241,MYC,mono,PEAKS038866,M,MYC_HUMAN~CM~MYC_HUMAN.PEAKS038866.macs.M,10
101,mono_101,True,0.864428239605346,0.367137059537558,0.8658624501172427,0.5070352588852516,0.8663614623141935,0.2414608451666832,MYC,mono,PEAKS039407,S,MYC_HUMAN~CM~MYC_HUMAN.PEAKS039407.macs.S,8
102,mono_102,True,0.8665014379006439,0.3784507202542238,0.8754245402840422,0.5463069461955021,0.8683898533663044,0.2473133874982292,MYC,mono,PEAKS039407,M,MYC_HUMAN~CM~MYC_HUMAN.PEAKS039407.macs.M,10
103,mono_103,True,0.8706930355994373,0.3625785124640448,0.8793246522050414,0.5409151434993265,0.8761987006866305,0.2332916954371539,MYC,mono,PEAKS039408,S,MYC_HUMAN~CM~MYC_HUMAN.PEAKS039408.macs.S,9
104,mono_104,True,0.8814754479083475,0.3913611254184809,0.8876869973626712,0.565042339144767,0.8817236327531875,0.2577685981763096,MYC,mono,PEAKS039408,M,MYC_HUMAN~CM~MYC_HUMAN.PEAKS039408.macs.M,11
105,mono_105,True,0.8259335865885463,0.2807534422404809,0.8166287931134119,0.4125020305909647,0.831146719278111,0.1693189432019816,MYC,mono,PEAKS039446,S,MYC_HUMAN~CM~MYC_HUMAN.PEAKS039446.macs.S,7
106,mono_106,True,0.8301672484468977,0.2996564685619842,0.837094535809504,0.4489501175989847,0.8364929084978919,0.1929584754969091,MYC,mono,PEAKS039446,M,MYC_HUMAN~CM~MYC_HUMAN.PEAKS039446.macs.M,12
107,mono_107,True,0.8453367426196718,0.3291982383817624,0.848185592655931,0.4904557679094798,0.8511798021746588,0.2222420917074735,MYC,mono,PEAKS039447,S,MYC_HUMAN~CM~MYC_HUMAN.PEAKS039447.macs.S,10
108,mono_108,True,0.8372546946448891,0.3224486301728138,0.8318321939940141,0.4397294413137692,0.8442942563210638,0.2061703672030074,MYC,mono,PEAKS039447,M,MYC_HUMAN~CM~MYC_HUMAN.PEAKS039447.macs.M,10
109,mono_109,True,0.8030244436041869,0.2555502877317058,0.8123400025677077,0.4331591938758774,0.8137018078775187,0.1637102182644792,MYC,mono,PEAKS039449,S,MYC_HUMAN~CM~MYC_HUMAN.PEAKS039449.macs.S,8
110,di_0,False,0.8682940989179524,0.3638739513554024,0.8793203031713065,0.5420283787764882,0.8718814720161543,0.2293989655583148,MYC,di,PEAKS033167,M,MYC_HUMAN~CD~MYC_HUMAN.PEAKS033167.macs.M,11
111,di_1,False,0.8692693888657229,0.370392053748619,0.8756282484377145,0.5403238960907055,0.8713880184731637,0.2476465036527098,MYC,di,PEAKS033220,M,MYC_HUMAN~CD~MYC_HUMAN.PEAKS033220.macs.M,13
112,di_2,False,0.8563652755298924,0.348409206874734,0.8651107930364232,0.5178165579731032,0.8534083868715909,0.2121781159518626,MYC,di,PEAKS033282,M,MYC_HUMAN~CD~MYC_HUMAN.PEAKS033282.macs.M,11
113,di_3,False,0.8835174686022433,0.3999630208244001,0.9040780198398192,0.5886432813405537,0.8846645969150921,0.2572580970248335,MYC,di,PEAKS033347,M,MYC_HUMAN~CD~MYC_HUMAN.PEAKS033347.macs.M,13
114,di_4,False,0.8757928762253429,0.3952540559905116,0.885059823607297,0.5626168448686314,0.8721981741777982,0.2491334123897965,MYC,di,PEAKS033348,M,MYC_HUMAN~CD~MYC_HUMAN.PEAKS033348.macs.M,12
115,di_5,False,0.8663673509269141,0.3837145079515715,0.8723992457540253,0.5347082604437879,0.8625374251154573,0.2456495485733047,MYC,di,PEAKS033349,M,MYC_HUMAN~CD~MYC_HUMAN.PEAKS033349.macs.M,12
116,di_6,False,0.8713503632739892,0.3904750028781608,0.8819960475512243,0.54397299995715,0.873025179151039,0.2579640117588416,MYC,di,PEAKS033350,M,MYC_HUMAN~CD~MYC_HUMAN.PEAKS033350.macs.M,12
117,di_7,False,0.8667370846908992,0.3865501126692756,0.87558368779455,0.5463281499631562,0.8618781277976945,0.2346193201227497,MYC,di,PEAKS033351,M,MYC_HUMAN~CD~MYC_HUMAN.PEAKS033351.macs.M,12
118,di_8,False,0.8666584164363812,0.3759490632371679,0.8773278225974854,0.5384552658919206,0.8674426722590975,0.2372903165148563,MYC,di,PEAKS033354,M,MYC_HUMAN~CD~MYC_HUMAN.PEAKS033354.macs.M,12
119,di_9,False,0.8785360807401178,0.3952617202535397,0.8809228533757787,0.5477492258584721,0.8747975417756166,0.2531645317515871,MYC,di,PEAKS033355,M,MYC_HUMAN~CD~MYC_HUMAN.PEAKS033355.macs.M,11
120,di_10,False,0.8541411853050724,0.35496007528085,0.864875230455719,0.5196085380593475,0.8553061993950077,0.2308036994211543,MYC,di,PEAKS033356,M,MYC_HUMAN~CD~MYC_HUMAN.PEAKS033356.macs.M,10
121,di_11,False,0.8664136998112955,0.3723134621476484,0.8804788615664332,0.541984037142603,0.8649542927231352,0.2286038163132059,MYC,di,PEAKS033437,M,MYC_HUMAN~CD~MYC_HUMAN.PEAKS033437.macs.M,12
122,di_12,False,0.8684990451689507,0.382491458794394,0.8742741851232169,0.5599282804512217,0.863888925961421,0.2269174277102741,MYC,di,PEAKS033462,M,MYC_HUMAN~CD~MYC_HUMAN.PEAKS033462.macs.M,12
123,di_13,False,0.8774266091129471,0.3734962261013388,0.8882421745195065,0.5463398472357336,0.8788133683944833,0.236531605508146,MYC,di,PEAKS033471,M,MYC_HUMAN~CD~MYC_HUMAN.PEAKS033471.macs.M,12
124,di_14,False,0.8582399396428041,0.3544231500142792,0.8686743890795202,0.5116818518865588,0.8615841345338524,0.2162675865660815,MYC,di,PEAKS033599,M,MYC_HUMAN~CD~MYC_HUMAN.PEAKS033599.macs.M,12
125,di_15,False,0.8575712882798199,0.3650036312324398,0.8723088873847753,0.5324842840044769,0.8520299642683893,0.2212858746310572,MYC,di,PEAKS033605,M,MYC_HUMAN~CD~MYC_HUMAN.PEAKS033605.macs.M,12
126,di_16,False,0.8467629273239994,0.3431169075119669,0.8571850648412156,0.5091065985257134,0.8481842877538384,0.2244365436806793,MYC,di,PEAKS033629,M,MYC_HUMAN~CD~MYC_HUMAN.PEAKS033629.macs.M,10
127,di_17,False,0.8113444855149796,0.257812694761757,0.8098842610144237,0.3812469784638685,0.8192152506142603,0.1679333393923616,MYC,di,PEAKS033663,M,MYC_HUMAN~CD~MYC_HUMAN.PEAKS033663.macs.M,15
128,di_18,False,0.8676100221922242,0.3600720583539067,0.8737410060497863,0.5111976697147577,0.8711847468222136,0.2263837169398939,MYC,di,PEAKS033685,M,MYC_HUMAN~CD~MYC_HUMAN.PEAKS033685.macs.M,12
129,di_19,False,0.8673332413369048,0.3873080912587427,0.8783518670103092,0.5429109662635798,0.8646134961764022,0.2329148863925674,MYC,di,PEAKS033822,M,MYC_HUMAN~CD~MYC_HUMAN.PEAKS033822.macs.M,12
130,di_20,False,0.8762118526973447,0.3833665105988088,0.8868701066085438,0.5598949248805334,0.8733097960221963,0.2384657396457075,MYC,di,PEAKS033870,M,MYC_HUMAN~CD~MYC_HUMAN.PEAKS033870.macs.M,12
131,di_21,False,0.8560494851262626,0.3582054288677895,0.8535468681162064,0.4975655084860402,0.8606041533067514,0.2375299172143982,MYC,di,PEAKS033909,M,MYC_HUMAN~CD~MYC_HUMAN.PEAKS033909.macs.M,13
132,di_22,False,0.8724148486476171,0.3824690049127847,0.8769614041344931,0.5618767766080419,0.8677482364912031,0.2450812236296463,MYC,di,PEAKS034735,M,MYC_HUMAN~CD~MYC_HUMAN.PEAKS034735.macs.M,11
133,di_23,False,0.8768884865468474,0.3969940166330004,0.8818995165963783,0.5659990110118963,0.8720884968665823,0.2596497001113674,MYC,di,PEAKS034736,M,MYC_HUMAN~CD~MYC_HUMAN.PEAKS034736.macs.M,10
134,di_24,False,0.8730278148433469,0.371071698541734,0.8793590925935564,0.5554663668763352,0.8700537453117051,0.2458266910338096,MYC,di,PEAKS034737,M,MYC_HUMAN~CD~MYC_HUMAN.PEAKS034737.macs.M,9
135,di_25,False,0.8312647320324261,0.3291872867343221,0.8329317884353471,0.4722609167691365,0.8383190042081268,0.2225318106328529,MYC,di,PEAKS034746,M,MYC_HUMAN~CD~MYC_HUMAN.PEAKS034746.macs.M,10
136,di_26,False,0.8662455725099123,0.4012421746842884,0.8754479184021718,0.5654777459408792,0.8680931155519271,0.2573137952384712,MYC,di,PEAKS034748,M,MYC_HUMAN~CD~MYC_HUMAN.PEAKS034748.macs.M,10
137,di_27,False,0.8434840905075234,0.2829237553870053,0.8532551309746056,0.4558715568093114,0.85141796341651,0.1841950935098639,MYC,di,PEAKS034754,M,MYC_HUMAN~CD~MYC_HUMAN.PEAKS034754.macs.M,13
138,di_28,False,0.8780040348856112,0.3922284941812942,0.8934233691935387,0.5800122970421226,0.8841974459391774,0.2559203097106409,MYC,di,PEAKS034863,M,MYC_HUMAN~CD~MYC_HUMAN.PEAKS034863.macs.M,12
139,di_29,False,0.8601236534479225,0.3624489235381424,0.873167736326145,0.5286594729285562,0.86060583379674,0.230363702281978,MYC,di,PEAKS034875,M,MYC_HUMAN~CD~MYC_HUMAN.PEAKS034875.macs.M,15
140,di_30,False,0.8410485928433611,0.3220579850455458,0.8465944272797612,0.4818134219800937,0.8404527376487338,0.2056082272846415,MYC,di,PEAKS035043,M,MYC_HUMAN~CD~MYC_HUMAN.PEAKS035043.macs.M,12
141,di_31,False,0.874754518308585,0.3798757713164775,0.8880079956389584,0.5528763598850075,0.8791230628616051,0.2400332800260987,MYC,di,PEAKS035046,M,MYC_HUMAN~CD~MYC_HUMAN.PEAKS035046.macs.M,11
142,di_32,False,0.850254468128715,0.3510607433092588,0.8653718083691331,0.526773973240217,0.8524171772027591,0.229971179774173,MYC,di,PEAKS037234,M,MYC_HUMAN~CD~MYC_HUMAN.PEAKS037234.macs.M,12
143,di_33,False,0.8581017241379311,0.3324098030701649,0.863818675503737,0.4997232517355277,0.8630756356558881,0.2165399911464167,MYC,di,PEAKS037236,M,MYC_HUMAN~CD~MYC_HUMAN.PEAKS037236.macs.M,11
144,di_34,False,0.871416301036815,0.3707388187201149,0.8764209143591795,0.5529354019789462,0.8672980956944593,0.2450975689019736,MYC,di,PEAKS037302,M,MYC_HUMAN~CD~MYC_HUMAN.PEAKS037302.macs.M,9
145,di_35,False,0.8791017085892388,0.403580458138485,0.8895435435997249,0.5838369162755543,0.8795089407904337,0.2687172171471091,MYC,di,PEAKS037303,M,MYC_HUMAN~CD~MYC_HUMAN.PEAKS037303.macs.M,12
146,di_36,False,0.8627004777689039,0.3690275202310053,0.8689590207833671,0.538101816253639,0.8580789441821761,0.2312352818294895,MYC,di,PEAKS037304,M,MYC_HUMAN~CD~MYC_HUMAN.PEAKS037304.macs.M,14
147,di_37,False,0.8023036786792093,0.2297876944013386,0.8086410458277753,0.3560343356073264,0.8108108583079939,0.145795793870662,MYC,di,PEAKS037795,M,MYC_HUMAN~CD~MYC_HUMAN.PEAKS037795.macs.M,11
148,di_38,False,0.8056955710963949,0.2502186038683123,0.8117608626565176,0.3956157496530064,0.8140583180507737,0.1606100681925583,MYC,di,PEAKS037796,M,MYC_HUMAN~CD~MYC_HUMAN.PEAKS037796.macs.M,11
149,di_39,False,0.8443342940540388,0.3381787959115256,0.8547319788926017,0.5198547135631296,0.846667411272416,0.2197432091228036,MYC,di,PEAKS037861,M,MYC_HUMAN~CD~MYC_HUMAN.PEAKS037861.macs.M,12
150,di_40,False,0.8438354075524238,0.3399300235988268,0.8537820769828308,0.5099686081907491,0.8450688446779225,0.2204229553388871,MYC,di,PEAKS038221,M,MYC_HUMAN~CD~MYC_HUMAN.PEAKS038221.macs.M,12
151,di_41,False,0.882162585959531,0.3964244512244635,0.8931178463664118,0.5714365756328954,0.8807329024637458,0.2421241886447122,MYC,di,PEAKS038704,M,MYC_HUMAN~CD~MYC_HUMAN.PEAKS038704.macs.M,10
152,di_42,False,0.8746574071849093,0.4038384922131619,0.8821051106142368,0.5700831602757866,0.8700413112239063,0.2530885683869435,MYC,di,PEAKS038706,M,MYC_HUMAN~CD~MYC_HUMAN.PEAKS038706.macs.M,10
153,di_43,False,0.8828673435059474,0.3825065180018905,0.8936140119188523,0.5794355273455482,0.8736156909491751,0.2504598915716083,MYC,di,PEAKS038856,M,MYC_HUMAN~CD~MYC_HUMAN.PEAKS038856.macs.M,12
154,di_44,False,0.8847715285777895,0.41109542317909,0.8962524642050331,0.5668722730067093,0.8807073717152356,0.2586305515963099,MYC,di,PEAKS038857,M,MYC_HUMAN~CD~MYC_HUMAN.PEAKS038857.macs.M,12
155,di_45,False,0.8736577534966888,0.3883692455604909,0.891241178746562,0.5552822143858193,0.8738555821767887,0.2390749862117382,MYC,di,PEAKS038858,M,MYC_HUMAN~CD~MYC_HUMAN.PEAKS038858.macs.M,12
156,di_46,False,0.868541434437526,0.377456178768574,0.8752067660393812,0.5504750458211375,0.8656833706030598,0.2300526429414417,MYC,di,PEAKS038859,M,MYC_HUMAN~CD~MYC_HUMAN.PEAKS038859.macs.M,12
157,di_47,False,0.8764355708136913,0.3759708813954805,0.8769654122831565,0.5548272072217517,0.8651805424421334,0.2442088711522997,MYC,di,PEAKS038860,M,MYC_HUMAN~CD~MYC_HUMAN.PEAKS038860.macs.M,9
158,di_48,False,0.8702845011343479,0.3706309494828475,0.8778333899801238,0.517067674410809,0.870689045855567,0.2311866643595146,MYC,di,PEAKS038864,M,MYC_HUMAN~CD~MYC_HUMAN.PEAKS038864.macs.M,12
159,di_49,False,0.8874620145450947,0.4210155888413301,0.8980845180329705,0.6015623872967518,0.8847224527423815,0.2567290236835621,MYC,di,PEAKS038865,M,MYC_HUMAN~CD~MYC_HUMAN.PEAKS038865.macs.M,12
160,di_50,False,0.797868503650409,0.2995021886347092,0.8033324077876008,0.4614707788552326,0.8014285434833193,0.1830471042739649,MYC,di,PEAKS038866,M,MYC_HUMAN~CD~MYC_HUMAN.PEAKS038866.macs.M,12
161,di_51,False,0.868206343513015,0.3894611484992957,0.8797034616571116,0.5609559439203654,0.8686903897348526,0.2552811418884358,MYC,di,PEAKS039407,M,MYC_HUMAN~CD~MYC_HUMAN.PEAKS039407.macs.M,11
162,di_52,False,0.8811741435851044,0.400440540146672,0.8893996974304105,0.5858173539228861,0.8809962036149662,0.2637878596495356,MYC,di,PEAKS039408,M,MYC_HUMAN~CD~MYC_HUMAN.PEAKS039408.macs.M,11
163,di_53,False,0.8640006760147289,0.3268825252350897,0.8754431350148781,0.5024758669162064,0.8649518137933482,0.2058478431615746,MYC,di,PEAKS039446,M,MYC_HUMAN~CD~MYC_HUMAN.PEAKS039446.macs.M,12
164,di_54,False,0.858432593239146,0.3730839883018035,0.8628589209157704,0.5253812044753365,0.8558932626588893,0.2301248517875702,MYC,di,PEAKS039447,M,MYC_HUMAN~CD~MYC_HUMAN.PEAKS039447.macs.M,12
0,mono_0,True,0.7093174868671384,0.4227267445926851,0.5785829994559034,0.3514879823073216,0.8837327086755915,0.6065937752738267,P53,mono,PEAKS039521,M,P53_HUMAN~CM~P53_HUMAN.PEAKS039521.macs.M,20
1,mono_1,True,0.7062471481494852,0.4268129396653395,0.5784892252394849,0.3465947645687219,0.8847896029221572,0.612670317299758,P53,mono,PEAKS039520,M,P53_HUMAN~CM~P53_HUMAN.PEAKS039520.macs.M,20
2,mono_2,True,0.7067056424251699,0.2866045763260559,0.5537820893307612,0.2421998970309185,0.8973310824390925,0.4906728088600728,P53,mono,PEAKS039520,S,P53_HUMAN~CM~P53_HUMAN.PEAKS039520.macs.S,14
3,mono_3,True,0.6930125589622613,0.4216467737345545,0.5298544129527956,0.3429327409736304,0.8861357756737391,0.605972202445406,P53,mono,PEAKS038560,M,P53_HUMAN~CM~P53_HUMAN.PEAKS038560.macs.M,20
4,mono_4,True,0.7165290263855004,0.2676784553378197,0.626236170879293,0.2372098319295012,0.8936620185081617,0.4920649786044224,P53,mono,PEAKS038560,S,P53_HUMAN~CM~P53_HUMAN.PEAKS038560.macs.S,14
5,mono_5,True,0.6970001304749851,0.3213633141196442,0.5589242139453595,0.2720086137050098,0.8774392564402809,0.4944456942419137,P53,mono,PEAKS037313,M,P53_HUMAN~CM~P53_HUMAN.PEAKS037313.macs.M,20
6,mono_6,True,0.6781134978008541,0.1482502376356245,0.5468326985540222,0.1337770041664712,0.8764825393669825,0.3185651219185815,P53,mono,PEAKS037313,S,P53_HUMAN~CM~P53_HUMAN.PEAKS037313.macs.S,18
7,mono_7,True,0.7004693435808872,0.4083341409506903,0.5692191802278611,0.3339526747713884,0.8855170062305568,0.5922685770693331,P53,mono,PEAKS037312,M,P53_HUMAN~CM~P53_HUMAN.PEAKS037312.macs.M,20
8,mono_8,True,0.7122876612429747,0.1750880396278867,0.6186897165751595,0.1093312399432965,0.8826114760652244,0.3413955880717381,P53,mono,PEAKS037312,S,P53_HUMAN~CM~P53_HUMAN.PEAKS037312.macs.S,14
9,mono_9,True,0.7879165020667658,0.0981630696424213,0.8475035448714778,0.1213545086129999,0.7882632519486876,0.1207399999201096,P53,mono,PEAKS037228,M,P53_HUMAN~CM~P53_HUMAN.PEAKS037228.macs.M,19
10,mono_10,True,0.8289203055762253,0.4092550053925751,0.8562439201332213,0.345828486676962,0.884142966374218,0.5927843042823525,P53,mono,PEAKS037209,M,P53_HUMAN~CM~P53_HUMAN.PEAKS037209.macs.M,20
11,mono_11,True,0.6773543395291284,0.136481448168159,0.5233658554681704,0.1010319565569688,0.8708936021007374,0.3050414801320156,P53,mono,PEAKS037209,S,P53_HUMAN~CM~P53_HUMAN.PEAKS037209.macs.S,15
12,mono_12,True,0.701440627507009,0.4328651178147638,0.5604419135710871,0.3486398018804834,0.8849744125537419,0.6164709824736547,P53,mono,PEAKS035163,M,P53_HUMAN~CM~P53_HUMAN.PEAKS035163.macs.M,20
13,mono_13,True,0.7187764103767034,0.1725645252667388,0.6261114820860332,0.1557049120223266,0.8884385628211402,0.4079696076167579,P53,mono,PEAKS035163,S,P53_HUMAN~CM~P53_HUMAN.PEAKS035163.macs.S,13
14,mono_14,True,0.7067438909887606,0.4258802964039256,0.5790042620896605,0.3447936066513398,0.8864994997203677,0.6078677900692604,P53,mono,PEAKS035162,M,P53_HUMAN~CM~P53_HUMAN.PEAKS035162.macs.M,20
15,mono_15,True,0.68773403736743,0.147535957246871,0.5333100443521129,0.1012386659452999,0.883985271243315,0.2671082894527547,P53,mono,PEAKS035162,S,P53_HUMAN~CM~P53_HUMAN.PEAKS035162.macs.S,13
16,mono_16,True,0.7022746464731184,0.4232738350015601,0.5595519859524163,0.343385526878207,0.8841710770649096,0.6139824342483572,P53,mono,PEAKS035161,M,P53_HUMAN~CM~P53_HUMAN.PEAKS035161.macs.M,20
17,mono_17,True,0.7178508977201657,0.278199990349712,0.6021741191406572,0.231477145333169,0.8933395293002202,0.5160857677846558,P53,mono,PEAKS035161,S,P53_HUMAN~CM~P53_HUMAN.PEAKS035161.macs.S,14
18,mono_18,True,0.6982664119432824,0.4280822354737539,0.5571167416860399,0.3493774359916767,0.8854171862438394,0.6087721152407366,P53,mono,PEAKS035155,M,P53_HUMAN~CM~P53_HUMAN.PEAKS035155.macs.M,20
19,mono_19,True,0.6799223910754915,0.1571559469905173,0.5287179931081103,0.0934860675913138,0.8876328996120102,0.3039152724762803,P53,mono,PEAKS035155,S,P53_HUMAN~CM~P53_HUMAN.PEAKS035155.macs.S,13
20,mono_20,True,0.7059269935060973,0.4196071477050668,0.5821262221562712,0.3457993512100222,0.8842395105124261,0.6100132842405303,P53,mono,PEAKS034946,M,P53_HUMAN~CM~P53_HUMAN.PEAKS034946.macs.M,20
21,mono_21,True,0.7087176976103733,0.4244600553333987,0.5863947008293351,0.3402108020418274,0.8849856579223323,0.5977474282007341,P53,mono,PEAKS034945,M,P53_HUMAN~CM~P53_HUMAN.PEAKS034945.macs.M,20
22,mono_22,True,0.6815406277170585,0.1491588835698535,0.551279039092513,0.1024228659941773,0.8833295717693733,0.2876462860791269,P53,mono,PEAKS034945,S,P53_HUMAN~CM~P53_HUMAN.PEAKS034945.macs.S,14
23,mono_23,True,0.6928060753373604,0.4048278090454471,0.5536246310860498,0.3320191920426412,0.8867331488779754,0.5987915451456115,P53,mono,PEAKS034943,M,P53_HUMAN~CM~P53_HUMAN.PEAKS034943.macs.M,20
24,mono_24,True,0.6789492508972415,0.1670889185335874,0.5236430561738471,0.1537605993309326,0.8891570790660281,0.399840224362994,P53,mono,PEAKS034943,S,P53_HUMAN~CM~P53_HUMAN.PEAKS034943.macs.S,13
25,mono_25,True,0.7707235040647281,0.4117649337689964,0.7482799129445515,0.3404244419325849,0.8818163875441295,0.5787456552417388,P53,mono,PEAKS034866,M,P53_HUMAN~CM~P53_HUMAN.PEAKS034866.macs.M,20
26,mono_26,True,0.7080644922561801,0.0247120167787971,0.750130871708628,0.0287743761394359,0.7015245311789997,0.0205809518994179,P53,mono,PEAKS034642,M,P53_HUMAN~CM~P53_HUMAN.PEAKS034642.macs.M,20
27,mono_27,True,0.8716395302959155,0.240040519737596,0.897602265420191,0.4141363721407814,0.8458567561781257,0.3292569384059718,P53,mono,PEAKS034635,M,P53_HUMAN~CM~P53_HUMAN.PEAKS034635.macs.M,20
28,mono_28,True,0.873650926023126,0.280797536870402,0.8879167284958204,0.420494854033394,0.8447605528417632,0.2958762690461923,P53,mono,PEAKS034635,S,P53_HUMAN~CM~P53_HUMAN.PEAKS034635.macs.S,18
29,mono_29,True,0.6898836506050868,0.2456961586777301,0.5673282386110698,0.2566719567980093,0.8788297137701422,0.5006931622524192,P53,mono,PEAKS034507,M,P53_HUMAN~CM~P53_HUMAN.PEAKS034507.macs.M,19
30,mono_30,True,0.6812121932122037,0.286938783697904,0.5413226904750128,0.265602116146665,0.8818607016148765,0.5363554858678325,P53,mono,PEAKS034507,S,P53_HUMAN~CM~P53_HUMAN.PEAKS034507.macs.S,19
31,mono_31,True,0.7130271823211329,0.3878473724057333,0.6153047765082191,0.3335545750693836,0.8884147154304589,0.607110486347169,P53,mono,PEAKS034506,M,P53_HUMAN~CM~P53_HUMAN.PEAKS034506.macs.M,20
32,mono_32,True,0.6778058240105921,0.2713564525860363,0.5516959736855122,0.2570173801873793,0.8783863327536788,0.5097099569708644,P53,mono,PEAKS033270,M,P53_HUMAN~CM~P53_HUMAN.PEAKS033270.macs.M,20
33,mono_33,True,0.664500111057611,0.1848072090377603,0.5590919770490181,0.2193358289031916,0.8670363773200741,0.4333681103788262,P53,mono,PEAKS033270,S,P53_HUMAN~CM~P53_HUMAN.PEAKS033270.macs.S,15
34,mono_34,True,0.7145709002094977,0.4346533303896422,0.612170450610872,0.3409618674656116,0.8800142339386207,0.6066329275904957,P53,mono,PEAKS033243,M,P53_HUMAN~CM~P53_HUMAN.PEAKS033243.macs.M,20
35,mono_35,True,0.7090175067534605,0.2828490887719489,0.5602619907338708,0.2451171921283235,0.8952024974658324,0.4871968790176737,P53,mono,PEAKS033243,S,P53_HUMAN~CM~P53_HUMAN.PEAKS033243.macs.S,14
36,mono_36,True,0.7062289031450139,0.4300587230041174,0.5726659494484839,0.3460930941116864,0.883318468401552,0.6074327949478693,P53,mono,PEAKS033242,M,P53_HUMAN~CM~P53_HUMAN.PEAKS033242.macs.M,20
37,mono_37,True,0.7071204903514702,0.2780851990288855,0.5625226706896835,0.2455556750981283,0.8943071782481038,0.4885672537873287,P53,mono,PEAKS033242,S,P53_HUMAN~CM~P53_HUMAN.PEAKS033242.macs.S,14
38,mono_38,True,0.7009314526633481,0.4136027515309847,0.5762003099701571,0.3463260228657424,0.8868521859379914,0.610536400353196,P53,mono,PEAKS033241,M,P53_HUMAN~CM~P53_HUMAN.PEAKS033241.macs.M,20
39,mono_39,True,0.6772705883640249,0.1543814125507633,0.5244637351403935,0.0903625874985606,0.8828398952252787,0.3034148967076981,P53,mono,PEAKS033241,S,P53_HUMAN~CM~P53_HUMAN.PEAKS033241.macs.S,13
40,mono_40,True,0.7103791409626632,0.4219450105757639,0.6017433760366688,0.3533918845363025,0.886258943863819,0.6128688549831591,P53,mono,PEAKS033240,M,P53_HUMAN~CM~P53_HUMAN.PEAKS033240.macs.M,20
41,mono_41,True,0.8414466368790305,0.1745872918595226,0.8689955647887093,0.3293199743430984,0.8131457266507044,0.1737208020832005,P53,mono,PEAKS033236,M,P53_HUMAN~CM~P53_HUMAN.PEAKS033236.macs.M,20
42,mono_42,True,0.7742112796919131,0.4139600119825105,0.7579621523140591,0.3499734746843631,0.8805103999178581,0.6002324343410762,P53,mono,PEAKS033235,M,P53_HUMAN~CM~P53_HUMAN.PEAKS033235.macs.M,19
43,mono_43,True,0.7241053682958095,0.2825144998715312,0.5944277505729502,0.2379979620721013,0.8914907644884477,0.497394490621893,P53,mono,PEAKS033235,S,P53_HUMAN~CM~P53_HUMAN.PEAKS033235.macs.S,14
44,mono_44,True,0.6916426204672216,0.1356051134955598,0.5310221595686798,0.1084340875370832,0.8913299792023489,0.2818626146429207,P53,mono,PEAKS039521,S,P53_HUMAN~CM~P53_HUMAN.PEAKS039521.macs.S,12
45,mono_45,True,0.6859089995841506,0.1399978294398958,0.5288649403966958,0.1139469901448853,0.8881471390121989,0.3412568717781817,P53,mono,PEAKS034946,S,P53_HUMAN~CM~P53_HUMAN.PEAKS034946.macs.S,12
46,mono_46,True,0.652446293618933,0.1493315751973288,0.5138326243590378,0.1032842834562924,0.8759740717518962,0.3157165532645705,P53,mono,PEAKS034506,S,P53_HUMAN~CM~P53_HUMAN.PEAKS034506.macs.S,12
47,mono_47,True,0.6802560279711793,0.1373675612442834,0.5184856803680071,0.1131176512390079,0.8884727292984725,0.3021227454537654,P53,mono,PEAKS033240,S,P53_HUMAN~CM~P53_HUMAN.PEAKS033240.macs.S,12
48,di_0,False,0.8275918885103708,0.4460238334423736,0.8452181332541921,0.3606703726664809,0.8905875795204308,0.6202471974595047,P53,di,PEAKS033235,M,P53_HUMAN~CD~P53_HUMAN.PEAKS033235.macs.M,23
49,di_1,False,0.849039880453455,0.2101764952513413,0.9066466340208736,0.3454911669953356,0.8435193295816003,0.3083670775230908,P53,di,PEAKS033236,M,P53_HUMAN~CD~P53_HUMAN.PEAKS033236.macs.M,23
50,di_2,False,0.6933283904921398,0.4423623506305981,0.5583869185998582,0.3494370227376341,0.8977968056380861,0.6313797774165153,P53,di,PEAKS033240,M,P53_HUMAN~CD~P53_HUMAN.PEAKS033240.macs.M,23
51,di_3,False,0.6962349149594724,0.427203772139291,0.5615702956257935,0.3413471696313746,0.8979219607466182,0.634283024731907,P53,di,PEAKS033241,M,P53_HUMAN~CD~P53_HUMAN.PEAKS033241.macs.M,23
52,di_4,False,0.7461419387097787,0.4452946264184204,0.6601713079751365,0.3533556266001304,0.8911190894910693,0.6232419641111521,P53,di,PEAKS033242,M,P53_HUMAN~CD~P53_HUMAN.PEAKS033242.macs.M,22
53,di_5,False,0.7103454109075426,0.4429324459641005,0.5925230004451699,0.339728781950427,0.8917688249327136,0.6204761295872128,P53,di,PEAKS033243,M,P53_HUMAN~CD~P53_HUMAN.PEAKS033243.macs.M,23
54,di_6,False,0.6856907922615976,0.2800709043363684,0.5731620253581968,0.277116744150609,0.8826266930860919,0.5249082922088195,P53,di,PEAKS033270,M,P53_HUMAN~CD~P53_HUMAN.PEAKS033270.macs.M,22
55,di_7,False,0.6881023324443025,0.4127519040029639,0.5468869021120839,0.3515984539867442,0.8945524059299521,0.6252073571764489,P53,di,PEAKS034506,M,P53_HUMAN~CD~P53_HUMAN.PEAKS034506.macs.M,23
56,di_8,False,0.6872051764814615,0.2896663387686453,0.5498396563947834,0.2780879632429721,0.8942108678650076,0.5521186685797826,P53,di,PEAKS034507,M,P53_HUMAN~CD~P53_HUMAN.PEAKS034507.macs.M,22
57,di_9,False,0.8808766316761512,0.2740654725784349,0.9245406093881388,0.4225370426068834,0.8635708747684295,0.4353144144961026,P53,di,PEAKS034635,M,P53_HUMAN~CD~P53_HUMAN.PEAKS034635.macs.M,23
58,di_10,False,0.8058932781055989,0.0625983565536087,0.8667561128423275,0.0807721665617563,0.80039302754378,0.0444830435310883,P53,di,PEAKS034642,M,P53_HUMAN~CD~P53_HUMAN.PEAKS034642.macs.M,23
59,di_11,False,0.831291863065062,0.4303688847703392,0.8577103015613922,0.3660877228893905,0.8907181754430424,0.6056233179830339,P53,di,PEAKS034866,M,P53_HUMAN~CD~P53_HUMAN.PEAKS034866.macs.M,22
60,di_12,False,0.6826292463171835,0.4193305515810444,0.5424082043164993,0.3465822896805512,0.8964172987521408,0.6247791003765935,P53,di,PEAKS034943,M,P53_HUMAN~CD~P53_HUMAN.PEAKS034943.macs.M,22
61,di_13,False,0.7080121508310367,0.4333587139526832,0.5985461904997444,0.339724927719942,0.8920237316054389,0.6166957315209758,P53,di,PEAKS034945,M,P53_HUMAN~CD~P53_HUMAN.PEAKS034945.macs.M,22
62,di_14,False,0.7075181435212137,0.4385771381823223,0.5768833160211703,0.3502851318048022,0.8965567871998321,0.6307898421233921,P53,di,PEAKS034946,M,P53_HUMAN~CD~P53_HUMAN.PEAKS034946.macs.M,22
63,di_15,False,0.6897229870985103,0.4381321465169542,0.5487100377570032,0.3506625551172579,0.8960936735380475,0.6278160497091659,P53,di,PEAKS035155,M,P53_HUMAN~CD~P53_HUMAN.PEAKS035155.macs.M,22
64,di_16,False,0.703620551387971,0.443006681517775,0.5671512011343589,0.3469874766810562,0.8957438972438744,0.6351150485867784,P53,di,PEAKS035161,M,P53_HUMAN~CD~P53_HUMAN.PEAKS035161.macs.M,22
65,di_17,False,0.7099658073473097,0.4356651452326298,0.6070019455573692,0.3489256401787952,0.8958294603533852,0.6238040336758176,P53,di,PEAKS035162,M,P53_HUMAN~CD~P53_HUMAN.PEAKS035162.macs.M,22
66,di_18,False,0.7068183608932226,0.4453310513593704,0.5794220210713755,0.3595243946226467,0.8940028629539657,0.6356630835809132,P53,di,PEAKS035163,M,P53_HUMAN~CD~P53_HUMAN.PEAKS035163.macs.M,22
67,di_19,False,0.8743609424621924,0.3882866788487137,0.9362300291833604,0.5190911245040879,0.8808925185256388,0.5514696732269956,P53,di,PEAKS037209,M,P53_HUMAN~CD~P53_HUMAN.PEAKS037209.macs.M,23
68,di_20,False,0.8381756031121923,0.19452587966544,0.9190576000395708,0.3243268713861205,0.8396126186252577,0.1664412510841945,P53,di,PEAKS037228,M,P53_HUMAN~CD~P53_HUMAN.PEAKS037228.macs.M,23
69,di_21,False,0.7129362748155875,0.4234184448079104,0.5998779904700664,0.349715876552006,0.8963501236499004,0.622366534089075,P53,di,PEAKS037312,M,P53_HUMAN~CD~P53_HUMAN.PEAKS037312.macs.M,22
70,di_22,False,0.8467134103518394,0.2312262837824997,0.8882765741702527,0.2457377414191507,0.8765938581390471,0.355757802462946,P53,di,PEAKS037313,M,P53_HUMAN~CD~P53_HUMAN.PEAKS037313.macs.M,23
71,di_23,False,0.7152539032952236,0.4027646394692066,0.5799962078119074,0.3330880140710563,0.8894261890925932,0.5422246769854123,P53,di,PEAKS038560,M,P53_HUMAN~CD~P53_HUMAN.PEAKS038560.macs.M,23
72,di_24,False,0.6943507946248996,0.4430998980368159,0.5642734662247944,0.3529788705777505,0.8943914305812857,0.6281388692118665,P53,di,PEAKS039520,M,P53_HUMAN~CD~P53_HUMAN.PEAKS039520.macs.M,22
73,di_25,False,0.7038825760304996,0.4421451497510364,0.5609754991673673,0.3578185644053026,0.8966461985301828,0.6290851776812331,P53,di,PEAKS039521,M,P53_HUMAN~CD~P53_HUMAN.PEAKS039521.macs.M,22
0,mono_0,True,0.8808787345635972,0.2849693134676839,0.8766707467126975,0.2582285561897204,0.850245238560116,0.2835889559490885,PPARG,mono,PEAKS038841,M,PPARG_HUMAN~CM~PPARG_HUMAN.PEAKS038841.macs.M,17
1,mono_1,True,0.8746556989045717,0.2735340536487324,0.8701255266935036,0.2514380118294811,0.8450329833250103,0.2760104163041349,PPARG,mono,PEAKS038840,M,PPARG_HUMAN~CM~PPARG_HUMAN.PEAKS038840.macs.M,17
2,mono_2,True,0.6126384703538575,0.0486021995914747,0.6157156289597837,0.0393219561856318,0.6467598444769024,0.0693761982722258,PPARG,mono,PEAKS038840,S,PPARG_HUMAN~CM~PPARG_HUMAN.PEAKS038840.macs.S,7
3,mono_3,True,0.7859442183530788,0.1561244905821323,0.782861369623381,0.1111168550253085,0.7680039475907439,0.1613313852964611,PPARG,mono,PEAKS037723,M,PPARG_HUMAN~CM~PPARG_HUMAN.PEAKS037723.macs.M,17
4,mono_4,True,0.862179171673773,0.256145579741801,0.8569836341547119,0.2142206235478807,0.8403698618615462,0.2605622981570866,PPARG,mono,PEAKS037722,M,PPARG_HUMAN~CM~PPARG_HUMAN.PEAKS037722.macs.M,17
5,mono_5,True,0.6593672943593076,0.0631930227423892,0.6699913685668808,0.0548315018360026,0.6548177644399553,0.0717513208038303,PPARG,mono,PEAKS037722,S,PPARG_HUMAN~CM~PPARG_HUMAN.PEAKS037722.macs.S,17
6,mono_6,True,0.8512389903620263,0.2504571200426647,0.8439095839303764,0.2180435857592853,0.8259093171176786,0.2491144038367669,PPARG,mono,PEAKS037714,M,PPARG_HUMAN~CM~PPARG_HUMAN.PEAKS037714.macs.M,17
7,mono_7,True,0.8437277495454454,0.2404165356706823,0.8381419561430535,0.2013985678211252,0.8182902208563158,0.2377588927852109,PPARG,mono,PEAKS037713,M,PPARG_HUMAN~CM~PPARG_HUMAN.PEAKS037713.macs.M,17
8,mono_8,True,0.8746785785212798,0.2941053914246161,0.8662598203306806,0.2336750845145732,0.8474010549061867,0.2820328117348642,PPARG,mono,PEAKS034856,M,PPARG_HUMAN~CM~PPARG_HUMAN.PEAKS034856.macs.M,17
9,mono_9,True,0.7671314380869899,0.1158882035603209,0.7550440389215235,0.0876499567332104,0.7599504749800059,0.1329698148467877,PPARG,mono,PEAKS034856,S,PPARG_HUMAN~CM~PPARG_HUMAN.PEAKS034856.macs.S,12
10,mono_10,True,0.86028529808913,0.2434511896182584,0.8579844304800729,0.2216548951560793,0.8331599751433388,0.2473742715534974,PPARG,mono,PEAKS033404,M,PPARG_HUMAN~CM~PPARG_HUMAN.PEAKS033404.macs.M,17
11,mono_11,True,0.8850289588665778,0.2987586603066813,0.8776173589019789,0.2509906538773894,0.8558008733624455,0.2952693185956327,PPARG,mono,PEAKS033302,M,PPARG_HUMAN~CM~PPARG_HUMAN.PEAKS033302.macs.M,17
12,mono_12,True,0.8077153338787051,0.1368743523915595,0.7943972679358329,0.1019239544808003,0.7981959791909945,0.1594568879308172,PPARG,mono,PEAKS033302,S,PPARG_HUMAN~CM~PPARG_HUMAN.PEAKS033302.macs.S,12
13,mono_13,True,0.8908295525351525,0.3055614671048225,0.8865259459192375,0.2675307260896571,0.8607992514840778,0.3073520218220313,PPARG,mono,PEAKS033301,M,PPARG_HUMAN~CM~PPARG_HUMAN.PEAKS033301.macs.M,17
14,mono_14,True,0.8771462550895133,0.2926469546159716,0.8694439099454704,0.2437207263340506,0.8510635436887735,0.2868597348171729,PPARG,mono,PEAKS033202,M,PPARG_HUMAN~CM~PPARG_HUMAN.PEAKS033202.macs.M,17
15,mono_15,True,0.7697692981538997,0.1270431341350244,0.7725241371479287,0.1053226911413968,0.7564780322686022,0.1444705575682239,PPARG,mono,PEAKS033202,S,PPARG_HUMAN~CM~PPARG_HUMAN.PEAKS033202.macs.S,12
16,mono_16,True,0.5995640033589538,0.0436210174706397,0.5981684717556235,0.034603016588241,0.6171521023028081,0.0530900384674779,PPARG,mono,PEAKS033301,S,PPARG_HUMAN~CM~PPARG_HUMAN.PEAKS033301.macs.S,7
17,di_0,False,0.8860069372832815,0.3081947378909389,0.8861650888123049,0.2669324211844736,0.8550825680460487,0.2969822783508262,PPARG,di,PEAKS033202,M,PPARG_HUMAN~CD~PPARG_HUMAN.PEAKS033202.macs.M,19
18,di_1,False,0.8943951721851581,0.3033967243798779,0.895876589252915,0.2789062731893235,0.8591648591768766,0.3041272247766193,PPARG,di,PEAKS033301,M,PPARG_HUMAN~CD~PPARG_HUMAN.PEAKS033301.macs.M,18
19,di_2,False,0.89386922771286,0.3102887267718712,0.8888745835092493,0.2776242518765171,0.8619002292294812,0.3043990789017594,PPARG,di,PEAKS033302,M,PPARG_HUMAN~CD~PPARG_HUMAN.PEAKS033302.macs.M,19
20,di_3,False,0.8658773287191454,0.2518199410442963,0.8641683715956489,0.2305981618739537,0.8375918111945089,0.2545990656586994,PPARG,di,PEAKS033404,M,PPARG_HUMAN~CD~PPARG_HUMAN.PEAKS033404.macs.M,19
21,di_4,False,0.8880995656258758,0.3153156726054558,0.8834301925816541,0.2620699081692281,0.8543553285998039,0.299188898373823,PPARG,di,PEAKS034856,M,PPARG_HUMAN~CD~PPARG_HUMAN.PEAKS034856.macs.M,19
22,di_5,False,0.8543307597428078,0.2598193319113372,0.8470693834122496,0.2224879208110433,0.8241209667063423,0.2525795078588558,PPARG,di,PEAKS037713,M,PPARG_HUMAN~CD~PPARG_HUMAN.PEAKS037713.macs.M,19
23,di_6,False,0.8579438572598084,0.2522593546552472,0.857766863732756,0.232286016475207,0.8298538730583079,0.2534772477346292,PPARG,di,PEAKS037714,M,PPARG_HUMAN~CD~PPARG_HUMAN.PEAKS037714.macs.M,18
24,di_7,False,0.8805570060299901,0.2834744185247577,0.8731776274217657,0.2368167374779531,0.853400110202871,0.2798760702890031,PPARG,di,PEAKS037722,M,PPARG_HUMAN~CD~PPARG_HUMAN.PEAKS037722.macs.M,19
25,di_8,False,0.8197408369374168,0.2005050346565611,0.8150068297587069,0.1435959646822446,0.7984983396351103,0.2016028854814224,PPARG,di,PEAKS037723,M,PPARG_HUMAN~CD~PPARG_HUMAN.PEAKS037723.macs.M,19
26,di_9,False,0.8839941426652098,0.2856070162981287,0.8761744727842719,0.2554593581367457,0.8499284178847808,0.2854681632264518,PPARG,di,PEAKS038840,M,PPARG_HUMAN~CD~PPARG_HUMAN.PEAKS038840.macs.M,19
27,di_10,False,0.8928959863243295,0.3004188000509221,0.8910241330638655,0.2801324738072286,0.859821197062258,0.2976882609630091,PPARG,di,PEAKS038841,M,PPARG_HUMAN~CD~PPARG_HUMAN.PEAKS038841.macs.M,19
0,mono_0,True,0.6657052263991077,0.0227158754209683,0.654875536431702,0.0229708408836951,0.6287909140363213,0.0324594587345462,PRGR,mono,PEAKS039086,M,PRGR_HUMAN~CM~PRGR_HUMAN.PEAKS039086.macs.M,18
1,mono_1,True,0.834334954117022,0.0713939090918651,0.8138330327794011,0.0516400533846361,0.8754797107426403,0.1793729989249249,PRGR,mono,PEAKS038161,M,PRGR_HUMAN~CM~PRGR_HUMAN.PEAKS038161.macs.M,15
2,mono_2,True,0.727736201066002,0.0224086509506806,0.687027027027027,0.0183744298100483,0.734579942984855,0.0304414716249255,PRGR,mono,PEAKS038161,S,PRGR_HUMAN~CM~PRGR_HUMAN.PEAKS038161.macs.S,9
3,mono_3,True,0.7374571999548962,0.0358549419212678,0.6924478405770635,0.0346333858072458,0.7445244712889922,0.0703850031079168,PRGR,mono,PEAKS038043,M,PRGR_HUMAN~CM~PRGR_HUMAN.PEAKS038043.macs.M,18
4,mono_4,True,0.5976764910970587,0.0144202546738674,0.6042762737399561,0.0146971536604461,0.6020275393387857,0.0192459851134102,PRGR,mono,PEAKS038043,S,PRGR_HUMAN~CM~PRGR_HUMAN.PEAKS038043.macs.S,11
5,mono_5,True,0.8455187405357881,0.0679150431719981,0.8262167298210372,0.0568287503079171,0.8549471465579885,0.1474769382025148,PRGR,mono,PEAKS038039,M,PRGR_HUMAN~CM~PRGR_HUMAN.PEAKS038039.macs.M,15
6,mono_6,True,0.8442385787207018,0.0702149842007782,0.8165438960920379,0.0502049072181527,0.8627335650352114,0.1654745185611925,PRGR,mono,PEAKS038038,M,PRGR_HUMAN~CM~PRGR_HUMAN.PEAKS038038.macs.M,16
7,mono_7,True,0.7481237191567085,0.0250207535828512,0.7054091147735574,0.0194762007216428,0.7071436574325767,0.0288274679428999,PRGR,mono,PEAKS038038,S,PRGR_HUMAN~CM~PRGR_HUMAN.PEAKS038038.macs.S,10
8,mono_8,True,0.824107345637939,0.0604950849132414,0.8049695831811541,0.0458052964301192,0.8559243688861986,0.1465898404863818,PRGR,mono,PEAKS037531,M,PRGR_HUMAN~CM~PRGR_HUMAN.PEAKS037531.macs.M,15
9,mono_9,True,0.6845219745238175,0.0210816398624719,0.682468384769905,0.0180115761865041,0.6512940966300945,0.0271043152213246,PRGR,mono,PEAKS037531,S,PRGR_HUMAN~CM~PRGR_HUMAN.PEAKS037531.macs.S,10
10,mono_10,True,0.8360081383579357,0.0638370194039229,0.8119437659788167,0.0511635401966455,0.8668121422793891,0.1631329405968115,PRGR,mono,PEAKS037530,M,PRGR_HUMAN~CM~PRGR_HUMAN.PEAKS037530.macs.M,16
11,mono_11,True,0.7411415175928631,0.0249481611315196,0.7162527392257122,0.0201987853733768,0.7329309537877614,0.0336119620638582,PRGR,mono,PEAKS037530,S,PRGR_HUMAN~CM~PRGR_HUMAN.PEAKS037530.macs.S,13
12,mono_12,True,0.8502398531148992,0.071934171017756,0.8254313139152667,0.0597721768482239,0.8751830721032704,0.1847783504073823,PRGR,mono,PEAKS034598,M,PRGR_HUMAN~CM~PRGR_HUMAN.PEAKS034598.macs.M,15
13,mono_13,True,0.8343189078399177,0.0580115239840985,0.8081357857012417,0.0603586618313405,0.8231079997885602,0.1023774778133136,PRGR,mono,PEAKS034472,M,PRGR_HUMAN~CM~PRGR_HUMAN.PEAKS034472.macs.M,17
14,mono_14,True,0.7092091070251778,0.0212418484607251,0.6940624429327977,0.0206155407208817,0.6313151502259761,0.0212253575980742,PRGR,mono,PEAKS034472,S,PRGR_HUMAN~CM~PRGR_HUMAN.PEAKS034472.macs.S,11
15,mono_15,True,0.8313014198910808,0.0614461707274621,0.8085462130204529,0.0726096981405625,0.8224903154955181,0.1023139499306623,PRGR,mono,PEAKS034471,M,PRGR_HUMAN~CM~PRGR_HUMAN.PEAKS034471.macs.M,18
16,mono_16,True,0.8019880629261389,0.0442843770176114,0.7691604273192112,0.0402635217020762,0.776648565704235,0.0594043088611393,PRGR,mono,PEAKS034471,S,PRGR_HUMAN~CM~PRGR_HUMAN.PEAKS034471.macs.S,16
17,mono_17,True,0.7239553132291798,0.023544073414312,0.6963942658875091,0.0191452171695913,0.680843255993069,0.0274000460477763,PRGR,mono,PEAKS038039,S,PRGR_HUMAN~CM~PRGR_HUMAN.PEAKS038039.macs.S,9
18,mono_18,True,0.7320687523968026,0.023530003450132,0.6951734272279037,0.0205451384130055,0.7281881014272692,0.0318030154511956,PRGR,mono,PEAKS034598,S,PRGR_HUMAN~CM~PRGR_HUMAN.PEAKS034598.macs.S,7
19,di_0,False,0.8503159657232638,0.0678918874006847,0.8234912002373995,0.0710275136428914,0.8361914772522158,0.1226545452953101,PRGR,di,PEAKS034472,M,PRGR_HUMAN~CD~PRGR_HUMAN.PEAKS034472.macs.M,17
20,di_1,False,0.8429171692970993,0.0691862406398323,0.8247680788897005,0.0492271901818217,0.8750113149519879,0.1809042116045119,PRGR,di,PEAKS034598,M,PRGR_HUMAN~CD~PRGR_HUMAN.PEAKS034598.macs.M,17
21,di_2,False,0.8498507732796343,0.0723183182054688,0.8358988084368152,0.0566056824056066,0.8752756880352598,0.181247945198607,PRGR,di,PEAKS037530,M,PRGR_HUMAN~CD~PRGR_HUMAN.PEAKS037530.macs.M,17
22,di_3,False,0.8395899985054058,0.0657410070660564,0.8160155108655954,0.0476348061519496,0.8656744447078101,0.1601056590238676,PRGR,di,PEAKS037531,M,PRGR_HUMAN~CD~PRGR_HUMAN.PEAKS037531.macs.M,17
23,di_4,False,0.8610080486025011,0.0833216438804496,0.8283368334550767,0.0532580670670344,0.8721885863503842,0.1716533102990141,PRGR,di,PEAKS038038,M,PRGR_HUMAN~CD~PRGR_HUMAN.PEAKS038038.macs.M,19
24,di_5,False,0.8636217534462097,0.0791668470837707,0.8312616987764792,0.0574873755546584,0.8627328810228695,0.1569933463024461,PRGR,di,PEAKS038039,M,PRGR_HUMAN~CD~PRGR_HUMAN.PEAKS038039.macs.M,19
25,di_6,False,0.802528467099514,0.0545856455672136,0.7576780496712929,0.0445857126202427,0.8249682615629782,0.1135171919605559,PRGR,di,PEAKS038043,M,PRGR_HUMAN~CD~PRGR_HUMAN.PEAKS038043.macs.M,19
26,di_7,False,0.8430033212170146,0.0733186857152983,0.822822315558802,0.0551087776799296,0.8793925547703156,0.1917435153312164,PRGR,di,PEAKS038161,M,PRGR_HUMAN~CD~PRGR_HUMAN.PEAKS038161.macs.M,17
27,di_8,False,0.7914956692670478,0.0520777164917422,0.7412438938093499,0.0484796191375194,0.7851231296763049,0.0871238730468752,PRGR,di,PEAKS039086,M,PRGR_HUMAN~CD~PRGR_HUMAN.PEAKS039086.macs.M,21
0,mono_0,True,0.9555345926613396,0.8379835502877925,0.9620694854227184,0.9112840565126734,0.9301358460689894,0.7611791591684629,REST,mono,PEAKS033419,S,REST_HUMAN~CM~REST_HUMAN.PEAKS033419.macs.S,19
1,mono_1,True,0.962205479095457,0.8527236957680916,0.9707704986442112,0.9239829064869794,0.9320238953135264,0.7634985161393061,REST,mono,PEAKS033419,M,REST_HUMAN~CM~REST_HUMAN.PEAKS033419.macs.M,22
2,mono_2,True,0.9546299814383048,0.8474883125900285,0.9665015196152912,0.9200566577368836,0.9268719000607346,0.7584297812706787,REST,mono,PEAKS033528,S,REST_HUMAN~CM~REST_HUMAN.PEAKS033528.macs.S,21
3,mono_3,True,0.9534550603255088,0.849281892003645,0.9653547012209596,0.9203756152276662,0.9265644638009892,0.7597843197231561,REST,mono,PEAKS033528,M,REST_HUMAN~CM~REST_HUMAN.PEAKS033528.macs.M,22
4,mono_4,True,0.963036351495122,0.8476783999981237,0.9704127023049448,0.9242025275718524,0.9355161696352212,0.7563568058589988,REST,mono,PEAKS033561,S,REST_HUMAN~CM~REST_HUMAN.PEAKS033561.macs.S,21
5,mono_5,True,0.9622893129909228,0.8549444161998948,0.967390174270628,0.9223043214292266,0.9318924616380968,0.7503662738216468,REST,mono,PEAKS033561,M,REST_HUMAN~CM~REST_HUMAN.PEAKS033561.macs.M,22
6,mono_6,True,0.9646836729519886,0.8538067249750795,0.9736781504851408,0.9279089716357556,0.9376323284249928,0.7651945373980553,REST,mono,PEAKS033574,S,REST_HUMAN~CM~REST_HUMAN.PEAKS033574.macs.S,21
7,mono_7,True,0.963023908142246,0.8529935608565209,0.971763306951839,0.9248855232273108,0.934549378245888,0.7624009022699728,REST,mono,PEAKS033574,M,REST_HUMAN~CM~REST_HUMAN.PEAKS033574.macs.M,22
8,mono_8,True,0.9589621456866696,0.8549738785002453,0.9655824305428652,0.9226622455243656,0.9328509592025186,0.7329832929054815,REST,mono,PEAKS033587,S,REST_HUMAN~CM~REST_HUMAN.PEAKS033587.macs.S,17
9,mono_9,True,0.9587282201145392,0.8572549877697558,0.9681512487473444,0.924334878026454,0.9323856114974156,0.757385347394825,REST,mono,PEAKS033587,M,REST_HUMAN~CM~REST_HUMAN.PEAKS033587.macs.M,22
10,mono_10,True,0.9546804436697828,0.8486110280632926,0.9678280280880068,0.9220770576953996,0.9266632641393672,0.7551456375496813,REST,mono,PEAKS033627,S,REST_HUMAN~CM~REST_HUMAN.PEAKS033627.macs.S,21
11,mono_11,True,0.9568833474432396,0.8544027932650937,0.9676629015497066,0.9222460377606864,0.9272249731962467,0.7579258851401792,REST,mono,PEAKS033627,M,REST_HUMAN~CM~REST_HUMAN.PEAKS033627.macs.M,22
12,mono_12,True,0.960418295719492,0.8506575402920876,0.9712084721211948,0.926072693218514,0.9308107128248986,0.7619757594069408,REST,mono,PEAKS033656,S,REST_HUMAN~CM~REST_HUMAN.PEAKS033656.macs.S,21
13,mono_13,True,0.9602004103945492,0.8515652667197795,0.9718035207545072,0.9265022129527416,0.9305289181509436,0.7626351029440236,REST,mono,PEAKS033656,M,REST_HUMAN~CM~REST_HUMAN.PEAKS033656.macs.M,22
14,mono_14,True,0.9557610700138082,0.8458692802764594,0.9667249895012076,0.9204845903887624,0.9286981902043904,0.7576097375649262,REST,mono,PEAKS033673,S,REST_HUMAN~CM~REST_HUMAN.PEAKS033673.macs.S,21
15,mono_15,True,0.9548758874527468,0.8485521555305487,0.9677337333466216,0.9215872116252012,0.9272389921788816,0.7576719312466261,REST,mono,PEAKS033673,M,REST_HUMAN~CM~REST_HUMAN.PEAKS033673.macs.M,22
16,mono_16,True,0.9583461271702468,0.8514523509192621,0.9701577708617302,0.9245585971161596,0.9299388260885731,0.7590178837048124,REST,mono,PEAKS033695,S,REST_HUMAN~CM~REST_HUMAN.PEAKS033695.macs.S,21
17,mono_17,True,0.9570503789302124,0.8525376838410044,0.9686113384408246,0.9218300829499664,0.9289155347116348,0.7593842240687014,REST,mono,PEAKS033695,M,REST_HUMAN~CM~REST_HUMAN.PEAKS033695.macs.M,22
18,mono_18,True,0.9584407399778164,0.8499305076362634,0.961759682246878,0.9167999692573712,0.9282281939848038,0.7289383647605692,REST,mono,PEAKS033697,S,REST_HUMAN~CM~REST_HUMAN.PEAKS033697.macs.S,17
19,mono_19,True,0.9614592819793104,0.8590027669340505,0.9686612922380216,0.9248161531496564,0.9346184649970872,0.7593725889010835,REST,mono,PEAKS033697,M,REST_HUMAN~CM~REST_HUMAN.PEAKS033697.macs.M,22
20,mono_20,True,0.960179841546506,0.8532645397329749,0.9710895252715668,0.9259479923182894,0.9308046217107302,0.7628944687155138,REST,mono,PEAKS033727,S,REST_HUMAN~CM~REST_HUMAN.PEAKS033727.macs.S,21
21,mono_21,True,0.9566955513049776,0.8518441951634053,0.9684414864629812,0.922982598917366,0.9258831127059088,0.7586094431548595,REST,mono,PEAKS033727,M,REST_HUMAN~CM~REST_HUMAN.PEAKS033727.macs.M,22
22,mono_22,True,0.958862345564434,0.8517485508994305,0.9699338877414028,0.9260561863150468,0.9309644041510184,0.7628961637571978,REST,mono,PEAKS033728,S,REST_HUMAN~CM~REST_HUMAN.PEAKS033728.macs.S,21
23,mono_23,True,0.95683511985875,0.850348381389286,0.9692549056993054,0.924307192641284,0.9278143420220876,0.7616827347210253,REST,mono,PEAKS033728,M,REST_HUMAN~CM~REST_HUMAN.PEAKS033728.macs.M,22
24,mono_24,True,0.9653253061547864,0.85556355180666,0.9736219030386748,0.9293264224831964,0.9368786360143284,0.7664757315765228,REST,mono,PEAKS033733,S,REST_HUMAN~CM~REST_HUMAN.PEAKS033733.macs.S,21
25,mono_25,True,0.963308283948661,0.8524809534509588,0.9716507080070772,0.924612951895151,0.9332342545767796,0.7626273009779608,REST,mono,PEAKS033733,M,REST_HUMAN~CM~REST_HUMAN.PEAKS033733.macs.M,22
26,mono_26,True,0.9591095662901512,0.8547182451810328,0.9676768942911786,0.9211225427920128,0.9298549239888942,0.7555199027054241,REST,mono,PEAKS033771,S,REST_HUMAN~CM~REST_HUMAN.PEAKS033771.macs.S,22
27,mono_27,True,0.9593011143807864,0.8519041646786234,0.967362301758242,0.9190453047727052,0.9280711001313848,0.754417521399578,REST,mono,PEAKS033771,M,REST_HUMAN~CM~REST_HUMAN.PEAKS033771.macs.M,22
28,mono_28,True,0.9605260977431694,0.8425500262448209,0.9663277448834516,0.9172558083839654,0.9252821725603936,0.744789560836166,REST,mono,PEAKS033774,M,REST_HUMAN~CM~REST_HUMAN.PEAKS033774.macs.M,22
29,mono_29,True,0.9556069780655092,0.8474947290297021,0.9658188355577229,0.920657835858568,0.927249159942488,0.7548630377225568,REST,mono,PEAKS033806,S,REST_HUMAN~CM~REST_HUMAN.PEAKS033806.macs.S,21
30,mono_30,True,0.9596107820811736,0.8537924241182798,0.9673604273388448,0.9220402080859152,0.9297077357490796,0.7554545363347881,REST,mono,PEAKS033806,M,REST_HUMAN~CM~REST_HUMAN.PEAKS033806.macs.M,22
31,mono_31,True,0.96500294972497,0.8553665588862394,0.97340547448875,0.9291137173367529,0.9368102556117456,0.7653059437981931,REST,mono,PEAKS033807,S,REST_HUMAN~CM~REST_HUMAN.PEAKS033807.macs.S,21
32,mono_32,True,0.9677178119836116,0.8566718072958638,0.974631433218634,0.9290873934014564,0.9369090531612936,0.768190381824415,REST,mono,PEAKS033807,M,REST_HUMAN~CM~REST_HUMAN.PEAKS033807.macs.M,22
33,mono_33,True,0.9571229076216132,0.8488136949204083,0.9697026986961448,0.9226933255935034,0.926634191673174,0.7567826338292053,REST,mono,PEAKS033812,S,REST_HUMAN~CM~REST_HUMAN.PEAKS033812.macs.S,21
34,mono_34,True,0.9617442814134052,0.850753412072678,0.971353648950747,0.9242790716530724,0.9308999095179662,0.757809690912596,REST,mono,PEAKS033812,M,REST_HUMAN~CM~REST_HUMAN.PEAKS033812.macs.M,22
35,mono_35,True,0.9712898300020372,0.8634548248793597,0.9780809275327595,0.9378206758220192,0.9447836033850197,0.776886688505327,REST,mono,PEAKS033825,M,REST_HUMAN~CM~REST_HUMAN.PEAKS033825.macs.M,22
36,mono_36,True,0.9607526665459404,0.8533066524593301,0.9716637367826656,0.9264706902159384,0.9288552890157292,0.7553548629289039,REST,mono,PEAKS033856,S,REST_HUMAN~CM~REST_HUMAN.PEAKS033856.macs.S,21
37,mono_37,True,0.9587885560359464,0.8610871280188669,0.969133408093384,0.9252763792348364,0.9323087386432652,0.7550891804209299,REST,mono,PEAKS033856,M,REST_HUMAN~CM~REST_HUMAN.PEAKS033856.macs.M,22
38,mono_38,True,0.9623438852796704,0.814762399199704,0.96731889876698,0.9065360984758616,0.9142987095464744,0.6598660091209781,REST,mono,PEAKS033862,S,REST_HUMAN~CM~REST_HUMAN.PEAKS033862.macs.S,13
39,mono_39,True,0.9619783244674832,0.8565973892374884,0.968723947047542,0.9255792509653976,0.9342167552894806,0.7595321062450295,REST,mono,PEAKS033862,M,REST_HUMAN~CM~REST_HUMAN.PEAKS033862.macs.M,22
40,mono_40,True,0.9588129592321796,0.850863635311627,0.9686323740047428,0.924307294661089,0.9307898300673038,0.75677931918785,REST,mono,PEAKS033894,S,REST_HUMAN~CM~REST_HUMAN.PEAKS033894.macs.S,21
41,mono_41,True,0.9582963311225298,0.8525482593896094,0.968930683169489,0.92360269774074,0.9313028577758772,0.7596536692551212,REST,mono,PEAKS033894,M,REST_HUMAN~CM~REST_HUMAN.PEAKS033894.macs.M,22
42,mono_42,True,0.9524259069198904,0.8444929610736098,0.9662137271176628,0.91950759480962,0.9245495384486668,0.7522387008252572,REST,mono,PEAKS033945,S,REST_HUMAN~CM~REST_HUMAN.PEAKS033945.macs.S,21
43,mono_43,True,0.9554736412612898,0.8516925477979604,0.9670388841436546,0.9221013147015936,0.926797067235588,0.7566070986288707,REST,mono,PEAKS033945,M,REST_HUMAN~CM~REST_HUMAN.PEAKS033945.macs.M,22
44,mono_44,True,0.9573608312017566,0.850617410785021,0.9673687306748902,0.9221242631607436,0.9285724383048872,0.7596653086344816,REST,mono,PEAKS034005,S,REST_HUMAN~CM~REST_HUMAN.PEAKS034005.macs.S,21
45,mono_45,True,0.9549120232247552,0.8510320485359846,0.9657320927495242,0.9205810282793458,0.926496055200238,0.7591058357236692,REST,mono,PEAKS034005,M,REST_HUMAN~CM~REST_HUMAN.PEAKS034005.macs.M,22
46,mono_46,True,0.9520428917762636,0.8450800781987947,0.9635714765637426,0.9179342896128216,0.9243814824799512,0.753956930622028,REST,mono,PEAKS034017,S,REST_HUMAN~CM~REST_HUMAN.PEAKS034017.macs.S,21
47,mono_47,True,0.9547404629105644,0.849773501012136,0.9660318147894784,0.9206004829820504,0.9266655835161568,0.7585007991608231,REST,mono,PEAKS034017,M,REST_HUMAN~CM~REST_HUMAN.PEAKS034017.macs.M,22
48,mono_48,True,0.958649345360708,0.8514887626620832,0.9691370053137977,0.9242489161680169,0.9326341561930614,0.7633895847767664,REST,mono,PEAKS034018,S,REST_HUMAN~CM~REST_HUMAN.PEAKS034018.macs.S,21
49,mono_49,True,0.9592493134436472,0.8537044710189251,0.969536060433398,0.9238764257339066,0.9318065491019968,0.7643913447467335,REST,mono,PEAKS034018,M,REST_HUMAN~CM~REST_HUMAN.PEAKS034018.macs.M,22
50,mono_50,True,0.9617989994793672,0.8168194562434846,0.9642707843876313,0.90634607149532,0.9120583361221632,0.6571779927885493,REST,mono,PEAKS034037,S,REST_HUMAN~CM~REST_HUMAN.PEAKS034037.macs.S,13
51,mono_51,True,0.9638204903003824,0.866864206808,0.9720619342178948,0.9296148030039868,0.9377014694034382,0.7585865912098732,REST,mono,PEAKS034037,M,REST_HUMAN~CM~REST_HUMAN.PEAKS034037.macs.M,22
52,mono_52,True,0.9255526334970688,0.488458803348093,0.9324430047813408,0.6942323156420087,0.9107660325177556,0.4170544320951452,REST,mono,PEAKS034075,S,REST_HUMAN~CM~REST_HUMAN.PEAKS034075.macs.S,10
53,mono_53,True,0.9541842630780724,0.8438742197817084,0.9620503859660684,0.9113241462698708,0.9196923166189468,0.7351607008881742,REST,mono,PEAKS034075,M,REST_HUMAN~CM~REST_HUMAN.PEAKS034075.macs.M,22
54,mono_54,True,0.9551259888629828,0.8508364520906574,0.968644704889842,0.9225625708810644,0.9258974383048872,0.7542132176380345,REST,mono,PEAKS034555,S,REST_HUMAN~CM~REST_HUMAN.PEAKS034555.macs.S,22
55,mono_55,True,0.9552670380514748,0.8519966478647951,0.96748014863138,0.921815774025727,0.9262984934121644,0.753647789381499,REST,mono,PEAKS034555,M,REST_HUMAN~CM~REST_HUMAN.PEAKS034555.macs.M,22
56,mono_56,True,0.9555616248273988,0.8485879209190748,0.9656767579862542,0.9187460643437162,0.9292076764089788,0.7571816180510721,REST,mono,PEAKS034562,S,REST_HUMAN~CM~REST_HUMAN.PEAKS034562.macs.S,21
57,mono_57,True,0.9540414134051656,0.8513764649256036,0.9670249478874616,0.922025325044634,0.9282735572453796,0.7582888417965701,REST,mono,PEAKS034562,M,REST_HUMAN~CM~REST_HUMAN.PEAKS034562.macs.M,22
58,mono_58,True,0.9598848708604024,0.8192143579815158,0.968262631772148,0.909187283747208,0.9129414799700046,0.6619377239226144,REST,mono,PEAKS034695,S,REST_HUMAN~CM~REST_HUMAN.PEAKS034695.macs.S,13
59,mono_59,True,0.957894861579555,0.8589491824530285,0.9683799487241798,0.9257391441067376,0.9328861203039204,0.7579194542042857,REST,mono,PEAKS034695,M,REST_HUMAN~CM~REST_HUMAN.PEAKS034695.macs.M,22
60,mono_60,True,0.9612336734047128,0.8167493673803577,0.9661595844910752,0.906871179491679,0.9107425377111764,0.6554647405626177,REST,mono,PEAKS034861,S,REST_HUMAN~CM~REST_HUMAN.PEAKS034861.macs.S,13
61,mono_61,True,0.959310330488716,0.8588288047195529,0.9690558040087814,0.9237767496188448,0.9299831519044608,0.754708286035175,REST,mono,PEAKS034861,M,REST_HUMAN~CM~REST_HUMAN.PEAKS034861.macs.M,22
62,mono_62,True,0.9596669902890644,0.8546133143493798,0.9700941008036382,0.9259130505605144,0.9297291686808216,0.7572359556079203,REST,mono,PEAKS034970,S,REST_HUMAN~CM~REST_HUMAN.PEAKS034970.macs.S,22
63,mono_63,True,0.9589111155125972,0.8583615601076795,0.9683341867292828,0.9263676752563264,0.9331208492916372,0.7601615634623073,REST,mono,PEAKS034970,M,REST_HUMAN~CM~REST_HUMAN.PEAKS034970.macs.M,22
64,mono_64,True,0.958996348326052,0.8572902792865387,0.96894252129485,0.925520286032961,0.9306891561001004,0.7621170570573305,REST,mono,PEAKS034971,S,REST_HUMAN~CM~REST_HUMAN.PEAKS034971.macs.S,22
65,mono_65,True,0.9553202449238292,0.8546526226474709,0.9656410563168772,0.923283276927309,0.9283769038411482,0.7597508441371866,REST,mono,PEAKS034971,M,REST_HUMAN~CM~REST_HUMAN.PEAKS034971.macs.M,22
66,mono_66,True,0.9322383113384792,0.6287240816111415,0.9378536791384128,0.7870404497398593,0.8883604582667114,0.4556577126335628,REST,mono,PEAKS036956,S,REST_HUMAN~CM~REST_HUMAN.PEAKS036956.macs.S,10
67,mono_67,True,0.9682530649432964,0.8714039823057559,0.9721534626670528,0.9309415356973773,0.942513816327669,0.7633952558043084,REST,mono,PEAKS036956,M,REST_HUMAN~CM~REST_HUMAN.PEAKS036956.macs.M,22
68,mono_68,True,0.9267700622495868,0.5660114914469857,0.931145254748022,0.7425635498691351,0.8858272284299509,0.3982533320180087,REST,mono,PEAKS038243,S,REST_HUMAN~CM~REST_HUMAN.PEAKS038243.macs.S,9
69,mono_69,True,0.9634138424972272,0.8557735124255718,0.9681110000129902,0.9251728224927108,0.933479204625739,0.7470995447658375,REST,mono,PEAKS038243,M,REST_HUMAN~CM~REST_HUMAN.PEAKS038243.macs.M,22
70,di_0,False,0.9735932716119248,0.8715247322661613,0.98392020847242,0.9463669558285857,0.950000837578552,0.7856856776655274,REST,di,PEAKS033419,M,REST_HUMAN~CD~REST_HUMAN.PEAKS033419.macs.M,24
71,di_1,False,0.9707304966385224,0.8666788494725932,0.9816605014991112,0.9422094697482228,0.947757835372278,0.7797056392948807,REST,di,PEAKS033528,M,REST_HUMAN~CD~REST_HUMAN.PEAKS033528.macs.M,24
72,di_2,False,0.9813379844715576,0.8882231004880219,0.9875300005766998,0.9561767769761984,0.9531220295863856,0.7952800545488092,REST,di,PEAKS033561,M,REST_HUMAN~CD~REST_HUMAN.PEAKS033561.macs.M,23
73,di_3,False,0.9717434787332776,0.869242534963385,0.9810172463961206,0.9415012616022066,0.9478801980688902,0.7833260146653189,REST,di,PEAKS033574,M,REST_HUMAN~CD~REST_HUMAN.PEAKS033574.macs.M,24
74,di_4,False,0.9677826679041128,0.8697255704746946,0.9797971769998228,0.9413951056266932,0.9418307277916188,0.7776531479298788,REST,di,PEAKS033587,M,REST_HUMAN~CD~REST_HUMAN.PEAKS033587.macs.M,24
75,di_5,False,0.9678463696040926,0.8700727959181896,0.9787563316783549,0.9384295721369652,0.9405717240545868,0.7773307003786125,REST,di,PEAKS033627,M,REST_HUMAN~CD~REST_HUMAN.PEAKS033627.macs.M,24
76,di_6,False,0.9697449423908368,0.8670477566584672,0.9807770657862837,0.9406392336255868,0.9466825371224236,0.780934803437968,REST,di,PEAKS033656,M,REST_HUMAN~CD~REST_HUMAN.PEAKS033656.macs.M,24
77,di_7,False,0.9701419383389548,0.8649561474864055,0.981489861700268,0.9413614895441552,0.9480151342046876,0.780456142718336,REST,di,PEAKS033673,M,REST_HUMAN~CD~REST_HUMAN.PEAKS033673.macs.M,24
78,di_8,False,0.972548822237816,0.8742286324186258,0.9816916271176436,0.9427913754657166,0.947982068289146,0.7836889804095505,REST,di,PEAKS033695,M,REST_HUMAN~CD~REST_HUMAN.PEAKS033695.macs.M,24
79,di_9,False,0.9690636211150598,0.8702900928218591,0.9800787107798684,0.9404883576192152,0.9433547988014228,0.7792602259103582,REST,di,PEAKS033697,M,REST_HUMAN~CD~REST_HUMAN.PEAKS033697.macs.M,24
80,di_10,False,0.9712534805441746,0.8677873256100227,0.9818775246309226,0.9430713362596868,0.9448510019645756,0.7807862981443973,REST,di,PEAKS033727,M,REST_HUMAN~CD~REST_HUMAN.PEAKS033727.macs.M,24
81,di_11,False,0.9711402139122168,0.8644674621668872,0.9822499016045017,0.9431239107474446,0.9497044027875904,0.7821649181892035,REST,di,PEAKS033728,M,REST_HUMAN~CD~REST_HUMAN.PEAKS033728.macs.M,24
82,di_12,False,0.9707804411797994,0.8666035954144534,0.9805637870339026,0.940931567084636,0.9454994986303746,0.7790915344849323,REST,di,PEAKS033733,M,REST_HUMAN~CD~REST_HUMAN.PEAKS033733.macs.M,24
83,di_13,False,0.9733125576657538,0.8762981219564625,0.984744478084946,0.9477969295949776,0.948148166034532,0.7887361813636028,REST,di,PEAKS033771,M,REST_HUMAN~CD~REST_HUMAN.PEAKS033771.macs.M,24
84,di_14,False,0.979076473051588,0.8821013816337702,0.9853112357688704,0.9508999297083858,0.9501194630882882,0.7922201890952131,REST,di,PEAKS033774,M,REST_HUMAN~CD~REST_HUMAN.PEAKS033774.macs.M,23
85,di_15,False,0.9675391778527288,0.8632869034400166,0.9797927681751342,0.9389690539451386,0.9426984002962358,0.7764343706767459,REST,di,PEAKS033806,M,REST_HUMAN~CD~REST_HUMAN.PEAKS033806.macs.M,24
86,di_16,False,0.9754829110170452,0.8733369111925362,0.9824836926887406,0.9455918058427492,0.9506674633423816,0.7869417225621562,REST,di,PEAKS033807,M,REST_HUMAN~CD~REST_HUMAN.PEAKS033807.macs.M,24
87,di_17,False,0.9730519861013648,0.8718642886063107,0.9820344533714622,0.942299241144584,0.946517454666022,0.7829743837747536,REST,di,PEAKS033812,M,REST_HUMAN~CD~REST_HUMAN.PEAKS033812.macs.M,24
88,di_18,False,0.9716172693935758,0.8692303872677197,0.9809325422605656,0.9424015120565504,0.9462424600887468,0.7805246156643942,REST,di,PEAKS033825,M,REST_HUMAN~CD~REST_HUMAN.PEAKS033825.macs.M,24
89,di_19,False,0.9695816028702718,0.8720660377021803,0.9801445295082524,0.9405216194839436,0.9422842855637772,0.7773023685297822,REST,di,PEAKS033856,M,REST_HUMAN~CD~REST_HUMAN.PEAKS033856.macs.M,24
90,di_20,False,0.9681169438848268,0.8641660630192617,0.980988994837782,0.9402378449781964,0.9428885437970228,0.7792149874780695,REST,di,PEAKS033862,M,REST_HUMAN~CD~REST_HUMAN.PEAKS033862.macs.M,24
91,di_21,False,0.9677452167417434,0.8622998271280828,0.980821924016713,0.938880946585164,0.9433884059048824,0.7765027122741343,REST,di,PEAKS033894,M,REST_HUMAN~CD~REST_HUMAN.PEAKS033894.macs.M,24
92,di_22,False,0.9652002111958712,0.8629762837030257,0.9790898735360152,0.9376392159197918,0.9411857210364531,0.7749267092211654,REST,di,PEAKS033945,M,REST_HUMAN~CD~REST_HUMAN.PEAKS033945.macs.M,24
93,di_23,False,0.969251226882767,0.8644322494795283,0.9795236886559296,0.9382707396681242,0.9453767369761648,0.7787034947241258,REST,di,PEAKS034005,M,REST_HUMAN~CD~REST_HUMAN.PEAKS034005.macs.M,24
94,di_24,False,0.970484027887815,0.8663004770006383,0.9825082266238336,0.943854228445723,0.9456636091795882,0.7803998418457306,REST,di,PEAKS034017,M,REST_HUMAN~CD~REST_HUMAN.PEAKS034017.macs.M,24
95,di_25,False,0.969139276093895,0.8644559589397283,0.9800397374236608,0.9405283199445228,0.943551097869334,0.7792302247495139,REST,di,PEAKS034018,M,REST_HUMAN~CD~REST_HUMAN.PEAKS034018.macs.M,24
96,di_26,False,0.979396503384114,0.8959641025617855,0.9880774915778182,0.9611918975338036,0.9528513126092292,0.8022030150408636,REST,di,PEAKS034037,M,REST_HUMAN~CD~REST_HUMAN.PEAKS034037.macs.M,24
97,di_27,False,0.9637378995857574,0.8595253973392836,0.9706726616812372,0.9244713603381666,0.9353860609638196,0.7652626774608284,REST,di,PEAKS034075,M,REST_HUMAN~CD~REST_HUMAN.PEAKS034075.macs.M,24
98,di_28,False,0.96349120809471,0.8627575918123999,0.9780885344647704,0.9364385750891916,0.9383755452162272,0.7729259705726945,REST,di,PEAKS034555,M,REST_HUMAN~CD~REST_HUMAN.PEAKS034555.macs.M,24
99,di_29,False,0.967792374312425,0.8638101962751836,0.9808684931565208,0.9393256800811574,0.944460535269401,0.7778454825105275,REST,di,PEAKS034562,M,REST_HUMAN~CD~REST_HUMAN.PEAKS034562.macs.M,24
100,di_30,False,0.9679520209611336,0.8691235723258567,0.98014252428084,0.9415181576878036,0.9430600783661176,0.7798690605426705,REST,di,PEAKS034695,M,REST_HUMAN~CD~REST_HUMAN.PEAKS034695.macs.M,24
101,di_31,False,0.967382605428164,0.8661615086745172,0.9800531303806548,0.9406408222274356,0.9405988787354826,0.7736322523208748,REST,di,PEAKS034861,M,REST_HUMAN~CD~REST_HUMAN.PEAKS034861.macs.M,24
102,di_32,False,0.97078265590692,0.8701041758001371,0.981393182685518,0.9425102955797168,0.9460730594392592,0.782491827264635,REST,di,PEAKS034970,M,REST_HUMAN~CD~REST_HUMAN.PEAKS034970.macs.M,25
103,di_33,False,0.9669446125812076,0.8668993924160581,0.978664965252761,0.9370841885164796,0.9419976612563368,0.7779961775550122,REST,di,PEAKS034971,M,REST_HUMAN~CD~REST_HUMAN.PEAKS034971.macs.M,24
104,di_34,False,0.981614579532336,0.9017174131639796,0.9862440180621432,0.9565888376390396,0.9531544154922594,0.8042222103060668,REST,di,PEAKS036956,M,REST_HUMAN~CD~REST_HUMAN.PEAKS036956.macs.M,24
105,di_35,False,0.682235023881205,0.1004588580834572,0.6506926676077025,0.1969295370163417,0.694813265688717,0.0721085971633779,REST,di,PEAKS038243,M,REST_HUMAN~CD~REST_HUMAN.PEAKS038243.macs.M,24
0,mono_0,True,0.8504144334826926,0.2092760317621958,0.8466309501745986,0.1646277834162695,0.7668750153687303,0.0998122002729305,RUNX1,mono,PEAKS033104,S,RUNX1_HUMAN~CM~RUNX1_HUMAN.PEAKS033104.macs.S,11
1,mono_1,True,0.8485210194865882,0.2083833315756556,0.842992086701245,0.162383489916539,0.7633567702986607,0.0984436091154278,RUNX1,mono,PEAKS033104,M,RUNX1_HUMAN~CM~RUNX1_HUMAN.PEAKS033104.macs.M,11
2,mono_2,True,0.8623011520757453,0.2069928554857297,0.8671095032432441,0.1747162859925431,0.793226209802564,0.1061803534445831,RUNX1,mono,PEAKS033153,S,RUNX1_HUMAN~CM~RUNX1_HUMAN.PEAKS033153.macs.S,10
3,mono_3,True,0.8623011520757453,0.2069928554857297,0.8671095032432441,0.1747162859925431,0.793226209802564,0.1061803534445831,RUNX1,mono,PEAKS033153,M,RUNX1_HUMAN~CM~RUNX1_HUMAN.PEAKS033153.macs.M,10
4,mono_4,True,0.8650374053402511,0.2130022746229365,0.8702718330272752,0.1804265954470087,0.8016298783035309,0.1102687184212971,RUNX1,mono,PEAKS033154,S,RUNX1_HUMAN~CM~RUNX1_HUMAN.PEAKS033154.macs.S,10
5,mono_5,True,0.8652312176278942,0.2129523528819092,0.8704972544023477,0.1804629570199356,0.8018239092677919,0.1103018112316727,RUNX1,mono,PEAKS033154,M,RUNX1_HUMAN~CM~RUNX1_HUMAN.PEAKS033154.macs.M,10
6,mono_6,True,0.8631866098489811,0.2075385888984351,0.8695243915396068,0.1738853761438437,0.8046995459510111,0.1108300245556627,RUNX1,mono,PEAKS033155,S,RUNX1_HUMAN~CM~RUNX1_HUMAN.PEAKS033155.macs.S,9
7,mono_7,True,0.8622934277528845,0.2071391708548656,0.8688822476306125,0.1735156692637068,0.8036533764950939,0.1101584155052312,RUNX1,mono,PEAKS033155,M,RUNX1_HUMAN~CM~RUNX1_HUMAN.PEAKS033155.macs.M,9
8,mono_8,True,0.8516709736306545,0.2079523725457498,0.8470906996928604,0.1586273231870539,0.7731280995595293,0.0984865683154289,RUNX1,mono,PEAKS034469,S,RUNX1_HUMAN~CM~RUNX1_HUMAN.PEAKS034469.macs.S,11
9,mono_9,True,0.851748545711815,0.2078540271366193,0.8472440655058243,0.1589099281748813,0.773277788007019,0.0984368466157807,RUNX1,mono,PEAKS034469,M,RUNX1_HUMAN~CM~RUNX1_HUMAN.PEAKS034469.macs.M,11
10,mono_10,True,0.8595103387661696,0.2086757991513728,0.8643618420616941,0.1713097926338614,0.7783666171783609,0.0986286853515973,RUNX1,mono,PEAKS034601,S,RUNX1_HUMAN~CM~RUNX1_HUMAN.PEAKS034601.macs.S,10
11,mono_11,True,0.8614304035758894,0.2192770764428682,0.8636023265284537,0.1692612746452011,0.7798934559051733,0.1021061041001285,RUNX1,mono,PEAKS034601,M,RUNX1_HUMAN~CM~RUNX1_HUMAN.PEAKS034601.macs.M,11
12,mono_12,True,0.8580266241735014,0.2012920703944448,0.862272300344667,0.1657931200162245,0.7857968983515172,0.1020932086479701,RUNX1,mono,PEAKS034627,M,RUNX1_HUMAN~CM~RUNX1_HUMAN.PEAKS034627.macs.M,9
13,mono_13,True,0.841939673680441,0.1892588979211071,0.8432323606880208,0.158951572703927,0.7715007427722205,0.0968009871479343,RUNX1,mono,PEAKS034628,S,RUNX1_HUMAN~CM~RUNX1_HUMAN.PEAKS034628.macs.S,10
14,mono_14,True,0.8420217372411324,0.1880420488814705,0.8434442515497824,0.1571606211425306,0.7663716520042018,0.0958873758252593,RUNX1,mono,PEAKS034628,M,RUNX1_HUMAN~CM~RUNX1_HUMAN.PEAKS034628.macs.M,9
15,mono_15,True,0.8453167719169528,0.1952574418824227,0.8387163125250563,0.155983430477019,0.759870408927591,0.0934657710475564,RUNX1,mono,PEAKS034712,S,RUNX1_HUMAN~CM~RUNX1_HUMAN.PEAKS034712.macs.S,9
16,mono_16,True,0.8455416520364403,0.2040274155763301,0.8458713506605164,0.1604561580727123,0.7712151552092534,0.0986169987452314,RUNX1,mono,PEAKS034712,M,RUNX1_HUMAN~CM~RUNX1_HUMAN.PEAKS034712.macs.M,11
17,mono_17,True,0.8616844980740508,0.2054864318214033,0.8638037341817285,0.1662828928757846,0.7933210665003461,0.1033790995602611,RUNX1,mono,PEAKS034995,S,RUNX1_HUMAN~CM~RUNX1_HUMAN.PEAKS034995.macs.S,10
18,mono_18,True,0.8602126592947794,0.2085603742014841,0.8620745374599184,0.1662564232908094,0.796315519582448,0.1054338774518404,RUNX1,mono,PEAKS034995,M,RUNX1_HUMAN~CM~RUNX1_HUMAN.PEAKS034995.macs.M,11
19,mono_19,True,0.8592954270715965,0.200618509080315,0.8633410189400312,0.1661717853988702,0.7911231418757609,0.10312702352918,RUNX1,mono,PEAKS037596,S,RUNX1_HUMAN~CM~RUNX1_HUMAN.PEAKS037596.macs.S,9
20,mono_20,True,0.8605624568735861,0.2069244367769811,0.8612640911454151,0.1723679105704209,0.7935981812674576,0.1051853955911525,RUNX1,mono,PEAKS037596,M,RUNX1_HUMAN~CM~RUNX1_HUMAN.PEAKS037596.macs.M,10
21,mono_21,True,0.8457434417280262,0.1928753273216474,0.8497708882668015,0.1624387168198574,0.781839882153174,0.1007027011223268,RUNX1,mono,PEAKS037771,S,RUNX1_HUMAN~CM~RUNX1_HUMAN.PEAKS037771.macs.S,9
22,mono_22,True,0.8185111558752368,0.1773480240403332,0.8211468510111725,0.1469191421836946,0.7649687379139112,0.0962846404847842,RUNX1,mono,PEAKS037771,M,RUNX1_HUMAN~CM~RUNX1_HUMAN.PEAKS037771.macs.M,13
23,mono_23,True,0.8466681622251919,0.1945825289233674,0.8480852991968648,0.167577823248347,0.79560143630482,0.1108825747362514,RUNX1,mono,PEAKS037789,S,RUNX1_HUMAN~CM~RUNX1_HUMAN.PEAKS037789.macs.S,10
24,mono_24,True,0.8446159366838736,0.1925427249756988,0.8457312682172442,0.1657608684157727,0.7936427252190417,0.1099587151020025,RUNX1,mono,PEAKS037789,M,RUNX1_HUMAN~CM~RUNX1_HUMAN.PEAKS037789.macs.M,10
25,mono_25,True,0.8590592307994653,0.2023989015648407,0.8605160353978767,0.1657396019060528,0.7827688981664955,0.101861965274169,RUNX1,mono,PEAKS037794,S,RUNX1_HUMAN~CM~RUNX1_HUMAN.PEAKS037794.macs.S,9
26,mono_26,True,0.8606052275764484,0.2071064751467871,0.8603064983991333,0.1731042234613183,0.7843308762265141,0.1033144335754667,RUNX1,mono,PEAKS037794,M,RUNX1_HUMAN~CM~RUNX1_HUMAN.PEAKS037794.macs.M,10
27,mono_27,True,0.8538037619334609,0.2038891454425306,0.8539690161562823,0.1636634370992147,0.7720404612409578,0.0971020547247818,RUNX1,mono,PEAKS038079,S,RUNX1_HUMAN~CM~RUNX1_HUMAN.PEAKS038079.macs.S,10
28,mono_28,True,0.8542296447693665,0.2087956498724636,0.8541768351469514,0.1612852106513093,0.7765394292978728,0.1004869745957702,RUNX1,mono,PEAKS038079,M,RUNX1_HUMAN~CM~RUNX1_HUMAN.PEAKS038079.macs.M,11
29,mono_29,True,0.8601577391714488,0.2123443567624616,0.8675401282056326,0.1776419409819322,0.8071828035846444,0.1152223965291696,RUNX1,mono,PEAKS038261,S,RUNX1_HUMAN~CM~RUNX1_HUMAN.PEAKS038261.macs.S,12
30,mono_30,True,0.8607620218973,0.2124338134261573,0.8683134549881405,0.1778803107421935,0.8068530060042496,0.1148062463680046,RUNX1,mono,PEAKS038261,M,RUNX1_HUMAN~CM~RUNX1_HUMAN.PEAKS038261.macs.M,12
31,mono_31,True,0.8636793938719004,0.2074719431238134,0.8683925769382084,0.1715271518747294,0.80344212345119,0.1103779568230637,RUNX1,mono,PEAKS038262,S,RUNX1_HUMAN~CM~RUNX1_HUMAN.PEAKS038262.macs.S,9
32,mono_32,True,0.863580293084925,0.2073767946559028,0.8683610889215065,0.1715311053802465,0.8034605748800344,0.1103764757361048,RUNX1,mono,PEAKS038262,M,RUNX1_HUMAN~CM~RUNX1_HUMAN.PEAKS038262.macs.M,9
33,mono_33,True,0.8352573812768038,0.1895986760589048,0.8441599722738451,0.161247415763589,0.790794716887101,0.1064632153109753,RUNX1,mono,PEAKS038621,S,RUNX1_HUMAN~CM~RUNX1_HUMAN.PEAKS038621.macs.S,9
34,mono_34,True,0.8370568410502319,0.1960525285096659,0.8417092745466161,0.1672681728989369,0.7932143354441713,0.1102890881518177,RUNX1,mono,PEAKS038621,M,RUNX1_HUMAN~CM~RUNX1_HUMAN.PEAKS038621.macs.M,10
35,mono_35,True,0.8344127090812218,0.194156993551634,0.8413788099348473,0.1691316489280905,0.7942973659787047,0.1123201488371286,RUNX1,mono,PEAKS038622,S,RUNX1_HUMAN~CM~RUNX1_HUMAN.PEAKS038622.macs.S,9
36,mono_36,True,0.8344647271790303,0.1954734992320853,0.8414123710786107,0.1704796057703714,0.7943192440375295,0.1130607803036453,RUNX1,mono,PEAKS038622,M,RUNX1_HUMAN~CM~RUNX1_HUMAN.PEAKS038622.macs.M,9
37,mono_37,True,0.8575464511874504,0.207523250091117,0.8605427389060589,0.1672424442250592,0.779408902523456,0.0996746217288891,RUNX1,mono,PEAKS038698,S,RUNX1_HUMAN~CM~RUNX1_HUMAN.PEAKS038698.macs.S,10
38,mono_38,True,0.8560047203224763,0.2112832302747153,0.8572562926364734,0.1623401240847984,0.7796272856136748,0.1017739123528854,RUNX1,mono,PEAKS038698,M,RUNX1_HUMAN~CM~RUNX1_HUMAN.PEAKS038698.macs.M,11
39,di_0,False,0.8611605833311498,0.218742711852493,0.8615936463646421,0.1672717938828951,0.7789691734607396,0.1025540934059502,RUNX1,di,PEAKS033104,M,RUNX1_HUMAN~CD~RUNX1_HUMAN.PEAKS033104.macs.M,13
40,di_1,False,0.8690948385871131,0.2131240827641196,0.8768775500782557,0.1765697164496887,0.8031565805023038,0.1099812001663571,RUNX1,di,PEAKS033153,M,RUNX1_HUMAN~CD~RUNX1_HUMAN.PEAKS033153.macs.M,11
41,di_2,False,0.8687313958109513,0.2181504309703306,0.8792529793763209,0.1883257865360123,0.8087538380046315,0.1148424925707573,RUNX1,di,PEAKS033154,M,RUNX1_HUMAN~CD~RUNX1_HUMAN.PEAKS033154.macs.M,11
42,di_3,False,0.8672764933749093,0.21720697077356,0.8757909459630794,0.18200755506714,0.8095638209647384,0.1148381728674368,RUNX1,di,PEAKS033155,M,RUNX1_HUMAN~CD~RUNX1_HUMAN.PEAKS033155.macs.M,11
43,di_4,False,0.862216635222598,0.235120998709725,0.865320320205992,0.1721671898365432,0.7872638108183924,0.1125809029276076,RUNX1,di,PEAKS034469,M,RUNX1_HUMAN~CD~RUNX1_HUMAN.PEAKS034469.macs.M,16
44,di_5,False,0.8709337484387146,0.2266562686702431,0.8745876036791479,0.174438627584517,0.7892066412311696,0.1050309045563862,RUNX1,di,PEAKS034601,M,RUNX1_HUMAN~CD~RUNX1_HUMAN.PEAKS034601.macs.M,13
45,di_6,False,0.8700289060521098,0.2143199859225637,0.8786312620074608,0.1786349306379534,0.8016678972592929,0.1082661857789304,RUNX1,di,PEAKS034627,M,RUNX1_HUMAN~CD~RUNX1_HUMAN.PEAKS034627.macs.M,11
46,di_7,False,0.8489735813047541,0.1942566128610681,0.8547986604911795,0.1627573005307156,0.7794293717322798,0.0974584946196292,RUNX1,di,PEAKS034628,M,RUNX1_HUMAN~CD~RUNX1_HUMAN.PEAKS034628.macs.M,11
47,di_8,False,0.8668232876084165,0.2231952080055436,0.871322598918154,0.1730552717777913,0.7965552156695395,0.1088309257248913,RUNX1,di,PEAKS034712,M,RUNX1_HUMAN~CD~RUNX1_HUMAN.PEAKS034712.macs.M,13
48,di_9,False,0.8691739112491157,0.2134953987378923,0.874311217930476,0.1748953010664495,0.8009289733389835,0.1049189266493716,RUNX1,di,PEAKS034995,M,RUNX1_HUMAN~CD~RUNX1_HUMAN.PEAKS034995.macs.M,11
49,di_10,False,0.867193084051743,0.2146194033163113,0.8768869703292328,0.1819218473361352,0.8077428181774775,0.1114667006211652,RUNX1,di,PEAKS037596,M,RUNX1_HUMAN~CD~RUNX1_HUMAN.PEAKS037596.macs.M,11
50,di_11,False,0.8589021028221052,0.2029186210998661,0.8653717524728519,0.169637478805795,0.7980203052259651,0.1070207475829663,RUNX1,di,PEAKS037771,M,RUNX1_HUMAN~CD~RUNX1_HUMAN.PEAKS037771.macs.M,11
51,di_12,False,0.8496976759776049,0.2017068776986104,0.8564275456968552,0.1738128576001494,0.8010534969083487,0.1148578182424241,RUNX1,di,PEAKS037789,M,RUNX1_HUMAN~CD~RUNX1_HUMAN.PEAKS037789.macs.M,11
52,di_13,False,0.8679753889019907,0.2138054579442931,0.8701219056299125,0.1735720366951367,0.7918962964344547,0.1056784193214604,RUNX1,di,PEAKS037794,M,RUNX1_HUMAN~CD~RUNX1_HUMAN.PEAKS037794.macs.M,11
53,di_14,False,0.8577680139576728,0.2152478455561569,0.8621917195274077,0.1653473632487416,0.7792522624859741,0.0996841022036805,RUNX1,di,PEAKS038079,M,RUNX1_HUMAN~CD~RUNX1_HUMAN.PEAKS038079.macs.M,13
54,di_15,False,0.8652403739660579,0.2132599583232448,0.8773399509916602,0.1804549134885062,0.8100536865554946,0.1136067736557895,RUNX1,di,PEAKS038261,M,RUNX1_HUMAN~CD~RUNX1_HUMAN.PEAKS038261.macs.M,11
55,di_16,False,0.8662037892286596,0.2117244584403268,0.8730290104379068,0.1801432217713859,0.8161928204156421,0.1163530472339974,RUNX1,di,PEAKS038262,M,RUNX1_HUMAN~CD~RUNX1_HUMAN.PEAKS038262.macs.M,11
56,di_17,False,0.8497896522810051,0.1971529514290151,0.8578414711408715,0.1633596902072051,0.8097348480733879,0.1170693162004965,RUNX1,di,PEAKS038621,M,RUNX1_HUMAN~CD~RUNX1_HUMAN.PEAKS038621.macs.M,11
57,di_18,False,0.8514161111547833,0.2117754692399864,0.8621249331632472,0.1823505356623508,0.8126404769081099,0.1206916083986297,RUNX1,di,PEAKS038622,M,RUNX1_HUMAN~CD~RUNX1_HUMAN.PEAKS038622.macs.M,11
58,di_19,False,0.8657769235472403,0.2221111272109922,0.8709863468266712,0.1696485642449119,0.7902285551006278,0.1036472306879785,RUNX1,di,PEAKS038698,M,RUNX1_HUMAN~CD~RUNX1_HUMAN.PEAKS038698.macs.M,13
0,mono_0,True,0.7472259222544264,0.0786283742636109,0.7468544633959898,0.0422496788783402,0.7495530317388579,0.1151109983877182,RXRA,mono,PEAKS033797,M,RXRA_HUMAN~CM~RXRA_HUMAN.PEAKS033797.macs.M,16
1,mono_1,True,0.7508114214612812,0.0805862740116412,0.7570584586628363,0.0404516873242032,0.7503873780816726,0.1115625110792907,RXRA,mono,PEAKS033436,M,RXRA_HUMAN~CM~RXRA_HUMAN.PEAKS033436.macs.M,15
2,mono_2,True,0.7204847919110346,0.1010017840902222,0.7005158102372879,0.0699420287471117,0.6900977150792378,0.1086595971713534,RXRA,mono,PEAKS033400,M,RXRA_HUMAN~CM~RXRA_HUMAN.PEAKS033400.macs.M,17
3,mono_3,True,0.7443848052638126,0.1182380591648959,0.7413459894114708,0.091869240448889,0.7006473320114884,0.1175938434520747,RXRA,mono,PEAKS033274,M,RXRA_HUMAN~CM~RXRA_HUMAN.PEAKS033274.macs.M,17
4,mono_4,True,0.7463041219268449,0.0971470661104099,0.7452150898917902,0.066014473802688,0.7014387417809917,0.1100881667488733,RXRA,mono,PEAKS033274,S,RXRA_HUMAN~CM~RXRA_HUMAN.PEAKS033274.macs.S,14
5,mono_5,True,0.748728221267509,0.0555246500284166,0.7457493280444433,0.0337991175288638,0.774194324692744,0.1060226540702676,RXRA,mono,PEAKS033797,S,RXRA_HUMAN~CM~RXRA_HUMAN.PEAKS033797.macs.S,7
6,mono_6,True,0.7527212937650865,0.0716374569195649,0.7474783442899975,0.0378406916396881,0.7601749522532111,0.1030991461945231,RXRA,mono,PEAKS033436,S,RXRA_HUMAN~CM~RXRA_HUMAN.PEAKS033436.macs.S,11
7,mono_7,True,0.5888174485765281,0.0238256290591285,0.6048713111953744,0.0162814574982405,0.6086057245119622,0.042402516718882,RXRA,mono,PEAKS033400,S,RXRA_HUMAN~CM~RXRA_HUMAN.PEAKS033400.macs.S,8
8,mono_8,True,0.735052727236824,0.0488713659098766,0.7233121508582914,0.0279879816060099,0.7431605607878584,0.0813732434320895,RXRA,mono,PEAKS033275,S,RXRA_HUMAN~CM~RXRA_HUMAN.PEAKS033275.macs.S,8
9,di_0,False,0.7456485041773522,0.1172645867959108,0.7397240937555796,0.0866801308010546,0.7049626182735345,0.1170890213254571,RXRA,di,PEAKS033274,M,RXRA_HUMAN~CD~RXRA_HUMAN.PEAKS033274.macs.M,19
10,di_1,False,0.7173441661486648,0.1008076218704261,0.6991036170216638,0.0682075538341723,0.7002945634266886,0.1136416305695556,RXRA,di,PEAKS033400,M,RXRA_HUMAN~CD~RXRA_HUMAN.PEAKS033400.macs.M,19
11,di_2,False,0.7647135284417337,0.0907936926055838,0.7759665599248343,0.0530820847141877,0.7543063355615168,0.115399895905662,RXRA,di,PEAKS033436,M,RXRA_HUMAN~CD~RXRA_HUMAN.PEAKS033436.macs.M,16
12,di_3,False,0.7718587134520329,0.0882981068915963,0.7812152360624633,0.0472210104982761,0.7736318321645698,0.1268008417749761,RXRA,di,PEAKS033797,M,RXRA_HUMAN~CD~RXRA_HUMAN.PEAKS033797.macs.M,17
0,mono_0,True,0.7759633970941036,0.1000250396167846,0.7886092793155863,0.0562125999648605,0.7456083519319612,0.0824646603666836,SOX2,mono,PEAKS039383,S,SOX2_HUMAN~CM~SOX2_HUMAN.PEAKS039383.macs.S,12
1,mono_1,True,0.8113468177766552,0.1022279874959833,0.8126816525049269,0.0590571018853415,0.7987015518756295,0.1025768418481913,SOX2,mono,PEAKS039382,S,SOX2_HUMAN~CM~SOX2_HUMAN.PEAKS039382.macs.S,13
2,mono_2,True,0.8200875554534073,0.1065722498888035,0.8230372003337321,0.0655254126737816,0.8052151686734816,0.1080699314037746,SOX2,mono,PEAKS038158,S,SOX2_HUMAN~CM~SOX2_HUMAN.PEAKS038158.macs.S,11
3,mono_3,True,0.7906732924682434,0.1052986824459297,0.8009600310904677,0.0615359583928772,0.7661589198406793,0.088175859510873,SOX2,mono,PEAKS037909,M,SOX2_HUMAN~CM~SOX2_HUMAN.PEAKS037909.macs.M,14
4,mono_4,True,0.8076243870401674,0.1152006381003801,0.8184229455554295,0.0673068914957128,0.7817977442849402,0.0972640471587491,SOX2,mono,PEAKS037909,S,SOX2_HUMAN~CM~SOX2_HUMAN.PEAKS037909.macs.S,12
5,mono_5,True,0.7969781471749672,0.1031691108870025,0.8077640786727842,0.0619584771849181,0.770935320707697,0.088906652602906,SOX2,mono,PEAKS037908,M,SOX2_HUMAN~CM~SOX2_HUMAN.PEAKS037908.macs.M,13
6,mono_6,True,0.7980951004725549,0.1045300836920494,0.8088574314888186,0.0624281443171637,0.7722183310525139,0.0893462088474436,SOX2,mono,PEAKS037908,S,SOX2_HUMAN~CM~SOX2_HUMAN.PEAKS037908.macs.S,13
7,mono_7,True,0.7616694820732688,0.0838950232841511,0.7734472164602364,0.0509487208404572,0.7389413489592422,0.0755733013528491,SOX2,mono,PEAKS037907,M,SOX2_HUMAN~CM~SOX2_HUMAN.PEAKS037907.macs.M,13
8,mono_8,True,0.7668475865334576,0.0879277989011287,0.7789029461058281,0.0530966391230252,0.7431155057449095,0.0778646057081311,SOX2,mono,PEAKS037907,S,SOX2_HUMAN~CM~SOX2_HUMAN.PEAKS037907.macs.S,13
9,mono_9,True,0.7948340262833811,0.1071630792277709,0.8052330475229547,0.0689927019809457,0.7712558497659482,0.0937497441087008,SOX2,mono,PEAKS037906,M,SOX2_HUMAN~CM~SOX2_HUMAN.PEAKS037906.macs.M,13
10,mono_10,True,0.8254578851794887,0.123648592599248,0.8372854602933678,0.0753247157517285,0.8012508096143424,0.1095518994028819,SOX2,mono,PEAKS037906,S,SOX2_HUMAN~CM~SOX2_HUMAN.PEAKS037906.macs.S,11
11,mono_11,True,0.7996579157277952,0.0918024959517948,0.8112472994963411,0.0592342503097564,0.7788647117442298,0.0891754108071003,SOX2,mono,PEAKS037905,M,SOX2_HUMAN~CM~SOX2_HUMAN.PEAKS037905.macs.M,14
12,mono_12,True,0.8112332586469619,0.0974169438649929,0.8196212269356282,0.0612354044353154,0.7844625279744794,0.0901644499841206,SOX2,mono,PEAKS037905,S,SOX2_HUMAN~CM~SOX2_HUMAN.PEAKS037905.macs.S,13
13,mono_13,True,0.5901614573319177,0.0373027959349645,0.5803220220235318,0.0213773802239758,0.6439666942201894,0.0514480247658121,SOX2,mono,PEAKS037101,S,SOX2_HUMAN~CM~SOX2_HUMAN.PEAKS037101.macs.S,8
14,mono_14,True,0.8073120219100036,0.1230193593617639,0.803731711703654,0.0735385216475919,0.8056492670762957,0.1221875683152663,SOX2,mono,PEAKS035067,M,SOX2_HUMAN~CM~SOX2_HUMAN.PEAKS035067.macs.M,14
15,mono_15,True,0.8330463532193984,0.1391886372696193,0.8368476199271481,0.0829385618333367,0.8128903874943745,0.1210266158782538,SOX2,mono,PEAKS035067,S,SOX2_HUMAN~CM~SOX2_HUMAN.PEAKS035067.macs.S,12
16,mono_16,True,0.825879256450067,0.1195660817001601,0.8362646471975491,0.0728327804665187,0.7929580165443596,0.0999152135469634,SOX2,mono,PEAKS035065,M,SOX2_HUMAN~CM~SOX2_HUMAN.PEAKS035065.macs.M,13
17,mono_17,True,0.8308964841282889,0.1214406654622834,0.8409771357871411,0.0734703084143996,0.7985667038639224,0.1019083854542298,SOX2,mono,PEAKS035065,S,SOX2_HUMAN~CM~SOX2_HUMAN.PEAKS035065.macs.S,13
18,mono_18,True,0.8266464499741282,0.1325770546390879,0.8391559336723754,0.0804436950788318,0.7984753922550109,0.1115706116850442,SOX2,mono,PEAKS035063,M,SOX2_HUMAN~CM~SOX2_HUMAN.PEAKS035063.macs.M,11
19,mono_19,True,0.8278934715378377,0.1328556929761433,0.8407686546554509,0.0811444502947475,0.799486533674997,0.1123535597800005,SOX2,mono,PEAKS035063,S,SOX2_HUMAN~CM~SOX2_HUMAN.PEAKS035063.macs.S,11
20,mono_20,True,0.8379770188236918,0.1349987433156908,0.8497995234641386,0.0852056964404374,0.8047932901049176,0.11299344851638,SOX2,mono,PEAKS035061,M,SOX2_HUMAN~CM~SOX2_HUMAN.PEAKS035061.macs.M,10
21,mono_21,True,0.8369054578989314,0.1343336944796897,0.8490473560709721,0.0836726647499751,0.8020168650520302,0.1113589562750737,SOX2,mono,PEAKS035061,S,SOX2_HUMAN~CM~SOX2_HUMAN.PEAKS035061.macs.S,10
22,mono_22,True,0.8196445315302326,0.1459469336409971,0.83207126216026,0.0908400346699892,0.7797454083585142,0.1073188836355435,SOX2,mono,PEAKS034976,M,SOX2_HUMAN~CM~SOX2_HUMAN.PEAKS034976.macs.M,11
23,mono_23,True,0.8217649929215646,0.1471085355927531,0.8346857616189907,0.0909944296232044,0.7837516299439439,0.1081558011568402,SOX2,mono,PEAKS034976,S,SOX2_HUMAN~CM~SOX2_HUMAN.PEAKS034976.macs.S,11
24,mono_24,True,0.8051834825692303,0.0999331443831481,0.7980612295570781,0.057506324722733,0.7974985672168187,0.1035905115074211,SOX2,mono,PEAKS034934,S,SOX2_HUMAN~CM~SOX2_HUMAN.PEAKS034934.macs.S,13
25,mono_25,True,0.7182405450881368,0.0918497337901531,0.7040043619093435,0.0535084410576933,0.7825758366321023,0.132058879857571,SOX2,mono,PEAKS039382,M,SOX2_HUMAN~CM~SOX2_HUMAN.PEAKS039382.macs.M,16
26,mono_26,True,0.6497673155528024,0.0887796328418247,0.6263803870378647,0.0562865862814365,0.738432705878391,0.1253457917376216,SOX2,mono,PEAKS038158,M,SOX2_HUMAN~CM~SOX2_HUMAN.PEAKS038158.macs.M,16
27,mono_27,True,0.6493799083418678,0.0916566556942481,0.616852545289474,0.0601446121574505,0.7365271229223879,0.1262453475641502,SOX2,mono,PEAKS037101,M,SOX2_HUMAN~CM~SOX2_HUMAN.PEAKS037101.macs.M,16
28,mono_28,True,0.6741409320194209,0.0943875872341579,0.6575158038947232,0.0603669394108997,0.7579494829122236,0.1316224388092645,SOX2,mono,PEAKS034934,M,SOX2_HUMAN~CM~SOX2_HUMAN.PEAKS034934.macs.M,16
29,mono_29,True,0.6436968245198521,0.0907756869665517,0.6096771550246326,0.0550178643958933,0.7373525659983406,0.1252681081324449,SOX2,mono,PEAKS033277,M,SOX2_HUMAN~CM~SOX2_HUMAN.PEAKS033277.macs.M,16
30,di_0,False,0.6495532455108395,0.0954372753928891,0.6178725292591132,0.0582481903790636,0.7407964619746079,0.1279536902665291,SOX2,di,PEAKS033277,M,SOX2_HUMAN~CD~SOX2_HUMAN.PEAKS033277.macs.M,18
31,di_1,False,0.681499139064377,0.1029794075935544,0.6645279621480966,0.0641985273549231,0.7639445465455537,0.1363967019289986,SOX2,di,PEAKS034934,M,SOX2_HUMAN~CD~SOX2_HUMAN.PEAKS034934.macs.M,18
32,di_2,False,0.831791472120302,0.1647369246842104,0.8431471883316897,0.0998252512680753,0.7895853236161243,0.1144127501809447,SOX2,di,PEAKS034976,M,SOX2_HUMAN~CD~SOX2_HUMAN.PEAKS034976.macs.M,13
33,di_3,False,0.8412280763016289,0.1288495497463665,0.8526417150845484,0.0847321504502164,0.8060733401298689,0.1073752127843118,SOX2,di,PEAKS035061,M,SOX2_HUMAN~CD~SOX2_HUMAN.PEAKS035061.macs.M,13
34,di_4,False,0.8305224507335079,0.1389625510366088,0.8472529417881975,0.0891280444100158,0.7996311585950152,0.1126792046256396,SOX2,di,PEAKS035063,M,SOX2_HUMAN~CD~SOX2_HUMAN.PEAKS035063.macs.M,13
35,di_5,False,0.8515961921585822,0.1464713741842701,0.8624832223230404,0.0913466861042702,0.8173016259639907,0.1190335051402794,SOX2,di,PEAKS035065,M,SOX2_HUMAN~CD~SOX2_HUMAN.PEAKS035065.macs.M,12
36,di_6,False,0.798846081471867,0.1336025687940435,0.7883249772409274,0.083425568279503,0.8219957443584162,0.153598198054331,SOX2,di,PEAKS035067,M,SOX2_HUMAN~CD~SOX2_HUMAN.PEAKS035067.macs.M,18
37,di_7,False,0.6611021272976164,0.0984728735896268,0.6336700820490919,0.064098897769687,0.7444268516732643,0.1310082387182235,SOX2,di,PEAKS037101,M,SOX2_HUMAN~CD~SOX2_HUMAN.PEAKS037101.macs.M,18
38,di_8,False,0.8315130825097787,0.1156300933205064,0.8404899976952057,0.0743185378074638,0.8089113561843881,0.1105722728353611,SOX2,di,PEAKS037905,M,SOX2_HUMAN~CD~SOX2_HUMAN.PEAKS037905.macs.M,14
39,di_9,False,0.8297425379613402,0.1360103417028806,0.8416964821322868,0.0849625830979542,0.8014796016679064,0.1078431289654703,SOX2,di,PEAKS037906,M,SOX2_HUMAN~CD~SOX2_HUMAN.PEAKS037906.macs.M,14
40,di_10,False,0.7882644058798628,0.1016479760502149,0.8006733122012004,0.0644415680962357,0.7666816182796192,0.0878371826893773,SOX2,di,PEAKS037907,M,SOX2_HUMAN~CD~SOX2_HUMAN.PEAKS037907.macs.M,14
41,di_11,False,0.8363819659236055,0.1349925248920216,0.8519934530785587,0.0861955066057839,0.8104791628015197,0.1128110818793695,SOX2,di,PEAKS037908,M,SOX2_HUMAN~CD~SOX2_HUMAN.PEAKS037908.macs.M,12
42,di_12,False,0.8272052967134038,0.1356297663471652,0.839092046854097,0.0828701692919005,0.8052885213555108,0.1101922150983082,SOX2,di,PEAKS037909,M,SOX2_HUMAN~CD~SOX2_HUMAN.PEAKS037909.macs.M,14
43,di_13,False,0.6628046385644448,0.0973386878223843,0.6403549559738408,0.0640548767180107,0.7493874504419279,0.1315411549003046,SOX2,di,PEAKS038158,M,SOX2_HUMAN~CD~SOX2_HUMAN.PEAKS038158.macs.M,18
44,di_14,False,0.7209190179872198,0.1047484880459013,0.7008027352696252,0.0661553995471102,0.7875675927711803,0.1409617000275023,SOX2,di,PEAKS039382,M,SOX2_HUMAN~CD~SOX2_HUMAN.PEAKS039382.macs.M,18
45,di_15,False,0.7711026516261715,0.1024875251950901,0.7814466346606321,0.0593155614124904,0.7371780044820396,0.0789116239529373,SOX2,di,PEAKS039383,M,SOX2_HUMAN~CD~SOX2_HUMAN.PEAKS039383.macs.M,14
0,mono_0,True,0.908518678527544,0.5604271060528008,0.9258473402137026,0.5454406792560215,0.9344614230880934,0.4385712117199916,SPI1,mono,PEAKS033363,S,SPI1_HUMAN~CM~SPI1_HUMAN.PEAKS033363.macs.S,14
1,mono_1,True,0.9030372094610818,0.5554521823944886,0.9209463374643704,0.5427685622230156,0.9306117584060516,0.4320989262580103,SPI1,mono,PEAKS033363,M,SPI1_HUMAN~CM~SPI1_HUMAN.PEAKS033363.macs.M,15
2,mono_2,True,0.9192152817468352,0.502213840778185,0.9349200475963326,0.4955791754556283,0.9310816243448758,0.389536590249409,SPI1,mono,PEAKS033375,S,SPI1_HUMAN~CM~SPI1_HUMAN.PEAKS033375.macs.S,13
3,mono_3,True,0.9202989884984958,0.5189441828013053,0.9352315471219168,0.5156264741573952,0.933825768161956,0.3966786505145548,SPI1,mono,PEAKS033375,M,SPI1_HUMAN~CM~SPI1_HUMAN.PEAKS033375.macs.M,15
4,mono_4,True,0.9142803344522544,0.5283232460339632,0.9329203746477296,0.5287350295237164,0.934847702279898,0.4153023205797391,SPI1,mono,PEAKS033658,S,SPI1_HUMAN~CM~SPI1_HUMAN.PEAKS033658.macs.S,13
5,mono_5,True,0.9024868608379196,0.5337187338196497,0.9214609764085596,0.5308208261821141,0.9308366948738598,0.4201837252139698,SPI1,mono,PEAKS033658,M,SPI1_HUMAN~CM~SPI1_HUMAN.PEAKS033658.macs.M,15
6,mono_6,True,0.9099895163530392,0.5346594790796748,0.92109549720858,0.5265725282543153,0.9162140081057176,0.3339519306293386,SPI1,mono,PEAKS033801,S,SPI1_HUMAN~CM~SPI1_HUMAN.PEAKS033801.macs.S,17
7,mono_7,True,0.9100278787893056,0.5356332843876725,0.9213179507182584,0.5277958592458991,0.9163962791588008,0.3348152840495446,SPI1,mono,PEAKS033801,M,SPI1_HUMAN~CM~SPI1_HUMAN.PEAKS033801.macs.M,17
8,mono_8,True,0.8695301797963344,0.2792908675764898,0.879039159996442,0.2421637039323611,0.8827793289350353,0.2180097206414488,SPI1,mono,PEAKS034928,S,SPI1_HUMAN~CM~SPI1_HUMAN.PEAKS034928.macs.S,12
9,mono_9,True,0.8497523363165997,0.2391878355118535,0.8586095912197773,0.2046166244283237,0.8669988567505841,0.1846394760277861,SPI1,mono,PEAKS034928,M,SPI1_HUMAN~CM~SPI1_HUMAN.PEAKS034928.macs.M,14
10,mono_10,True,0.897832631457532,0.3738754321932408,0.9113851099390944,0.3635335929729843,0.9110208421893358,0.2951436197678905,SPI1,mono,PEAKS035070,S,SPI1_HUMAN~CM~SPI1_HUMAN.PEAKS035070.macs.S,12
11,mono_11,True,0.902539342865348,0.4061821062851953,0.917646146942292,0.3974891504694892,0.9159702347555744,0.3196957274921484,SPI1,mono,PEAKS035070,M,SPI1_HUMAN~CM~SPI1_HUMAN.PEAKS035070.macs.M,13
12,mono_12,True,0.9010425284948236,0.3796302453783121,0.9155843891893956,0.3699562104653613,0.9135779191804512,0.2936453404917203,SPI1,mono,PEAKS035071,S,SPI1_HUMAN~CM~SPI1_HUMAN.PEAKS035071.macs.S,13
13,mono_13,True,0.901705502878907,0.3818655235012821,0.916206533562386,0.3713451509110201,0.9142022706570384,0.2955669005971217,SPI1,mono,PEAKS035071,M,SPI1_HUMAN~CM~SPI1_HUMAN.PEAKS035071.macs.M,13
14,mono_14,True,0.916031240025046,0.5498331458779315,0.930723814926139,0.5326712616605501,0.9237506118892658,0.3641816790232275,SPI1,mono,PEAKS035166,S,SPI1_HUMAN~CM~SPI1_HUMAN.PEAKS035166.macs.S,15
15,mono_15,True,0.9141750083565984,0.5543178433504181,0.9286453561891344,0.5348421417134873,0.9249017510132148,0.3705822110794198,SPI1,mono,PEAKS035166,M,SPI1_HUMAN~CM~SPI1_HUMAN.PEAKS035166.macs.M,17
16,mono_16,True,0.921477548291723,0.5602374961345543,0.935537059810886,0.54744637399423,0.9290242513102482,0.3714608640527905,SPI1,mono,PEAKS035170,S,SPI1_HUMAN~CM~SPI1_HUMAN.PEAKS035170.macs.S,15
17,mono_17,True,0.91970418230096,0.5626892320831728,0.9326394636043028,0.5515599957650102,0.9300494059327516,0.3773800624735729,SPI1,mono,PEAKS035170,M,SPI1_HUMAN~CM~SPI1_HUMAN.PEAKS035170.macs.M,16
18,mono_18,True,0.9216893890031872,0.5337324557325179,0.9279467324320124,0.5150819668386432,0.9194871427345574,0.3352670881306114,SPI1,mono,PEAKS035173,S,SPI1_HUMAN~CM~SPI1_HUMAN.PEAKS035173.macs.S,16
19,mono_19,True,0.9211133978635356,0.53661543745196,0.9278169399406764,0.5197628802701281,0.9197270147130656,0.333948313999169,SPI1,mono,PEAKS035173,M,SPI1_HUMAN~CM~SPI1_HUMAN.PEAKS035173.macs.M,17
20,mono_20,True,0.9243828581449764,0.5639001275529077,0.9375362502139152,0.5440837644702397,0.9305893272518448,0.3803447030254318,SPI1,mono,PEAKS035176,S,SPI1_HUMAN~CM~SPI1_HUMAN.PEAKS035176.macs.S,15
21,mono_21,True,0.9245346363349608,0.5728433458212626,0.937466751383131,0.5520927910784146,0.9330882592509472,0.3877764313435077,SPI1,mono,PEAKS035176,M,SPI1_HUMAN~CM~SPI1_HUMAN.PEAKS035176.macs.M,16
22,mono_22,True,0.90774093697477,0.5178030807731667,0.9151709171516358,0.4921591359808252,0.907065411094536,0.3215066276132983,SPI1,mono,PEAKS035179,S,SPI1_HUMAN~CM~SPI1_HUMAN.PEAKS035179.macs.S,16
23,mono_23,True,0.904493067789668,0.5141683839398518,0.9099313964139372,0.4889227602570488,0.9035758693184068,0.3161072868713993,SPI1,mono,PEAKS035179,M,SPI1_HUMAN~CM~SPI1_HUMAN.PEAKS035179.macs.M,17
24,mono_24,True,0.9171547081781676,0.5159477706326955,0.9349543655832664,0.5103314199308242,0.931051267013426,0.3963887186567755,SPI1,mono,PEAKS037298,S,SPI1_HUMAN~CM~SPI1_HUMAN.PEAKS037298.macs.S,13
25,mono_25,True,0.9133856782026958,0.5306471588688051,0.9300575258118532,0.5206278493250237,0.9304362648351794,0.4039895559319771,SPI1,mono,PEAKS037298,M,SPI1_HUMAN~CM~SPI1_HUMAN.PEAKS037298.macs.M,15
26,mono_26,True,0.9136180648472038,0.5089731859468662,0.9321906471479215,0.5120319615226817,0.9291957314618016,0.3951348695409561,SPI1,mono,PEAKS037299,S,SPI1_HUMAN~CM~SPI1_HUMAN.PEAKS037299.macs.S,13
27,mono_27,True,0.9131963056773084,0.5256096461179405,0.9311882241475554,0.5292764520445042,0.9310303456151235,0.4061638110715733,SPI1,mono,PEAKS037299,M,SPI1_HUMAN~CM~SPI1_HUMAN.PEAKS037299.macs.M,15
28,mono_28,True,0.9140003304975826,0.5332236444196745,0.924989423255314,0.5249232300260553,0.9171035934467782,0.33061451009961,SPI1,mono,PEAKS038175,S,SPI1_HUMAN~CM~SPI1_HUMAN.PEAKS038175.macs.S,17
29,mono_29,True,0.9146180394243127,0.5337699686928011,0.9251784134562364,0.526035420102498,0.9178576869001572,0.3315137060368846,SPI1,mono,PEAKS038175,M,SPI1_HUMAN~CM~SPI1_HUMAN.PEAKS038175.macs.M,17
30,mono_30,True,0.9083257001887884,0.5514925246247118,0.9237960062630816,0.5423819382385006,0.9260859410685288,0.3856071054356109,SPI1,mono,PEAKS038365,S,SPI1_HUMAN~CM~SPI1_HUMAN.PEAKS038365.macs.S,16
31,mono_31,True,0.89991981408334,0.5522702529485811,0.9174592096047444,0.5436622191359674,0.9233750440599876,0.3958287422488543,SPI1,mono,PEAKS038365,M,SPI1_HUMAN~CM~SPI1_HUMAN.PEAKS038365.macs.M,17
32,mono_32,True,0.9153442621947488,0.5634294224913772,0.9313553975634098,0.5497086851792524,0.931933269911154,0.397778574490144,SPI1,mono,PEAKS038367,S,SPI1_HUMAN~CM~SPI1_HUMAN.PEAKS038367.macs.S,15
33,mono_33,True,0.9034722469127666,0.5607902152072032,0.9219240729424396,0.549027260075881,0.9267449771614146,0.4040912836164104,SPI1,mono,PEAKS038367,M,SPI1_HUMAN~CM~SPI1_HUMAN.PEAKS038367.macs.M,17
34,mono_34,True,0.9073768326844218,0.5166531309763471,0.927807064113884,0.5188828300765614,0.9288378214563888,0.4033680068871774,SPI1,mono,PEAKS038610,S,SPI1_HUMAN~CM~SPI1_HUMAN.PEAKS038610.macs.S,13
35,mono_35,True,0.8993394836328369,0.5185628408891935,0.9198998924037872,0.5118084459261157,0.925472406236386,0.4021316325896292,SPI1,mono,PEAKS038610,M,SPI1_HUMAN~CM~SPI1_HUMAN.PEAKS038610.macs.M,16
36,mono_36,True,0.9044938742602644,0.5342035897037323,0.9240674708634892,0.5334798226031302,0.9307142808815958,0.4186262294305119,SPI1,mono,PEAKS038611,S,SPI1_HUMAN~CM~SPI1_HUMAN.PEAKS038611.macs.S,14
37,mono_37,True,0.9020696307089692,0.5332384606045687,0.9204602177814868,0.5318896911451251,0.9296634340057292,0.4187011233851913,SPI1,mono,PEAKS038611,M,SPI1_HUMAN~CM~SPI1_HUMAN.PEAKS038611.macs.M,15
38,mono_38,True,0.8881547444293267,0.4598463401729178,0.9052536364225532,0.4460614094591656,0.9034471268597604,0.3562601551983407,SPI1,mono,PEAKS038612,S,SPI1_HUMAN~CM~SPI1_HUMAN.PEAKS038612.macs.S,13
39,mono_39,True,0.8707911500091804,0.4287996239123374,0.8867264749463483,0.4231938543722847,0.8939573553776289,0.3255047056431507,SPI1,mono,PEAKS038612,M,SPI1_HUMAN~CM~SPI1_HUMAN.PEAKS038612.macs.M,17
40,mono_40,True,0.9112278820848656,0.5194632052125642,0.9308454941088382,0.5088726101204699,0.9288640769185073,0.3921496263810214,SPI1,mono,PEAKS038613,S,SPI1_HUMAN~CM~SPI1_HUMAN.PEAKS038613.macs.S,13
41,mono_41,True,0.9045877511098976,0.5231725371306623,0.9238535436887438,0.5202945050359514,0.92810246174867,0.404740391746927,SPI1,mono,PEAKS038613,M,SPI1_HUMAN~CM~SPI1_HUMAN.PEAKS038613.macs.M,15
42,di_0,False,0.9174324360779068,0.5805012360030418,0.9348545563474356,0.5784380195293574,0.9410496047802612,0.4514006103316319,SPI1,di,PEAKS033363,M,SPI1_HUMAN~CD~SPI1_HUMAN.PEAKS033363.macs.M,17
43,di_1,False,0.9283931692458348,0.5395339096688105,0.943726066761865,0.5395299801112424,0.9398124301970984,0.4070773570003784,SPI1,di,PEAKS033375,M,SPI1_HUMAN~CD~SPI1_HUMAN.PEAKS033375.macs.M,16
44,di_2,False,0.9180829605427316,0.5548082098671834,0.9355116157552732,0.5520030275550878,0.939706815601526,0.4312440355588879,SPI1,di,PEAKS033658,M,SPI1_HUMAN~CD~SPI1_HUMAN.PEAKS033658.macs.M,17
45,di_3,False,0.9206273199564986,0.5843211626735201,0.9364685118075304,0.5928205734669781,0.9292738399186788,0.372475559567034,SPI1,di,PEAKS033801,M,SPI1_HUMAN~CD~SPI1_HUMAN.PEAKS033801.macs.M,19
46,di_4,False,0.8759143370981183,0.3032995231022671,0.8861244829851321,0.2750483228862016,0.8923918475821464,0.2322702180947871,SPI1,di,PEAKS034928,M,SPI1_HUMAN~CD~SPI1_HUMAN.PEAKS034928.macs.M,15
47,di_5,False,0.916377602668462,0.4498593273007471,0.9308927426814112,0.4431684669477104,0.9283117173164004,0.3447363292200351,SPI1,di,PEAKS035070,M,SPI1_HUMAN~CD~SPI1_HUMAN.PEAKS035070.macs.M,14
48,di_6,False,0.9166729345078082,0.4349676773286552,0.929407226131423,0.4158475193229662,0.9254160792551716,0.3226009891299372,SPI1,di,PEAKS035071,M,SPI1_HUMAN~CD~SPI1_HUMAN.PEAKS035071.macs.M,15
49,di_7,False,0.9277015385556971,0.6072728106153025,0.9418257859334268,0.601525815977206,0.9388525756115592,0.412971465645944,SPI1,di,PEAKS035166,M,SPI1_HUMAN~CD~SPI1_HUMAN.PEAKS035166.macs.M,19
50,di_8,False,0.9299315107317556,0.6100080671869218,0.9436029194955968,0.6089122300295008,0.9400093992990006,0.4128056634525633,SPI1,di,PEAKS035170,M,SPI1_HUMAN~CD~SPI1_HUMAN.PEAKS035170.macs.M,18
51,di_9,False,0.9360763913147871,0.5863249224438373,0.943832697065642,0.5777964952193692,0.9358540188649356,0.3662727415711165,SPI1,di,PEAKS035173,M,SPI1_HUMAN~CD~SPI1_HUMAN.PEAKS035173.macs.M,19
52,di_10,False,0.9338330198628106,0.6166773873213237,0.9449407321168366,0.6022624667270297,0.9418384861516323,0.4191745456136212,SPI1,di,PEAKS035176,M,SPI1_HUMAN~CD~SPI1_HUMAN.PEAKS035176.macs.M,18
53,di_11,False,0.9159471022612248,0.5651590278399462,0.9271941330898644,0.5608318072456121,0.9166166147407888,0.3545005399297026,SPI1,di,PEAKS035179,M,SPI1_HUMAN~CD~SPI1_HUMAN.PEAKS035179.macs.M,19
54,di_12,False,0.9221984616797,0.5612449418787032,0.9394288921005522,0.5516515343016504,0.9377802330723836,0.4254927700165159,SPI1,di,PEAKS037298,M,SPI1_HUMAN~CD~SPI1_HUMAN.PEAKS037298.macs.M,16
55,di_13,False,0.9260353133371312,0.5469148080000773,0.943187451845632,0.5531090380971572,0.938581126483518,0.4143820732708588,SPI1,di,PEAKS037299,M,SPI1_HUMAN~CD~SPI1_HUMAN.PEAKS037299.macs.M,15
56,di_14,False,0.9252431958457112,0.5816416533440191,0.9384741429671632,0.5851479995861647,0.929863721963326,0.3654044950470675,SPI1,di,PEAKS038175,M,SPI1_HUMAN~CD~SPI1_HUMAN.PEAKS038175.macs.M,19
57,di_15,False,0.9076305392477648,0.5788610045234447,0.9240308873659788,0.5773913155793519,0.929569853232386,0.4146951959206297,SPI1,di,PEAKS038365,M,SPI1_HUMAN~CD~SPI1_HUMAN.PEAKS038365.macs.M,19
58,di_16,False,0.9180249205534656,0.5958521852178541,0.9342784460043444,0.5947209969191072,0.9373267234550952,0.4280331022587114,SPI1,di,PEAKS038367,M,SPI1_HUMAN~CD~SPI1_HUMAN.PEAKS038367.macs.M,19
59,di_17,False,0.9148768571657244,0.545117185582577,0.9335547053411514,0.5407237103874517,0.9361464958283277,0.4207260600695734,SPI1,di,PEAKS038610,M,SPI1_HUMAN~CD~SPI1_HUMAN.PEAKS038610.macs.M,17
60,di_18,False,0.9160830984854548,0.5542255239252101,0.9359433918098964,0.5510537039028265,0.93805832667758,0.4286015930144141,SPI1,di,PEAKS038611,M,SPI1_HUMAN~CD~SPI1_HUMAN.PEAKS038611.macs.M,17
61,di_19,False,0.8895320029471723,0.4700065041756151,0.9074495582025373,0.4597777501300139,0.9074949525736312,0.3462609663381434,SPI1,di,PEAKS038612,M,SPI1_HUMAN~CD~SPI1_HUMAN.PEAKS038612.macs.M,19
62,di_20,False,0.9176791242755652,0.5457547852871237,0.9353444178032032,0.5373278690813083,0.9361343024330354,0.4132003760492702,SPI1,di,PEAKS038613,M,SPI1_HUMAN~CD~SPI1_HUMAN.PEAKS038613.macs.M,17
0,mono_0,True,0.7175889763854999,0.1972056810180148,0.7143643124119194,0.1529302176752401,0.7361784583789839,0.085027248609727,SRF,mono,PEAKS033502,S,SRF_HUMAN~CM~SRF_HUMAN.PEAKS033502.macs.S,12
1,mono_1,True,0.7716872628101524,0.3331962236031541,0.7641494271766909,0.236772031326088,0.7903171618676719,0.1592597631387298,SRF,mono,PEAKS033502,M,SRF_HUMAN~CM~SRF_HUMAN.PEAKS033502.macs.M,13
2,mono_2,True,0.7625291476472121,0.2637395590083783,0.7461998168903838,0.1805692045342126,0.7717048833558531,0.1115414070412878,SRF,mono,PEAKS033569,M,SRF_HUMAN~CM~SRF_HUMAN.PEAKS033569.macs.M,13
3,mono_3,True,0.7876277628605813,0.3725475172698892,0.7805279306133688,0.2687609775103449,0.800088904428804,0.1874125209012994,SRF,mono,PEAKS033584,S,SRF_HUMAN~CM~SRF_HUMAN.PEAKS033584.macs.S,11
4,mono_4,True,0.7752015108199347,0.3591425781655462,0.7695827623870004,0.2728647571648334,0.7943590789581345,0.1759811804397336,SRF,mono,PEAKS033584,M,SRF_HUMAN~CM~SRF_HUMAN.PEAKS033584.macs.M,13
5,mono_5,True,0.7758337882788068,0.2621396492497901,0.7634064066743648,0.1777330029646585,0.7804478045493037,0.1096712515574839,SRF,mono,PEAKS033617,M,SRF_HUMAN~CM~SRF_HUMAN.PEAKS033617.macs.M,10
6,mono_6,True,0.7884837460653273,0.3212282816985706,0.7726668020245329,0.2608140376635002,0.79405842074396,0.1449683195340327,SRF,mono,PEAKS033618,M,SRF_HUMAN~CM~SRF_HUMAN.PEAKS033618.macs.M,17
7,mono_7,True,0.7556031387279333,0.2009457155929664,0.7237157161187462,0.1447499592575274,0.7484421565432544,0.0687080560593574,SRF,mono,PEAKS033726,M,SRF_HUMAN~CM~SRF_HUMAN.PEAKS033726.macs.M,16
8,mono_8,True,0.7273091827403715,0.2036847880436592,0.7302718850755301,0.147743503234163,0.7290397763344852,0.0793298753972487,SRF,mono,PEAKS033903,M,SRF_HUMAN~CM~SRF_HUMAN.PEAKS033903.macs.M,13
9,mono_9,True,0.7549768555394265,0.3316052295844434,0.7477924454282984,0.2397195188301633,0.776772809161008,0.1458940929700082,SRF,mono,PEAKS033904,M,SRF_HUMAN~CM~SRF_HUMAN.PEAKS033904.macs.M,13
10,mono_10,True,0.7141195743218183,0.1941472548362222,0.7154569113434971,0.1435549964009141,0.7455531681524417,0.0858649564034906,SRF,mono,PEAKS033946,S,SRF_HUMAN~CM~SRF_HUMAN.PEAKS033946.macs.S,12
11,mono_11,True,0.7844081168033018,0.3386174226859673,0.7700530174722944,0.2264321820895179,0.8020234484626421,0.1513836980393322,SRF,mono,PEAKS033946,M,SRF_HUMAN~CM~SRF_HUMAN.PEAKS033946.macs.M,12
12,mono_12,True,0.7588383925958873,0.2386757027872717,0.7515561502499696,0.1664331756272832,0.7619609324226707,0.0971988545631,SRF,mono,PEAKS034042,M,SRF_HUMAN~CM~SRF_HUMAN.PEAKS034042.macs.M,14
13,mono_13,True,0.7740040970580608,0.1844917796195948,0.7679894168528899,0.1280561150147635,0.7563702076867153,0.0594191743100643,SRF,mono,PEAKS034043,M,SRF_HUMAN~CM~SRF_HUMAN.PEAKS034043.macs.M,13
14,di_0,False,0.785534462369515,0.3863645191115124,0.7685759699014085,0.3026321705634941,0.8025218047848655,0.1931456666092469,SRF,di,PEAKS033502,M,SRF_HUMAN~CD~SRF_HUMAN.PEAKS033502.macs.M,18
15,di_1,False,0.7697419923736546,0.2870775107474207,0.7560990027403183,0.2304511884436379,0.7652786711693953,0.1177646304150905,SRF,di,PEAKS033569,M,SRF_HUMAN~CD~SRF_HUMAN.PEAKS033569.macs.M,19
16,di_2,False,0.7778536551431058,0.4342977459207985,0.7641730703475477,0.3507017813076499,0.8072233544117123,0.2451677899404019,SRF,di,PEAKS033584,M,SRF_HUMAN~CD~SRF_HUMAN.PEAKS033584.macs.M,21
17,di_3,False,0.799469584015146,0.321841027570207,0.7887761132227518,0.2680494097042227,0.8009711905004061,0.1446465329642642,SRF,di,PEAKS033617,M,SRF_HUMAN~CD~SRF_HUMAN.PEAKS033617.macs.M,18
18,di_4,False,0.8078864799869437,0.362410395299316,0.8026269542675513,0.2879009742054766,0.8051451963162712,0.1646028312402775,SRF,di,PEAKS033618,M,SRF_HUMAN~CD~SRF_HUMAN.PEAKS033618.macs.M,18
19,di_5,False,0.8080286745700429,0.2363991502355919,0.7994406290739325,0.1340447533878136,0.7699253348166419,0.0615383692098159,SRF,di,PEAKS033726,M,SRF_HUMAN~CD~SRF_HUMAN.PEAKS033726.macs.M,21
20,di_6,False,0.7965895855189249,0.2695186063122517,0.8015289911422113,0.1923321229716464,0.7858675566134457,0.0904834360885153,SRF,di,PEAKS033903,M,SRF_HUMAN~CD~SRF_HUMAN.PEAKS033903.macs.M,21
21,di_7,False,0.7600307806572073,0.3734190782839585,0.7565840550927838,0.30222088179083,0.7832165081997914,0.1843116380277502,SRF,di,PEAKS033904,M,SRF_HUMAN~CD~SRF_HUMAN.PEAKS033904.macs.M,18
22,di_8,False,0.7920404104498333,0.3849937765611986,0.777333444055643,0.2952974773184058,0.8051019664939403,0.1876338691120604,SRF,di,PEAKS033946,M,SRF_HUMAN~CD~SRF_HUMAN.PEAKS033946.macs.M,18
23,di_9,False,0.779096696948573,0.2842925567805632,0.7792119003240031,0.2075796859152898,0.7769655112124227,0.1214813775137664,SRF,di,PEAKS034042,M,SRF_HUMAN~CD~SRF_HUMAN.PEAKS034042.macs.M,15
24,di_10,False,0.7951607911622715,0.2553917528340267,0.782960433152096,0.185560620073483,0.7669244080697217,0.0779292976319353,SRF,di,PEAKS034043,M,SRF_HUMAN~CD~SRF_HUMAN.PEAKS034043.macs.M,18
0,mono_0,True,0.6720017742911025,0.0404029169594153,0.6879810434447126,0.0571159997708979,0.7974489318564105,0.1358799104870906,STA5A,mono,PEAKS037770,M,STA5A_HUMAN~CM~STA5A_HUMAN.PEAKS037770.macs.M,22
1,mono_1,True,0.5257020971808338,0.0120129032969696,0.5247572994381505,0.0109083677153126,0.5908173786511454,0.0422633712282886,STA5A,mono,PEAKS035026,S,STA5A_HUMAN~CM~STA5A_HUMAN.PEAKS035026.macs.S,8
2,mono_2,True,0.7298536178768573,0.0718529381948887,0.7307019556116304,0.0614708162350086,0.8920558765418913,0.2444888764529757,STA5A,mono,PEAKS035025,M,STA5A_HUMAN~CM~STA5A_HUMAN.PEAKS035025.macs.M,10
3,mono_3,True,0.5701125200269136,0.0144448019102662,0.5802533970779655,0.014289957281113,0.6042653758610563,0.0423903532906165,STA5A,mono,PEAKS035025,S,STA5A_HUMAN~CM~STA5A_HUMAN.PEAKS035025.macs.S,10
4,mono_4,True,0.742385810749207,0.0564582637985355,0.7460946159420668,0.0529161482133925,0.8702429393389224,0.2039210040963148,STA5A,mono,PEAKS035024,M,STA5A_HUMAN~CM~STA5A_HUMAN.PEAKS035024.macs.M,12
5,mono_5,True,0.6962833120136092,0.0506253935496764,0.7049486897419455,0.0464534650729161,0.847088028481604,0.1974012955145132,STA5A,mono,PEAKS033614,M,STA5A_HUMAN~CM~STA5A_HUMAN.PEAKS033614.macs.M,13
6,mono_6,True,0.6690759162398949,0.0340146010366907,0.6666745565420796,0.0272107238707792,0.7898175912452609,0.1379663582889661,STA5A,mono,PEAKS033614,S,STA5A_HUMAN~CM~STA5A_HUMAN.PEAKS033614.macs.S,10
7,mono_7,True,0.7356061144773756,0.0703137718831113,0.7386784111111692,0.0613970892447412,0.8970705383603887,0.258404411913689,STA5A,mono,PEAKS033312,M,STA5A_HUMAN~CM~STA5A_HUMAN.PEAKS033312.macs.M,11
8,mono_8,True,0.732515530373749,0.0674120798235979,0.7387024456875921,0.0570450446045059,0.8956346912212314,0.2545689867413966,STA5A,mono,PEAKS033312,S,STA5A_HUMAN~CM~STA5A_HUMAN.PEAKS033312.macs.S,10
9,di_0,False,0.7326659260914452,0.0729209757297045,0.7373774158398807,0.069084209942697,0.9004236715370855,0.2737392963846824,STA5A,di,PEAKS033312,M,STA5A_HUMAN~CD~STA5A_HUMAN.PEAKS033312.macs.M,12
10,di_1,False,0.6648345881475827,0.0376037692512105,0.6876925242561533,0.0476887104949304,0.8029599101564585,0.1562342494097819,STA5A,di,PEAKS033614,M,STA5A_HUMAN~CD~STA5A_HUMAN.PEAKS033614.macs.M,24
11,di_2,False,0.7463582865990596,0.0593375653536322,0.7564524582870629,0.0572161952493009,0.8678417655657606,0.2127474859501371,STA5A,di,PEAKS035024,M,STA5A_HUMAN~CD~STA5A_HUMAN.PEAKS035024.macs.M,13
12,di_3,False,0.733241404173943,0.0797226395817727,0.7414366698469469,0.0681527839840638,0.8960938848320608,0.2689896479419435,STA5A,di,PEAKS035025,M,STA5A_HUMAN~CD~STA5A_HUMAN.PEAKS035025.macs.M,12
13,di_4,False,0.6762621787204561,0.0482449499271429,0.6852359750513103,0.0757893568148867,0.8094429620334276,0.1524983839591506,STA5A,di,PEAKS037770,M,STA5A_HUMAN~CD~STA5A_HUMAN.PEAKS037770.macs.M,25
0,mono_0,True,0.5699177738851198,0.0446172384307418,0.5510206638308108,0.0307738062219521,0.7418649842728251,0.1757737660105599,STAT1,mono,PEAKS033461,M,STAT1_HUMAN~CM~STAT1_HUMAN.PEAKS033461.macs.M,17
1,mono_1,True,0.8931168012289012,0.3131299270440174,0.9004885243046965,0.261393742957431,0.7252411598313944,0.1129586686925491,STAT1,mono,PEAKS033815,M,STAT1_HUMAN~CM~STAT1_HUMAN.PEAKS033815.macs.M,11
2,mono_2,True,0.8981062223481799,0.3001505711418316,0.9105021106058964,0.3152838712946444,0.7290794629838334,0.1165362691428903,STAT1,mono,PEAKS033815,S,STAT1_HUMAN~CM~STAT1_HUMAN.PEAKS033815.macs.S,13
3,mono_3,True,0.9022378518937624,0.3769059327431528,0.9131343828630952,0.3650866780206494,0.7281175026901747,0.1321290277674883,STAT1,mono,PEAKS033724,M,STAT1_HUMAN~CM~STAT1_HUMAN.PEAKS033724.macs.M,15
4,mono_4,True,0.8992630421469043,0.3204118476264651,0.9107122316173084,0.3525172546738426,0.7327619276613627,0.1230288722452179,STAT1,mono,PEAKS033724,S,STAT1_HUMAN~CM~STAT1_HUMAN.PEAKS033724.macs.S,13
5,mono_5,True,0.8897022007898102,0.3172349181353887,0.8979440399734162,0.2791054795225108,0.7145992378369086,0.1078619570238627,STAT1,mono,PEAKS033693,M,STAT1_HUMAN~CM~STAT1_HUMAN.PEAKS033693.macs.M,11
6,mono_6,True,0.7619192943987755,0.0680433644952112,0.7716461974329469,0.0501553160337611,0.6375459472280057,0.050904621246315,STAT1,mono,PEAKS033693,S,STAT1_HUMAN~CM~STAT1_HUMAN.PEAKS033693.macs.S,8
7,mono_7,True,0.9018417199885316,0.369739259965573,0.9155139774789364,0.354904643842141,0.73391939711435,0.13378913455794,STAT1,mono,PEAKS033076,M,STAT1_HUMAN~CM~STAT1_HUMAN.PEAKS033076.macs.M,15
8,mono_8,True,0.8995561126881815,0.3373832272857023,0.9095500798328302,0.3569895984298237,0.7341734630984444,0.1315641879192453,STAT1,mono,PEAKS033076,S,STAT1_HUMAN~CM~STAT1_HUMAN.PEAKS033076.macs.S,15
9,mono_9,True,0.8933072694693629,0.3113828436547982,0.9014052018809104,0.2707583690342277,0.7255525430905491,0.1110657843741996,STAT1,mono,PEAKS033050,M,STAT1_HUMAN~CM~STAT1_HUMAN.PEAKS033050.macs.M,11
10,mono_10,True,0.8853546513076503,0.282779572603531,0.8921745410630137,0.2202684121535036,0.7105348562268788,0.1006647539565271,STAT1,mono,PEAKS033050,S,STAT1_HUMAN~CM~STAT1_HUMAN.PEAKS033050.macs.S,10
11,di_0,False,0.899775929110194,0.363751148064186,0.9097995691720624,0.3500165479093614,0.7287629822416636,0.127183382038738,STAT1,di,PEAKS033050,M,STAT1_HUMAN~CD~STAT1_HUMAN.PEAKS033050.macs.M,16
12,di_1,False,0.902444996531935,0.3777411274999157,0.919109618086505,0.3589534878370026,0.7319562953270551,0.1407776313909973,STAT1,di,PEAKS033076,M,STAT1_HUMAN~CD~STAT1_HUMAN.PEAKS033076.macs.M,17
13,di_2,False,0.5753502845793697,0.0471277818214179,0.5596356315625625,0.033869691797869,0.7450836577461112,0.186732153767395,STAT1,di,PEAKS033461,M,STAT1_HUMAN~CD~STAT1_HUMAN.PEAKS033461.macs.M,19
14,di_3,False,0.8958612698917126,0.3404569380049673,0.9044321533692335,0.334252422202458,0.7070183078323877,0.111555981012553,STAT1,di,PEAKS033693,M,STAT1_HUMAN~CD~STAT1_HUMAN.PEAKS033693.macs.M,25
15,di_4,False,0.9035143056701608,0.3881749472820058,0.9181621599274896,0.36194796446473,0.725122940344979,0.1406671939303472,STAT1,di,PEAKS033724,M,STAT1_HUMAN~CD~STAT1_HUMAN.PEAKS033724.macs.M,17
16,di_5,False,0.9029431094821888,0.3772491318022789,0.9136265088843386,0.3858358271026229,0.7278218337121863,0.1406767375680262,STAT1,di,PEAKS033815,M,STAT1_HUMAN~CD~STAT1_HUMAN.PEAKS033815.macs.M,25
0,mono_0,True,0.7644288059683919,0.0530536616671965,0.7907754706039458,0.0573809474318329,0.7915014015794594,0.1162997476578101,STAT3,mono,PEAKS034549,M,STAT3_HUMAN~CM~STAT3_HUMAN.PEAKS034549.macs.M,13
1,mono_1,True,0.7620649595405669,0.0522580960342192,0.7883490703704628,0.0559672906563982,0.7893483318390783,0.1146164464737378,STAT3,mono,PEAKS034549,S,STAT3_HUMAN~CM~STAT3_HUMAN.PEAKS034549.macs.S,13
2,mono_2,True,0.7989497053481808,0.0696283290179199,0.820615325942236,0.0867213075782167,0.8130208243519066,0.1406693872341241,STAT3,mono,PEAKS033517,M,STAT3_HUMAN~CM~STAT3_HUMAN.PEAKS033517.macs.M,11
3,mono_3,True,0.7947428169420381,0.0659897852436929,0.8167533666831781,0.0674759968648237,0.8107432526435597,0.1371042761868686,STAT3,mono,PEAKS033517,S,STAT3_HUMAN~CM~STAT3_HUMAN.PEAKS033517.macs.S,10
4,mono_4,True,0.7601600186033917,0.0537512320196837,0.7695613240682273,0.0511834676196681,0.7785918925535229,0.1184919384482405,STAT3,mono,PEAKS033481,M,STAT3_HUMAN~CM~STAT3_HUMAN.PEAKS033481.macs.M,9
5,di_0,False,0.7781993609499502,0.0618998019100174,0.7990819240417013,0.0664979347819277,0.7906985764836045,0.1320857350866525,STAT3,di,PEAKS033481,M,STAT3_HUMAN~CD~STAT3_HUMAN.PEAKS033481.macs.M,12
6,di_1,False,0.796809995937867,0.0687714155102783,0.8256303389881179,0.0711797016350717,0.8143951001150894,0.1425048620853165,STAT3,di,PEAKS033517,M,STAT3_HUMAN~CD~STAT3_HUMAN.PEAKS033517.macs.M,12
7,di_2,False,0.7062137682759189,0.0353774229717522,0.7337698642689838,0.0361840109395029,0.7297528837533145,0.0798434323539057,STAT3,di,PEAKS034543,M,STAT3_HUMAN~CD~STAT3_HUMAN.PEAKS034543.macs.M,14
8,di_3,False,0.4834747978500131,0.0124208678448882,0.4879941797710459,0.0111373329140491,0.548361189109106,0.0353646880568699,STAT3,di,PEAKS034546,M,STAT3_HUMAN~CD~STAT3_HUMAN.PEAKS034546.macs.M,24
9,di_4,False,0.7554667677784548,0.0504800243891463,0.7810852303968634,0.0547547423906837,0.7847270396581654,0.114171248878291,STAT3,di,PEAKS034549,M,STAT3_HUMAN~CD~STAT3_HUMAN.PEAKS034549.macs.M,14
0,mono_0,True,0.8086626258579988,0.1392654918837367,0.8391656776038774,0.1310290659651427,0.8965424781285329,0.2636354831612011,TAL1,mono,PEAKS038253,M,TAL1_HUMAN~CM~TAL1_HUMAN.PEAKS038253.macs.M,19
1,mono_1,True,0.7944950115339837,0.138501707117179,0.8293768480376544,0.1289767723035263,0.8827040142621098,0.2663462014753597,TAL1,mono,PEAKS036893,M,TAL1_HUMAN~CM~TAL1_HUMAN.PEAKS036893.macs.M,19
2,mono_2,True,0.7890796548330115,0.138336430316917,0.8184504596828766,0.1254619550263305,0.8770932394121228,0.2636938826393853,TAL1,mono,PEAKS036892,M,TAL1_HUMAN~CM~TAL1_HUMAN.PEAKS036892.macs.M,19
3,mono_3,True,0.811688703593139,0.1405118874590203,0.8415253105984952,0.1301157266678789,0.8987238674667364,0.2672085062465289,TAL1,mono,PEAKS035014,M,TAL1_HUMAN~CM~TAL1_HUMAN.PEAKS035014.macs.M,19
4,mono_4,True,0.7402372507030487,0.0909424755704839,0.778403016407802,0.0889976864822195,0.8147438799895643,0.1423880180753666,TAL1,mono,PEAKS034760,M,TAL1_HUMAN~CM~TAL1_HUMAN.PEAKS034760.macs.M,16
5,mono_5,True,0.7683839618634597,0.1320817732966234,0.7944686202822537,0.1212128032869093,0.8448754794329942,0.2493711992603417,TAL1,mono,PEAKS034759,M,TAL1_HUMAN~CM~TAL1_HUMAN.PEAKS034759.macs.M,20
6,mono_6,True,0.7773045044047946,0.1254590311546531,0.7981418020244468,0.1203385245557757,0.8513190952256717,0.2274410301535164,TAL1,mono,PEAKS034713,M,TAL1_HUMAN~CM~TAL1_HUMAN.PEAKS034713.macs.M,20
7,mono_7,True,0.8052879410984666,0.1393964639442495,0.8381219390802535,0.1292063282537479,0.8950458657274545,0.2665500089132544,TAL1,mono,PEAKS033460,M,TAL1_HUMAN~CM~TAL1_HUMAN.PEAKS033460.macs.M,19
8,mono_8,True,0.8069016441387818,0.1411654867051192,0.8392573429251134,0.1335616198061861,0.8943922711540134,0.2738339186501111,TAL1,mono,PEAKS033229,M,TAL1_HUMAN~CM~TAL1_HUMAN.PEAKS033229.macs.M,19
9,mono_9,True,0.807804990295077,0.1372629013764745,0.8438467182739693,0.1291581400944605,0.8970229492999391,0.2625429010786788,TAL1,mono,PEAKS033211,M,TAL1_HUMAN~CM~TAL1_HUMAN.PEAKS033211.macs.M,19
10,mono_10,True,0.811854983552185,0.1404788472626664,0.8432209564450064,0.1311394554617333,0.8998244337768502,0.2661130076164549,TAL1,mono,PEAKS033208,M,TAL1_HUMAN~CM~TAL1_HUMAN.PEAKS033208.macs.M,19
11,mono_11,True,0.8060145192176387,0.1451692567243053,0.8345321931157693,0.1311232420184407,0.8911198991216628,0.276714165945629,TAL1,mono,PEAKS033184,M,TAL1_HUMAN~CM~TAL1_HUMAN.PEAKS033184.macs.M,20
12,mono_12,True,0.7837958340762123,0.1190733780986834,0.8154550532597153,0.1207404790755518,0.8587883722062789,0.2054521834824979,TAL1,mono,PEAKS033183,M,TAL1_HUMAN~CM~TAL1_HUMAN.PEAKS033183.macs.M,19
13,mono_13,True,0.6598353160805334,0.0636237759880194,0.6713357012218869,0.0487922619769384,0.6285624518653796,0.0531286677004807,TAL1,mono,PEAKS034713,S,TAL1_HUMAN~CM~TAL1_HUMAN.PEAKS034713.macs.S,9
14,mono_14,True,0.6596460826118806,0.0723647276874892,0.66248364779295,0.048785512583367,0.6097354523002,0.0509226871358372,TAL1,mono,PEAKS034468,M,TAL1_HUMAN~CM~TAL1_HUMAN.PEAKS034468.macs.M,15
15,mono_15,True,0.6604342566890891,0.0675746429410713,0.6692452324017022,0.0501220020284771,0.617385449169493,0.0519941186194784,TAL1,mono,PEAKS034468,S,TAL1_HUMAN~CM~TAL1_HUMAN.PEAKS034468.macs.S,12
16,di_0,False,0.8130117314288676,0.1349361342053882,0.8307655336449669,0.1324207151152154,0.8844680462648926,0.2370537302303816,TAL1,di,PEAKS033183,M,TAL1_HUMAN~CD~TAL1_HUMAN.PEAKS033183.macs.M,20
17,di_1,False,0.8367046048842208,0.1615128825817297,0.8627158735441924,0.1473577519835652,0.9186406230106964,0.3107394022998344,TAL1,di,PEAKS033184,M,TAL1_HUMAN~CD~TAL1_HUMAN.PEAKS033184.macs.M,21
18,di_2,False,0.8337510415524388,0.1571093798282679,0.8607682857291963,0.1442718066850047,0.916097166188364,0.3017914040523218,TAL1,di,PEAKS033208,M,TAL1_HUMAN~CD~TAL1_HUMAN.PEAKS033208.macs.M,21
19,di_3,False,0.8320670003655006,0.1540495164537939,0.8624158160622618,0.1428303875658509,0.915266068527698,0.2974888287401381,TAL1,di,PEAKS033211,M,TAL1_HUMAN~CD~TAL1_HUMAN.PEAKS033211.macs.M,21
20,di_4,False,0.8351467501341288,0.1598499471429253,0.8529103941111917,0.1449803436639744,0.9157530277415428,0.3136239666772828,TAL1,di,PEAKS033229,M,TAL1_HUMAN~CD~TAL1_HUMAN.PEAKS033229.macs.M,20
21,di_5,False,0.8294598791268291,0.1558429765971423,0.8585008773872765,0.1406945731603792,0.9166291414905644,0.3021701293561641,TAL1,di,PEAKS033460,M,TAL1_HUMAN~CD~TAL1_HUMAN.PEAKS033460.macs.M,20
22,di_6,False,0.8115736904243259,0.1384920841864587,0.8352087630538207,0.1335242614632229,0.8890594639533872,0.2512982827085229,TAL1,di,PEAKS034468,M,TAL1_HUMAN~CD~TAL1_HUMAN.PEAKS034468.macs.M,19
23,di_7,False,0.8226064881458033,0.1471305420069564,0.839856469303135,0.143476004928156,0.8996965442212367,0.2731959097058933,TAL1,di,PEAKS034713,M,TAL1_HUMAN~CD~TAL1_HUMAN.PEAKS034713.macs.M,21
24,di_8,False,0.8316175246023543,0.1575757577625951,0.8571121484209362,0.1445650071066228,0.9134211740151318,0.3057457108940022,TAL1,di,PEAKS034759,M,TAL1_HUMAN~CD~TAL1_HUMAN.PEAKS034759.macs.M,22
25,di_9,False,0.8287100364019905,0.1560635139470099,0.8528783821407702,0.1380323734743744,0.9118077018871206,0.3011866097999768,TAL1,di,PEAKS034760,M,TAL1_HUMAN~CD~TAL1_HUMAN.PEAKS034760.macs.M,20
26,di_10,False,0.8348741907007662,0.1578571776916596,0.8624822247496489,0.1415947708061261,0.917835866249239,0.3033477798603213,TAL1,di,PEAKS035014,M,TAL1_HUMAN~CD~TAL1_HUMAN.PEAKS035014.macs.M,20
27,di_11,False,0.8290761791220186,0.1607844525040697,0.8559365681006694,0.1458668473555483,0.9127501982781112,0.3123535507485623,TAL1,di,PEAKS036892,M,TAL1_HUMAN~CD~TAL1_HUMAN.PEAKS036892.macs.M,23
28,di_12,False,0.832730918995739,0.1601800896499072,0.8597878340429386,0.1450559810445907,0.9151780504391688,0.3107829137639188,TAL1,di,PEAKS036893,M,TAL1_HUMAN~CD~TAL1_HUMAN.PEAKS036893.macs.M,22
29,di_13,False,0.8309823121044213,0.1538977197021024,0.858935690392536,0.1433844919343769,0.9145498460735716,0.2967512599092917,TAL1,di,PEAKS038253,M,TAL1_HUMAN~CD~TAL1_HUMAN.PEAKS038253.macs.M,21
0,mono_0,True,0.7804998985166088,0.1463560612540991,0.7732812970262766,0.1217879325475698,0.7819647450185852,0.1486228941252837,TF65,mono,PEAKS033071,S,TF65_HUMAN~CM~TF65_HUMAN.PEAKS033071.macs.S,11
1,mono_1,True,0.7830496032597503,0.1580817870796345,0.7825387454248892,0.1351458167406029,0.7952293639837791,0.1593265962797001,TF65,mono,PEAKS033071,M,TF65_HUMAN~CM~TF65_HUMAN.PEAKS033071.macs.M,12
2,mono_2,True,0.7926956933006547,0.1549924669832143,0.7925722577234406,0.1354684475879415,0.7907823425331812,0.1590317429871027,TF65,mono,PEAKS033072,S,TF65_HUMAN~CM~TF65_HUMAN.PEAKS033072.macs.S,12
3,mono_3,True,0.7882625459117945,0.1538240189706683,0.7826887786215657,0.1413708465267034,0.7741409273840232,0.1534010646140172,TF65,mono,PEAKS033072,M,TF65_HUMAN~CM~TF65_HUMAN.PEAKS033072.macs.M,13
4,mono_4,True,0.7974089622044376,0.1597362209891788,0.7981555836358984,0.1397653658651375,0.8036025714891826,0.1712378850680712,TF65,mono,PEAKS033073,S,TF65_HUMAN~CM~TF65_HUMAN.PEAKS033073.macs.S,11
5,mono_5,True,0.7951093380871219,0.1622105820687438,0.7885082011008446,0.138414657364153,0.7972652357044694,0.1617522869951055,TF65,mono,PEAKS033073,M,TF65_HUMAN~CM~TF65_HUMAN.PEAKS033073.macs.M,12
6,mono_6,True,0.727109143967751,0.0705553466855987,0.7406457232648396,0.0795301775674511,0.7716978315742223,0.1221422909526456,TF65,mono,PEAKS033140,S,TF65_HUMAN~CM~TF65_HUMAN.PEAKS033140.macs.S,11
7,mono_7,True,0.7675796547464474,0.1575148268391867,0.7796053484411087,0.14469921955992,0.8045391099093339,0.18805710993449,TF65,mono,PEAKS033140,M,TF65_HUMAN~CM~TF65_HUMAN.PEAKS033140.macs.M,11
8,mono_8,True,0.7758016957069852,0.1308121248222037,0.7705464883101483,0.1409801455898874,0.7991687593579271,0.1788241010767567,TF65,mono,PEAKS033213,S,TF65_HUMAN~CM~TF65_HUMAN.PEAKS033213.macs.S,10
9,mono_9,True,0.7835329137758577,0.1638518143038308,0.7850323005353175,0.1452318085096734,0.8071710496865575,0.1870858860982545,TF65,mono,PEAKS033213,M,TF65_HUMAN~CM~TF65_HUMAN.PEAKS033213.macs.M,11
10,mono_10,True,0.6853536276550123,0.0378056340204243,0.6865854146541065,0.0387880858730327,0.7249841847573779,0.0838522747240328,TF65,mono,PEAKS033214,S,TF65_HUMAN~CM~TF65_HUMAN.PEAKS033214.macs.S,10
11,mono_11,True,0.7727646650046212,0.1572574934704447,0.7866951778586622,0.1399418358519195,0.8061757330312151,0.1882621028973675,TF65,mono,PEAKS033214,M,TF65_HUMAN~CM~TF65_HUMAN.PEAKS033214.macs.M,11
12,mono_12,True,0.7984263111512194,0.1643130428692917,0.7938231355472717,0.1421164138831997,0.793206738783554,0.1610450864485307,TF65,mono,PEAKS033245,S,TF65_HUMAN~CM~TF65_HUMAN.PEAKS033245.macs.S,12
13,mono_13,True,0.7939522978863314,0.1649062923207275,0.7884112882226758,0.1413062505637817,0.7858169741652038,0.1567827810043174,TF65,mono,PEAKS033245,M,TF65_HUMAN~CM~TF65_HUMAN.PEAKS033245.macs.M,12
14,mono_14,True,0.7940956893427473,0.1452088717316672,0.7943700071127683,0.1262571487032232,0.7943229254225095,0.1606063704608192,TF65,mono,PEAKS033283,S,TF65_HUMAN~CM~TF65_HUMAN.PEAKS033283.macs.S,11
15,mono_15,True,0.7832116232025871,0.1508868232092682,0.7742371809540127,0.1432632661516787,0.7797639241343054,0.1547958976987769,TF65,mono,PEAKS033283,M,TF65_HUMAN~CM~TF65_HUMAN.PEAKS033283.macs.M,13
16,mono_16,True,0.7932481690061731,0.1597312199678338,0.7905255332603646,0.1430292500094649,0.790024355974777,0.1584575938102461,TF65,mono,PEAKS033318,S,TF65_HUMAN~CM~TF65_HUMAN.PEAKS033318.macs.S,12
17,mono_17,True,0.7922157108995616,0.1598856005231339,0.7897986162227479,0.143115845392195,0.7878617100526042,0.1568706293205334,TF65,mono,PEAKS033318,M,TF65_HUMAN~CM~TF65_HUMAN.PEAKS033318.macs.M,12
18,mono_18,True,0.792269391396496,0.1640303311326621,0.7929808473775752,0.1161057543684676,0.7926874020396054,0.1613239864809242,TF65,mono,PEAKS033321,S,TF65_HUMAN~CM~TF65_HUMAN.PEAKS033321.macs.S,12
19,mono_19,True,0.7922192905180915,0.1654823772207649,0.7954892254522131,0.1194339157459735,0.7945135269123991,0.165767514129435,TF65,mono,PEAKS033321,M,TF65_HUMAN~CM~TF65_HUMAN.PEAKS033321.macs.M,12
20,mono_20,True,0.6142729581849016,0.0216788358272209,0.6305962325999255,0.0189523196514892,0.6601490061766162,0.054241770711248,TF65,mono,PEAKS033322,S,TF65_HUMAN~CM~TF65_HUMAN.PEAKS033322.macs.S,8
21,mono_21,True,0.7854164098230079,0.1303096301776593,0.7796216086128749,0.1182725591220233,0.7723258443271361,0.1325079624601162,TF65,mono,PEAKS033322,M,TF65_HUMAN~CM~TF65_HUMAN.PEAKS033322.macs.M,12
22,mono_22,True,0.7942528497553277,0.1579390454174742,0.7926062152745292,0.1289338605452335,0.7922889312824549,0.1594356618202201,TF65,mono,PEAKS033323,S,TF65_HUMAN~CM~TF65_HUMAN.PEAKS033323.macs.S,12
23,mono_23,True,0.7940939460444064,0.157748835773604,0.7933986520683953,0.1270384389761033,0.7916974852348436,0.1579599803450318,TF65,mono,PEAKS033323,M,TF65_HUMAN~CM~TF65_HUMAN.PEAKS033323.macs.M,12
24,mono_24,True,0.794775940892567,0.1383867815818269,0.7945687926442027,0.1290178580008565,0.7918924933668245,0.1577063516779781,TF65,mono,PEAKS033324,S,TF65_HUMAN~CM~TF65_HUMAN.PEAKS033324.macs.S,11
25,mono_25,True,0.7952021514975043,0.1551531557926686,0.7811877703218331,0.131149479260481,0.7852835065286434,0.1534040406569522,TF65,mono,PEAKS033324,M,TF65_HUMAN~CM~TF65_HUMAN.PEAKS033324.macs.M,12
26,mono_26,True,0.7925812970988566,0.1472170344290213,0.7898015469989415,0.1280110761275337,0.7946399440138474,0.1582401321296557,TF65,mono,PEAKS033843,S,TF65_HUMAN~CM~TF65_HUMAN.PEAKS033843.macs.S,11
27,mono_27,True,0.7880542579352253,0.1512682954257199,0.7852321005662034,0.1278667032678097,0.7860167687904102,0.1495913111162293,TF65,mono,PEAKS033843,M,TF65_HUMAN~CM~TF65_HUMAN.PEAKS033843.macs.M,12
28,mono_28,True,0.7913872186988302,0.1586273163253074,0.7896322946737651,0.1335629548046567,0.7943634225340421,0.1587195533373648,TF65,mono,PEAKS033878,S,TF65_HUMAN~CM~TF65_HUMAN.PEAKS033878.macs.S,12
29,mono_29,True,0.7832534382459921,0.1579205572155169,0.7790051311127819,0.1344967381249099,0.7836976620170387,0.1535754324601576,TF65,mono,PEAKS033878,M,TF65_HUMAN~CM~TF65_HUMAN.PEAKS033878.macs.M,12
30,mono_30,True,0.7878402094945733,0.1633449337681518,0.7893730055222588,0.1382565658209278,0.8007582635684178,0.1753178078446426,TF65,mono,PEAKS033930,S,TF65_HUMAN~CM~TF65_HUMAN.PEAKS033930.macs.S,11
31,mono_31,True,0.7851189362881372,0.158006158834143,0.7781150205661582,0.1434882565591262,0.7839979846829758,0.164744146575976,TF65,mono,PEAKS033930,M,TF65_HUMAN~CM~TF65_HUMAN.PEAKS033930.macs.M,13
32,mono_32,True,0.7990055047987008,0.1531940541806405,0.7970760998583083,0.1356297324391335,0.797938514230198,0.1671972032165875,TF65,mono,PEAKS033941,S,TF65_HUMAN~CM~TF65_HUMAN.PEAKS033941.macs.S,11
33,mono_33,True,0.7973909762578202,0.1604521183906538,0.7951504953575379,0.1341446189883433,0.7971178809810028,0.1709260275434717,TF65,mono,PEAKS033941,M,TF65_HUMAN~CM~TF65_HUMAN.PEAKS033941.macs.M,11
34,mono_34,True,0.796576904166191,0.1624365648929173,0.7926620409249079,0.1321972207351243,0.795852359965443,0.1698042808506586,TF65,mono,PEAKS033949,S,TF65_HUMAN~CM~TF65_HUMAN.PEAKS033949.macs.S,11
35,mono_35,True,0.7990005711954911,0.1588247462787695,0.7946573077213553,0.1325746599776471,0.7938042692131501,0.1671285540943085,TF65,mono,PEAKS033949,M,TF65_HUMAN~CM~TF65_HUMAN.PEAKS033949.macs.M,11
36,mono_36,True,0.7983766409295194,0.1578385189312977,0.795334147938819,0.1381972875035024,0.7935018426853677,0.1590704738742393,TF65,mono,PEAKS033974,S,TF65_HUMAN~CM~TF65_HUMAN.PEAKS033974.macs.S,12
37,mono_37,True,0.7984729426592105,0.1652563792867175,0.7997397808906629,0.1345721930771599,0.799579454373284,0.1725998667702189,TF65,mono,PEAKS033974,M,TF65_HUMAN~CM~TF65_HUMAN.PEAKS033974.macs.M,11
38,mono_38,True,0.6232131639889191,0.0223023917337508,0.634810237877577,0.019358172975714,0.6692747674929825,0.056066816586625,TF65,mono,PEAKS033984,S,TF65_HUMAN~CM~TF65_HUMAN.PEAKS033984.macs.S,8
39,mono_39,True,0.7918244489475288,0.1331652470852734,0.7920339812227424,0.1276452134037723,0.7815042684445319,0.151252718886885,TF65,mono,PEAKS033984,M,TF65_HUMAN~CM~TF65_HUMAN.PEAKS033984.macs.M,11
40,mono_40,True,0.7997719962149616,0.1562774780872207,0.7981614733688258,0.1365808124504709,0.7990490502953032,0.1681295739276875,TF65,mono,PEAKS033987,S,TF65_HUMAN~CM~TF65_HUMAN.PEAKS033987.macs.S,11
41,mono_41,True,0.7958159957834505,0.1595089887609645,0.7872032166395946,0.1455483893745098,0.7797540678351713,0.157485991836409,TF65,mono,PEAKS033987,M,TF65_HUMAN~CM~TF65_HUMAN.PEAKS033987.macs.M,13
42,mono_42,True,0.7919607121741676,0.1576599191258449,0.7891324000689859,0.137321316043995,0.7997967487448464,0.167454192762559,TF65,mono,PEAKS034021,S,TF65_HUMAN~CM~TF65_HUMAN.PEAKS034021.macs.S,11
43,mono_43,True,0.7836530583833509,0.1584434068612218,0.7787516189720415,0.1296264447296165,0.7909222561097464,0.1561425265750473,TF65,mono,PEAKS034021,M,TF65_HUMAN~CM~TF65_HUMAN.PEAKS034021.macs.M,12
44,mono_44,True,0.7849980371700973,0.1359408124863416,0.7855522878653466,0.1221041796140391,0.7846816146517084,0.1496511189317467,TF65,mono,PEAKS034023,S,TF65_HUMAN~CM~TF65_HUMAN.PEAKS034023.macs.S,11
45,mono_45,True,0.7896197484584488,0.1501110652458193,0.7889025032210357,0.1266471886926417,0.7941730301083136,0.1636951577487626,TF65,mono,PEAKS034023,M,TF65_HUMAN~CM~TF65_HUMAN.PEAKS034023.macs.M,11
46,mono_46,True,0.593771202952202,0.0177161035807514,0.6003336857779576,0.0136390943625287,0.6039615392656313,0.0370937389057525,TF65,mono,PEAKS034718,S,TF65_HUMAN~CM~TF65_HUMAN.PEAKS034718.macs.S,7
47,mono_47,True,0.7783670987483284,0.1572701250464628,0.7835588246234797,0.1401793491332669,0.7983982458594536,0.1836986347767549,TF65,mono,PEAKS034718,M,TF65_HUMAN~CM~TF65_HUMAN.PEAKS034718.macs.M,11
48,mono_48,True,0.7797859678898502,0.133962492570623,0.7849541840775438,0.1439955875803389,0.7989460268585957,0.1802121938663012,TF65,mono,PEAKS034868,S,TF65_HUMAN~CM~TF65_HUMAN.PEAKS034868.macs.S,10
49,mono_49,True,0.7899726199491928,0.1701508217219337,0.791496831943657,0.1492994309924843,0.8078187200046733,0.1891338311682091,TF65,mono,PEAKS034868,M,TF65_HUMAN~CM~TF65_HUMAN.PEAKS034868.macs.M,11
50,mono_50,True,0.6052981155234337,0.0187282901931947,0.6189218519800211,0.0152004216567842,0.6347295896500942,0.0433482536252474,TF65,mono,PEAKS034871,S,TF65_HUMAN~CM~TF65_HUMAN.PEAKS034871.macs.S,7
51,mono_51,True,0.794789952739113,0.1655984844451332,0.7980597979793426,0.1384786394162528,0.7973050813351821,0.174186488819196,TF65,mono,PEAKS034871,M,TF65_HUMAN~CM~TF65_HUMAN.PEAKS034871.macs.M,11
52,mono_52,True,0.6404829319516377,0.0233289465615807,0.6445195894207998,0.0184912512655408,0.6763548731933628,0.0575243075040149,TF65,mono,PEAKS035106,S,TF65_HUMAN~CM~TF65_HUMAN.PEAKS035106.macs.S,7
53,mono_53,True,0.7730532222230766,0.1066771638983192,0.7934019210110727,0.1245009679345392,0.8026278099914221,0.1870836540150308,TF65,mono,PEAKS035106,M,TF65_HUMAN~CM~TF65_HUMAN.PEAKS035106.macs.M,17
54,mono_54,True,0.632825514660946,0.0216215218405206,0.6260751157938401,0.0145801747292675,0.6614712363070661,0.0480059876206257,TF65,mono,PEAKS037539,S,TF65_HUMAN~CM~TF65_HUMAN.PEAKS037539.macs.S,7
55,mono_55,True,0.8045980351608254,0.1386621631779744,0.8011993074350411,0.1285896502580916,0.7882102249284416,0.1519057444650285,TF65,mono,PEAKS037539,M,TF65_HUMAN~CM~TF65_HUMAN.PEAKS037539.macs.M,11
56,mono_56,True,0.76537370190767,0.0995587225908625,0.7660669378010387,0.0667277241460662,0.7575491399161899,0.1137534174613557,TF65,mono,PEAKS037661,S,TF65_HUMAN~CM~TF65_HUMAN.PEAKS037661.macs.S,13
57,mono_57,True,0.7925626152110044,0.1223589299261306,0.7910059832923213,0.1222119228337374,0.7840560659351472,0.145471806898073,TF65,mono,PEAKS037661,M,TF65_HUMAN~CM~TF65_HUMAN.PEAKS037661.macs.M,14
58,mono_58,True,0.5376563862640881,0.0148101267919886,0.5570577599626664,0.0119329228122805,0.5484834344322524,0.0327964517653267,TF65,mono,PEAKS037681,S,TF65_HUMAN~CM~TF65_HUMAN.PEAKS037681.macs.S,8
59,mono_59,True,0.65083182445005,0.0265527835222635,0.64405111611848,0.0207393602077212,0.668378489449946,0.056868962449413,TF65,mono,PEAKS039011,S,TF65_HUMAN~CM~TF65_HUMAN.PEAKS039011.macs.S,9
60,mono_60,True,0.762526229060472,0.1183376406092695,0.7687306470139337,0.1198885613379603,0.797143435385339,0.1719715065636814,TF65,mono,PEAKS039011,M,TF65_HUMAN~CM~TF65_HUMAN.PEAKS039011.macs.M,11
61,mono_61,True,0.6317914837960489,0.0227923242720084,0.6348150849305124,0.018143610493172,0.669171896550134,0.0567280741638212,TF65,mono,PEAKS039014,S,TF65_HUMAN~CM~TF65_HUMAN.PEAKS039014.macs.S,7
62,mono_62,True,0.75323891395242,0.1157128865664233,0.7618091117831858,0.1178534736570442,0.7921204446302793,0.1693136241174698,TF65,mono,PEAKS039014,M,TF65_HUMAN~CM~TF65_HUMAN.PEAKS039014.macs.M,11
63,mono_63,True,0.5902823186220728,0.01743763312422,0.5801463584542186,0.0126052902303848,0.6097163844812903,0.0384723920681535,TF65,mono,PEAKS039016,S,TF65_HUMAN~CM~TF65_HUMAN.PEAKS039016.macs.S,7
64,mono_64,True,0.7872409713614256,0.168912288245305,0.7950051119500146,0.1578172936637104,0.8071321785100488,0.185476703864922,TF65,mono,PEAKS039176,S,TF65_HUMAN~CM~TF65_HUMAN.PEAKS039176.macs.S,12
65,mono_65,True,0.7839336915184387,0.1537674664243348,0.7842935476707656,0.1455734743750842,0.7900311447185167,0.171549291813822,TF65,mono,PEAKS039176,M,TF65_HUMAN~CM~TF65_HUMAN.PEAKS039176.macs.M,14
66,mono_66,True,0.783962397371751,0.1694100622406769,0.792134726654395,0.1422664606793718,0.809985570114893,0.185425493045425,TF65,mono,PEAKS039177,S,TF65_HUMAN~CM~TF65_HUMAN.PEAKS039177.macs.S,11
67,mono_67,True,0.7744621276910773,0.1541176125952022,0.7784265846199628,0.1494689533601892,0.7930192686443726,0.1684983568740926,TF65,mono,PEAKS039177,M,TF65_HUMAN~CM~TF65_HUMAN.PEAKS039177.macs.M,14
68,mono_68,True,0.7833860477811477,0.1699427630222817,0.7898165672269334,0.1459333627073041,0.8117250810892243,0.1892561524697387,TF65,mono,PEAKS039186,S,TF65_HUMAN~CM~TF65_HUMAN.PEAKS039186.macs.S,11
69,mono_69,True,0.7759030826310459,0.1513773424788012,0.7829868441965558,0.1379711770571865,0.7998340225789293,0.1727102230582342,TF65,mono,PEAKS039186,M,TF65_HUMAN~CM~TF65_HUMAN.PEAKS039186.macs.M,15
70,mono_70,True,0.78197464967214,0.1511408065051145,0.78869222002915,0.1311416939104847,0.8023140686345344,0.18153803445854,TF65,mono,PEAKS039493,M,TF65_HUMAN~CM~TF65_HUMAN.PEAKS039493.macs.M,11
71,mono_71,True,0.7777068158885947,0.1534598172624237,0.7847361794176098,0.1430585538333925,0.8013664659548236,0.1833554017886916,TF65,mono,PEAKS039494,M,TF65_HUMAN~CM~TF65_HUMAN.PEAKS039494.macs.M,11
72,di_0,False,0.7856426406805241,0.1636130701625998,0.7851454172241716,0.1534123891300821,0.7951727643201265,0.1634012347288084,TF65,di,PEAKS033071,M,TF65_HUMAN~CD~TF65_HUMAN.PEAKS033071.macs.M,14
73,di_1,False,0.7950162903994921,0.165149667483973,0.7936568985399098,0.1602499524933372,0.7866780654801251,0.1642465211874846,TF65,di,PEAKS033072,M,TF65_HUMAN~CD~TF65_HUMAN.PEAKS033072.macs.M,14
74,di_2,False,0.7960619644990592,0.17241892759458,0.8008761611791639,0.1727737363288588,0.8068426048164693,0.1766666708748082,TF65,di,PEAKS033073,M,TF65_HUMAN~CD~TF65_HUMAN.PEAKS033073.macs.M,13
75,di_3,False,0.7635502514635506,0.1523203937432722,0.7846123823039733,0.1523900927417274,0.8080681235569193,0.1888587276615885,TF65,di,PEAKS033140,M,TF65_HUMAN~CD~TF65_HUMAN.PEAKS033140.macs.M,13
76,di_4,False,0.7787231071425097,0.163749712518495,0.7980841177856408,0.1471378130469339,0.8116770087837692,0.1894686536018982,TF65,di,PEAKS033213,M,TF65_HUMAN~CD~TF65_HUMAN.PEAKS033213.macs.M,13
77,di_5,False,0.7704672751342898,0.1520946396397155,0.7872742034206667,0.1479746294265749,0.8077054797868776,0.1915587620350411,TF65,di,PEAKS033214,M,TF65_HUMAN~CD~TF65_HUMAN.PEAKS033214.macs.M,13
78,di_6,False,0.7967694146037245,0.1659154359093908,0.8029977331573366,0.1511652610272288,0.793132246148454,0.1597118252816944,TF65,di,PEAKS033245,M,TF65_HUMAN~CD~TF65_HUMAN.PEAKS033245.macs.M,12
79,di_7,False,0.7887968961379231,0.1615405317237322,0.7801495710358153,0.1618200621772526,0.7929236846636066,0.1634294003152376,TF65,di,PEAKS033283,M,TF65_HUMAN~CD~TF65_HUMAN.PEAKS033283.macs.M,14
80,di_8,False,0.8021622149993168,0.1604325413596817,0.794777723170153,0.1534581506576787,0.792853548864136,0.1653012473314546,TF65,di,PEAKS033318,M,TF65_HUMAN~CD~TF65_HUMAN.PEAKS033318.macs.M,14
81,di_9,False,0.7965907592536964,0.1676891380847905,0.7934685961694755,0.1545316182646633,0.7926154664436649,0.1678773041470804,TF65,di,PEAKS033321,M,TF65_HUMAN~CD~TF65_HUMAN.PEAKS033321.macs.M,14
82,di_10,False,0.7853394910902847,0.1506627492668315,0.7958830766837591,0.1429500675136386,0.7845298313036688,0.1555724484656471,TF65,di,PEAKS033322,M,TF65_HUMAN~CD~TF65_HUMAN.PEAKS033322.macs.M,13
83,di_11,False,0.7997991551493904,0.1634417380640121,0.8036404467404696,0.1373391125106444,0.7975868003652473,0.1663967533507337,TF65,di,PEAKS033323,M,TF65_HUMAN~CD~TF65_HUMAN.PEAKS033323.macs.M,14
84,di_12,False,0.7950170449100389,0.1589566174183602,0.8110952705162788,0.1465296728318189,0.8019523319877392,0.1673858137813235,TF65,di,PEAKS033324,M,TF65_HUMAN~CD~TF65_HUMAN.PEAKS033324.macs.M,13
85,di_13,False,0.7969171470797245,0.1625762652872006,0.7918021962785906,0.1490425080608323,0.7970934684359234,0.1623863496440282,TF65,di,PEAKS033843,M,TF65_HUMAN~CD~TF65_HUMAN.PEAKS033843.macs.M,14
86,di_14,False,0.7956979545033034,0.1730054641895725,0.7893925628172425,0.1578972872526906,0.7959559735472347,0.1682479487040825,TF65,di,PEAKS033878,M,TF65_HUMAN~CD~TF65_HUMAN.PEAKS033878.macs.M,14
87,di_15,False,0.791261087963141,0.1617112997423769,0.7963900727846995,0.1562145749315296,0.7860999540366292,0.1678167239008711,TF65,di,PEAKS033930,M,TF65_HUMAN~CD~TF65_HUMAN.PEAKS033930.macs.M,15
88,di_16,False,0.8028457343722124,0.1725249363955148,0.7959071428651945,0.164017581831592,0.7970672313448668,0.1699224157521931,TF65,di,PEAKS033941,M,TF65_HUMAN~CD~TF65_HUMAN.PEAKS033941.macs.M,14
89,di_17,False,0.806294417760266,0.1708673319658093,0.7935839391210151,0.1567806340162015,0.7901392931479221,0.1687385640837232,TF65,di,PEAKS033949,M,TF65_HUMAN~CD~TF65_HUMAN.PEAKS033949.macs.M,14
90,di_18,False,0.7987753239578886,0.160581938823752,0.8070728929128195,0.1420310335985577,0.8044455675323359,0.1713519257283109,TF65,di,PEAKS033974,M,TF65_HUMAN~CD~TF65_HUMAN.PEAKS033974.macs.M,13
91,di_19,False,0.7854204769449278,0.1401936087378053,0.7871526043891756,0.1224773579261377,0.7642439057797018,0.1418569085147995,TF65,di,PEAKS033984,M,TF65_HUMAN~CD~TF65_HUMAN.PEAKS033984.macs.M,12
92,di_20,False,0.8003203134993389,0.1686100677588421,0.7913674550830367,0.1558999221419117,0.7898373457767502,0.1636414193376734,TF65,di,PEAKS033987,M,TF65_HUMAN~CD~TF65_HUMAN.PEAKS033987.macs.M,14
93,di_21,False,0.7893465363996972,0.1692903888212494,0.781756340903378,0.1571351921788734,0.7943214330733354,0.1633683851337819,TF65,di,PEAKS034021,M,TF65_HUMAN~CD~TF65_HUMAN.PEAKS034021.macs.M,14
94,di_22,False,0.7961533688007036,0.1681062743489638,0.791852244918203,0.1561312120328976,0.7930006477914524,0.1647269403037216,TF65,di,PEAKS034023,M,TF65_HUMAN~CD~TF65_HUMAN.PEAKS034023.macs.M,14
95,di_23,False,0.7725253818036972,0.1437390687152714,0.7984622442756868,0.1477561871807489,0.7939297662785656,0.1825581482728077,TF65,di,PEAKS034718,M,TF65_HUMAN~CD~TF65_HUMAN.PEAKS034718.macs.M,13
96,di_24,False,0.7845931423494188,0.1725040446719451,0.7953555651494639,0.1673240280173592,0.8016998193747137,0.1778854115636171,TF65,di,PEAKS034868,M,TF65_HUMAN~CD~TF65_HUMAN.PEAKS034868.macs.M,14
97,di_25,False,0.7952223337933161,0.1650657477316749,0.803485425588156,0.1499539920748786,0.8009897283395694,0.1837368482406723,TF65,di,PEAKS034871,M,TF65_HUMAN~CD~TF65_HUMAN.PEAKS034871.macs.M,13
98,di_26,False,0.7494413676262305,0.0829658436753971,0.7685023282762415,0.0860689735553642,0.8215142166704072,0.2311730951726248,TF65,di,PEAKS035106,M,TF65_HUMAN~CD~TF65_HUMAN.PEAKS035106.macs.M,24
99,di_27,False,0.8100252243556059,0.145265260975266,0.802448776231856,0.1533796795529927,0.7852219194549575,0.1521544859939758,TF65,di,PEAKS037539,M,TF65_HUMAN~CD~TF65_HUMAN.PEAKS037539.macs.M,13
100,di_28,False,0.7971448817904536,0.1514852949139506,0.8014253999100477,0.1541378376882689,0.7834353718113871,0.1613800470039207,TF65,di,PEAKS037661,M,TF65_HUMAN~CD~TF65_HUMAN.PEAKS037661.macs.M,15
101,di_29,False,0.7092423187174374,0.0687253472800156,0.7540728207706363,0.0964291194194328,0.8201631083229057,0.2090861172152116,TF65,di,PEAKS039011,M,TF65_HUMAN~CD~TF65_HUMAN.PEAKS039011.macs.M,24
102,di_30,False,0.680549383383663,0.0601829851949443,0.73320572245324,0.070058231696114,0.8071264981138108,0.2003072665078782,TF65,di,PEAKS039014,M,TF65_HUMAN~CD~TF65_HUMAN.PEAKS039014.macs.M,24
103,di_31,False,0.7887366644911957,0.1683542132068705,0.7904970427340985,0.1759231276013728,0.8034547082478887,0.1813781855463239,TF65,di,PEAKS039176,M,TF65_HUMAN~CD~TF65_HUMAN.PEAKS039176.macs.M,14
104,di_32,False,0.7765423408304533,0.1627030885385207,0.7811887566407443,0.1517379993021285,0.8044247367482529,0.1766039782869462,TF65,di,PEAKS039177,M,TF65_HUMAN~CD~TF65_HUMAN.PEAKS039177.macs.M,15
105,di_33,False,0.7811476475436072,0.1648422355977949,0.789347868480291,0.1774298005071242,0.8094722438118546,0.1820602563489192,TF65,di,PEAKS039186,M,TF65_HUMAN~CD~TF65_HUMAN.PEAKS039186.macs.M,15
106,di_34,False,0.7849552609009272,0.155915799505207,0.7981304465939308,0.1558145543254112,0.8124480082026938,0.1914647640503877,TF65,di,PEAKS039493,M,TF65_HUMAN~CD~TF65_HUMAN.PEAKS039493.macs.M,13
107,di_35,False,0.7696983634273482,0.1405835189539382,0.7918358720242759,0.1470463310491785,0.7991068177975091,0.1811899094798869,TF65,di,PEAKS039494,M,TF65_HUMAN~CD~TF65_HUMAN.PEAKS039494.macs.M,13
0,mono_0,True,0.753778529605073,0.039106401251435,0.7427695031345226,0.0328023519311929,0.8632323317932177,0.1516635104246546,TFE2,mono,PEAKS033772,S,TFE2_HUMAN~CM~TFE2_HUMAN.PEAKS033772.macs.S,9
1,mono_1,True,0.7567166634171084,0.0439448638569162,0.7389151142589039,0.033212781706452,0.8602157273123529,0.1640325558210568,TFE2,mono,PEAKS033772,M,TFE2_HUMAN~CM~TFE2_HUMAN.PEAKS033772.macs.M,11
2,mono_2,True,0.54314171656653,0.0222967093179571,0.5719172013498732,0.0208309182311031,0.5460153142707698,0.0487062348093573,TFE2,mono,PEAKS036817,M,TFE2_HUMAN~CM~TFE2_HUMAN.PEAKS036817.macs.M,13
3,mono_3,True,0.7569200440945193,0.041864207350124,0.7323898784896467,0.0282806802791761,0.8739682385145149,0.1687687827525074,TFE2,mono,PEAKS038473,S,TFE2_HUMAN~CM~TFE2_HUMAN.PEAKS038473.macs.S,8
4,mono_4,True,0.7530008838004505,0.0423643511186002,0.7401067198836866,0.0303617620307875,0.8656434779879696,0.1691200039242657,TFE2,mono,PEAKS038473,M,TFE2_HUMAN~CM~TFE2_HUMAN.PEAKS038473.macs.M,10
5,di_0,False,0.7613660909030084,0.0477733304469636,0.7343145631591137,0.0297925317925187,0.8673661157702031,0.1672218902405034,TFE2,di,PEAKS033772,M,TFE2_HUMAN~CD~TFE2_HUMAN.PEAKS033772.macs.M,13
6,di_1,False,0.5417819098677404,0.0235912097062709,0.5641408379659879,0.0308277707251982,0.5536492633597768,0.0540598302041261,TFE2,di,PEAKS036817,M,TFE2_HUMAN~CD~TFE2_HUMAN.PEAKS036817.macs.M,16
7,di_2,False,0.759580514447262,0.0459430124097164,0.7462767343762224,0.0333455446749561,0.8786228187603523,0.1853274810728359,TFE2,di,PEAKS038473,M,TFE2_HUMAN~CD~TFE2_HUMAN.PEAKS038473.macs.M,12
0,mono_0,True,0.9701677919182984,0.6636980975071184,0.974664321007688,0.6140008382616144,0.9802572894751616,0.4375883460072049,USF2,mono,PEAKS033478,S,USF2_HUMAN~CM~USF2_HUMAN.PEAKS033478.macs.S,11
1,mono_1,True,0.9701677919182984,0.6636980975071184,0.974664321007688,0.6140008382616144,0.9802572894751616,0.4375883460072049,USF2,mono,PEAKS033478,M,USF2_HUMAN~CM~USF2_HUMAN.PEAKS033478.macs.M,11
2,mono_2,True,0.9726254446426644,0.6794392056302242,0.9760523819640894,0.6204554518851176,0.9796162872164812,0.4391338724744456,USF2,mono,PEAKS033521,S,USF2_HUMAN~CM~USF2_HUMAN.PEAKS033521.macs.S,12
3,mono_3,True,0.972880371899118,0.6808240597557215,0.9759833901717894,0.6224121685542724,0.980276888421946,0.4404917744262067,USF2,mono,PEAKS033521,M,USF2_HUMAN~CM~USF2_HUMAN.PEAKS033521.macs.M,12
4,mono_4,True,0.971514219706906,0.6722860570124964,0.9732059516217284,0.6162594568053354,0.9792104898470996,0.4356595509473633,USF2,mono,PEAKS033661,S,USF2_HUMAN~CM~USF2_HUMAN.PEAKS033661.macs.S,12
5,mono_5,True,0.9718786826268688,0.6748353101583303,0.9743163879949696,0.6219611163839003,0.9796455920008328,0.4381184625720694,USF2,mono,PEAKS033661,M,USF2_HUMAN~CM~USF2_HUMAN.PEAKS033661.macs.M,12
6,mono_6,True,0.9637992727976537,0.6420855244069202,0.9647082198624366,0.5826317783734495,0.9751987371949782,0.4242950304026955,USF2,mono,PEAKS033803,S,USF2_HUMAN~CM~USF2_HUMAN.PEAKS033803.macs.S,11
7,mono_7,True,0.9677430675933312,0.6586054673107724,0.9698673158029124,0.6003303051268775,0.9774712094746688,0.4302404655145069,USF2,mono,PEAKS033803,M,USF2_HUMAN~CM~USF2_HUMAN.PEAKS033803.macs.M,12
8,mono_8,True,0.9653798107147272,0.6397381000208939,0.9667283596416044,0.5742810461658878,0.9777710175479808,0.4281271807898477,USF2,mono,PEAKS033804,S,USF2_HUMAN~CM~USF2_HUMAN.PEAKS033804.macs.S,11
9,mono_9,True,0.965193494893828,0.6452757557146933,0.9673645432746448,0.5783628719548256,0.9779123236941202,0.4378850014943843,USF2,mono,PEAKS033804,M,USF2_HUMAN~CM~USF2_HUMAN.PEAKS033804.macs.M,11
10,mono_10,True,0.9687809100160488,0.6452065062600569,0.9756710838142776,0.5867016051148977,0.9769987886015072,0.4224744328033845,USF2,mono,PEAKS038151,S,USF2_HUMAN~CM~USF2_HUMAN.PEAKS038151.macs.S,10
11,mono_11,True,0.968563396671174,0.6437986083605618,0.9749072947961972,0.5847905198135722,0.9767015479025842,0.4211491180762812,USF2,mono,PEAKS038151,M,USF2_HUMAN~CM~USF2_HUMAN.PEAKS038151.macs.M,10
12,di_0,False,0.9717727680091393,0.6864539657613791,0.976167812326959,0.6442572174402794,0.9810306171434816,0.4633003058822109,USF2,di,PEAKS033478,M,USF2_HUMAN~CD~USF2_HUMAN.PEAKS033478.macs.M,13
13,di_1,False,0.9718433327502362,0.6874102508671369,0.9768859062872745,0.6500021306181215,0.9812358355058228,0.4557470859574302,USF2,di,PEAKS033521,M,USF2_HUMAN~CD~USF2_HUMAN.PEAKS033521.macs.M,14
14,di_2,False,0.9673625887334936,0.6747812795429105,0.9679666802171876,0.6339350148257872,0.9779163071373876,0.4517139554486419,USF2,di,PEAKS033661,M,USF2_HUMAN~CD~USF2_HUMAN.PEAKS033661.macs.M,14
15,di_3,False,0.9678265944738924,0.6655033719929835,0.9729936942059472,0.6231738330267292,0.9794926178161464,0.4374003948624302,USF2,di,PEAKS033803,M,USF2_HUMAN~CD~USF2_HUMAN.PEAKS033803.macs.M,14
16,di_4,False,0.9667127285447132,0.6478022729812912,0.9688345610278718,0.5754498641118967,0.9770882149655656,0.4443565625948309,USF2,di,PEAKS033804,M,USF2_HUMAN~CD~USF2_HUMAN.PEAKS033804.macs.M,13
17,di_5,False,0.9721904830307226,0.6745914682218107,0.9760589341706774,0.642841087496434,0.9789736115057192,0.435862505306455,USF2,di,PEAKS038151,M,USF2_HUMAN~CD~USF2_HUMAN.PEAKS038151.macs.M,12
