tf,design,k,P,rep,seed,auroc_H,auprc_H,auroc_M,auprc_M,base_auroc_H,base_auprc_H,base_auroc_M,base_auprc_M,sub_auroc_H,sub_auprc_H,sub_auroc_M,sub_auprc_M,fit_sec
ANDR,random,1,303,0,1663586618,0.859391317443681,0.5184268761189185,0.928114795619958,0.4929290515102155,0.8779521091470112,0.541516392788168,0.919557209177338,0.5459057740863315,0.8645994570582521,0.5319657675064261,0.9324290030777144,0.5302869466737229,6.421601057052612
ANDR,random,1,303,1,338649516,0.8675824798623908,0.5357520996424475,0.92971183272301,0.5107956790234454,0.8779521091470112,0.541516392788168,0.919557209177338,0.5459057740863315,0.8698926970036132,0.5350775991252583,0.9303710145427642,0.5252106797716433,6.474379539489746
ANDR,random,1,303,2,220606486,0.874444527685565,0.5128555338096427,0.8971600644500672,0.3678703015238957,0.8779521091470112,0.541516392788168,0.919557209177338,0.5459057740863315,0.8760792217219455,0.5234858303041228,0.8992336851425047,0.3911585667860863,7.277486801147461
ANDR,random,1,303,3,2048983168,0.8561156264590769,0.4485011145579048,0.8546630481374136,0.2312065141504621,0.8779521091470112,0.541516392788168,0.919557209177338,0.5459057740863315,0.8593148060766898,0.4776224441084022,0.8604895227141602,0.2310743283599581,7.283588886260986
ANDR,random,1,303,4,1682281763,0.8684313335677156,0.532259434777974,0.931129708512786,0.5230715344341577,0.8779521091470112,0.541516392788168,0.919557209177338,0.5459057740863315,0.8693679997977022,0.5381330916700722,0.9348717409121836,0.5318504807100078,6.959627866744995
ANDR,random,2,303,0,1634660195,0.8830914929675479,0.5351401962500995,0.9186966499740374,0.4458634302564752,0.8779521091470112,0.541516392788168,0.919557209177338,0.5459057740863315,0.8823798716538638,0.5311180388507062,0.9153391679745916,0.457406209925516,5.180903673171997
ANDR,random,2,303,1,376037365,0.8703453961682486,0.5291334491266723,0.9278666161569644,0.5137420890880997,0.8779521091470112,0.541516392788168,0.919557209177338,0.5459057740863315,0.8617222780398158,0.5205160685942876,0.9313670749188154,0.5281078441763534,6.272157430648804
ANDR,random,2,303,2,257986127,0.8211454541050761,0.4085890905916463,0.868196247150161,0.2543889983984315,0.8779521091470112,0.541516392788168,0.919557209177338,0.5459057740863315,0.8257093972937167,0.4115550365242211,0.8731308796671475,0.273832833149051,4.664427280426025
ANDR,random,2,303,3,2020064985,0.8677656998942449,0.5234112703791949,0.9130011743603532,0.4259664448255669,0.8779521091470112,0.541516392788168,0.919557209177338,0.5459057740863315,0.871878909838963,0.5242566537614276,0.916195823352494,0.4165080013900765,5.365336894989014
ANDR,random,2,303,4,1711483770,0.859218972427581,0.5198923299487787,0.9353863261179752,0.5201530376114546,0.8779521091470112,0.541516392788168,0.919557209177338,0.5459057740863315,0.8633584814162849,0.5248123805946306,0.9358225920909125,0.5369221387039372,6.200098752975464
ANDR,random,4,303,0,1709413329,0.9140118980418476,0.6469490717519567,0.9332200081138212,0.4675403669459883,0.8779521091470112,0.541516392788168,0.919557209177338,0.5459057740863315,0.8245935688265777,0.4701930864974358,0.904185809022252,0.4925348323576526,8.057589530944824
ANDR,random,4,303,1,316973895,0.9286001528157508,0.6859435081462393,0.9364305707569044,0.5195272120820826,0.8779521091470112,0.541516392788168,0.919557209177338,0.5459057740863315,0.8785597738749084,0.5440267057183188,0.9266151704225932,0.5023022700801767,7.778093338012695
ANDR,random,4,303,2,200143613,0.9162386879316268,0.657738491505201,0.9308926084299052,0.4965657161517403,0.8779521091470112,0.541516392788168,0.919557209177338,0.5459057740863315,0.870158157177286,0.5455863567689728,0.9313511292416718,0.5147129605874049,8.714771747589111
ANDR,random,4,303,3,2095759979,0.9308973610828049,0.6992658267075655,0.9348655413138184,0.5073439288351058,0.8779521091470112,0.541516392788168,0.919557209177338,0.5459057740863315,0.871878909838963,0.5464907427307262,0.916195823352494,0.5229827886699092,7.972649335861206
ANDR,random,4,303,4,1653495752,0.8773792159201179,0.551372339185102,0.9366256625770184,0.5303027145651283,0.8779521091470112,0.541516392788168,0.919557209177338,0.5459057740863315,0.8679979021054447,0.5444492169327199,0.9336395496672428,0.5439801422245615,8.492488861083984
ANDR,random,8,303,0,1828285109,0.889888707391618,0.5634665758481054,0.9371350679661228,0.5378315387488624,0.8779521091470112,0.541516392788168,0.919557209177338,0.5459057740863315,0.8746889872497204,0.5381330916700722,0.9173447498448408,0.5318504807100078,7.9067113399505615
ANDR,random,8,303,1,469654051,0.9316804178464658,0.7000302152795496,0.936511762234352,0.5038400292113739,0.8779521091470112,0.541516392788168,0.919557209177338,0.5459057740863315,0.8819457369524697,0.5504227470448627,0.932319913407624,0.5346276244802707,8.545762062072754
ANDR,random,8,303,2,49744793,0.9116756704995634,0.6657983485193504,0.9381874893999592,0.5126688566498124,0.8779521091470112,0.541516392788168,0.919557209177338,0.5459057740863315,0.8743325132389593,0.5457600354437081,0.9358556515587578,0.5450275341874109,8.54599666595459
ANDR,random,8,303,3,1978678031,0.9137357160955728,0.6452688216999488,0.9407734787479304,0.535572197447544,0.8779521091470112,0.541516392788168,0.919557209177338,0.5459057740863315,0.8778555554650092,0.5196660252608417,0.920242345704984,0.4537891018827434,9.16263508796692
ANDR,random,8,303,4,1804906156,0.930033620749892,0.6980400078818476,0.9425091572770646,0.5422392135623842,0.8779521091470112,0.541516392788168,0.919557209177338,0.5459057740863315,0.8698926970036132,0.5350775991252583,0.9303710145427642,0.5252106797716433,7.908712863922119
ANDR,random,16,303,0,334833373,0.8910927976167692,0.5747200772176172,0.9379545291250136,0.5583280989702417,0.8779521091470112,0.541516392788168,0.919557209177338,0.5459057740863315,0.8779521091470112,0.5409480341224002,0.919557209177338,0.5217994335469017,11.72710633277893
ANDR,random,16,303,1,1693587019,0.9290765112536334,0.6968009629766377,0.9439896038365284,0.5468524502320327,0.8779521091470112,0.541516392788168,0.919557209177338,0.5459057740863315,0.8792415064762465,0.5408100298581157,0.919380972361931,0.5266617278693259,12.088039875030518
ANDR,random,16,303,2,2113619953,0.9337897258678594,0.7070580675280863,0.9463014522712558,0.5656335052315223,0.8779521091470112,0.541516392788168,0.919557209177338,0.5459057740863315,0.8785759452259096,0.5343301342908652,0.919254620569258,0.547606999060517,10.502002000808716
ANDR,random,16,303,3,184317799,0.9269754416260874,0.6867111928851919,0.9461233309667318,0.5526188554262963,0.8779521091470112,0.541516392788168,0.919557209177338,0.5459057740863315,0.8729525586532603,0.5416506997199756,0.9310716955772412,0.5295185895079865,13.009645700454712
ANDR,random,16,303,4,345563844,0.8954576769010715,0.5758363560237938,0.9364445105824836,0.5452185795324472,0.8779521091470112,0.541516392788168,0.919557209177338,0.5459057740863315,0.8829194365943714,0.5350775991252583,0.9234384931862352,0.5252106797716433,13.677647352218628
ANDR,random,32,303,0,1056261770,0.9308541192240036,0.7024745964516594,0.9482372726467964,0.564627662884459,0.8779521091470112,0.541516392788168,0.919557209177338,0.5459057740863315,0.8743153877918939,0.5433827956846017,0.9328297739059066,0.5477222702493048,17.079899311065674
ANDR,random,32,303,1,1240626716,0.931783931496566,0.6984325664665411,0.9480588883903028,0.5822117088268718,0.8779521091470112,0.541516392788168,0.919557209177338,0.5459057740863315,0.8866636853106442,0.5409480341224002,0.9126371729826062,0.5217994335469017,20.434775829315186
ANDR,random,32,303,2,1358636966,0.9337831804959608,0.7025900935331004,0.9468992954872834,0.5529619977529673,0.8779521091470112,0.541516392788168,0.919557209177338,0.5459057740863315,0.8829194365943714,0.5444492169327199,0.9234384931862352,0.5439801422245615,18.463882207870483
ANDR,random,32,303,3,670832432,0.9360565416094644,0.7116784149393085,0.9467466872661892,0.5642448982460003,0.8779521091470112,0.541516392788168,0.919557209177338,0.5459057740863315,0.8786647517318398,0.5503859430987619,0.9324513506239692,0.5376866469834031,20.152353048324585
ANDR,random,32,303,4,966296211,0.9291201855520148,0.6941392783863546,0.9459915819163196,0.5548002910677622,0.8779521091470112,0.541516392788168,0.919557209177338,0.5459057740863315,0.8732310130065525,0.529158731614782,0.916698415588637,0.5314618665510432,19.085050582885746
ANDR,random,64,303,0,229034506,0.9361386725917776,0.7140547885996724,0.9473480971897046,0.5666352519255972,0.8779521091470112,0.541516392788168,0.919557209177338,0.5459057740863315,0.87970478781527,0.5504227470448627,0.9238680016306664,0.5346276244802707,31.342374086380005
ANDR,random,64,303,1,2057435804,0.9375828108675996,0.7170176482729664,0.949150329536634,0.5779001696455162,0.8779521091470112,0.541516392788168,0.919557209177338,0.5459057740863315,0.8866636853106442,0.5504227470448627,0.9126371729826062,0.5346276244802707,28.00133991241455
ANDR,random,64,303,2,1671998246,0.936119891908746,0.7143951079708626,0.9483439822644424,0.5817814804571358,0.8779521091470112,0.541516392788168,0.919557209177338,0.5459057740863315,0.8829194365943714,0.5503859430987619,0.9234384931862352,0.5376866469834031,26.018746614456177
ANDR,random,64,303,3,347052976,0.934743304473953,0.710928187949147,0.947629411972073,0.5720965654827023,0.8779521091470112,0.541516392788168,0.919557209177338,0.5459057740863315,0.87970478781527,0.5503859430987619,0.9238680016306664,0.5376866469834031,24.26370882987976
ANDR,random,64,303,4,181079571,0.9341333043624004,0.712204187868949,0.9485467957702852,0.5811538987029434,0.8779521091470112,0.541516392788168,0.919557209177338,0.5459057740863315,0.885906289427705,0.5540399616291809,0.9283697949782708,0.5565393336244323,27.66174626350403
ANDR,random,128,303,0,680998444,0.9360498513912984,0.7116324802235598,0.949021033019017,0.5753032224735487,0.8779521091470112,0.541516392788168,0.919557209177338,0.5459057740863315,0.8829194365943714,0.5504227470448627,0.9234384931862352,0.5346276244802707,29.18061470985413
ANDR,random,128,303,1,1603274426,0.936005470704962,0.7137791395763412,0.9470960324427984,0.5661056527406976,0.8779521091470112,0.541516392788168,0.919557209177338,0.5459057740863315,0.8823870551890267,0.5444492169327199,0.9292136921288688,0.5439801422245615,30.59576416015625
ANDR,random,128,303,2,1184454400,0.9359638284527636,0.7130029263518922,0.9506094533882892,0.5867485976021359,0.8779521091470112,0.541516392788168,0.919557209177338,0.5459057740863315,0.8822171211285474,0.5540399616291809,0.9073458714024154,0.5565393336244323,35.66951107978821
ANDR,random,128,303,3,832464790,0.935763522859048,0.7150779687551361,0.9478483009454548,0.5721036900257053,0.8779521091470112,0.541516392788168,0.919557209177338,0.5459057740863315,0.8866636853106442,0.5504227470448627,0.9126371729826062,0.5346276244802707,29.39145302772522
ANDR,random,128,303,4,804975157,0.9378455525497368,0.7190917477136249,0.9474779061265446,0.5769490573759705,0.8779521091470112,0.541516392788168,0.919557209177338,0.5459057740863315,0.8866636853106442,0.5504227470448627,0.9126371729826062,0.5346276244802707,29.644486665725708
ANDR,random,303,303,0,-1,0.9373317083177566,0.7185145596705728,0.948447865148413,0.5789182264206497,0.8779521091470112,0.541516392788168,0.919557209177338,0.5459057740863315,0.8866636853106442,0.5504227470448627,0.9126371729826062,0.5346276244802707,41.44250702857971
ANDR,random,303,303,1,-1,0.9380324598637396,0.7213920767910467,0.9479806534369262,0.5795649213987922,0.8779521091470112,0.541516392788168,0.919557209177338,0.5459057740863315,0.8866636853106442,0.5504227470448627,0.9126371729826062,0.5346276244802707,41.733779191970825
ANDR,topk,1,303,0,-1,0.8837579495357537,0.5344693588020323,0.9122733283646874,0.4105201524966936,0.8779521091470112,0.541516392788168,0.919557209177338,0.5459057740863315,0.8866636853106442,0.5474139107544485,0.9126371729826062,0.4255363579700307,6.090352296829224
ANDR,topk,2,303,0,-1,0.8920951673730734,0.5611968709561849,0.922605265817489,0.4727388770619787,0.8779521091470112,0.541516392788168,0.919557209177338,0.5459057740863315,0.8866636853106442,0.5524478117327236,0.9126371729826062,0.4901661171949253,5.9065306186676025
ANDR,topk,4,303,0,-1,0.897612147568722,0.5916108767264692,0.9322268368382588,0.5156238218590656,0.8779521091470112,0.541516392788168,0.919557209177338,0.5459057740863315,0.8866636853106442,0.5524478117327236,0.9126371729826062,0.4901661171949253,7.32921290397644
ANDR,topk,8,303,0,-1,0.9000336286849484,0.5886493685882754,0.9379161347662422,0.5506575658788098,0.8779521091470112,0.541516392788168,0.919557209177338,0.5459057740863315,0.8866636853106442,0.5504227470448627,0.9126371729826062,0.5346276244802707,7.553711175918579
ANDR,topk,16,303,0,-1,0.8997623274281105,0.5860663571402693,0.9394389958155542,0.5686542634764719,0.8779521091470112,0.541516392788168,0.919557209177338,0.5459057740863315,0.8866636853106442,0.5504227470448627,0.9126371729826062,0.5346276244802707,12.870190382003784
ANDR,topk,32,303,0,-1,0.8999165603631516,0.584724387996737,0.9403130060234643,0.5698000127963129,0.8779521091470112,0.541516392788168,0.919557209177338,0.5459057740863315,0.8866636853106442,0.5504227470448627,0.9126371729826062,0.5346276244802707,16.741119861602783
ANDR,topk,64,303,0,-1,0.9117538517970696,0.615691402490344,0.9452085244349416,0.5799378452547709,0.8779521091470112,0.541516392788168,0.919557209177338,0.5459057740863315,0.8866636853106442,0.5504227470448627,0.9126371729826062,0.5346276244802707,22.818602800369263
ANDR,topk,128,303,0,-1,0.9164885382959864,0.6300819543456685,0.9444068395034456,0.5755986066681997,0.8779521091470112,0.541516392788168,0.919557209177338,0.5459057740863315,0.8866636853106442,0.5504227470448627,0.9126371729826062,0.5346276244802707,33.84581112861633
CTCF,random,1,297,0,1791398973,0.9710337356972212,0.8154690248554991,0.9780703889466004,0.7378433010026353,0.9683369357475168,0.8174315028254592,0.9780461863731668,0.7461634625553875,0.9713421392346704,0.8228445772159807,0.9786201655715662,0.7587156794761947,10.625640630722046
CTCF,random,1,297,1,499229867,0.9693833556868828,0.8099954243322441,0.9792729716208552,0.74108825749052,0.9683369357475168,0.8174315028254592,0.9780461863731668,0.7461634625553875,0.9698736996521228,0.8112794207616661,0.9797440797649624,0.7559701689081391,10.777326583862305
CTCF,random,1,297,2,80278801,0.9469066362099556,0.718985405905239,0.9715704791251092,0.6812435082564291,0.9683369357475168,0.8174315028254592,0.9780461863731668,0.7461634625553875,0.9483722501641588,0.726128733098616,0.9717689221915607,0.6889602132175353,9.526992797851562
CTCF,random,1,297,3,1942996359,0.9483594639339452,0.731886930591402,0.972075943369171,0.6796751330700394,0.9683369357475168,0.8174315028254592,0.9780461863731668,0.7461634625553875,0.9500308402140352,0.7319623205466627,0.9721821048237536,0.6907490604147738,9.612587213516235
CTCF,random,1,297,4,1839943716,0.9647415601380332,0.8072587158249731,0.9743452463498417,0.7117174757056506,0.9683369357475168,0.8174315028254592,0.9780461863731668,0.7461634625553875,0.9658293711667156,0.8094015564925742,0.9756142692354264,0.7442672971321497,8.266931533813477
CTCF,random,2,297,0,1753229924,0.9672390348855078,0.810506798521797,0.9767094652382562,0.7209826545107583,0.9683369357475168,0.8174315028254592,0.9780461863731668,0.7461634625553875,0.96651302164103,0.8128505801883783,0.976782364525113,0.7424490084328457,8.573723554611206
CTCF,random,2,297,1,528947954,0.965087429621247,0.8062511509822143,0.9751342544499748,0.7170335403400694,0.9683369357475168,0.8174315028254592,0.9780461863731668,0.7461634625553875,0.9658293711667156,0.8094015564925742,0.9756142692354264,0.7442672971321497,8.236292123794556
CTCF,random,2,297,2,109988680,0.9609082575408304,0.7835757413391503,0.9774293892716251,0.7417051022315934,0.9683369357475168,0.8174315028254592,0.9780461863731668,0.7461634625553875,0.962495522304651,0.7811642194085451,0.9778873147835396,0.7362303028352575,8.177047967910767
CTCF,random,2,297,3,1904835550,0.9704491030638336,0.8212144362124922,0.9793163956000532,0.7665496395914554,0.9683369357475168,0.8174315028254592,0.9780461863731668,0.7461634625553875,0.9716997701775708,0.8200965342771009,0.9791132141787382,0.7639333903998063,9.0894193649292
CTCF,random,2,297,4,1877864061,0.9568299383880298,0.7537849040703949,0.9754098237217276,0.7163471422938605,0.9683369357475168,0.8174315028254592,0.9780461863731668,0.7461634625553875,0.9583845278511254,0.7583868399339715,0.9756859305593616,0.724716402555626,7.75445032119751
CTCF,random,4,297,0,1812813526,0.9701460657753188,0.8229765110300563,0.9804272463370955,0.750572352883354,0.9683369357475168,0.8174315028254592,0.9780461863731668,0.7461634625553875,0.9703490248264108,0.8184779276527728,0.979700163149811,0.7619500363708289,11.64863419532776
CTCF,random,4,297,1,453666368,0.9690191884264496,0.8159459976896154,0.9797998017984718,0.7704175577101969,0.9683369357475168,0.8174315028254592,0.9780461863731668,0.7461634625553875,0.9694403230087878,0.8141014411152641,0.9789272186143736,0.7592977546324355,11.911057472229004
CTCF,random,4,297,2,33765370,0.9715465351998548,0.832995021528608,0.9809847620625703,0.7584658629064227,0.9683369357475168,0.8174315028254592,0.9780461863731668,0.7461634625553875,0.9636283198513488,0.8113663477720032,0.9791961704405684,0.7209666926333436,11.83278226852417
CTCF,random,4,297,3,1963198316,0.9733574053117622,0.8369759777705118,0.9809034293325516,0.7703658045743896,0.9683369357475168,0.8174315028254592,0.9780461863731668,0.7461634625553875,0.973771250541375,0.8414612763624256,0.9771032521620536,0.7610480653667139,12.080546855926514
CTCF,random,4,297,4,1801491151,0.9746509241795548,0.8431100022823775,0.9791356960315084,0.7592416421540188,0.9683369357475168,0.8174315028254592,0.9780461863731668,0.7461634625553875,0.9738856280648812,0.8346579809058898,0.9800346202624416,0.7675821709388204,11.796074628829956
CTCF,random,8,297,0,1696051122,0.967074396104894,0.8088480667274324,0.9798339845517522,0.7584477576776955,0.9683369357475168,0.8174315028254592,0.9780461863731668,0.7461634625553875,0.968584290344664,0.8067545436883916,0.9792100668531842,0.7564053835283948,10.060269355773926
CTCF,random,8,297,1,303079204,0.9669335771267308,0.8117907589857312,0.9794247662687766,0.7375364998723699,0.9683369357475168,0.8174315028254592,0.9780461863731668,0.7461634625553875,0.967085060843567,0.7980049649801706,0.9791072318065654,0.7583217388315885,10.77672815322876
CTCF,random,8,297,2,186240670,0.9699542178353382,0.82707910004898,0.9786284597638152,0.7388528427588589,0.9683369357475168,0.8174315028254592,0.9780461863731668,0.7461634625553875,0.9696649650027244,0.8123282173136458,0.9778230955764732,0.7572566904472984,9.396901607513428
CTCF,random,8,297,3,2082405896,0.9721780474174666,0.837708360251241,0.979271690321265,0.7622593696180172,0.9683369357475168,0.8174315028254592,0.9780461863731668,0.7461634625553875,0.9691189851488606,0.8300260944666559,0.9793508740623664,0.7305819694299897,8.775537967681885
CTCF,random,8,297,4,1652190123,0.9687287096413651,0.8211768758027734,0.9784830148937932,0.7272512424792013,0.9683369357475168,0.8174315028254592,0.9780461863731668,0.7461634625553875,0.9685799453735138,0.8252289153863404,0.9754532913562464,0.7402759877879503,12.78542685508728
CTCF,random,16,297,0,228089275,0.973514216158822,0.8402376443169988,0.9804586326006464,0.7483819474050676,0.9683369357475168,0.8174315028254592,0.9780461863731668,0.7461634625553875,0.9738101415259092,0.8377776079047926,0.979344762954796,0.7601699578773023,20.258373498916622
CTCF,random,16,297,1,2057268525,0.971170490520698,0.831609886770569,0.9807967150167928,0.7532178615342564,0.9683369357475168,0.8174315028254592,0.9780461863731668,0.7461634625553875,0.9724627764505358,0.8296309289514953,0.9787089053667364,0.7631127167798945,20.31694507598877
CTCF,random,16,297,2,1670790295,0.9734578740377496,0.8425321960857655,0.9804918170172902,0.7607543840831786,0.9683369357475168,0.8174315028254592,0.9780461863731668,0.7461634625553875,0.9739721181385084,0.8402322104490865,0.9792557860825564,0.7660253535234085,18.364466905593872
CTCF,random,16,297,3,345050113,0.9728132745155568,0.8374662318124388,0.9810116390820274,0.7650410300325418,0.9683369357475168,0.8174315028254592,0.9780461863731668,0.7461634625553875,0.9738856280648812,0.8346579809058898,0.9800346202624416,0.7675821709388204,19.60070562362671
CTCF,random,16,297,4,183867810,0.9712460587898348,0.8320469401423556,0.9800648616094472,0.752857447871558,0.9683369357475168,0.8174315028254592,0.9780461863731668,0.7461634625553875,0.9717391543372872,0.8269314827347305,0.9775521700199477,0.7498426143837252,23.848706245422363
CTCF,random,32,297,0,546848236,0.97342467133297,0.8414179934916282,0.9814267460534952,0.7475159153578776,0.9683369357475168,0.8174315028254592,0.9780461863731668,0.7461634625553875,0.9737303023317548,0.8377776079047926,0.9802296317657782,0.7601699578773023,29.57504630088806
CTCF,random,32,297,1,1470041466,0.9740730381267728,0.8407875923419379,0.9812528994143176,0.7608842152017611,0.9683369357475168,0.8174315028254592,0.9780461863731668,0.7461634625553875,0.9737303023317548,0.8340355623443515,0.9802296317657782,0.7633082023616844,36.58279848098755
CTCF,random,32,297,2,1318476992,0.9738370279559077,0.844913528511281,0.9803018774974348,0.757181296356592,0.9683369357475168,0.8174315028254592,0.9780461863731668,0.7461634625553875,0.9738101415259092,0.8414612763624256,0.979344762954796,0.7610480653667139,27.54048109054565
CTCF,random,32,297,3,965831766,0.9740673407658884,0.845324119377752,0.9811262715807048,0.7492129108211724,0.9683369357475168,0.8174315028254592,0.9780461863731668,0.7461634625553875,0.9731462271400032,0.8377776079047926,0.9771340766421728,0.7601699578773023,40.321327209472656
CTCF,random,32,297,4,670431733,0.9741837084538332,0.8437469013962141,0.9811425639375188,0.7485753709617321,0.9683369357475168,0.8174315028254592,0.9780461863731668,0.7461634625553875,0.9738856280648812,0.8402322104490865,0.9800346202624416,0.7660253535234085,35.73499131202698
CTCF,random,64,297,0,332116332,0.973472755214664,0.8399931405772515,0.9803035861093232,0.7534707813348498,0.9683369357475168,0.8174315028254592,0.9780461863731668,0.7461634625553875,0.9734933735697222,0.846438471669852,0.978544158790652,0.759254265634325,46.0948748588562
CTCF,random,64,297,1,1691124218,0.9735557832823394,0.8452021024506116,0.9799476148899692,0.7484599161544414,0.9683369357475168,0.8174315028254592,0.9780461863731668,0.7461634625553875,0.9739721181385084,0.8377776079047926,0.9792557860825564,0.7601699578773023,42.46452879905701
CTCF,random,64,297,2,2110115904,0.9732615504980648,0.8403976226050043,0.9812489589639988,0.7586411923611907,0.9683369357475168,0.8174315028254592,0.9780461863731668,0.7461634625553875,0.9723798950780278,0.8304455828434313,0.9805035695394204,0.7576647698361585,38.37655782699585
CTCF,random,64,297,3,180543702,0.9727850049596936,0.8392842826441264,0.9807992154788382,0.7557192479629185,0.9683369357475168,0.8174315028254592,0.9780461863731668,0.7461634625553875,0.9735701992260084,0.8296309289514953,0.979741564963578,0.7631127167798945,31.565492153167725
CTCF,random,64,297,4,346453365,0.9740675454405744,0.8463533575976642,0.9811879638776122,0.7525652647715612,0.9683369357475168,0.8174315028254592,0.9780461863731668,0.7461634625553875,0.9739721181385084,0.8414612763624256,0.9792557860825564,0.7610480653667139,29.61583185195923
CTCF,random,128,297,0,215523130,0.9748677228718724,0.8465273989578974,0.9810976429313432,0.7552523565685977,0.9683369357475168,0.8174315028254592,0.9780461863731668,0.7461634625553875,0.9739721181385084,0.8414612763624256,0.9792557860825564,0.7610480653667139,47.21347379684448
CTCF,random,128,297,1,2078257068,0.9735478177347472,0.8423944506251219,0.9800861083671636,0.7592579649069722,0.9683369357475168,0.8174315028254592,0.9780461863731668,0.7461634625553875,0.9737303023317548,0.8414612763624256,0.9802296317657782,0.7610480653667139,47.90998029708862
CTCF,random,128,297,2,1658256918,0.9738397956047335,0.8433804226681972,0.980939022439472,0.7566802465068471,0.9683369357475168,0.8174315028254592,0.9780461863731668,0.7461634625553875,0.9737303023317548,0.8340355623443515,0.9802296317657782,0.7633082023616844,42.860283851623535
CTCF,random,128,297,3,366071424,0.9737836392975396,0.8413810838391688,0.981650956274576,0.751370055527992,0.9683369357475168,0.8174315028254592,0.9780461863731668,0.7461634625553875,0.9738856280648812,0.8397348283680398,0.9800346202624416,0.7586286283209583,44.27714705467224
CTCF,random,128,297,4,196434723,0.9742720853067328,0.8401492762357988,0.9816169965776778,0.7530430644841848,0.9683369357475168,0.8174315028254592,0.9780461863731668,0.7461634625553875,0.9738856280648812,0.8414612763624256,0.9800346202624416,0.7610480653667139,38.21985483169556
CTCF,random,297,297,0,-1,0.9746882357461196,0.8451090511107765,0.9799376522359806,0.7486518327721627,0.9683369357475168,0.8174315028254592,0.9780461863731668,0.7461634625553875,0.9737303023317548,0.8414612763624256,0.9802296317657782,0.7610480653667139,54.63116908073425
CTCF,random,297,297,1,-1,0.9721248236165247,0.8422184649578603,0.980112787185092,0.7485662855833056,0.9683369357475168,0.8174315028254592,0.9780461863731668,0.7461634625553875,0.9737303023317548,0.8414612763624256,0.9802296317657782,0.7610480653667139,63.9104859828949
CTCF,topk,1,297,0,-1,0.9731184633331936,0.8322750780585091,0.9798537983315384,0.7621414696057982,0.9683369357475168,0.8174315028254592,0.9780461863731668,0.7461634625553875,0.9737303023317548,0.8340355623443515,0.9802296317657782,0.7633082023616844,8.975562334060669
CTCF,topk,2,297,0,-1,0.974332032636182,0.835763972600464,0.9805937987139208,0.7638052922609977,0.9683369357475168,0.8174315028254592,0.9780461863731668,0.7461634625553875,0.9737303023317548,0.8340355623443515,0.9802296317657782,0.7633082023616844,8.512533187866211
CTCF,topk,4,297,0,-1,0.9747730842309682,0.8380712524249601,0.9794292360000254,0.7535268960877158,0.9683369357475168,0.8174315028254592,0.9780461863731668,0.7461634625553875,0.9737303023317548,0.8340355623443515,0.9802296317657782,0.7633082023616844,10.48981261253357
CTCF,topk,8,297,0,-1,0.974787414253182,0.8396826936346348,0.9796687510754504,0.764658250335258,0.9683369357475168,0.8174315028254592,0.9780461863731668,0.7461634625553875,0.9737303023317548,0.8340355623443515,0.9802296317657782,0.7633082023616844,9.998149156570436
CTCF,topk,16,297,0,-1,0.9749024141833272,0.8401592485492667,0.9797098759806514,0.7535350424693918,0.9683369357475168,0.8174315028254592,0.9780461863731668,0.7461634625553875,0.9737303023317548,0.8414612763624256,0.9802296317657782,0.7610480653667139,17.72996234893799
CTCF,topk,32,297,0,-1,0.9749215900359054,0.8413740607297666,0.980309790900574,0.7610193155446299,0.9683369357475168,0.8174315028254592,0.9780461863731668,0.7461634625553875,0.9737303023317548,0.8414612763624256,0.9802296317657782,0.7610480653667139,20.21005797386169
CTCF,topk,64,297,0,-1,0.9747081848917948,0.8419055269063983,0.9811944583235084,0.7648106685479615,0.9683369357475168,0.8174315028254592,0.9780461863731668,0.7461634625553875,0.9737303023317548,0.8414612763624256,0.9802296317657782,0.7610480653667139,43.978898763656616
CTCF,topk,128,297,0,-1,0.9740110056303004,0.8434697116168945,0.9815985456723876,0.7493167682471212,0.9683369357475168,0.8174315028254592,0.9780461863731668,0.7461634625553875,0.9737303023317548,0.8414612763624256,0.9802296317657782,0.7610480653667139,47.03346610069275
MYC,random,1,165,0,762390196,0.8239396287846609,0.4097775620917394,0.8123977686525141,0.1123734234435631,0.8924913912407535,0.5366777692136396,0.8745789474851673,0.1673442823597931,0.8318321939940141,0.4397294413137692,0.823429455232544,0.1260213851396521,4.11200213432312
MYC,random,1,165,1,1517688354,0.8833017528361693,0.5065726070113146,0.8487425760096614,0.1557674060718363,0.8924913912407535,0.5366777692136396,0.8745789474851673,0.1673442823597931,0.8817353474455697,0.5154119665618385,0.8602065114646944,0.1639717570193515,3.2815699577331543
MYC,random,1,165,2,1132414872,0.8391927658968252,0.4578303792311172,0.820764395309346,0.1129481757159457,0.8924913912407535,0.5366777692136396,0.8745789474851673,0.1673442823597931,0.8462514125929148,0.4782396367904359,0.8281614739346517,0.1357150668168898,4.228442668914795
MYC,random,1,165,3,880310030,0.8746340699556719,0.5276362939882576,0.84255746395668,0.1365307759449029,0.8924913912407535,0.5366777692136396,0.8745789474851673,0.1673442823597931,0.8773278225974854,0.5384552658919206,0.845087260714635,0.1463986933879301,5.0982325077056885
MYC,random,1,165,4,706536109,0.89565196032998,0.5855284656829326,0.8607369516681284,0.154129619035908,0.8924913912407535,0.5366777692136396,0.8745789474851673,0.1673442823597931,0.8980845180329705,0.6015623872967518,0.861960102639862,0.1636222044974628,5.139659404754639
MYC,random,2,165,0,792172781,0.8934026191893473,0.5757923198280177,0.8606043416172698,0.1711478991017076,0.8924913912407535,0.5366777692136396,0.8745789474851673,0.1673442823597931,0.8895435435997249,0.5838369162755543,0.8538768873157515,0.1819517442408766,4.509931564331055
MYC,random,2,165,1,1479583867,0.8845127782088609,0.5359918675457894,0.8690275926940536,0.1673995714676922,0.8924913912407535,0.5366777692136396,0.8745789474851673,0.1673442823597931,0.8890666692099869,0.5392960443116108,0.8697212559739111,0.1620830573496718,4.132991075515747
MYC,random,2,165,2,1094318529,0.8171493392793269,0.4271066512707414,0.8084834180568443,0.108956800238369,0.8924913912407535,0.5366777692136396,0.8745789474851673,0.1673442823597931,0.8022803393230115,0.4132195981899779,0.796980705812804,0.105936863840481,4.9737958908081055
MYC,random,2,165,3,910084439,0.9008167448699784,0.5524084158671881,0.8613589308418763,0.1569314329974284,0.8924913912407535,0.5366777692136396,0.8745789474851673,0.1673442823597931,0.8843588356101976,0.5327601972315323,0.8605320464249784,0.162732953851972,4.316488027572632
MYC,random,2,165,4,677010676,0.8937240444883315,0.5703385398141264,0.8641372743999209,0.1683131512934744,0.8924913912407535,0.5366777692136396,0.8745789474851673,0.1673442823597931,0.8934233691935387,0.5800122970421226,0.8629980749262989,0.1777005718798682,4.136895179748535
MYC,random,4,165,0,733668447,0.8954659672037332,0.5842223063023028,0.8592092623093743,0.1503108305001136,0.8924913912407535,0.5366777692136396,0.8745789474851673,0.1673442823597931,0.8756282484377145,0.5384552658919206,0.8494595671239461,0.1463986933879301,4.926936626434326
MYC,random,4,165,1,1555944649,0.8993440627141733,0.5915318361229048,0.879042112188725,0.1954685665629094,0.8924913912407535,0.5366777692136396,0.8745789474851673,0.1673442823597931,0.8862171449195028,0.5517235639898382,0.8650150812155283,0.1680633650092067,5.37712836265564
MYC,random,4,165,2,1169458547,0.8791130120589525,0.5063116715755743,0.8600823283140324,0.1534280263357722,0.8924913912407535,0.5366777692136396,0.8745789474851673,0.1673442823597931,0.8694531281963703,0.5116818518865588,0.8493079720824517,0.1330952989669724,5.6427528858184814
MYC,random,4,165,3,850638309,0.8967140904023252,0.5854898621664877,0.868766972048831,0.1732386475249402,0.8924913912407535,0.5366777692136396,0.8745789474851673,0.1673442823597931,0.8793203031713065,0.5558327895526838,0.8550154322095131,0.1646099590610892,7.111461162567139
MYC,random,4,165,4,752296006,0.8963751993252146,0.5939194308332165,0.871157460729449,0.1872637594449167,0.8924913912407535,0.5366777692136396,0.8745789474851673,0.1673442823597931,0.8769614041344931,0.5618767766080419,0.8513283056380812,0.168240733382055,5.914508104324341
MYC,random,8,165,0,580918587,0.9026654709102572,0.6040875189366174,0.8764926606374859,0.2025690399185518,0.8924913912407535,0.5366777692136396,0.8745789474851673,0.1673442823597931,0.8962524642050331,0.5668722730067093,0.8664517100344309,0.1800798998785072,6.573421716690064
MYC,random,8,165,1,1437019565,0.8995306148186288,0.5960255069194681,0.8737685928407579,0.1841015860499505,0.8924913912407535,0.5366777692136396,0.8745789474851673,0.1673442823597931,0.885059823607297,0.5626168448686314,0.845727531154848,0.1545872753647925,5.247208118438721
MYC,random,8,165,2,1286503447,0.901105425042228,0.5918663967157674,0.8823854929967132,0.1916514946348509,0.8924913912407535,0.5366777692136396,0.8745789474851673,0.1673442823597931,0.8876869973626712,0.565042339144767,0.8605078987347123,0.1715171610597196,5.6247334480285645
MYC,random,8,165,3,1000950913,0.9018177538824592,0.5835564631088532,0.8765185589483089,0.1814827951017368,0.8924913912407535,0.5366777692136396,0.8745789474851673,0.1673442823597931,0.8809228533757787,0.5477492258584721,0.8577863948903279,0.1742077715985873,7.137829065322876
MYC,random,8,165,4,634247458,0.8979779382993769,0.5939208201241004,0.8693767838660373,0.1869354827884662,0.8924913912407535,0.5366777692136396,0.8745789474851673,0.1673442823597931,0.8895435435997249,0.5838369162755543,0.8538768873157515,0.1819517442408766,8.231786012649536
MYC,random,16,165,0,423350669,0.9090970100339923,0.6085837514158388,0.8869863695596094,0.1954305856857378,0.8924913912407535,0.5366777692136396,0.8745789474851673,0.1673442823597931,0.8980845180329705,0.6015623872967518,0.861960102639862,0.1636222044974628,13.005791902542114
MYC,random,16,165,1,1849483547,0.9049785978790011,0.6067390001147803,0.8798672894787443,0.2021753032015129,0.8924913912407535,0.5366777692136396,0.8745789474851673,0.1673442823597931,0.8821051106142368,0.5700831602757866,0.8512852468964325,0.1887466118923249,7.989574432373047
MYC,random,16,165,2,2000007329,0.9073371651943204,0.6107638862034963,0.8837976109531348,0.1990999823927247,0.8924913912407535,0.5366777692136396,0.8745789474851673,0.1673442823597931,0.8980845180329705,0.6015623872967518,0.861960102639862,0.1636222044974628,8.988819122314453
MYC,random,16,165,3,3309623,0.9082740841479272,0.611408896334748,0.8774975907764173,0.1939187576120306,0.8924913912407535,0.5366777692136396,0.8745789474851673,0.1673442823597931,0.8818995165963783,0.5659990110118963,0.8487281100122144,0.1793535679002746,7.217426538467407
MYC,random,16,165,4,508958100,0.8977648448099452,0.5982148971862485,0.8709815353242392,0.1819084071269369,0.8924913912407535,0.5366777692136396,0.8745789474851673,0.1673442823597931,0.8818995165963783,0.5659990110118963,0.8487281100122144,0.1793535679002746,8.071064949035645
MYC,random,32,165,0,876327386,0.9094680102855804,0.6162004244463712,0.8843559045082372,0.207499294160239,0.8924913912407535,0.5366777692136396,0.8745789474851673,0.1673442823597931,0.8870099281347559,0.5654777459408792,0.8625246614593425,0.1905214689891197,9.99757719039917
MYC,random,32,165,1,1128038732,0.9087102649240748,0.6129352484600248,0.8844802507601934,0.2129213183298486,0.8924913912407535,0.5366777692136396,0.8745789474851673,0.1673442823597931,0.9040780198398192,0.5838369162755543,0.8726794219707534,0.1819517442408766,11.270999908447266
MYC,random,32,165,2,1513476342,0.9122486904533436,0.6196858046991136,0.8857144317287775,0.2087267760998333,0.8924913912407535,0.5366777692136396,0.8745789474851673,0.1673442823597931,0.8962524642050331,0.5668722730067093,0.8664517100344309,0.1800798998785072,12.713873147964478
MYC,random,32,165,3,758308960,0.9076920173901822,0.6125689318383559,0.8847081989541772,0.2182881659857887,0.8924913912407535,0.5366777692136396,0.8745789474851673,0.1673442823597931,0.8931178463664118,0.5700831602757866,0.8704025909706168,0.1887466118923249,11.150170087814333
MYC,random,32,165,4,861304259,0.9085795794843224,0.6191075588439113,0.8821519689131543,0.2094528366431599,0.8924913912407535,0.5366777692136396,0.8745789474851673,0.1673442823597931,0.8980845180329705,0.6015623872967518,0.861960102639862,0.1636222044974628,11.017155647277832
MYC,random,64,165,0,124271962,0.9114712269064384,0.6199406379417146,0.8882811154754119,0.2138552352231121,0.8924913912407535,0.5366777692136396,0.8745789474851673,0.1673442823597931,0.9040780198398192,0.5838369162755543,0.8726794219707534,0.1819517442408766,17.89683961868286
MYC,random,64,165,1,1886326220,0.911275687165474,0.6181094428478437,0.8871043048433648,0.2078922749833433,0.8924913912407535,0.5366777692136396,0.8745789474851673,0.1673442823597931,0.8931178463664118,0.5700831602757866,0.8704025909706168,0.1887466118923249,16.09861922264099
MYC,random,64,165,2,1768316022,0.9122646149177862,0.6192856695324224,0.8854809663616847,0.2087944183935244,0.8924913912407535,0.5366777692136396,0.8745789474851673,0.1673442823597931,0.8980845180329705,0.6015623872967518,0.861960102639862,0.1636222044974628,18.500259399414062
MYC,random,64,165,3,509701344,0.9109630350752924,0.6182946499334169,0.8865605664477499,0.2117942797022191,0.8924913912407535,0.5366777692136396,0.8745789474851673,0.1673442823597931,0.8936140119188523,0.5700831602757866,0.8547332300010521,0.1887466118923249,13.331282138824465
MYC,random,64,165,4,391491,0.9104217462360478,0.6180453093345883,0.8871233550745184,0.2166507514630854,0.8924913912407535,0.5366777692136396,0.8745789474851673,0.1673442823597931,0.8931178463664118,0.5654777459408792,0.8704025909706168,0.1905214689891197,16.987388372421265
MYC,random,128,165,0,1140238639,0.913013357981059,0.6210406339672857,0.8888194563055329,0.2183875326233181,0.8924913912407535,0.5366777692136396,0.8745789474851673,0.1673442823597931,0.9040780198398192,0.5838369162755543,0.8726794219707534,0.1819517442408766,23.530017852783203
MYC,random,128,165,1,888248761,0.9134443924922564,0.6237151063114982,0.888684608504919,0.2156281417772789,0.8924913912407535,0.5366777692136396,0.8745789474851673,0.1673442823597931,0.8980845180329705,0.6015623872967518,0.861960102639862,0.1636222044974628,22.633869647979736
MYC,random,128,165,2,771278851,0.9122834955522304,0.6207505803793116,0.8884251904599052,0.2191750055252178,0.8924913912407535,0.5366777692136396,0.8745789474851673,0.1673442823597931,0.8980845180329705,0.6015623872967518,0.861960102639862,0.1636222044974628,22.31461191177368
MYC,random,128,165,3,1526724757,0.9137992465208334,0.625362250689909,0.8877296482531395,0.2159987069860675,0.8924913912407535,0.5366777692136396,0.8745789474851673,0.1673442823597931,0.8980845180329705,0.6015623872967518,0.861960102639862,0.1636222044974628,22.947632789611816
MYC,random,128,165,4,1151036726,0.9133839513698194,0.6250356759337956,0.8875795863638097,0.2164796431166373,0.8924913912407535,0.5366777692136396,0.8745789474851673,0.1673442823597931,0.8980845180329705,0.6015623872967518,0.861960102639862,0.1636222044974628,20.91917848587036
MYC,random,165,165,0,-1,0.9137892912105732,0.6247101522665274,0.8883664413737618,0.2141738017929962,0.8924913912407535,0.5366777692136396,0.8745789474851673,0.1673442823597931,0.8980845180329705,0.6015623872967518,0.861960102639862,0.1636222044974628,23.788713932037357
MYC,random,165,165,1,-1,0.9129130461342638,0.6230832169758619,0.8884427031895263,0.2187544458368233,0.8924913912407535,0.5366777692136396,0.8745789474851673,0.1673442823597931,0.8980845180329705,0.6015623872967518,0.861960102639862,0.1636222044974628,26.889277696609497
MYC,topk,1,165,0,-1,0.8956953810241421,0.5872754812974776,0.8605239326792667,0.1540555442697325,0.8924913912407535,0.5366777692136396,0.8745789474851673,0.1673442823597931,0.8980845180329705,0.6015623872967518,0.861960102639862,0.1636222044974628,6.475216865539551
MYC,topk,2,165,0,-1,0.9027841905509136,0.5888250039460539,0.8724134233321925,0.1833105879558457,0.8924913912407535,0.5366777692136396,0.8745789474851673,0.1673442823597931,0.8980845180329705,0.6015623872967518,0.861960102639862,0.1636222044974628,5.649626016616821
MYC,topk,4,165,0,-1,0.911364000224295,0.6165317094974073,0.8795575753439904,0.1918182886318676,0.8924913912407535,0.5366777692136396,0.8745789474851673,0.1673442823597931,0.8980845180329705,0.6015623872967518,0.861960102639862,0.1636222044974628,7.131415605545044
MYC,topk,8,165,0,-1,0.9153991356224892,0.617853367508448,0.8864830541887305,0.1997835070113347,0.8924913912407535,0.5366777692136396,0.8745789474851673,0.1673442823597931,0.8980845180329705,0.6015623872967518,0.861960102639862,0.1636222044974628,6.54437255859375
MYC,topk,16,165,0,-1,0.9147574011482228,0.6183892359526498,0.8872945222713078,0.2053203770842658,0.8924913912407535,0.5366777692136396,0.8745789474851673,0.1673442823597931,0.8980845180329705,0.6015623872967518,0.861960102639862,0.1636222044974628,10.18118143081665
MYC,topk,32,165,0,-1,0.9143204836204688,0.6170620103024971,0.8882636070951585,0.2115289594658368,0.8924913912407535,0.5366777692136396,0.8745789474851673,0.1673442823597931,0.8980845180329705,0.6015623872967518,0.861960102639862,0.1636222044974628,10.814844608306885
MYC,topk,64,165,0,-1,0.9134552238404962,0.6200255091122903,0.8886089338538135,0.2097542954380726,0.8924913912407535,0.5366777692136396,0.8745789474851673,0.1673442823597931,0.8980845180329705,0.6015623872967518,0.861960102639862,0.1636222044974628,16.46805453300476
MYC,topk,128,165,0,-1,0.913428017179816,0.6212849739898182,0.888255208465853,0.2230327496212004,0.8924913912407535,0.5366777692136396,0.8745789474851673,0.1673442823597931,0.8980845180329705,0.6015623872967518,0.861960102639862,0.1636222044974628,22.316664695739743
ESR1,random,1,290,0,1786138325,0.8352525521854383,0.5635830166187353,0.8463285409786684,0.3013485441869728,0.8537285780143843,0.5841917697210142,0.8691397574230324,0.371448478866594,0.8372802106965517,0.5695502783450764,0.8475608986203648,0.3213200130933136,9.102561712265016
ESR1,random,1,290,1,493977155,0.8545905915400704,0.6006462487316913,0.8691778396580018,0.3411154981996183,0.8537285780143843,0.5841917697210142,0.8691397574230324,0.371448478866594,0.8566985564571704,0.6092085442528891,0.8709529129612179,0.36992823177613,9.311156511306764
ESR1,random,1,290,2,74985465,0.8449109275903065,0.5718486207778718,0.8533381781268631,0.3251086369855655,0.8537285780143843,0.5841917697210142,0.8691397574230324,0.371448478866594,0.8467895797589423,0.5812325427387173,0.8559379166383845,0.3555415703629162,8.470536947250366
ESR1,random,1,290,3,1937710959,0.8368117922409877,0.5738542109583281,0.8536314868761345,0.3127748048580198,0.8537285780143843,0.5841917697210142,0.8691397574230324,0.371448478866594,0.8377112200501247,0.5726409834829548,0.8555118387747599,0.3549128836476323,9.840292930603027
ESR1,random,1,290,4,1830521548,0.8091497846785396,0.4665692275442542,0.8061393179776093,0.238842733123232,0.8537285780143843,0.5841917697210142,0.8691397574230324,0.371448478866594,0.8114792404126971,0.4782057897289724,0.8080393364649683,0.2568926940575383,9.706147909164429
ESR1,random,2,290,0,1748037772,0.8443076284874151,0.5310427467025263,0.8594471286192245,0.3323427816227026,0.8537285780143843,0.5841917697210142,0.8691397574230324,0.371448478866594,0.8146066792674375,0.5032334490268838,0.81721020138329,0.2695213785469786,9.019620180130005
ESR1,random,2,290,1,523747354,0.8536187383249927,0.5963883009731074,0.8828869910070085,0.3617370413290146,0.8537285780143843,0.5841917697210142,0.8691397574230324,0.371448478866594,0.838988723421602,0.566771251729891,0.8554042154175678,0.3581583654435601,5.080820322036743
ESR1,random,2,290,2,104763808,0.8535933875157735,0.5871265759271914,0.87951322124953,0.3634506103855255,0.8537285780143843,0.5841917697210142,0.8691397574230324,0.371448478866594,0.8484027401556314,0.587110182790844,0.8638342625197226,0.3565347587732993,8.214383363723755
ESR1,random,2,290,3,1899602230,0.8565922339425525,0.5603193073814539,0.8750557424811467,0.3372241731538784,0.8537285780143843,0.5841917697210142,0.8691397574230324,0.371448478866594,0.8347276848364515,0.5422599894752902,0.8326109009473998,0.3029306574231681,8.891264915466309
ESR1,random,2,290,4,1868379285,0.8633243831494632,0.6054729959621128,0.8888853549595468,0.3775764172368036,0.8537285780143843,0.5841917697210142,0.8691397574230324,0.371448478866594,0.847496186803258,0.5909735952888536,0.8613036541927919,0.3718628893770386,7.454741954803467
ESR1,random,4,290,0,1824361534,0.8630332804590253,0.6065722414417748,0.8868342685468079,0.3570889032669,0.8537285780143843,0.5841917697210142,0.8691397574230324,0.371448478866594,0.8435857465002106,0.5726409834829548,0.8602196430218632,0.3549128836476323,8.502333402633667
ESR1,random,4,290,1,465222824,0.8640034642078211,0.609090692344891,0.8898676993545475,0.3873002811606658,0.8537285780143843,0.5841917697210142,0.8691397574230324,0.371448478866594,0.8405182788951261,0.567564497152618,0.8568417900752663,0.3504649837048734,8.840686798095703
ESR1,random,4,290,2,45346066,0.8655482397007626,0.5896583640941696,0.8859457166375206,0.3743068726276868,0.8537285780143843,0.5841917697210142,0.8691397574230324,0.371448478866594,0.834582988432066,0.5472435006446892,0.8546034228655239,0.3434525501605278,8.599965810775757
ESR1,random,4,290,3,1974787460,0.8711234042138146,0.6157687282539076,0.8855715518803443,0.3624472213372981,0.8537285780143843,0.5841917697210142,0.8691397574230324,0.371448478866594,0.8583740612120103,0.6006781986414166,0.867629112414036,0.3536773188906758,8.766983985900879
ESR1,random,4,290,4,1808812071,0.8590287479585903,0.5759106489218027,0.8807604290491844,0.3550410324315206,0.8537285780143843,0.5841917697210142,0.8691397574230324,0.371448478866594,0.8480971760114612,0.5660838894809369,0.8457475517141644,0.3246897863494541,9.356871128082275
ESR1,random,8,290,0,1705473370,0.8635923806752706,0.6000470777269604,0.8884210880977442,0.4058163843021485,0.8537285780143843,0.5841917697210142,0.8691397574230324,0.371448478866594,0.840018709504471,0.5759156565166771,0.8551128767516498,0.357523022102089,10.144504308700562
ESR1,random,8,290,1,312493516,0.867092973742027,0.6211909867597726,0.8863489572465645,0.4053440867053789,0.8537285780143843,0.5841917697210142,0.8691397574230324,0.371448478866594,0.8537285780143843,0.5841917697210142,0.8691397574230324,0.371448478866594,9.57231092453003
ESR1,random,8,290,2,195630198,0.8652962601391501,0.6130485766725892,0.8885228596224801,0.3970528465226803,0.8537285780143843,0.5841917697210142,0.8691397574230324,0.371448478866594,0.8458996236579468,0.5926903001964625,0.8551196592369787,0.3722702333110788,10.914109706878662
ESR1,random,8,290,3,2091787488,0.8650161100180063,0.6046928735619619,0.8876700169847775,0.3762404970511944,0.8537285780143843,0.5841917697210142,0.8691397574230324,0.371448478866594,0.8537285780143843,0.602753520842568,0.8691397574230324,0.3805644487125045,10.09719467163086
ESR1,random,8,290,4,1657450819,0.8692631327549494,0.6089814218057735,0.8908568504076793,0.4073330081352022,0.8537285780143843,0.5841917697210142,0.8691397574230324,0.371448478866594,0.8484203643723013,0.5799556599039648,0.8619651127003709,0.3753482085047552,10.812597036361694
ESR1,random,16,290,0,600409899,0.8688615893258069,0.6199812236078778,0.8886039513152034,0.4019227529672323,0.8537285780143843,0.5841917697210142,0.8691397574230324,0.371448478866594,0.8528214412296604,0.5933335787012877,0.8650146063349629,0.3525789154858438,17.181991815567017
ESR1,random,16,290,1,1422833597,0.8711866853798602,0.6218649070382961,0.8922270594953248,0.3884022666951787,0.8537285780143843,0.5841917697210142,0.8691397574230324,0.371448478866594,0.8582806571124573,0.6044555313706748,0.8726889834485925,0.3650934523992948,17.098697423934937
ESR1,random,16,290,2,1304946183,0.8694071721502583,0.6207608720005463,0.8934410176059864,0.3768731408159162,0.8537285780143843,0.5841917697210142,0.8691397574230324,0.371448478866594,0.8596543636079613,0.5933335787012877,0.8701736906060561,0.3525789154858438,15.098069190979004
ESR1,random,16,290,3,985716369,0.869259700556113,0.6127816120483929,0.8926774531832453,0.3932697491561454,0.8537285780143843,0.5841917697210142,0.8691397574230324,0.371448478866594,0.8522071988841027,0.602753520842568,0.870502503158096,0.3805644487125045,11.581249952316284
ESR1,random,16,290,4,614744882,0.8716179859314626,0.6236628492713231,0.8904215486057354,0.4023405823880462,0.8537285780143843,0.5841917697210142,0.8691397574230324,0.371448478866594,0.8550264061792727,0.6034941325164044,0.8688167423146443,0.3822028737628229,11.958979845046995
ESR1,random,32,290,0,248113020,0.8720290435567153,0.6245096123418014,0.8922516110044393,0.398550800106036,0.8537285780143843,0.5841917697210142,0.8691397574230324,0.371448478866594,0.8572665687839207,0.5994553739441506,0.8707782221651958,0.3736472513036208,13.590003490447998
ESR1,random,32,290,1,2043598826,0.8720131354394636,0.626954694388069,0.8918126188214077,0.4024727801752746,0.8537285780143843,0.5841917697210142,0.8691397574230324,0.371448478866594,0.8593224621046647,0.6041033434510055,0.8725425969891776,0.3872292664768628,15.747267246246338
ESR1,random,32,290,2,1623688784,0.8733313878817877,0.626469131574956,0.8927513836834102,0.3981626585924283,0.8537285780143843,0.5841917697210142,0.8691397574230324,0.371448478866594,0.8601700214306619,0.6093427376532126,0.8708737752366469,0.3614519720914675,17.70545506477356
ESR1,random,32,290,3,398505670,0.8722713503695538,0.6292121489427768,0.892392250380206,0.3915593547077333,0.8537285780143843,0.5841917697210142,0.8691397574230324,0.371448478866594,0.8536800691896467,0.5968694892236275,0.869015898000574,0.3587763405146322,18.67569088935852
ESR1,random,32,290,4,161751909,0.869801426302041,0.6162504378749645,0.8934690016529684,0.4110550780726144,0.8537285780143843,0.5841917697210142,0.8691397574230324,0.371448478866594,0.8441716721690762,0.6120592581498678,0.8656519726166633,0.3581132105389371,18.259828329086304
ESR1,random,64,290,0,1033530364,0.8715606023027289,0.6228767296349735,0.892481969748802,0.4035244877154364,0.8537285780143843,0.5841917697210142,0.8691397574230324,0.371448478866594,0.8593224621046647,0.6041033434510055,0.8725425969891776,0.3872292664768628,31.54456639289856
ESR1,random,64,290,1,1251826538,0.8727317873047562,0.6233670312136372,0.8928988599333101,0.3971565736113238,0.8537285780143843,0.5841917697210142,0.8691397574230324,0.371448478866594,0.8578863542549542,0.6061977208310324,0.8642007765851024,0.3550047247581234,33.088626861572266
ESR1,random,64,290,2,1402211024,0.8736555793732054,0.6270804394214823,0.892276166542354,0.4009785710888112,0.8537285780143843,0.5841917697210142,0.8691397574230324,0.371448478866594,0.8582806571124573,0.6044555313706748,0.8726889834485925,0.3650934523992948,27.38049387931824
ESR1,random,64,290,3,613628486,0.8722069748792414,0.6215978535797321,0.8940306567047649,0.3956337538617526,0.8537285780143843,0.5841917697210142,0.8691397574230324,0.371448478866594,0.8523859996555491,0.5933335787012877,0.8683900963901756,0.3525789154858438,21.47464656829834
ESR1,random,64,290,4,989310949,0.8720886344872367,0.6225208731743381,0.8928910460751008,0.4001641048915382,0.8537285780143843,0.5841917697210142,0.8691397574230324,0.371448478866594,0.8537285780143843,0.6061977208310324,0.8691397574230324,0.3550047247581234,28.68583631515503
ESR1,random,128,290,0,2088328612,0.8737592800692677,0.627288851511328,0.8940653124450673,0.3985613132805695,0.8537285780143843,0.5841917697210142,0.8691397574230324,0.371448478866594,0.8601700214306619,0.5933335787012877,0.8708737752366469,0.3525789154858438,37.36703824996948
ESR1,random,128,290,1,192834866,0.8735086072717654,0.6298246624979487,0.8930232108694067,0.3946305996793908,0.8537285780143843,0.5841917697210142,0.8691397574230324,0.371448478866594,0.8582273854900591,0.6053205735055107,0.8693984104320015,0.3702611246345867,34.44992518424988
ESR1,random,128,290,2,309804168,0.8730161167912103,0.6235544760288507,0.894090419928625,0.3983935084450314,0.8537285780143843,0.5841917697210142,0.8691397574230324,0.371448478866594,0.8593224621046647,0.6041033434510055,0.8725425969891776,0.3872292664768628,34.61158275604248
ESR1,random,128,290,3,1701841950,0.8731340478479068,0.6321080776979104,0.8941132873992081,0.4072825690204336,0.8537285780143843,0.5841917697210142,0.8691397574230324,0.371448478866594,0.8582273854900591,0.6053205735055107,0.8693984104320015,0.3702611246345867,34.996230125427246
ESR1,random,128,290,4,2064947645,0.8725587389897533,0.6273099851259692,0.8925202453661866,0.3933442225752434,0.8537285780143843,0.5841917697210142,0.8691397574230324,0.371448478866594,0.8582273854900591,0.6053205735055107,0.8693984104320015,0.3702611246345867,37.27588963508606
ESR1,random,290,290,0,-1,0.872724799588345,0.6280047643075941,0.8935513422737892,0.3882835755133371,0.8537285780143843,0.5841917697210142,0.8691397574230324,0.371448478866594,0.8593224621046647,0.6041033434510055,0.8725425969891776,0.3872292664768628,55.06834149360657
ESR1,random,290,290,1,-1,0.8728138740602598,0.629906779989644,0.893459173394602,0.3894572971247168,0.8537285780143843,0.5841917697210142,0.8691397574230324,0.371448478866594,0.8593224621046647,0.6041033434510055,0.8725425969891776,0.3872292664768628,50.34593915939331
ESR1,topk,1,290,0,-1,0.8562218466299608,0.5954645059622444,0.8704397827948054,0.3795126027257616,0.8537285780143843,0.5841917697210142,0.8691397574230324,0.371448478866594,0.8593224621046647,0.6041033434510055,0.8725425969891776,0.3872292664768628,8.090532302856445
ESR1,topk,2,290,0,-1,0.8627461840731471,0.6118907648934884,0.8769715518513369,0.3865246152183689,0.8537285780143843,0.5841917697210142,0.8691397574230324,0.371448478866594,0.8593224621046647,0.6041033434510055,0.8725425969891776,0.3872292664768628,7.4507224559783936
ESR1,topk,4,290,0,-1,0.8634199790064253,0.6144021288458584,0.876877781524025,0.3917072756441629,0.8537285780143843,0.5841917697210142,0.8691397574230324,0.371448478866594,0.8593224621046647,0.6041033434510055,0.8725425969891776,0.3872292664768628,9.142628908157349
ESR1,topk,8,290,0,-1,0.8637305857470743,0.6176585974884282,0.8771721699917805,0.3856256641636673,0.8537285780143843,0.5841917697210142,0.8691397574230324,0.371448478866594,0.8593224621046647,0.6041033434510055,0.8725425969891776,0.3872292664768628,9.72769570350647
ESR1,topk,16,290,0,-1,0.8635010761031457,0.6164160710925101,0.8782859580258311,0.3652967221800236,0.8537285780143843,0.5841917697210142,0.8691397574230324,0.371448478866594,0.8593224621046647,0.6041033434510055,0.8725425969891776,0.3872292664768628,16.69129180908203
ESR1,topk,32,290,0,-1,0.8650530631515528,0.6205275488377466,0.8803753361711557,0.3669935038753808,0.8537285780143843,0.5841917697210142,0.8691397574230324,0.371448478866594,0.8593224621046647,0.6041033434510055,0.8725425969891776,0.3872292664768628,19.23269844055176
ESR1,topk,64,290,0,-1,0.8665969184172699,0.6224543018741298,0.8823233940734607,0.3761045985913837,0.8537285780143843,0.5841917697210142,0.8691397574230324,0.371448478866594,0.8593224621046647,0.6041033434510055,0.8725425969891776,0.3872292664768628,23.89838552474976
ESR1,topk,128,290,0,-1,0.8663646480916687,0.6213490711972401,0.8824328646355969,0.3730295769754557,0.8537285780143843,0.5841917697210142,0.8691397574230324,0.371448478866594,0.8593224621046647,0.6041033434510055,0.8725425969891776,0.3872292664768628,36.33437490463257
TF65,random,1,108,0,157558661,0.62201156642097,0.0189358901927883,0.6477400854645399,0.0272844440862529,0.8011993074350411,0.1492994309924843,0.8032373142160594,0.1137937516482875,0.6305962325999255,0.0189523196514892,0.6543773052116111,0.0290915815311534,3.567812204360962
TF65,random,1,108,1,2120423187,0.7963172824490466,0.1475596106334249,0.8044657375653986,0.0945150348589027,0.8011993074350411,0.1492994309924843,0.8032373142160594,0.1137937516482875,0.7935839391210151,0.1567806340162015,0.8099276158860391,0.0973915559168225,5.8932578563690186
TF65,random,1,108,2,1735018153,0.7879230321810498,0.1184797453054481,0.783673386081769,0.0795019491276308,0.8011993074350411,0.1492994309924843,0.8032373142160594,0.1137937516482875,0.7910059832923213,0.1222119228337374,0.7971946275301409,0.0888088108478988,5.226283550262451
TF65,random,1,108,3,275609151,0.817611795021513,0.1473754336183374,0.7986813434460035,0.0989813849815858,0.8011993074350411,0.1492994309924843,0.8032373142160594,0.1137937516482875,0.7934685961694755,0.1545316182646633,0.8158594837789181,0.0979715781465234,5.5435450077056885
TF65,random,1,108,4,235529116,0.5147198797930872,0.010395119649194,0.5335087794827355,0.016061913751578,0.8011993074350411,0.1492994309924843,0.8032373142160594,0.1137937516482875,0.5570577599626664,0.0119329228122805,0.5680202137359648,0.0184575614943213,3.413376569747925
TF65,random,2,108,0,186816988,0.7939695052737064,0.1312902167272648,0.8007064880591312,0.0952045780116159,0.8011993074350411,0.1492994309924843,0.8032373142160594,0.1137937516482875,0.7933986520683953,0.1351458167406029,0.8080135932803345,0.0932269712053164,4.218195676803589
TF65,random,2,108,1,2082842954,0.803654987899276,0.1520963387285064,0.8100867597747318,0.1145854967512362,0.8011993074350411,0.1492994309924843,0.8032373142160594,0.1137937516482875,0.803485425588156,0.1499539920748786,0.8113997690214703,0.1132039200912494,4.290144205093384
TF65,random,2,108,2,1697446128,0.8202777304970934,0.1586274069688331,0.8052915989443404,0.107902615839285,0.8011993074350411,0.1492994309924843,0.8032373142160594,0.1137937516482875,0.7981304465939308,0.1558145543254112,0.817982385922283,0.1085629330908493,3.9187512397766113
TF65,random,2,108,3,304859238,0.8061592797955671,0.1306643569023624,0.8039208406988958,0.1020945232154369,0.8011993074350411,0.1492994309924843,0.8032373142160594,0.1137937516482875,0.7896322946737651,0.1335629548046567,0.8134338378403458,0.0966967134760287,4.122473001480103
TF65,random,2,108,4,206527941,0.7958687891498156,0.1578122949175275,0.8170894377544677,0.1040249849776914,0.8011993074350411,0.1492994309924843,0.8032373142160594,0.1137937516482875,0.7935839391210151,0.1567806340162015,0.8099276158860391,0.0973915559168225,4.286259412765503
TF65,random,4,108,0,263185774,0.806351217455703,0.1711465771003515,0.8165211400146705,0.1210031617308421,0.8011993074350411,0.1492994309924843,0.8032373142160594,0.1137937516482875,0.7970760998583083,0.1492994309924843,0.8109697952579076,0.1137937516482875,4.817148208618164
TF65,random,4,108,1,2024330744,0.8249812599406856,0.1866146403900526,0.8040847135191205,0.1042076990755264,0.8011993074350411,0.1492994309924843,0.8032373142160594,0.1137937516482875,0.7913674550830367,0.1558999221419117,0.810341588420133,0.0981956659839077,5.346711874008179
TF65,random,4,108,2,1637975106,0.8266544795223286,0.156047258777054,0.7989918713608756,0.1174100228400233,0.8011993074350411,0.1492994309924843,0.8032373142160594,0.1137937516482875,0.7787516189720415,0.1296264447296165,0.8065389052726536,0.0942681486962121,4.924585819244385
TF65,random,4,108,3,380024020,0.8059860821947455,0.1699855046814282,0.8140890246940025,0.0961076489285441,0.8011993074350411,0.1492994309924843,0.8032373142160594,0.1137937516482875,0.7905255332603646,0.1430292500094649,0.80617909167896,0.0941332575241456,4.7198357582092285
TF65,random,4,108,4,146940279,0.8042411713185225,0.1438528202094629,0.819372594764028,0.1157966724932216,0.8011993074350411,0.1492994309924843,0.8032373142160594,0.1137937516482875,0.795334147938819,0.1194339157459735,0.8106126839108034,0.1025633282843461,5.100316047668457
TF65,random,8,108,0,112532490,0.8225601569994262,0.1598453377495555,0.8005491149424406,0.1115096875418807,0.8011993074350411,0.1492994309924843,0.8032373142160594,0.1137937516482875,0.8036404467404696,0.1422664606793718,0.8080548947179986,0.1058557237123393,5.638984203338623
TF65,random,8,108,1,1907502236,0.8295820431342623,0.188801388810545,0.8059873473925644,0.1194221091111212,0.8011993074350411,0.1492994309924843,0.8032373142160594,0.1137937516482875,0.802448776231856,0.1452318085096734,0.8050886357257394,0.1101639654802883,5.674701690673828
TF65,random,8,108,2,1757117734,0.8310455431348258,0.175680492554926,0.8112323679986744,0.1159347838351379,0.8011993074350411,0.1492994309924843,0.8032373142160594,0.1137937516482875,0.802448776231856,0.1194339157459735,0.8050886357257394,0.1025633282843461,5.842824220657349
TF65,random,8,108,3,532434352,0.7990301948853447,0.1751521097066034,0.8187818773526829,0.1135119725454644,0.8011993074350411,0.1492994309924843,0.8032373142160594,0.1137937516482875,0.7959071428651945,0.164017581831592,0.8161074731206756,0.1007254318375194,5.976418495178223
TF65,random,8,108,4,30988307,0.8231497502640517,0.1973011779252777,0.8063629281342226,0.1165234043897547,0.8011993074350411,0.1492994309924843,0.8032373142160594,0.1137937516482875,0.7872032166395946,0.1499539920748786,0.8018707548834034,0.1132039200912494,6.488234519958496
TF65,random,16,108,0,1212269750,0.8383597460144261,0.1954031051363607,0.7874703251359592,0.1142315480512722,0.8011993074350411,0.1492994309924843,0.8032373142160594,0.1137937516482875,0.7981614733688258,0.1759231276013728,0.8085811924141912,0.1004868511513245,9.039958715438845
TF65,random,16,108,1,1061614624,0.8215628758579565,0.1814008029386803,0.8135443012661272,0.1203596584092377,0.8011993074350411,0.1492994309924843,0.8032373142160594,0.1137937516482875,0.803485425588156,0.1492994309924843,0.8113997690214703,0.1137937516482875,7.871606349945068
TF65,random,16,108,2,642753946,0.8340934094733958,0.2039486784476821,0.8057978844911937,0.1190147014555984,0.8011993074350411,0.1492994309924843,0.8032373142160594,0.1137937516482875,0.7946573077213553,0.1602499524933372,0.80693080743817,0.0997868589021806,8.781007051467896
TF65,random,16,108,3,1363711244,0.817729364235738,0.178338737796088,0.8119084184276607,0.1100501503962768,0.8011993074350411,0.1492994309924843,0.8032373142160594,0.1137937516482875,0.7913674550830367,0.1492994309924843,0.810341588420133,0.1137937516482875,8.21571159362793
TF65,random,16,108,4,1328283823,0.8172465470383944,0.1777699196894637,0.8086632531422009,0.1080039363871468,0.8011993074350411,0.1492994309924843,0.8032373142160594,0.1137937516482875,0.7938231355472717,0.1561312120328976,0.8120525156057652,0.0952905919990276,7.721973419189453
TF65,random,32,108,0,1698800865,0.8232213006559302,0.1897032485996621,0.8124548362175135,0.1198044650149737,0.8011993074350411,0.1492994309924843,0.8032373142160594,0.1137937516482875,0.794777723170153,0.1673240280173592,0.8144099892479695,0.0985290905093096,9.279869318008425
TF65,random,32,108,1,306615415,0.8263026454764033,0.180358567797137,0.8151455473190885,0.1126008605344636,0.8011993074350411,0.1492994309924843,0.8032373142160594,0.1137937516482875,0.7935839391210151,0.164017581831592,0.8099276158860391,0.1007254318375194,12.162116050720217
TF65,random,32,108,2,189777357,0.8246471514546232,0.1907270294781007,0.8126296623541431,0.1172824672682218,0.8011993074350411,0.1492994309924843,0.8032373142160594,0.1137937516482875,0.802448776231856,0.1727737363288588,0.8050886357257394,0.1087972161741928,9.680728197097778
TF65,random,32,108,3,2085156187,0.8201576813953201,0.2073675349687339,0.814589718967616,0.1217454453585366,0.8011993074350411,0.1492994309924843,0.8032373142160594,0.1137937516482875,0.7946573077213553,0.1578972872526906,0.80693080743817,0.0969097672796522,10.85517930984497
TF65,random,32,108,4,1647075576,0.8310623105563176,0.1974187247854401,0.8116783757388595,0.1204502010889425,0.8011993074350411,0.1492994309924843,0.8032373142160594,0.1137937516482875,0.802448776231856,0.1578972872526906,0.8050886357257394,0.0969097672796522,10.215547323226929
TF65,random,64,108,0,1444030561,0.8387078884095692,0.1975318456416006,0.8139787807954353,0.1161690018720466,0.8011993074350411,0.1492994309924843,0.8032373142160594,0.1137937516482875,0.7935839391210151,0.1578972872526906,0.8099276158860391,0.0969097672796522,13.306264877319336
TF65,random,64,108,1,555030775,0.8377517508569702,0.2023020660336608,0.8053778015808346,0.1226687160890853,0.8011993074350411,0.1492994309924843,0.8032373142160594,0.1137937516482875,0.7935839391210151,0.164017581831592,0.8099276158860391,0.1007254318375194,14.385844945907593
TF65,random,64,108,2,941377869,0.8373351579293842,0.1944729058044123,0.7915742250910087,0.1147407621713734,0.8011993074350411,0.1492994309924843,0.8032373142160594,0.1137937516482875,0.8011993074350411,0.1578972872526906,0.8032373142160594,0.0969097672796522,17.73207378387451
TF65,random,64,108,3,1327200731,0.8388290929134958,0.2066343945690611,0.8007587925403595,0.1202910482081086,0.8011993074350411,0.1492994309924843,0.8032373142160594,0.1137937516482875,0.7935839391210151,0.1578972872526906,0.8099276158860391,0.0969097672796522,16.34669589996338
TF65,random,64,108,4,1367338104,0.838755513522714,0.1973382284130634,0.7991266756245414,0.1172927991780098,0.8011993074350411,0.1492994309924843,0.8032373142160594,0.1137937516482875,0.802448776231856,0.1673240280173592,0.8050886357257394,0.0985290905093096,15.326299667358398
TF65,random,108,108,0,-1,0.8369896081439506,0.2010432953485221,0.8034303526214456,0.1151271137206537,0.8011993074350411,0.1492994309924843,0.8032373142160594,0.1137937516482875,0.802448776231856,0.1578972872526906,0.8050886357257394,0.0969097672796522,16.943085193634033
TF65,random,108,108,1,-1,0.8378809304538082,0.199167891203472,0.8057957559262183,0.1225950890028792,0.8011993074350411,0.1492994309924843,0.8032373142160594,0.1137937516482875,0.802448776231856,0.1578972872526906,0.8050886357257394,0.0969097672796522,16.424510717391968
TF65,topk,1,108,0,-1,0.8054445085708296,0.1329637001839972,0.7981034677702468,0.0814693555586827,0.8011993074350411,0.1492994309924843,0.8032373142160594,0.1137937516482875,0.802448776231856,0.1533796795529927,0.8050886357257394,0.0995908843769859,4.887024641036987
TF65,topk,2,108,0,-1,0.805643744990909,0.1640238275978771,0.8155141820256395,0.0957511200579467,0.8011993074350411,0.1492994309924843,0.8032373142160594,0.1137937516482875,0.802448776231856,0.1567806340162015,0.8050886357257394,0.0973915559168225,4.072581052780151
TF65,topk,4,108,0,-1,0.8093172475051768,0.1780260379890134,0.8163761489605622,0.0967632548308257,0.8011993074350411,0.1492994309924843,0.8032373142160594,0.1137937516482875,0.802448776231856,0.164017581831592,0.8050886357257394,0.1007254318375194,5.927474021911621
TF65,topk,8,108,0,-1,0.806448581222517,0.1714825563640806,0.8166681710951539,0.1032161040115361,0.8011993074350411,0.1492994309924843,0.8032373142160594,0.1137937516482875,0.802448776231856,0.164017581831592,0.8050886357257394,0.1007254318375194,5.756815671920776
TF65,topk,16,108,0,-1,0.8067196216593377,0.1672767905060997,0.8207216671167338,0.1062095835185754,0.8011993074350411,0.1492994309924843,0.8032373142160594,0.1137937516482875,0.802448776231856,0.164017581831592,0.8050886357257394,0.1007254318375194,7.809227466583252
TF65,topk,32,108,0,-1,0.8043658983899893,0.1891074884705327,0.8229843401753731,0.1122622919312897,0.8011993074350411,0.1492994309924843,0.8032373142160594,0.1137937516482875,0.802448776231856,0.1578972872526906,0.8050886357257394,0.0969097672796522,11.540985107421877
TF65,topk,64,108,0,-1,0.8095390001769738,0.187266431113465,0.8197482422128506,0.1199335813084235,0.8011993074350411,0.1492994309924843,0.8032373142160594,0.1137937516482875,0.802448776231856,0.1578972872526906,0.8050886357257394,0.0969097672796522,14.134385108947754
P53,random,1,74,0,765260884,0.8296491401625694,0.3864543804891147,0.847116029254221,0.5332963531130511,0.8879167284958204,0.3409618674656116,0.8065754518453041,0.5392436981111457,0.5794220210713755,0.3595243946226467,0.866107573467491,0.5684127360074066,1.9593639373779297
P53,random,1,74,1,1520157890,0.8193739592092464,0.2383642081788591,0.8332677823430659,0.4509322032063907,0.8879167284958204,0.3409618674656116,0.8065754518453041,0.5392436981111457,0.5516959736855122,0.2570173801873793,0.8685356701788465,0.5180021169086473,1.7430706024169922
P53,random,1,74,2,1133679992,0.7341430891493956,0.1143264709628134,0.8523555431874442,0.3575123597875701,0.8879167284958204,0.3409618674656116,0.8065754518453041,0.5392436981111457,0.6261114820860332,0.1557049120223266,0.8652391865420397,0.4000543577019819,1.912648677825928
P53,random,1,74,3,882222574,0.9000490511285881,0.3820423701606211,0.7991654434968288,0.2659861347425389,0.8879167284958204,0.3409618674656116,0.8065754518453041,0.5392436981111457,0.897602265420191,0.4141363721407814,0.8052167602459799,0.2893738092943495,1.89424729347229
P53,random,1,74,4,720449613,0.9042491055382432,0.3854596254911474,0.8016131109255894,0.2478337301206895,0.8879167284958204,0.3409618674656116,0.8065754518453041,0.5392436981111457,0.897602265420191,0.4141363721407814,0.8052167602459799,0.2893738092943495,1.66579270362854
P53,random,2,74,0,802834957,0.8451492967964255,0.3870058591115786,0.8620896833581605,0.5326978407655845,0.8879167284958204,0.3409618674656116,0.8065754518453041,0.5392436981111457,0.5602619907338708,0.3486398018804834,0.8784254302920511,0.5520025077142472,1.6441898345947266
P53,random,2,74,1,1490909851,0.8095503371749847,0.3908563927336403,0.8619394108050003,0.5713028184363839,0.8879167284958204,0.3409618674656116,0.8065754518453041,0.5392436981111457,0.6186897165751595,0.3595243946226467,0.8596513647665246,0.5684127360074066,1.5261270999908447
P53,random,2,74,2,1104423713,0.8231469802641342,0.3668940175833898,0.8366006973432205,0.5074190276125028,0.8879167284958204,0.3409618674656116,0.8065754518453041,0.5392436981111457,0.5985461904997444,0.3502851318048022,0.8682798867226507,0.562747229110588,1.8936467170715328
P53,random,2,74,3,919804855,0.8403274471979026,0.3665772083397268,0.8314709140216188,0.5156302983737591,0.8879167284958204,0.3409618674656116,0.8065754518453041,0.5392436981111457,0.5799962078119074,0.3402108020418274,0.8626042695447991,0.5264468892781058,1.7736170291900637
P53,random,2,74,4,683118100,0.8485097112990717,0.3964030142902462,0.8674441843503375,0.5210452459439908,0.8879167284958204,0.3409618674656116,0.8065754518453041,0.5392436981111457,0.5609754991673673,0.3578185644053026,0.8664701046378598,0.5573827132922757,1.6397242546081543
P53,random,4,74,0,727135935,0.92469621275824,0.4655963206733732,0.8528734578511132,0.5239967201369237,0.8879167284958204,0.3409618674656116,0.8065754518453041,0.5392436981111457,0.8562439201332213,0.3465947645687219,0.8611905216614738,0.5316894380496171,2.2819292545318604
P53,random,4,74,1,1548748329,0.870437832846944,0.4523543274515783,0.8596309028175649,0.5359208604638206,0.8879167284958204,0.3409618674656116,0.8065754518453041,0.5392436981111457,0.5821262221562712,0.3457993512100222,0.8645750007730071,0.5476542524977824,1.5381231307983398
P53,random,4,74,2,1163483027,0.9127060971789416,0.4955936176298576,0.8437540128155461,0.4756116349766782,0.8879167284958204,0.3409618674656116,0.8065754518453041,0.5392436981111457,0.8452181332541921,0.3606703726664809,0.8627688745564305,0.5436966313124825,1.7029263973236084
P53,random,4,74,3,845047557,0.922073832253384,0.4469973468529244,0.8625250408784269,0.5547333983775458,0.8879167284958204,0.3409618674656116,0.8065754518453041,0.5392436981111457,0.8882765741702527,0.3330880140710563,0.8475531510491978,0.5305852293448823,1.9235005378723145
P53,random,4,74,4,742060710,0.8487918583370431,0.3952276915416894,0.8576272687754297,0.5357690691463123,0.8879167284958204,0.3409618674656116,0.8065754518453041,0.5392436981111457,0.5799962078119074,0.3494370227376341,0.8626042695447991,0.5729038614523397,2.5149013996124268
P53,random,8,74,0,575524827,0.9210173781141284,0.5764655835037188,0.8507537818228778,0.5225756634553553,0.8879167284958204,0.3409618674656116,0.8065754518453041,0.5392436981111457,0.8689955647887093,0.3578185644053026,0.7745551026644186,0.5573827132922757,2.5636417865753174
P53,random,8,74,1,1430978381,0.929374618720219,0.5557336090963311,0.8685462922039064,0.5544121306349914,0.8879167284958204,0.3409618674656116,0.8065754518453041,0.5392436981111457,0.897602265420191,0.3533556266001304,0.8052167602459799,0.5583272721594575,2.179695844650269
P53,random,8,74,2,1279504119,0.9012588415689768,0.494452658770439,0.8693157342383881,0.5433756693874036,0.8879167284958204,0.3409618674656116,0.8065754518453041,0.5392436981111457,0.8577103015613922,0.3660877228893905,0.8588435633983932,0.5480593728473806,1.7666895389556885
P53,random,8,74,3,994352737,0.9136005589355491,0.5531756508929465,0.8532552505361032,0.5215568778182297,0.8879167284958204,0.3409618674656116,0.8065754518453041,0.5392436981111457,0.8882765741702527,0.3409618674656116,0.8475531510491978,0.5392436981111457,1.7657074928283691
P53,random,8,74,4,622857154,0.844917231372937,0.4302178145834736,0.829204603120038,0.519546314179123,0.8879167284958204,0.3409618674656116,0.8065754518453041,0.5392436981111457,0.612170450610872,0.3595243946226467,0.8619702947066302,0.5684127360074066,1.8218746185302732
P53,random,16,74,0,967958055,0.9338681555126872,0.6028069812997429,0.8828277867810352,0.5487938172059759,0.8879167284958204,0.3409618674656116,0.8065754518453041,0.5392436981111457,0.9245406093881388,0.3595243946226467,0.8371902924876455,0.5684127360074066,3.294153928756714
P53,random,16,74,1,1320611505,0.9340058284282206,0.5876222311335613,0.8673888370519515,0.5139225412401716,0.8879167284958204,0.3409618674656116,0.8065754518453041,0.5392436981111457,0.9362300291833604,0.3529788705777505,0.8463944045209084,0.5493746917170199,3.075669527053833
P53,random,16,74,2,1472184075,0.9156118613048424,0.503636409609683,0.8418935578509315,0.5377386208926695,0.8879167284958204,0.3409618674656116,0.8065754518453041,0.5392436981111457,0.8882765741702527,0.3595243946226467,0.8475531510491978,0.5684127360074066,2.924584150314331
P53,random,16,74,3,548966301,0.9230216731793376,0.5689033512844909,0.8632157998985086,0.5077939392589633,0.8879167284958204,0.3409618674656116,0.8065754518453041,0.5392436981111457,0.9362300291833604,0.3494370227376341,0.8463944045209084,0.5729038614523397,3.2076454162597656
P53,random,16,74,4,1054612030,0.9283985424807504,0.5928158965851302,0.8630508493072948,0.5227519040153006,0.8879167284958204,0.3409618674656116,0.8065754518453041,0.5392436981111457,0.9245406093881388,0.3595243946226467,0.8371902924876455,0.5684127360074066,3.896770000457764
P53,random,32,74,0,347192944,0.9225861898402334,0.5663301964258145,0.8700251727443201,0.5319633542981352,0.8879167284958204,0.3409618674656116,0.8065754518453041,0.5392436981111457,0.9362300291833604,0.3533556266001304,0.8463944045209084,0.5583272721594575,3.899238348007202
P53,random,32,74,1,1672908518,0.9380177161135016,0.5932272103723347,0.8748950984083331,0.5389998483840247,0.8879167284958204,0.3409618674656116,0.8065754518453041,0.5392436981111457,0.9245406093881388,0.339728781950427,0.8371902924876455,0.5580576258979809,3.829556941986084
P53,random,32,74,2,2059394908,0.9223873060625548,0.5684814619774561,0.8680118442854777,0.5127878833595758,0.8879167284958204,0.3409618674656116,0.8065754518453041,0.5392436981111457,0.9362300291833604,0.3606703726664809,0.8463944045209084,0.5436966313124825,3.911284685134888
P53,random,32,74,3,230223818,0.927464922260144,0.576401685809779,0.8775379273591717,0.528112397973214,0.8879167284958204,0.3409618674656116,0.8065754518453041,0.5392436981111457,0.9245406093881388,0.3533556266001304,0.8371902924876455,0.5583272721594575,3.637853145599365
P53,random,32,74,4,333216361,0.9431771528911312,0.5879990640685805,0.8693605868305078,0.5418668425665175,0.8879167284958204,0.3409618674656116,0.8065754518453041,0.5392436981111457,0.9245406093881388,0.3595243946226467,0.8371902924876455,0.5684127360074066,3.8875014781951904
P53,random,64,74,0,669135600,0.9220903200276996,0.5909424802614123,0.8530193651884956,0.5174300135102171,0.8879167284958204,0.3409618674656116,0.8065754518453041,0.5392436981111457,0.9245406093881388,0.3606703726664809,0.8371902924876455,0.5436966313124825,6.398467779159546
P53,random,64,74,1,1357185638,0.9306536578127316,0.5878703884966245,0.8589325410466697,0.516947229493786,0.8879167284958204,0.3409618674656116,0.8065754518453041,0.5392436981111457,0.9245406093881388,0.3606703726664809,0.8371902924876455,0.5436966313124825,6.315907955169678
P53,random,64,74,2,1240224732,0.9245455557204334,0.5917142698621437,0.8611020350999725,0.5318688161374097,0.8879167284958204,0.3409618674656116,0.8065754518453041,0.5392436981111457,0.9245406093881388,0.3606703726664809,0.8371902924876455,0.5436966313124825,5.539398670196533
P53,random,64,74,3,1055613770,0.9219400751842508,0.5809908033883578,0.8520299526555972,0.5275907010721577,0.8879167284958204,0.3409618674656116,0.8065754518453041,0.5392436981111457,0.9245406093881388,0.3606703726664809,0.8371902924876455,0.5436966313124825,5.508442401885986
P53,random,64,74,4,546305769,0.922144935780119,0.5721062409042916,0.8582173913834276,0.5235516626917451,0.8879167284958204,0.3409618674656116,0.8065754518453041,0.5392436981111457,0.9362300291833604,0.3606703726664809,0.8463944045209084,0.5436966313124825,5.3973541259765625
P53,random,74,74,0,-1,0.9249501244826962,0.5965787366274611,0.8662581552234354,0.5191393699078622,0.8879167284958204,0.3409618674656116,0.8065754518453041,0.5392436981111457,0.9245406093881388,0.3606703726664809,0.8371902924876455,0.5436966313124825,5.707549095153809
P53,random,74,74,1,-1,0.9257293779162752,0.5875451294379137,0.8602716437401896,0.5214516149581836,0.8879167284958204,0.3409618674656116,0.8065754518453041,0.5392436981111457,0.9245406093881388,0.3606703726664809,0.8371902924876455,0.5436966313124825,6.08679723739624
P53,topk,1,74,0,-1,0.9199906019686402,0.4359432255402439,0.8383832513945955,0.361085783871391,0.8879167284958204,0.3409618674656116,0.8065754518453041,0.5392436981111457,0.9245406093881388,0.4225370426068834,0.8371902924876455,0.3887813479287182,1.6632206439971924
P53,topk,2,74,0,-1,0.9299636444576348,0.5222311259978594,0.8371954761813821,0.4802850145279525,0.8879167284958204,0.3409618674656116,0.8065754518453041,0.5392436981111457,0.9245406093881388,0.5190911245040879,0.8371902924876455,0.5020408740323555,1.6182889938354492
P53,topk,4,74,0,-1,0.9112873241991064,0.524593288045762,0.8235619796981088,0.4583628122349974,0.8879167284958204,0.3409618674656116,0.8065754518453041,0.5392436981111457,0.9245406093881388,0.5190911245040879,0.8371902924876455,0.5020408740323555,1.9265365600585935
P53,topk,8,74,0,-1,0.9361449110484577,0.5613856082639184,0.821934790951635,0.4653991877556891,0.8879167284958204,0.3409618674656116,0.8065754518453041,0.5392436981111457,0.9245406093881388,0.5190911245040879,0.8371902924876455,0.5020408740323555,2.049563407897949
P53,topk,16,74,0,-1,0.937182198150072,0.5923891072251901,0.8418314080912912,0.4876176260723014,0.8879167284958204,0.3409618674656116,0.8065754518453041,0.5392436981111457,0.9245406093881388,0.3606703726664809,0.8371902924876455,0.5436966313124825,3.065247774124145
P53,topk,32,74,0,-1,0.9191816705412936,0.5870915075815699,0.8564181403817017,0.5294749884540539,0.8879167284958204,0.3409618674656116,0.8065754518453041,0.5392436981111457,0.9245406093881388,0.3606703726664809,0.8371902924876455,0.5436966313124825,3.236011028289795
P53,topk,64,74,0,-1,0.934620204118646,0.6092615767478182,0.8559819825718759,0.530936075203518,0.8879167284958204,0.3409618674656116,0.8065754518453041,0.5392436981111457,0.9245406093881388,0.3606703726664809,0.8371902924876455,0.5436966313124825,5.129309892654419
REST,random,1,106,0,42529931,0.969872444392476,0.9191953226747268,0.9453879484146096,0.65118964881063,0.9780809275327595,0.9309415356973773,0.9557608616998972,0.7424425004165226,0.9704127023049448,0.9242025275718524,0.946214104608576,0.7316714942188272,10.092308759689333
REST,random,1,106,1,1972356125,0.9834060036517642,0.9523198974355505,0.957486072332404,0.7355016593071227,0.9780809275327595,0.9309415356973773,0.9557608616998972,0.7424425004165226,0.9875300005766998,0.9561767769761984,0.9576987780114578,0.7750675650109473,10.090434074401855
REST,random,1,106,2,1820759463,0.9846336450483872,0.9468469976670684,0.9607330612479636,0.7317526111106166,0.9780809275327595,0.9309415356973773,0.9557608616998972,0.7424425004165226,0.9853112357688704,0.9508999297083858,0.959516561594202,0.7658337303339727,11.123111009597778
REST,random,1,106,3,461481265,0.9682831247800948,0.9213061909220795,0.9488661502852532,0.7106029599983414,0.9780809275327595,0.9309415356973773,0.9557608616998972,0.7424425004165226,0.9736219030386748,0.9293264224831964,0.9511041719656368,0.7565550726217478,9.826214790344238
REST,random,1,106,4,98906258,0.9795199041422218,0.9373843226059309,0.9460979411405104,0.728234515335241,0.9780809275327595,0.9309415356973773,0.9557608616998972,0.7424425004165226,0.9810172463961206,0.9415012616022066,0.9474929393785496,0.7631607676930785,10.025644779205322
REST,random,2,106,0,13519570,0.9881675179644852,0.960700462672459,0.9613763642044686,0.7623791817409632,0.9780809275327595,0.9309415356973773,0.9557608616998972,0.7424425004165226,0.9825082266238336,0.943854228445723,0.9441992982870226,0.7592535052227469,8.722280025482178
REST,random,2,106,1,2009692740,0.9687013313822604,0.9226293044134416,0.941473455585608,0.7096495181267346,0.9780809275327595,0.9309415356973773,0.9557608616998972,0.7424425004165226,0.9663277448834516,0.9187460643437162,0.9354113324802432,0.7507618574382285,9.32690930366516
REST,random,2,106,2,1858087934,0.9675607813674674,0.9172015498973822,0.9340465551977284,0.724347959933684,0.9780809275327595,0.9309415356973773,0.9557608616998972,0.7424425004165226,0.9620694854227184,0.9203756152276662,0.9316073980505292,0.7465855835361997,8.089940071105957
REST,random,2,106,3,432479080,0.9826705638298588,0.944573946327869,0.9512707669872876,0.7229531230272688,0.9780809275327595,0.9309415356973773,0.9557608616998972,0.7424425004165226,0.968262631772148,0.9225625708810644,0.9147487506751788,0.7387749360781308,7.3133251667022705
REST,random,2,106,4,128159435,0.981907367439035,0.9391082945521736,0.9445670118969884,0.7598067628777444,0.9780809275327595,0.9309415356973773,0.9557608616998972,0.7424425004165226,0.9825082266238336,0.943854228445723,0.9441992982870226,0.7592535052227469,8.809231758117676
REST,random,4,106,0,71513696,0.984310047572779,0.9545859955399576,0.9590304227970752,0.7648114225196002,0.9780809275327595,0.9309415356973773,0.9557608616998972,0.7424425004165226,0.9809325422605656,0.9424015120565504,0.9447059824391408,0.7605049532236433,13.465863466262816
REST,random,4,106,1,1933838070,0.9793529559536666,0.9389286843318564,0.9426561518220689,0.7588763791874396,0.9780809275327595,0.9309415356973773,0.9557608616998972,0.7424425004165226,0.9787563316783549,0.9384295721369652,0.941647958184842,0.762344604757702,12.649759531021118
REST,random,4,106,2,1783453516,0.9790905097386338,0.9302235938354476,0.9480073749821196,0.7227191411482075,0.9780809275327595,0.9309415356973773,0.9557608616998972,0.7424425004165226,0.9707704986442112,0.9255792509653976,0.941586084414316,0.7395067311675388,13.37405276298523
REST,random,4,106,3,491415514,0.9862857183195276,0.954159698274794,0.957777364310772,0.7896278442271296,0.9780809275327595,0.9309415356973773,0.9557608616998972,0.7424425004165226,0.9862440180621432,0.9565888376390396,0.9577990996000636,0.7742951633980247,14.020161628723145
REST,random,4,106,4,53408377,0.9807886318904312,0.9396929484918126,0.9436462629588664,0.7373049190914958,0.9780809275327595,0.9309415356973773,0.9557608616998972,0.7424425004165226,0.9787563316783549,0.9384295721369652,0.941647958184842,0.762344604757702,11.67537522315979
REST,random,8,106,0,223989508,0.9801659121593468,0.9412388205424308,0.9435614892824996,0.7604009207045043,0.9780809275327595,0.9309415356973773,0.9557608616998972,0.7424425004165226,0.981393182685518,0.9405216194839436,0.9437557777041932,0.75538454557788,12.363872289657593
REST,random,8,106,1,2053046162,0.9811421279162036,0.9449898969811044,0.9561556104483784,0.7588393914625414,0.9780809275327595,0.9309415356973773,0.9557608616998972,0.7424425004165226,0.9816916271176436,0.9427913754657166,0.9542016328368488,0.7666047083509191,10.92165493965149
REST,random,8,106,2,1666690600,0.9870761718304848,0.9585716773948728,0.9636962395805956,0.7674262374873885,0.9780809275327595,0.9309415356973773,0.9557608616998972,0.7424425004165226,0.98392020847242,0.9463669558285857,0.9504869040964798,0.7683486567524338,11.982192993164062
REST,random,8,106,3,340827838,0.976323964071016,0.9356478860152816,0.9498602292762596,0.7495206090823506,0.9780809275327595,0.9309415356973773,0.9557608616998972,0.7424425004165226,0.9810172463961206,0.9415012616022066,0.9474929393785496,0.7631607676930785,12.048134803771973
REST,random,8,106,4,171182877,0.9831026026363868,0.9451978243830028,0.9569421387357568,0.750464194281044,0.9780809275327595,0.9309415356973773,0.9557608616998972,0.7424425004165226,0.9816916271176436,0.9427913754657166,0.9542016328368488,0.7666047083509191,10.405099391937256
REST,random,16,106,0,804390242,0.9870526836162848,0.9562401946091442,0.9615909926260616,0.7812010066859959,0.9780809275327595,0.9309415356973773,0.9557608616998972,0.7424425004165226,0.9862440180621432,0.9565888376390396,0.9577990996000636,0.7742951633980247,21.54023575782776
REST,random,16,106,1,1492465140,0.986462256370685,0.9551317558302308,0.9586372353099102,0.7717952446004356,0.9780809275327595,0.9309415356973773,0.9557608616998972,0.7424425004165226,0.9825082266238336,0.9309415356973773,0.9441992982870226,0.7424425004165226,24.768418550491333
REST,random,16,106,2,1107059790,0.9822626999796094,0.9446374603102704,0.957674498288184,0.7551772316367309,0.9780809275327595,0.9309415356973773,0.9557608616998972,0.7424425004165226,0.98392020847242,0.942299241144584,0.9504869040964798,0.7687628692805002,21.15692973136902
REST,random,16,106,3,922440920,0.9864606175543608,0.9584617220013124,0.9632431756121552,0.7740671546272085,0.9780809275327595,0.9309415356973773,0.9557608616998972,0.7424425004165226,0.9810172463961206,0.9415012616022066,0.9474929393785496,0.7631607676930785,19.92417573928833
REST,random,16,106,4,681558395,0.985119296560397,0.9533915558542134,0.9584615793464604,0.7666243642049548,0.9780809275327595,0.9309415356973773,0.9557608616998972,0.7424425004165226,0.98392020847242,0.9463669558285857,0.9504869040964798,0.7683486567524338,17.473973512649536
REST,random,32,106,0,49440053,0.9881157610977174,0.9605913619803748,0.9649505850525782,0.7968633981509641,0.9780809275327595,0.9309415356973773,0.9557608616998972,0.7424425004165226,0.9875300005766998,0.9561767769761984,0.9576987780114578,0.7750675650109473,27.147032976150516
REST,random,32,106,1,1979012515,0.9871465851903972,0.957405540763173,0.9694859141470956,0.8044512108569599,0.9780809275327595,0.9309415356973773,0.9557608616998972,0.7424425004165226,0.9853112357688704,0.9508999297083858,0.959516561594202,0.7658337303339727,27.852508306503296
REST,random,32,106,2,1828455449,0.9883689437269584,0.9674570728997468,0.9697072925624316,0.7875074130506995,0.9780809275327595,0.9309415356973773,0.9557608616998972,0.7424425004165226,0.9816916271176436,0.9427913754657166,0.9542016328368488,0.7666047083509191,21.663613319396973
REST,random,32,106,3,469447823,0.9861881206757628,0.9573753539437464,0.9702642662074208,0.8121834106575624,0.9780809275327595,0.9309415356973773,0.9557608616998972,0.7424425004165226,0.9875300005766998,0.9561767769761984,0.9576987780114578,0.7750675650109473,23.89308190345764
REST,random,32,106,4,94347564,0.989707154314428,0.96662956541824,0.9690543393231448,0.8119875348371453,0.9780809275327595,0.9309415356973773,0.9557608616998972,0.7424425004165226,0.9862440180621432,0.9565888376390396,0.9577990996000636,0.7742951633980247,23.47487711906433
REST,random,64,106,0,832694709,0.9900129938587674,0.9693406451488898,0.971364215594142,0.8253134785774208,0.9780809275327595,0.9309415356973773,0.9557608616998972,0.7424425004165226,0.9862440180621432,0.9565888376390396,0.9577990996000636,0.7742951633980247,26.77070665359497
REST,random,64,106,1,1185339683,0.989481377450792,0.9677823476701516,0.9702518239393128,0.8013817186133866,0.9780809275327595,0.9309415356973773,0.9557608616998972,0.7424425004165226,0.9862440180621432,0.9565888376390396,0.9577990996000636,0.7742951633980247,38.39662480354309
REST,random,64,106,2,1605339289,0.9910761820810764,0.9710671381714724,0.971648228719078,0.8042377699228033,0.9780809275327595,0.9309415356973773,0.9557608616998972,0.7424425004165226,0.9862440180621432,0.9565888376390396,0.9577990996000636,0.7742951633980247,37.9773097038269
REST,random,64,106,3,682145807,0.9912308142490792,0.970748043938411,0.9714609659733056,0.809766626991472,0.9780809275327595,0.9309415356973773,0.9557608616998972,0.7424425004165226,0.9875300005766998,0.9611918975338036,0.9576987780114578,0.7797733276196915,38.41906595230103
REST,random,64,106,4,919350700,0.9861288074164446,0.9553337954639466,0.9633355882166358,0.7624785249659022,0.9780809275327595,0.9309415356973773,0.9557608616998972,0.7424425004165226,0.9880774915778182,0.9611918975338036,0.957820107707283,0.7797733276196915,36.04724884033203
REST,random,106,106,0,-1,0.9904928905613426,0.970748897304193,0.9709033734499568,0.819279506637987,0.9780809275327595,0.9309415356973773,0.9557608616998972,0.7424425004165226,0.9862440180621432,0.9565888376390396,0.9577990996000636,0.7742951633980247,42.62690424919128
REST,random,106,106,1,-1,0.9905598798728162,0.970939033792368,0.9712548457226128,0.8204440589726273,0.9780809275327595,0.9309415356973773,0.9557608616998972,0.7424425004165226,0.9862440180621432,0.9565888376390396,0.9577990996000636,0.7742951633980247,50.97111535072327
REST,topk,1,106,0,-1,0.9845723607501152,0.95333280590529,0.9558102622583972,0.7671453513551177,0.9780809275327595,0.9309415356973773,0.9557608616998972,0.7424425004165226,0.9862440180621432,0.9565888376390396,0.9577990996000636,0.7742951633980247,11.81353998184204
REST,topk,2,106,0,-1,0.9892912844190764,0.9624876237810296,0.9642300432637326,0.7695892987878927,0.9780809275327595,0.9309415356973773,0.9557608616998972,0.7424425004165226,0.9862440180621432,0.9565888376390396,0.9577990996000636,0.7742951633980247,11.28969144821167
REST,topk,4,106,0,-1,0.989223990384386,0.9622286213339746,0.9657356983589802,0.7308259255363375,0.9780809275327595,0.9309415356973773,0.9557608616998972,0.7424425004165226,0.9862440180621432,0.9565888376390396,0.9577990996000636,0.7742951633980247,15.476330041885376
REST,topk,8,106,0,-1,0.9893809845289332,0.9635621325324056,0.966158305072886,0.7907889237126314,0.9780809275327595,0.9309415356973773,0.9557608616998972,0.7424425004165226,0.9862440180621432,0.9565888376390396,0.9577990996000636,0.7742951633980247,14.799906253814695
REST,topk,16,106,0,-1,0.9888438295906848,0.9627477288128122,0.966216206769578,0.7961519727259282,0.9780809275327595,0.9309415356973773,0.9557608616998972,0.7424425004165226,0.9862440180621432,0.9565888376390396,0.9577990996000636,0.7742951633980247,22.67935609817505
REST,topk,32,106,0,-1,0.987896303896308,0.960863962318151,0.9657571664053438,0.7994247625110751,0.9780809275327595,0.9309415356973773,0.9557608616998972,0.7424425004165226,0.9862440180621432,0.9565888376390396,0.9577990996000636,0.7742951633980247,25.9023654460907
REST,topk,64,106,0,-1,0.9905615543640542,0.9704078008099646,0.9695790919102748,0.8090778616313636,0.9780809275327595,0.9309415356973773,0.9557608616998972,0.7424425004165226,0.9862440180621432,0.9565888376390396,0.9577990996000636,0.7742951633980247,37.41044998168945
GCR,random,1,73,0,1993139765,0.6953481006098446,0.058965809231937,0.6553343340485752,0.0770668669738291,0.906350032544391,0.4051967733061206,0.8409362837306731,0.4204938509527975,0.7084185498882712,0.0630626348195364,0.6680423196243823,0.0833033177291382,5.216532230377197
GCR,random,1,73,1,30135971,0.9112307065656752,0.3729940962888797,0.8374396405668512,0.4040886126173668,0.906350032544391,0.4051967733061206,0.8409362837306731,0.4204938509527975,0.9139733695674706,0.3988430400237152,0.83944557035155,0.4119533467853076,6.937701225280762
GCR,random,1,73,2,415401753,0.8897654005447557,0.3618749643481603,0.8295294994090195,0.3855654050043944,0.906350032544391,0.4051967733061206,0.8409362837306731,0.4204938509527975,0.8904078931548987,0.3726225194878284,0.8318416564907076,0.403986836188515,6.6987597942352295
GCR,random,1,73,3,1875228559,0.8648549805355521,0.308753861068655,0.8178138380611004,0.3191824618157439,0.906350032544391,0.4051967733061206,0.8409362837306731,0.4204938509527975,0.8690147859325316,0.3132773547322687,0.8210955768842746,0.3391656987208374,5.587376117706299
GCR,random,1,73,4,1906385452,0.8731521315539634,0.2769817590736051,0.8165184495124119,0.325466889108777,0.906350032544391,0.4051967733061206,0.8409362837306731,0.4204938509527975,0.8755238921433279,0.2944567517474641,0.8188944352325764,0.3436422129502891,6.321851491928101
GCR,random,2,73,0,1955223660,0.73315538599306,0.0717543958456391,0.7052429126175864,0.0999798506310367,0.906350032544391,0.4051967733061206,0.8409362837306731,0.4204938509527975,0.7341345886762103,0.0689183326767481,0.7086790644757274,0.0953462217443461,3.783064365386963
GCR,random,2,73,1,59599098,0.8997807088458557,0.3751959421512734,0.8453512557747278,0.3983177423316175,0.906350032544391,0.4051967733061206,0.8409362837306731,0.4204938509527975,0.901977071751054,0.3678810167429868,0.8382019172144419,0.4054437828249863,5.2684197425842285
GCR,random,2,73,2,444873024,0.90263275831333,0.3575122936640973,0.8378982033538883,0.3893096290865053,0.906350032544391,0.4051967733061206,0.8409362837306731,0.4204938509527975,0.901977071751054,0.3678810167429868,0.8382019172144419,0.4054437828249863,6.4063804149627686
GCR,random,2,73,3,1837304278,0.9019180254468118,0.3820690420491479,0.8329778384256087,0.3990557019523091,0.906350032544391,0.4051967733061206,0.8409362837306731,0.4204938509527975,0.9023584526282188,0.3828041879185057,0.8357563447902585,0.4077680968161434,6.660993099212647
GCR,random,2,73,4,1944558709,0.914473879498692,0.4001600409105897,0.8544336878751325,0.412177747800834,0.906350032544391,0.4051967733061206,0.8409362837306731,0.4204938509527975,0.9023584526282188,0.3828041879185057,0.8357563447902585,0.4077680968161434,6.811575174331665
GCR,random,4,73,0,1879516382,0.9025418516722012,0.3564590222277021,0.8543630740633567,0.3922427573248355,0.906350032544391,0.4051967733061206,0.8409362837306731,0.4204938509527975,0.8894936859735747,0.3274307784810927,0.8343074456862225,0.3864919339151049,7.4052464962005615
GCR,random,4,73,1,117445704,0.9103203653263352,0.3954782380203506,0.8455160166287284,0.4204180983052547,0.906350032544391,0.4051967733061206,0.8409362837306731,0.4204938509527975,0.8904078931548987,0.3726225194878284,0.8318416564907076,0.403986836188515,7.859375238418579
GCR,random,4,73,2,503924210,0.9146794170200948,0.3778339682607685,0.8523168476427669,0.4010997528348816,0.906350032544391,0.4051967733061206,0.8409362837306731,0.4204938509527975,0.8996459190992045,0.3677843163185602,0.8315474819011213,0.4053023029055506,8.511298894882202
GCR,random,4,73,3,1762555236,0.9155846485827642,0.424460427471948,0.8617076478200467,0.4261736351988885,0.906350032544391,0.4051967733061206,0.8409362837306731,0.4204938509527975,0.9142446281025998,0.412293975762473,0.8429743184604068,0.430600316533803,9.14762020111084
GCR,random,4,73,4,2003493063,0.9129574456177008,0.3910608455582556,0.8550715211782915,0.4198738600182176,0.906350032544391,0.4051967733061206,0.8409362837306731,0.4204938509527975,0.900385526659453,0.3681445808744136,0.8368995169516518,0.4130632870975037,8.388072729110718
GCR,random,8,73,0,2032000442,0.9145639155255402,0.3941483672472584,0.8590570547418743,0.4034860196055735,0.906350032544391,0.4051967733061206,0.8409362837306731,0.4204938509527975,0.8971212309656771,0.346108489102116,0.8415059208851445,0.3889500939023782,8.218055486679077
GCR,random,8,73,1,236645676,0.91857810031964,0.3961086205301282,0.8453272811273767,0.4238796051525359,0.906350032544391,0.4051967733061206,0.8409362837306731,0.4204938509527975,0.9167054919177976,0.414973296765177,0.8475838399391421,0.4285992594314703,8.42411470413208
GCR,random,8,73,2,387169430,0.9148826432678714,0.4079272847223262,0.8516901694788455,0.4335877233185731,0.906350032544391,0.4051967733061206,0.8409362837306731,0.4204938509527975,0.906350032544391,0.4051967733061206,0.8409362837306731,0.4204938509527975,8.890777826309204
GCR,random,8,73,3,1611959296,0.9144894987334636,0.4047037528356816,0.8563085960370874,0.4228095505673251,0.906350032544391,0.4051967733061206,0.8409362837306731,0.4204938509527975,0.900385526659453,0.3681445808744136,0.8368995169516518,0.4130632870975037,8.712077140808105
GCR,random,8,73,4,2121275811,0.9185374820176694,0.4091369264752194,0.8499059648161333,0.426546543273559,0.906350032544391,0.4051967733061206,0.8409362837306731,0.4204938509527975,0.9142446281025998,0.412293975762473,0.8429743184604068,0.430600316533803,8.466071128845215
GCR,random,16,73,0,65003515,0.9175685090523156,0.4179536920971196,0.8619690286332151,0.4213274957137352,0.906350032544391,0.4051967733061206,0.8409362837306731,0.4204938509527975,0.9092158563735184,0.3754239422570436,0.8417780897063858,0.4256248991319918,13.085000038146973
GCR,random,16,73,1,1960374125,0.9223589293931818,0.4192901050626013,0.8601559839143211,0.4293045320174232,0.906350032544391,0.4051967733061206,0.8409362837306731,0.4204938509527975,0.906350032544391,0.4051967733061206,0.8409362837306731,0.4204938509527975,12.644487142562866
GCR,random,16,73,2,1842462423,0.924628289160023,0.4382564805960187,0.8602413560305624,0.4329331472029734,0.906350032544391,0.4051967733061206,0.8409362837306731,0.4204938509527975,0.9167054919177976,0.414973296765177,0.8475838399391421,0.4285992594314703,14.396140575408936
GCR,random,16,73,3,450268737,0.9193699654656337,0.4157465874118651,0.8615065501897082,0.4342870404793678,0.906350032544391,0.4051967733061206,0.8409362837306731,0.4204938509527975,0.906350032544391,0.4051967733061206,0.8409362837306731,0.4204938509527975,13.739886045455933
GCR,random,16,73,4,78781410,0.9206373829334726,0.4354049760809763,0.8611901009296862,0.4220969944099412,0.906350032544391,0.4051967733061206,0.8409362837306731,0.4204938509527975,0.9167054919177976,0.414973296765177,0.8475838399391421,0.4285992594314703,13.998938083648682
GCR,random,32,73,0,786415532,0.9229898034484618,0.4344797349135472,0.865185233929544,0.4403426056613581,0.906350032544391,0.4051967733061206,0.8409362837306731,0.4204938509527975,0.9167054919177976,0.414973296765177,0.8475838399391421,0.4285992594314703,19.63566374778748
GCR,random,32,73,1,1507364666,0.9239280043447796,0.4330615801479763,0.8640489249107782,0.432253347888875,0.906350032544391,0.4051967733061206,0.8409362837306731,0.4204938509527975,0.9118898341272508,0.3754239422570436,0.8439963453185344,0.4256248991319918,18.682796716690063
GCR,random,32,73,2,1087495808,0.923005536692246,0.4327211650887245,0.8652102350707205,0.4376529259578035,0.906350032544391,0.4051967733061206,0.8409362837306731,0.4204938509527975,0.9139733695674706,0.400748231191617,0.83944557035155,0.4192863230722524,19.228073358535767
GCR,random,32,73,3,936832534,0.9244374484368328,0.4278034672853207,0.8632417882728689,0.4407959185943102,0.906350032544391,0.4051967733061206,0.8409362837306731,0.4204938509527975,0.9167054919177976,0.414973296765177,0.8475838399391421,0.4285992594314703,17.2445011138916
GCR,random,32,73,4,699562933,0.9240895136582796,0.4277916137262462,0.862371070410964,0.4352087739086591,0.906350032544391,0.4051967733061206,0.8409362837306731,0.4204938509527975,0.9167054919177976,0.414973296765177,0.8475838399391421,0.4285992594314703,15.775824546813965
GCR,random,64,73,0,495727404,0.924564361197136,0.4400572202240783,0.8643674075126362,0.4332424587405992,0.906350032544391,0.4051967733061206,0.8409362837306731,0.4204938509527975,0.9167054919177976,0.414973296765177,0.8475838399391421,0.4285992594314703,26.57228803634644
GCR,random,64,73,1,1787495354,0.9242606826445116,0.4332706122716031,0.8651483409310738,0.4387544002569242,0.906350032544391,0.4051967733061206,0.8409362837306731,0.4204938509527975,0.9167054919177976,0.414973296765177,0.8475838399391421,0.4285992594314703,25.927079439163208
GCR,random,64,73,2,1937920512,0.9237651787454032,0.440336052963129,0.8653000115330756,0.4327707875860612,0.906350032544391,0.4051967733061206,0.8409362837306731,0.4204938509527975,0.9167054919177976,0.414973296765177,0.8475838399391421,0.4285992594314703,25.713568925857544
GCR,random,64,73,3,75850390,0.9245834732534854,0.438904275732863,0.8653451944514756,0.4397265370622296,0.906350032544391,0.4051967733061206,0.8409362837306731,0.4204938509527975,0.9167054919177976,0.414973296765177,0.8475838399391421,0.4285992594314703,24.58354353904724
GCR,random,64,73,4,451016501,0.9249312422007472,0.4390220841010265,0.8643733872075274,0.4358610905635133,0.906350032544391,0.4051967733061206,0.8409362837306731,0.4204938509527975,0.9167054919177976,0.414973296765177,0.8475838399391421,0.4285992594314703,19.1823205947876
GCR,random,73,73,0,-1,0.924632859884996,0.440878547774815,0.8654090586979915,0.4346016385444837,0.906350032544391,0.4051967733061206,0.8409362837306731,0.4204938509527975,0.9167054919177976,0.414973296765177,0.8475838399391421,0.4285992594314703,18.623931169509888
GCR,random,73,73,1,-1,0.9247932705661894,0.437795629666127,0.865005584003623,0.4350304706464442,0.906350032544391,0.4051967733061206,0.8409362837306731,0.4204938509527975,0.9167054919177976,0.414973296765177,0.8475838399391421,0.4285992594314703,18.17536973953247
GCR,topk,1,73,0,-1,0.9142167788100776,0.409423369165407,0.8455901464274288,0.4082999683056069,0.906350032544391,0.4051967733061206,0.8409362837306731,0.4204938509527975,0.9167054919177976,0.414973296765177,0.8475838399391421,0.4285992594314703,5.050700902938843
GCR,topk,2,73,0,-1,0.9153404205481552,0.4156777671854033,0.8469453405200735,0.4203040759811306,0.906350032544391,0.4051967733061206,0.8409362837306731,0.4204938509527975,0.9167054919177976,0.414973296765177,0.8475838399391421,0.4285992594314703,5.464867115020752
GCR,topk,4,73,0,-1,0.9181040923016968,0.4193414920135674,0.8472551323045927,0.435793691099534,0.906350032544391,0.4051967733061206,0.8409362837306731,0.4204938509527975,0.9167054919177976,0.414973296765177,0.8475838399391421,0.4285992594314703,6.857004642486572
GCR,topk,8,73,0,-1,0.9188757778524018,0.4243546902892305,0.8469825140853371,0.4354127411376274,0.906350032544391,0.4051967733061206,0.8409362837306731,0.4204938509527975,0.9167054919177976,0.414973296765177,0.8475838399391421,0.4285992594314703,6.2782933712005615
GCR,topk,16,73,0,-1,0.9191523429888602,0.4125053157961031,0.847986367950808,0.4335647652369827,0.906350032544391,0.4051967733061206,0.8409362837306731,0.4204938509527975,0.9167054919177976,0.414973296765177,0.8475838399391421,0.4285992594314703,11.35987663269043
GCR,topk,32,73,0,-1,0.9240264563096732,0.4275610504494609,0.8547030608513497,0.442805092252068,0.906350032544391,0.4051967733061206,0.8409362837306731,0.4204938509527975,0.9167054919177976,0.414973296765177,0.8475838399391421,0.4285992594314703,13.32237982749939
GCR,topk,64,73,0,-1,0.924459089420378,0.4347440422291453,0.8667326813522602,0.4397512985330745,0.906350032544391,0.4051967733061206,0.8409362837306731,0.4204938509527975,0.9167054919177976,0.414973296765177,0.8475838399391421,0.4285992594314703,21.78878927230835
MAX,random,1,63,0,1438908625,0.8939831251846032,0.4941868218510167,0.8577131134481465,0.1201841251879522,0.8892363480838157,0.4490968831687415,0.8608015164539937,0.1470968070994115,0.8978638973920323,0.5072778269235289,0.8598502056621746,0.1337483123800904,5.7563018798828125
MAX,random,1,63,1,583217223,0.8802756937310943,0.4591350997914927,0.8446121360287177,0.1252374185874597,0.8892363480838157,0.4490968831687415,0.8608015164539937,0.1470968070994115,0.8809858320327395,0.4634599009845761,0.8452263235798385,0.1274761519746965,5.189042329788208
MAX,random,1,63,2,1003119101,0.8695024224629847,0.4210179019933659,0.8237587830519592,0.113166088819327,0.8892363480838157,0.4490968831687415,0.8608015164539937,0.1470968070994115,0.870833749471787,0.4211999682580835,0.8334350982802068,0.1012076138711412,5.057019472122192
MAX,random,1,63,3,1288524139,0.8808491160467183,0.4304768496405675,0.8440472562927593,0.1041680331503137,0.8892363480838157,0.4490968831687415,0.8608015164539937,0.1470968070994115,0.8818923808802244,0.4471204198397496,0.849664381065527,0.1469439321042124,3.8045461177825928
MAX,random,1,63,4,1386857672,0.8656679635646646,0.4211964340968354,0.8225318810932901,0.0910900399901556,0.8892363480838157,0.4490968831687415,0.8608015164539937,0.1470968070994115,0.8698373431890389,0.4158362270202568,0.8294874134613139,0.0977306123667254,5.231530427932739
MAX,random,2,63,0,1468186248,0.8941343424497451,0.4871644772311398,0.8545974714510443,0.1259826252090052,0.8892363480838157,0.4490968831687415,0.8608015164539937,0.1470968070994115,0.8913100551713641,0.4880671169382383,0.8509405483448325,0.1185842063503518,4.309917688369751
MAX,random,2,63,1,545623582,0.8819692975555684,0.4569586558668436,0.8468204773982381,0.1065588833334255,0.8892363480838157,0.4490968831687415,0.8608015164539937,0.1470968070994115,0.8739647633797359,0.4227883846433689,0.8398662481956825,0.0992708496281539,5.306715726852417
MAX,random,2,63,2,965533604,0.8947583433145683,0.5158490950592898,0.8462049441871228,0.1347225689142666,0.8892363480838157,0.4490968831687415,0.8608015164539937,0.1470968070994115,0.8883280184717343,0.4784721053030099,0.8410779512788358,0.1306061420898591,5.056706428527832
MAX,random,2,63,3,1317793586,0.861387816622094,0.4242854625334837,0.8328212223556108,0.1019072143849353,0.8892363480838157,0.4490968831687415,0.8608015164539937,0.1470968070994115,0.8571479987600936,0.3966322083291926,0.8232104053569846,0.1001976733250759,4.897186040878296
MAX,random,2,63,4,1357871761,0.8843306719882538,0.4831999969203078,0.844650607739715,0.1157444571003654,0.8892363480838157,0.4490968831687415,0.8608015164539937,0.1470968070994115,0.8774397737355669,0.4796472128216578,0.8336477833835299,0.10482986276033,5.105327367782593
MAX,random,4,63,0,1393541690,0.8987773973990587,0.5268337794393034,0.8584620653064943,0.1384547468933881,0.8892363480838157,0.4490968831687415,0.8608015164539937,0.1470968070994115,0.8774397737355669,0.4561887080852493,0.8336477833835299,0.1137029425589565,7.970522165298462
MAX,random,4,63,1,604566188,0.9013052478052924,0.4922237442445649,0.8494588492074375,0.140270031918576,0.8892363480838157,0.4490968831687415,0.8608015164539937,0.1470968070994115,0.8808624408931194,0.4511819863345778,0.8328255426324351,0.1167221945530579,7.65662407875061
MAX,random,4,63,2,1023517462,0.9020205511300438,0.5215102767487141,0.8545451181948416,0.1252193085500485,0.8892363480838157,0.4490968831687415,0.8608015164539937,0.1470968070994115,0.8880537511787425,0.4933884355982829,0.8503282163880198,0.1260055554002761,7.201171159744263
MAX,random,4,63,3,1241944960,0.8971699793579571,0.4977950314095045,0.8527290296312631,0.1342493173060022,0.8892363480838157,0.4490968831687415,0.8608015164539937,0.1470968070994115,0.8808624408931194,0.4511819863345778,0.8328255426324351,0.1167221945530579,6.6170289516448975
MAX,random,4,63,4,1415710243,0.8969543698598754,0.497154819365006,0.8587019610713879,0.1351197613492171,0.8892363480838157,0.4490968831687415,0.8608015164539937,0.1470968070994115,0.8818923808802244,0.4471204198397496,0.849664381065527,0.1469439321042124,8.875118494033813
MAX,random,8,63,0,1511340894,0.8943303501076667,0.5006320638103399,0.8415039730682159,0.1255338379395665,0.8892363480838157,0.4490968831687415,0.8608015164539937,0.1470968070994115,0.8742774393208896,0.4561887080852493,0.8370638050210626,0.1137029425589565,6.435331583023071
MAX,random,8,63,1,756157384,0.9012954898599236,0.506746192119844,0.8509054478662421,0.1457860612729956,0.8892363480838157,0.4490968831687415,0.8608015164539937,0.1470968070994115,0.8849515410709959,0.4847921569526042,0.854521604557045,0.1178848226688566,6.335289001464844
MAX,random,8,63,2,874207858,0.9071333921929304,0.5326381886876231,0.8653191378574555,0.1550358853346481,0.8892363480838157,0.4490968831687415,0.8608015164539937,0.1470968070994115,0.8892363480838157,0.4303316913867879,0.8608015164539937,0.1318927211397446,6.095973968505859
MAX,random,8,63,3,1125935844,0.8951336871283735,0.4918008711107168,0.8504567623295884,0.128082793560592,0.8892363480838157,0.4490968831687415,0.8608015164539937,0.1470968070994115,0.8808624408931194,0.4511819863345778,0.8328255426324351,0.1167221945530579,6.671319246292114
MAX,random,8,63,4,1568210759,0.9064716461020496,0.5190505532385243,0.8687461655772581,0.13694726924004,0.8892363480838157,0.4490968831687415,0.8608015164539937,0.1470968070994115,0.8978638973920323,0.5072778269235289,0.8598502056621746,0.1337483123800904,6.154773235321045
MAX,random,16,63,0,605811068,0.909748615558934,0.52862581068525,0.8632982256778896,0.150651724973304,0.8892363480838157,0.4490968831687415,0.8608015164539937,0.1470968070994115,0.8978638973920323,0.5072778269235289,0.8598502056621746,0.1337483123800904,9.904281616210938
MAX,random,16,63,1,1394393578,0.910021053740779,0.5236990011844543,0.8630254108200809,0.1611519528732294,0.8892363480838157,0.4490968831687415,0.8608015164539937,0.1470968070994115,0.8978638973920323,0.5072778269235289,0.8598502056621746,0.1337483123800904,9.367424726486206
MAX,random,16,63,2,1242927184,0.9044002515911496,0.5159375672874481,0.8569063831990922,0.1513731222505627,0.8892363480838157,0.4490968831687415,0.8608015164539937,0.1470968070994115,0.8883280184717343,0.4490968831687415,0.8410779512788358,0.1470968070994115,9.994128704071043
MAX,random,16,63,3,1024630982,0.90106435574741,0.521668703165876,0.8603199968134772,0.1470547490925667,0.8892363480838157,0.4490968831687415,0.8608015164539937,0.1470968070994115,0.8883280184717343,0.4784721053030099,0.8410779512788358,0.1306061420898591,9.862400770187378
MAX,random,16,63,4,594949477,0.9041302710256032,0.525182884190454,0.868362128379703,0.1633404118611298,0.8892363480838157,0.4490968831687415,0.8608015164539937,0.1470968070994115,0.8849515410709959,0.4847921569526042,0.854521604557045,0.1178848226688566,9.366925954818726
MAX,random,32,63,0,152801579,0.9121628462005134,0.5247569438369213,0.871027753344999,0.1650296955534273,0.8892363480838157,0.4490968831687415,0.8608015164539937,0.1470968070994115,0.8892363480838157,0.4490968831687415,0.8608015164539937,0.1470968070994115,10.9991135597229
MAX,random,32,63,1,2115805629,0.912272915179652,0.5339274290989927,0.8681754074318506,0.1602736220743699,0.8892363480838157,0.4490968831687415,0.8608015164539937,0.1470968070994115,0.8892363480838157,0.4471204198397496,0.8608015164539937,0.1469439321042124,12.009046792984009
MAX,random,32,63,2,1729490951,0.9110313650285294,0.5318648837457689,0.8665350762283808,0.1554122302793581,0.8892363480838157,0.4490968831687415,0.8608015164539937,0.1470968070994115,0.8978638973920323,0.5072778269235289,0.8598502056621746,0.1337483123800904,10.260102272033691
MAX,random,32,63,3,269664401,0.9114756671383428,0.5348908659529015,0.8651582535814952,0.1616237172509364,0.8892363480838157,0.4490968831687415,0.8608015164539937,0.1470968070994115,0.8978638973920323,0.5072778269235289,0.8598502056621746,0.1337483123800904,10.254552364349363
MAX,random,32,63,4,242636082,0.912944196284587,0.5291244041787229,0.8668956281178234,0.1625057834161751,0.8892363480838157,0.4490968831687415,0.8608015164539937,0.1470968070994115,0.8978638973920323,0.5072778269235289,0.8598502056621746,0.1337483123800904,9.432368993759155
MAX,random,63,63,0,-1,0.9133180306116604,0.5363358761785604,0.8690437122492796,0.1618691310535261,0.8892363480838157,0.4490968831687415,0.8608015164539937,0.1470968070994115,0.8978638973920323,0.5072778269235289,0.8598502056621746,0.1337483123800904,17.860738515853882
MAX,random,63,63,1,-1,0.9135705473289304,0.534002659334947,0.868045969105233,0.1583705735891792,0.8892363480838157,0.4490968831687415,0.8608015164539937,0.1470968070994115,0.8978638973920323,0.5072778269235289,0.8598502056621746,0.1337483123800904,14.067858695983888
MAX,topk,1,63,0,-1,0.8939831251846032,0.4941868218510167,0.8577131134481465,0.1201841251879522,0.8892363480838157,0.4490968831687415,0.8608015164539937,0.1470968070994115,0.8978638973920323,0.5072778269235289,0.8598502056621746,0.1337483123800904,6.738727331161499
MAX,topk,2,63,0,-1,0.9028964187196294,0.5116275538294346,0.8709184149292449,0.1436282369072065,0.8892363480838157,0.4490968831687415,0.8608015164539937,0.1470968070994115,0.8978638973920323,0.5072778269235289,0.8598502056621746,0.1337483123800904,4.013908624649048
MAX,topk,4,63,0,-1,0.9081459489093426,0.5196637952897513,0.8712733858709213,0.1468050923154149,0.8892363480838157,0.4490968831687415,0.8608015164539937,0.1470968070994115,0.8978638973920323,0.5072778269235289,0.8598502056621746,0.1337483123800904,5.62389612197876
MAX,topk,8,63,0,-1,0.9088009425987212,0.5205123948978321,0.8730294863284346,0.1582276126280798,0.8892363480838157,0.4490968831687415,0.8608015164539937,0.1470968070994115,0.8978638973920323,0.5072778269235289,0.8598502056621746,0.1337483123800904,5.130193710327148
MAX,topk,16,63,0,-1,0.9122222614247087,0.5259070592111619,0.8723681298532998,0.1538989772163294,0.8892363480838157,0.4490968831687415,0.8608015164539937,0.1470968070994115,0.8978638973920323,0.5072778269235289,0.8598502056621746,0.1337483123800904,8.676477432250977
MAX,topk,32,63,0,-1,0.9130608779974162,0.5348590125942523,0.8700603087980894,0.1551860827595675,0.8892363480838157,0.4490968831687415,0.8608015164539937,0.1470968070994115,0.8978638973920323,0.5072778269235289,0.8598502056621746,0.1337483123800904,10.222887516021729
GATA3,random,1,63,0,1841428733,0.7602931250227943,0.0758744302320424,0.7713993045462674,0.097838484904264,0.8008362795720226,0.118292364931032,0.8231288005579259,0.166652115871246,0.7691062510346486,0.0835395312180963,0.7780845790357375,0.1143469808183009,7.970021724700928
GATA3,random,1,63,1,449235051,0.7373800797160466,0.0670164597797361,0.698720194867144,0.0725350146809048,0.8008362795720226,0.118292364931032,0.8231288005579259,0.166652115871246,0.7328744595899771,0.0701063492994339,0.7015234320847197,0.0758812449534261,7.50879955291748
GATA3,random,1,63,2,63936977,0.7991579972076616,0.1131173543429711,0.8249228177648941,0.1654677089598373,0.8008362795720226,0.118292364931032,0.8231288005579259,0.166652115871246,0.8046604457212031,0.1149892719835171,0.8302836875143016,0.2101299299889571,8.012473344802856
GATA3,random,1,63,3,1959307591,0.7342157930253251,0.071906602341901,0.7082530645005448,0.073680285104933,0.8008362795720226,0.118292364931032,0.8231288005579259,0.166652115871246,0.7388595497986661,0.0712722425702351,0.7031549739614822,0.0789314758731569,6.131175756454468
GATA3,random,1,63,4,1789672676,0.7741509066896465,0.0781497861332081,0.7995303989211975,0.1246846086377078,0.8008362795720226,0.118292364931032,0.8231288005579259,0.166652115871246,0.7825127201144202,0.0890503883765945,0.8086183176573144,0.1294067839889404,8.153523445129395
GATA3,random,2,63,0,1871136420,0.8092047531758513,0.1118122305627254,0.8329465992619194,0.1718044812175772,0.8008362795720226,0.118292364931032,0.8231288005579259,0.166652115871246,0.8067359280671302,0.1134057887214389,0.823439345268099,0.201591910420176,8.715510606765747
GATA3,random,2,63,1,411072050,0.809329450726002,0.111724726408519,0.8196817040408179,0.1627308102182668,0.8008362795720226,0.118292364931032,0.8231288005579259,0.166652115871246,0.8008362795720226,0.118292364931032,0.8231288005579259,0.166652115871246,6.415506839752197
GATA3,random,2,63,2,25765768,0.7928371526563701,0.0957274997526033,0.8042039409820928,0.1178389375135446,0.8008362795720226,0.118292364931032,0.8231288005579259,0.166652115871246,0.7849313258179169,0.0941187278902207,0.808353513895333,0.1475641961369599,7.352508306503296
GATA3,random,2,63,3,1989023518,0.7707919347973435,0.0856622382634607,0.7884871707452694,0.114438779364404,0.8008362795720226,0.118292364931032,0.8231288005579259,0.166652115871246,0.7642868360866536,0.0867354890350634,0.7872151335639734,0.123412026755157,7.312946796417236
GATA3,random,2,63,4,1760199357,0.7450097915786379,0.0704268322831819,0.7051887094703109,0.0692840747019656,0.8008362795720226,0.118292364931032,0.8231288005579259,0.166652115871246,0.7328744595899771,0.0701063492994339,0.7015234320847197,0.0758812449534261,9.339735984802246
GATA3,random,4,63,0,1795832342,0.8042366302104801,0.1123250922062916,0.8316636877076463,0.1941568755882737,0.8008362795720226,0.118292364931032,0.8231288005579259,0.166652115871246,0.7990182054105439,0.1134057887214389,0.8328876772172296,0.201591910420176,10.041474342346191
GATA3,random,4,63,1,470616704,0.7970992678566993,0.0984802341316188,0.8167800483068144,0.1593658339154132,0.8008362795720226,0.118292364931032,0.8231288005579259,0.166652115871246,0.7868502273902429,0.0992854234588278,0.8093646951903385,0.1669929853904281,12.202919006347656
GATA3,random,4,63,2,84171578,0.8120270643194396,0.1103774396073142,0.8378104226044024,0.2013344964939487,0.8008362795720226,0.118292364931032,0.8231288005579259,0.166652115871246,0.7990182054105439,0.1134057887214389,0.8328876772172296,0.201591910420176,10.852472305297852
GATA3,random,4,63,3,1912826796,0.7958452363794338,0.1023111876826181,0.8140337629921173,0.1246274584771956,0.8008362795720226,0.118292364931032,0.8231288005579259,0.166652115871246,0.7898905145722703,0.0941187278902207,0.8120187457285124,0.1475641961369599,11.828512907028198
GATA3,random,4,63,4,1818754575,0.8089116081473327,0.1117098945755462,0.8182034928475881,0.1503465391390419,0.8008362795720226,0.118292364931032,0.8231288005579259,0.166652115871246,0.8067359280671302,0.1152382307909436,0.823439345268099,0.1916049647468918,10.598300695419312
GATA3,random,8,63,0,1645265778,0.8112535624221918,0.1201971687155235,0.8255598960817891,0.1778690112035267,0.8008362795720226,0.118292364931032,0.8231288005579259,0.166652115871246,0.8016542222426405,0.1125870725041131,0.8195022857441044,0.1862997816308959,13.500154495239258
GATA3,random,8,63,1,353891300,0.8195891669089663,0.1408256450913387,0.8287216687407355,0.188965073608166,0.8008362795720226,0.118292364931032,0.8231288005579259,0.166652115871246,0.8077128514786259,0.1254818109573643,0.8365189016442953,0.201195960480329,14.978822231292725
GATA3,random,8,63,2,203334238,0.8195457480107187,0.1374283811326517,0.8371709388670944,0.2157974309097424,0.8008362795720226,0.118292364931032,0.8231288005579259,0.166652115871246,0.8092769069146892,0.126493048782733,0.8272511609664824,0.2135300000985003,12.442760944366457
GATA3,random,8,63,3,2065273544,0.8242477444697343,0.1387980131233057,0.8474526420677232,0.2245338402511847,0.8008362795720226,0.118292364931032,0.8231288005579259,0.166652115871246,0.8143905499349066,0.1171637091426563,0.8401207574191846,0.1735571399276354,19.163787603378296
GATA3,random,8,63,4,1702692715,0.7941075953041759,0.0987825624019447,0.8069425216124683,0.1340391611379527,0.8008362795720226,0.118292364931032,0.8231288005579259,0.166652115871246,0.7825127201144202,0.0890503883765945,0.8086183176573144,0.1294067839889404,17.44361686706543
GATA3,random,16,63,0,385587303,0.8202073257968459,0.1278858995001855,0.8332701934727342,0.1917478316804917,0.8008362795720226,0.118292364931032,0.8231288005579259,0.166652115871246,0.8046604457212031,0.1125870725041131,0.8302836875143016,0.1862997816308959,26.012949228286743
GATA3,random,16,63,1,1643948273,0.825169756486007,0.1407619049748303,0.8367199472138651,0.2137669456208842,0.8008362795720226,0.118292364931032,0.8231288005579259,0.166652115871246,0.8077128514786259,0.1254818109573643,0.8365189016442953,0.201195960480329,21.21253538131714
GATA3,random,16,63,2,2029386059,0.8262758967263641,0.1334486476012476,0.8450046744366597,0.2422639461751804,0.8008362795720226,0.118292364931032,0.8231288005579259,0.166652115871246,0.8133518282655667,0.1249377164593558,0.8471890429139656,0.2276322192444557,17.780714750289917
GATA3,random,16,63,3,267569629,0.831302860268767,0.1417041890012635,0.8432860085109115,0.2060316826449856,0.8008362795720226,0.118292364931032,0.8231288005579259,0.166652115871246,0.8143905499349066,0.1134057887214389,0.8401207574191846,0.201591910420176,17.394081115722656
GATA3,random,16,63,4,295066750,0.8288199232085313,0.1387735385519613,0.8416257167355664,0.2308559033807914,0.8008362795720226,0.118292364931032,0.8231288005579259,0.166652115871246,0.8046604457212031,0.126493048782733,0.8302836875143016,0.2135300000985003,18.452237367630005
GATA3,random,32,63,0,1006368816,0.8334301883845499,0.1420321620573214,0.8503111659944564,0.2467926309039285,0.8008362795720226,0.118292364931032,0.8231288005579259,0.166652115871246,0.8133518282655667,0.1249377164593558,0.8471890429139656,0.2276322192444557,21.497257947921756
GATA3,random,32,63,1,1291634854,0.8313845275210688,0.1456071438928652,0.8496817910965382,0.2503003324315827,0.8008362795720226,0.118292364931032,0.8231288005579259,0.166652115871246,0.8133518282655667,0.1249377164593558,0.8471890429139656,0.2276322192444557,22.72386193275452
GATA3,random,32,63,2,1442158876,0.8335489921619876,0.1460795211460736,0.8445192578135419,0.2404468515708147,0.8008362795720226,0.118292364931032,0.8231288005579259,0.166652115871246,0.8121064683342345,0.1249377164593558,0.8415241070196215,0.2276322192444557,21.510268688201904
GATA3,random,32,63,3,586328458,0.8348784732851762,0.1467517784070285,0.8514059815175645,0.2518928181964357,0.8008362795720226,0.118292364931032,0.8231288005579259,0.166652115871246,0.8133518282655667,0.1249377164593558,0.8471890429139656,0.2276322192444557,21.73646855354309
GATA3,random,32,63,4,1016478761,0.8366632573458357,0.1560319703800779,0.8496374040672534,0.2236723428085293,0.8008362795720226,0.118292364931032,0.8231288005579259,0.166652115871246,0.8077128514786259,0.1254818109573643,0.8365189016442953,0.201195960480329,16.551433801651
GATA3,random,63,63,0,-1,0.840221131473676,0.1600192360582825,0.8561499374843762,0.259731647234156,0.8008362795720226,0.118292364931032,0.8231288005579259,0.166652115871246,0.8133518282655667,0.1249377164593558,0.8471890429139656,0.2276322192444557,25.51720905303955
GATA3,random,63,63,1,-1,0.8392541029797389,0.1544526418132262,0.8560078114288067,0.256842371695983,0.8008362795720226,0.118292364931032,0.8231288005579259,0.166652115871246,0.8133518282655667,0.1249377164593558,0.8471890429139656,0.2276322192444557,21.30509328842163
GATA3,topk,1,63,0,-1,0.8081220297076658,0.1090371967046679,0.8442230494596445,0.2204781060278028,0.8008362795720226,0.118292364931032,0.8231288005579259,0.166652115871246,0.8133518282655667,0.1207943350675298,0.8471890429139656,0.2267061825187626,6.739825010299683
GATA3,topk,2,63,0,-1,0.8116790798587349,0.1244746009817037,0.844612762996217,0.2135803716146194,0.8008362795720226,0.118292364931032,0.8231288005579259,0.166652115871246,0.8133518282655667,0.1254818109573643,0.8471890429139656,0.201195960480329,7.300808906555176
GATA3,topk,4,63,0,-1,0.8169386603194118,0.1305196235365658,0.8446431692311073,0.2243922790851739,0.8008362795720226,0.118292364931032,0.8231288005579259,0.166652115871246,0.8133518282655667,0.1249377164593558,0.8471890429139656,0.2276322192444557,11.44069766998291
GATA3,topk,8,63,0,-1,0.819494208083769,0.1304577889222927,0.8445747254670021,0.2382732924204092,0.8008362795720226,0.118292364931032,0.8231288005579259,0.166652115871246,0.8133518282655667,0.1249377164593558,0.8471890429139656,0.2276322192444557,10.657823085784912
GATA3,topk,16,63,0,-1,0.831301338250539,0.1506955853538818,0.8541502549340727,0.26720908791964,0.8008362795720226,0.118292364931032,0.8231288005579259,0.166652115871246,0.8133518282655667,0.1249377164593558,0.8471890429139656,0.2276322192444557,18.208667755126957
GATA3,topk,32,63,0,-1,0.8308464131190113,0.1533346711230747,0.8531199947705831,0.2560349837634459,0.8008362795720226,0.118292364931032,0.8231288005579259,0.166652115871246,0.8133518282655667,0.1249377164593558,0.8471890429139656,0.2276322192444557,20.2454776763916
SPI1,random,1,63,0,140222140,0.9376761025536606,0.5741464078167865,0.9315330121957642,0.5300489222454585,0.937466751383131,0.5520927910784146,0.9381160405252345,0.5622423042891276,0.9384741429671632,0.5851479995861647,0.9329207548598673,0.53403451100662,7.92654538154602
SPI1,random,1,63,1,2136780330,0.908666779413304,0.4735037668708639,0.9080476395400908,0.4746223212161296,0.937466751383131,0.5520927910784146,0.9381160405252345,0.5622423042891276,0.9099313964139372,0.4889227602570488,0.9092585465836056,0.4744142692377112,6.474243402481079
SPI1,random,1,63,2,1716912016,0.9197640476459285,0.4994896814931986,0.9267118967969656,0.5478101729745849,0.937466751383131,0.5520927910784146,0.9381160405252345,0.5622423042891276,0.9198998924037872,0.5118084459261157,0.9274914741597302,0.5534069983841052,6.896806478500366
SPI1,random,1,63,3,290639622,0.913911170589806,0.4859045359507856,0.911186218522811,0.474879667082626,0.937466751383131,0.5520927910784146,0.9381160405252345,0.5622423042891276,0.9151709171516358,0.4921591359808252,0.9122934941655252,0.4788534706013536,6.94200587272644
SPI1,random,1,63,4,255220389,0.9266135489767892,0.3947232414377451,0.9340910836582026,0.481052039165285,0.937466751383131,0.5520927910784146,0.9381160405252345,0.5622423042891276,0.9308927426814112,0.4431684669477104,0.9374356080760722,0.4999009482913349,7.125759601593018
SPI1,random,2,63,0,169681125,0.9361046151934594,0.5464472455990736,0.9345230056764304,0.5420465705830495,0.937466751383131,0.5520927910784146,0.9381160405252345,0.5622423042891276,0.9279467324320124,0.54744637399423,0.9270812506585184,0.5442456721219734,6.711230754852295
SPI1,random,2,63,1,2098860147,0.948333182899069,0.6350945920476643,0.9505853400590032,0.6061470952901116,0.937466751383131,0.5520927910784146,0.9381160405252345,0.5622423042891276,0.9436029194955968,0.6089122300295008,0.9439713590506794,0.5839145466095148,6.933983564376831
SPI1,random,2,63,2,1678983625,0.952818439921326,0.5891683318619451,0.9494812345248128,0.585623229556065,0.937466751383131,0.5520927910784146,0.9381160405252345,0.5622423042891276,0.943832697065642,0.5777964952193692,0.940978713386366,0.5329198596524456,7.416698217391968
SPI1,random,2,63,3,320106847,0.9447318757599888,0.5462807714654273,0.9383159855389316,0.5242688449050917,0.937466751383131,0.5520927910784146,0.9381160405252345,0.5622423042891276,0.924989423255314,0.5249232300260553,0.9212442929485828,0.4958004985133912,5.865884065628052
SPI1,random,2,63,4,225502460,0.9345606043053992,0.5247793120481039,0.9401761708460648,0.5686765507266414,0.937466751383131,0.5520927910784146,0.9381160405252345,0.5622423042891276,0.9335547053411514,0.5407237103874517,0.9401680898351068,0.579774256098583,6.281035423278809
SPI1,random,4,63,0,244341847,0.9506924668027456,0.6238831182634645,0.9490785441470868,0.6054049673602269,0.937466751383131,0.5520927910784146,0.9381160405252345,0.5622423042891276,0.943832697065642,0.5777964952193692,0.940978713386366,0.5329198596524456,7.325727939605713
SPI1,random,4,63,1,2039966913,0.9377393119345035,0.5143380266888746,0.9454031012933304,0.5769157017859113,0.937466751383131,0.5520927910784146,0.9381160405252345,0.5622423042891276,0.9308927426814112,0.5292764520445042,0.9374356080760722,0.5594239125500649,7.704531669616699
SPI1,random,4,63,2,1620983163,0.9487408848367856,0.618423361041285,0.948644859274576,0.5991235329271146,0.937466751383131,0.5520927910784146,0.9381160405252345,0.5622423042891276,0.9449407321168366,0.6022624667270297,0.9454914830497312,0.5915352359568401,9.32589030265808
SPI1,random,4,63,3,395906541,0.9388065759740526,0.5895435178188125,0.93895641891002,0.581388659195386,0.937466751383131,0.5520927910784146,0.9381160405252345,0.5622423042891276,0.9278169399406764,0.5773913155793519,0.9268674556816984,0.5764601339978146,7.534203767776489
SPI1,random,4,63,4,167614542,0.9420123388702633,0.595215700861072,0.9428429512169424,0.5769089553711858,0.937466751383131,0.5520927910784146,0.9381160405252345,0.5622423042891276,0.9418257859334268,0.601525815977206,0.943125363173006,0.5785338846540476,7.619678497314453
SPI1,random,8,63,0,126526771,0.9578809768462856,0.6285473201356158,0.9589727633415868,0.6299122216531998,0.937466751383131,0.5520927910784146,0.9381160405252345,0.5622423042891276,0.9436029194955968,0.6089122300295008,0.9439713590506794,0.5839145466095148,9.403704643249512
SPI1,random,8,63,1,1888327077,0.9561387992126558,0.6279213034277654,0.9584326572542408,0.6255409435198048,0.937466751383131,0.5520927910784146,0.9381160405252345,0.5622423042891276,0.9394288921005522,0.5773913155793519,0.9413098929248762,0.5764601339978146,9.257481098175049
SPI1,random,8,63,2,1770308639,0.9541535985419076,0.6182581767888436,0.9554375964729744,0.6222530095438045,0.937466751383131,0.5520927910784146,0.9381160405252345,0.5622423042891276,0.9342784460043444,0.5947209969191072,0.9391516387235276,0.5893003644746831,10.03832721710205
SPI1,random,8,63,3,511964297,0.9612232919612388,0.6387594149364808,0.9588013265857128,0.6223440744774935,0.937466751383131,0.5520927910784146,0.9381160405252345,0.5622423042891276,0.9436029194955968,0.6089122300295008,0.9439713590506794,0.5839145466095148,10.188988208770752
SPI1,random,8,63,4,15163690,0.9586801541044458,0.6319071403708817,0.957622038312612,0.6137695307755543,0.937466751383131,0.5520927910784146,0.9381160405252345,0.5622423042891276,0.943187451845632,0.5928205734669781,0.9457374664155516,0.5397567951085993,7.926708698272705
SPI1,random,16,63,0,390427399,0.9599805735330588,0.6436721024388294,0.9601172545042672,0.6282003487365605,0.937466751383131,0.5520927910784146,0.9381160405252345,0.5622423042891276,0.9418257859334268,0.601525815977206,0.943125363173006,0.5785338846540476,13.324534177780151
SPI1,random,16,63,1,1614955409,0.9552579327139106,0.6484007319527444,0.9547756308608156,0.630193853878764,0.937466751383131,0.5520927910784146,0.9381160405252345,0.5622423042891276,0.943832697065642,0.6089122300295008,0.940978713386366,0.5839145466095148,17.139060258865356
SPI1,random,16,63,2,2034962987,0.95903054353181,0.6495155452517802,0.9592296333368456,0.6307453657145891,0.937466751383131,0.5520927910784146,0.9381160405252345,0.5622423042891276,0.9436029194955968,0.6089122300295008,0.9439713590506794,0.5839145466095148,13.337230443954468
SPI1,random,16,63,3,239870653,0.9570631602429818,0.6462849542571777,0.9552346117374354,0.6255095610956966,0.937466751383131,0.5520927910784146,0.9381160405252345,0.5622423042891276,0.943832697065642,0.5777964952193692,0.940978713386366,0.5329198596524456,16.265964031219482
SPI1,random,16,63,4,271103774,0.957357202251142,0.6383766399493467,0.958352635062164,0.6359081030437723,0.937466751383131,0.5520927910784146,0.9381160405252345,0.5622423042891276,0.943187451845632,0.5947209969191072,0.9457374664155516,0.5893003644746831,13.929717779159546
SPI1,random,32,63,0,977605456,0.961056997759778,0.6604886941532514,0.958969138525972,0.6335536554384033,0.937466751383131,0.5520927910784146,0.9381160405252345,0.5622423042891276,0.943832697065642,0.6089122300295008,0.940978713386366,0.5839145466095148,19.070834398269653
SPI1,random,32,63,1,1296180166,0.9612338425339616,0.6600284610772387,0.9599760065456748,0.6421212601368904,0.937466751383131,0.5520927910784146,0.9381160405252345,0.5622423042891276,0.943832697065642,0.5777964952193692,0.940978713386366,0.5329198596524456,20.950579404830933
SPI1,random,32,63,2,1414230652,0.9601563632499704,0.6581439508764219,0.958606751132652,0.6328597139071213,0.937466751383131,0.5520927910784146,0.9381160405252345,0.5622423042891276,0.943832697065642,0.6022624667270297,0.940978713386366,0.5915352359568401,16.861974477767944
SPI1,random,32,63,3,592200426,0.9592572172705776,0.6581547665599943,0.9589597674770836,0.634252032372728,0.937466751383131,0.5520927910784146,0.9381160405252345,0.5622423042891276,0.943726066761865,0.601525815977206,0.94568757046149,0.5785338846540476,15.21358585357666
SPI1,random,32,63,4,1026086729,0.9609027017677624,0.6615957270957554,0.9603820030160152,0.6418324344451842,0.937466751383131,0.5520927910784146,0.9381160405252345,0.5622423042891276,0.943832697065642,0.5777964952193692,0.940978713386366,0.5329198596524456,17.285789251327515
SPI1,random,63,63,0,-1,0.9618762701785428,0.6652768175828543,0.960877503687704,0.6419347151256162,0.937466751383131,0.5520927910784146,0.9381160405252345,0.5622423042891276,0.943832697065642,0.6022624667270297,0.940978713386366,0.5915352359568401,27.185182332992557
SPI1,random,63,63,1,-1,0.9621499716639426,0.6664429110871569,0.9606306204562216,0.6426467297403429,0.937466751383131,0.5520927910784146,0.9381160405252345,0.5622423042891276,0.943832697065642,0.6022624667270297,0.940978713386366,0.5915352359568401,24.09062933921814
SPI1,topk,1,63,0,-1,0.9432364343107764,0.5732943720985638,0.9393109393109264,0.5347766876653908,0.937466751383131,0.5520927910784146,0.9381160405252345,0.5622423042891276,0.943832697065642,0.5777964952193692,0.940978713386366,0.5329198596524456,7.225224256515503
SPI1,topk,2,63,0,-1,0.947463095977726,0.6047940480309897,0.9458240332947004,0.5869965100236156,0.937466751383131,0.5520927910784146,0.9381160405252345,0.5622423042891276,0.943832697065642,0.6022624667270297,0.940978713386366,0.5915352359568401,6.4524245262146
SPI1,topk,4,63,0,-1,0.9553223689055352,0.6169358956818131,0.9539001205089032,0.5998982287079339,0.937466751383131,0.5520927910784146,0.9381160405252345,0.5622423042891276,0.943832697065642,0.6022624667270297,0.940978713386366,0.5915352359568401,8.526013851165771
SPI1,topk,8,63,0,-1,0.9559515101893504,0.6385236090075894,0.9542591142266358,0.6049654322252834,0.937466751383131,0.5520927910784146,0.9381160405252345,0.5622423042891276,0.943832697065642,0.6022624667270297,0.940978713386366,0.5915352359568401,9.345187902450562
SPI1,topk,16,63,0,-1,0.9567020362212776,0.6510841531686714,0.9549161363396904,0.6128968617606146,0.937466751383131,0.5520927910784146,0.9381160405252345,0.5622423042891276,0.943832697065642,0.6022624667270297,0.940978713386366,0.5915352359568401,13.57969355583191
SPI1,topk,32,63,0,-1,0.9607635078164696,0.6582522967686555,0.9598537496048888,0.6360681840903454,0.937466751383131,0.5520927910784146,0.9381160405252345,0.5622423042891276,0.943832697065642,0.6022624667270297,0.940978713386366,0.5915352359568401,16.18907928466797
RUNX1,random,1,59,0,1859126177,0.8622185694021994,0.1631585568217081,0.7716529766218978,0.0972523903834985,0.8704972544023477,0.1692612746452011,0.7940336559307262,0.0963775216160252,0.865320320205992,0.1721671898365432,0.7735849317059436,0.1056793741533279,11.28753399848938
RUNX1,random,1,59,1,433533751,0.8385056981720874,0.1584792953161065,0.7832637270795892,0.0955505669701586,0.8704972544023477,0.1692612746452011,0.7940336559307262,0.0963775216160252,0.8413788099348473,0.1691316489280905,0.787606953201268,0.0993451851336218,10.868354082107544
RUNX1,random,1,59,2,14574221,0.8538312683804069,0.1550797117187532,0.7898217235162347,0.1040170841377428,0.8704972544023477,0.1692612746452011,0.7940336559307262,0.0963775216160252,0.8564275456968552,0.1738128576001494,0.7925667904056242,0.1083938344607318,13.231430053710938
RUNX1,random,1,59,3,2010731035,0.8561783625425098,0.1301403218215568,0.7819769448120258,0.0941385036157482,0.8704972544023477,0.1692612746452011,0.7940336559307262,0.0963775216160252,0.8638037341817285,0.1662828928757846,0.7862419947839151,0.1000182841671431,12.365579843521118
RUNX1,random,1,59,4,1774045112,0.8407926860461176,0.1449253538739267,0.7588831579982525,0.089488619138145,0.8704972544023477,0.1692612746452011,0.7940336559307262,0.0963775216160252,0.8458713506605164,0.1604561580727123,0.7615608674021199,0.0960824325069703,12.386873245239258
RUNX1,random,2,59,0,1821818360,0.8670687797334169,0.1636867345537723,0.7949021474147241,0.1066341556983102,0.8704972544023477,0.1692612746452011,0.7940336559307262,0.0963775216160252,0.8638037341817285,0.1662828928757846,0.7862419947839151,0.1000182841671431,14.8991436958313
RUNX1,random,2,59,1,462523758,0.8486145056700505,0.1582917635597676,0.7612863854117828,0.0990600414213186,0.8704972544023477,0.1692612746452011,0.7940336559307262,0.0963775216160252,0.842992086701245,0.162383489916539,0.752004047934375,0.0960801434427344,12.63782024383545
RUNX1,random,2,59,2,43572436,0.8668798948233538,0.1571148357609132,0.7796204241462064,0.0975581498788611,0.8704972544023477,0.1692612746452011,0.7940336559307262,0.0963775216160252,0.8605160353978767,0.1623401240847984,0.7771275814085403,0.0957003029769361,16.0816912651062
RUNX1,random,2,59,3,1973414978,0.8697841586794487,0.1624962960493187,0.7932354025335628,0.1045460997066202,0.8704972544023477,0.1692612746452011,0.7940336559307262,0.0963775216160252,0.8675401282056326,0.1776419409819322,0.7974226322861986,0.1119069107759797,14.014008283615112
RUNX1,random,2,59,4,1811642849,0.8655118109215981,0.1601499681366524,0.797692864763676,0.102520558849876,0.8704972544023477,0.1692612746452011,0.7940336559307262,0.0963775216160252,0.8683925769382084,0.1715271518747294,0.7963626589707574,0.1024423049965327,13.921547412872314
RUNX1,random,4,59,0,1746649418,0.8704971968154849,0.1705443483389631,0.7929173474729116,0.1090171695255251,0.8704972544023477,0.1692612746452011,0.7940336559307262,0.0963775216160252,0.8612640911454151,0.1589099281748813,0.7836830091905974,0.093445234876199,16.174739837646484
RUNX1,random,4,59,1,521990620,0.8747609017450066,0.1771200728718323,0.8004168458138585,0.1074019735347205,0.8704972544023477,0.1692612746452011,0.7940336559307262,0.0963775216160252,0.8638037341817285,0.1589099281748813,0.7862419947839151,0.093445234876199,19.039032459259037
RUNX1,random,4,59,2,102080614,0.8849667814980704,0.1974012137384873,0.799929459169208,0.1074566911896762,0.8704972544023477,0.1692612746452011,0.7940336559307262,0.0963775216160252,0.8709863468266712,0.1696485642449119,0.7799341958602968,0.096659861263114,13.218735933303831
RUNX1,random,4,59,3,1897042160,0.8852390065959033,0.1784596095375174,0.7982057363053521,0.1069506748578263,0.8704972544023477,0.1692612746452011,0.7940336559307262,0.0963775216160252,0.8683610889215065,0.1672717938828951,0.7963907118456974,0.0997782160270204,15.147506475448608
RUNX1,random,4,59,4,1870005587,0.8787450488494961,0.1715885761376323,0.7956113735174777,0.1113565374464733,0.8704972544023477,0.1692612746452011,0.7940336559307262,0.0963775216160252,0.874311217930476,0.1721671898365432,0.795556161653981,0.1056793741533279,14.570881843566896
RUNX1,random,8,59,0,1627469870,0.8877844059190465,0.1988878542668864,0.8060195964201367,0.11967841868038,0.8704972544023477,0.1692612746452011,0.7940336559307262,0.0963775216160252,0.8773399509916602,0.1721671898365432,0.8034770546822334,0.1056793741533279,14.13815689086914
RUNX1,random,8,59,1,369494200,0.8861270800014935,0.1891533027561039,0.8039970982918712,0.1086450021412714,0.8704972544023477,0.1692612746452011,0.7940336559307262,0.0963775216160252,0.874311217930476,0.1653473632487416,0.795556161653981,0.0916515608191598,13.959346771240234
RUNX1,random,8,59,2,252664066,0.8894809844819721,0.1949411252250921,0.8041974479363759,0.1167271865483634,0.8704972544023477,0.1692612746452011,0.7940336559307262,0.0963775216160252,0.8786312620074608,0.1721671898365432,0.7961808894415553,0.1056793741533279,16.150880098342896
RUNX1,random,8,59,3,2013817236,0.8882892075596578,0.1882850794843443,0.8002315900600938,0.1103756771286039,0.8704972544023477,0.1692612746452011,0.7940336559307262,0.0963775216160252,0.8745876036791479,0.174438627584517,0.7798282084081933,0.1016051174970681,14.911749839782717
RUNX1,random,8,59,4,1718418487,0.8783802192773367,0.1848753152860767,0.8045036896219468,0.1094496641673816,0.8704972544023477,0.1692612746452011,0.7940336559307262,0.0963775216160252,0.8757909459630794,0.18200755506714,0.7999258930971108,0.1064622983835069,14.20903706550598
RUNX1,random,16,59,0,1957008451,0.8889220151985168,0.1926391466388268,0.8037119397388113,0.1099267420618816,0.8704972544023477,0.1692612746452011,0.7940336559307262,0.0963775216160252,0.8786312620074608,0.1730552717777913,0.7961808894415553,0.1045753930912412,22.4805371761322
RUNX1,random,16,59,1,60990677,0.8874208144644378,0.1955486222801025,0.8049302162050371,0.1146915045243427,0.8704972544023477,0.1692612746452011,0.7940336559307262,0.0963775216160252,0.8745876036791479,0.174438627584517,0.7798282084081933,0.1016051174970681,18.513858795166016
RUNX1,random,16,59,2,447477103,0.889705681222354,0.1956712142450586,0.8013337194904465,0.1115618762680959,0.8704972544023477,0.1692612746452011,0.7940336559307262,0.0963775216160252,0.8745876036791479,0.174438627584517,0.7798282084081933,0.1016051174970681,17.022704124450684
RUNX1,random,16,59,3,1840039417,0.8866618939954466,0.1866983924200691,0.8035982483529646,0.1101507571197586,0.8704972544023477,0.1692612746452011,0.7940336559307262,0.0963775216160252,0.8768775500782557,0.1730552717777913,0.7973650283800332,0.1045753930912412,20.162080764770508
RUNX1,random,16,59,4,1942507610,0.8882355797936528,0.1905198716559301,0.8048498110910186,0.110187352282544,0.8704972544023477,0.1692612746452011,0.7940336559307262,0.0963775216160252,0.8745876036791479,0.174438627584517,0.7798282084081933,0.1016051174970681,22.77269148826599
RUNX1,random,32,59,0,1504048148,0.8921040972764964,0.201780457960941,0.807642340573002,0.1191526257742895,0.8704972544023477,0.1692612746452011,0.7940336559307262,0.0963775216160252,0.8786312620074608,0.1721671898365432,0.7961808894415553,0.1056793741533279,24.691426277160645
RUNX1,random,32,59,1,782419074,0.8907467389279419,0.2035173142918969,0.8051391487828399,0.1158745141117452,0.8704972544023477,0.1692612746452011,0.7940336559307262,0.0963775216160252,0.8745876036791479,0.1721671898365432,0.7798282084081933,0.1056793741533279,28.32083487510681
RUNX1,random,32,59,2,933991736,0.8903852182009422,0.1954782176537858,0.8074005865984244,0.1141147780143673,0.8704972544023477,0.1692612746452011,0.7940336559307262,0.0963775216160252,0.8792529793763209,0.1692612746452011,0.7984289629452006,0.0963775216160252,17.864117860794067
RUNX1,random,32,59,3,1085056430,0.8895599120763777,0.1995204099802236,0.8060312399500373,0.1115497502714235,0.8704972544023477,0.1692612746452011,0.7940336559307262,0.0963775216160252,0.8745876036791479,0.174438627584517,0.7798282084081933,0.1016051174970681,18.49613356590271
RUNX1,random,32,59,4,1590177805,0.8916993720056631,0.1954192661618584,0.807020906834568,0.1133708085024838,0.8704972544023477,0.1692612746452011,0.7940336559307262,0.0963775216160252,0.8745876036791479,0.174438627584517,0.7798282084081933,0.1016051174970681,25.151057243347168
RUNX1,random,59,59,0,-1,0.8922754853780717,0.2018482931833474,0.8081593709532187,0.1165618561369237,0.8704972544023477,0.1692612746452011,0.7940336559307262,0.0963775216160252,0.8745876036791479,0.1721671898365432,0.7798282084081933,0.1056793741533279,31.137382984161377
RUNX1,random,59,59,1,-1,0.8925635012735815,0.2071836256195149,0.8078153512336601,0.1166650086776264,0.8704972544023477,0.1692612746452011,0.7940336559307262,0.0963775216160252,0.8745876036791479,0.1721671898365432,0.7798282084081933,0.1056793741533279,36.91358685493469
RUNX1,topk,1,59,0,-1,0.8733921915861178,0.1831251720534465,0.7788361176773152,0.1018380536904867,0.8704972544023477,0.1692612746452011,0.7940336559307262,0.0963775216160252,0.8745876036791479,0.174438627584517,0.7798282084081933,0.1016051174970681,11.846625328063965
RUNX1,topk,2,59,0,-1,0.8829311242884782,0.1866718731606737,0.7935482871280102,0.1059467719118389,0.8704972544023477,0.1692612746452011,0.7940336559307262,0.0963775216160252,0.8745876036791479,0.174438627584517,0.7798282084081933,0.1016051174970681,11.921138286590576
RUNX1,topk,4,59,0,-1,0.8834647625506489,0.1817958314588095,0.7979434080571284,0.1063503212333901,0.8704972544023477,0.1692612746452011,0.7940336559307262,0.0963775216160252,0.8745876036791479,0.174438627584517,0.7798282084081933,0.1016051174970681,14.84801983833313
RUNX1,topk,8,59,0,-1,0.888143906306942,0.1866294458053075,0.8047626608903462,0.1115769778841796,0.8704972544023477,0.1692612746452011,0.7940336559307262,0.0963775216160252,0.8745876036791479,0.174438627584517,0.7798282084081933,0.1016051174970681,15.437902212142944
RUNX1,topk,16,59,0,-1,0.8896886523071266,0.1903329644767067,0.8068840156798687,0.1124723150869348,0.8704972544023477,0.1692612746452011,0.7940336559307262,0.0963775216160252,0.8745876036791479,0.174438627584517,0.7798282084081933,0.1016051174970681,23.32145476341248
RUNX1,topk,32,59,0,-1,0.8912782560739985,0.2006898529200636,0.8074794854360695,0.1167752461015556,0.8704972544023477,0.1692612746452011,0.7940336559307262,0.0963775216160252,0.8745876036791479,0.1721671898365432,0.7798282084081933,0.1056793741533279,22.148293018341064
GATA2,random,1,55,0,1352782157,0.874651408958348,0.1990599388450327,0.8280190199620532,0.0706981113029157,0.859821540382067,0.1997043727280003,0.8089042505925435,0.062152646828118,0.8764711387436358,0.2083626945958085,0.8309271202083629,0.0759743891264107,6.728852033615112
GATA2,random,1,55,1,665248219,0.8562707216058558,0.1600853838599405,0.8110524830527357,0.0670077903141164,0.859821540382067,0.1997043727280003,0.8089042505925435,0.062152646828118,0.8608459981311577,0.1707058452806699,0.816712234133023,0.0679217104737505,6.757730960845947
GATA2,random,1,55,2,1051701345,0.8284287018813441,0.1046623184430905,0.7891655515716147,0.0475222021312307,0.859821540382067,0.1997043727280003,0.8089042505925435,0.062152646828118,0.8343063513483908,0.1151674339279461,0.7926052311758429,0.0488857401107238,6.212015390396118
GATA2,random,1,55,3,1235779831,0.8614793187003216,0.1544512289019961,0.8301681038476187,0.0568109500301538,0.859821540382067,0.1997043727280003,0.8089042505925435,0.062152646828118,0.8638087914299295,0.1603874703778306,0.8300794069763557,0.0680867541394583,5.99904465675354
GATA2,random,1,55,4,1472992596,0.8604260136659259,0.1608209729567075,0.8199762980791787,0.0564196980713185,0.859821540382067,0.1997043727280003,0.8089042505925435,0.062152646828118,0.8605592280419226,0.1680856823749817,0.8252931577750486,0.0694993225871853,5.516878843307495
GATA2,random,2,55,0,1390898964,0.8718847457155747,0.1542734729695637,0.8374768016404031,0.0664750519814354,0.859821540382067,0.1997043727280003,0.8089042505925435,0.062152646828118,0.8578955413431186,0.1650573588752439,0.8309209033351634,0.071758548290126,5.819597244262695
GATA2,random,2,55,1,635461506,0.8631045346122165,0.1391585920016413,0.8301136915273761,0.0643585798772567,0.859821540382067,0.1997043727280003,0.8089042505925435,0.062152646828118,0.8534240888081848,0.1546076336904868,0.8239301964045664,0.0647185126897099,6.50357460975647
GATA2,random,2,55,2,1021906488,0.8680624686061119,0.1655553682303136,0.8247768031505822,0.0687694604701518,0.859821540382067,0.1997043727280003,0.8089042505925435,0.062152646828118,0.8608426791847356,0.1611628885042398,0.814474906613408,0.0666892204230083,5.9329259395599365
GATA2,random,2,55,3,1273904814,0.8712569401071849,0.1934221394817377,0.8284588637409109,0.0661508493249267,0.859821540382067,0.1997043727280003,0.8089042505925435,0.062152646828118,0.859821540382067,0.1997043727280003,0.8089042505925435,0.062152646828118,5.924515247344971
GATA2,random,2,55,4,1435151117,0.8655981731889211,0.1531631259118434,0.8236167048850843,0.0628673460381725,0.859821540382067,0.1997043727280003,0.8089042505925435,0.062152646828118,0.855025174798938,0.1577227341294457,0.8165084590487057,0.0688518590407736,5.952438592910767
GATA2,random,4,55,0,1449792422,0.8816970520803038,0.2098866193236248,0.8414122787172521,0.0826228864658184,0.859821540382067,0.1997043727280003,0.8089042505925435,0.062152646828118,0.8780724608649647,0.2124322161284009,0.8367554645223617,0.0785741149986418,7.558684110641479
GATA2,random,4,55,1,560800560,0.8793193929712586,0.1953200037928946,0.8408838811946724,0.0781567402099857,0.859821540382067,0.1997043727280003,0.8089042505925435,0.062152646828118,0.8780724608649647,0.2124322161284009,0.8367554645223617,0.0785741149986418,7.579254627227783
GATA2,random,4,55,2,946107018,0.8815849031753135,0.2073606361479237,0.8302283421927752,0.0732309175334546,0.859821540382067,0.1997043727280003,0.8089042505925435,0.062152646828118,0.8454409731938011,0.1903308843294801,0.7874646036874535,0.0571164047643767,7.298057317733765
GATA2,random,4,55,3,1331905052,0.8689465493517494,0.1576056635486762,0.8330099011779561,0.0618734357389921,0.859821540382067,0.1997043727280003,0.8089042505925435,0.062152646828118,0.8596767503605254,0.1557239939112496,0.8307026283299425,0.0643371249265365,7.864455461502075
GATA2,random,4,55,4,1359468479,0.8830241137855522,0.2066997038224,0.8523327082635548,0.0824006398237305,0.859821540382067,0.1997043727280003,0.8089042505925435,0.062152646828118,0.8626825692738237,0.1783060845728448,0.8357944254721956,0.0734065668279858,6.652423858642578
GATA2,random,8,55,0,1601235650,0.885459433357458,0.2220237809150063,0.8468770937563748,0.0842901802908225,0.859821540382067,0.1997043727280003,0.8089042505925435,0.062152646828118,0.8780724608649647,0.2124322161284009,0.8367554645223617,0.0785741149986418,6.330521106719971
GATA2,random,8,55,1,678943316,0.8808429520467339,0.2047452406118841,0.8375754568855898,0.0732530169889758,0.859821540382067,0.1997043727280003,0.8089042505925435,0.062152646828118,0.859821540382067,0.1997043727280003,0.8089042505925435,0.062152646828118,7.51125168800354
GATA2,random,8,55,2,830376942,0.8871952711966219,0.2123035697387233,0.8481759027939395,0.0814151452951395,0.859821540382067,0.1997043727280003,0.8089042505925435,0.062152646828118,0.873019345259764,0.2182406459827906,0.8278800449545257,0.0719783290487826,6.889570713043213
GATA2,random,8,55,3,1182382968,0.8813606998175629,0.207238238079378,0.8346283947536122,0.0731452806961521,0.859821540382067,0.1997043727280003,0.8089042505925435,0.062152646828118,0.8565725856862105,0.1903308843294801,0.8174605783171061,0.0571164047643767,7.462726593017578
GATA2,random,8,55,4,1478307547,0.88308032335721,0.2089040649893997,0.8381051957701262,0.0803457707848505,0.859821540382067,0.1997043727280003,0.8089042505925435,0.062152646828118,0.8778806073960557,0.2149544616696512,0.8344634916415076,0.0728190724545845,7.720395565032959
GATA2,random,16,55,0,1571244994,0.8880716829459021,0.2298909881125135,0.8462207695714664,0.0772676010341992,0.859821540382067,0.1997043727280003,0.8089042505925435,0.062152646828118,0.873019345259764,0.2182406459827906,0.8278800449545257,0.0719783290487826,13.166808366775513
GATA2,random,16,55,1,715160404,0.8897530900637435,0.2234181442051568,0.8482945481857125,0.0794121211182548,0.859821540382067,0.1997043727280003,0.8089042505925435,0.062152646828118,0.873019345259764,0.2182406459827906,0.8278800449545257,0.0719783290487826,13.861283779144289
GATA2,random,16,55,2,866724590,0.889697756798888,0.2252084736760113,0.8534828077858226,0.0848174680979866,0.859821540382067,0.1997043727280003,0.8089042505925435,0.062152646828118,0.873019345259764,0.2182406459827906,0.8278800449545257,0.0719783290487826,13.06653332710266
GATA2,random,16,55,3,1152260728,0.8904734588577236,0.2146823219014597,0.8517744466290151,0.0831940929170752,0.859821540382067,0.1997043727280003,0.8089042505925435,0.062152646828118,0.8778806073960557,0.2149544616696512,0.8344634916415076,0.0728190724545845,12.263564586639404
GATA2,random,16,55,4,1523224539,0.8902269306658974,0.2154663026502068,0.8523218158906766,0.0865876431391019,0.859821540382067,0.1997043727280003,0.8089042505925435,0.062152646828118,0.873019345259764,0.2182406459827906,0.8278800449545257,0.0719783290487826,10.810117483139038
GATA2,random,32,55,0,1890003861,0.8915764011627594,0.2236782323026489,0.8512617637764708,0.0839486009695855,0.859821540382067,0.1997043727280003,0.8089042505925435,0.062152646828118,0.873019345259764,0.2182406459827906,0.8278800449545257,0.0719783290487826,10.997876405715942
GATA2,random,32,55,1,127933187,0.8916379918878652,0.2259309893819232,0.8513454860481934,0.08503268928665,0.859821540382067,0.1997043727280003,0.8089042505925435,0.062152646828118,0.8764711387436358,0.2058408280061813,0.8309271202083629,0.0654878499557686,12.980576276779177
GATA2,random,32,55,2,514411193,0.890914737053518,0.2254039479393137,0.8522300399423093,0.0843212491327487,0.859821540382067,0.1997043727280003,0.8089042505925435,0.062152646828118,0.873019345259764,0.2182406459827906,0.8278800449545257,0.0719783290487826,16.04809808731079
GATA2,random,32,55,3,1773042223,0.8913224715892283,0.2267419841962018,0.8512787812741247,0.0832084465032238,0.859821540382067,0.1997043727280003,0.8089042505925435,0.062152646828118,0.873019345259764,0.2182406459827906,0.8278800449545257,0.0719783290487826,17.755757808685303
GATA2,random,32,55,4,2009788300,0.8906868815428668,0.2267344330680845,0.8494512058853163,0.0855254712859203,0.859821540382067,0.1997043727280003,0.8089042505925435,0.062152646828118,0.873019345259764,0.2182406459827906,0.8278800449545257,0.0719783290487826,16.130276918411255
GATA2,random,55,55,0,-1,0.8914957494528657,0.2266520816103812,0.8522770499997165,0.0850391784547245,0.859821540382067,0.1997043727280003,0.8089042505925435,0.062152646828118,0.873019345259764,0.2182406459827906,0.8278800449545257,0.0719783290487826,20.91826558113098
GATA2,random,55,55,1,-1,0.8908705990016138,0.2263197754092586,0.8515207842567191,0.0825953007798944,0.859821540382067,0.1997043727280003,0.8089042505925435,0.062152646828118,0.873019345259764,0.2182406459827906,0.8278800449545257,0.0719783290487826,21.32784652709961
GATA2,topk,1,55,0,-1,0.8696715148209324,0.2045912716540893,0.8276165489861625,0.0732159832161886,0.859821540382067,0.1997043727280003,0.8089042505925435,0.062152646828118,0.873019345259764,0.2182406459827906,0.8278800449545257,0.0719783290487826,5.941550731658936
GATA2,topk,2,55,0,-1,0.8774442617056157,0.2008401750248284,0.8348539068745058,0.0709401935230985,0.859821540382067,0.1997043727280003,0.8089042505925435,0.062152646828118,0.873019345259764,0.2182406459827906,0.8278800449545257,0.0719783290487826,6.055901527404785
GATA2,topk,4,55,0,-1,0.883344490503025,0.2045288757136128,0.8379265138797292,0.075390623816474,0.859821540382067,0.1997043727280003,0.8089042505925435,0.062152646828118,0.873019345259764,0.2182406459827906,0.8278800449545257,0.0719783290487826,8.061676263809204
GATA2,topk,8,55,0,-1,0.886070373995412,0.2154177464603926,0.8433235506882242,0.0750297121126919,0.859821540382067,0.1997043727280003,0.8089042505925435,0.062152646828118,0.873019345259764,0.2182406459827906,0.8278800449545257,0.0719783290487826,8.60975170135498
GATA2,topk,16,55,0,-1,0.8896381416995971,0.2167903151971359,0.8484537940900032,0.0777806865762635,0.859821540382067,0.1997043727280003,0.8089042505925435,0.062152646828118,0.873019345259764,0.2182406459827906,0.8278800449545257,0.0719783290487826,17.15128183364868
GATA2,topk,32,55,0,-1,0.8894596820816641,0.2188947033977244,0.84924337001576,0.0806927845090599,0.859821540382067,0.1997043727280003,0.8089042505925435,0.062152646828118,0.873019345259764,0.2182406459827906,0.8278800449545257,0.0719783290487826,30.821300983428955
ERG,random,1,54,0,31014608,0.7144896806516998,0.0481011214082042,0.7522220952465064,0.0508939984244334,0.7588901941025062,0.0722894055409191,0.8003593877797115,0.0732963877583413,0.7177993768547921,0.051658453724142,0.753263660059643,0.0524199345032179,11.808056116104126
ERG,random,1,54,1,1994264134,0.7250076854195026,0.0478874570236656,0.8419569456889278,0.1030614959952313,0.7588901941025062,0.0722894055409191,0.8003593877797115,0.0732963877583413,0.7272993395824205,0.0502881861375666,0.8526861510498263,0.1352874946774754,7.77257227897644
ERG,random,1,54,2,1876385788,0.5780180199725199,0.0269530241300061,0.7698203734396242,0.0615865347320471,0.7588901941025062,0.0722894055409191,0.8003593877797115,0.0732963877583413,0.5812967873626227,0.0267929710324312,0.7806108526710474,0.0678719174976838,6.516412973403931
ERG,random,1,54,3,416313194,0.7093978528433801,0.0420463246421647,0.8358688442759307,0.087847290293608,0.7588901941025062,0.0722894055409191,0.8003593877797115,0.0732963877583413,0.7174210945954712,0.046517595866952,0.8561421348370493,0.1608334228185895,6.5476367473602295
ERG,random,1,54,4,112523977,0.7118519814014157,0.0474020035570465,0.8233151717621536,0.0923422421204425,0.7588901941025062,0.0722894055409191,0.8003593877797115,0.0732963877583413,0.7140594525767412,0.0481587375680813,0.8458159964977348,0.1282401665472551,6.2416298389434814
ERG,random,2,54,0,60784777,0.7237028471294593,0.0473975017951893,0.7086068770371211,0.0415615335078482,0.7588901941025062,0.0722894055409191,0.8003593877797115,0.0732963877583413,0.7159123188252897,0.0493387787777278,0.7373700106328008,0.0491859201898064,5.8856823444366455
ERG,random,2,54,1,1956163615,0.7315509749458853,0.0514186215491255,0.8087722669508335,0.0661422530823223,0.7588901941025062,0.0722894055409191,0.8003593877797115,0.0732963877583413,0.7194854233705691,0.0455040944563421,0.8657512950916445,0.0389942656985094,6.278931140899658
ERG,random,2,54,2,1838277029,0.7601874835577935,0.0725671907439885,0.8022406603901842,0.0701505032942103,0.7588901941025062,0.0722894055409191,0.8003593877797115,0.0732963877583413,0.7588901941025062,0.0725574719253216,0.8003593877797115,0.0700082324361947,6.56878924369812
ERG,random,2,54,3,446091571,0.7214325945474307,0.0495679119816968,0.8028315523978231,0.0685897079595513,0.7588901941025062,0.0722894055409191,0.8003593877797115,0.0732963877583413,0.7177993768547921,0.051658453724142,0.753263660059643,0.0524199345032179,6.679957628250122
ERG,random,2,54,4,82986128,0.7283539006966171,0.0515054800100705,0.8280526195454123,0.0809421275309892,0.7588901941025062,0.0722894055409191,0.8003593877797115,0.0732963877583413,0.7194854233705691,0.0456847762973968,0.8657512950916445,0.160668446049642,5.705848932266235
ERG,random,4,54,0,118684731,0.7309660274762202,0.0512663223525192,0.831205388153845,0.08176341286196,0.7588901941025062,0.0722894055409191,0.8003593877797115,0.0732963877583413,0.7208918616813369,0.0499289489239731,0.8633522830435901,0.1163826534976828,7.368171215057373
ERG,random,4,54,1,1880476845,0.7297316700871532,0.0505099277618118,0.8416795199250375,0.0906218413135946,0.7588901941025062,0.0722894055409191,0.8003593877797115,0.0732963877583413,0.7272993395824205,0.0477549618791901,0.8526861510498263,0.1488525037277273,9.039988040924072
ERG,random,4,54,2,1763482903,0.7422446923226979,0.0598728016567412,0.8285862107284128,0.0798103683530152,0.7588901941025062,0.0722894055409191,0.8003593877797115,0.0732963877583413,0.7337921105938546,0.0536953439913581,0.8539570000377692,0.1347417051504656,9.522987604141235
ERG,random,4,54,3,505130369,0.7373699569492016,0.0569848059721785,0.8230682464548502,0.0730911711515735,0.7588901941025062,0.0722894055409191,0.8003593877797115,0.0732963877583413,0.731603241904178,0.0518608535290451,0.8568673218613606,0.1432973572455025,8.9589364528656
ERG,random,4,54,4,8337442,0.729252925682935,0.055379621903618,0.8318555927828944,0.077962581644036,0.7588901941025062,0.0722894055409191,0.8003593877797115,0.0732963877583413,0.7185784966890469,0.0473741031903203,0.8649394693822323,0.159843600914886,8.823297023773193
ERG,random,8,54,0,235406687,0.7526025499884512,0.0701623829915495,0.8041507653845436,0.0627604498721483,0.7588901941025062,0.0722894055409191,0.8003593877797115,0.0732963877583413,0.7353829244358707,0.0660992732712539,0.8419091781525099,0.0428691013537666,11.02749252319336
ERG,random,8,54,1,2031039945,0.7451065015695273,0.0670122353996586,0.824192153402193,0.0686723082728601,0.7588901941025062,0.0722894055409191,0.8003593877797115,0.0732963877583413,0.7256602671182137,0.0613940948694984,0.8587431555438769,0.039980412174394,7.912030696868896
ERG,random,8,54,2,1611031667,0.752271832524597,0.0650004158681919,0.8125318702981075,0.065177671273203,0.7588901941025062,0.0722894055409191,0.8003593877797115,0.0732963877583413,0.7256602671182137,0.0576132844876267,0.8587431555438769,0.0441878493736241,8.902465581893921
ERG,random,8,54,3,385963237,0.748717988609173,0.0710220911993338,0.8201680847104336,0.0657828141835832,0.7588901941025062,0.0722894055409191,0.8003593877797115,0.0732963877583413,0.731603241904178,0.0604163839439047,0.8568673218613606,0.0391514240894116,8.389270305633545
ERG,random,8,54,4,157663558,0.7611063004470013,0.07454335021966,0.8212387750838707,0.0715816211323138,0.7588901941025062,0.0722894055409191,0.8003593877797115,0.0732963877583413,0.7512022887178883,0.0722894055409191,0.809695317725996,0.0732963877583413,8.737109899520874
ERG,random,16,54,0,1397284052,0.7652427962568151,0.0876171930221056,0.8153248608989121,0.0663702306193878,0.7588901941025062,0.0722894055409191,0.8003593877797115,0.0732963877583413,0.7554783031700688,0.0785688909201183,0.8023990868585876,0.0687585782940645,14.893994331359863
ERG,random,16,54,1,609217602,0.7677221364956355,0.0854590538481833,0.8111208526556808,0.0652039206595397,0.7588901941025062,0.0722894055409191,0.8003593877797115,0.0732963877583413,0.7554783031700688,0.0785688909201183,0.8023990868585876,0.0687585782940645,13.464106559753418
ERG,random,16,54,2,1028046328,0.760181635589692,0.0753019265613664,0.8165677368131473,0.0664412716787446,0.7588901941025062,0.0722894055409191,0.8003593877797115,0.0732963877583413,0.7512022887178883,0.0722894055409191,0.809695317725996,0.0732963877583413,11.91622018814087
ERG,random,16,54,3,1245810030,0.7547319042041134,0.0730615973300726,0.8198586723888233,0.0692994409808394,0.7588901941025062,0.0722894055409191,0.8003593877797115,0.0732963877583413,0.731603241904178,0.0660992732712539,0.8568673218613606,0.0428691013537666,15.448443412780762
ERG,random,16,54,4,1411717325,0.7567104323841711,0.0707688280800275,0.805994491194962,0.0621219537890235,0.7588901941025062,0.0722894055409191,0.8003593877797115,0.0732963877583413,0.7353829244358707,0.0660992732712539,0.8419091781525099,0.0428691013537666,13.353106021881104
ERG,random,32,54,0,2118696067,0.7637000943421968,0.0757223531347127,0.8154665763117177,0.0670496492308298,0.7588901941025062,0.0722894055409191,0.8003593877797115,0.0732963877583413,0.7588901941025062,0.0725574719253216,0.8003593877797115,0.0700082324361947,15.128151655197144
ERG,random,32,54,1,156208149,0.7663536921362686,0.0821976292905113,0.8136433728502788,0.0628179568638196,0.7588901941025062,0.0722894055409191,0.8003593877797115,0.0732963877583413,0.7554783031700688,0.0785688909201183,0.8023990868585876,0.0687585782940645,16.066331386566162
ERG,random,32,54,2,273079727,0.7642853153778273,0.0783116846333492,0.8164275075014746,0.0663931780322664,0.7588901941025062,0.0722894055409191,0.8003593877797115,0.0732963877583413,0.7512022887178883,0.0722894055409191,0.809695317725996,0.0732963877583413,15.285939693450928
ERG,random,32,54,3,1732373817,0.7632720587596857,0.0774578360575735,0.8172910333550648,0.0668827861534984,0.7588901941025062,0.0722894055409191,0.8003593877797115,0.0732963877583413,0.7588901941025062,0.0722894055409191,0.8003593877797115,0.0732963877583413,15.75237512588501
ERG,random,32,54,4,2032498842,0.7652621282517053,0.076343029348083,0.8163437803614505,0.0660023717586032,0.7588901941025062,0.0722894055409191,0.8003593877797115,0.0732963877583413,0.7588901941025062,0.0722894055409191,0.8003593877797115,0.0732963877583413,17.165696144104004
ERG,random,54,54,0,-1,0.7689792395070741,0.0838912508005039,0.8139492872739842,0.065173343747252,0.7588901941025062,0.0722894055409191,0.8003593877797115,0.0732963877583413,0.7554783031700688,0.0785688909201183,0.8023990868585876,0.0687585782940645,18.93612217903137
ERG,random,54,54,1,-1,0.7691933623635192,0.0843994024205321,0.8114860190436075,0.063437300092961,0.7588901941025062,0.0722894055409191,0.8003593877797115,0.0732963877583413,0.7554783031700688,0.0785688909201183,0.8023990868585876,0.0687585782940645,22.38123321533203
ERG,topk,1,54,0,-1,0.7543737310256133,0.0755620098048576,0.8001723614466464,0.0656864745449122,0.7588901941025062,0.0722894055409191,0.8003593877797115,0.0732963877583413,0.7554783031700688,0.0785688909201183,0.8023990868585876,0.0687585782940645,6.295026302337647
ERG,topk,2,54,0,-1,0.7593597720645204,0.0777255727515447,0.8056424166503497,0.0701658643762326,0.7588901941025062,0.0722894055409191,0.8003593877797115,0.0732963877583413,0.7554783031700688,0.0785688909201183,0.8023990868585876,0.0687585782940645,5.562520742416382
ERG,topk,4,54,0,-1,0.7612092801917252,0.0791063218971989,0.8235014095517603,0.0757931938985929,0.7588901941025062,0.0722894055409191,0.8003593877797115,0.0732963877583413,0.7554783031700688,0.0785688909201183,0.8023990868585876,0.0687585782940645,8.78417158126831
ERG,topk,8,54,0,-1,0.7623384613788966,0.0794324606412737,0.819391056008503,0.0683051782486564,0.7588901941025062,0.0722894055409191,0.8003593877797115,0.0732963877583413,0.7554783031700688,0.0785688909201183,0.8023990868585876,0.0687585782940645,8.137651920318604
ERG,topk,16,54,0,-1,0.7650809403586627,0.0819383259771153,0.818727739317076,0.0688821145197966,0.7588901941025062,0.0722894055409191,0.8003593877797115,0.0732963877583413,0.7554783031700688,0.0785688909201183,0.8023990868585876,0.0687585782940645,12.866997480392456
ERG,topk,32,54,0,-1,0.7653140383848256,0.0834777372519162,0.8180531403884761,0.0671572944570559,0.7588901941025062,0.0722894055409191,0.8003593877797115,0.0732963877583413,0.7554783031700688,0.0785688909201183,0.8023990868585876,0.0687585782940645,16.67422366142273
JUND,random,1,50,0,362857500,0.8379487487355454,0.2000357434795918,0.8326762098767572,0.0975050732520232,0.856309952340368,0.2419773587678026,0.8478882606940981,0.1172240199272844,0.8424844476580432,0.2139598607755784,0.8403978793311868,0.1190818791163499,12.14629888534546
JUND,random,1,50,1,1655174282,0.8484111578633096,0.1943278038173128,0.8406938359783775,0.0940483127401954,0.856309952340368,0.2419773587678026,0.8478882606940981,0.1172240199272844,0.8486249033958528,0.1937977224172078,0.8457953162398482,0.1128280113660775,12.265053272247314
JUND,random,1,50,2,2075043120,0.8354575833164354,0.1698615822700377,0.8187443179212307,0.07113003301422,0.856309952340368,0.2419773587678026,0.8478882606940981,0.1172240199272844,0.8380416912448083,0.1758660304275412,0.8183447486303177,0.0778648217465027,12.199120283126833
JUND,random,1,50,3,212440486,0.8393735293196458,0.2034705983939595,0.8327355028955832,0.0975382934947901,0.856309952340368,0.2419773587678026,0.8478882606940981,0.1172240199272844,0.8424844476580432,0.2139598607755784,0.8403978793311868,0.1190818791163499,13.22826647758484
JUND,random,1,50,4,315424773,0.8326581602126746,0.1630989025856587,0.8369505059179687,0.0818585617379662,0.856309952340368,0.2419773587678026,0.8478882606940981,0.1172240199272844,0.8346092547135107,0.1718259492341457,0.8418405201497671,0.1016128835566847,11.363765239715576
JUND,random,2,50,0,400980549,0.8089476215509697,0.1628062522192263,0.8204257740566732,0.0922155558265575,0.856309952340368,0.2419773587678026,0.8478882606940981,0.1172240199272844,0.8085527723337058,0.1685162672594644,0.8155507590095913,0.1038902583472823,9.265169620513916
JUND,random,2,50,1,1625377491,0.8416257935462576,0.166867300719066,0.8435818330169467,0.0954634360805749,0.856309952340368,0.2419773587678026,0.8478882606940981,0.1172240199272844,0.8449595985826936,0.2406147371183457,0.843520487788372,0.116100478162832,9.508944988250732
JUND,random,2,50,2,2045254505,0.861780592085624,0.2248063286861803,0.8508153307746514,0.1140289318814369,0.856309952340368,0.2419773587678026,0.8478882606940981,0.1172240199272844,0.8457717943693606,0.2068312091867174,0.8471126654162114,0.1216219903203587,8.620319604873657
JUND,random,2,50,3,250555391,0.8439969058538255,0.2132644648743206,0.8415104975576272,0.1255266274874864,0.856309952340368,0.2419773587678026,0.8478882606940981,0.1172240199272844,0.8434954010861039,0.2139598607755784,0.8432546474113536,0.1190818791163499,7.607464075088501
JUND,random,2,50,4,277593692,0.8576130377648103,0.225189862891401,0.844130030927722,0.1229952702896582,0.856309952340368,0.2419773587678026,0.8478882606940981,0.1172240199272844,0.8547589667825717,0.2414854792719797,0.8457533398921515,0.1166476165550103,8.57550311088562
JUND,random,4,50,0,325781239,0.8584169353902114,0.227204364328898,0.8432839310075525,0.1105741417987661,0.856309952340368,0.2419773587678026,0.8478882606940981,0.1172240199272844,0.8547589667825717,0.2414854792719797,0.8457533398921515,0.1166476165550103,10.47299337387085
JUND,random,4,50,1,1684813409,0.8368675337494417,0.1914707965713189,0.8413387751303953,0.0944703642244601,0.856309952340368,0.2419773587678026,0.8478882606940981,0.1172240199272844,0.8346092547135107,0.1718259492341457,0.8418405201497671,0.1016128835566847,8.017443895339966
JUND,random,4,50,2,2103797723,0.8517790166503575,0.2189778310136847,0.8448015051149467,0.1172770233328524,0.856309952340368,0.2419773587678026,0.8478882606940981,0.1172240199272844,0.850457079996364,0.217183845878131,0.8452055877935478,0.1161751293654833,11.247972011566162
JUND,random,4,50,3,174217037,0.8389760864421296,0.1699049281891677,0.8430141556933501,0.0960378605426148,0.856309952340368,0.2419773587678026,0.8478882606940981,0.1172240199272844,0.8368671768948904,0.1648719270271229,0.8396851177787124,0.0963965643365295,10.216128587722778
JUND,random,4,50,4,335987438,0.8623940690194352,0.2241244430753432,0.8496757427540269,0.1293159000665931,0.856309952340368,0.2419773587678026,0.8478882606940981,0.1172240199272844,0.8428704737758245,0.1932194036307312,0.8264097487228699,0.1120938907406452,11.60782504081726
JUND,random,8,50,0,443678611,0.8640111140436395,0.2384465614088708,0.853330470408624,0.1281628132513728,0.856309952340368,0.2419773587678026,0.8478882606940981,0.1172240199272844,0.850457079996364,0.217183845878131,0.8452055877935478,0.1161751293654833,11.677735328674316
JUND,random,8,50,1,1836502789,0.8615529783577335,0.2386495003557719,0.8489459445446796,0.1464599587408099,0.856309952340368,0.2419773587678026,0.8478882606940981,0.1172240199272844,0.8558352297653022,0.2419773587678026,0.8470243946062299,0.1172240199272844,11.26023006439209
JUND,random,8,50,2,1954520767,0.8681615341741915,0.2453504371232191,0.8580669373490797,0.1404933236728364,0.856309952340368,0.2419773587678026,0.8478882606940981,0.1172240199272844,0.856309952340368,0.2419773587678026,0.8478882606940981,0.1172240199272844,11.42327356338501
JUND,random,8,50,3,58240553,0.8592631978570026,0.2497348999827638,0.8456918546564485,0.1451277174703912,0.856309952340368,0.2419773587678026,0.8478882606940981,0.1172240199272844,0.8532201685834686,0.2407159803383409,0.8451440767670578,0.116303724691039,11.179662466049194
JUND,random,8,50,4,488389514,0.865336259802691,0.2194764545601634,0.856447939130442,0.1212813685491777,0.856309952340368,0.2419773587678026,0.8478882606940981,0.1172240199272844,0.856309952340368,0.2419773587678026,0.8478882606940981,0.1172240199272844,12.02677059173584
JUND,random,16,50,0,1099836341,0.8629184667823855,0.2446173716179762,0.855646847817616,0.1469564379428776,0.856309952340368,0.2419773587678026,0.8478882606940981,0.1172240199272844,0.8558352297653022,0.2388567587201689,0.8470243946062299,0.125864968952362,16.28831171989441
JUND,random,16,50,1,914955043,0.8651181647820677,0.2488005965914547,0.8576074781668463,0.1364360462878686,0.856309952340368,0.2419773587678026,0.8478882606940981,0.1172240199272844,0.8559548148284837,0.2388567587201689,0.8481156027952379,0.125864968952362,13.93967342376709
JUND,random,16,50,2,796936857,0.8645644040957221,0.2385601298357295,0.8587584693996294,0.1448344772596493,0.856309952340368,0.2419773587678026,0.8478882606940981,0.1172240199272844,0.8532201685834686,0.2407159803383409,0.8451440767670578,0.116303724691039,18.43648672103882
JUND,random,16,50,3,1485273615,0.8652067241865176,0.2341628720416232,0.8570786159773658,0.1355825161629327,0.856309952340368,0.2419773587678026,0.8478882606940981,0.1172240199272844,0.8537232791966705,0.2388567587201689,0.845854889272931,0.125864968952362,17.0924174785614
JUND,random,16,50,4,1189343148,0.8653671613381008,0.2258376957235014,0.8574956603685271,0.1289926543324734,0.856309952340368,0.2419773587678026,0.8478882606940981,0.1172240199272844,0.856309952340368,0.2419773587678026,0.8478882606940981,0.1172240199272844,16.917187929153442
JUND,random,32,50,0,1821264866,0.866969818400546,0.2352766687703327,0.8576950157816035,0.1372680795901724,0.856309952340368,0.2419773587678026,0.8478882606940981,0.1172240199272844,0.856309952340368,0.2419773587678026,0.8478882606940981,0.1172240199272844,22.270972967147827
JUND,random,32,50,1,461994868,0.8654988329097764,0.2382913650528612,0.8588949874028955,0.137365734057082,0.856309952340368,0.2419773587678026,0.8478882606940981,0.1172240199272844,0.8558352297653022,0.2419773587678026,0.8470243946062299,0.1172240199272844,20.24257802963257
JUND,random,32,50,2,41953998,0.867327042735784,0.2388016000262371,0.8585548732443253,0.143784584327903,0.856309952340368,0.2419773587678026,0.8478882606940981,0.1172240199272844,0.8558352297653022,0.2419773587678026,0.8470243946062299,0.1172240199272844,24.55159282684326
JUND,random,32,50,3,1971788376,0.8687950311655044,0.2373451305092656,0.8578638201655303,0.1463760004593264,0.856309952340368,0.2419773587678026,0.8478882606940981,0.1172240199272844,0.856309952340368,0.2419773587678026,0.8478882606940981,0.1172240199272844,27.722617626190186
JUND,random,32,50,4,1810075643,0.8665881288413324,0.2375166016583283,0.8580755551562651,0.15588974836938,0.856309952340368,0.2419773587678026,0.8478882606940981,0.1172240199272844,0.8558352297653022,0.2388567587201689,0.8470243946062299,0.125864968952362,27.075082540512085
JUND,random,50,50,0,-1,0.8691262671801676,0.2443050161089597,0.8597299714939591,0.1379650888412288,0.856309952340368,0.2419773587678026,0.8478882606940981,0.1172240199272844,0.8558352297653022,0.2419773587678026,0.8470243946062299,0.1172240199272844,39.46033668518066
JUND,random,50,50,1,-1,0.8683708241966501,0.249107565967789,0.8603036175424982,0.1347979468918488,0.856309952340368,0.2419773587678026,0.8478882606940981,0.1172240199272844,0.8558352297653022,0.2419773587678026,0.8470243946062299,0.1172240199272844,25.10695481300354
JUND,topk,1,50,0,-1,0.8479787277243632,0.177723948768297,0.8378671583775962,0.0831936936237114,0.856309952340368,0.2419773587678026,0.8478882606940981,0.1172240199272844,0.8558352297653022,0.2512582894993264,0.8470243946062299,0.1159335238645318,9.253536939620972
JUND,topk,2,50,0,-1,0.8523349753538663,0.1813321200122183,0.8383810066447678,0.0819161519354263,0.856309952340368,0.2419773587678026,0.8478882606940981,0.1172240199272844,0.8558352297653022,0.2419773587678026,0.8470243946062299,0.1172240199272844,8.81797981262207
JUND,topk,4,50,0,-1,0.8614444583715409,0.197445124181899,0.8527396219052972,0.1092336359788732,0.856309952340368,0.2419773587678026,0.8478882606940981,0.1172240199272844,0.8558352297653022,0.2419773587678026,0.8470243946062299,0.1172240199272844,11.414563417434692
JUND,topk,8,50,0,-1,0.8619046998923561,0.2365419697185219,0.8519394406388051,0.1149112205124436,0.856309952340368,0.2419773587678026,0.8478882606940981,0.1172240199272844,0.8558352297653022,0.2419773587678026,0.8470243946062299,0.1172240199272844,9.86737060546875
JUND,topk,16,50,0,-1,0.8617495767705023,0.2201340788802096,0.8539546663992679,0.1243224478406683,0.856309952340368,0.2419773587678026,0.8478882606940981,0.1172240199272844,0.8558352297653022,0.2419773587678026,0.8470243946062299,0.1172240199272844,18.20166516304016
JUND,topk,32,50,0,-1,0.8663047320237467,0.2495828915000352,0.8564396492346886,0.1335276439551833,0.856309952340368,0.2419773587678026,0.8478882606940981,0.1172240199272844,0.8558352297653022,0.2419773587678026,0.8470243946062299,0.1172240199272844,20.37331509590149
SOX2,random,1,46,0,384293237,0.813818481522438,0.0647161686450097,0.7814719997396501,0.1104407100334556,0.8497995234641386,0.0909944296232044,0.8084722883529287,0.1304876767004732,0.8184229455554295,0.0673068914957128,0.7839991948708837,0.1166958317764283,7.104615449905396
SOX2,random,1,46,1,1642129891,0.7708769870471968,0.0536783144144809,0.7288721366178138,0.0835577311690555,0.8497995234641386,0.0909944296232044,0.8084722883529287,0.1304876767004732,0.7734472164602364,0.0509487208404572,0.7324605217355703,0.087254339445128,8.512369394302368
SOX2,random,1,46,2,2028583001,0.8392624322839859,0.0769683170092013,0.8046202733053004,0.1229455280816549,0.8497995234641386,0.0909944296232044,0.8084722883529287,0.1304876767004732,0.8404899976952057,0.0743185378074638,0.8083908918938426,0.1288237494180849,8.748915910720825
SOX2,random,1,46,3,267290831,0.6240430009534069,0.0544480483638889,0.6996218481560226,0.1129634245125466,0.8497995234641386,0.0909944296232044,0.8084722883529287,0.1304876767004732,0.6263803870378647,0.0562865862814365,0.7070766029522013,0.118856114365693,11.193300247192385
SOX2,random,1,46,4,294264172,0.7969550782082089,0.0700038667391222,0.7557054924632581,0.096091433760103,0.8497995234641386,0.0909944296232044,0.8084722883529287,0.1304876767004732,0.8006733122012004,0.0644415680962357,0.7593458256747159,0.1010421775990071,11.434593200683594
SOX2,random,2,46,0,346122028,0.8509967640263674,0.0801118888649741,0.8161125258784265,0.1411709320827388,0.8497995234641386,0.0909944296232044,0.8084722883529287,0.1304876767004732,0.8404899976952057,0.0804436950788318,0.8083908918938426,0.1285333182212265,8.588587522506714
SOX2,random,2,46,1,1671845818,0.8605163850768931,0.1276410633592868,0.8404986617724899,0.169851759367599,0.8497995234641386,0.0909944296232044,0.8084722883529287,0.1304876767004732,0.8519934530785587,0.0861955066057839,0.8093467470457548,0.1278027200780085,9.094399690628052
SOX2,random,2,46,2,2058290688,0.8595643453515174,0.1180422858362781,0.8399300260909817,0.1719877078651711,0.8497995234641386,0.0909944296232044,0.8084722883529287,0.1304876767004732,0.8497995234641386,0.0852056964404374,0.8084722883529287,0.1361810190592597,8.5886971950531
SOX2,random,2,46,3,229127830,0.8188764422936559,0.0630513016376437,0.7835369636017393,0.1062702300667604,0.8497995234641386,0.0909944296232044,0.8084722883529287,0.1304876767004732,0.8196212269356282,0.0612354044353154,0.7859943775891717,0.1096552515847232,8.79370927810669
SOX2,random,2,46,4,332178229,0.8391713077886616,0.0803790409875177,0.7985197920977825,0.1285183386551333,0.8497995234641386,0.0909944296232044,0.8084722883529287,0.1304876767004732,0.8407686546554509,0.0811444502947475,0.7992535185769571,0.1297360712771303,8.684394598007202
SOX2,random,4,46,0,271326110,0.8479135789434409,0.0915947085596094,0.8065545349589207,0.1454062776339135,0.8497995234641386,0.0909944296232044,0.8084722883529287,0.1304876767004732,0.8372854602933678,0.0909944296232044,0.802867669567094,0.1304876767004732,11.092312812805176
SOX2,random,4,46,1,1730882312,0.8481249708372507,0.0776368890322619,0.82326650257739,0.1399388784117348,0.8497995234641386,0.0909944296232044,0.8084722883529287,0.1304876767004732,0.8404899976952057,0.0743185378074638,0.8083908918938426,0.1288237494180849,9.93860387802124
SOX2,random,4,46,2,2116188850,0.825748275351393,0.107262735538177,0.8200117572116354,0.1526224540025134,0.8497995234641386,0.0909944296232044,0.8084722883529287,0.1304876767004732,0.8126816525049269,0.0661553995471102,0.7948859072292429,0.1367855482017843,10.04354977607727
SOX2,random,4,46,3,153438756,0.8599621583283475,0.0975885410107935,0.8215594458694524,0.1487739036626047,0.8497995234641386,0.0909944296232044,0.8084722883529287,0.1304876767004732,0.8526417150845484,0.0909944296232044,0.8087951720219317,0.1304876767004732,8.699611902236938
SOX2,random,4,46,4,390193031,0.8566129119467115,0.1307367486620137,0.8348087980739209,0.1676826094520403,0.8497995234641386,0.0909944296232044,0.8084722883529287,0.1304876767004732,0.8416964821322868,0.0849625830979542,0.7980234670125606,0.1251993890024453,10.671119451522827
SOX2,random,8,46,0,423027450,0.8669699769000154,0.1421892412298073,0.8377920096341466,0.177220639290984,0.8497995234641386,0.0909944296232044,0.8084722883529287,0.1304876767004732,0.8519934530785587,0.0998252512680753,0.8093467470457548,0.1330963688715425,9.916536808013916
SOX2,random,8,46,1,1848758892,0.8642727059511943,0.1351717856589472,0.8388078749969612,0.1733340747355908,0.8497995234641386,0.0909944296232044,0.8084722883529287,0.1304876767004732,0.8490473560709721,0.0891280444100158,0.8050049459552444,0.1366590828792915,10.33670139312744
SOX2,random,8,46,2,2000192470,0.871381572070867,0.1530950850866126,0.8420834469761707,0.1745712255275231,0.8497995234641386,0.0909944296232044,0.8084722883529287,0.1304876767004732,0.8490473560709721,0.0998252512680753,0.8050049459552444,0.1330963688715425,11.745784997940063
SOX2,random,8,46,3,4174656,0.8626271727405893,0.1247534058962702,0.8307024126389636,0.1666732565990418,0.8497995234641386,0.0909944296232044,0.8084722883529287,0.1304876767004732,0.8490473560709721,0.0908400346699892,0.8050049459552444,0.1291897376779641,10.047732830047607
SOX2,random,8,46,4,509290211,0.8612821624880913,0.1389985622737386,0.8377019832215873,0.1765279038969905,0.8497995234641386,0.0909944296232044,0.8084722883529287,0.1304876767004732,0.8472529417881975,0.0909944296232044,0.7993304640101743,0.1304876767004732,12.315829277038574
SOX2,random,16,46,0,1977857364,0.8694395380461747,0.1443507858468733,0.8434618263483309,0.1803377658955599,0.8497995234641386,0.0909944296232044,0.8084722883529287,0.1304876767004732,0.8526417150845484,0.0909944296232044,0.8087951720219317,0.1304876767004732,15.790817022323608
SOX2,random,16,46,1,48530882,0.8691905267570926,0.139939312174546,0.8427142662775926,0.1750770106779716,0.8497995234641386,0.0909944296232044,0.8084722883529287,0.1304876767004732,0.8526417150845484,0.0891280444100158,0.8087951720219317,0.1366590828792915,18.139148950576782
SOX2,random,16,46,2,468571256,0.8737068299798266,0.1514713845958275,0.8461878384711847,0.1833475442474069,0.8497995234641386,0.0909944296232044,0.8084722883529287,0.1304876767004732,0.8624832223230404,0.0998252512680753,0.8191066281234521,0.1330963688715425,17.62165379524231
SOX2,random,16,46,3,1827333358,0.8725142466369893,0.1589585795148155,0.8487313455074317,0.1846167307974112,0.8497995234641386,0.0909944296232044,0.8084722883529287,0.1304876767004732,0.8526417150845484,0.0998252512680753,0.8087951720219317,0.1330963688715425,15.18538761138916
SOX2,random,16,46,4,1921937741,0.8739941486625004,0.1440007375370618,0.8476817742132999,0.1823881456789953,0.8497995234641386,0.0909944296232044,0.8084722883529287,0.1304876767004732,0.8624832223230404,0.0998252512680753,0.8191066281234521,0.1330963688715425,14.513450860977173
SOX2,random,32,46,0,1491326211,0.8744428999764229,0.1543648026947446,0.8489518039599699,0.1844188930209709,0.8497995234641386,0.0909944296232044,0.8084722883529287,0.1304876767004732,0.8624832223230404,0.0998252512680753,0.8191066281234521,0.1330963688715425,24.191452741622925
SOX2,random,32,46,1,803530133,0.8748061013455042,0.1482089263078965,0.847939994501608,0.1849753117957295,0.8497995234641386,0.0909944296232044,0.8084722883529287,0.1304876767004732,0.8624832223230404,0.0998252512680753,0.8191066281234521,0.1330963688715425,24.455226182937626
SOX2,random,32,46,2,921547823,0.8736167727639459,0.1568162359620246,0.8483255220418449,0.1840978395521938,0.8497995234641386,0.0909944296232044,0.8084722883529287,0.1304876767004732,0.8624832223230404,0.0998252512680753,0.8191066281234521,0.1330963688715425,28.013853311538696
SOX2,random,32,46,3,1105888441,0.8740819919350721,0.1516786571878792,0.8470520293140684,0.1840833540923136,0.8497995234641386,0.0909944296232044,0.8084722883529287,0.1304876767004732,0.8624832223230404,0.0998252512680753,0.8191066281234521,0.1330963688715425,25.018210887908936
SOX2,random,32,46,4,1603146010,0.8726873928806463,0.1535983186858132,0.8462191370082807,0.1839617788795917,0.8497995234641386,0.0909944296232044,0.8084722883529287,0.1304876767004732,0.8526417150845484,0.0998252512680753,0.8087951720219317,0.1330963688715425,21.40546464920044
SOX2,random,46,46,0,-1,0.8729323732052174,0.1548884388362223,0.8480469035501155,0.1849765888353647,0.8497995234641386,0.0909944296232044,0.8084722883529287,0.1304876767004732,0.8624832223230404,0.0998252512680753,0.8191066281234521,0.1330963688715425,30.260631561279297
SOX2,random,46,46,1,-1,0.8726330674749059,0.150797144798738,0.8473462630620627,0.1852084477592503,0.8497995234641386,0.0909944296232044,0.8084722883529287,0.1304876767004732,0.8624832223230404,0.0998252512680753,0.8191066281234521,0.1330963688715425,27.59871983528137
SOX2,topk,1,46,0,-1,0.8594310765488982,0.1051526860212169,0.8159417562355938,0.1479219866299149,0.8497995234641386,0.0909944296232044,0.8084722883529287,0.1304876767004732,0.8624832223230404,0.0913466861042702,0.8191066281234521,0.1452936616210421,6.887579917907715
SOX2,topk,2,46,0,-1,0.860016554298018,0.09615797680699,0.8176404917540465,0.1506652179820881,0.8497995234641386,0.0909944296232044,0.8084722883529287,0.1304876767004732,0.8624832223230404,0.0913466861042702,0.8191066281234521,0.1452936616210421,7.1097681522369385
SOX2,topk,4,46,0,-1,0.8590484965604934,0.096897087539526,0.8197501226690378,0.1503647671118262,0.8497995234641386,0.0909944296232044,0.8084722883529287,0.1304876767004732,0.8624832223230404,0.0913466861042702,0.8191066281234521,0.1452936616210421,11.326309204101562
SOX2,topk,8,46,0,-1,0.8652478465432099,0.1023176283134513,0.8241341564013801,0.1523060757562434,0.8497995234641386,0.0909944296232044,0.8084722883529287,0.1304876767004732,0.8624832223230404,0.0998252512680753,0.8191066281234521,0.1330963688715425,9.641400814056396
SOX2,topk,16,46,0,-1,0.8648961470947463,0.1004203500584923,0.8233762758943327,0.1540991041482677,0.8497995234641386,0.0909944296232044,0.8084722883529287,0.1304876767004732,0.8624832223230404,0.0998252512680753,0.8191066281234521,0.1330963688715425,21.308695316314697
SOX2,topk,32,46,0,-1,0.8716852351238665,0.1223687025185585,0.8347270581148979,0.1643958609577234,0.8497995234641386,0.0909944296232044,0.8084722883529287,0.1304876767004732,0.8624832223230404,0.0998252512680753,0.8191066281234521,0.1330963688715425,20.29133653640747
GATA1,random,1,42,0,385985437,0.9116676903102748,0.3213698626771463,0.8931422841647192,0.3225625487980528,0.9095333815491008,0.3423246247558963,0.8978615143025425,0.3425902577400975,0.915253170324262,0.3384886136616795,0.896449104210666,0.3245091898388201,8.333853960037231
GATA1,random,1,42,1,1611045643,0.9092691509354888,0.3190204814568217,0.8914380680674349,0.3192735435578256,0.9095333815491008,0.3423246247558963,0.8978615143025425,0.3425902577400975,0.91024244557444,0.326575660300869,0.8941782018822806,0.320507461382318,7.246152639389038
GATA1,random,1,42,2,2031078065,0.9013381871110472,0.3049980757729789,0.880429268071922,0.3019854545922634,0.9095333815491008,0.3423246247558963,0.8978615143025425,0.3425902577400975,0.902595888707221,0.3197006533999609,0.8832123889305332,0.3138252112210279,6.884986639022827
GATA1,random,1,42,3,235469351,0.9092639081303594,0.3140337182770567,0.8905274326135043,0.3149793458369981,0.9095333815491008,0.3423246247558963,0.8978615143025425,0.3425902577400975,0.91024244557444,0.326575660300869,0.8941782018822806,0.320507461382318,8.590205669403076
GATA1,random,1,42,4,275541892,0.9117040483182332,0.3213457075356219,0.8928198801870733,0.3257441786433354,0.9095333815491008,0.3423246247558963,0.8978615143025425,0.3425902577400975,0.915253170324262,0.3384886136616795,0.896449104210666,0.3245091898388201,6.4057605266571045
GATA1,random,2,42,0,356980164,0.9202890673036146,0.351341433612865,0.9002474776040406,0.3464480687849759,0.9095333815491008,0.3423246247558963,0.8978615143025425,0.3425902577400975,0.9199128740496232,0.356677819443906,0.9042140007665164,0.3413830042040826,8.23944878578186
GATA1,random,2,42,1,1648371026,0.9122037248540692,0.3180874360418884,0.8997827835920387,0.3324728369182451,0.9095333815491008,0.3423246247558963,0.8978615143025425,0.3425902577400975,0.9095333815491008,0.3423246247558963,0.8978615143025425,0.3425902577400975,6.988093852996826
GATA1,random,2,42,2,2068411624,0.9168919122323302,0.3443526717789641,0.9027052707775336,0.3567557188978147,0.9095333815491008,0.3423246247558963,0.8978615143025425,0.3425902577400975,0.9176898705554796,0.3505148617591815,0.9084475096464338,0.364793118497435,6.778437376022339
GATA1,random,2,42,3,206455934,0.9095384214069347,0.3194081866193828,0.8890196991601177,0.3154081268608294,0.9095333815491008,0.3423246247558963,0.8978615143025425,0.3425902577400975,0.91024244557444,0.326575660300869,0.8941782018822806,0.320507461382318,6.67282509803772
GATA1,random,2,42,4,304796125,0.9080283852911109,0.3211536895930443,0.8884416223087639,0.3247519003574218,0.9095333815491008,0.3423246247558963,0.8978615143025425,0.3425902577400975,0.9063411355970028,0.3197766619686885,0.8868693446892262,0.3165382782705265,7.407449245452881
GATA1,random,4,42,0,298477942,0.92081527581586,0.3553187657889745,0.9026452901390593,0.3554210172647117,0.9095333815491008,0.3423246247558963,0.8978615143025425,0.3425902577400975,0.915740098387496,0.3355070366924126,0.8898676547855409,0.3220281321877785,9.342705965042114
GATA1,random,4,42,1,1724733920,0.9137735154185488,0.3401760226845725,0.9017898603050962,0.353069647911562,0.9095333815491008,0.3423246247558963,0.8978615143025425,0.3425902577400975,0.9062236392603708,0.3288664835540894,0.8958953691109612,0.32421098664751,10.74655556678772
GATA1,random,4,42,2,2143553626,0.9187480749603424,0.3418875140758084,0.9036576883138874,0.3498764526463611,0.9095333815491008,0.3423246247558963,0.8978615143025425,0.3425902577400975,0.9174291374002572,0.3563214683523688,0.9019754189878552,0.3464209757748217,11.540760278701782
GATA1,random,4,42,3,147011788,0.9179029246261188,0.3412341361201058,0.8976855163845932,0.3372781451674886,0.9095333815491008,0.3423246247558963,0.8978615143025425,0.3425902577400975,0.915740098387496,0.3355070366924126,0.8898676547855409,0.3220281321877785,9.9277765750885
GATA1,random,4,42,4,380087663,0.911100486444372,0.3429622036206943,0.9002444301437817,0.3507830597900739,0.9095333815491008,0.3423246247558963,0.8978615143025425,0.3425902577400975,0.9062236392603708,0.3288664835540894,0.8958953691109612,0.32421098664751,10.646332263946531
GATA1,random,8,42,0,416321554,0.9209620100928396,0.3468584949071345,0.9078076521857364,0.3604854619598498,0.9095333815491008,0.3423246247558963,0.8978615143025425,0.3425902577400975,0.9176898705554796,0.3505148617591815,0.9084475096464338,0.364793118497435,10.187567234039308
GATA1,random,8,42,1,1876402308,0.9172953613080846,0.33985546025158,0.9027671356767007,0.3459313545930559,0.9095333815491008,0.3423246247558963,0.8978615143025425,0.3425902577400975,0.915253170324262,0.3384886136616795,0.896449104210666,0.3245091898388201,12.07030725479126
GATA1,random,8,42,2,1994322238,0.919162077295454,0.3433360701312485,0.9023222597347696,0.3401219094469411,0.9095333815491008,0.3423246247558963,0.8978615143025425,0.3425902577400975,0.9109048080446684,0.3437188580369926,0.8919479138391263,0.3176542313966494,14.025318145751951
GATA1,random,8,42,3,31048104,0.9206137187095014,0.3476488497356632,0.9047036913088424,0.3486467123558511,0.9095333815491008,0.3423246247558963,0.8978615143025425,0.3425902577400975,0.9199128740496232,0.356677819443906,0.9042140007665164,0.3413830042040826,13.620925426483154
GATA1,random,8,42,4,532501515,0.9200450536230728,0.3603088818429907,0.9028975757112648,0.3554874935332993,0.9095333815491008,0.3423246247558963,0.8978615143025425,0.3425902577400975,0.915740098387496,0.3437188580369926,0.8898676547855409,0.3176542313966494,11.950828552246094
GATA1,random,16,42,0,1530083692,0.9215896347510172,0.3512712523408167,0.9077897172269518,0.3551920489112823,0.9095333815491008,0.3423246247558963,0.8978615143025425,0.3425902577400975,0.9174291374002572,0.3563214683523688,0.9019754189878552,0.3464209757748217,20.9247841835022
GATA1,random,16,42,1,741607930,0.9213659225649182,0.3550788561116672,0.9078188849541378,0.3539013028973155,0.9095333815491008,0.3423246247558963,0.8978615143025425,0.3425902577400975,0.9178050363806703,0.3528996225538497,0.8978889629004625,0.3296589955609494,17.961276292800903
GATA1,random,16,42,2,893212736,0.924329426620448,0.3551784050540708,0.9072892299244936,0.3634491170666323,0.9095333815491008,0.3423246247558963,0.8978615143025425,0.3425902577400975,0.9199128740496232,0.356677819443906,0.9042140007665164,0.3413830042040826,14.845195531845093
GATA1,random,16,42,3,1111124182,0.9230100831657722,0.3569918081273189,0.9084019291580508,0.3675540424029293,0.9095333815491008,0.3423246247558963,0.8978615143025425,0.3425902577400975,0.9176898705554796,0.3563214683523688,0.9084475096464338,0.3464209757748217,22.878588438034058
GATA1,random,16,42,4,1549729141,0.9238201100880838,0.3600853351722306,0.911156585343232,0.3670760578443253,0.9095333815491008,0.3423246247558963,0.8978615143025425,0.3425902577400975,0.9176898705554796,0.3505148617591815,0.9084475096464338,0.364793118497435,20.02345895767212
GATA1,random,32,42,0,1983076667,0.9240873544690312,0.3598096638036128,0.911383004667388,0.3676150795353619,0.9095333815491008,0.3423246247558963,0.8978615143025425,0.3425902577400975,0.9176898705554796,0.3563214683523688,0.9084475096464338,0.3464209757748217,19.095764636993408
GATA1,random,32,42,1,20212141,0.9243740513482364,0.3560869970083954,0.9105807900641484,0.3684829247305255,0.9095333815491008,0.3423246247558963,0.8978615143025425,0.3425902577400975,0.9176898705554796,0.3505148617591815,0.9084475096464338,0.364793118497435,15.546071529388428
GATA1,random,32,42,2,406665239,0.9247871708626132,0.3565746131771656,0.9104995143680126,0.3656341813824104,0.9095333815491008,0.3423246247558963,0.8978615143025425,0.3425902577400975,0.9176898705554796,0.3563214683523688,0.9084475096464338,0.3464209757748217,16.99794626235962
GATA1,random,32,42,3,1866074241,0.9240834240564118,0.3592728314914646,0.9100155949966542,0.3646316905888422,0.9095333815491008,0.3423246247558963,0.8978615143025425,0.3425902577400975,0.9176898705554796,0.3563214683523688,0.9084475096464338,0.3464209757748217,19.078672885894772
GATA1,random,32,42,4,1902026018,0.924413362239342,0.360939972004795,0.9106510655551692,0.3647741707637167,0.9095333815491008,0.3423246247558963,0.8978615143025425,0.3425902577400975,0.9176898705554796,0.3563214683523688,0.9084475096464338,0.3464209757748217,25.418030500411987
GATA1,random,42,42,0,-1,0.924669113038464,0.3613767955084036,0.9110460534155954,0.368209913709365,0.9095333815491008,0.3423246247558963,0.8978615143025425,0.3425902577400975,0.9176898705554796,0.3563214683523688,0.9084475096464338,0.3464209757748217,24.83307290077209
GATA1,random,42,42,1,-1,0.9243693497358946,0.35925312017833,0.911503672063177,0.3660247023608904,0.9095333815491008,0.3423246247558963,0.8978615143025425,0.3425902577400975,0.9176898705554796,0.3563214683523688,0.9084475096464338,0.3464209757748217,18.509324550628666
GATA1,topk,1,42,0,-1,0.9157368343184958,0.344348193514464,0.9055814238469948,0.3481476777689001,0.9095333815491008,0.3423246247558963,0.8978615143025425,0.3425902577400975,0.9176898705554796,0.3505148617591815,0.9084475096464338,0.364793118497435,8.294299840927124
GATA1,topk,2,42,0,-1,0.9193031290481644,0.3521894398226101,0.9082620509620564,0.3620935485032197,0.9095333815491008,0.3423246247558963,0.8978615143025425,0.3425902577400975,0.9176898705554796,0.3563214683523688,0.9084475096464338,0.3464209757748217,7.931457281112671
GATA1,topk,4,42,0,-1,0.9212689577296638,0.3523537786638506,0.90878520992825,0.3600448067781434,0.9095333815491008,0.3423246247558963,0.8978615143025425,0.3425902577400975,0.9176898705554796,0.3563214683523688,0.9084475096464338,0.3464209757748217,10.261567115783691
GATA1,topk,8,42,0,-1,0.9222748152621508,0.3598248048389492,0.9087670860836335,0.3582604352234427,0.9095333815491008,0.3423246247558963,0.8978615143025425,0.3425902577400975,0.9176898705554796,0.3563214683523688,0.9084475096464338,0.3464209757748217,10.92042636871338
GATA1,topk,16,42,0,-1,0.9232635474253668,0.3590608046091837,0.9099336066683734,0.3638794151393677,0.9095333815491008,0.3423246247558963,0.8978615143025425,0.3425902577400975,0.9176898705554796,0.3563214683523688,0.9084475096464338,0.3464209757748217,24.6387460231781
GATA1,topk,32,42,0,-1,0.9248126339832676,0.3646058074539809,0.9100705193951192,0.3664117642898856,0.9095333815491008,0.3423246247558963,0.8978615143025425,0.3425902577400975,0.9176898705554796,0.3563214683523688,0.9084475096464338,0.3464209757748217,25.64100456237793
HNF4A,random,1,39,0,1139050426,0.8794404063462186,0.2262206496212027,0.8576458904384103,0.1780131657762279,0.9418555647677528,0.4640210302460878,0.9270591116764229,0.3125966486187171,0.8818423770685592,0.2328217412168479,0.8486807951569809,0.163099346743617,5.293520212173462
HNF4A,random,1,39,1,887338796,0.9279048295713772,0.3594008771953749,0.9045931605944808,0.2248596845173471,0.9418555647677528,0.4640210302460878,0.9270591116764229,0.3125966486187171,0.9289235881823338,0.3909051518750455,0.907176235193878,0.2362952669470582,7.885064840316772
HNF4A,random,1,39,2,770369174,0.9392873494644376,0.4604733153929332,0.9288136807437866,0.3247007477366005,0.9418555647677528,0.4640210302460878,0.9270591116764229,0.3125966486187171,0.9403154777504898,0.4755606823200066,0.9303459151165516,0.3398274974602057,7.597920656204224
HNF4A,random,1,39,3,1525536256,0.9406110096273648,0.4462388255314189,0.9237610398062692,0.2807057299190235,0.9418555647677528,0.4640210302460878,0.9270591116764229,0.3125966486187171,0.9418555647677528,0.4480458873320777,0.9270591116764229,0.2922795249249877,8.678818464279175
HNF4A,random,1,39,4,1149846435,0.8623867444472944,0.1640681893349874,0.8339242837795031,0.1639226016122816,0.9418555647677528,0.4640210302460878,0.9270591116764229,0.3125966486187171,0.8712107505218775,0.2178471079507963,0.83860255649677,0.1542772878730499,6.166909217834473
HNF4A,random,2,39,0,1101150691,0.9474768484097648,0.4735391781872387,0.932953596650934,0.3537608222837853,0.9418555647677528,0.4640210302460878,0.9270591116764229,0.3125966486187171,0.9442894366267172,0.465139250943674,0.9325289566354396,0.338779473356112,6.146768808364868
HNF4A,random,2,39,1,916785525,0.9485615739575236,0.4866856668020766,0.9281573957826622,0.3537861920910454,0.9418555647677528,0.4640210302460878,0.9270591116764229,0.3125966486187171,0.948457614805262,0.4853109352252996,0.93384687721821,0.3382668945305674,5.835853338241577
HNF4A,random,2,39,2,799824079,0.9421101655428824,0.4523078966013094,0.9272378552721604,0.2886138165228138,0.9418555647677528,0.4640210302460878,0.9270591116764229,0.3125966486187171,0.9418555647677528,0.4480458873320777,0.9270591116764229,0.2922795249249877,8.693331956863403
HNF4A,random,2,39,3,1487628377,0.9510699371035674,0.4923428258824199,0.9354594096451454,0.3629789235407529,0.9418555647677528,0.4640210302460878,0.9270591116764229,0.3125966486187171,0.9485945021243012,0.4827327180442219,0.9319125727501644,0.3527048840445539,8.732545137405396
HNF4A,random,2,39,4,1188036090,0.910975469921992,0.2918779883525531,0.8809376412050501,0.1995623020635925,0.9418555647677528,0.4640210302460878,0.9270591116764229,0.3125966486187171,0.9098039919271635,0.3022190606566117,0.8822018390199868,0.2198983524887657,7.46796441078186
HNF4A,random,4,39,0,1160725841,0.9482804995051216,0.4998782889326936,0.936139297020862,0.3461048192578732,0.9418555647677528,0.4640210302460878,0.9270591116764229,0.3125966486187171,0.9442894366267172,0.4869562820176742,0.9325289566354396,0.3486326129752747,11.703025579452516
HNF4A,random,4,39,1,841512391,0.9501348498492186,0.503820281561706,0.9347762187960362,0.3748357578837052,0.9418555647677528,0.4640210302460878,0.9270591116764229,0.3125966486187171,0.9493545202385852,0.4891946372814831,0.9324567506923817,0.3555190701967447,7.437226057052612
HNF4A,random,4,39,2,723592317,0.9512645040160908,0.470462824485409,0.9359112276592122,0.3728593065938619,0.9418555647677528,0.4640210302460878,0.9270591116764229,0.3125966486187171,0.948457614805262,0.4853109352252996,0.93384687721821,0.3382668945305674,8.606994390487671
HNF4A,random,4,39,3,1545999595,0.9452898429988486,0.4860412342225518,0.9299963521922754,0.346168066436021,0.9418555647677528,0.4640210302460878,0.9270591116764229,0.3125966486187171,0.9395230607849692,0.4640210302460878,0.9265884951440212,0.3125966486187171,8.929378986358643
HNF4A,random,4,39,4,1111654728,0.9505984907618084,0.4784784191223377,0.9349898612103764,0.3696885512420382,0.9418555647677528,0.4640210302460878,0.9270591116764229,0.3125966486187171,0.9485945021243012,0.4827327180442219,0.9319125727501644,0.3527048840445539,9.112242221832275
HNF4A,random,8,39,0,1278590005,0.9537131572090384,0.5146983340598823,0.9379020370351157,0.3775531908478429,0.9418555647677528,0.4640210302460878,0.9270591116764229,0.3125966486187171,0.948457614805262,0.4891946372814831,0.93384687721821,0.3555190701967447,9.24914836883545
HNF4A,random,8,39,1,993168547,0.9523467567912488,0.5072733396020942,0.9381323214278086,0.3752703702399123,0.9418555647677528,0.4640210302460878,0.9270591116764229,0.3125966486187171,0.9464995423158624,0.4821156997754067,0.9320752948814116,0.3504666848161684,9.99124264717102
HNF4A,random,8,39,2,574348569,0.9480280949944746,0.5028090907792895,0.9332996679131872,0.3688748298365295,0.9418555647677528,0.4640210302460878,0.9270591116764229,0.3125966486187171,0.945871386973096,0.4869562820176742,0.9311269081055588,0.3486326129752747,12.200740098953249
HNF4A,random,8,39,3,1430056335,0.9504148419698432,0.4966355236090173,0.9370533673456308,0.3681241376807576,0.9418555647677528,0.4640210302460878,0.9270591116764229,0.3125966486187171,0.948457614805262,0.4853109352252996,0.93384687721821,0.3382668945305674,12.529815196990969
HNF4A,random,8,39,4,1264089132,0.9529265469140028,0.5033478558151375,0.9375271907140202,0.3798983765081046,0.9418555647677528,0.4640210302460878,0.9270591116764229,0.3125966486187171,0.948457614805262,0.4853109352252996,0.93384687721821,0.3382668945305674,12.30017066001892
HNF4A,random,16,39,0,2121099563,0.950579956817648,0.5120813961821085,0.9365425216788216,0.3714815190708227,0.9418555647677528,0.4640210302460878,0.9270591116764229,0.3125966486187171,0.9464995423158624,0.4821156997754067,0.9320752948814116,0.3504666848161684,15.85194492340088
HNF4A,random,16,39,1,157964733,0.9531534099747476,0.5202442705576904,0.9385926206456968,0.3771461659801929,0.9418555647677528,0.4640210302460878,0.9270591116764229,0.3125966486187171,0.948457614805262,0.4821156997754067,0.93384687721821,0.3504666848161684,15.063559293746948
HNF4A,random,16,39,2,274925575,0.9512286685639548,0.5074404225419339,0.9374515439707312,0.368128560791878,0.9418555647677528,0.4640210302460878,0.9270591116764229,0.3125966486187171,0.9464995423158624,0.4821156997754067,0.9320752948814116,0.3504666848161684,20.630077123641968
HNF4A,random,16,39,3,1734621329,0.9519915149612777,0.5112015669382666,0.9379168886783888,0.3751956235128223,0.9418555647677528,0.4640210302460878,0.9270591116764229,0.3125966486187171,0.9464995423158624,0.4821156997754067,0.9320752948814116,0.3504666848161684,18.679473400115967
HNF4A,random,16,39,4,2030087474,0.9511105916971944,0.5035824971758988,0.9379000025634344,0.3817428237550629,0.9418555647677528,0.4640210302460878,0.9270591116764229,0.3125966486187171,0.949554980724145,0.4827327180442219,0.930581547626677,0.3527048840445539,20.585771799087524
HNF4A,random,32,39,0,1399654780,0.9541560679129852,0.5248255677364232,0.9386957276705036,0.3837788848387667,0.9418555647677528,0.4640210302460878,0.9270591116764229,0.3125966486187171,0.948457614805262,0.4821156997754067,0.93384687721821,0.3504666848161684,23.922991275787357
HNF4A,random,32,39,1,610941418,0.9540999999668188,0.5147343604186225,0.9394450185045372,0.3887568460022296,0.9418555647677528,0.4640210302460878,0.9270591116764229,0.3125966486187171,0.948457614805262,0.4821156997754067,0.93384687721821,0.3504666848161684,21.949954986572266
HNF4A,random,32,39,2,1029924944,0.9541322408134169,0.5141424478013215,0.939062855714658,0.3864876591318395,0.9418555647677528,0.4640210302460878,0.9270591116764229,0.3125966486187171,0.948457614805262,0.4821156997754067,0.93384687721821,0.3504666848161684,21.08483099937439
HNF4A,random,32,39,3,1248090310,0.9541357801173314,0.5184044085194004,0.938328223249088,0.3790138698037545,0.9418555647677528,0.4640210302460878,0.9270591116764229,0.3125966486187171,0.948457614805262,0.4821156997754067,0.93384687721821,0.3504666848161684,30.205276250839237
HNF4A,random,32,39,4,1409338725,0.953512254310489,0.5105839829656622,0.93906092805274,0.3805017911129803,0.9418555647677528,0.4640210302460878,0.9270591116764229,0.3125966486187171,0.948457614805262,0.4821156997754067,0.93384687721821,0.3504666848161684,26.347171306610107
HNF4A,random,39,39,0,-1,0.9536930827196471,0.5236736762650651,0.9395065180403726,0.3812100918334066,0.9418555647677528,0.4640210302460878,0.9270591116764229,0.3125966486187171,0.948457614805262,0.4821156997754067,0.93384687721821,0.3504666848161684,37.28266191482544
HNF4A,random,39,39,1,-1,0.954061660141154,0.5235257469542898,0.9390005398470608,0.3811396538930936,0.9418555647677528,0.4640210302460878,0.9270591116764229,0.3125966486187171,0.948457614805262,0.4821156997754067,0.93384687721821,0.3504666848161684,35.06293487548828
HNF4A,topk,1,39,0,-1,0.9473348496406524,0.4786107617939732,0.933037823778539,0.3285930436012523,0.9418555647677528,0.4640210302460878,0.9270591116764229,0.3125966486187171,0.948457614805262,0.4853109352252996,0.93384687721821,0.3382668945305674,13.664924383163452
HNF4A,topk,2,39,0,-1,0.949192897293303,0.4848154205613469,0.9350744672583317,0.3344014282955066,0.9418555647677528,0.4640210302460878,0.9270591116764229,0.3125966486187171,0.948457614805262,0.4853109352252996,0.93384687721821,0.3382668945305674,12.576482057571411
HNF4A,topk,4,39,0,-1,0.9518213281645592,0.4977650697936631,0.9364131801416848,0.3498765468359732,0.9418555647677528,0.4640210302460878,0.9270591116764229,0.3125966486187171,0.948457614805262,0.4821156997754067,0.93384687721821,0.3504666848161684,17.954970598220825
HNF4A,topk,8,39,0,-1,0.9534599310742684,0.5139707326343823,0.937706015688625,0.3688837352222473,0.9418555647677528,0.4640210302460878,0.9270591116764229,0.3125966486187171,0.948457614805262,0.4821156997754067,0.93384687721821,0.3504666848161684,17.156939268112183
HNF4A,topk,16,39,0,-1,0.952575855617636,0.5196160772423104,0.9379747795700796,0.3784415659822188,0.9418555647677528,0.4640210302460878,0.9270591116764229,0.3125966486187171,0.948457614805262,0.4821156997754067,0.93384687721821,0.3504666848161684,29.486156225204468
HNF4A,topk,32,39,0,-1,0.953396579114242,0.5193538295496357,0.9383481992179084,0.3800541758512525,0.9418555647677528,0.4640210302460878,0.9270591116764229,0.3125966486187171,0.948457614805262,0.4821156997754067,0.93384687721821,0.3504666848161684,30.78097891807556
CEBPB,random,1,30,0,1011947198,0.8159020576381373,0.0830931952143064,0.8106426176169246,0.1915506940075742,0.9389172460942248,0.2811573402952809,0.9219528732727826,0.449919191386473,0.835974103827384,0.0980664688992854,0.8241864328635118,0.2307819816741287,6.352732658386231
CEBPB,random,1,30,1,1263937064,0.931996391366276,0.2427010735559713,0.9116588911887686,0.3949061361839233,0.9389172460942248,0.2811573402952809,0.9219528732727826,0.449919191386473,0.9339792945147504,0.2708457784581027,0.913157744787196,0.4109282027803804,13.177902936935425
CEBPB,random,1,30,2,1381988242,0.9189891571517816,0.2139283362462852,0.9061717663999114,0.386362630255214,0.9389172460942248,0.2811573402952809,0.9219528732727826,0.449919191386473,0.9253885752505148,0.236375531063624,0.9107267884833716,0.4154976211345912,11.8634672164917
CEBPB,random,1,30,3,626542340,0.9336913861971796,0.2438010347745109,0.9190165047905188,0.4249693611751098,0.9389172460942248,0.2811573402952809,0.9219528732727826,0.449919191386473,0.935173252166702,0.2547898964874943,0.92019086513167,0.4295548590131333,10.367300271987917
CEBPB,random,1,30,4,993841831,0.9313419228997372,0.2297400633576292,0.9138736119956804,0.4231672336581082,0.9389172460942248,0.2811573402952809,0.9219528732727826,0.449919191386473,0.9337693586645056,0.2582991487411513,0.9168838631517736,0.4263761266848379,9.802538633346558
CEBPB,random,2,30,0,1041737959,0.9336416011627946,0.2636353209946754,0.9163718415113672,0.4164186865239437,0.9389172460942248,0.2811573402952809,0.9219528732727826,0.449919191386473,0.9339860510992456,0.2578333886908128,0.9152225185528756,0.4207782338039846,10.076176404953005
CEBPB,random,2,30,1,1225824369,0.9291785374215472,0.2217563401927008,0.9111917252789854,0.3695058197814817,0.9389172460942248,0.2811573402952809,0.9219528732727826,0.449919191386473,0.9262156145433516,0.2342801518048961,0.9114477404258854,0.3893493801740072,10.906107187271118
CEBPB,random,2,30,2,1343867339,0.9278882830004432,0.2212854494761069,0.913560726746601,0.3938672318008822,0.9389172460942248,0.2811573402952809,0.9219528732727826,0.449919191386473,0.9303666154862597,0.2342550958519656,0.9145990062442888,0.4058229166243506,11.846052885055542
CEBPB,random,2,30,3,656341341,0.9320861724163758,0.2397417033114776,0.9141121220197712,0.3888518863659692,0.9389172460942248,0.2811573402952809,0.9219528732727826,0.449919191386473,0.931199633182928,0.2455502746829572,0.9119878907872512,0.4072967827230715,11.925536632537842
CEBPB,random,2,30,4,964324606,0.9378287936826156,0.2788347668208786,0.920769410600061,0.4407155260729965,0.9389172460942248,0.2811573402952809,0.9219528732727826,0.449919191386473,0.934053783697199,0.2799601657972024,0.9182134394124,0.4531276796445986,9.891810178756714
CEBPB,random,4,30,0,983225429,0.945581869398458,0.3056624823595556,0.925369950917952,0.468876579858127,0.9389172460942248,0.2811573402952809,0.9219528732727826,0.449919191386473,0.9429135187817732,0.3070944456971164,0.9232533367485394,0.4637174088955669,13.47857666015625
CEBPB,random,4,30,1,1302193347,0.9350742255891888,0.2545864042717126,0.9198615439730844,0.4299337071734432,0.9389172460942248,0.2811573402952809,0.9219528732727826,0.449919191386473,0.935173252166702,0.2547898964874943,0.92019086513167,0.4295548590131333,11.276014566421509
CEBPB,random,4,30,2,1419031929,0.9367709867666796,0.2873137137035924,0.9184864546700632,0.4552171913507125,0.9389172460942248,0.2811573402952809,0.9219528732727826,0.449919191386473,0.9358672843263643,0.2645144173710643,0.917248430966688,0.4251409411328987,12.77498722076416
CEBPB,random,4,30,3,596870639,0.938515809864228,0.2749683868134899,0.9227851857364384,0.4480632826692689,0.9389172460942248,0.2811573402952809,0.9219528732727826,0.449919191386473,0.932086573858782,0.2532653117827175,0.9151584744413368,0.4237116372598176,13.023329734802246
CEBPB,random,4,30,4,1039601740,0.942914568708066,0.3010634630789346,0.923499747667045,0.4488428934970675,0.9389172460942248,0.2811573402952809,0.9219528732727826,0.449919191386473,0.9339792945147504,0.2739525036309779,0.913157744787196,0.4434543862619238,13.116501808166504
CEBPB,random,8,30,0,864038193,0.9443099639833286,0.2992589821689894,0.9265732606679036,0.4670082778739669,0.9389172460942248,0.2811573402952809,0.9219528732727826,0.449919191386473,0.9429135187817732,0.3070944456971164,0.9232533367485394,0.4637174088955669,13.17329478263855
CEBPB,random,8,30,1,1149705639,0.942153878580891,0.2928879730902735,0.9252237636031346,0.4737432966538117,0.9389172460942248,0.2811573402952809,0.9219528732727826,0.449919191386473,0.9374898033628868,0.2804894357303844,0.9186046326807522,0.4451809272376137,15.12804675102234
CEBPB,random,8,30,2,1569606685,0.9429279521802794,0.299321665791488,0.9267906962174288,0.4767517432669673,0.9389172460942248,0.2811573402952809,0.9219528732727826,0.449919191386473,0.9389172460942248,0.2811573402952809,0.9219528732727826,0.449919191386473,18.89276909828186
CEBPB,random,8,30,3,713653387,0.940755222358084,0.3052888156619064,0.9226156301055022,0.4542312857488002,0.9389172460942248,0.2811573402952809,0.9219528732727826,0.449919191386473,0.937346278438674,0.269315890555204,0.9167610043474648,0.4325198458305211,13.328933954238892
CEBPB,random,8,30,4,888006952,0.9431338736064636,0.2985250047028077,0.924483825422978,0.4518979350390187,0.9389172460942248,0.2811573402952809,0.9219528732727826,0.449919191386473,0.94318367716896,0.2993542498379294,0.9221863625979564,0.453159728090068,14.319772481918337
CEBPB,random,16,30,0,2046761123,0.9459266281367598,0.3278178324018362,0.9278683223492924,0.4849447173518153,0.9389172460942248,0.2811573402952809,0.9219528732727826,0.449919191386473,0.94318367716896,0.2993542498379294,0.9221863625979564,0.453159728090068,31.492571353912357
CEBPB,random,16,30,1,251144245,0.9472790567225028,0.3345789408310404,0.9287892486777616,0.4958306807077024,0.9389172460942248,0.2811573402952809,0.9219528732727826,0.449919191386473,0.94318367716896,0.3241791272320455,0.9221863625979564,0.4760651477103992,28.36401653289795
CEBPB,random,16,30,2,401701263,0.94610134822394,0.3230256331941575,0.9277225628582504,0.4868415896152496,0.9389172460942248,0.2811573402952809,0.9219528732727826,0.449919191386473,0.94318367716896,0.3241791272320455,0.9221863625979564,0.4760651477103992,31.886251211166385
CEBPB,random,16,30,3,1626753305,0.944194027416466,0.315317753037789,0.9267675110071164,0.4765998129920982,0.9389172460942248,0.2811573402952809,0.9219528732727826,0.449919191386473,0.9429135187817732,0.3070944456971164,0.9232533367485394,0.4637174088955669,22.075252294540405
CEBPB,random,16,30,4,2123553978,0.9461242489691946,0.3404827323966454,0.9274593107052862,0.4890314318958928,0.9389172460942248,0.2811573402952809,0.9219528732727826,0.449919191386473,0.94318367716896,0.3241791272320455,0.9221863625979564,0.4760651477103992,24.02324151992798
CEBPB,random,30,30,0,-1,0.9470168221908072,0.331937028972053,0.9293309268822862,0.4954125579268775,0.9389172460942248,0.2811573402952809,0.9219528732727826,0.449919191386473,0.94318367716896,0.3241791272320455,0.9221863625979564,0.4760651477103992,24.64613556861877
CEBPB,random,30,30,1,-1,0.947242309302258,0.3329136919290388,0.929031883601473,0.4938360895602286,0.9389172460942248,0.2811573402952809,0.9219528732727826,0.449919191386473,0.94318367716896,0.3241791272320455,0.9221863625979564,0.4760651477103992,40.70229458808899
CEBPB,topk,1,30,0,-1,0.9424733649757238,0.3028647277290441,0.9210407547143687,0.4444346815872587,0.9389172460942248,0.2811573402952809,0.9219528732727826,0.449919191386473,0.94318367716896,0.2993542498379294,0.9221863625979564,0.453159728090068,16.260186195373535
CEBPB,topk,2,30,0,-1,0.9449639568950166,0.3083633354187686,0.924834476504306,0.4634400251757173,0.9389172460942248,0.2811573402952809,0.9219528732727826,0.449919191386473,0.94318367716896,0.2993542498379294,0.9221863625979564,0.453159728090068,9.588670253753662
CEBPB,topk,4,30,0,-1,0.9456654620594682,0.3077163479752542,0.9262119537978014,0.4705009810362275,0.9389172460942248,0.2811573402952809,0.9219528732727826,0.449919191386473,0.94318367716896,0.3241791272320455,0.9221863625979564,0.4760651477103992,11.954984903335571
CEBPB,topk,8,30,0,-1,0.9461286030752908,0.3327313598311571,0.9274864584775564,0.479205013293204,0.9389172460942248,0.2811573402952809,0.9219528732727826,0.449919191386473,0.94318367716896,0.3241791272320455,0.9221863625979564,0.4760651477103992,10.0451238155365
CEBPB,topk,16,30,0,-1,0.946691678546068,0.3322313852011244,0.9281050359288898,0.4973109967316789,0.9389172460942248,0.2811573402952809,0.9219528732727826,0.449919191386473,0.94318367716896,0.3241791272320455,0.9221863625979564,0.4760651477103992,14.362388372421265
PPARG,random,1,28,0,696738723,0.887294104634769,0.2598933468688673,0.8549146575240705,0.3915596593758135,0.8865259459192375,0.2675307260896571,0.8682635952537061,0.4214953332285007,0.8861650888123049,0.2669324211844736,0.857717464994543,0.4050821106868307,8.238706350326538
PPARG,random,1,28,1,1585468213,0.8892964806221917,0.2661907729733005,0.8666074912487025,0.4070177492684824,0.8865259459192375,0.2675307260896571,0.8682635952537061,0.4214953332285007,0.8910241330638655,0.2801324738072286,0.8686478616774955,0.4143687841049132,9.004968643188477
PPARG,random,1,28,2,1200161423,0.8737683771124817,0.2264871404042244,0.8576619428448549,0.4000643508467061,0.8865259459192375,0.2675307260896571,0.8682635952537061,0.4214953332285007,0.8776173589019789,0.2509906538773894,0.8626033727565947,0.4079547636254648,5.702526330947876
PPARG,random,1,28,3,814625305,0.8725488825534581,0.2390987647142072,0.8549690037041912,0.3871565443128593,0.8865259459192375,0.2675307260896571,0.8682635952537061,0.4214953332285007,0.8766707467126975,0.2582285561897204,0.8581099217947911,0.3961529876047455,5.174463272094727
PPARG,random,1,28,4,787130298,0.5869272620320182,0.0329172460657869,0.5936996989147438,0.0837442325697134,0.8865259459192375,0.2675307260896571,0.8682635952537061,0.4214953332285007,0.5981684717556235,0.034603016588241,0.6019480082383022,0.0870797809878296,3.82583236694336
PPARG,random,2,28,0,734125562,0.806900573683663,0.1281193877480833,0.8145788969016821,0.2638513052358289,0.8865259459192375,0.2675307260896571,0.8682635952537061,0.4214953332285007,0.7943972679358329,0.1019239544808003,0.8057473044462083,0.2512042415882261,4.20866060256958
PPARG,random,2,28,1,1556540780,0.8801250004519251,0.2499506301106558,0.8588846697817966,0.4050299937938765,0.8865259459192375,0.2675307260896571,0.8682635952537061,0.4214953332285007,0.8834301925816541,0.2620699081692281,0.8620117990614914,0.4147504557240602,4.172847270965576
PPARG,random,2,28,2,1171242198,0.8407166901466822,0.2119476290630755,0.8380150882960165,0.3517529281842442,0.8865259459192375,0.2675307260896571,0.8682635952537061,0.4214953332285007,0.8439095839303764,0.2180435857592853,0.834236957224901,0.3565110365363286,4.102680921554565
PPARG,random,2,28,3,852003904,0.8409797172033995,0.2045409636053188,0.8323552910359127,0.3562564500698821,0.8865259459192375,0.2675307260896571,0.8682635952537061,0.4214953332285007,0.8439095839303764,0.2180435857592853,0.834236957224901,0.3565110365363286,4.2559494972229
PPARG,random,2,28,4,749476323,0.8881596046519754,0.2636868858803773,0.8700925730189917,0.4103391325075711,0.8865259459192375,0.2675307260896571,0.8682635952537061,0.4214953332285007,0.8865259459192375,0.2675307260896571,0.8682635952537061,0.4214953332285007,4.225984334945679
PPARG,random,4,28,0,793551176,0.8819097427401761,0.253498682136602,0.8660095674960437,0.4054054528297947,0.8865259459192375,0.2675307260896571,0.8682635952537061,0.4214953332285007,0.8776173589019789,0.2509906538773894,0.8626033727565947,0.4079547636254648,5.561652898788452
PPARG,random,4,28,1,1481347550,0.8649484477413323,0.2110671669024158,0.8486117807938438,0.3591626980015373,0.8865259459192375,0.2675307260896571,0.8682635952537061,0.4214953332285007,0.8579844304800729,0.2216548951560793,0.8389229483793585,0.3498060447284045,4.835383653640747
PPARG,random,4,28,2,1094893668,0.8879515919343368,0.2644021959417741,0.8668279087328068,0.4108462919175176,0.8865259459192375,0.2675307260896571,0.8682635952537061,0.4214953332285007,0.8888745835092493,0.2776242518765171,0.8663421985699767,0.4216064997365097,5.7191150188446045
PPARG,random,4,28,3,910553330,0.8889511563455696,0.2579395907088364,0.8708599521607209,0.4197738131482673,0.8865259459192375,0.2675307260896571,0.8682635952537061,0.4214953332285007,0.8888745835092493,0.2776242518765171,0.8663421985699767,0.4216064997365097,5.909272909164429
PPARG,random,4,28,4,673277265,0.8837253833094114,0.2517631072022814,0.8631804069082328,0.4088310444354339,0.8865259459192375,0.2675307260896571,0.8682635952537061,0.4214953332285007,0.8776173589019789,0.2509906538773894,0.8626033727565947,0.4079547636254648,5.184144496917725
PPARG,random,8,28,0,643192876,0.8921044280216008,0.2768581903896417,0.8719848024514683,0.4279782749866628,0.8865259459192375,0.2675307260896571,0.8682635952537061,0.4214953332285007,0.8888745835092493,0.2620699081692281,0.8663421985699767,0.4147504557240602,5.600931644439697
PPARG,random,8,28,1,1364289722,0.893479224102989,0.2827278915076692,0.8719160463027193,0.4225692475668295,0.8865259459192375,0.2675307260896571,0.8682635952537061,0.4214953332285007,0.8865259459192375,0.2620699081692281,0.8682635952537061,0.4147504557240602,9.026909351348875
PPARG,random,8,28,2,1213741312,0.8757944875324265,0.2592142369410777,0.8579103654141488,0.4042912258678304,0.8865259459192375,0.2675307260896571,0.8682635952537061,0.4214953332285007,0.8731776274217657,0.2336750845145732,0.8537374696858111,0.3940235405444636,8.656150341033936
PPARG,random,8,28,3,1063192982,0.8868442484272675,0.2652130966772568,0.8662584660636218,0.417016799342318,0.8865259459192375,0.2675307260896571,0.8682635952537061,0.4214953332285007,0.8834301925816541,0.2620699081692281,0.8620117990614914,0.4147504557240602,8.939120054244995
PPARG,random,8,28,4,557554741,0.8821730041283853,0.2673765651396013,0.862766697608366,0.4077386501682875,0.8865259459192375,0.2675307260896571,0.8682635952537061,0.4214953332285007,0.8776173589019789,0.2509906538773894,0.8626033727565947,0.4079547636254648,6.270670413970947
PPARG,random,16,28,0,451715599,0.8986532299650257,0.306449236536814,0.8770594517706641,0.4348324810802036,0.8865259459192375,0.2675307260896571,0.8682635952537061,0.4214953332285007,0.895876589252915,0.2776242518765171,0.8672077500200711,0.4216064997365097,10.333564043045044
PPARG,random,16,28,1,1844155033,0.8975562305195208,0.2900744688211351,0.8765572152502035,0.4322190785246658,0.8865259459192375,0.2675307260896571,0.8682635952537061,0.4214953332285007,0.8888745835092493,0.2620699081692281,0.8663421985699767,0.4147504557240602,12.397406101226808
PPARG,random,16,28,2,1961018147,0.8985050588151959,0.2928492817279773,0.8766011331049648,0.4292774065283984,0.8865259459192375,0.2675307260896571,0.8682635952537061,0.4214953332285007,0.8888745835092493,0.2620699081692281,0.8663421985699767,0.4147504557240602,10.81553602218628
PPARG,random,16,28,3,65401781,0.8990523098858565,0.2831983809805677,0.8768289212154428,0.4357896570168093,0.8865259459192375,0.2675307260896571,0.8682635952537061,0.4214953332285007,0.895876589252915,0.2776242518765171,0.8672077500200711,0.4216064997365097,9.688826084136965
PPARG,random,16,28,4,495019542,0.8977903209845993,0.2817037019343871,0.8765879739119954,0.4313534306501146,0.8865259459192375,0.2675307260896571,0.8682635952537061,0.4214953332285007,0.8888745835092493,0.2620699081692281,0.8663421985699767,0.4147504557240602,9.68683409690857
PPARG,random,28,28,0,-1,0.9002556221815781,0.2947438221255806,0.8780757521889633,0.4337032294887245,0.8865259459192375,0.2675307260896571,0.8682635952537061,0.4214953332285007,0.895876589252915,0.2620699081692281,0.8672077500200711,0.4147504557240602,11.843735456466677
PPARG,random,28,28,1,-1,0.9003104289699069,0.2927935639365626,0.8783879727770801,0.435100906365289,0.8865259459192375,0.2675307260896571,0.8682635952537061,0.4214953332285007,0.895876589252915,0.2620699081692281,0.8672077500200711,0.4147504557240602,12.456746578216553
PPARG,topk,1,28,0,-1,0.8930708981310124,0.2549111928540977,0.8664195142276234,0.4032098472564918,0.8865259459192375,0.2675307260896571,0.8682635952537061,0.4214953332285007,0.895876589252915,0.2789062731893235,0.8672077500200711,0.4239207670738761,5.418596506118774
PPARG,topk,2,28,0,-1,0.8951433124537279,0.2667345043195524,0.872285208129889,0.4293337221479422,0.8865259459192375,0.2675307260896571,0.8682635952537061,0.4214953332285007,0.895876589252915,0.2776242518765171,0.8672077500200711,0.4216064997365097,4.527986764907837
PPARG,topk,4,28,0,-1,0.8987466746687524,0.2742003681488236,0.8759809674530736,0.4308762310517988,0.8865259459192375,0.2675307260896571,0.8682635952537061,0.4214953332285007,0.895876589252915,0.2776242518765171,0.8672077500200711,0.4216064997365097,7.136695861816406
PPARG,topk,8,28,0,-1,0.8995610368592724,0.2823122772335834,0.8774670861925261,0.4308657515587618,0.8865259459192375,0.2675307260896571,0.8682635952537061,0.4214953332285007,0.895876589252915,0.2620699081692281,0.8672077500200711,0.4147504557240602,6.04097843170166
PPARG,topk,16,28,0,-1,0.8998621126550655,0.2906491765201588,0.8775114591176767,0.4329848558500218,0.8865259459192375,0.2675307260896571,0.8682635952537061,0.4214953332285007,0.895876589252915,0.2620699081692281,0.8672077500200711,0.4147504557240602,13.12922191619873
TAL1,random,1,30,0,335188332,0.8361330517910236,0.127580950768131,0.8850049874964794,0.1467820566982124,0.8432209564450064,0.1311232420184407,0.8919793398191032,0.1609775312146371,0.8381219390802535,0.1292063282537479,0.8875878632637294,0.160283180512682,12.381101608276367
TAL1,random,1,30,1,1694343674,0.8550599699584371,0.1346215269124541,0.9026401222148844,0.1625909155196347,0.8432209564450064,0.1311232420184407,0.8919793398191032,0.1609775312146371,0.8597878340429386,0.1450559810445907,0.9056119706171396,0.1883135168882859,13.996745824813845
TAL1,random,1,30,2,2113204288,0.8353022277747215,0.1269952223097371,0.884918472055635,0.1485783083889991,0.8432209564450064,0.1311232420184407,0.8919793398191032,0.1609775312146371,0.8392573429251134,0.1335616198061861,0.8875886654303966,0.1576422558411169,13.93522596359253
TAL1,random,1,30,3,183746774,0.8384672894029027,0.1331621582108576,0.8873270506277781,0.1383624384067358,0.8432209564450064,0.1311232420184407,0.8919793398191032,0.1609775312146371,0.839856469303135,0.143476004928156,0.8921903348779707,0.1582697849816549,15.057920932769775
TAL1,random,1,30,4,345462133,0.8542805350622,0.1338998293641041,0.9024164993373484,0.1628215337452974,0.8432209564450064,0.1311232420184407,0.8919793398191032,0.1609775312146371,0.8597878340429386,0.1450559810445907,0.9056119706171396,0.1883135168882859,13.65874195098877
TAL1,random,2,30,0,297545525,0.8558285304104354,0.1398622235991237,0.9040186960833796,0.1677494070313263,0.8432209564450064,0.1311232420184407,0.8919793398191032,0.1609775312146371,0.8597878340429386,0.1450559810445907,0.9056119706171396,0.1883135168882859,11.563950538635254
TAL1,random,2,30,1,1723539363,0.8401447287935286,0.1275588238120416,0.8880175294606113,0.1500926777455065,0.8432209564450064,0.1311232420184407,0.8919793398191032,0.1609775312146371,0.8432209564450064,0.1311394554617333,0.8919793398191032,0.1567748360195089,12.13770079612732
TAL1,random,2,30,2,2142391833,0.8561144485133134,0.1450301702623404,0.9017899882511592,0.1721219150364984,0.8432209564450064,0.1311232420184407,0.8919793398191032,0.1609775312146371,0.8559365681006694,0.1458668473555483,0.9012952784457352,0.1829914055480316,12.34316372871399
TAL1,random,2,30,3,146112143,0.8557685345232994,0.1418073966240392,0.9023432234303196,0.1686757850323077,0.8432209564450064,0.1311232420184407,0.8919793398191032,0.1609775312146371,0.8571121484209362,0.1445650071066228,0.9032410282924056,0.1779006784132932,9.89306664466858
TAL1,random,2,30,4,382855980,0.8515989872996031,0.1465536828279506,0.9007076648752997,0.1675446698175003,0.8432209564450064,0.1311232420184407,0.8919793398191032,0.1609775312146371,0.8528783821407702,0.1380323734743744,0.9003478388904753,0.1801127030485053,8.188809633255005
TAL1,random,4,30,0,355554183,0.8582826513990163,0.1436818836989163,0.9056598786339491,0.1674785437467677,0.8432209564450064,0.1311232420184407,0.8919793398191032,0.1609775312146371,0.8597878340429386,0.1458668473555483,0.9056119706171396,0.1829914055480316,10.431668519973757
TAL1,random,4,30,1,1647731473,0.8478084760274611,0.1454602167682843,0.8941369121166758,0.157553616898057,0.8432209564450064,0.1311232420184407,0.8919793398191032,0.1609775312146371,0.8352087630538207,0.1335242614632229,0.8817309707305149,0.1464530182721984,15.611872673034668
TAL1,random,4,30,2,2067739307,0.8666656425264236,0.1389943170867722,0.8936680066003182,0.1569380819080913,0.8432209564450064,0.1311232420184407,0.8919793398191032,0.1609775312146371,0.8415253105984952,0.1301157266678789,0.891933119379339,0.1603610040666628,12.685158967971802
TAL1,random,4,30,3,204997181,0.8484691288663093,0.1410395627270876,0.8984542677152297,0.1592638679161096,0.8432209564450064,0.1311232420184407,0.8919793398191032,0.1609775312146371,0.8307655336449669,0.1335616198061861,0.8820759314066273,0.1576422558411169,8.599487781524658
TAL1,random,4,30,4,308058014,0.8622024506210477,0.1499083015372751,0.9119892750821088,0.1708455105744739,0.8432209564450064,0.1311232420184407,0.8919793398191032,0.1609775312146371,0.8627158735441924,0.1473577519835652,0.912361583839742,0.181555335132498,7.279411315917969
TAL1,random,8,30,0,472623843,0.8676758948726717,0.1514938327151962,0.9062967321205658,0.1693504844556578,0.8432209564450064,0.1311232420184407,0.8919793398191032,0.1609775312146371,0.839856469303135,0.143476004928156,0.8921903348779707,0.1582697849816549,7.053485155105591
TAL1,random,8,30,1,1798085237,0.8843317972270307,0.1580537346569919,0.9075588581278572,0.1845051896170055,0.8432209564450064,0.1311232420184407,0.8919793398191032,0.1609775312146371,0.8559365681006694,0.1458668473555483,0.9012952784457352,0.1829914055480316,7.287137985229492
TAL1,random,8,30,2,1915079631,0.8770650235745637,0.1534308291821492,0.914408223802583,0.1888926009650504,0.8432209564450064,0.1311232420184407,0.8919793398191032,0.1609775312146371,0.8529103941111917,0.1449803436639744,0.904248443679998,0.1789783182337823,7.126947402954102
TAL1,random,8,30,3,86178649,0.8891825971638097,0.1654968602351767,0.9150313458607298,0.1916028168516426,0.8432209564450064,0.1311232420184407,0.8919793398191032,0.1609775312146371,0.8627158735441924,0.1473577519835652,0.912361583839742,0.181555335132498,6.6356518268585205
TAL1,random,8,30,4,457600762,0.878626655337126,0.15335100248369,0.9166707374102496,0.186261533154898,0.8432209564450064,0.1311232420184407,0.8919793398191032,0.1609775312146371,0.8627158735441924,0.1473577519835652,0.912361583839742,0.181555335132498,6.940700054168701
TAL1,random,16,30,0,286064860,0.8848477263019975,0.1567687433720748,0.9161835258451352,0.1857670834358223,0.8432209564450064,0.1311232420184407,0.8919793398191032,0.1609775312146371,0.8627158735441924,0.1473577519835652,0.912361583839742,0.181555335132498,12.273593187332152
TAL1,random,16,30,1,1711943754,0.8641024995976716,0.1511750917495747,0.9126364331311028,0.1827399399196698,0.8432209564450064,0.1311232420184407,0.8919793398191032,0.1609775312146371,0.8529103941111917,0.1458668473555483,0.904248443679998,0.1829914055480316,21.96303343772888
TAL1,random,16,30,2,2130928112,0.8814161193846785,0.1555262493259747,0.9161615848210088,0.1934976984132246,0.8432209564450064,0.1311232420184407,0.8919793398191032,0.1609775312146371,0.8529103941111917,0.1458668473555483,0.904248443679998,0.1829914055480316,12.903241872787476
TAL1,random,16,30,3,134500710,0.8891852680799386,0.1604760800972523,0.9163534754482576,0.1946655572176356,0.8432209564450064,0.1311232420184407,0.8919793398191032,0.1609775312146371,0.8627158735441924,0.1473577519835652,0.912361583839742,0.181555335132498,19.210405111312863
TAL1,random,16,30,4,375440581,0.8896954173964642,0.1590756328939959,0.9165552203650844,0.1966952935007974,0.8432209564450064,0.1311232420184407,0.8919793398191032,0.1609775312146371,0.8627158735441924,0.1473577519835652,0.912361583839742,0.181555335132498,16.070393800735474
TAL1,random,30,30,0,-1,0.890090053926317,0.1607082698120268,0.9177135629066228,0.1949902798798743,0.8432209564450064,0.1311232420184407,0.8919793398191032,0.1609775312146371,0.8627158735441924,0.1473577519835652,0.912361583839742,0.181555335132498,16.701555728912354
TAL1,random,30,30,1,-1,0.8889926542695573,0.1614362475957576,0.9179872921916932,0.1965876193656388,0.8432209564450064,0.1311232420184407,0.8919793398191032,0.1609775312146371,0.8627158735441924,0.1473577519835652,0.912361583839742,0.181555335132498,18.73008370399475
TAL1,topk,1,30,0,-1,0.8613241267894987,0.1420720409870799,0.9116437581866564,0.1705204316580849,0.8432209564450064,0.1311232420184407,0.8919793398191032,0.1609775312146371,0.8627158735441924,0.1473577519835652,0.912361583839742,0.181555335132498,7.167594194412232
TAL1,topk,2,30,0,-1,0.8601449129826799,0.1452357955097596,0.910036187176208,0.1750998565087052,0.8432209564450064,0.1311232420184407,0.8919793398191032,0.1609775312146371,0.8627158735441924,0.1473577519835652,0.912361583839742,0.181555335132498,8.465642213821411
TAL1,topk,4,30,0,-1,0.8632335369802819,0.1430929454820842,0.9120187887613777,0.1781476108087744,0.8432209564450064,0.1311232420184407,0.8919793398191032,0.1609775312146371,0.8627158735441924,0.1473577519835652,0.912361583839742,0.181555335132498,8.465781450271606
TAL1,topk,8,30,0,-1,0.8644950245428575,0.1458803757298595,0.9133084583467832,0.1827526131785697,0.8432209564450064,0.1311232420184407,0.8919793398191032,0.1609775312146371,0.8627158735441924,0.1473577519835652,0.912361583839742,0.181555335132498,10.87568974494934
TAL1,topk,16,30,0,-1,0.866289507293847,0.1491143100562509,0.91386037802306,0.189739134924199,0.8432209564450064,0.1311232420184407,0.8919793398191032,0.1609775312146371,0.8627158735441924,0.1473577519835652,0.912361583839742,0.181555335132498,13.157976865768433
PRGR,random,1,28,0,1976820891,0.6433946425310445,0.0167999693131228,0.6281469831829036,0.0184567104061475,0.8254313139152667,0.0597721768482239,0.861836282548721,0.1127229094166115,0.654875536431702,0.0229708408836951,0.6250576870351269,0.0261418181146876,3.301745176315308
PRGR,random,1,28,1,47502349,0.8154307432432433,0.0583678240439427,0.8523191216614087,0.106855047279452,0.8254313139152667,0.0597721768482239,0.861836282548721,0.1127229094166115,0.822822315558802,0.0551087776799296,0.8561615604498418,0.1191017702627222,3.4554481506347656
PRGR,random,1,28,2,467502519,0.8213536911066471,0.0457005130724114,0.8384933517749,0.0835575292314009,0.8254313139152667,0.0597721768482239,0.861836282548721,0.1127229094166115,0.8262167298210372,0.0568287503079171,0.8380238903862224,0.0968444279138496,3.1892364025115967
PRGR,random,1,28,3,1826272545,0.811696607925493,0.0587174750015797,0.8491436835027788,0.0967207508699352,0.8254313139152667,0.0597721768482239,0.861836282548721,0.1127229094166115,0.8165438960920379,0.0502049072181527,0.8568519878668899,0.1129763684896003,4.021279811859131
PRGR,random,1,28,4,1925062786,0.8145032870708545,0.0579161809545187,0.8526833110676005,0.1056899960739519,0.8254313139152667,0.0597721768482239,0.861836282548721,0.1127229094166115,0.822822315558802,0.0551087776799296,0.8561615604498418,0.1191017702627222,3.794539213180542
PRGR,random,2,28,0,2006276802,0.7156147279035794,0.0218401260581972,0.7116335505602179,0.0199148745168628,0.8254313139152667,0.0597721768482239,0.861836282548721,0.1127229094166115,0.7054091147735574,0.0194762007216428,0.7117852190091489,0.0198806631115546,2.790651798248291
PRGR,random,2,28,1,9595476,0.7706680286705625,0.043982395873227,0.7743781890714061,0.0476674098674511,0.8254313139152667,0.0597721768482239,0.861836282548721,0.1127229094166115,0.7412438938093499,0.0484796191375194,0.7671166163984952,0.0465108632283985,3.320188522338867
PRGR,random,2,28,2,429603822,0.8311789513330898,0.0602070755659386,0.8498763591307743,0.0843267776433536,0.8254313139152667,0.0597721768482239,0.861836282548721,0.1127229094166115,0.8234912002373995,0.0710275136428914,0.8267876947063141,0.0729482381131914,2.465468406677246
PRGR,random,2,28,3,1855720312,0.8286681085646457,0.0550060717068492,0.8632652022936219,0.0941116917663763,0.8254313139152667,0.0597721768482239,0.861836282548721,0.1127229094166115,0.8358988084368152,0.0566056824056066,0.8639116673445579,0.1100208428906439,2.697866916656494
PRGR,random,2,28,4,1895341787,0.8232325716764062,0.0561767270272657,0.8316946924179397,0.0643972991469901,0.8254313139152667,0.0597721768482239,0.861836282548721,0.1127229094166115,0.8234912002373995,0.0710275136428914,0.8267876947063141,0.0729482381131914,3.2461838722229004
PRGR,random,4,28,0,1930962544,0.8421463545471146,0.0580280917451128,0.8796684330235696,0.1251449785681062,0.8254313139152667,0.0597721768482239,0.861836282548721,0.1127229094166115,0.8254313139152667,0.0597721768482239,0.861836282548721,0.1127229094166115,4.428168773651123
PRGR,random,4,28,1,69146342,0.8349118311723885,0.0633073443765107,0.8682014434923494,0.1106440062441977,0.8254313139152667,0.0597721768482239,0.861836282548721,0.1127229094166115,0.8138330327794011,0.0516400533846361,0.8512261534732943,0.1145613864254389,4.17087984085083
PRGR,random,4,28,2,487999324,0.844136744430241,0.0649650035096511,0.8699368313252119,0.1094853407590805,0.8254313139152667,0.0597721768482239,0.861836282548721,0.1127229094166115,0.8358988084368152,0.0566056824056066,0.8639116673445579,0.1100208428906439,4.981355428695679
PRGR,random,4,28,3,1779529674,0.8503284217494521,0.0640948754522453,0.8796450176640261,0.1311992471644554,0.8254313139152667,0.0597721768482239,0.861836282548721,0.1127229094166115,0.8283368334550767,0.0532580670670344,0.8692985485082598,0.1232100420527216,4.352518081665039
PRGR,random,4,28,4,1953882729,0.84603320169832,0.0637398958242355,0.8614757271514774,0.0897552520158753,0.8254313139152667,0.0597721768482239,0.861836282548721,0.1127229094166115,0.8358988084368152,0.0566056824056066,0.8639116673445579,0.1100208428906439,3.8294663429260254
PRGR,random,8,28,0,2047008532,0.8550951310262965,0.073958168946096,0.8733316013509554,0.1121297085487886,0.8254313139152667,0.0597721768482239,0.861836282548721,0.1127229094166115,0.8312616987764792,0.0574873755546584,0.8435870209839105,0.1040759501637218,3.908457279205322
PRGR,random,8,28,1,218492802,0.859453467403214,0.0633645699103672,0.8880637364944,0.128323782868751,0.8254313139152667,0.0597721768482239,0.861836282548721,0.1127229094166115,0.8283368334550767,0.0532580670670344,0.8692985485082598,0.1232100420527216,3.76400637626648
PRGR,random,8,28,2,336379448,0.8563455875639153,0.0732390096556973,0.875704300646177,0.1030018770081485,0.8254313139152667,0.0597721768482239,0.861836282548721,0.1127229094166115,0.8358988084368152,0.0566056824056066,0.8639116673445579,0.1100208428906439,4.28103232383728
PRGR,random,8,28,3,1661701806,0.8512102241599708,0.0751041291492164,0.8727058432944033,0.0901056639875499,0.8254313139152667,0.0597721768482239,0.861836282548721,0.1127229094166115,0.8358988084368152,0.0566056824056066,0.8639116673445579,0.1100208428906439,4.33393144607544
PRGR,random,8,28,4,2104433421,0.8562884062271732,0.080833231430908,0.8685444573684125,0.1116826884070008,0.8254313139152667,0.0597721768482239,0.861836282548721,0.1127229094166115,0.8234912002373995,0.0551087776799296,0.8267876947063141,0.1191017702627222,4.394460201263428
PRGR,random,16,28,0,850546198,0.8597673940832725,0.0735126039750273,0.8763226078416153,0.1123781532934663,0.8254313139152667,0.0597721768482239,0.861836282548721,0.1127229094166115,0.8234912002373995,0.0566056824056066,0.8267876947063141,0.1100208428906439,7.262908697128296
PRGR,random,16,28,1,1169522304,0.8618779104273192,0.0676679322619374,0.8789419626372685,0.1217532621347154,0.8254313139152667,0.0597721768482239,0.861836282548721,0.1127229094166115,0.8312616987764792,0.0532580670670344,0.8435870209839105,0.1232100420527216,8.071545362472534
PRGR,random,16,28,2,1555836730,0.8600747009678598,0.0682254388080994,0.880390252335525,0.1166542740200585,0.8254313139152667,0.0597721768482239,0.861836282548721,0.1127229094166115,0.8312616987764792,0.0532580670670344,0.8435870209839105,0.1232100420527216,6.41421914100647
PRGR,random,16,28,3,733683628,0.8555676474616509,0.0794988126964876,0.8745026207375475,0.1102518612570966,0.8254313139152667,0.0597721768482239,0.861836282548721,0.1127229094166115,0.8254313139152667,0.0551087776799296,0.861836282548721,0.1191017702627222,6.180378437042236
PRGR,random,16,28,4,903842319,0.8600729889517897,0.0839898165817724,0.8761519922642691,0.119970687690909,0.8254313139152667,0.0597721768482239,0.861836282548721,0.1127229094166115,0.8312616987764792,0.0574873755546584,0.8435870209839105,0.1040759501637218,6.592533588409424
PRGR,random,28,28,0,-1,0.8637348201241783,0.069079558343331,0.8809387934157793,0.1194621235862628,0.8254313139152667,0.0597721768482239,0.861836282548721,0.1127229094166115,0.8312616987764792,0.0532580670670344,0.8435870209839105,0.1232100420527216,9.24963903427124
PRGR,random,28,28,1,-1,0.8625870274835645,0.0697564987355384,0.8814288018110256,0.1188155539643994,0.8254313139152667,0.0597721768482239,0.861836282548721,0.1127229094166115,0.8312616987764792,0.0532580670670344,0.8435870209839105,0.1232100420527216,7.375098705291748
PRGR,topk,1,28,0,-1,0.8282080898466033,0.0544308983839245,0.8427125275853277,0.0949479455764153,0.8254313139152667,0.0597721768482239,0.861836282548721,0.1127229094166115,0.8312616987764792,0.0574873755546584,0.8435870209839105,0.1040759501637218,3.848942995071411
PRGR,topk,2,28,0,-1,0.8350764129839298,0.0545876734060076,0.8606816276300968,0.1080459747448597,0.8254313139152667,0.0597721768482239,0.861836282548721,0.1127229094166115,0.8312616987764792,0.0532580670670344,0.8435870209839105,0.1232100420527216,2.8689658641815186
PRGR,topk,4,28,0,-1,0.8516962084550768,0.0647361650430945,0.8721093515803551,0.1209632080495714,0.8254313139152667,0.0597721768482239,0.861836282548721,0.1127229094166115,0.8312616987764792,0.0532580670670344,0.8435870209839105,0.1232100420527216,4.298739433288574
PRGR,topk,8,28,0,-1,0.8552076675493061,0.0661584969507414,0.8730607534073063,0.1168058977572944,0.8254313139152667,0.0597721768482239,0.861836282548721,0.1127229094166115,0.8312616987764792,0.0532580670670344,0.8435870209839105,0.1232100420527216,4.654432773590088
PRGR,topk,16,28,0,-1,0.8569078136413442,0.0662431847420376,0.8731872123476219,0.1330571479890207,0.8254313139152667,0.0597721768482239,0.861836282548721,0.1127229094166115,0.8312616987764792,0.0532580670670344,0.8435870209839105,0.1232100420527216,6.8496856689453125
FLI1,random,1,26,0,478041929,0.7847831569881889,0.0292061999053481,0.7999376832698861,0.094820504699906,0.8629455278051181,0.0591874948051563,0.8216431351210289,0.1383334145100635,0.7981059301181102,0.0452814562432508,0.8077815552139664,0.1172271455777211,3.028688669204712
FLI1,random,1,26,1,1803118559,0.8046082984744094,0.0346500829676742,0.79069434216146,0.0900122458432462,0.8629455278051181,0.0591874948051563,0.8216431351210289,0.1383334145100635,0.8109668737696851,0.0330784296648097,0.7984371404098989,0.098984458932301,3.0309975147247314
FLI1,random,1,26,2,1919956581,0.7977837413877953,0.0371922703983962,0.7088484034093409,0.0520660036795429,0.8629455278051181,0.0591874948051563,0.8216431351210289,0.1383334145100635,0.8070549335629921,0.0402357779437416,0.7279622811560025,0.061769388195905,3.508830547332764
FLI1,random,1,26,3,91686643,0.8457494156003937,0.0494020229360152,0.80706588410815,0.1048335446792344,0.8629455278051181,0.0591874948051563,0.8216431351210289,0.1383334145100635,0.8441626168799212,0.0591545177553069,0.8144260440521226,0.1185603923485959,3.9819860458374015
FLI1,random,1,26,4,454267728,0.8450376783956692,0.0489393147308532,0.8071528313236156,0.1041458589304375,0.8629455278051181,0.0591874948051563,0.8216431351210289,0.1383334145100635,0.8441626168799212,0.0591545177553069,0.8144260440521226,0.1185603923485959,4.354950189590454
FLI1,random,2,26,0,507046160,0.8066763041338583,0.0483311794952598,0.7938739649246075,0.1047874992307765,0.8629455278051181,0.0591874948051563,0.8216431351210289,0.1383334145100635,0.7950204539862205,0.0432098479640346,0.7980761238480654,0.1159127859680431,3.743558645248413
FLI1,random,2,26,1,1765792134,0.7980236528051181,0.0331441650549045,0.7920275154308675,0.0996329738727733,0.8629455278051181,0.0591874948051563,0.8216431351210289,0.1383334145100635,0.7950204539862205,0.0432098479640346,0.7980761238480654,0.1159127859680431,2.7805981636047363
FLI1,random,2,26,2,1882622012,0.8587387733759844,0.0566761730096216,0.8202224849202864,0.155050606044032,0.8629455278051181,0.0591874948051563,0.8216431351210289,0.1383334145100635,0.849835752952756,0.0484357418293292,0.8283467241850684,0.1707012553684145,2.988411664962769
FLI1,random,2,26,3,120699050,0.8629758243110237,0.0613192426655593,0.8226560072231708,0.1241417571699471,0.8629455278051181,0.0591874948051563,0.8216431351210289,0.1383334145100635,0.8668825356791339,0.0591874948051563,0.8241556827819702,0.1383334145100635,3.272402286529541
FLI1,random,2,26,4,425012489,0.8306065452755906,0.0438193057846182,0.7979211786997855,0.0952409622791364,0.8629455278051181,0.0591874948051563,0.8216431351210289,0.1383334145100635,0.7981059301181102,0.0452814562432508,0.8077815552139664,0.1172271455777211,3.391951322555542
FLI1,random,4,26,0,448107938,0.8455537955216536,0.0705794866986994,0.8162702216292338,0.1308971838433598,0.8629455278051181,0.0591874948051563,0.8216431351210289,0.1383334145100635,0.8124304872047245,0.0454053373844945,0.8197961493985195,0.1489990529979752,3.876975059509277
FLI1,random,4,26,1,1840424244,0.8426519438976379,0.0464763504258017,0.8142732351350541,0.1398899417754638,0.8629455278051181,0.0591874948051563,0.8216431351210289,0.1383334145100635,0.8113445804625984,0.0350210120224479,0.8110341561074882,0.1285390107172907,4.100016355514526
FLI1,random,4,26,2,1958474894,0.8538041338582678,0.0621924686728908,0.8124124865692876,0.1206505354490406,0.8629455278051181,0.0591874948051563,0.8216431351210289,0.1383334145100635,0.8201857775590551,0.0408431667033391,0.8073024803986838,0.1269241955235129,3.0994699001312256
FLI1,random,4,26,3,62702616,0.8627412955216536,0.0583590484699475,0.8240955383211147,0.130461826435744,0.8629455278051181,0.0591874948051563,0.8216431351210289,0.1383334145100635,0.8698968073326772,0.0691006853756855,0.8239335038811468,0.1350654775829451,3.198637008666992
FLI1,random,4,26,4,500715963,0.8461918676181103,0.0549070169069517,0.8174366657432316,0.1278148971133732,0.8629455278051181,0.0591874948051563,0.8216431351210289,0.1383334145100635,0.8415817236712598,0.0583326908776823,0.8250809542076761,0.1414698899030745,4.587877988815308
FLI1,random,8,26,0,330263750,0.8651648622047243,0.0685122405624199,0.8286101264866625,0.1459477046617002,0.8629455278051181,0.0591874948051563,0.8216431351210289,0.1383334145100635,0.8629455278051181,0.0643138508198729,0.8216431351210289,0.1405261747265384,3.8933048248291016
FLI1,random,8,26,1,1688755280,0.8720258673720472,0.0700758399735055,0.8233952170351969,0.1294656024720283,0.8629455278051181,0.0591874948051563,0.8216431351210289,0.1383334145100635,0.8698968073326772,0.0691006853756855,0.8239335038811468,0.1350654775829451,4.659014701843262
FLI1,random,8,26,2,2107706858,0.8674595533956693,0.0607858690158642,0.8273892301864398,0.1570671090828639,0.8629455278051181,0.0591874948051563,0.8216431351210289,0.1383334145100635,0.8629455278051181,0.0643138508198729,0.8216431351210289,0.1405261747265384,4.41972279548645
FLI1,random,8,26,3,178666876,0.8511857160433071,0.0683528175582588,0.8218899045614174,0.1344880304264637,0.8629455278051181,0.0591874948051563,0.8216431351210289,0.1383334145100635,0.8286146653543307,0.0505731790903574,0.7496832890688786,0.0698977626564885,3.8771605491638175
FLI1,random,8,26,4,348301535,0.8592879552165353,0.0639981694490819,0.8185913670984664,0.1441361030525978,0.8629455278051181,0.0591874948051563,0.8216431351210289,0.1383334145100635,0.8124304872047245,0.0454053373844945,0.8197961493985195,0.1489990529979752,3.9857757091522217
FLI1,random,16,26,0,1510363229,0.8728721702755906,0.0707659704842345,0.8307995279285061,0.1467440347798915,0.8629455278051181,0.0591874948051563,0.8216431351210289,0.1383334145100635,0.8698968073326772,0.0691006853756855,0.8239335038811468,0.1350654775829451,6.031164407730103
FLI1,random,16,26,1,755065035,0.8708624507874017,0.06812640572129,0.8318471311555673,0.1420543890082136,0.8629455278051181,0.0591874948051563,0.8216431351210289,0.1383334145100635,0.8698968073326772,0.0691006853756855,0.8239335038811468,0.1350654775829451,7.181908130645752
FLI1,random,16,26,2,872952177,0.8751843934547244,0.0754091998187572,0.8334691786786055,0.1510241522393537,0.8629455278051181,0.0591874948051563,0.8216431351210289,0.1383334145100635,0.8668825356791339,0.0591874948051563,0.8241556827819702,0.1383334145100635,7.103341102600098
FLI1,random,16,26,3,1125056999,0.872931532972441,0.0726981902746482,0.8314890475697161,0.1474686817399061,0.8629455278051181,0.0591874948051563,0.8216431351210289,0.1383334145100635,0.8698968073326772,0.0691006853756855,0.8239335038811468,0.1350654775829451,7.205004692077637
FLI1,random,16,26,4,1567331396,0.8765537340059055,0.0786402090162875,0.8307002637335912,0.1464303612320709,0.8629455278051181,0.0591874948051563,0.8216431351210289,0.1383334145100635,0.8698968073326772,0.0691006853756855,0.8239335038811468,0.1350654775829451,5.79170560836792
FLI1,random,26,26,0,-1,0.8721412093996064,0.0753251831116376,0.8307406686799241,0.1469110824263817,0.8629455278051181,0.0591874948051563,0.8216431351210289,0.1383334145100635,0.8698968073326772,0.0691006853756855,0.8239335038811468,0.1350654775829451,8.222951650619507
FLI1,random,26,26,1,-1,0.8731440698818899,0.0730106530078773,0.8328481389248122,0.1503363401264981,0.8629455278051181,0.0591874948051563,0.8216431351210289,0.1383334145100635,0.8698968073326772,0.0691006853756855,0.8239335038811468,0.1350654775829451,7.485606670379639
FLI1,topk,1,26,0,-1,0.8598551304133859,0.049870123886886,0.8150907332619495,0.1166618123997107,0.8629455278051181,0.0591874948051563,0.8216431351210289,0.1383334145100635,0.8698968073326772,0.0691006853756855,0.8239335038811468,0.1350654775829451,3.8599720001220703
FLI1,topk,2,26,0,-1,0.8690814160925198,0.0545764595904671,0.8146025979172349,0.1225189415632032,0.8629455278051181,0.0591874948051563,0.8216431351210289,0.1383334145100635,0.8698968073326772,0.0691006853756855,0.8239335038811468,0.1350654775829451,2.8341283798217773
FLI1,topk,4,26,0,-1,0.8682446481299213,0.0730573788906251,0.8210263037861418,0.1311137228605765,0.8629455278051181,0.0591874948051563,0.8216431351210289,0.1383334145100635,0.8698968073326772,0.0691006853756855,0.8239335038811468,0.1350654775829451,3.205265998840332
FLI1,topk,8,26,0,-1,0.8713415046751969,0.0688432081821717,0.8271237719794012,0.1396217185691669,0.8629455278051181,0.0591874948051563,0.8216431351210289,0.1383334145100635,0.8698968073326772,0.0691006853756855,0.8239335038811468,0.1350654775829451,4.447160959243774
FLI1,topk,16,26,0,-1,0.8753048105314961,0.075352804163671,0.8294570716055824,0.1380941288879875,0.8629455278051181,0.0591874948051563,0.8216431351210289,0.1383334145100635,0.8698968073326772,0.0691006853756855,0.8239335038811468,0.1350654775829451,5.393648147583008
IRF4,random,1,18,0,1258921939,0.7714724808501617,0.2132341454197581,0.8130839698810232,0.2630433241353109,0.7562861700388561,0.207011413679689,0.8137289436237165,0.2707132801328422,0.7735398083037314,0.2380521605687517,0.8105318758089138,0.2717021298291101,9.351696252822876
IRF4,random,1,18,1,1007595333,0.7656526666948199,0.2127940661370735,0.8072881449191762,0.2375073027692253,0.7562861700388561,0.207011413679689,0.8137289436237165,0.2707132801328422,0.7734744736366996,0.2203772279727837,0.8097942916232548,0.2453126908454876,8.648298501968384
IRF4,random,1,18,2,621281023,0.7408915604300232,0.1492263266441697,0.7900550393836758,0.1616700793696745,0.7562861700388561,0.207011413679689,0.8137289436237165,0.2707132801328422,0.7462319666172321,0.1514586770476818,0.7885222286889639,0.1662440219897457,8.317290306091309
IRF4,random,1,18,3,1375784553,0.7460226877996994,0.1700501658666871,0.8001357355908656,0.2049265503904508,0.7562861700388561,0.207011413679689,0.8137289436237165,0.2707132801328422,0.7533218174053256,0.1873522839372342,0.7996972686695698,0.2155081962597509,7.957914113998413
IRF4,random,1,18,4,1281645514,0.7455872718407011,0.1843139553873508,0.799126088876991,0.189569972353148,0.7562861700388561,0.207011413679689,0.8137289436237165,0.2707132801328422,0.7475875025710677,0.1957480560962281,0.8019573086415467,0.2096853106769966,9.524479389190674
IRF4,random,2,18,0,1229922698,0.7769330335303649,0.2382584898559907,0.825642938292563,0.2614862737505423,0.7562861700388561,0.207011413679689,0.8137289436237165,0.2707132801328422,0.7807755038871851,0.2523448614724273,0.824101437596297,0.2874325634060253,8.598750352859497
IRF4,random,2,18,1,1044910364,0.7750406247989845,0.2348640011873752,0.8135814090208104,0.2863389618060665,0.7562861700388561,0.207011413679689,0.8137289436237165,0.2707132801328422,0.7735398083037314,0.2380521605687517,0.8105318758089138,0.2717021298291101,8.565139293670654
IRF4,random,2,18,2,658587814,0.7524833162483179,0.2016340359609618,0.8130152493284284,0.2524852835675415,0.7562861700388561,0.207011413679689,0.8137289436237165,0.2707132801328422,0.7500974426962009,0.2147464004338306,0.8081290979930664,0.2616988384145357,7.675280094146728
IRF4,random,2,18,3,1346793520,0.757568580661576,0.18775011608187,0.807714396601722,0.2592595268300076,0.7562861700388561,0.207011413679689,0.8137289436237165,0.2707132801328422,0.7562861700388561,0.207011413679689,0.8137289436237165,0.2707132801328422,6.583080768585205
IRF4,random,2,18,4,1310909843,0.7539087998926453,0.2149127132328604,0.811949739406548,0.2694687510526259,0.7562861700388561,0.207011413679689,0.8137289436237165,0.2707132801328422,0.7562861700388561,0.207011413679689,0.8137289436237165,0.2707132801328422,7.371869325637817
IRF4,random,4,18,0,1304583480,0.7744307157830519,0.2410509671118541,0.8248446763740886,0.26099325820607,0.7562861700388561,0.207011413679689,0.8137289436237165,0.2707132801328422,0.7466215691157723,0.2045341136287059,0.7909962777149885,0.2469042181067031,11.849344730377195
IRF4,random,4,18,1,986017198,0.7697713146085364,0.2355179376940001,0.8127488464682808,0.2755966173193243,0.7562861700388561,0.207011413679689,0.8137289436237165,0.2707132801328422,0.7734744736366996,0.2052121329479522,0.8097942916232548,0.2678921238309327,11.010187149047852
IRF4,random,4,18,2,600587284,0.7732676993147363,0.2447814046200834,0.8206191022071081,0.2877123398388148,0.7562861700388561,0.207011413679689,0.8137289436237165,0.2707132801328422,0.7500974426962009,0.2147464004338306,0.8081290979930664,0.2616988384145357,11.838945388793944
IRF4,random,4,18,3,1422593154,0.8418044381760121,0.2669154124544655,0.8594162105684834,0.2855182596329801,0.7562861700388561,0.207011413679689,0.8137289436237165,0.2707132801328422,0.7544975444361364,0.2038039880640303,0.8053885750437977,0.2457518066326102,11.669480085372925
IRF4,random,4,18,4,1253021985,0.7638786127026866,0.2284456053365243,0.8072518849740229,0.2621129294091902,0.7562861700388561,0.207011413679689,0.8137289436237165,0.2707132801328422,0.7562992369722625,0.2147464004338306,0.8066621754789475,0.2616988384145357,10.673390865325928
IRF4,random,8,18,0,1155048540,0.847215049432704,0.2915433707061391,0.8662601400694245,0.3058901105617003,0.7562861700388561,0.207011413679689,0.8137289436237165,0.2707132801328422,0.7734744736366996,0.2380521605687517,0.8097942916232548,0.2717021298291101,11.54709243774414
IRF4,random,8,18,1,870290634,0.7999917064569637,0.2745626158916678,0.835866179458075,0.2898859639855509,0.7562861700388561,0.207011413679689,0.8137289436237165,0.2707132801328422,0.7807755038871851,0.2523448614724273,0.824101437596297,0.2874325634060253,10.271636486053469
IRF4,random,8,18,2,718718320,0.788842454419121,0.2602430285387861,0.8334987707607031,0.2958605050547924,0.7562861700388561,0.207011413679689,0.8137289436237165,0.2707132801328422,0.7807755038871851,0.2523448614724273,0.824101437596297,0.2874325634060253,11.624517917633057
IRF4,random,8,18,3,1574041062,0.8519416463223423,0.3048259603365096,0.8675721424945035,0.3256299649060189,0.7562861700388561,0.207011413679689,0.8137289436237165,0.2707132801328422,0.7669814352335564,0.240497162102572,0.814691150644527,0.2918606343501356,9.813269138336182
IRF4,random,8,18,4,1135960133,0.7862759899078133,0.265136204523806,0.8321434883716916,0.2995623343615315,0.7562861700388561,0.207011413679689,0.8137289436237165,0.2707132801328422,0.7735398083037314,0.2380521605687517,0.8105318758089138,0.2717021298291101,15.025614500045776
IRF4,random,16,18,0,1242258895,0.8530861513016654,0.3091550930476501,0.869622437198242,0.3309748234646551,0.7562861700388561,0.207011413679689,0.8137289436237165,0.2707132801328422,0.7807755038871851,0.2523448614724273,0.824101437596297,0.2874325634060253,25.475486516952515
IRF4,random,16,18,1,1024224601,0.8537795402035191,0.3115009026272142,0.8697899963666453,0.3202752707915719,0.7562861700388561,0.207011413679689,0.8137289436237165,0.2707132801328422,0.7807755038871851,0.2523448614724273,0.824101437596297,0.2874325634060253,32.75633382797241
IRF4,random,16,18,2,604323043,0.8515350271127979,0.3077903712318524,0.8701903176327542,0.3280209791765887,0.7562861700388561,0.207011413679689,0.8137289436237165,0.2707132801328422,0.7807755038871851,0.2523448614724273,0.824101437596297,0.2874325634060253,31.44975447654724
IRF4,random,16,18,3,1392643189,0.8532710187117892,0.3096047650464446,0.869643020116643,0.3292293485143047,0.7562861700388561,0.207011413679689,0.8137289436237165,0.2707132801328422,0.7807755038871851,0.2523448614724273,0.824101437596297,0.2874325634060253,29.593901872634888
IRF4,random,16,18,4,1298569686,0.8556000907003566,0.3103839853095128,0.8698994005421709,0.3269584184793021,0.7562861700388561,0.207011413679689,0.8137289436237165,0.2707132801328422,0.7807755038871851,0.2523448614724273,0.824101437596297,0.2874325634060253,21.021886110305783
IRF4,random,18,18,0,-1,0.8537915776209599,0.311165316072148,0.8708842538491581,0.3318961605430425,0.7562861700388561,0.207011413679689,0.8137289436237165,0.2707132801328422,0.7807755038871851,0.2523448614724273,0.824101437596297,0.2874325634060253,21.74011754989624
IRF4,random,18,18,1,-1,0.8502483895351047,0.3045920089219717,0.8698709549997,0.3267178787564981,0.7562861700388561,0.207011413679689,0.8137289436237165,0.2707132801328422,0.7807755038871851,0.2523448614724273,0.824101437596297,0.2874325634060253,18.25875949859619
IRF4,topk,1,18,0,-1,0.775288441170874,0.2227912506247069,0.8260624034493622,0.2647797081993759,0.7562861700388561,0.207011413679689,0.8137289436237165,0.2707132801328422,0.7807755038871851,0.2523448614724273,0.824101437596297,0.2874325634060253,10.999452114105225
IRF4,topk,2,18,0,-1,0.7816545620337122,0.242595660324882,0.8232224353099941,0.274317134488468,0.7562861700388561,0.207011413679689,0.8137289436237165,0.2707132801328422,0.7807755038871851,0.2523448614724273,0.824101437596297,0.2874325634060253,9.889184713363647
IRF4,topk,4,18,0,-1,0.7875133691062413,0.2447446782052653,0.8240114970953974,0.2765636724007962,0.7562861700388561,0.207011413679689,0.8137289436237165,0.2707132801328422,0.7807755038871851,0.2523448614724273,0.824101437596297,0.2874325634060253,12.00119423866272
IRF4,topk,8,18,0,-1,0.7905018361714218,0.2752112984212361,0.831950448007142,0.2973949655638411,0.7562861700388561,0.207011413679689,0.8137289436237165,0.2707132801328422,0.7807755038871851,0.2523448614724273,0.824101437596297,0.2874325634060253,10.907757759094238
IRF4,topk,16,18,0,-1,0.8017013563061111,0.2833230387243465,0.8396160623308635,0.3037978299695743,0.7562861700388561,0.207011413679689,0.8137289436237165,0.2707132801328422,0.7807755038871851,0.2523448614724273,0.824101437596297,0.2874325634060253,17.978079795837402
SRF,random,1,25,0,951565972,0.7751791714481657,0.1534434879232423,0.7473059362083797,0.053483123687977,0.7726668020245329,0.2687609775103449,0.7768163819964249,0.1031616904712961,0.7634064066743648,0.1777330029646585,0.7641452416932871,0.0784845607417773,7.628478288650513
SRF,random,1,25,1,1336970754,0.8039582421179429,0.2904913515936738,0.776148903326848,0.1354269816386405,0.7726668020245329,0.2687609775103449,0.7768163819964249,0.1031616904712961,0.777333444055643,0.2952974773184058,0.7953376405896462,0.1386646050822866,11.272151708602903
SRF,random,1,25,2,1455022008,0.775483977448292,0.1512060375065535,0.7479568156700473,0.0538686025488034,0.7726668020245329,0.2687609775103449,0.7768163819964249,0.1031616904712961,0.7634064066743648,0.1777330029646585,0.7641452416932871,0.0784845607417773,10.020825147628784
SRF,random,1,25,3,566161198,0.7391157380924664,0.1207916380280743,0.7019817196327811,0.0432583202266692,0.7726668020245329,0.2687609775103449,0.7768163819964249,0.1031616904712961,0.7302718850755301,0.147743503234163,0.7301359519227668,0.0686619218843349,10.82060480117798
SRF,random,1,25,4,1071282829,0.7602319576523046,0.1227740125599448,0.7226333039874862,0.0519793492513128,0.7726668020245329,0.2687609775103449,0.7768163819964249,0.1031616904712961,0.7154569113434971,0.1435549964009141,0.743090337158313,0.0796012925520723,10.269396305084229
SRF,random,2,25,0,988872909,0.7984618938592349,0.2426164162955066,0.748980074811801,0.096400691724268,0.7726668020245329,0.2687609775103449,0.7768163819964249,0.1031616904712961,0.7679894168528899,0.1435549964009141,0.7340393588563883,0.0796012925520723,10.481661081314089
SRF,random,2,25,1,1307979867,0.7963215097336276,0.283645042327565,0.7987228735250431,0.1183348413281013,0.7726668020245329,0.2687609775103449,0.7768163819964249,0.1031616904712961,0.7887761132227518,0.236772031326088,0.7888864051816906,0.1105118963587295,10.717928886413574
SRF,random,2,25,2,1426022881,0.7902009292435933,0.2713964231878893,0.7735011091657757,0.0982056494284565,0.7726668020245329,0.2687609775103449,0.7768163819964249,0.1031616904712961,0.782960433152096,0.2608140376635002,0.750277635423253,0.0940345363494275,8.600465297698975
SRF,random,2,25,3,603476343,0.7987746605825576,0.2841120193957724,0.7797072019676606,0.1160189052297813,0.7726668020245329,0.2687609775103449,0.7768163819964249,0.1031616904712961,0.8026269542675513,0.2879009742054766,0.7946687507227976,0.0989116310201141,8.949461221694946
SRF,random,2,25,4,1033684180,0.7878948275280698,0.2453757661074571,0.7822767099600823,0.0988869646231927,0.7726668020245329,0.2687609775103449,0.7768163819964249,0.1031616904712961,0.7700530174722944,0.2264321820895179,0.7942947305258834,0.1142796341253772,9.99223494529724
SRF,random,4,25,0,1048345727,0.815873934034674,0.3098150681849867,0.8014001969890272,0.129730360792533,0.7726668020245329,0.2687609775103449,0.7768163819964249,0.1031616904712961,0.7887761132227518,0.2952974773184058,0.7888864051816906,0.1386646050822866,14.457055568695068
SRF,random,4,25,1,1232817385,0.827560154712082,0.2821535368438488,0.7805990257235156,0.1062035021641115,0.7726668020245329,0.2687609775103449,0.7768163819964249,0.1031616904712961,0.7700530174722944,0.2264321820895179,0.7942947305258834,0.1142796341253772,13.415628671646118
SRF,random,4,25,2,1349655891,0.8385495377038676,0.2846416256952991,0.8083857116840713,0.1417995355230075,0.7726668020245329,0.2687609775103449,0.7768163819964249,0.1031616904712961,0.7994406290739325,0.1923321229716464,0.7544998141805992,0.0784271885824111,14.414139032363892
SRF,random,4,25,3,661990853,0.8540787075109085,0.3414829555335787,0.8180703881208801,0.1470579541608684,0.7726668020245329,0.2687609775103449,0.7768163819964249,0.1031616904712961,0.7994406290739325,0.30222088179083,0.7544998141805992,0.1274213854165008,13.65519118309021
SRF,random,4,25,4,957462630,0.8021386119942688,0.3185422370649906,0.7781768820061975,0.1346049375984418,0.7726668020245329,0.2687609775103449,0.7768163819964249,0.1031616904712961,0.782960433152096,0.3026321705634941,0.750277635423253,0.1325091953411625,15.480365753173828
SRF,random,8,25,0,929465627,0.8373270650909683,0.3238582100749973,0.7857910321659134,0.1357534611555738,0.7726668020245329,0.2687609775103449,0.7768163819964249,0.1031616904712961,0.7726668020245329,0.3026321705634941,0.7768163819964249,0.1325091953411625,13.578054428100586
SRF,random,8,25,1,1080145293,0.8573430584140165,0.3385674529219707,0.8192666247682197,0.1219988835401257,0.7726668020245329,0.2687609775103449,0.7768163819964249,0.1031616904712961,0.7994406290739325,0.2687609775103449,0.7544998141805992,0.1031616904712961,16.588387966156006
SRF,random,8,25,2,1500046391,0.8641227147900193,0.3457365792709643,0.8303674905871377,0.144960505550459,0.7726668020245329,0.2687609775103449,0.7768163819964249,0.1031616904712961,0.7994406290739325,0.2952974773184058,0.7544998141805992,0.1386646050822866,22.61708950996399
SRF,random,8,25,3,779080865,0.8558100202266102,0.3446165091714374,0.8215995278980648,0.1516784642182809,0.7726668020245329,0.2687609775103449,0.7768163819964249,0.1031616904712961,0.7994406290739325,0.3026321705634941,0.7544998141805992,0.1325091953411625,20.150270700454712
SRF,random,8,25,4,806043906,0.8294804505115476,0.3677764492985409,0.8007905950475583,0.1568234325721966,0.7726668020245329,0.2687609775103449,0.7768163819964249,0.1031616904712961,0.7887761132227518,0.3507017813076499,0.7888864051816906,0.1548696401017915,24.684160709381104
SRF,random,16,25,0,583022557,0.8650748119732062,0.3739964294549488,0.8247247830160715,0.1512236621641847,0.7726668020245329,0.2687609775103449,0.7768163819964249,0.1031616904712961,0.7994406290739325,0.3507017813076499,0.7544998141805992,0.1548696401017915,37.23669099807739
SRF,random,16,25,1,1439106891,0.8640610354135575,0.3615482976506055,0.8236158465599562,0.1541744431712815,0.7726668020245329,0.2687609775103449,0.7768163819964249,0.1031616904712961,0.7994406290739325,0.3507017813076499,0.7544998141805992,0.1548696401017915,33.22022223472595
SRF,random,16,25,2,1288591089,0.8578620751418387,0.3458869544378326,0.8238372634118954,0.1408605545080207,0.7726668020245329,0.2687609775103449,0.7768163819964249,0.1031616904712961,0.7994406290739325,0.3026321705634941,0.7544998141805992,0.1325091953411625,26.12553739547729
SRF,random,16,25,3,1003054695,0.8434010555812737,0.3697643971113514,0.8132494736410576,0.1477047270394994,0.7726668020245329,0.2687609775103449,0.7768163819964249,0.1031616904712961,0.8026269542675513,0.3507017813076499,0.7946687507227976,0.1548696401017915,25.57935357093811
SRF,random,16,25,4,632157124,0.8635057085820833,0.3751976695530823,0.8305231280062471,0.1718525131451,0.7726668020245329,0.2687609775103449,0.7768163819964249,0.1031616904712961,0.7994406290739325,0.3507017813076499,0.7544998141805992,0.1548696401017915,24.26345658302307
SRF,random,25,25,0,-1,0.8677825259777164,0.3651732554959572,0.8296138583241202,0.1666779484888262,0.7726668020245329,0.2687609775103449,0.7768163819964249,0.1031616904712961,0.7994406290739325,0.3507017813076499,0.7544998141805992,0.1548696401017915,25.549841165542603
SRF,random,25,25,1,-1,0.8667156887489653,0.3745176808055342,0.8297136652511653,0.1606224885748965,0.7726668020245329,0.2687609775103449,0.7768163819964249,0.1031616904712961,0.7994406290739325,0.3507017813076499,0.7544998141805992,0.1548696401017915,20.789870738983154
SRF,topk,1,25,0,-1,0.7923508851208868,0.1211179421148506,0.7499622151930485,0.0588129523954678,0.7726668020245329,0.2687609775103449,0.7768163819964249,0.1031616904712961,0.7994406290739325,0.1340447533878136,0.7544998141805992,0.0608849660583573,10.333486795425417
SRF,topk,2,25,0,-1,0.852074779858858,0.319373479030589,0.812141119303817,0.1314044072051562,0.7726668020245329,0.2687609775103449,0.7768163819964249,0.1031616904712961,0.7994406290739325,0.2879009742054766,0.7544998141805992,0.0989116310201141,8.770320415496826
SRF,topk,4,25,0,-1,0.8525755707204152,0.3319066801346439,0.8247148869952032,0.1503543998089004,0.7726668020245329,0.2687609775103449,0.7768163819964249,0.1031616904712961,0.7994406290739325,0.2879009742054766,0.7544998141805992,0.0989116310201141,14.263535022735596
SRF,topk,8,25,0,-1,0.8505843188529647,0.3486919053389491,0.8288743380338197,0.1487736924235347,0.7726668020245329,0.2687609775103449,0.7768163819964249,0.1031616904712961,0.7994406290739325,0.2952974773184058,0.7544998141805992,0.1386646050822866,14.552268028259276
SRF,topk,16,25,0,-1,0.8588768431036349,0.378108523007665,0.8293135026247915,0.1583307108905673,0.7726668020245329,0.2687609775103449,0.7768163819964249,0.1031616904712961,0.7994406290739325,0.3507017813076499,0.7544998141805992,0.1548696401017915,22.3426525592804
USF2,random,1,18,0,1227507107,0.976847940664704,0.6196140973232791,0.9804665532441832,0.3390154611167933,0.9759833901717894,0.6224121685542724,0.9793799627046236,0.341024724999097,0.976167812326959,0.6442572174402794,0.980855002422218,0.3728265350008178,4.597228288650513
USF2,random,1,18,1,1043166517,0.9671304916397871,0.579785548857655,0.9779516652134244,0.3341386605428007,0.9759833901717894,0.6224121685542724,0.9793799627046236,0.341024724999097,0.9698673158029124,0.6003303051268775,0.9773233712328788,0.3423117425506868,5.129439830780029
USF2,random,1,18,2,656680079,0.9634052446525784,0.51636031628061,0.9757443915644842,0.2938852632313715,0.9759833901717894,0.6224121685542724,0.9793799627046236,0.341024724999097,0.9673645432746448,0.5783628719548256,0.977380386110737,0.3364053741854768,5.620404481887817
USF2,random,1,18,3,1344476185,0.9670327971552704,0.5794700413211483,0.9775919728105188,0.3341038663221555,0.9759833901717894,0.6224121685542724,0.9793799627046236,0.341024724999097,0.9698673158029124,0.6003303051268775,0.9773233712328788,0.3423117425506868,5.476100921630859
USF2,random,1,18,4,1313309114,0.972135990226772,0.6198784330356344,0.9795236468457906,0.348370695525152,0.9759833901717894,0.6224121685542724,0.9793799627046236,0.341024724999097,0.9729936942059472,0.6231738330267292,0.9801517081125488,0.3558888894498117,6.939995050430298
USF2,random,2,18,0,1265433594,0.9724459731067702,0.579254084785301,0.9797094189376097,0.3444955475550834,0.9759833901717894,0.6224121685542724,0.9793799627046236,0.341024724999097,0.974664321007688,0.6140008382616144,0.9787573369670372,0.3234926029641003,5.051534652709961
USF2,random,2,18,1,1013697388,0.9735528623043406,0.5892087832603395,0.9799294996906236,0.3584422267298368,0.9759833901717894,0.6224121685542724,0.9793799627046236,0.341024724999097,0.9729936942059472,0.6231738330267292,0.9801517081125488,0.3558888894498117,4.563567638397217
USF2,random,2,18,2,627219158,0.976168137613811,0.5945804162433305,0.9813733058934966,0.3745641274222134,0.9759833901717894,0.6224121685542724,0.9793799627046236,0.341024724999097,0.9759833901717894,0.6224121685542724,0.9793799627046236,0.341024724999097,4.977691411972046
USF2,random,2,18,3,1382394432,0.9761929058841046,0.6014077084661258,0.980925198873878,0.3737928384614565,0.9759833901717894,0.6224121685542724,0.9793799627046236,0.341024724999097,0.9759833901717894,0.6224121685542724,0.9793799627046236,0.341024724999097,5.043016672134399
USF2,random,2,18,4,1275150307,0.9767328975480868,0.578967493363341,0.9811287901928294,0.3625358618461915,0.9759833901717894,0.6224121685542724,0.9793799627046236,0.341024724999097,0.9759833901717894,0.6224121685542724,0.9793799627046236,0.341024724999097,4.8337790966033936
USF2,random,4,18,0,1340180296,0.9758301645747004,0.6447244137045529,0.9815184694294536,0.3485242995133276,0.9759833901717894,0.6224121685542724,0.9793799627046236,0.341024724999097,0.9768859062872745,0.6500021306181215,0.9816032936048787,0.3539882416385283,7.145349740982056
USF2,random,4,18,1,954644446,0.9765202373962032,0.6208907757935905,0.981951283828772,0.3510930347266902,0.9759833901717894,0.6224121685542724,0.9793799627046236,0.341024724999097,0.9768859062872745,0.6500021306181215,0.9816032936048787,0.3539882416385283,7.600281476974487
USF2,random,4,18,2,569370212,0.9779046117682834,0.5774685100294015,0.9795186767441932,0.3374103296568124,0.9759833901717894,0.6224121685542724,0.9793799627046236,0.341024724999097,0.9760589341706774,0.642841087496434,0.9775948817328588,0.3364579386759939,7.724975824356079
USF2,random,4,18,3,1458099954,0.9781098213022738,0.6065911979408432,0.9807027411157524,0.3437267721202926,0.9759833901717894,0.6224121685542724,0.9793799627046236,0.341024724999097,0.9760523819640894,0.6204554518851176,0.9788413466442072,0.3405968359058498,5.908209562301636
USF2,random,4,18,4,1217151825,0.974948838574138,0.5888513184355223,0.9804079259922284,0.3346564547897536,0.9759833901717894,0.6224121685542724,0.9793799627046236,0.341024724999097,0.9732059516217284,0.6162594568053354,0.978990948364534,0.3395713439083963,5.658189058303833
USF2,random,8,18,0,1190886956,0.9797687687570468,0.6495354248833605,0.9808355874434024,0.3309136297671118,0.9759833901717894,0.6224121685542724,0.9793799627046236,0.341024724999097,0.9760523819640894,0.6500021306181215,0.9788413466442072,0.3539882416385283,5.346764326095581
USF2,random,8,18,1,838618810,0.9788590808409698,0.6200081258299696,0.9817815024986146,0.368006425210385,0.9759833901717894,0.6224121685542724,0.9793799627046236,0.341024724999097,0.9759833901717894,0.6500021306181215,0.9793799627046236,0.3539882416385283,4.8201751708984375
USF2,random,8,18,2,687152896,0.979534376345487,0.6418681527593578,0.9814651613497772,0.3440096594222979,0.9759833901717894,0.6224121685542724,0.9793799627046236,0.341024724999097,0.9760523819640894,0.6500021306181215,0.9788413466442072,0.3539882416385283,6.230881452560425
USF2,random,8,18,3,1609707414,0.977983129818389,0.624644056704433,0.9813464274510778,0.3562019921269171,0.9759833901717894,0.6224121685542724,0.9793799627046236,0.341024724999097,0.9759833901717894,0.6224121685542724,0.9793799627046236,0.341024724999097,6.653836727142334
USF2,random,8,18,4,1100397109,0.9782388362636724,0.6127159772953953,0.9806670527942478,0.3450232532840135,0.9759833901717894,0.6224121685542724,0.9793799627046236,0.341024724999097,0.9760523819640894,0.6204554518851176,0.9788413466442072,0.3405968359058498,6.947733640670776
USF2,random,16,18,0,436997929,0.9804436925051616,0.6124730077987229,0.982184895226269,0.356452917196964,0.9759833901717894,0.6224121685542724,0.9793799627046236,0.341024724999097,0.9759833901717894,0.6500021306181215,0.9793799627046236,0.3539882416385283,9.90473699569702
USF2,random,16,18,1,1829453759,0.9807139129399792,0.6142387313374917,0.9814519132863216,0.3604817925548138,0.9759833901717894,0.6224121685542724,0.9793799627046236,0.341024724999097,0.9760523819640894,0.6500021306181215,0.9788413466442072,0.3539882416385283,11.50213360786438
USF2,random,16,18,2,1946316293,0.9792738060872755,0.6365964406043318,0.9817792584728096,0.3482664682243704,0.9759833901717894,0.6224121685542724,0.9793799627046236,0.341024724999097,0.9759833901717894,0.6500021306181215,0.9793799627046236,0.3539882416385283,12.46564269065857
USF2,random,16,18,3,50683539,0.980496543873668,0.6511745595266938,0.981668686179075,0.3414390663114973,0.9759833901717894,0.6224121685542724,0.9793799627046236,0.341024724999097,0.9759833901717894,0.6500021306181215,0.9793799627046236,0.3539882416385283,16.362757205963135
USF2,random,16,18,4,492948272,0.9793273235193362,0.6251269713282606,0.9818274800939952,0.3424917656120808,0.9759833901717894,0.6224121685542724,0.9793799627046236,0.341024724999097,0.9759833901717894,0.6500021306181215,0.9793799627046236,0.3539882416385283,12.126810550689695
USF2,random,18,18,0,-1,0.980175857507258,0.6353991153596191,0.9813329134290084,0.3534229700543765,0.9759833901717894,0.6224121685542724,0.9793799627046236,0.341024724999097,0.9759833901717894,0.6500021306181215,0.9793799627046236,0.3539882416385283,11.764918565750122
USF2,random,18,18,1,-1,0.9788179862686816,0.621376267897385,0.9815948494188872,0.3539958775817276,0.9759833901717894,0.6224121685542724,0.9793799627046236,0.341024724999097,0.9759833901717894,0.6500021306181215,0.9793799627046236,0.3539882416385283,11.607691287994385
USF2,topk,1,18,0,-1,0.9757311224732258,0.5432133744022222,0.9808789386974704,0.3737350040656042,0.9759833901717894,0.6224121685542724,0.9793799627046236,0.341024724999097,0.9759833901717894,0.6224121685542724,0.9793799627046236,0.341024724999097,7.118365049362183
USF2,topk,2,18,0,-1,0.9768556700998988,0.5647964332669493,0.9809763460398164,0.3642222562825271,0.9759833901717894,0.6224121685542724,0.9793799627046236,0.341024724999097,0.9759833901717894,0.6224121685542724,0.9793799627046236,0.341024724999097,7.76782751083374
USF2,topk,4,18,0,-1,0.9786866478297698,0.5961870535775433,0.9809754982967346,0.3608540346906511,0.9759833901717894,0.6224121685542724,0.9793799627046236,0.341024724999097,0.9759833901717894,0.6224121685542724,0.9793799627046236,0.341024724999097,7.573978900909424
USF2,topk,8,18,0,-1,0.9794537826554696,0.6465625022753876,0.981362983374794,0.3601527631855605,0.9759833901717894,0.6224121685542724,0.9793799627046236,0.341024724999097,0.9759833901717894,0.6500021306181215,0.9793799627046236,0.3539882416385283,6.07948899269104
USF2,topk,16,18,0,-1,0.9805268884899944,0.6295737416812075,0.9810594913514912,0.3761015995623342,0.9759833901717894,0.6224121685542724,0.9793799627046236,0.341024724999097,0.9759833901717894,0.6500021306181215,0.9793799627046236,0.3539882416385283,12.39998459815979
IRF1,random,1,16,0,65605795,0.8219566375085596,0.3479291179100407,0.7920305588803681,0.1901848395757899,0.810201749573414,0.4029052673239741,0.7887875503046469,0.2230244493033893,0.814802039523598,0.3693307945973194,0.7901904994279731,0.2136649464210223,8.0850350856781
IRF1,random,1,16,1,1961762869,0.8140810455776727,0.3444815170537624,0.7896559430873588,0.2037007961345719,0.810201749573414,0.4029052673239741,0.7887875503046469,0.2230244493033893,0.8127236899129127,0.3547324443063446,0.78781010985796,0.213918385652251,8.29761266708374
IRF1,random,1,16,2,1843884431,0.8303411426785839,0.3735698122580401,0.795049590154292,0.1741341767524833,0.810201749573414,0.4029052673239741,0.7887875503046469,0.2230244493033893,0.8129883069662195,0.3821976680071581,0.78912845396783,0.2113880989271556,8.488057136535645
IRF1,random,1,16,3,450904345,0.8169385900992907,0.388115936508383,0.7897636579629453,0.2136437291668379,0.810201749573414,0.4029052673239741,0.7887875503046469,0.2230244493033893,0.810201749573414,0.4029052673239741,0.7887875503046469,0.2230244493033893,8.515244245529175
IRF1,random,1,16,4,75814074,0.8140117437000416,0.3387651990336486,0.79441520255354,0.2019264877349356,0.810201749573414,0.4029052673239741,0.7887875503046469,0.2230244493033893,0.8127236899129127,0.3547324443063446,0.78781010985796,0.213918385652251,8.702977180480957
IRF1,random,2,16,0,28290810,0.8201166041601567,0.403697506243007,0.7950595786901477,0.2328298441918332,0.810201749573414,0.4029052673239741,0.7887875503046469,0.2230244493033893,0.810201749573414,0.4029052673239741,0.7887875503046469,0.2230244493033893,8.83959150314331
IRF1,random,2,16,1,1990762092,0.8437099032535351,0.4271867020474183,0.7987897238808688,0.2359751012928699,0.810201749573414,0.4029052673239741,0.7887875503046469,0.2230244493033893,0.8104987995575292,0.4330525595302562,0.791052661056116,0.2366456740457384,9.085940837860107
IRF1,random,2,16,2,1872875478,0.8319187334913338,0.3936172925186041,0.7956636662567252,0.2142954074851846,0.810201749573414,0.4029052673239741,0.7887875503046469,0.2230244493033893,0.8052962878156775,0.3575886644231628,0.7875345423340412,0.1942411517778202,7.843556880950928
IRF1,random,2,16,3,413597504,0.8125898592239016,0.3929790228124302,0.7960534207946779,0.2063388055803836,0.810201749573414,0.4029052673239741,0.7887875503046469,0.2230244493033893,0.81248681970487,0.3946426279362019,0.7938969593460787,0.2180542697428044,7.582324981689453
IRF1,random,2,16,4,113404643,0.8240145466532978,0.409327238566704,0.7946128732682899,0.215426224905475,0.810201749573414,0.4029052673239741,0.7887875503046469,0.2230244493033893,0.8129883069662195,0.3821976680071581,0.78912845396783,0.2113880989271556,6.711099147796631
IRF1,random,4,16,0,86168136,0.836320131184301,0.4109264761595174,0.7955002300068169,0.2050032244548208,0.810201749573414,0.4029052673239741,0.7887875503046469,0.2230244493033893,0.814802039523598,0.3946426279362019,0.7901904994279731,0.2180542697428044,8.777875423431396
IRF1,random,4,16,1,1915085534,0.8255217374570016,0.4301462254985578,0.7979172540443784,0.2124078042761223,0.810201749573414,0.4029052673239741,0.7887875503046469,0.2230244493033893,0.810201749573414,0.423044821435277,0.7887875503046469,0.2279944631807651,8.844372510910034
IRF1,random,4,16,2,1798091620,0.8401806067382649,0.4640916415713454,0.7989327404356154,0.24042667921482,0.810201749573414,0.4029052673239741,0.7887875503046469,0.2230244493033893,0.8104987995575292,0.4330525595302562,0.791052661056116,0.2366456740457384,8.900676488876343
IRF1,random,4,16,3,472613874,0.8342727684501844,0.4244781795888515,0.7945282485826805,0.2210155314873115,0.810201749573414,0.4029052673239741,0.7887875503046469,0.2230244493033893,0.810201749573414,0.4029052673239741,0.7887875503046469,0.2230244493033893,9.147379636764526
IRF1,random,4,16,4,38737489,0.8315864998115781,0.3994152076663501,0.8012216397385051,0.2305665285272182,0.810201749573414,0.4029052673239741,0.7887875503046469,0.2230244493033893,0.8129883069662195,0.3881970392536142,0.78912845396783,0.2065378793547711,9.401323556900024
IRF1,random,8,16,0,205007660,0.8434694777091283,0.4610084314005823,0.8031955632763075,0.2404797726885161,0.810201749573414,0.4029052673239741,0.7887875503046469,0.2230244493033893,0.8170214392219054,0.4330525595302562,0.7931896077286067,0.2366456740457384,10.006364345550535
IRF1,random,8,16,1,2067733434,0.8403020100588837,0.4501449440465377,0.8040388986537087,0.2211181882703959,0.810201749573414,0.4029052673239741,0.7887875503046469,0.2230244493033893,0.8205354597506569,0.423044821435277,0.791121720150399,0.2279944631807651,11.092746019363403
IRF1,random,8,16,2,1647725056,0.8414534280292282,0.4485116146606218,0.7994670803825432,0.2438752259224132,0.810201749573414,0.4029052673239741,0.7887875503046469,0.2230244493033893,0.810201749573414,0.423044821435277,0.7887875503046469,0.2279944631807651,12.548017024993896
IRF1,random,8,16,3,355564182,0.8370969993613441,0.4471546925743943,0.80194264874843,0.2191160456091832,0.810201749573414,0.4029052673239741,0.7887875503046469,0.2230244493033893,0.8205354597506569,0.423044821435277,0.791121720150399,0.2279944631807651,13.25458812713623
IRF1,random,8,16,4,190181173,0.8306129900030901,0.4433261519222366,0.7949733851503098,0.2348813046370408,0.810201749573414,0.4029052673239741,0.7887875503046469,0.2230244493033893,0.8205354597506569,0.4029052673239741,0.791121720150399,0.2230244493033893,13.132469654083252
IRF1,random,16,16,0,-1,0.8495836451048021,0.4601011867159134,0.8033422240974593,0.2408139269422777,0.810201749573414,0.4029052673239741,0.7887875503046469,0.2230244493033893,0.8205354597506569,0.4330525595302562,0.791121720150399,0.2366456740457384,19.36295795440674
IRF1,random,16,16,1,-1,0.8404373194198994,0.4653906814438211,0.8082027803992016,0.2386901238187955,0.810201749573414,0.4029052673239741,0.7887875503046469,0.2230244493033893,0.8205354597506569,0.4330525595302562,0.791121720150399,0.2366456740457384,15.633002042770386
IRF1,topk,1,16,0,-1,0.8217332166922063,0.3815957624611842,0.7983790234176525,0.1995750847827346,0.810201749573414,0.4029052673239741,0.7887875503046469,0.2230244493033893,0.8205354597506569,0.4089557814436602,0.791121720150399,0.2025178903102316,9.902570247650146
IRF1,topk,2,16,0,-1,0.8235748809288496,0.3997909894437598,0.7936041786879918,0.2120215389542505,0.810201749573414,0.4029052673239741,0.7887875503046469,0.2230244493033893,0.8205354597506569,0.4029052673239741,0.791121720150399,0.2230244493033893,7.512430667877197
IRF1,topk,4,16,0,-1,0.827982454251954,0.4434530923718059,0.800639112851983,0.2172188158459756,0.810201749573414,0.4029052673239741,0.7887875503046469,0.2230244493033893,0.8205354597506569,0.423044821435277,0.791121720150399,0.2279944631807651,11.158584594726562
IRF1,topk,8,16,0,-1,0.833388435610684,0.4403553063041225,0.7996860019409334,0.2223853026727793,0.810201749573414,0.4029052673239741,0.7887875503046469,0.2230244493033893,0.8205354597506569,0.4330525595302562,0.791121720150399,0.2366456740457384,10.74265742301941
STAT1,random,1,17,0,881567726,0.8899513361115619,0.2176177407936782,0.7085042017876659,0.0554150040419639,0.9131343828630952,0.3650866780206494,0.7241026626661141,0.0727546520392533,0.8921745410630137,0.2202684121535036,0.7080674571982585,0.0556010792206116,9.390240669250488
STAT1,random,1,17,1,1133287288,0.908493336198003,0.3457052238661628,0.7157023758588316,0.0699956640040807,0.9131343828630952,0.3650866780206494,0.7241026626661141,0.0727546520392533,0.9131343828630952,0.3650866780206494,0.7241026626661141,0.0727546520392533,10.692960262298584
STAT1,random,1,17,2,1518716610,0.905860149417994,0.2623637255157936,0.7165527806496041,0.061466911936754,0.9131343828630952,0.3650866780206494,0.7241026626661141,0.0727546520392533,0.9105021106058964,0.3152838712946444,0.7200702028574336,0.0635873486249549,11.31502604484558
STAT1,random,1,17,3,763557460,0.7692259190797647,0.0491385659197597,0.6406126342516797,0.0290016846696061,0.9131343828630952,0.3650866780206494,0.7241026626661141,0.0727546520392533,0.7716461974329469,0.0501553160337611,0.6437399911824396,0.0301843474338247,8.552566528320312
STAT1,random,1,17,4,870736887,0.907531076549944,0.3457243358164181,0.7140657308570706,0.0698856080196032,0.9131343828630952,0.3650866780206494,0.7241026626661141,0.0727546520392533,0.9131343828630952,0.3650866780206494,0.7241026626661141,0.0727546520392533,11.90263533592224
STAT1,random,2,17,0,919411127,0.9129514595095026,0.3109128085891225,0.7283690175883191,0.0742641640387534,0.9131343828630952,0.3650866780206494,0.7241026626661141,0.0727546520392533,0.9181621599274896,0.36194796446473,0.7270187798291892,0.0811617571458913,14.384543895721436
STAT1,random,2,17,1,1103767841,0.9253537605992256,0.3339831161844951,0.8145342140232306,0.0934299762366336,0.9131343828630952,0.3650866780206494,0.7241026626661141,0.0727546520392533,0.9107122316173084,0.3525172546738426,0.7231678695883511,0.0641037991988784,12.143881797790527
STAT1,random,2,17,2,1489205403,0.92465680652393,0.3312401450602618,0.8166780552204351,0.1116740570154773,0.9131343828630952,0.3650866780206494,0.7241026626661141,0.0727546520392533,0.9097995691720624,0.3500165479093614,0.7225763450280123,0.0757461391575317,10.741365671157835
STAT1,random,2,17,3,801392653,0.9225419474700602,0.2731354159159181,0.8120064291902251,0.0977555467872512,0.9131343828630952,0.3650866780206494,0.7241026626661141,0.0727546520392533,0.9105021106058964,0.3152838712946444,0.7200702028574336,0.0635873486249549,10.726979970932009
STAT1,random,2,17,4,832626094,0.7883493552300996,0.0547833610374108,0.738945454388219,0.0904474760229195,0.9131343828630952,0.3650866780206494,0.7241026626661141,0.0727546520392533,0.7716461974329469,0.0501553160337611,0.6437399911824396,0.0301843474338247,9.548627853393556
STAT1,random,4,17,0,843080965,0.911438462950238,0.3553361063024587,0.7345904423289452,0.0824375620929039,0.9131343828630952,0.3650866780206494,0.7241026626661141,0.0727546520392533,0.919109618086505,0.3589534878370026,0.7324231823784054,0.0861180121006402,16.622618198394775
STAT1,random,4,17,1,1162302867,0.9121659219987208,0.34048778620214,0.7324929844289272,0.0738695455742608,0.9131343828630952,0.3650866780206494,0.7241026626661141,0.0727546520392533,0.9181621599274896,0.36194796446473,0.7270187798291892,0.0811617571458913,14.416059732437134
STAT1,random,4,17,2,1548616745,0.9159612355077889,0.3470782746573907,0.7282428779821184,0.0796207804481596,0.9131343828630952,0.3650866780206494,0.7241026626661141,0.0727546520392533,0.919109618086505,0.3589534878370026,0.7324231823784054,0.0861180121006402,15.022547006607056
STAT1,random,4,17,3,726217919,0.9147675827971996,0.3867309952299516,0.7327339671278985,0.0783981381990625,0.9131343828630952,0.3650866780206494,0.7241026626661141,0.0727546520392533,0.9136265088843386,0.3858358271026229,0.7303427914896071,0.0827084181713136,13.290400505065918
STAT1,random,4,17,4,892182812,0.9360829672632152,0.4064284896797121,0.7986365633207546,0.1088849348191422,0.9131343828630952,0.3650866780206494,0.7241026626661141,0.0727546520392533,0.9136265088843386,0.3589534878370026,0.7303427914896071,0.0861180121006402,12.0231192111969
STAT1,random,8,17,0,995794017,0.9144666985288084,0.382833336991124,0.736862018258531,0.0754394334719927,0.9131343828630952,0.3650866780206494,0.7241026626661141,0.0727546520392533,0.9136265088843386,0.3858358271026229,0.7303427914896071,0.0827084181713136,12.105207681655884
STAT1,random,8,17,1,1281207543,0.9160168961221102,0.3963406314986112,0.7346164844716181,0.0756373501350962,0.9131343828630952,0.3650866780206494,0.7241026626661141,0.0727546520392533,0.9136265088843386,0.3858358271026229,0.7303427914896071,0.0827084181713136,14.392242431640623
STAT1,random,8,17,2,1431633229,0.9128206639560876,0.3629144378040894,0.7254083663239224,0.0731498401112091,0.9131343828630952,0.3650866780206494,0.7241026626661141,0.0727546520392533,0.9131343828630952,0.3650866780206494,0.7241026626661141,0.0727546520392533,13.617624282836914
STAT1,random,8,17,3,575917531,0.9185317273644642,0.4107133577429377,0.7362158579300233,0.0752749852085418,0.9131343828630952,0.3650866780206494,0.7241026626661141,0.0727546520392533,0.9181621599274896,0.36194796446473,0.7270187798291892,0.0811617571458913,12.90742039680481
STAT1,random,8,17,4,1010260088,0.9361326960069803,0.3638197171902838,0.793981075509285,0.0962487701747265,0.9131343828630952,0.3650866780206494,0.7241026626661141,0.0727546520392533,0.9181621599274896,0.36194796446473,0.7270187798291892,0.0811617571458913,10.466758728027344
STAT1,random,16,17,0,312251366,0.9401877778411124,0.4073677620233508,0.8019200544618024,0.1038053414995551,0.9131343828630952,0.3650866780206494,0.7241026626661141,0.0727546520392533,0.9181621599274896,0.36194796446473,0.7270187798291892,0.0811617571458913,17.515382766723633
STAT1,random,16,17,1,1704698736,0.940828350958777,0.4090519783294352,0.8062968458058801,0.1032359085560452,0.9131343828630952,0.3650866780206494,0.7241026626661141,0.0727546520392533,0.9181621599274896,0.36194796446473,0.7270187798291892,0.0811617571458913,15.537076950073242
STAT1,random,16,17,2,2090005194,0.9379383899763288,0.4098140039189273,0.8034284541949295,0.1022370509839084,0.9131343828630952,0.3650866780206494,0.7241026626661141,0.0727546520392533,0.9136265088843386,0.3589534878370026,0.7303427914896071,0.0861180121006402,17.41613745689392
STAT1,random,16,17,3,194363996,0.9404246893597776,0.4016278363086601,0.8054236130936336,0.1029419526801523,0.9131343828630952,0.3650866780206494,0.7241026626661141,0.0727546520392533,0.9181621599274896,0.36194796446473,0.7270187798291892,0.0811617571458913,23.41862845420837
STAT1,random,16,17,4,368138239,0.9389263564847496,0.4048435651211961,0.8043852135144343,0.103085469714807,0.9131343828630952,0.3650866780206494,0.7241026626661141,0.0727546520392533,0.9181621599274896,0.36194796446473,0.7270187798291892,0.0811617571458913,25.90805435180664
STAT1,random,17,17,0,-1,0.9408718033199684,0.4061040423520591,0.8048394433712877,0.1017571545565681,0.9131343828630952,0.3650866780206494,0.7241026626661141,0.0727546520392533,0.9181621599274896,0.36194796446473,0.7270187798291892,0.0811617571458913,21.061760425567627
STAT1,random,17,17,1,-1,0.9386628361106222,0.4093021610356026,0.8073369903164983,0.1021841387527965,0.9131343828630952,0.3650866780206494,0.7241026626661141,0.0727546520392533,0.9181621599274896,0.36194796446473,0.7270187798291892,0.0811617571458913,19.83840155601501
STAT1,topk,1,17,0,-1,0.918834653649541,0.3452030172054572,0.7288072482456932,0.0820746899679816,0.9131343828630952,0.3650866780206494,0.7241026626661141,0.0727546520392533,0.9181621599274896,0.36194796446473,0.7270187798291892,0.0811617571458913,10.243245601654053
STAT1,topk,2,17,0,-1,0.9166961861266888,0.3794486005513175,0.7327426174815944,0.0849920392591039,0.9131343828630952,0.3650866780206494,0.7241026626661141,0.0727546520392533,0.9181621599274896,0.36194796446473,0.7270187798291892,0.0811617571458913,9.323994159698486
STAT1,topk,4,17,0,-1,0.9173240686743992,0.378964532107138,0.733645742930366,0.0862402864759053,0.9131343828630952,0.3650866780206494,0.7241026626661141,0.0727546520392533,0.9181621599274896,0.36194796446473,0.7270187798291892,0.0811617571458913,12.094189167022703
STAT1,topk,8,17,0,-1,0.9158055473951446,0.3956801610839438,0.7320214646506591,0.0781048201417928,0.9131343828630952,0.3650866780206494,0.7241026626661141,0.0727546520392533,0.9181621599274896,0.36194796446473,0.7270187798291892,0.0811617571458913,10.886786937713625
STAT1,topk,16,17,0,-1,0.9393737397906996,0.4105455774271987,0.8003390734913677,0.099112848792188,0.9131343828630952,0.3650866780206494,0.7241026626661141,0.0727546520392533,0.9181621599274896,0.36194796446473,0.7270187798291892,0.0811617571458913,15.280368566513062
COE1,random,1,15,0,313820107,0.9210679297106228,0.2060389020606158,0.9511684146192372,0.3891297491181383,0.9288641005844028,0.1982420935920958,0.95201799705504,0.4397704639865851,0.9222833178065202,0.1966722037358676,0.9534321160334116,0.4270002183987553,7.684694766998291
COE1,random,1,15,1,1706275677,0.8658743132155222,0.1026578265223777,0.900937779738174,0.2149020336804951,0.9288641005844028,0.1982420935920958,0.95201799705504,0.4397704639865851,0.8707072901426188,0.0936470607316775,0.9024861851350876,0.2330996618157511,6.818078517913818
COE1,random,1,15,2,2092622567,0.9139567796878958,0.178921754074864,0.9470356492855432,0.402607539103622,0.9288641005844028,0.1982420935920958,0.95201799705504,0.4397704639865851,0.9190902598026324,0.1822742957435046,0.9481291097413088,0.4081172199842383,7.325173854827881
COE1,random,1,15,3,196989553,0.8673752301321285,0.1014405644193997,0.9024975333029416,0.2930115390689958,0.9288641005844028,0.1982420935920958,0.95201799705504,0.4397704639865851,0.871415807205101,0.1033817893102176,0.9088516789370332,0.266406498047084,8.057253122329712
COE1,random,1,15,4,366561234,0.919610637865516,0.1720640943719185,0.9479197923703544,0.379425304740933,0.9288641005844028,0.1982420935920958,0.95201799705504,0.4397704639865851,0.9198434554096652,0.1821532345495335,0.9499767107299047,0.4033074220456628,8.936034679412842
COE1,random,2,15,0,284310930,0.9160641208411848,0.1866884122314633,0.9481501577869283,0.3947011335032287,0.9288641005844028,0.1982420935920958,0.95201799705504,0.4397704639865851,0.9218819257622808,0.1813535677429175,0.9480246894390824,0.4170323859079063,7.4062180519104
COE1,random,2,15,1,1744112900,0.9227424627483464,0.1997083851225352,0.9499712665908836,0.428569789564609,0.9288641005844028,0.1982420935920958,0.95201799705504,0.4397704639865851,0.9223109338500568,0.1917823771882905,0.9461628220215964,0.4217408436220126,8.708986520767212
COE1,random,2,15,2,2130468030,0.9247456041297346,0.2205233804298316,0.9541977017750656,0.4438797429066233,0.9288641005844028,0.1982420935920958,0.95201799705504,0.4397704639865851,0.9222833178065202,0.1966722037358676,0.9534321160334116,0.4270002183987553,8.404488801956177
COE1,random,2,15,3,167472168,0.9280460599487116,0.2022252566528327,0.952400809615339,0.4492548090264285,0.9288641005844028,0.1982420935920958,0.95201799705504,0.4397704639865851,0.9268205697987412,0.2106113956997984,0.953479982546352,0.4576865963994697,8.4486083984375
COE1,random,2,15,4,396360075,0.9323245149988788,0.2175985903331459,0.9562615353584776,0.4379870864619911,0.9288641005844028,0.1982420935920958,0.95201799705504,0.4397704639865851,0.9288641005844028,0.1966722037358676,0.95201799705504,0.4270002183987553,6.909328460693359
COE1,random,4,15,0,343884064,0.930238412614768,0.2472945447392533,0.9548943026386164,0.4464821996460175,0.9288641005844028,0.1982420935920958,0.95201799705504,0.4397704639865851,0.9288641005844028,0.1982420935920958,0.95201799705504,0.4397704639865851,9.529289722442629
COE1,random,4,15,1,1668837814,0.9255357653536266,0.184282862726865,0.9524909859909294,0.4440591451645588,0.9288641005844028,0.1982420935920958,0.95201799705504,0.4397704639865851,0.9243673696805864,0.1855860467928602,0.950111722846131,0.4105913492194484,10.185070514678957
COE1,random,4,15,2,2054234124,0.9255813280630584,0.196320162452303,0.9493312617083446,0.4038752487187273,0.9288641005844028,0.1982420935920958,0.95201799705504,0.4397704639865851,0.9243673696805864,0.1855860467928602,0.950111722846131,0.4105913492194484,11.201265096664429
COE1,random,4,15,3,225841306,0.9240392692614284,0.229685968539317,0.9502688884311932,0.4439563864513368,0.9288641005844028,0.1982420935920958,0.95201799705504,0.4397704639865851,0.9268205697987412,0.2106113956997984,0.953479982546352,0.4576865963994697,10.306453943252563
COE1,random,4,15,4,319980857,0.927464674508996,0.1907254129967726,0.953247019525858,0.4291628472539291,0.9288641005844028,0.1982420935920958,0.95201799705504,0.4397704639865851,0.9288641005844028,0.1982420935920958,0.95201799705504,0.4397704639865851,11.706292390823364
COE1,random,8,15,0,493205572,0.9303136606897998,0.2323423210952092,0.9550668850802924,0.4498257863986735,0.9288641005844028,0.1982420935920958,0.95201799705504,0.4397704639865851,0.9243673696805864,0.1982420935920958,0.950111722846131,0.4397704639865851,10.255582571029665
COE1,random,8,15,1,1784842450,0.9298218016473536,0.202558632061273,0.9541848684584626,0.4285125808237708,0.9288641005844028,0.1982420935920958,0.95201799705504,0.4397704639865851,0.927123424488726,0.1886338883283478,0.9524347528587594,0.4172134641525712,9.597364902496338
COE1,random,8,15,2,1936447848,0.9281810738073376,0.2222820791126187,0.9532137063455433,0.4423056374276652,0.9288641005844028,0.1982420935920958,0.95201799705504,0.4397704639865851,0.9288641005844028,0.1982420935920958,0.95201799705504,0.4397704639865851,9.46929693222046
COE1,random,8,15,3,74246654,0.9272401154410816,0.2011303173010326,0.9533338022803018,0.4238327043641477,0.9288641005844028,0.1982420935920958,0.95201799705504,0.4397704639865851,0.927123424488726,0.1886338883283478,0.9524347528587594,0.4172134641525712,9.408169746398926
COE1,random,8,15,4,436763741,0.9315177615744424,0.2323558119330197,0.9563633214906222,0.4684774427645123,0.9288641005844028,0.1982420935920958,0.95201799705504,0.4397704639865851,0.9288641005844028,0.1966722037358676,0.95201799705504,0.4270002183987553,9.624523401260376
COE1,random,15,15,0,-1,0.9311737838114528,0.2269417722565367,0.956082382258701,0.4487212693602342,0.9288641005844028,0.1982420935920958,0.95201799705504,0.4397704639865851,0.927123424488726,0.1886338883283478,0.9524347528587594,0.4172134641525712,13.224860191345217
COE1,random,15,15,1,-1,0.9310357976538628,0.2274661680395059,0.9561273094147428,0.4568507530107891,0.9288641005844028,0.1982420935920958,0.95201799705504,0.4397704639865851,0.927123424488726,0.1886338883283478,0.9524347528587594,0.4172134641525712,17.587978839874268
COE1,topk,1,15,0,-1,0.9258528419297928,0.1823988850222251,0.9521866106617072,0.4054380044211854,0.9288641005844028,0.1982420935920958,0.95201799705504,0.4397704639865851,0.927123424488726,0.1886338883283478,0.9524347528587594,0.4172134641525712,10.842405557632446
COE1,topk,2,15,0,-1,0.9278825835057048,0.1907648668895028,0.9527315814946236,0.4035042054144679,0.9288641005844028,0.1982420935920958,0.95201799705504,0.4397704639865851,0.927123424488726,0.1886338883283478,0.9524347528587594,0.4172134641525712,10.004114389419556
COE1,topk,4,15,0,-1,0.9294825457010718,0.2132820914317742,0.9547135012487512,0.4442224993938075,0.9288641005844028,0.1982420935920958,0.95201799705504,0.4397704639865851,0.927123424488726,0.1886338883283478,0.9524347528587594,0.4172134641525712,13.063553094863892
COE1,topk,8,15,0,-1,0.930908854151284,0.2192216144702852,0.9554079981515752,0.4451175529130403,0.9288641005844028,0.1982420935920958,0.95201799705504,0.4397704639865851,0.927123424488726,0.1886338883283478,0.9524347528587594,0.4172134641525712,14.63738489151001
STA5A,random,1,14,0,250715102,0.7515437219010083,0.0667084708102254,0.859793368505147,0.3933428985720784,0.7460946159420668,0.0614708162350086,0.8759811068556771,0.3854019872115097,0.7414366698469469,0.0681527839840638,0.9042241900992128,0.4096340155636729,10.060386657714844
STA5A,random,1,14,1,2046208840,0.6851248216523206,0.0353703525124694,0.7645714306402746,0.2049179366968969,0.7460946159420668,0.0614708162350086,0.8759811068556771,0.3854019872115097,0.6876925242561533,0.0476887104949304,0.792772948216679,0.224077314139985,8.738334655761719
STA5A,random,1,14,2,1627388658,0.686012397879118,0.035650600383659,0.7644694053019092,0.2041571082836856,0.7460946159420668,0.0614708162350086,0.8759811068556771,0.3854019872115097,0.6876925242561533,0.0476887104949304,0.792772948216679,0.224077314139985,9.808953046798706
STA5A,random,1,14,3,402180708,0.5193553241887245,0.0104964434512303,0.5618940222658333,0.0647418285642932,0.7460946159420668,0.0614708162350086,0.8759811068556771,0.3854019872115097,0.5247572994381505,0.0109083677153126,0.5958910204375647,0.0760583660247365,6.9466588497161865
STA5A,random,1,14,4,161243079,0.7447035301109971,0.0663871213494137,0.8469531195885909,0.3527414985695093,0.7460946159420668,0.0614708162350086,0.8759811068556771,0.3854019872115097,0.7373774158398807,0.069084209942697,0.904886832717256,0.4023783471904205,10.065196752548218
STA5A,random,2,14,0,213329287,0.7490976346014483,0.0815473180333626,0.8622012861880783,0.3522771723173776,0.7460946159420668,0.0614708162350086,0.8759811068556771,0.3854019872115097,0.7387024456875921,0.0570450446045059,0.8995269127031384,0.3788086188809197,8.616750240325928
STA5A,random,2,14,1,2075137297,0.7609644069298825,0.0803985063357306,0.8535333131079015,0.3762821253678133,0.7460946159420668,0.0614708162350086,0.8759811068556771,0.3854019872115097,0.7414366698469469,0.0681527839840638,0.9042241900992128,0.4096340155636729,8.337898015975952
STA5A,random,2,14,2,1656308907,0.7436654553796264,0.0760823676412092,0.8580721246306103,0.3854324057081251,0.7460946159420668,0.0614708162350086,0.8759811068556771,0.3854019872115097,0.7373774158398807,0.069084209942697,0.904886832717256,0.4023783471904205,7.64328932762146
STA5A,random,2,14,3,364803133,0.7613207025812404,0.0686735412007611,0.8548916447991444,0.3775146851358676,0.7460946159420668,0.0614708162350086,0.8759811068556771,0.3854019872115097,0.7460946159420668,0.0681527839840638,0.8759811068556771,0.4096340155636729,9.359756708145142
STA5A,random,2,14,4,198893982,0.7636585908404455,0.0543757160611683,0.8448718971945859,0.3238068138554795,0.7460946159420668,0.0614708162350086,0.8759811068556771,0.3854019872115097,0.7564524582870629,0.0572161952493009,0.8717372821995583,0.3235433811153049,7.179576635360718
STA5A,random,4,14,0,138041653,0.7750051179918702,0.1033860446774285,0.8645519989377416,0.3690478406443175,0.7460946159420668,0.0614708162350086,0.8759811068556771,0.3854019872115097,0.7564524582870629,0.069084209942697,0.8717372821995583,0.4023783471904205,11.566742181777954
STA5A,random,4,14,1,2134731171,0.7644169225662603,0.0766657451466432,0.8484563460612855,0.3964045770491635,0.7460946159420668,0.0614708162350086,0.8759811068556771,0.3854019872115097,0.7414366698469469,0.0681527839840638,0.9042241900992128,0.4096340155636729,10.865245819091797
STA5A,random,4,14,2,1714698265,0.7553385781888392,0.0998378969387655,0.8641357719903948,0.4025531250715717,0.7460946159420668,0.0614708162350086,0.8759811068556771,0.3854019872115097,0.7414366698469469,0.0681527839840638,0.9042241900992128,0.4096340155636729,11.35774564743042
STA5A,random,4,14,3,288557199,0.7617210876905779,0.0837525341656475,0.8436384045699679,0.3726101577796192,0.7460946159420668,0.0614708162350086,0.8759811068556771,0.3854019872115097,0.7460946159420668,0.0681527839840638,0.8759811068556771,0.4096340155636729,11.150533199310305
STA5A,random,4,14,4,257400108,0.732006113784516,0.0496484589889764,0.7881280092640234,0.2688795513905551,0.7460946159420668,0.0614708162350086,0.8759811068556771,0.3854019872115097,0.6666745565420796,0.0476887104949304,0.7889958028086761,0.224077314139985,9.953706979751589
STA5A,random,8,14,0,18915409,0.779143270753066,0.0829607698590722,0.8568931857266398,0.3854627050467342,0.7460946159420668,0.0614708162350086,0.8759811068556771,0.3854019872115097,0.7564524582870629,0.0681527839840638,0.8717372821995583,0.4096340155636729,10.99368166923523
STA5A,random,8,14,1,1982304455,0.7779338953566172,0.1101806866143163,0.8670403141228182,0.3975658863323205,0.7460946159420668,0.0614708162350086,0.8759811068556771,0.3854019872115097,0.7564524582870629,0.0681527839840638,0.8717372821995583,0.4096340155636729,12.722816228866575
STA5A,random,8,14,2,1865335165,0.7707399799451184,0.0967583286182112,0.8632504123989106,0.399170247336776,0.7460946159420668,0.0614708162350086,0.8759811068556771,0.3854019872115097,0.7460946159420668,0.0681527839840638,0.8759811068556771,0.4096340155636729,10.267035484313965
STA5A,random,8,14,3,405402091,0.7503465810250234,0.092956030848789,0.8569228202652756,0.3925018373886305,0.7460946159420668,0.0614708162350086,0.8759811068556771,0.3854019872115097,0.7386784111111692,0.069084209942697,0.903010837488176,0.4023783471904205,12.637554168701172
STA5A,random,8,14,4,105735240,0.7609654148875344,0.0820526928772562,0.8660482568253511,0.3950854249430734,0.7460946159420668,0.0614708162350086,0.8759811068556771,0.3854019872115097,0.7386784111111692,0.069084209942697,0.903010837488176,0.4023783471904205,14.18269419670105
STA5A,random,14,14,0,-1,0.77170089378038,0.0978697510644702,0.8697022477984121,0.4012367770583024,0.7460946159420668,0.0614708162350086,0.8759811068556771,0.3854019872115097,0.7564524582870629,0.0681527839840638,0.8717372821995583,0.4096340155636729,16.43307900428772
STA5A,random,14,14,1,-1,0.77219402837227,0.0954935600311751,0.8600182288835717,0.3870406681041128,0.7460946159420668,0.0614708162350086,0.8759811068556771,0.3854019872115097,0.7564524582870629,0.0681527839840638,0.8717372821995583,0.4096340155636729,15.392603397369385
STA5A,topk,1,14,0,-1,0.754756743323584,0.0620736810444438,0.8540706011270965,0.3297603688767231,0.7460946159420668,0.0614708162350086,0.8759811068556771,0.3854019872115097,0.7564524582870629,0.0572161952493009,0.8717372821995583,0.3235433811153049,13.474093198776243
STA5A,topk,2,14,0,-1,0.7556568495067091,0.0563457564033963,0.8569254163982316,0.3401477612405998,0.7460946159420668,0.0614708162350086,0.8759811068556771,0.3854019872115097,0.7564524582870629,0.0572161952493009,0.8717372821995583,0.3235433811153049,10.918827295303345
STA5A,topk,4,14,0,-1,0.7745975555289084,0.0701759791322451,0.8530017543813454,0.3566917475942368,0.7460946159420668,0.0614708162350086,0.8759811068556771,0.3854019872115097,0.7564524582870629,0.0681527839840638,0.8717372821995583,0.4096340155636729,15.24780774116516
STA5A,topk,8,14,0,-1,0.7690763632192776,0.0746598163359912,0.8553603965875543,0.3743434540745239,0.7460946159420668,0.0614708162350086,0.8759811068556771,0.3854019872115097,0.7564524582870629,0.0681527839840638,0.8717372821995583,0.4096340155636729,12.098567962646484
E2F4,random,1,11,0,386975353,0.7179259840814337,0.0394388213870858,0.7517935430719325,0.0716784385440747,0.7528403450827513,0.1079416010783943,0.8281590168717711,0.1556118417378499,0.7265824648443271,0.0429069913120637,0.7562834732162779,0.0779128311296082,3.9585795402526855
E2F4,random,1,11,1,1612183279,0.7428749058315268,0.1016951376375582,0.7908188730412098,0.1550474480552534,0.7528403450827513,0.1079416010783943,0.8281590168717711,0.1556118417378499,0.747157106435943,0.1079416010783943,0.7943321971062252,0.1556118417378499,3.395732879638672
E2F4,random,1,11,2,2032052053,0.7585574659974104,0.0645050343701437,0.7819944046822168,0.079446364304216,0.7528403450827513,0.1079416010783943,0.8281590168717711,0.1556118417378499,0.7686081331480379,0.0546677614542146,0.7866591147040145,0.0989861471446057,3.0255627632141118
E2F4,random,1,11,3,236558275,0.7596764164041313,0.0631962522399113,0.7807196196556992,0.0791413804414741,0.7528403450827513,0.1079416010783943,0.8281590168717711,0.1556118417378499,0.7686081331480379,0.0546677614542146,0.7866591147040145,0.0989861471446057,3.1431643962860107
E2F4,random,1,11,4,276628064,0.7673250772565842,0.0756763384125727,0.7824364965758714,0.0755021934298743,0.7528403450827513,0.1079416010783943,0.8281590168717711,0.1556118417378499,0.7741114323033125,0.0558077078862936,0.7984739405797847,0.1020799106113506,3.279691219329834
E2F4,random,2,11,0,357988384,0.7620483004888405,0.0440692295664272,0.7892147400580127,0.0720265871112984,0.7528403450827513,0.1079416010783943,0.8281590168717711,0.1556118417378499,0.7612756510910174,0.0491787181518121,0.789311336525754,0.0843014264956087,3.7409861087799072
E2F4,random,2,11,1,1649494198,0.763639555504753,0.0441442838991772,0.7913874946363901,0.0788345574927969,0.7528403450827513,0.1079416010783943,0.8281590168717711,0.1556118417378499,0.7612756510910174,0.0491787181518121,0.789311336525754,0.0843014264956087,3.306877374649048
E2F4,random,2,11,2,2069371148,0.7947779445570788,0.0923421351124326,0.8460033434598286,0.1382614116285137,0.7528403450827513,0.1079416010783943,0.8281590168717711,0.1556118417378499,0.7956979463084288,0.0927751476832594,0.8536315534730446,0.1481864025765806,2.9534287452697754
E2F4,random,2,11,3,207563162,0.832437228816522,0.1350553557235004,0.8712440622693648,0.1707756348352434,0.7528403450827513,0.1079416010783943,0.8281590168717711,0.1556118417378499,0.7879895841480118,0.1311370267470643,0.8427929080205276,0.1690276036359228,2.7113637924194336
E2F4,random,2,11,4,305904697,0.7840082296728117,0.0504775443412073,0.8135155278650258,0.091660081186487,0.7528403450827513,0.1079416010783943,0.8281590168717711,0.1556118417378499,0.783278068889544,0.05328758796113,0.8159854041158197,0.0929466517718442,3.497820854187012
E2F4,random,4,11,0,299566226,0.8401987748573018,0.1416236252097528,0.8751405729193484,0.1799288390217894,0.7528403450827513,0.1079416010783943,0.8281590168717711,0.1556118417378499,0.7956979463084288,0.1311370267470643,0.8536315534730446,0.1690276036359228,4.377620935440064
E2F4,random,4,11,1,1725707268,0.7935786543216561,0.061534404191785,0.8166113657037914,0.0925259460954363,0.7528403450827513,0.1079416010783943,0.8281590168717711,0.1556118417378499,0.783278068889544,0.05328758796113,0.8159854041158197,0.0929466517718442,4.8716137409210205
E2F4,random,4,11,2,2144691646,0.8261787018487434,0.1240098006389979,0.869289229871445,0.1863580943872587,0.7528403450827513,0.1079416010783943,0.8281590168717711,0.1556118417378499,0.7956979463084288,0.1311370267470643,0.8536315534730446,0.1690276036359228,4.597980976104736
E2F4,random,4,11,3,148002088,0.8278259398966169,0.1173496329347145,0.8609849132382472,0.1730278035880275,0.7528403450827513,0.1079416010783943,0.8281590168717711,0.1556118417378499,0.7879895841480118,0.1311370267470643,0.8427929080205276,0.1690276036359228,5.474853754043579
E2F4,random,4,11,4,381075595,0.8160458148422214,0.1150548407678343,0.8615176698762509,0.1645727336918183,0.7528403450827513,0.1079416010783943,0.8281590168717711,0.1556118417378499,0.7956979463084288,0.0927751476832594,0.8536315534730446,0.1481864025765806,5.206326961517334
E2F4,random,8,11,0,415366646,0.8291062801932367,0.1418020525171862,0.8711093077939687,0.1837820996527786,0.7528403450827513,0.1079416010783943,0.8281590168717711,0.1556118417378499,0.7956979463084288,0.1079416010783943,0.8536315534730446,0.1556118417378499,6.062227487564087
E2F4,random,8,11,1,1875299680,0.8435444712494544,0.1578457642821019,0.8811957365738119,0.2016231373280335,0.7528403450827513,0.1079416010783943,0.8281590168717711,0.1556118417378499,0.7956979463084288,0.1311370267470643,0.8536315534730446,0.1690276036359228,5.819051504135132
E2F4,random,8,11,2,1993317594,0.8444511039185448,0.1521562057436088,0.8796111151159398,0.1965107278104122,0.7528403450827513,0.1079416010783943,0.8281590168717711,0.1556118417378499,0.7956979463084288,0.1311370267470643,0.8536315534730446,0.1690276036359228,6.660508632659912
E2F4,random,8,11,3,29928524,0.831643063551938,0.1521955892970924,0.8763065135677873,0.1861779473550831,0.7528403450827513,0.1079416010783943,0.8281590168717711,0.1556118417378499,0.7956979463084288,0.1079416010783943,0.8536315534730446,0.1556118417378499,5.335577726364136
E2F4,random,8,11,4,531380719,0.8382765097203255,0.1510244875655237,0.8713767983111066,0.1770261628297423,0.7528403450827513,0.1079416010783943,0.8281590168717711,0.1556118417378499,0.7956979463084288,0.1311370267470643,0.8536315534730446,0.1690276036359228,5.32671046257019
E2F4,random,11,11,0,-1,0.8426982501208231,0.1593939937462547,0.879072056021832,0.1979832375306015,0.7528403450827513,0.1079416010783943,0.8281590168717711,0.1556118417378499,0.7956979463084288,0.1311370267470643,0.8536315534730446,0.1690276036359228,8.690961360931396
E2F4,random,11,11,1,-1,0.8423604719018656,0.1608717455430014,0.8797336216809981,0.1921159273124628,0.7528403450827513,0.1079416010783943,0.8281590168717711,0.1556118417378499,0.7956979463084288,0.1311370267470643,0.8536315534730446,0.1690276036359228,8.209281921386719
E2F4,topk,1,11,0,-1,0.7889831158517878,0.0808554536825587,0.8505495837838766,0.1265974415728156,0.7528403450827513,0.1079416010783943,0.8281590168717711,0.1556118417378499,0.7956979463084288,0.0927751476832594,0.8536315534730446,0.1481864025765806,4.052571058273315
E2F4,topk,2,11,0,-1,0.8171547384372478,0.1229792918187558,0.8699336319791291,0.1775158011468847,0.7528403450827513,0.1079416010783943,0.8281590168717711,0.1556118417378499,0.7956979463084288,0.1311370267470643,0.8536315534730446,0.1690276036359228,4.148956060409546
E2F4,topk,4,11,0,-1,0.8329390289634482,0.1420121749407131,0.8717835882120728,0.1777062203920763,0.7528403450827513,0.1079416010783943,0.8281590168717711,0.1556118417378499,0.7956979463084288,0.1311370267470643,0.8536315534730446,0.1690276036359228,4.841269016265869
E2F4,topk,8,11,0,-1,0.8434314189475992,0.1585356548687924,0.8819852874036695,0.2007097865624751,0.7528403450827513,0.1079416010783943,0.8281590168717711,0.1556118417378499,0.7956979463084288,0.1311370267470643,0.8536315534730446,0.1690276036359228,4.852051973342896
RXRA,random,1,13,0,1742586578,0.7755937062141284,0.0460296772273022,0.7647178862211115,0.1932733665986796,0.7474783442899975,0.091869240448889,0.7636988056377928,0.1817188797956739,0.7812152360624633,0.0472210104982761,0.7685059103376845,0.1983301448507329,10.43296504020691
RXRA,random,1,13,1,282784324,0.7437443056810498,0.0393235539394409,0.7569487206923708,0.1732612336137796,0.7474783442899975,0.091869240448889,0.7636988056377928,0.1817188797956739,0.7474783442899975,0.0378406916396881,0.7636988056377928,0.1752161720069114,8.280498504638672
RXRA,random,1,13,2,164865022,0.7428629756582663,0.0591454210136992,0.7179515874737797,0.1745179759621409,0.7474783442899975,0.091869240448889,0.7636988056377928,0.1817188797956739,0.7452150898917902,0.066014473802688,0.7217114287595309,0.1806363867860961,7.201432228088379
RXRA,random,1,13,3,2127860584,0.7739718951967276,0.0466724650294657,0.764739921884414,0.1943111879877682,0.7474783442899975,0.091869240448889,0.7636988056377928,0.1817188797956739,0.7812152360624633,0.0472210104982761,0.7685059103376845,0.1983301448507329,7.49857497215271
RXRA,random,1,13,4,1622148811,0.7308505732416851,0.0310539689368126,0.763653025460651,0.1496382770267637,0.7474783442899975,0.091869240448889,0.7636988056377928,0.1817188797956739,0.7457493280444433,0.0337991175288638,0.7771116317641007,0.1814351047362993,3.717180013656616
RXRA,random,2,13,0,1704688779,0.7333233079041219,0.0804455178101157,0.7108769185868966,0.1719217834217783,0.7474783442899975,0.091869240448889,0.7636988056377928,0.1817188797956739,0.7397240937555796,0.0866801308010546,0.7083106907493594,0.1782441955043317,6.132001638412476
RXRA,random,2,13,1,312232989,0.7980012493487598,0.0837073818965168,0.783160716627652,0.2212384030189911,0.7474783442899975,0.091869240448889,0.7636988056377928,0.1817188797956739,0.7474783442899975,0.0866801308010546,0.7636988056377928,0.1782441955043317,7.623544692993164
RXRA,random,2,13,2,194321831,0.7344159061792489,0.0831812295174412,0.7118060311444059,0.1730700175041065,0.7474783442899975,0.091869240448889,0.7636988056377928,0.1817188797956739,0.7397240937555796,0.0866801308010546,0.7083106907493594,0.1782441955043317,7.516940116882324
RXRA,random,2,13,3,2089954609,0.7183894492873883,0.0678699326056344,0.7283894301391789,0.1773406695475252,0.7474783442899975,0.091869240448889,0.7636988056377928,0.1817188797956739,0.6991036170216638,0.0682075538341723,0.7012070569087451,0.1682261681177251,7.288852691650391
RXRA,random,2,13,4,1660336274,0.753511904890374,0.0854206241593323,0.7270075053017371,0.1897218493978184,0.7474783442899975,0.091869240448889,0.7636988056377928,0.1817188797956739,0.7452150898917902,0.091869240448889,0.7217114287595309,0.1817188797956739,5.410583734512329
RXRA,random,4,13,0,1628831801,0.800037344618014,0.0879464792799491,0.7977933443261757,0.2303220876696551,0.7474783442899975,0.091869240448889,0.7636988056377928,0.1817188797956739,0.7452150898917902,0.0699420287471117,0.7217114287595309,0.1694895147000601,8.879741907119751
RXRA,random,4,13,1,370225327,0.8220331109160759,0.0948135010507474,0.8132918403465734,0.2517578745916835,0.7474783442899975,0.091869240448889,0.7636988056377928,0.1817188797956739,0.7457493280444433,0.091869240448889,0.7771116317641007,0.1817188797956739,10.265485525131226
RXRA,random,4,13,2,253255957,0.7734720731703137,0.0428572448555133,0.7915625613291662,0.1975304980784215,0.7474783442899975,0.091869240448889,0.7636988056377928,0.1817188797956739,0.7474783442899975,0.0378406916396881,0.7636988056377928,0.1752161720069114,6.955981731414795
RXRA,random,4,13,3,2015318403,0.7975817175104891,0.0817861036683318,0.7893012172407694,0.224436109919704,0.7474783442899975,0.091869240448889,0.7636988056377928,0.1817188797956739,0.7474783442899975,0.0699420287471117,0.7636988056377928,0.1694895147000601,12.53148627281189
RXRA,random,4,13,4,1719387168,0.7702694584842066,0.0812870072022922,0.7594817422569261,0.2043788667167295,0.7474783442899975,0.091869240448889,0.7636988056377928,0.1817188797956739,0.7468544633959898,0.091869240448889,0.7458749965931967,0.1817188797956739,12.881710767745972
RXRA,random,8,13,0,1745680733,0.8226235384466747,0.0999411513434558,0.8149091749586115,0.2486524918763054,0.7474783442899975,0.091869240448889,0.7636988056377928,0.1817188797956739,0.7812152360624633,0.0866801308010546,0.7685059103376845,0.1782441955043317,11.205933570861816
RXRA,random,8,13,1,520866251,0.8235653003517449,0.0918584226106624,0.8167844839684151,0.252230186549648,0.7474783442899975,0.091869240448889,0.7636988056377928,0.1817188797956739,0.7812152360624633,0.0699420287471117,0.7685059103376845,0.1694895147000601,11.61707067489624
RXRA,random,8,13,2,100833393,0.8291105074411834,0.1055382106840099,0.8191199956071015,0.2551515166469383,0.7474783442899975,0.091869240448889,0.7636988056377928,0.1817188797956739,0.7812152360624633,0.091869240448889,0.7685059103376845,0.1817188797956739,9.441473007202148
RXRA,random,8,13,3,1896196327,0.8292622325153912,0.1045362774571331,0.8189174953514571,0.2554246717769095,0.7474783442899975,0.091869240448889,0.7636988056377928,0.1817188797956739,0.7759665599248343,0.091869240448889,0.7552816244532885,0.1817188797956739,8.357960224151611
RXRA,random,8,13,4,1868643652,0.8065466370144179,0.0982339129190628,0.8023104930944098,0.2410328129841363,0.7474783442899975,0.091869240448889,0.7636988056377928,0.1817188797956739,0.7812152360624633,0.091869240448889,0.7685059103376845,0.1817188797956739,8.932328939437866
RXRA,random,13,13,0,-1,0.8246230593081794,0.1022198522056632,0.8175789431273885,0.2544048775748525,0.7474783442899975,0.091869240448889,0.7636988056377928,0.1817188797956739,0.7812152360624633,0.091869240448889,0.7685059103376845,0.1817188797956739,11.187196731567385
RXRA,random,13,13,1,-1,0.8266633124432843,0.0998860814329136,0.8172221341293074,0.2544482653904332,0.7474783442899975,0.091869240448889,0.7636988056377928,0.1817188797956739,0.7812152360624633,0.091869240448889,0.7685059103376845,0.1817188797956739,12.826177835464478
RXRA,topk,1,13,0,-1,0.7755937062141284,0.0460296772273022,0.7647178862211115,0.1932733665986796,0.7474783442899975,0.091869240448889,0.7636988056377928,0.1817188797956739,0.7812152360624633,0.0472210104982761,0.7685059103376845,0.1983301448507329,9.204061269760132
RXRA,topk,2,13,0,-1,0.7880846758161721,0.0509239472927224,0.7745617530617237,0.2032978162601692,0.7474783442899975,0.091869240448889,0.7636988056377928,0.1817188797956739,0.7812152360624633,0.0530820847141877,0.7685059103376845,0.1877012966597509,7.27220344543457
RXRA,topk,4,13,0,-1,0.7962192599879026,0.0509655365094285,0.784366210715668,0.2140681761835034,0.7474783442899975,0.091869240448889,0.7636988056377928,0.1817188797956739,0.7812152360624633,0.0530820847141877,0.7685059103376845,0.1877012966597509,12.62313175201416
RXRA,topk,8,13,0,-1,0.8263417708175034,0.0988390464639728,0.8151708759666604,0.2499336209692618,0.7474783442899975,0.091869240448889,0.7636988056377928,0.1817188797956739,0.7812152360624633,0.0866801308010546,0.7685059103376845,0.1782441955043317,10.773043632507324
STAT3,random,1,10,0,1313600654,0.7756436598765096,0.076413949825097,0.752138899696426,0.0497631459764005,0.820615325942236,0.0867213075782167,0.7935345210150767,0.0618513476788392,0.7695613240682273,0.0511834676196681,0.7617608167056045,0.0508778037322666,8.663643598556519
STAT3,random,1,10,1,961332248,0.8169189487118543,0.0699432113926003,0.786398394911709,0.059580247890052,0.820615325942236,0.0867213075782167,0.7935345210150767,0.0618513476788392,0.8256303389881179,0.0711797016350717,0.7908270900598727,0.0640480472929234,10.401405572891235
STAT3,random,1,10,2,541431202,0.7169807302159206,0.0292421140990145,0.6937422884893276,0.0373724476570926,0.820615325942236,0.0867213075782167,0.7935345210150767,0.0618513476788392,0.7337698642689838,0.0361840109395029,0.6959349159870212,0.037328077417793,10.712143421173096
STAT3,random,1,10,3,1463985460,0.8077540040707578,0.0797534822282947,0.7827146422971558,0.0579275304851342,0.820615325942236,0.0867213075782167,0.7935345210150767,0.0618513476788392,0.8167533666831781,0.0674759968648237,0.7928838376201865,0.0625750794294293,11.205963134765623
STAT3,random,1,10,4,1227239575,0.8093307909403424,0.0792088035393794,0.7841596412553297,0.0583715093571646,0.820615325942236,0.0867213075782167,0.7935345210150767,0.0618513476788392,0.8167533666831781,0.0674759968648237,0.7928838376201865,0.0625750794294293,9.955370664596558
STAT3,random,2,10,0,1275939543,0.8206376485469,0.0671175254386731,0.7890080140704913,0.0611579374226196,0.820615325942236,0.0867213075782167,0.7935345210150767,0.0618513476788392,0.7990819240417013,0.0664979347819277,0.7667862108324098,0.0554134113344131,9.058241605758669
STAT3,random,2,10,1,990542401,0.8294842958039945,0.0758570293390443,0.8022353715631263,0.0753610396227446,0.820615325942236,0.0867213075782167,0.7935345210150767,0.0618513476788392,0.8167533666831781,0.0674759968648237,0.7928838376201865,0.0625750794294293,9.432562589645386
STAT3,random,2,10,2,570633211,0.8291919051942546,0.0771800423977844,0.8021736610383472,0.068946249103733,0.820615325942236,0.0867213075782167,0.7935345210150767,0.0618513476788392,0.820615325942236,0.0867213075782167,0.7935345210150767,0.0618513476788392,11.129184007644652
STAT3,random,2,10,3,1426332525,0.7905640541483789,0.077212312072948,0.7686193084487485,0.0602165094138652,0.820615325942236,0.0867213075782167,0.7935345210150767,0.0618513476788392,0.7695613240682273,0.0511834676196681,0.7617608167056045,0.0508778037322666,9.05651068687439
STAT3,random,2,10,4,1264619214,0.8310094838448923,0.075500400965676,0.8028017469487403,0.0754154866734122,0.820615325942236,0.0867213075782167,0.7935345210150767,0.0618513476788392,0.8256303389881179,0.0711797016350717,0.7908270900598727,0.0640480472929234,9.314887523651125
STAT3,random,4,10,0,1216362085,0.8350647900593304,0.0839056920416812,0.8022109823836121,0.0697219464517533,0.820615325942236,0.0867213075782167,0.7935345210150767,0.0618513476788392,0.8256303389881179,0.0711797016350717,0.7908270900598727,0.0640480472929234,11.236803770065308
STAT3,random,4,10,1,1065813747,0.8309326719521881,0.083815026042982,0.7992317915536485,0.0681150625848095,0.820615325942236,0.0867213075782167,0.7935345210150767,0.0618513476788392,0.820615325942236,0.0867213075782167,0.7935345210150767,0.0618513476788392,11.005555868148804
STAT3,random,4,10,2,646862665,0.8311643876908714,0.0787764937929626,0.7946982392217099,0.0660769769022466,0.820615325942236,0.0867213075782167,0.7935345210150767,0.0618513476788392,0.820615325942236,0.0867213075782167,0.7935345210150767,0.0618513476788392,12.179149150848389
STAT3,random,4,10,3,1367959519,0.8233774654173056,0.0921608545759587,0.7973657995846218,0.0680939440821986,0.820615325942236,0.0867213075782167,0.7935345210150767,0.0618513476788392,0.820615325942236,0.0867213075782167,0.7935345210150767,0.0618513476788392,12.339288473129272
STAT3,random,4,10,4,1340994172,0.8375316484653065,0.0805378077868956,0.8064138609583203,0.07524074393586,0.820615325942236,0.0867213075782167,0.7935345210150767,0.0618513476788392,0.8256303389881179,0.0711797016350717,0.7908270900598727,0.0640480472929234,15.16012167930603
STAT3,random,8,10,0,1100664577,0.8340490578671613,0.082258069125916,0.8046596009959734,0.0778159300471925,0.820615325942236,0.0867213075782167,0.7935345210150767,0.0618513476788392,0.820615325942236,0.0867213075782167,0.7935345210150767,0.0618513476788392,15.451281070709229
STAT3,random,8,10,1,916324247,0.8347200160676507,0.0863281337631931,0.8044917210167977,0.0747264095054738,0.820615325942236,0.0867213075782167,0.7935345210150767,0.0618513476788392,0.820615325942236,0.0867213075782167,0.7935345210150767,0.0618513476788392,10.673529863357544
STAT3,random,8,10,2,798273069,0.8334278155675516,0.0830277180206094,0.8015722046945482,0.0758127920146681,0.820615325942236,0.0867213075782167,0.7935345210150767,0.0618513476788392,0.820615325942236,0.0867213075782167,0.7935345210150767,0.0618513476788392,11.0388081073761
STAT3,random,8,10,3,1486069435,0.8335571512359357,0.0879023621976841,0.8058111538085658,0.0784611877342646,0.820615325942236,0.0867213075782167,0.7935345210150767,0.0618513476788392,0.820615325942236,0.0867213075782167,0.7935345210150767,0.0618513476788392,13.250980615615845
STAT3,random,8,10,4,1190595352,0.8337080662480071,0.0822443971396625,0.8041633875267296,0.0730970540917954,0.820615325942236,0.0867213075782167,0.7935345210150767,0.0618513476788392,0.820615325942236,0.0867213075782167,0.7935345210150767,0.0618513476788392,13.228922605514526
STAT3,random,10,10,0,-1,0.8358837480371716,0.086200816312657,0.8065584827078383,0.0726520227860084,0.820615325942236,0.0867213075782167,0.7935345210150767,0.0618513476788392,0.820615325942236,0.0867213075782167,0.7935345210150767,0.0618513476788392,18.516258001327515
STAT3,random,10,10,1,-1,0.83635044160438,0.0856602839464217,0.8067966214102331,0.0727479559482821,0.820615325942236,0.0867213075782167,0.7935345210150767,0.0618513476788392,0.820615325942236,0.0867213075782167,0.7935345210150767,0.0618513476788392,22.396000623703003
STAT3,topk,1,10,0,-1,0.81799563656256,0.0711343499249583,0.7893284462777307,0.0614723220528327,0.820615325942236,0.0867213075782167,0.7935345210150767,0.0618513476788392,0.820615325942236,0.0867213075782167,0.7935345210150767,0.0618513476788392,12.106862783432009
STAT3,topk,2,10,0,-1,0.8207519703435566,0.0779169728313862,0.7961681421259768,0.0659816420968225,0.820615325942236,0.0867213075782167,0.7935345210150767,0.0618513476788392,0.820615325942236,0.0867213075782167,0.7935345210150767,0.0618513476788392,10.85966730117798
STAT3,topk,4,10,0,-1,0.8259402953322714,0.0806043310950241,0.7989944442088299,0.0659632640129675,0.820615325942236,0.0867213075782167,0.7935345210150767,0.0618513476788392,0.820615325942236,0.0867213075782167,0.7935345210150767,0.0618513476788392,15.955665111541748
STAT3,topk,8,10,0,-1,0.8351612075249062,0.0903153244808147,0.8083348607302863,0.0748500462348987,0.820615325942236,0.0867213075782167,0.7935345210150767,0.0618513476788392,0.820615325942236,0.0867213075782167,0.7935345210150767,0.0618513476788392,15.027467727661133
AP2A,random,1,9,0,787658023,0.8498938457518064,0.0583153630345384,0.8277308354804911,0.0663094420424444,0.8762400859826925,0.077472989068235,0.86282188797258,0.0945449868751386,0.8551750508286227,0.0697919106799533,0.8337906412568324,0.0803647625363977,9.431257724761965
AP2A,random,1,9,1,1509262769,0.8763301259710403,0.0887291389402619,0.8495713655812154,0.0861780895713127,0.8762400859826925,0.077472989068235,0.86282188797258,0.0945449868751386,0.8797151948226507,0.1019544715794651,0.8506964714929321,0.0915394027709446,8.220378160476685
AP2A,random,1,9,2,1090311179,0.9004559461119165,0.0993263055378061,0.8797379657703328,0.1015347013751434,0.8762400859826925,0.077472989068235,0.86282188797258,0.0945449868751386,0.90418046372093,0.1198442233070297,0.8829274217183471,0.1118597717345642,7.367774724960327
AP2A,random,1,9,3,939254941,0.8825519041558801,0.0961072139138172,0.8755795555782624,0.0881499334409008,0.8762400859826925,0.077472989068235,0.86282188797258,0.0945449868751386,0.8824866226659931,0.0952685256404887,0.8821041286237148,0.1031819836513065,6.64484977722168
AP2A,random,1,9,4,698315070,0.8498489256910269,0.0589353393611964,0.8271297175053551,0.0655667462800534,0.8762400859826925,0.077472989068235,0.86282188797258,0.0945449868751386,0.8551750508286227,0.0697919106799533,0.8337906412568324,0.0803647625363977,5.587112903594971
AP2A,random,2,9,0,749996926,0.90621108531164,0.097656962950202,0.8792689641150349,0.1106349123159296,0.8762400859826925,0.077472989068235,0.86282188797258,0.0945449868751386,0.90418046372093,0.1198442233070297,0.8829274217183471,0.1118597717345642,5.79579758644104
AP2A,random,2,9,1,1538472936,0.8653098459876492,0.0720789779599667,0.8521764415273612,0.0834042423295579,0.8762400859826925,0.077472989068235,0.86282188797258,0.0945449868751386,0.8551750508286227,0.0697919106799533,0.8337906412568324,0.0803647625363977,5.559263467788696
AP2A,random,2,9,2,1119513170,0.8782926679368201,0.0846277643688782,0.8513287226189665,0.085045920349867,0.8762400859826925,0.077472989068235,0.86282188797258,0.0945449868751386,0.8797151948226507,0.1019544715794651,0.8506964714929321,0.0915394027709446,6.177879810333252
AP2A,random,2,9,3,901601988,0.9045867929025304,0.0972409993791442,0.8811331179257116,0.1040408506435745,0.8762400859826925,0.077472989068235,0.86282188797258,0.0945449868751386,0.90418046372093,0.1198442233070297,0.8829274217183471,0.1118597717345642,5.962898015975952
AP2A,random,2,9,4,735694695,0.9047818379050364,0.109714303379915,0.8785459773817138,0.1085128670289461,0.8762400859826925,0.077472989068235,0.86282188797258,0.0945449868751386,0.90418046372093,0.1198442233070297,0.8829274217183471,0.1118597717345642,6.046700954437256
AP2A,random,4,9,0,674854860,0.9071477110505848,0.1034173290836962,0.8785520079112217,0.1079408400966517,0.8762400859826925,0.077472989068235,0.86282188797258,0.0945449868751386,0.90418046372093,0.1198442233070297,0.8829274217183471,0.1118597717345642,7.844762325286865
AP2A,random,4,9,1,1597917018,0.9061335369975912,0.102087664382348,0.8793534782983543,0.1055516296211269,0.8762400859826925,0.077472989068235,0.86282188797258,0.0945449868751386,0.90418046372093,0.1198442233070297,0.8829274217183471,0.1118597717345642,10.652681827545166
AP2A,random,4,9,2,1178015456,0.8899686858708671,0.0834049233999363,0.8778562843774891,0.098872140570072,0.8762400859826925,0.077472989068235,0.86282188797258,0.0945449868751386,0.8824866226659931,0.0952685256404887,0.8821041286237148,0.1031819836513065,12.66136884689331
AP2A,random,4,9,3,825239158,0.8913741241462565,0.0949154412693722,0.8780368445048704,0.0986907184307433,0.8762400859826925,0.077472989068235,0.86282188797258,0.0945449868751386,0.8797151948226507,0.1019544715794651,0.8506964714929321,0.0915394027709446,8.99713921546936
AP2A,random,4,9,4,794080213,0.8849591247433585,0.0903314905037612,0.8661150256430262,0.0875752190839004,0.8762400859826925,0.077472989068235,0.86282188797258,0.0945449868751386,0.8713692823732981,0.0850969574065006,0.8464964116006632,0.0845790292395647,8.342093706130981
AP2A,random,8,9,0,555978408,0.9054923393558194,0.1025690516643752,0.8825542317275477,0.1094902038983228,0.8762400859826925,0.077472989068235,0.86282188797258,0.0945449868751386,0.90418046372093,0.1198442233070297,0.8829274217183471,0.1118597717345642,8.944453239440918
AP2A,random,8,9,1,1445248574,0.906112650918163,0.1007763818455915,0.8844877149350134,0.1076842446231797,0.8762400859826925,0.077472989068235,0.86282188797258,0.0945449868751386,0.90418046372093,0.1198442233070297,0.8829274217183471,0.1118597717345642,9.92274284362793
AP2A,random,8,9,2,1328410500,0.8943578105192889,0.0971648345988594,0.8767093904663559,0.100048549298048,0.8762400859826925,0.077472989068235,0.86282188797258,0.0945449868751386,0.8797151948226507,0.1019544715794651,0.8506964714929321,0.0915394027709446,11.704146146774292
AP2A,random,8,9,3,942333714,0.8938387314854649,0.0980249655349149,0.8780524371113823,0.1032471625109358,0.8762400859826925,0.077472989068235,0.86282188797258,0.0945449868751386,0.8797151948226507,0.1019544715794651,0.8506964714929321,0.0915394027709446,9.618112564086914
AP2A,random,8,9,4,642665137,0.90625403168788,0.1031932192851092,0.8825762800375901,0.1090622611143022,0.8762400859826925,0.077472989068235,0.86282188797258,0.0945449868751386,0.90418046372093,0.1198442233070297,0.8829274217183471,0.1118597717345642,11.322976350784302
AP2A,random,9,9,0,-1,0.9088922732998456,0.1013666772232266,0.8831321733799273,0.1086630166356543,0.8762400859826925,0.077472989068235,0.86282188797258,0.0945449868751386,0.90418046372093,0.1198442233070297,0.8829274217183471,0.1118597717345642,15.729470252990724
AP2A,random,9,9,1,-1,0.9080922565110352,0.1036848202922971,0.8835473254436769,0.1068529850933585,0.8762400859826925,0.077472989068235,0.86282188797258,0.0945449868751386,0.90418046372093,0.1198442233070297,0.8829274217183471,0.1118597717345642,17.259783506393433
AP2A,topk,1,9,0,-1,0.9008411893473,0.0995368520893416,0.8796535557112638,0.0992501403098442,0.8762400859826925,0.077472989068235,0.86282188797258,0.0945449868751386,0.90418046372093,0.1198442233070297,0.8829274217183471,0.1118597717345642,10.563235759735107
AP2A,topk,2,9,0,-1,0.9042813964492666,0.0970122231521074,0.8814727018146635,0.1059944955638328,0.8762400859826925,0.077472989068235,0.86282188797258,0.0945449868751386,0.90418046372093,0.1198442233070297,0.8829274217183471,0.1118597717345642,9.554075002670288
AP2A,topk,4,9,0,-1,0.9077962537968444,0.1037013738236141,0.8831107324613461,0.1064187083822374,0.8762400859826925,0.077472989068235,0.86282188797258,0.0945449868751386,0.90418046372093,0.1198442233070297,0.8829274217183471,0.1118597717345642,15.24860906600952
AP2A,topk,8,9,0,-1,0.9070282906442856,0.1034865750854713,0.88203543264945,0.1090677881996092,0.8762400859826925,0.077472989068235,0.86282188797258,0.0945449868751386,0.90418046372093,0.1198442233070297,0.8829274217183471,0.1118597717345642,16.20438814163208
TFE2,random,1,8,0,921863418,0.7453051139946496,0.0307075664036805,0.877841057224985,0.1824055202284799,0.7323898784896467,0.033212781706452,0.8820453020135994,0.1848345483152131,0.7462767343762224,0.0333455446749561,0.8902089299330441,0.2107867251915708,5.509750127792358
TFE2,random,1,8,1,1106621548,0.7220718808016129,0.0274466564841517,0.8621496030278133,0.171101815690433,0.7323898784896467,0.033212781706452,0.8820453020135994,0.1848345483152131,0.7343145631591137,0.0297925317925187,0.8782066468314174,0.1852668149168027,5.6327598094940186
TFE2,random,1,8,2,1492968918,0.7329625914332896,0.0304086877152035,0.8586736112527048,0.1528499793610822,0.7323898784896467,0.033212781706452,0.8820453020135994,0.1848345483152131,0.7389151142589039,0.033212781706452,0.869375368401237,0.1848345483152131,5.552813529968262
TFE2,random,1,8,3,805033280,0.7417476873861051,0.0299463293830729,0.8784592490816003,0.1807921574393118,0.7323898784896467,0.033212781706452,0.8820453020135994,0.1848345483152131,0.7462767343762224,0.0333455446749561,0.8902089299330441,0.2107867251915708,5.349270343780518
TFE2,random,1,8,4,832520419,0.7418063673891517,0.0321571948295401,0.8595769191030864,0.1639147552132764,0.7323898784896467,0.033212781706452,0.8820453020135994,0.1848345483152131,0.7427695031345226,0.0328023519311929,0.8724327008079831,0.1796977007114647,4.244436264038086
TFE2,random,2,8,0,884226723,0.7482010952046132,0.0318150900251309,0.880486263814184,0.1946827617063236,0.7323898784896467,0.033212781706452,0.8820453020135994,0.1848345483152131,0.7343145631591137,0.0297925317925187,0.8782066468314174,0.1852668149168027,3.6722412109375
TFE2,random,2,8,1,1135807029,0.7736773488452345,0.0542157845301755,0.8867983826003384,0.2013993292149815,0.7323898784896467,0.033212781706452,0.8820453020135994,0.1848345483152131,0.7462767343762224,0.0333455446749561,0.8902089299330441,0.2107867251915708,4.510122299194336
TFE2,random,2,8,2,1522162575,0.739345920042861,0.0319820146403257,0.8818986677471343,0.1905736048550024,0.7323898784896467,0.033212781706452,0.8820453020135994,0.1848345483152131,0.7323898784896467,0.033212781706452,0.8820453020135994,0.1848345483152131,3.966830730438232
TFE2,random,2,8,3,767388441,0.7565528594130757,0.0479978473780757,0.8787812862736968,0.1890989297475074,0.7323898784896467,0.033212781706452,0.8820453020135994,0.1848345483152131,0.7323898784896467,0.0282806802791761,0.8820453020135994,0.1929073335284797,4.154120206832886
TFE2,random,2,8,4,869924538,0.7385713245721801,0.0272709659910689,0.8734595025352907,0.1607439959935186,0.7323898784896467,0.033212781706452,0.8820453020135994,0.1848345483152131,0.7323898784896467,0.0303617620307875,0.8820453020135994,0.196690790326993,3.48403263092041
TFE2,random,4,8,0,809059857,0.7679028090752187,0.0461882075862049,0.8916770981854855,0.2232737410674416,0.7323898784896467,0.033212781706452,0.8820453020135994,0.1848345483152131,0.7343145631591137,0.0297925317925187,0.8782066468314174,0.1852668149168027,6.792504549026489
TFE2,random,4,8,1,1195275911,0.756175519790835,0.037743244617157,0.8859333344622426,0.2094417076669826,0.7323898784896467,0.033212781706452,0.8820453020135994,0.1848345483152131,0.7343145631591137,0.0297925317925187,0.8782066468314174,0.1852668149168027,7.773893356323242
TFE2,random,4,8,2,1580672829,0.7641141923222203,0.0563146260696485,0.8848898795678517,0.2096341336803663,0.7323898784896467,0.033212781706452,0.8820453020135994,0.1848345483152131,0.7323898784896467,0.0303617620307875,0.8820453020135994,0.196690790326993,7.4591944217681885
TFE2,random,4,8,3,691017643,0.7674457397799642,0.0460884339895387,0.8866043055894525,0.2110697674639285,0.7323898784896467,0.033212781706452,0.8820453020135994,0.1848345483152131,0.7323898784896467,0.0282806802791761,0.8820453020135994,0.1929073335284797,7.290663003921509
TFE2,random,4,8,4,928285192,0.7688823635631639,0.0547175557220431,0.8943066382764475,0.2431940824969897,0.7323898784896467,0.033212781706452,0.8820453020135994,0.1848345483152131,0.7462767343762224,0.0333455446749561,0.8902089299330441,0.2107867251915708,6.944102048873901
TFE2,random,8,8,0,-1,0.7732600148500564,0.0605334643792011,0.8957814465097192,0.2417624224712317,0.7323898784896467,0.033212781706452,0.8820453020135994,0.1848345483152131,0.7343145631591137,0.0297925317925187,0.8782066468314174,0.1852668149168027,7.187177419662476
TFE2,random,8,8,1,-1,0.7755433535116548,0.0614944143959994,0.89634195830657,0.24265306067015,0.7323898784896467,0.033212781706452,0.8820453020135994,0.1848345483152131,0.7343145631591137,0.0297925317925187,0.8782066468314174,0.1852668149168027,6.328060865402222
TFE2,topk,1,8,0,-1,0.721858955293869,0.0270015843271992,0.86419942759083,0.1726222125922153,0.7323898784896467,0.033212781706452,0.8820453020135994,0.1848345483152131,0.7343145631591137,0.0297925317925187,0.8782066468314174,0.1852668149168027,5.342710971832275
TFE2,topk,2,8,0,-1,0.7491643928705221,0.0321719854599632,0.886763755281865,0.1985095656766247,0.7323898784896467,0.033212781706452,0.8820453020135994,0.1848345483152131,0.7343145631591137,0.0297925317925187,0.8782066468314174,0.1852668149168027,4.903989553451538
TFE2,topk,4,8,0,-1,0.7518627986397638,0.0388231107364914,0.8911653100495913,0.2261495803788459,0.7323898784896467,0.033212781706452,0.8820453020135994,0.1848345483152131,0.7343145631591137,0.0297925317925187,0.8782066468314174,0.1852668149168027,7.640813589096069
MAFK,random,1,9,0,1660379236,0.7547166593829567,0.0392534025292352,0.8485423163305932,0.0459338159800097,0.8082991042005166,0.2708518446371087,0.9087750398307272,0.5334027439052422,0.7380655822223255,0.0311981816059164,0.8452878867708808,0.0533799277014493,3.40938138961792
MAFK,random,1,9,1,368070898,0.793906837800496,0.2300749147451329,0.9098278964727952,0.5356035374115609,0.8082991042005166,0.2708518446371087,0.9087750398307272,0.5334027439052422,0.8103928211239206,0.2708518446371087,0.9140937376270852,0.5334027439052422,7.437054872512817
MAFK,random,1,9,2,217645384,0.7853338467434285,0.1420981896826567,0.9001193722323528,0.3033783031913815,0.8082991042005166,0.2708518446371087,0.9087750398307272,0.5334027439052422,0.7920050041346082,0.1512167151112647,0.8991652615083788,0.3035222604268185,8.919628381729126
MAFK,random,1,9,3,2080256478,0.7805415529730124,0.1421330600955663,0.9000428169697741,0.3035015352196371,0.8082991042005166,0.2708518446371087,0.9087750398307272,0.5334027439052422,0.7920050041346082,0.1512167151112647,0.8991652615083788,0.3035222604268185,7.874587297439575
MAFK,random,1,9,4,1704633469,0.7702647440254751,0.1348610061920694,0.85339042479212,0.2433801468116002,0.8082991042005166,0.2708518446371087,0.9087750398307272,0.5334027439052422,0.7715484844396503,0.1488905049981767,0.8553889831991749,0.2853247976727182,6.199435472488403
MAFK,random,2,9,0,1622269501,0.8555171251100357,0.4015660179467923,0.938084310196976,0.6442564821765127,0.8082991042005166,0.2708518446371087,0.9087750398307272,0.5334027439052422,0.8540467732519796,0.3831342477161157,0.940349306407072,0.6290363875893248,6.326521635055542
MAFK,random,2,9,1,397864619,0.8118353076813338,0.2782504495029138,0.9084510262728366,0.5335065079514627,0.8082991042005166,0.2708518446371087,0.9087750398307272,0.5334027439052422,0.8052907276114144,0.2465927506826631,0.9102409225475152,0.5059927235683054,6.182488203048706
MAFK,random,2,9,2,247447313,0.8171035171173636,0.2917702530830971,0.9197266656011154,0.5433523950181209,0.8082991042005166,0.2708518446371087,0.9087750398307272,0.5334027439052422,0.8234050558198993,0.2960831790583457,0.919907464466713,0.5348042753589877,6.818000793457031
MAFK,random,2,9,3,2042138503,0.8418427936566957,0.2916289560331428,0.9348598430201044,0.5514412424498687,0.8082991042005166,0.2708518446371087,0.9087750398307272,0.5334027439052422,0.8052907276114144,0.2465927506826631,0.9102409225475152,0.5059927235683054,7.443024635314941
MAFK,random,2,9,4,1742477860,0.8470785115066477,0.3361415435296885,0.9398950102112,0.4983708173970007,0.8082991042005166,0.2708518446371087,0.9087750398307272,0.5334027439052422,0.8234050558198993,0.2960831790583457,0.919907464466713,0.5348042753589877,7.528205156326294
MAFK,random,4,9,0,1681695375,0.8173899702562122,0.3286903609747766,0.9117451141324387,0.5350149205038738,0.8082991042005166,0.2708518446371087,0.9087750398307272,0.5334027439052422,0.8082991042005166,0.2465927506826631,0.9087750398307272,0.5059927235683054,12.150402545928957
MAFK,random,4,9,1,322671129,0.8512570693407027,0.4088739192041801,0.9352346851740732,0.5986415410451669,0.8082991042005166,0.2708518446371087,0.9087750398307272,0.5334027439052422,0.8234050558198993,0.2960831790583457,0.919907464466713,0.5348042753589877,10.097753286361694
MAFK,random,4,9,2,171099043,0.8605010869619012,0.4293409962909479,0.940698122020817,0.6507495887685006,0.8082991042005166,0.2708518446371087,0.9087750398307272,0.5334027439052422,0.8540467732519796,0.3831342477161157,0.940349306407072,0.6290363875893248,10.634769678115845
MAFK,random,4,9,3,2100687669,0.8637734307908775,0.4395424153312685,0.9425158440780588,0.6502697128607794,0.8082991042005166,0.2708518446371087,0.9087750398307272,0.5334027439052422,0.8540467732519796,0.3831342477161157,0.940349306407072,0.6290363875893248,9.45913863182068
MAFK,random,4,9,4,1666279062,0.823932075801364,0.3200133288235329,0.9093570197589794,0.5669901877921592,0.8082991042005166,0.2708518446371087,0.9087750398307272,0.5334027439052422,0.8082991042005166,0.2708518446371087,0.9087750398307272,0.5334027439052422,9.931147575378418
MAFK,random,8,9,0,1831230443,0.8529293101433781,0.4423791084737196,0.940182101816925,0.6652989731255511,0.8082991042005166,0.2708518446371087,0.9087750398307272,0.5334027439052422,0.8540467732519796,0.3831342477161157,0.940349306407072,0.6290363875893248,7.3829345703125
MAFK,random,8,9,1,438397821,0.8524373100667755,0.4482458064257799,0.938346799662662,0.6555137537557423,0.8082991042005166,0.2708518446371087,0.9087750398307272,0.5334027439052422,0.8540467732519796,0.3831342477161157,0.940349306407072,0.6290363875893248,5.584218740463257
MAFK,random,8,9,2,52968135,0.8581448014430568,0.4438450631634943,0.9401149800818877,0.6598629417759307,0.8082991042005166,0.2708518446371087,0.9087750398307272,0.5334027439052422,0.8540467732519796,0.3831342477161157,0.940349306407072,0.6290363875893248,5.379537343978882
MAFK,random,8,9,3,1949239889,0.8529317308741291,0.4398150483050246,0.9403659244092312,0.6580313662791892,0.8082991042005166,0.2708518446371087,0.9087750398307272,0.5334027439052422,0.8540467732519796,0.3831342477161157,0.940349306407072,0.6290363875893248,5.617936134338379
MAFK,random,8,9,4,1783341042,0.8534007071115906,0.4438370748593153,0.9427923526403033,0.6626081528489336,0.8082991042005166,0.2708518446371087,0.9087750398307272,0.5334027439052422,0.8540467732519796,0.3831342477161157,0.940349306407072,0.6290363875893248,5.150149822235107
MAFK,random,9,9,0,-1,0.8578873970732181,0.4535962317940308,0.940991286069436,0.6580669071382138,0.8082991042005166,0.2708518446371087,0.9087750398307272,0.5334027439052422,0.8540467732519796,0.3831342477161157,0.940349306407072,0.6290363875893248,6.361199855804443
MAFK,random,9,9,1,-1,0.8540169713667359,0.4488560815871304,0.9428334103509012,0.6586054045480926,0.8082991042005166,0.2708518446371087,0.9087750398307272,0.5334027439052422,0.8540467732519796,0.3831342477161157,0.940349306407072,0.6290363875893248,6.52080225944519
MAFK,topk,1,9,0,-1,0.8507692114033848,0.3074292558813287,0.9370332153130316,0.5935683266519038,0.8082991042005166,0.2708518446371087,0.9087750398307272,0.5334027439052422,0.8540467732519796,0.3831342477161157,0.940349306407072,0.6290363875893248,4.569496393203735
MAFK,topk,2,9,0,-1,0.8520053979068101,0.3770986216011644,0.9400933017106498,0.5967457530610549,0.8082991042005166,0.2708518446371087,0.9087750398307272,0.5334027439052422,0.8540467732519796,0.3831342477161157,0.940349306407072,0.6290363875893248,4.1456825733184814
MAFK,topk,4,9,0,-1,0.8583620754764483,0.4345648267749585,0.9354400112112792,0.6156205437219041,0.8082991042005166,0.2708518446371087,0.9087750398307272,0.5334027439052422,0.8540467732519796,0.3831342477161157,0.940349306407072,0.6290363875893248,5.533804416656494
MAFK,topk,8,9,0,-1,0.8530732629320279,0.4364462340974779,0.9331311084902147,0.657936678385689,0.8082991042005166,0.2708518446371087,0.9087750398307272,0.5334027439052422,0.8540467732519796,0.3831342477161157,0.940349306407072,0.6290363875893248,5.689420938491821
