Number of PWMs,TF_name,Model,PWM type,roc_auc_train_H_PWM_mono,roc_auc_test_H_PWM_mono,roc_auc_test_M_PWM_mono,roc_auc_train_H_PWM_di,roc_auc_test_H_PWM_di,roc_auc_test_M_PWM_di,roc_auc_test_M,roc_auc_test_H,roc_auc_train_H,pr_auc_train_H_PWM_mono,pr_auc_test_H_PWM_mono,pr_auc_test_M_PWM_mono,pr_auc_train_H_PWM_di,pr_auc_test_H_PWM_di,pr_auc_test_M_PWM_di,pr_auc_test_M,pr_auc_test_H,pr_auc_train_H,roc_auc_test_H_PWM,roc_auc_test_M_PWM,pr_auc_test_H_PWM,pr_auc_test_M_PWM,Seq_count
195,ANDR,Single best mono PWM,mono,0.873007736236854,0.8779521091470112,0.919557209177338,0.8800389417303838,0.8866636853106442,0.9126371729826062,0.919557209177338,0.8779521091470112,0.873007736236854,0.429337716273405,0.5415163927881678,0.5459057740863315,0.4404412731234325,0.5504227470448627,0.5346276244802707,0.5459057740863315,0.5415163927881678,0.429337716273405,0.8779521091470112,0.919557209177338,0.5415163927881678,0.5459057740863315,10000
195,ANDR,RandomForestClassifier,mono,0.873007736236854,0.8779521091470112,0.919557209177338,0.8800389417303838,0.8866636853106442,0.9126371729826062,0.9454995229292752,0.9245973818520802,0.9395981920948132,0.429337716273405,0.5415163927881678,0.5459057740863315,0.4404412731234325,0.5504227470448627,0.5346276244802707,0.5649290370424818,0.6834136154407512,0.6680724887528361,0.8779521091470112,0.919557209177338,0.5415163927881678,0.5459057740863315,10000
108,ANDR,Single best di PWM,di,0.873007736236854,0.8779521091470112,0.919557209177338,0.8800389417303838,0.8866636853106442,0.9126371729826062,0.9126371729826062,0.8866636853106442,0.8800389417303838,0.429337716273405,0.5415163927881678,0.5459057740863315,0.4404412731234325,0.5504227470448627,0.5346276244802707,0.5346276244802707,0.5504227470448627,0.4404412731234325,0.8779521091470112,0.919557209177338,0.5415163927881678,0.5459057740863315,10000
108,ANDR,RandomForestClassifier,di,0.873007736236854,0.8779521091470112,0.919557209177338,0.8800389417303838,0.8866636853106442,0.9126371729826062,0.9482269669522876,0.938248952552616,0.9477759211268548,0.429337716273405,0.5415163927881678,0.5459057740863315,0.4404412731234325,0.5504227470448627,0.5346276244802707,0.5755073835013057,0.7213420491480234,0.7006065135539592,0.8779521091470112,0.919557209177338,0.5415163927881678,0.5459057740863315,10000
195,ANDR,RandomForestClassifier,mono+di,0.873007736236854,0.8779521091470112,0.919557209177338,0.8800389417303838,0.8866636853106442,0.9126371729826062,0.948447865148413,0.9375366122556492,0.9483019293816708,0.429337716273405,0.5415163927881678,0.5459057740863315,0.4404412731234325,0.5504227470448627,0.5346276244802707,0.5789182264206497,0.720667439958371,0.7054585428255532,0.8779521091470112,0.919557209177338,0.5415163927881678,0.5459057740863315,10000
195,ANDR,Single best mono PWM,mono,0.873007736236854,0.8779521091470112,0.919557209177338,0.8800389417303838,0.8866636853106442,0.9126371729826062,0.919557209177338,0.8779521091470112,0.873007736236854,0.429337716273405,0.5415163927881678,0.5459057740863315,0.4404412731234325,0.5504227470448627,0.5346276244802707,0.5459057740863315,0.5415163927881678,0.429337716273405,0.8779521091470112,0.919557209177338,0.5415163927881678,0.5459057740863315,10000
195,ANDR,LogisticRegression,mono,0.873007736236854,0.8779521091470112,0.919557209177338,0.8800389417303838,0.8866636853106442,0.9126371729826062,0.9486788667683016,0.9372833370117988,0.9428593763090138,0.429337716273405,0.5415163927881678,0.5459057740863315,0.4404412731234325,0.5504227470448627,0.5346276244802707,0.5808929495965545,0.72061801797759,0.6245384974209134,0.8779521091470112,0.919557209177338,0.5415163927881678,0.5459057740863315,10000
108,ANDR,Single best di PWM,di,0.873007736236854,0.8779521091470112,0.919557209177338,0.8800389417303838,0.8866636853106442,0.9126371729826062,0.9126371729826062,0.8866636853106442,0.8800389417303838,0.429337716273405,0.5415163927881678,0.5459057740863315,0.4404412731234325,0.5504227470448627,0.5346276244802707,0.5346276244802707,0.5504227470448627,0.4404412731234325,0.8779521091470112,0.919557209177338,0.5415163927881678,0.5459057740863315,10000
108,ANDR,LogisticRegression,di,0.873007736236854,0.8779521091470112,0.919557209177338,0.8800389417303838,0.8866636853106442,0.9126371729826062,0.949757067608717,0.94245985290765,0.943743434126235,0.429337716273405,0.5415163927881678,0.5459057740863315,0.4404412731234325,0.5504227470448627,0.5346276244802707,0.5702189731410597,0.7378839650186555,0.6309911948572547,0.8779521091470112,0.919557209177338,0.5415163927881678,0.5459057740863315,10000
195,ANDR,LogisticRegression,mono+di,0.873007736236854,0.8779521091470112,0.919557209177338,0.8800389417303838,0.8866636853106442,0.9126371729826062,0.9531939054785904,0.941550175315834,0.949177791864706,0.429337716273405,0.5415163927881678,0.5459057740863315,0.4404412731234325,0.5504227470448627,0.5346276244802707,0.5899856235859936,0.7371384627158534,0.6640293434757019,0.8779521091470112,0.919557209177338,0.5415163927881678,0.5459057740863315,10000
195,ANDR,Single best mono PWM,mono,0.873007736236854,0.8779521091470112,0.919557209177338,0.8800389417303838,0.8866636853106442,0.9126371729826062,0.919557209177338,0.8779521091470112,0.873007736236854,0.429337716273405,0.5415163927881678,0.5459057740863315,0.4404412731234325,0.5504227470448627,0.5346276244802707,0.5459057740863315,0.5415163927881678,0.429337716273405,0.8779521091470112,0.919557209177338,0.5415163927881678,0.5459057740863315,10000
195,ANDR,XGBClassifier,mono,0.873007736236854,0.8779521091470112,0.919557209177338,0.8800389417303838,0.8866636853106442,0.9126371729826062,0.947803187826737,0.934160145005472,0.9695664060274676,0.429337716273405,0.5415163927881678,0.5459057740863315,0.4404412731234325,0.5504227470448627,0.5346276244802707,0.5516416331817312,0.6959474808283584,0.7872989440506057,0.8779521091470112,0.919557209177338,0.5415163927881678,0.5459057740863315,10000
108,ANDR,Single best di PWM,di,0.873007736236854,0.8779521091470112,0.919557209177338,0.8800389417303838,0.8866636853106442,0.9126371729826062,0.9126371729826062,0.8866636853106442,0.8800389417303838,0.429337716273405,0.5415163927881678,0.5459057740863315,0.4404412731234325,0.5504227470448627,0.5346276244802707,0.5346276244802707,0.5504227470448627,0.4404412731234325,0.8779521091470112,0.919557209177338,0.5415163927881678,0.5459057740863315,10000
108,ANDR,XGBClassifier,di,0.873007736236854,0.8779521091470112,0.919557209177338,0.8800389417303838,0.8866636853106442,0.9126371729826062,0.9493012285699244,0.94290415098879,0.9697480142085596,0.429337716273405,0.5415163927881678,0.5459057740863315,0.4404412731234325,0.5504227470448627,0.5346276244802707,0.5642880913989557,0.7308746946327634,0.7994366657435505,0.8779521091470112,0.919557209177338,0.5415163927881678,0.5459057740863315,10000
195,ANDR,XGBClassifier,mono+di,0.873007736236854,0.8779521091470112,0.919557209177338,0.8800389417303838,0.8866636853106442,0.9126371729826062,0.9512305965086674,0.941592052680814,0.9735807092551118,0.429337716273405,0.5415163927881678,0.5459057740863315,0.4404412731234325,0.5504227470448627,0.5346276244802707,0.5600422167813587,0.7134350780076197,0.8147299104849134,0.8779521091470112,0.919557209177338,0.5415163927881678,0.5459057740863315,10000
195,ANDR,Single best mono PWM,mono,0.873007736236854,0.8779521091470112,0.919557209177338,0.8800389417303838,0.8866636853106442,0.9126371729826062,0.919557209177338,0.8779521091470112,0.873007736236854,0.429337716273405,0.5415163927881678,0.5459057740863315,0.4404412731234325,0.5504227470448627,0.5346276244802707,0.5459057740863315,0.5415163927881678,0.429337716273405,0.8779521091470112,0.919557209177338,0.5415163927881678,0.5459057740863315,10000
195,ANDR,BaggingClassifier_XGBClassifier,mono,0.873007736236854,0.8779521091470112,0.919557209177338,0.8800389417303838,0.8866636853106442,0.9126371729826062,0.9496177114926656,0.9377733603304944,0.9750293640775886,0.429337716273405,0.5415163927881678,0.5459057740863315,0.4404412731234325,0.5504227470448627,0.5346276244802707,0.5775533258049381,0.7145868609699136,0.8015571477659406,0.8779521091470112,0.919557209177338,0.5415163927881678,0.5459057740863315,10000
108,ANDR,Single best di PWM,di,0.873007736236854,0.8779521091470112,0.919557209177338,0.8800389417303838,0.8866636853106442,0.9126371729826062,0.9126371729826062,0.8866636853106442,0.8800389417303838,0.429337716273405,0.5415163927881678,0.5459057740863315,0.4404412731234325,0.5504227470448627,0.5346276244802707,0.5346276244802707,0.5504227470448627,0.4404412731234325,0.8779521091470112,0.919557209177338,0.5415163927881678,0.5459057740863315,10000
108,ANDR,BaggingClassifier_XGBClassifier,di,0.873007736236854,0.8779521091470112,0.919557209177338,0.8800389417303838,0.8866636853106442,0.9126371729826062,0.9515586189774682,0.9445488530625432,0.9756053142470972,0.429337716273405,0.5415163927881678,0.5459057740863315,0.4404412731234325,0.5504227470448627,0.5346276244802707,0.5872815316486328,0.7375168800241924,0.8087226662990966,0.8779521091470112,0.919557209177338,0.5415163927881678,0.5459057740863315,10000
195,ANDR,BaggingClassifier_XGBClassifier,mono+di,0.873007736236854,0.8779521091470112,0.919557209177338,0.8800389417303838,0.8866636853106442,0.9126371729826062,0.9534550454396344,0.9459828531492748,0.9795603955944528,0.429337716273405,0.5415163927881678,0.5459057740863315,0.4404412731234325,0.5504227470448627,0.5346276244802707,0.5845139926279614,0.741944943986082,0.831928295833722,0.8779521091470112,0.919557209177338,0.5415163927881678,0.5459057740863315,10000
195,ANDR,Single best mono PWM,mono,0.873007736236854,0.8779521091470112,0.919557209177338,0.8800389417303838,0.8866636853106442,0.9126371729826062,0.919557209177338,0.8779521091470112,0.873007736236854,0.429337716273405,0.5415163927881678,0.5459057740863315,0.4404412731234325,0.5504227470448627,0.5346276244802707,0.5459057740863315,0.5415163927881678,0.429337716273405,0.8779521091470112,0.919557209177338,0.5415163927881678,0.5459057740863315,10000
195,ANDR,BaggingClassifier_LogisticRegression,mono,0.873007736236854,0.8779521091470112,0.919557209177338,0.8800389417303838,0.8866636853106442,0.9126371729826062,0.948717463397819,0.937176362795446,0.9428342320731428,0.429337716273405,0.5415163927881678,0.5459057740863315,0.4404412731234325,0.5504227470448627,0.5346276244802707,0.5805164654494893,0.7200684683393305,0.6242484522004115,0.8779521091470112,0.919557209177338,0.5415163927881678,0.5459057740863315,10000
108,ANDR,Single best di PWM,di,0.873007736236854,0.8779521091470112,0.919557209177338,0.8800389417303838,0.8866636853106442,0.9126371729826062,0.9126371729826062,0.8866636853106442,0.8800389417303838,0.429337716273405,0.5415163927881678,0.5459057740863315,0.4404412731234325,0.5504227470448627,0.5346276244802707,0.5346276244802707,0.5504227470448627,0.4404412731234325,0.8779521091470112,0.919557209177338,0.5415163927881678,0.5459057740863315,10000
108,ANDR,BaggingClassifier_LogisticRegression,di,0.873007736236854,0.8779521091470112,0.919557209177338,0.8800389417303838,0.8866636853106442,0.9126371729826062,0.9495228246001236,0.9423836007944848,0.9437582430870108,0.429337716273405,0.5415163927881678,0.5459057740863315,0.4404412731234325,0.5504227470448627,0.5346276244802707,0.5703320108134144,0.7370365806395027,0.6304898836237519,0.8779521091470112,0.919557209177338,0.5415163927881678,0.5459057740863315,10000
195,ANDR,BaggingClassifier_LogisticRegression,mono+di,0.873007736236854,0.8779521091470112,0.919557209177338,0.8800389417303838,0.8866636853106442,0.9126371729826062,0.9529584252472671,0.9414127120098544,0.9491870827212966,0.429337716273405,0.5415163927881678,0.5459057740863315,0.4404412731234325,0.5504227470448627,0.5346276244802707,0.5904569532269319,0.7360246835441289,0.6637202189786029,0.8779521091470112,0.919557209177338,0.5415163927881678,0.5459057740863315,10000
6,AP2A,Single best mono PWM,mono,0.8566678698264749,0.8762400859826925,0.86282188797258,0.8933310511371406,0.90418046372093,0.8829274217183471,0.86282188797258,0.8762400859826925,0.8566678698264749,0.0754171992757861,0.0774729890682353,0.0945449868751386,0.1044224352525288,0.1198442233070297,0.1118597717345642,0.0945449868751386,0.0774729890682353,0.0754171992757861,0.8762400859826925,0.86282188797258,0.0774729890682353,0.0945449868751386,2406
6,AP2A,RandomForestClassifier,mono,0.8566678698264749,0.8762400859826925,0.86282188797258,0.8933310511371406,0.90418046372093,0.8829274217183471,0.8654846747845634,0.8891899049283652,0.8947221021912453,0.0754171992757861,0.0774729890682353,0.0945449868751386,0.1044224352525288,0.1198442233070297,0.1118597717345642,0.0933697940198192,0.0973242077620281,0.1674380387522635,0.8762400859826925,0.86282188797258,0.0774729890682353,0.0945449868751386,2406
3,AP2A,Single best di PWM,di,0.8566678698264749,0.8762400859826925,0.86282188797258,0.8933310511371406,0.90418046372093,0.8829274217183471,0.8829274217183471,0.90418046372093,0.8933310511371406,0.0754171992757861,0.0774729890682353,0.0945449868751386,0.1044224352525288,0.1198442233070297,0.1118597717345642,0.1118597717345642,0.1198442233070297,0.1044224352525288,0.8762400859826925,0.86282188797258,0.0774729890682353,0.0945449868751386,2406
3,AP2A,RandomForestClassifier,di,0.8566678698264749,0.8762400859826925,0.86282188797258,0.8933310511371406,0.90418046372093,0.8829274217183471,0.8837933710475996,0.9057622844374223,0.9122590828225168,0.0754171992757861,0.0774729890682353,0.0945449868751386,0.1044224352525288,0.1198442233070297,0.1118597717345642,0.105770914764969,0.1084118172900028,0.2046187711738155,0.8762400859826925,0.86282188797258,0.0774729890682353,0.0945449868751386,2406
6,AP2A,RandomForestClassifier,mono+di,0.8566678698264749,0.8762400859826925,0.86282188797258,0.8933310511371406,0.90418046372093,0.8829274217183471,0.8831321733799273,0.9081565386669784,0.9175760536833338,0.0754171992757861,0.0774729890682353,0.0945449868751386,0.1044224352525288,0.1198442233070297,0.1118597717345642,0.1086630166356543,0.1043558276551064,0.2290881874162576,0.8762400859826925,0.86282188797258,0.0774729890682353,0.0945449868751386,2406
6,AP2A,Single best mono PWM,mono,0.8566678698264749,0.8762400859826925,0.86282188797258,0.8933310511371406,0.90418046372093,0.8829274217183471,0.86282188797258,0.8762400859826925,0.8566678698264749,0.0754171992757861,0.0774729890682353,0.0945449868751386,0.1044224352525288,0.1198442233070297,0.1118597717345642,0.0945449868751386,0.0774729890682353,0.0754171992757861,0.8762400859826925,0.86282188797258,0.0774729890682353,0.0945449868751386,2406
6,AP2A,LogisticRegression,mono,0.8566678698264749,0.8762400859826925,0.86282188797258,0.8933310511371406,0.90418046372093,0.8829274217183471,0.8677355720926461,0.8892682527095691,0.8675473446632427,0.0754171992757861,0.0774729890682353,0.0945449868751386,0.1044224352525288,0.1198442233070297,0.1118597717345642,0.0967059230938478,0.0921101562927613,0.082070621949076,0.8762400859826925,0.86282188797258,0.0774729890682353,0.0945449868751386,2406
3,AP2A,Single best di PWM,di,0.8566678698264749,0.8762400859826925,0.86282188797258,0.8933310511371406,0.90418046372093,0.8829274217183471,0.8829274217183471,0.90418046372093,0.8933310511371406,0.0754171992757861,0.0774729890682353,0.0945449868751386,0.1044224352525288,0.1198442233070297,0.1118597717345642,0.1118597717345642,0.1198442233070297,0.1044224352525288,0.8762400859826925,0.86282188797258,0.0774729890682353,0.0945449868751386,2406
3,AP2A,LogisticRegression,di,0.8566678698264749,0.8762400859826925,0.86282188797258,0.8933310511371406,0.90418046372093,0.8829274217183471,0.8762849279592078,0.9049585451296712,0.8961217894495223,0.0754171992757861,0.0774729890682353,0.0945449868751386,0.1044224352525288,0.1198442233070297,0.1118597717345642,0.1109515455580323,0.1163557032806841,0.1102068783964278,0.8762400859826925,0.86282188797258,0.0774729890682353,0.0945449868751386,2406
6,AP2A,LogisticRegression,mono+di,0.8566678698264749,0.8762400859826925,0.86282188797258,0.8933310511371406,0.90418046372093,0.8829274217183471,0.8758585912155507,0.9076732857550442,0.9008445624629156,0.0754171992757861,0.0774729890682353,0.0945449868751386,0.1044224352525288,0.1198442233070297,0.1118597717345642,0.1131653696283128,0.1207651896407085,0.1137368126558393,0.8762400859826925,0.86282188797258,0.0774729890682353,0.0945449868751386,2406
6,AP2A,Single best mono PWM,mono,0.8566678698264749,0.8762400859826925,0.86282188797258,0.8933310511371406,0.90418046372093,0.8829274217183471,0.86282188797258,0.8762400859826925,0.8566678698264749,0.0754171992757861,0.0774729890682353,0.0945449868751386,0.1044224352525288,0.1198442233070297,0.1118597717345642,0.0945449868751386,0.0774729890682353,0.0754171992757861,0.8762400859826925,0.86282188797258,0.0774729890682353,0.0945449868751386,2406
6,AP2A,XGBClassifier,mono,0.8566678698264749,0.8762400859826925,0.86282188797258,0.8933310511371406,0.90418046372093,0.8829274217183471,0.8601676653802,0.8857200925583099,0.9221775989643942,0.0754171992757861,0.0774729890682353,0.0945449868751386,0.1044224352525288,0.1198442233070297,0.1118597717345642,0.0890371863216045,0.0896213005072778,0.1985138661896055,0.8762400859826925,0.86282188797258,0.0774729890682353,0.0945449868751386,2406
3,AP2A,Single best di PWM,di,0.8566678698264749,0.8762400859826925,0.86282188797258,0.8933310511371406,0.90418046372093,0.8829274217183471,0.8829274217183471,0.90418046372093,0.8933310511371406,0.0754171992757861,0.0774729890682353,0.0945449868751386,0.1044224352525288,0.1198442233070297,0.1118597717345642,0.1118597717345642,0.1198442233070297,0.1044224352525288,0.8762400859826925,0.86282188797258,0.0774729890682353,0.0945449868751386,2406
3,AP2A,XGBClassifier,di,0.8566678698264749,0.8762400859826925,0.86282188797258,0.8933310511371406,0.90418046372093,0.8829274217183471,0.8712952938754255,0.8977069782989637,0.9270443152358212,0.0754171992757861,0.0774729890682353,0.0945449868751386,0.1044224352525288,0.1198442233070297,0.1118597717345642,0.0982434953069372,0.0961717969563082,0.2319423286384903,0.8762400859826925,0.86282188797258,0.0774729890682353,0.0945449868751386,2406
6,AP2A,XGBClassifier,mono+di,0.8566678698264749,0.8762400859826925,0.86282188797258,0.8933310511371406,0.90418046372093,0.8829274217183471,0.866765455127793,0.9019885496316704,0.9414044053570964,0.0754171992757861,0.0774729890682353,0.0945449868751386,0.1044224352525288,0.1198442233070297,0.1118597717345642,0.101812340782388,0.0882979905222393,0.2793423817071604,0.8762400859826925,0.86282188797258,0.0774729890682353,0.0945449868751386,2406
6,AP2A,Single best mono PWM,mono,0.8566678698264749,0.8762400859826925,0.86282188797258,0.8933310511371406,0.90418046372093,0.8829274217183471,0.86282188797258,0.8762400859826925,0.8566678698264749,0.0754171992757861,0.0774729890682353,0.0945449868751386,0.1044224352525288,0.1198442233070297,0.1118597717345642,0.0945449868751386,0.0774729890682353,0.0754171992757861,0.8762400859826925,0.86282188797258,0.0774729890682353,0.0945449868751386,2406
6,AP2A,BaggingClassifier_XGBClassifier,mono,0.8566678698264749,0.8762400859826925,0.86282188797258,0.8933310511371406,0.90418046372093,0.8829274217183471,0.8611354135183543,0.8896845752306088,0.9385523136032928,0.0754171992757861,0.0774729890682353,0.0945449868751386,0.1044224352525288,0.1198442233070297,0.1118597717345642,0.0975568599747659,0.0949066647666522,0.2157770635501527,0.8762400859826925,0.86282188797258,0.0774729890682353,0.0945449868751386,2406
3,AP2A,Single best di PWM,di,0.8566678698264749,0.8762400859826925,0.86282188797258,0.8933310511371406,0.90418046372093,0.8829274217183471,0.8829274217183471,0.90418046372093,0.8933310511371406,0.0754171992757861,0.0774729890682353,0.0945449868751386,0.1044224352525288,0.1198442233070297,0.1118597717345642,0.1118597717345642,0.1198442233070297,0.1044224352525288,0.8762400859826925,0.86282188797258,0.0774729890682353,0.0945449868751386,2406
3,AP2A,BaggingClassifier_XGBClassifier,di,0.8566678698264749,0.8762400859826925,0.86282188797258,0.8933310511371406,0.90418046372093,0.8829274217183471,0.8722741919854037,0.9011658729456816,0.9369880415024746,0.0754171992757861,0.0774729890682353,0.0945449868751386,0.1044224352525288,0.1198442233070297,0.1118597717345642,0.1028308742996337,0.0990774138947707,0.2435804982246884,0.8762400859826925,0.86282188797258,0.0774729890682353,0.0945449868751386,2406
6,AP2A,BaggingClassifier_XGBClassifier,mono+di,0.8566678698264749,0.8762400859826925,0.86282188797258,0.8933310511371406,0.90418046372093,0.8829274217183471,0.8699068143490992,0.9071167067149744,0.9558970222771064,0.0754171992757861,0.0774729890682353,0.0945449868751386,0.1044224352525288,0.1198442233070297,0.1118597717345642,0.1037951930647669,0.0982795607769403,0.3140246023980038,0.8762400859826925,0.86282188797258,0.0774729890682353,0.0945449868751386,2406
6,AP2A,Single best mono PWM,mono,0.8566678698264749,0.8762400859826925,0.86282188797258,0.8933310511371406,0.90418046372093,0.8829274217183471,0.86282188797258,0.8762400859826925,0.8566678698264749,0.0754171992757861,0.0774729890682353,0.0945449868751386,0.1044224352525288,0.1198442233070297,0.1118597717345642,0.0945449868751386,0.0774729890682353,0.0754171992757861,0.8762400859826925,0.86282188797258,0.0774729890682353,0.0945449868751386,2406
6,AP2A,BaggingClassifier_LogisticRegression,mono,0.8566678698264749,0.8762400859826925,0.86282188797258,0.8933310511371406,0.90418046372093,0.8829274217183471,0.8673177735375298,0.888976547131337,0.8674277526052839,0.0754171992757861,0.0774729890682353,0.0945449868751386,0.1044224352525288,0.1198442233070297,0.1118597717345642,0.0961609077179948,0.091533848106782,0.0820262735170238,0.8762400859826925,0.86282188797258,0.0774729890682353,0.0945449868751386,2406
3,AP2A,Single best di PWM,di,0.8566678698264749,0.8762400859826925,0.86282188797258,0.8933310511371406,0.90418046372093,0.8829274217183471,0.8829274217183471,0.90418046372093,0.8933310511371406,0.0754171992757861,0.0774729890682353,0.0945449868751386,0.1044224352525288,0.1198442233070297,0.1118597717345642,0.1118597717345642,0.1198442233070297,0.1044224352525288,0.8762400859826925,0.86282188797258,0.0774729890682353,0.0945449868751386,2406
3,AP2A,BaggingClassifier_LogisticRegression,di,0.8566678698264749,0.8762400859826925,0.86282188797258,0.8933310511371406,0.90418046372093,0.8829274217183471,0.8762502025216672,0.9049489515238094,0.8961248260124755,0.0754171992757861,0.0774729890682353,0.0945449868751386,0.1044224352525288,0.1198442233070297,0.1118597717345642,0.1108174492466309,0.116383644256585,0.1101365457420853,0.8762400859826925,0.86282188797258,0.0774729890682353,0.0945449868751386,2406
6,AP2A,BaggingClassifier_LogisticRegression,mono+di,0.8566678698264749,0.8762400859826925,0.86282188797258,0.8933310511371406,0.90418046372093,0.8829274217183471,0.8757877346630879,0.9074432390811524,0.9007858464485948,0.0754171992757861,0.0774729890682353,0.0945449868751386,0.1044224352525288,0.1198442233070297,0.1118597717345642,0.1128933720570662,0.1204754735757799,0.1137493701818942,0.8762400859826925,0.86282188797258,0.0774729890682353,0.0945449868751386,2406
20,CEBPB,Single best mono PWM,mono,0.9398572112640324,0.9389172460942248,0.9219528732727826,0.9406920905884246,0.94318367716896,0.9221863625979564,0.9219528732727826,0.9389172460942248,0.9398572112640324,0.4634512128702822,0.2811573402952807,0.449919191386473,0.4808114701183536,0.3241791272320455,0.4760651477103992,0.449919191386473,0.2811573402952807,0.4634512128702822,0.9389172460942248,0.9219528732727826,0.2811573402952807,0.449919191386473,10000
20,CEBPB,RandomForestClassifier,mono,0.9398572112640324,0.9389172460942248,0.9219528732727826,0.9406920905884246,0.94318367716896,0.9221863625979564,0.9249148308780772,0.9439996490034644,0.9520369964531568,0.4634512128702822,0.2811573402952807,0.449919191386473,0.4808114701183536,0.3241791272320455,0.4760651477103992,0.4847823814729828,0.365563528393385,0.5749097353696873,0.9389172460942248,0.9219528732727826,0.2811573402952807,0.449919191386473,10000
10,CEBPB,Single best di PWM,di,0.9398572112640324,0.9389172460942248,0.9219528732727826,0.9406920905884246,0.94318367716896,0.9221863625979564,0.9221863625979564,0.94318367716896,0.9406920905884246,0.4634512128702822,0.2811573402952807,0.449919191386473,0.4808114701183536,0.3241791272320455,0.4760651477103992,0.4760651477103992,0.3241791272320455,0.4808114701183536,0.9389172460942248,0.9219528732727826,0.2811573402952807,0.449919191386473,10000
10,CEBPB,RandomForestClassifier,di,0.9398572112640324,0.9389172460942248,0.9219528732727826,0.9406920905884246,0.94318367716896,0.9221863625979564,0.9284803457203776,0.9479064432667264,0.9531747983861132,0.4634512128702822,0.2811573402952807,0.449919191386473,0.4808114701183536,0.3241791272320455,0.4760651477103992,0.4820820839130409,0.3451709111175803,0.5765142648846531,0.9389172460942248,0.9219528732727826,0.2811573402952807,0.449919191386473,10000
20,CEBPB,RandomForestClassifier,mono+di,0.9398572112640324,0.9389172460942248,0.9219528732727826,0.9406920905884246,0.94318367716896,0.9221863625979564,0.9293309268822862,0.9484493354485354,0.95484103702475,0.4634512128702822,0.2811573402952807,0.449919191386473,0.4808114701183536,0.3241791272320455,0.4760651477103992,0.4954125579268775,0.372775249096431,0.5950998114244223,0.9389172460942248,0.9219528732727826,0.2811573402952807,0.449919191386473,10000
20,CEBPB,Single best mono PWM,mono,0.9398572112640324,0.9389172460942248,0.9219528732727826,0.9406920905884246,0.94318367716896,0.9221863625979564,0.9219528732727826,0.9389172460942248,0.9398572112640324,0.4634512128702822,0.2811573402952807,0.449919191386473,0.4808114701183536,0.3241791272320455,0.4760651477103992,0.449919191386473,0.2811573402952807,0.4634512128702822,0.9389172460942248,0.9219528732727826,0.2811573402952807,0.449919191386473,10000
20,CEBPB,LogisticRegression,mono,0.9398572112640324,0.9389172460942248,0.9219528732727826,0.9406920905884246,0.94318367716896,0.9221863625979564,0.9247550241602748,0.9430926670874936,0.9447734035546492,0.4634512128702822,0.2811573402952807,0.449919191386473,0.4808114701183536,0.3241791272320455,0.4760651477103992,0.4927567215910567,0.3441955305743335,0.5090606629213732,0.9389172460942248,0.9219528732727826,0.2811573402952807,0.449919191386473,10000
10,CEBPB,Single best di PWM,di,0.9398572112640324,0.9389172460942248,0.9219528732727826,0.9406920905884246,0.94318367716896,0.9221863625979564,0.9221863625979564,0.94318367716896,0.9406920905884246,0.4634512128702822,0.2811573402952807,0.449919191386473,0.4808114701183536,0.3241791272320455,0.4760651477103992,0.4760651477103992,0.3241791272320455,0.4808114701183536,0.9389172460942248,0.9219528732727826,0.2811573402952807,0.449919191386473,10000
10,CEBPB,LogisticRegression,di,0.9398572112640324,0.9389172460942248,0.9219528732727826,0.9406920905884246,0.94318367716896,0.9221863625979564,0.9270910745437932,0.9467674708723272,0.9447610579057524,0.4634512128702822,0.2811573402952807,0.449919191386473,0.4808114701183536,0.3241791272320455,0.4760651477103992,0.4805600199774542,0.3328909095854052,0.4955126199634874,0.9389172460942248,0.9219528732727826,0.2811573402952807,0.449919191386473,10000
20,CEBPB,LogisticRegression,mono+di,0.9398572112640324,0.9389172460942248,0.9219528732727826,0.9406920905884246,0.94318367716896,0.9221863625979564,0.930948000027691,0.9504519463311276,0.9496266708461196,0.4634512128702822,0.2811573402952807,0.449919191386473,0.4808114701183536,0.3241791272320455,0.4760651477103992,0.5182767682813356,0.3747724413290799,0.5407018479494307,0.9389172460942248,0.9219528732727826,0.2811573402952807,0.449919191386473,10000
20,CEBPB,Single best mono PWM,mono,0.9398572112640324,0.9389172460942248,0.9219528732727826,0.9406920905884246,0.94318367716896,0.9221863625979564,0.9219528732727826,0.9389172460942248,0.9398572112640324,0.4634512128702822,0.2811573402952807,0.449919191386473,0.4808114701183536,0.3241791272320455,0.4760651477103992,0.449919191386473,0.2811573402952807,0.4634512128702822,0.9389172460942248,0.9219528732727826,0.2811573402952807,0.449919191386473,10000
20,CEBPB,XGBClassifier,mono,0.9398572112640324,0.9389172460942248,0.9219528732727826,0.9406920905884246,0.94318367716896,0.9221863625979564,0.9227967740148976,0.9436948121684332,0.9638213349693372,0.4634512128702822,0.2811573402952807,0.449919191386473,0.4808114701183536,0.3241791272320455,0.4760651477103992,0.475564688396538,0.3793070682050976,0.6213999016758169,0.9389172460942248,0.9219528732727826,0.2811573402952807,0.449919191386473,10000
10,CEBPB,Single best di PWM,di,0.9398572112640324,0.9389172460942248,0.9219528732727826,0.9406920905884246,0.94318367716896,0.9221863625979564,0.9221863625979564,0.94318367716896,0.9406920905884246,0.4634512128702822,0.2811573402952807,0.449919191386473,0.4808114701183536,0.3241791272320455,0.4760651477103992,0.4760651477103992,0.3241791272320455,0.4808114701183536,0.9389172460942248,0.9219528732727826,0.2811573402952807,0.449919191386473,10000
10,CEBPB,XGBClassifier,di,0.9398572112640324,0.9389172460942248,0.9219528732727826,0.9406920905884246,0.94318367716896,0.9221863625979564,0.9281699505718164,0.9455914546079066,0.9619462326377878,0.4634512128702822,0.2811573402952807,0.449919191386473,0.4808114701183536,0.3241791272320455,0.4760651477103992,0.4711098722425291,0.3446268013731243,0.6338017421233361,0.9389172460942248,0.9219528732727826,0.2811573402952807,0.449919191386473,10000
20,CEBPB,XGBClassifier,mono+di,0.9398572112640324,0.9389172460942248,0.9219528732727826,0.9406920905884246,0.94318367716896,0.9221863625979564,0.929795100448592,0.9487125766742645,0.9678349549448458,0.4634512128702822,0.2811573402952807,0.449919191386473,0.4808114701183536,0.3241791272320455,0.4760651477103992,0.5046910786613397,0.3833669335187201,0.658430350275727,0.9389172460942248,0.9219528732727826,0.2811573402952807,0.449919191386473,10000
20,CEBPB,Single best mono PWM,mono,0.9398572112640324,0.9389172460942248,0.9219528732727826,0.9406920905884246,0.94318367716896,0.9221863625979564,0.9219528732727826,0.9389172460942248,0.9398572112640324,0.4634512128702822,0.2811573402952807,0.449919191386473,0.4808114701183536,0.3241791272320455,0.4760651477103992,0.449919191386473,0.2811573402952807,0.4634512128702822,0.9389172460942248,0.9219528732727826,0.2811573402952807,0.449919191386473,10000
20,CEBPB,BaggingClassifier_XGBClassifier,mono,0.9398572112640324,0.9389172460942248,0.9219528732727826,0.9406920905884246,0.94318367716896,0.9221863625979564,0.9246956712264282,0.9446097055878214,0.967797081294427,0.4634512128702822,0.2811573402952807,0.449919191386473,0.4808114701183536,0.3241791272320455,0.4760651477103992,0.4973839247137184,0.3817300798531579,0.6284100871887464,0.9389172460942248,0.9219528732727826,0.2811573402952807,0.449919191386473,10000
10,CEBPB,Single best di PWM,di,0.9398572112640324,0.9389172460942248,0.9219528732727826,0.9406920905884246,0.94318367716896,0.9221863625979564,0.9221863625979564,0.94318367716896,0.9406920905884246,0.4634512128702822,0.2811573402952807,0.449919191386473,0.4808114701183536,0.3241791272320455,0.4760651477103992,0.4760651477103992,0.3241791272320455,0.4808114701183536,0.9389172460942248,0.9219528732727826,0.2811573402952807,0.449919191386473,10000
10,CEBPB,BaggingClassifier_XGBClassifier,di,0.9398572112640324,0.9389172460942248,0.9219528732727826,0.9406920905884246,0.94318367716896,0.9221863625979564,0.9275808901918976,0.947420932644832,0.9659715981773032,0.4634512128702822,0.2811573402952807,0.449919191386473,0.4808114701183536,0.3241791272320455,0.4760651477103992,0.4738043773091459,0.3541064201305587,0.6428347518178877,0.9389172460942248,0.9219528732727826,0.2811573402952807,0.449919191386473,10000
20,CEBPB,BaggingClassifier_XGBClassifier,mono+di,0.9398572112640324,0.9389172460942248,0.9219528732727826,0.9406920905884246,0.94318367716896,0.9221863625979564,0.9306529788441836,0.9496946344962004,0.9713568170619258,0.4634512128702822,0.2811573402952807,0.449919191386473,0.4808114701183536,0.3241791272320455,0.4760651477103992,0.5143165179425516,0.3962756748931712,0.6700392243920847,0.9389172460942248,0.9219528732727826,0.2811573402952807,0.449919191386473,10000
20,CEBPB,Single best mono PWM,mono,0.9398572112640324,0.9389172460942248,0.9219528732727826,0.9406920905884246,0.94318367716896,0.9221863625979564,0.9219528732727826,0.9389172460942248,0.9398572112640324,0.4634512128702822,0.2811573402952807,0.449919191386473,0.4808114701183536,0.3241791272320455,0.4760651477103992,0.449919191386473,0.2811573402952807,0.4634512128702822,0.9389172460942248,0.9219528732727826,0.2811573402952807,0.449919191386473,10000
20,CEBPB,BaggingClassifier_LogisticRegression,mono,0.9398572112640324,0.9389172460942248,0.9219528732727826,0.9406920905884246,0.94318367716896,0.9221863625979564,0.9247582051477308,0.9431375545245252,0.944753781754492,0.4634512128702822,0.2811573402952807,0.449919191386473,0.4808114701183536,0.3241791272320455,0.4760651477103992,0.4928085684349413,0.3452619651864212,0.5085089130630669,0.9389172460942248,0.9219528732727826,0.2811573402952807,0.449919191386473,10000
10,CEBPB,Single best di PWM,di,0.9398572112640324,0.9389172460942248,0.9219528732727826,0.9406920905884246,0.94318367716896,0.9221863625979564,0.9221863625979564,0.94318367716896,0.9406920905884246,0.4634512128702822,0.2811573402952807,0.449919191386473,0.4808114701183536,0.3241791272320455,0.4760651477103992,0.4760651477103992,0.3241791272320455,0.4808114701183536,0.9389172460942248,0.9219528732727826,0.2811573402952807,0.449919191386473,10000
10,CEBPB,BaggingClassifier_LogisticRegression,di,0.9398572112640324,0.9389172460942248,0.9219528732727826,0.9406920905884246,0.94318367716896,0.9221863625979564,0.9270917079721984,0.9467151845429506,0.9447384888593996,0.4634512128702822,0.2811573402952807,0.449919191386473,0.4808114701183536,0.3241791272320455,0.4760651477103992,0.4803825974213704,0.332471549292698,0.4954704179820871,0.9389172460942248,0.9219528732727826,0.2811573402952807,0.449919191386473,10000
20,CEBPB,BaggingClassifier_LogisticRegression,mono+di,0.9398572112640324,0.9389172460942248,0.9219528732727826,0.9406920905884246,0.94318367716896,0.9221863625979564,0.930945052335724,0.9504819248148028,0.9495969646925664,0.4634512128702822,0.2811573402952807,0.449919191386473,0.4808114701183536,0.3241791272320455,0.4760651477103992,0.5180479188303561,0.3759456012177059,0.5408188984183785,0.9389172460942248,0.9219528732727826,0.2811573402952807,0.449919191386473,10000
10,COE1,Single best mono PWM,mono,0.9410033747128956,0.9288641005844028,0.95201799705504,0.9423754037070848,0.927123424488726,0.9524347528587594,0.95201799705504,0.9288641005844028,0.9410033747128956,0.295137426051143,0.1982420935920943,0.4397704639865851,0.2965486917686787,0.1886338883283478,0.4172134641525712,0.4397704639865851,0.1982420935920943,0.295137426051143,0.9288641005844028,0.95201799705504,0.1982420935920943,0.4397704639865851,3924
10,COE1,RandomForestClassifier,mono,0.9410033747128956,0.9288641005844028,0.95201799705504,0.9423754037070848,0.927123424488726,0.9524347528587594,0.9554704503441304,0.9313877893368436,0.9546868333348628,0.295137426051143,0.1982420935920943,0.4397704639865851,0.2965486917686787,0.1886338883283478,0.4172134641525712,0.4584330409419274,0.2247334775693937,0.4233549085564812,0.9288641005844028,0.95201799705504,0.1982420935920943,0.4397704639865851,3924
5,COE1,Single best di PWM,di,0.9410033747128956,0.9288641005844028,0.95201799705504,0.9423754037070848,0.927123424488726,0.9524347528587594,0.9524347528587594,0.927123424488726,0.9423754037070848,0.295137426051143,0.1982420935920943,0.4397704639865851,0.2965486917686787,0.1886338883283478,0.4172134641525712,0.4172134641525712,0.1886338883283478,0.2965486917686787,0.9288641005844028,0.95201799705504,0.1982420935920943,0.4397704639865851,3924
5,COE1,RandomForestClassifier,di,0.9410033747128956,0.9288641005844028,0.95201799705504,0.9423754037070848,0.927123424488726,0.9524347528587594,0.9550950705595296,0.9301740190745592,0.957031845813383,0.295137426051143,0.1982420935920943,0.4397704639865851,0.2965486917686787,0.1886338883283478,0.4172134641525712,0.4178514764227907,0.1973720396998893,0.4233930659538849,0.9288641005844028,0.95201799705504,0.1982420935920943,0.4397704639865851,3924
10,COE1,RandomForestClassifier,mono+di,0.9410033747128956,0.9288641005844028,0.95201799705504,0.9423754037070848,0.927123424488726,0.9524347528587594,0.956082382258701,0.9319481241275692,0.9571534032604504,0.295137426051143,0.1982420935920943,0.4397704639865851,0.2965486917686787,0.1886338883283478,0.4172134641525712,0.4487212693602342,0.2234514582052179,0.4362485483594687,0.9288641005844028,0.95201799705504,0.1982420935920943,0.4397704639865851,3924
10,COE1,Single best mono PWM,mono,0.9410033747128956,0.9288641005844028,0.95201799705504,0.9423754037070848,0.927123424488726,0.9524347528587594,0.95201799705504,0.9288641005844028,0.9410033747128956,0.295137426051143,0.1982420935920943,0.4397704639865851,0.2965486917686787,0.1886338883283478,0.4172134641525712,0.4397704639865851,0.1982420935920943,0.295137426051143,0.9288641005844028,0.95201799705504,0.1982420935920943,0.4397704639865851,3924
10,COE1,LogisticRegression,mono,0.9410033747128956,0.9288641005844028,0.95201799705504,0.9423754037070848,0.927123424488726,0.9524347528587594,0.9552959383341936,0.9349794363941756,0.9450123388113372,0.295137426051143,0.1982420935920943,0.4397704639865851,0.2965486917686787,0.1886338883283478,0.4172134641525712,0.4694489768752752,0.2287653755232561,0.3095597073669242,0.9288641005844028,0.95201799705504,0.1982420935920943,0.4397704639865851,3924
5,COE1,Single best di PWM,di,0.9410033747128956,0.9288641005844028,0.95201799705504,0.9423754037070848,0.927123424488726,0.9524347528587594,0.9524347528587594,0.927123424488726,0.9423754037070848,0.295137426051143,0.1982420935920943,0.4397704639865851,0.2965486917686787,0.1886338883283478,0.4172134641525712,0.4172134641525712,0.1886338883283478,0.2965486917686787,0.9288641005844028,0.95201799705504,0.1982420935920943,0.4397704639865851,3924
5,COE1,LogisticRegression,di,0.9410033747128956,0.9288641005844028,0.95201799705504,0.9423754037070848,0.927123424488726,0.9524347528587594,0.9574657223730886,0.9319545766500033,0.9468353982165312,0.295137426051143,0.1982420935920943,0.4397704639865851,0.2965486917686787,0.1886338883283478,0.4172134641525712,0.4414151691704753,0.2100765233664477,0.3151017030117761,0.9288641005844028,0.95201799705504,0.1982420935920943,0.4397704639865851,3924
10,COE1,LogisticRegression,mono+di,0.9410033747128956,0.9288641005844028,0.95201799705504,0.9423754037070848,0.927123424488726,0.9524347528587594,0.9575790634125438,0.9359921626119933,0.9481659529838162,0.295137426051143,0.1982420935920943,0.4397704639865851,0.2965486917686787,0.1886338883283478,0.4172134641525712,0.4568818329879357,0.2284869425491115,0.3219139492686624,0.9288641005844028,0.95201799705504,0.1982420935920943,0.4397704639865851,3924
10,COE1,Single best mono PWM,mono,0.9410033747128956,0.9288641005844028,0.95201799705504,0.9423754037070848,0.927123424488726,0.9524347528587594,0.95201799705504,0.9288641005844028,0.9410033747128956,0.295137426051143,0.1982420935920943,0.4397704639865851,0.2965486917686787,0.1886338883283478,0.4172134641525712,0.4397704639865851,0.1982420935920943,0.295137426051143,0.9288641005844028,0.95201799705504,0.1982420935920943,0.4397704639865851,3924
10,COE1,XGBClassifier,mono,0.9410033747128956,0.9288641005844028,0.95201799705504,0.9423754037070848,0.927123424488726,0.9524347528587594,0.952837806196324,0.9314442630171552,0.9687302033612528,0.295137426051143,0.1982420935920943,0.4397704639865851,0.2965486917686787,0.1886338883283478,0.4172134641525712,0.4215633355703743,0.2299786934113125,0.477951777624789,0.9288641005844028,0.95201799705504,0.1982420935920943,0.4397704639865851,3924
5,COE1,Single best di PWM,di,0.9410033747128956,0.9288641005844028,0.95201799705504,0.9423754037070848,0.927123424488726,0.9524347528587594,0.9524347528587594,0.927123424488726,0.9423754037070848,0.295137426051143,0.1982420935920943,0.4397704639865851,0.2965486917686787,0.1886338883283478,0.4172134641525712,0.4172134641525712,0.1886338883283478,0.2965486917686787,0.9288641005844028,0.95201799705504,0.1982420935920943,0.4397704639865851,3924
5,COE1,XGBClassifier,di,0.9410033747128956,0.9288641005844028,0.95201799705504,0.9423754037070848,0.927123424488726,0.9524347528587594,0.9520357991505534,0.927438638675035,0.966462222189463,0.295137426051143,0.1982420935920943,0.4397704639865851,0.2965486917686787,0.1886338883283478,0.4172134641525712,0.4005885059485189,0.2082758558984673,0.4870403290164402,0.9288641005844028,0.95201799705504,0.1982420935920943,0.4397704639865851,3924
10,COE1,XGBClassifier,mono+di,0.9410033747128956,0.9288641005844028,0.95201799705504,0.9423754037070848,0.927123424488726,0.9524347528587594,0.9541740730022168,0.9330651441773812,0.972829680660256,0.295137426051143,0.1982420935920943,0.4397704639865851,0.2965486917686787,0.1886338883283478,0.4172134641525712,0.4237670540583281,0.2131726858122206,0.5143628285465435,0.9288641005844028,0.95201799705504,0.1982420935920943,0.4397704639865851,3924
10,COE1,Single best mono PWM,mono,0.9410033747128956,0.9288641005844028,0.95201799705504,0.9423754037070848,0.927123424488726,0.9524347528587594,0.95201799705504,0.9288641005844028,0.9410033747128956,0.295137426051143,0.1982420935920943,0.4397704639865851,0.2965486917686787,0.1886338883283478,0.4172134641525712,0.4397704639865851,0.1982420935920943,0.295137426051143,0.9288641005844028,0.95201799705504,0.1982420935920943,0.4397704639865851,3924
10,COE1,BaggingClassifier_XGBClassifier,mono,0.9410033747128956,0.9288641005844028,0.95201799705504,0.9423754037070848,0.927123424488726,0.9524347528587594,0.9540018956011086,0.931150362848099,0.9744659362259932,0.295137426051143,0.1982420935920943,0.4397704639865851,0.2965486917686787,0.1886338883283478,0.4172134641525712,0.4619123646096544,0.2225400394107228,0.4936557502007551,0.9288641005844028,0.95201799705504,0.1982420935920943,0.4397704639865851,3924
5,COE1,Single best di PWM,di,0.9410033747128956,0.9288641005844028,0.95201799705504,0.9423754037070848,0.927123424488726,0.9524347528587594,0.9524347528587594,0.927123424488726,0.9423754037070848,0.295137426051143,0.1982420935920943,0.4397704639865851,0.2965486917686787,0.1886338883283478,0.4172134641525712,0.4172134641525712,0.1886338883283478,0.2965486917686787,0.9288641005844028,0.95201799705504,0.1982420935920943,0.4397704639865851,3924
5,COE1,BaggingClassifier_XGBClassifier,di,0.9410033747128956,0.9288641005844028,0.95201799705504,0.9423754037070848,0.927123424488726,0.9524347528587594,0.9525103210524808,0.9288026605311392,0.971856533379466,0.295137426051143,0.1982420935920943,0.4397704639865851,0.2965486917686787,0.1886338883283478,0.4172134641525712,0.4024606792210219,0.1920192031809922,0.4936884550658938,0.9288641005844028,0.95201799705504,0.1982420935920943,0.4397704639865851,3924
10,COE1,BaggingClassifier_XGBClassifier,mono+di,0.9410033747128956,0.9288641005844028,0.95201799705504,0.9423754037070848,0.927123424488726,0.9524347528587594,0.9542329726514585,0.9330888661330348,0.9781591477227028,0.295137426051143,0.1982420935920943,0.4397704639865851,0.2965486917686787,0.1886338883283478,0.4172134641525712,0.4404131357951608,0.2193957370552484,0.5378525379389426,0.9288641005844028,0.95201799705504,0.1982420935920943,0.4397704639865851,3924
10,COE1,Single best mono PWM,mono,0.9410033747128956,0.9288641005844028,0.95201799705504,0.9423754037070848,0.927123424488726,0.9524347528587594,0.95201799705504,0.9288641005844028,0.9410033747128956,0.295137426051143,0.1982420935920943,0.4397704639865851,0.2965486917686787,0.1886338883283478,0.4172134641525712,0.4397704639865851,0.1982420935920943,0.295137426051143,0.9288641005844028,0.95201799705504,0.1982420935920943,0.4397704639865851,3924
10,COE1,BaggingClassifier_LogisticRegression,mono,0.9410033747128956,0.9288641005844028,0.95201799705504,0.9423754037070848,0.927123424488726,0.9524347528587594,0.9553148739807408,0.9350112287058764,0.9450020172256548,0.295137426051143,0.1982420935920943,0.4397704639865851,0.2965486917686787,0.1886338883283478,0.4172134641525712,0.4704584219801429,0.2288203265909695,0.3096326951795036,0.9288641005844028,0.95201799705504,0.1982420935920943,0.4397704639865851,3924
5,COE1,Single best di PWM,di,0.9410033747128956,0.9288641005844028,0.95201799705504,0.9423754037070848,0.927123424488726,0.9524347528587594,0.9524347528587594,0.927123424488726,0.9423754037070848,0.295137426051143,0.1982420935920943,0.4397704639865851,0.2965486917686787,0.1886338883283478,0.4172134641525712,0.4172134641525712,0.1886338883283478,0.2965486917686787,0.9288641005844028,0.95201799705504,0.1982420935920943,0.4397704639865851,3924
5,COE1,BaggingClassifier_LogisticRegression,di,0.9410033747128956,0.9288641005844028,0.95201799705504,0.9423754037070848,0.927123424488726,0.9524347528587594,0.9574401485616796,0.9319992363825346,0.9468218922349856,0.295137426051143,0.1982420935920943,0.4397704639865851,0.2965486917686787,0.1886338883283478,0.4172134641525712,0.441415314175591,0.2103965584316981,0.3148240994951254,0.9288641005844028,0.95201799705504,0.1982420935920943,0.4397704639865851,3924
10,COE1,BaggingClassifier_LogisticRegression,mono+di,0.9410033747128956,0.9288641005844028,0.95201799705504,0.9423754037070848,0.927123424488726,0.9524347528587594,0.957562707086835,0.9360217727295184,0.9481535959862544,0.295137426051143,0.1982420935920943,0.4397704639865851,0.2965486917686787,0.1886338883283478,0.4172134641525712,0.4579170758171554,0.2286578930611914,0.3220512148679115,0.9288641005844028,0.95201799705504,0.1982420935920943,0.4397704639865851,3924
198,CTCF,Single best mono PWM,mono,0.973937892639104,0.9683369357475168,0.9780461863731668,0.978203253408408,0.9737303023317548,0.9802296317657782,0.9780461863731668,0.9683369357475168,0.973937892639104,0.6384490192674902,0.8174315028254594,0.7461634625553875,0.6643900346605278,0.8414612763624256,0.7610480653667139,0.7461634625553875,0.8174315028254594,0.6384490192674902,0.9683369357475168,0.9780461863731668,0.8174315028254594,0.7461634625553875,10000
198,CTCF,RandomForestClassifier,mono,0.973937892639104,0.9683369357475168,0.9780461863731668,0.978203253408408,0.9737303023317548,0.9802296317657782,0.9791001580513794,0.9704126933232744,0.9812252156662494,0.6384490192674902,0.8174315028254594,0.7461634625553875,0.6643900346605278,0.8414612763624256,0.7610480653667139,0.7339018474048262,0.8229194386439241,0.7570034020593828,0.9683369357475168,0.9780461863731668,0.8174315028254594,0.7461634625553875,10000
99,CTCF,Single best di PWM,di,0.973937892639104,0.9683369357475168,0.9780461863731668,0.978203253408408,0.9737303023317548,0.9802296317657782,0.9802296317657782,0.9737303023317548,0.978203253408408,0.6384490192674902,0.8174315028254594,0.7461634625553875,0.6643900346605278,0.8414612763624256,0.7610480653667139,0.7610480653667139,0.8414612763624256,0.6643900346605278,0.9683369357475168,0.9780461863731668,0.8174315028254594,0.7461634625553875,10000
99,CTCF,RandomForestClassifier,di,0.973937892639104,0.9683369357475168,0.9780461863731668,0.978203253408408,0.9737303023317548,0.9802296317657782,0.9802142418313567,0.97574615798371,0.98442546511155,0.6384490192674902,0.8174315028254594,0.7461634625553875,0.6643900346605278,0.8414612763624256,0.7610480653667139,0.7672569295652348,0.842576546425505,0.7787446457545827,0.9683369357475168,0.9780461863731668,0.8174315028254594,0.7461634625553875,10000
198,CTCF,RandomForestClassifier,mono+di,0.973937892639104,0.9683369357475168,0.9780461863731668,0.978203253408408,0.9737303023317548,0.9802296317657782,0.9799376522359806,0.975913528088632,0.9848849246015428,0.6384490192674902,0.8174315028254594,0.7461634625553875,0.6643900346605278,0.8414612763624256,0.7610480653667139,0.7486518327721627,0.8443233651609332,0.7833257275314666,0.9683369357475168,0.9780461863731668,0.8174315028254594,0.7461634625553875,10000
198,CTCF,Single best mono PWM,mono,0.973937892639104,0.9683369357475168,0.9780461863731668,0.978203253408408,0.9737303023317548,0.9802296317657782,0.9780461863731668,0.9683369357475168,0.973937892639104,0.6384490192674902,0.8174315028254594,0.7461634625553875,0.6643900346605278,0.8414612763624256,0.7610480653667139,0.7461634625553875,0.8174315028254594,0.6384490192674902,0.9683369357475168,0.9780461863731668,0.8174315028254594,0.7461634625553875,10000
198,CTCF,LogisticRegression,mono,0.973937892639104,0.9683369357475168,0.9780461863731668,0.978203253408408,0.9737303023317548,0.9802296317657782,0.9782894564434615,0.9716823406960337,0.9779675427378428,0.6384490192674902,0.8174315028254594,0.7461634625553875,0.6643900346605278,0.8414612763624256,0.7610480653667139,0.7564408868492858,0.8273772184693431,0.664324086295538,0.9683369357475168,0.9780461863731668,0.8174315028254594,0.7461634625553875,10000
99,CTCF,Single best di PWM,di,0.973937892639104,0.9683369357475168,0.9780461863731668,0.978203253408408,0.9737303023317548,0.9802296317657782,0.9802296317657782,0.9737303023317548,0.978203253408408,0.6384490192674902,0.8174315028254594,0.7461634625553875,0.6643900346605278,0.8414612763624256,0.7610480653667139,0.7610480653667139,0.8414612763624256,0.6643900346605278,0.9683369357475168,0.9780461863731668,0.8174315028254594,0.7461634625553875,10000
99,CTCF,LogisticRegression,di,0.973937892639104,0.9683369357475168,0.9780461863731668,0.978203253408408,0.9737303023317548,0.9802296317657782,0.981483459094646,0.97656621959568,0.9813886436863676,0.6384490192674902,0.8174315028254594,0.7461634625553875,0.6643900346605278,0.8414612763624256,0.7610480653667139,0.7744726255195423,0.8457828831297297,0.687036481849204,0.9683369357475168,0.9780461863731668,0.8174315028254594,0.7461634625553875,10000
198,CTCF,LogisticRegression,mono+di,0.973937892639104,0.9683369357475168,0.9780461863731668,0.978203253408408,0.9737303023317548,0.9802296317657782,0.9808479048632666,0.976454201070176,0.9827002964422412,0.6384490192674902,0.8174315028254594,0.7461634625553875,0.6643900346605278,0.8414612763624256,0.7610480653667139,0.7782345222759243,0.8444250674665912,0.7029788236068895,0.9683369357475168,0.9780461863731668,0.8174315028254594,0.7461634625553875,10000
198,CTCF,Single best mono PWM,mono,0.973937892639104,0.9683369357475168,0.9780461863731668,0.978203253408408,0.9737303023317548,0.9802296317657782,0.9780461863731668,0.9683369357475168,0.973937892639104,0.6384490192674902,0.8174315028254594,0.7461634625553875,0.6643900346605278,0.8414612763624256,0.7610480653667139,0.7461634625553875,0.8174315028254594,0.6384490192674902,0.9683369357475168,0.9780461863731668,0.8174315028254594,0.7461634625553875,10000
198,CTCF,XGBClassifier,mono,0.973937892639104,0.9683369357475168,0.9780461863731668,0.978203253408408,0.9737303023317548,0.9802296317657782,0.9783372708095672,0.969541469326739,0.9902114064738284,0.6384490192674902,0.8174315028254594,0.7461634625553875,0.6643900346605278,0.8414612763624256,0.7610480653667139,0.7367830316936512,0.8068417045380819,0.8527856754734923,0.9683369357475168,0.9780461863731668,0.8174315028254594,0.7461634625553875,10000
99,CTCF,Single best di PWM,di,0.973937892639104,0.9683369357475168,0.9780461863731668,0.978203253408408,0.9737303023317548,0.9802296317657782,0.9802296317657782,0.9737303023317548,0.978203253408408,0.6384490192674902,0.8174315028254594,0.7461634625553875,0.6643900346605278,0.8414612763624256,0.7610480653667139,0.7610480653667139,0.8414612763624256,0.6643900346605278,0.9683369357475168,0.9780461863731668,0.8174315028254594,0.7461634625553875,10000
99,CTCF,XGBClassifier,di,0.973937892639104,0.9683369357475168,0.9780461863731668,0.978203253408408,0.9737303023317548,0.9802296317657782,0.9791667719280356,0.974293123489389,0.9913085895946966,0.6384490192674902,0.8174315028254594,0.7461634625553875,0.6643900346605278,0.8414612763624256,0.7610480653667139,0.7535193409409322,0.8376416451134643,0.8604615620580215,0.9683369357475168,0.9780461863731668,0.8174315028254594,0.7461634625553875,10000
198,CTCF,XGBClassifier,mono+di,0.973937892639104,0.9683369357475168,0.9780461863731668,0.978203253408408,0.9737303023317548,0.9802296317657782,0.979749987253921,0.975974721628456,0.9921487907325648,0.6384490192674902,0.8174315028254594,0.7461634625553875,0.6643900346605278,0.8414612763624256,0.7610480653667139,0.7459488033569581,0.8332742793381311,0.8855528403145609,0.9683369357475168,0.9780461863731668,0.8174315028254594,0.7461634625553875,10000
198,CTCF,Single best mono PWM,mono,0.973937892639104,0.9683369357475168,0.9780461863731668,0.978203253408408,0.9737303023317548,0.9802296317657782,0.9780461863731668,0.9683369357475168,0.973937892639104,0.6384490192674902,0.8174315028254594,0.7461634625553875,0.6643900346605278,0.8414612763624256,0.7610480653667139,0.7461634625553875,0.8174315028254594,0.6384490192674902,0.9683369357475168,0.9780461863731668,0.8174315028254594,0.7461634625553875,10000
198,CTCF,BaggingClassifier_XGBClassifier,mono,0.973937892639104,0.9683369357475168,0.9780461863731668,0.978203253408408,0.9737303023317548,0.9802296317657782,0.9787754924766268,0.9710922251561256,0.9920527332788048,0.6384490192674902,0.8174315028254594,0.7461634625553875,0.6643900346605278,0.8414612763624256,0.7610480653667139,0.7431362415108723,0.8155731705853766,0.8669920011839785,0.9683369357475168,0.9780461863731668,0.8174315028254594,0.7461634625553875,10000
99,CTCF,Single best di PWM,di,0.973937892639104,0.9683369357475168,0.9780461863731668,0.978203253408408,0.9737303023317548,0.9802296317657782,0.9802296317657782,0.9737303023317548,0.978203253408408,0.6384490192674902,0.8174315028254594,0.7461634625553875,0.6643900346605278,0.8414612763624256,0.7610480653667139,0.7610480653667139,0.8414612763624256,0.6643900346605278,0.9683369357475168,0.9780461863731668,0.8174315028254594,0.7461634625553875,10000
99,CTCF,BaggingClassifier_XGBClassifier,di,0.973937892639104,0.9683369357475168,0.9780461863731668,0.978203253408408,0.9737303023317548,0.9802296317657782,0.9812195072365864,0.976155672213141,0.9931268723084083,0.6384490192674902,0.8174315028254594,0.7461634625553875,0.6643900346605278,0.8414612763624256,0.7610480653667139,0.7694111886428397,0.839709747035155,0.8829965803478934,0.9683369357475168,0.9780461863731668,0.8174315028254594,0.7461634625553875,10000
198,CTCF,BaggingClassifier_XGBClassifier,mono+di,0.973937892639104,0.9683369357475168,0.9780461863731668,0.978203253408408,0.9737303023317548,0.9802296317657782,0.9802415187590418,0.9773824363971668,0.9937861880962172,0.6384490192674902,0.8174315028254594,0.7461634625553875,0.6643900346605278,0.8414612763624256,0.7610480653667139,0.7682634999208291,0.8395742574125248,0.8946292670215512,0.9683369357475168,0.9780461863731668,0.8174315028254594,0.7461634625553875,10000
198,CTCF,Single best mono PWM,mono,0.973937892639104,0.9683369357475168,0.9780461863731668,0.978203253408408,0.9737303023317548,0.9802296317657782,0.9780461863731668,0.9683369357475168,0.973937892639104,0.6384490192674902,0.8174315028254594,0.7461634625553875,0.6643900346605278,0.8414612763624256,0.7610480653667139,0.7461634625553875,0.8174315028254594,0.6384490192674902,0.9683369357475168,0.9780461863731668,0.8174315028254594,0.7461634625553875,10000
198,CTCF,BaggingClassifier_LogisticRegression,mono,0.973937892639104,0.9683369357475168,0.9780461863731668,0.978203253408408,0.9737303023317548,0.9802296317657782,0.9782411029182148,0.9716926442851754,0.9779612537337714,0.6384490192674902,0.8174315028254594,0.7461634625553875,0.6643900346605278,0.8414612763624256,0.7610480653667139,0.7560601275614837,0.827220628981321,0.6644562086062812,0.9683369357475168,0.9780461863731668,0.8174315028254594,0.7461634625553875,10000
99,CTCF,Single best di PWM,di,0.973937892639104,0.9683369357475168,0.9780461863731668,0.978203253408408,0.9737303023317548,0.9802296317657782,0.9802296317657782,0.9737303023317548,0.978203253408408,0.6384490192674902,0.8174315028254594,0.7461634625553875,0.6643900346605278,0.8414612763624256,0.7610480653667139,0.7610480653667139,0.8414612763624256,0.6643900346605278,0.9683369357475168,0.9780461863731668,0.8174315028254594,0.7461634625553875,10000
99,CTCF,BaggingClassifier_LogisticRegression,di,0.973937892639104,0.9683369357475168,0.9780461863731668,0.978203253408408,0.9737303023317548,0.9802296317657782,0.9814696213139932,0.9766107799991616,0.9814229519049578,0.6384490192674902,0.8174315028254594,0.7461634625553875,0.6643900346605278,0.8414612763624256,0.7610480653667139,0.77503839079016,0.8462010499343541,0.6873961887831814,0.9683369357475168,0.9780461863731668,0.8174315028254594,0.7461634625553875,10000
198,CTCF,BaggingClassifier_LogisticRegression,mono+di,0.973937892639104,0.9683369357475168,0.9780461863731668,0.978203253408408,0.9737303023317548,0.9802296317657782,0.9807859997068402,0.9764510813529486,0.9827410003118068,0.6384490192674902,0.8174315028254594,0.7461634625553875,0.6643900346605278,0.8414612763624256,0.7610480653667139,0.7788385657314074,0.8444299816303134,0.7032440403348794,0.9683369357475168,0.9780461863731668,0.8174315028254594,0.7461634625553875,10000
7,E2F4,Single best mono PWM,mono,0.8176400670347485,0.7528403450827513,0.8281590168717711,0.8524113814010982,0.7956979463084288,0.8536315534730446,0.8281590168717711,0.7528403450827513,0.8176400670347485,0.1559332168468887,0.1079416010783942,0.1556118417378499,0.180844763192913,0.1311370267470643,0.1690276036359228,0.1556118417378499,0.1079416010783942,0.1559332168468887,0.7528403450827513,0.8281590168717711,0.1079416010783942,0.1556118417378499,2686
7,E2F4,RandomForestClassifier,mono,0.8176400670347485,0.7528403450827513,0.8281590168717711,0.8524113814010982,0.7956979463084288,0.8536315534730446,0.8679954962840911,0.8314510083296067,0.9080189297845028,0.1559332168468887,0.1079416010783942,0.1556118417378499,0.180844763192913,0.1311370267470643,0.1690276036359228,0.167716291431363,0.1610018480336741,0.3639192713779932,0.7528403450827513,0.8281590168717711,0.1079416010783942,0.1556118417378499,2686
4,E2F4,Single best di PWM,di,0.8176400670347485,0.7528403450827513,0.8281590168717711,0.8524113814010982,0.7956979463084288,0.8536315534730446,0.8536315534730446,0.7956979463084288,0.8524113814010982,0.1559332168468887,0.1079416010783942,0.1556118417378499,0.180844763192913,0.1311370267470643,0.1690276036359228,0.1690276036359228,0.1311370267470643,0.180844763192913,0.7528403450827513,0.8281590168717711,0.1079416010783942,0.1556118417378499,2686
4,E2F4,RandomForestClassifier,di,0.8176400670347485,0.7528403450827513,0.8281590168717711,0.8524113814010982,0.7956979463084288,0.8536315534730446,0.8713774299298012,0.8324245699667577,0.9069544877259812,0.1559332168468887,0.1079416010783942,0.1556118417378499,0.180844763192913,0.1311370267470643,0.1690276036359228,0.1795520662705633,0.135902254887507,0.3360676706194203,0.7528403450827513,0.8281590168717711,0.1079416010783942,0.1556118417378499,2686
7,E2F4,RandomForestClassifier,mono+di,0.8176400670347485,0.7528403450827513,0.8281590168717711,0.8524113814010982,0.7956979463084288,0.8536315534730446,0.879072056021832,0.8438065052617365,0.9161363733202184,0.1559332168468887,0.1079416010783942,0.1556118417378499,0.180844763192913,0.1311370267470643,0.1690276036359228,0.1979832375306015,0.1660918614675668,0.3800595641307862,0.7528403450827513,0.8281590168717711,0.1079416010783942,0.1556118417378499,2686
7,E2F4,Single best mono PWM,mono,0.8176400670347485,0.7528403450827513,0.8281590168717711,0.8524113814010982,0.7956979463084288,0.8536315534730446,0.8281590168717711,0.7528403450827513,0.8176400670347485,0.1559332168468887,0.1079416010783942,0.1556118417378499,0.180844763192913,0.1311370267470643,0.1690276036359228,0.1556118417378499,0.1079416010783942,0.1559332168468887,0.7528403450827513,0.8281590168717711,0.1079416010783942,0.1556118417378499,2686
7,E2F4,LogisticRegression,mono,0.8176400670347485,0.7528403450827513,0.8281590168717711,0.8524113814010982,0.7956979463084288,0.8536315534730446,0.8845379880884952,0.8382033139949558,0.8907109896750147,0.1559332168468887,0.1079416010783942,0.1556118417378499,0.180844763192913,0.1311370267470643,0.1690276036359228,0.2105977385759714,0.1386539807394585,0.1949537258704371,0.7528403450827513,0.8281590168717711,0.1079416010783942,0.1556118417378499,2686
4,E2F4,Single best di PWM,di,0.8176400670347485,0.7528403450827513,0.8281590168717711,0.8524113814010982,0.7956979463084288,0.8536315534730446,0.8536315534730446,0.7956979463084288,0.8524113814010982,0.1559332168468887,0.1079416010783942,0.1556118417378499,0.180844763192913,0.1311370267470643,0.1690276036359228,0.1690276036359228,0.1311370267470643,0.180844763192913,0.7528403450827513,0.8281590168717711,0.1079416010783942,0.1556118417378499,2686
4,E2F4,LogisticRegression,di,0.8176400670347485,0.7528403450827513,0.8281590168717711,0.8524113814010982,0.7956979463084288,0.8536315534730446,0.8795190635566312,0.8261930318337902,0.8828093168110388,0.1559332168468887,0.1079416010783942,0.1556118417378499,0.180844763192913,0.1311370267470643,0.1690276036359228,0.185005342847647,0.1289999010950882,0.1845603439954818,0.7528403450827513,0.8281590168717711,0.1079416010783942,0.1556118417378499,2686
7,E2F4,LogisticRegression,mono+di,0.8176400670347485,0.7528403450827513,0.8281590168717711,0.8524113814010982,0.7956979463084288,0.8536315534730446,0.8909218268884198,0.8512388794302632,0.8996938115308188,0.1559332168468887,0.1079416010783942,0.1556118417378499,0.180844763192913,0.1311370267470643,0.1690276036359228,0.2160031458181476,0.1470919166400615,0.218105343927231,0.7528403450827513,0.8281590168717711,0.1079416010783942,0.1556118417378499,2686
7,E2F4,Single best mono PWM,mono,0.8176400670347485,0.7528403450827513,0.8281590168717711,0.8524113814010982,0.7956979463084288,0.8536315534730446,0.8281590168717711,0.7528403450827513,0.8176400670347485,0.1559332168468887,0.1079416010783942,0.1556118417378499,0.180844763192913,0.1311370267470643,0.1690276036359228,0.1556118417378499,0.1079416010783942,0.1559332168468887,0.7528403450827513,0.8281590168717711,0.1079416010783942,0.1556118417378499,2686
7,E2F4,XGBClassifier,mono,0.8176400670347485,0.7528403450827513,0.8281590168717711,0.8524113814010982,0.7956979463084288,0.8536315534730446,0.8680400254020563,0.8455136952878665,0.939987517910963,0.1559332168468887,0.1079416010783942,0.1556118417378499,0.180844763192913,0.1311370267470643,0.1690276036359228,0.1567300527158866,0.1479092286300656,0.4364428239656786,0.7528403450827513,0.8281590168717711,0.1079416010783942,0.1556118417378499,2686
4,E2F4,Single best di PWM,di,0.8176400670347485,0.7528403450827513,0.8281590168717711,0.8524113814010982,0.7956979463084288,0.8536315534730446,0.8536315534730446,0.7956979463084288,0.8524113814010982,0.1559332168468887,0.1079416010783942,0.1556118417378499,0.180844763192913,0.1311370267470643,0.1690276036359228,0.1690276036359228,0.1311370267470643,0.180844763192913,0.7528403450827513,0.8281590168717711,0.1079416010783942,0.1556118417378499,2686
4,E2F4,XGBClassifier,di,0.8176400670347485,0.7528403450827513,0.8281590168717711,0.8524113814010982,0.7956979463084288,0.8536315534730446,0.8715268077510598,0.8285219259633594,0.9268321426021424,0.1559332168468887,0.1079416010783942,0.1556118417378499,0.180844763192913,0.1311370267470643,0.1690276036359228,0.1689047494814154,0.1198354394758246,0.3894488415137019,0.7528403450827513,0.8281590168717711,0.1079416010783942,0.1556118417378499,2686
7,E2F4,XGBClassifier,mono+di,0.8176400670347485,0.7528403450827513,0.8281590168717711,0.8524113814010982,0.7956979463084288,0.8536315534730446,0.8790887115321903,0.8475517283215318,0.950711390641414,0.1559332168468887,0.1079416010783942,0.1556118417378499,0.180844763192913,0.1311370267470643,0.1690276036359228,0.1560676637207233,0.1594109103402773,0.4843542277297961,0.7528403450827513,0.8281590168717711,0.1079416010783942,0.1556118417378499,2686
7,E2F4,Single best mono PWM,mono,0.8176400670347485,0.7528403450827513,0.8281590168717711,0.8524113814010982,0.7956979463084288,0.8536315534730446,0.8281590168717711,0.7528403450827513,0.8176400670347485,0.1559332168468887,0.1079416010783942,0.1556118417378499,0.180844763192913,0.1311370267470643,0.1690276036359228,0.1556118417378499,0.1079416010783942,0.1559332168468887,0.7528403450827513,0.8281590168717711,0.1079416010783942,0.1556118417378499,2686
7,E2F4,BaggingClassifier_XGBClassifier,mono,0.8176400670347485,0.7528403450827513,0.8281590168717711,0.8524113814010982,0.7956979463084288,0.8536315534730446,0.8755789300242006,0.846372575266262,0.9533472265510906,0.1559332168468887,0.1079416010783942,0.1556118417378499,0.180844763192913,0.1311370267470643,0.1690276036359228,0.1614660466110127,0.1588784193753944,0.4542566726541541,0.7528403450827513,0.8281590168717711,0.1079416010783942,0.1556118417378499,2686
4,E2F4,Single best di PWM,di,0.8176400670347485,0.7528403450827513,0.8281590168717711,0.8524113814010982,0.7956979463084288,0.8536315534730446,0.8536315534730446,0.7956979463084288,0.8524113814010982,0.1559332168468887,0.1079416010783942,0.1556118417378499,0.180844763192913,0.1311370267470643,0.1690276036359228,0.1690276036359228,0.1311370267470643,0.180844763192913,0.7528403450827513,0.8281590168717711,0.1079416010783942,0.1556118417378499,2686
4,E2F4,BaggingClassifier_XGBClassifier,di,0.8176400670347485,0.7528403450827513,0.8281590168717711,0.8524113814010982,0.7956979463084288,0.8536315534730446,0.8738935241920258,0.8302763255612173,0.9399006764021776,0.1559332168468887,0.1079416010783942,0.1556118417378499,0.180844763192913,0.1311370267470643,0.1690276036359228,0.1781073462922867,0.121090265049104,0.4093430679928719,0.7528403450827513,0.8281590168717711,0.1079416010783942,0.1556118417378499,2686
7,E2F4,BaggingClassifier_XGBClassifier,mono+di,0.8176400670347485,0.7528403450827513,0.8281590168717711,0.8524113814010982,0.7956979463084288,0.8536315534730446,0.8848971319705474,0.8579807405000973,0.9647048510452536,0.1559332168468887,0.1079416010783942,0.1556118417378499,0.180844763192913,0.1311370267470643,0.1690276036359228,0.1899670951880981,0.1603613988011255,0.5099089869119449,0.7528403450827513,0.8281590168717711,0.1079416010783942,0.1556118417378499,2686
7,E2F4,Single best mono PWM,mono,0.8176400670347485,0.7528403450827513,0.8281590168717711,0.8524113814010982,0.7956979463084288,0.8536315534730446,0.8281590168717711,0.7528403450827513,0.8176400670347485,0.1559332168468887,0.1079416010783942,0.1556118417378499,0.180844763192913,0.1311370267470643,0.1690276036359228,0.1556118417378499,0.1079416010783942,0.1559332168468887,0.7528403450827513,0.8281590168717711,0.1079416010783942,0.1556118417378499,2686
7,E2F4,BaggingClassifier_LogisticRegression,mono,0.8176400670347485,0.7528403450827513,0.8281590168717711,0.8524113814010982,0.7956979463084288,0.8536315534730446,0.8844577999759711,0.8384398631941813,0.8907499118049783,0.1559332168468887,0.1079416010783942,0.1556118417378499,0.180844763192913,0.1311370267470643,0.1690276036359228,0.2106806183503183,0.1386840291136755,0.1948937519437698,0.7528403450827513,0.8281590168717711,0.1079416010783942,0.1556118417378499,2686
4,E2F4,Single best di PWM,di,0.8176400670347485,0.7528403450827513,0.8281590168717711,0.8524113814010982,0.7956979463084288,0.8536315534730446,0.8536315534730446,0.7956979463084288,0.8524113814010982,0.1559332168468887,0.1079416010783942,0.1556118417378499,0.180844763192913,0.1311370267470643,0.1690276036359228,0.1690276036359228,0.1311370267470643,0.180844763192913,0.7528403450827513,0.8281590168717711,0.1079416010783942,0.1556118417378499,2686
4,E2F4,BaggingClassifier_LogisticRegression,di,0.8176400670347485,0.7528403450827513,0.8281590168717711,0.8524113814010982,0.7956979463084288,0.8536315534730446,0.8795483102483566,0.8262485970819304,0.8828351937152586,0.1559332168468887,0.1079416010783942,0.1556118417378499,0.180844763192913,0.1311370267470643,0.1690276036359228,0.1849047337125279,0.1290278573674561,0.1845942881035689,0.7528403450827513,0.8281590168717711,0.1079416010783942,0.1556118417378499,2686
7,E2F4,BaggingClassifier_LogisticRegression,mono+di,0.8176400670347485,0.7528403450827513,0.8281590168717711,0.8524113814010982,0.7956979463084288,0.8536315534730446,0.8909033726378661,0.8512956144731011,0.8997164349796053,0.1559332168468887,0.1079416010783942,0.1556118417378499,0.180844763192913,0.1311370267470643,0.1690276036359228,0.2149535919541491,0.1475802831039756,0.2180850052473334,0.7528403450827513,0.8281590168717711,0.1079416010783942,0.1556118417378499,2686
37,ERG,Single best mono PWM,mono,0.7544202662402125,0.7588901941025061,0.8003593877797115,0.7595148662317158,0.7554783031700688,0.8023990868585876,0.8003593877797115,0.7588901941025061,0.7544202662402125,0.0887005434277112,0.072289405540921,0.0732963877583413,0.0957822179803226,0.0785688909201183,0.0687585782940645,0.0732963877583413,0.072289405540921,0.0887005434277112,0.7588901941025061,0.8003593877797115,0.072289405540921,0.0732963877583413,6048
37,ERG,RandomForestClassifier,mono,0.7544202662402125,0.7588901941025061,0.8003593877797115,0.7595148662317158,0.7554783031700688,0.8023990868585876,0.8120283751904332,0.7670228067346295,0.803600008137365,0.0887005434277112,0.072289405540921,0.0732963877583413,0.0957822179803226,0.0785688909201183,0.0687585782940645,0.0660677822473746,0.0820273017217577,0.1585975698915934,0.7588901941025061,0.8003593877797115,0.072289405540921,0.0732963877583413,6048
17,ERG,Single best di PWM,di,0.7544202662402125,0.7588901941025061,0.8003593877797115,0.7595148662317158,0.7554783031700688,0.8023990868585876,0.8023990868585876,0.7554783031700688,0.7595148662317158,0.0887005434277112,0.072289405540921,0.0732963877583413,0.0957822179803226,0.0785688909201183,0.0687585782940645,0.0687585782940645,0.0785688909201183,0.0957822179803226,0.7588901941025061,0.8003593877797115,0.072289405540921,0.0732963877583413,6048
17,ERG,RandomForestClassifier,di,0.7544202662402125,0.7588901941025061,0.8003593877797115,0.7595148662317158,0.7554783031700688,0.8023990868585876,0.8140177490214175,0.7663917415938075,0.8024030353308456,0.0887005434277112,0.072289405540921,0.0732963877583413,0.0957822179803226,0.0785688909201183,0.0687585782940645,0.0651667180346437,0.0828759342870523,0.167669815612553,0.7588901941025061,0.8003593877797115,0.072289405540921,0.0732963877583413,6048
37,ERG,RandomForestClassifier,mono+di,0.7544202662402125,0.7588901941025061,0.8003593877797115,0.7595148662317158,0.7554783031700688,0.8023990868585876,0.8139492872739842,0.7681327272919454,0.807466836333069,0.0887005434277112,0.072289405540921,0.0732963877583413,0.0957822179803226,0.0785688909201183,0.0687585782940645,0.065173343747252,0.0841216132586655,0.1701619474346301,0.7588901941025061,0.8003593877797115,0.072289405540921,0.0732963877583413,6048
37,ERG,Single best mono PWM,mono,0.7544202662402125,0.7588901941025061,0.8003593877797115,0.7595148662317158,0.7554783031700688,0.8023990868585876,0.8003593877797115,0.7588901941025061,0.7544202662402125,0.0887005434277112,0.072289405540921,0.0732963877583413,0.0957822179803226,0.0785688909201183,0.0687585782940645,0.0732963877583413,0.072289405540921,0.0887005434277112,0.7588901941025061,0.8003593877797115,0.072289405540921,0.0732963877583413,6048
37,ERG,LogisticRegression,mono,0.7544202662402125,0.7588901941025061,0.8003593877797115,0.7595148662317158,0.7554783031700688,0.8023990868585876,0.7967040440309727,0.7721092980242614,0.7734781749155495,0.0887005434277112,0.072289405540921,0.0732963877583413,0.0957822179803226,0.0785688909201183,0.0687585782940645,0.069589253111378,0.0816463826697302,0.1016996160400774,0.7588901941025061,0.8003593877797115,0.072289405540921,0.0732963877583413,6048
17,ERG,Single best di PWM,di,0.7544202662402125,0.7588901941025061,0.8003593877797115,0.7595148662317158,0.7554783031700688,0.8023990868585876,0.8023990868585876,0.7554783031700688,0.7595148662317158,0.0887005434277112,0.072289405540921,0.0732963877583413,0.0957822179803226,0.0785688909201183,0.0687585782940645,0.0687585782940645,0.0785688909201183,0.0957822179803226,0.7588901941025061,0.8003593877797115,0.072289405540921,0.0732963877583413,6048
17,ERG,LogisticRegression,di,0.7544202662402125,0.7588901941025061,0.8003593877797115,0.7595148662317158,0.7554783031700688,0.8023990868585876,0.7931608250962892,0.7668386532279329,0.7725921193446875,0.0887005434277112,0.072289405540921,0.0732963877583413,0.0957822179803226,0.0785688909201183,0.0687585782940645,0.0641038711278609,0.0816639608562534,0.1041869094896027,0.7588901941025061,0.8003593877797115,0.072289405540921,0.0732963877583413,6048
37,ERG,LogisticRegression,mono+di,0.7544202662402125,0.7588901941025061,0.8003593877797115,0.7595148662317158,0.7554783031700688,0.8023990868585876,0.7940215405001176,0.7727119598813688,0.7777882798203969,0.0887005434277112,0.072289405540921,0.0732963877583413,0.0957822179803226,0.0785688909201183,0.0687585782940645,0.0675857806020904,0.089429519738721,0.1086508894392163,0.7588901941025061,0.8003593877797115,0.072289405540921,0.0732963877583413,6048
37,ERG,Single best mono PWM,mono,0.7544202662402125,0.7588901941025061,0.8003593877797115,0.7595148662317158,0.7554783031700688,0.8023990868585876,0.8003593877797115,0.7588901941025061,0.7544202662402125,0.0887005434277112,0.072289405540921,0.0732963877583413,0.0957822179803226,0.0785688909201183,0.0687585782940645,0.0732963877583413,0.072289405540921,0.0887005434277112,0.7588901941025061,0.8003593877797115,0.072289405540921,0.0732963877583413,6048
37,ERG,XGBClassifier,mono,0.7544202662402125,0.7588901941025061,0.8003593877797115,0.7595148662317158,0.7554783031700688,0.8023990868585876,0.793280542168514,0.7741342689828553,0.8367939379442361,0.0887005434277112,0.072289405540921,0.0732963877583413,0.0957822179803226,0.0785688909201183,0.0687585782940645,0.0633123668780236,0.0834970012935168,0.2028986382857063,0.7588901941025061,0.8003593877797115,0.072289405540921,0.0732963877583413,6048
17,ERG,Single best di PWM,di,0.7544202662402125,0.7588901941025061,0.8003593877797115,0.7595148662317158,0.7554783031700688,0.8023990868585876,0.8023990868585876,0.7554783031700688,0.7595148662317158,0.0887005434277112,0.072289405540921,0.0732963877583413,0.0957822179803226,0.0785688909201183,0.0687585782940645,0.0687585782940645,0.0785688909201183,0.0957822179803226,0.7588901941025061,0.8003593877797115,0.072289405540921,0.0732963877583413,6048
17,ERG,XGBClassifier,di,0.7544202662402125,0.7588901941025061,0.8003593877797115,0.7595148662317158,0.7554783031700688,0.8023990868585876,0.7896141790304215,0.7679410685624581,0.8306405371348103,0.0887005434277112,0.072289405540921,0.0732963877583413,0.0957822179803226,0.0785688909201183,0.0687585782940645,0.0615832174685209,0.0824172705201398,0.1934769535214452,0.7588901941025061,0.8003593877797115,0.072289405540921,0.0732963877583413,6048
37,ERG,XGBClassifier,mono+di,0.7544202662402125,0.7588901941025061,0.8003593877797115,0.7595148662317158,0.7554783031700688,0.8023990868585876,0.7834942427026773,0.7723931365899245,0.8464166488613,0.0887005434277112,0.072289405540921,0.0732963877583413,0.0957822179803226,0.0785688909201183,0.0687585782940645,0.0609385410785695,0.0864643905161942,0.2301822609730038,0.7588901941025061,0.8003593877797115,0.072289405540921,0.0732963877583413,6048
37,ERG,Single best mono PWM,mono,0.7544202662402125,0.7588901941025061,0.8003593877797115,0.7595148662317158,0.7554783031700688,0.8023990868585876,0.8003593877797115,0.7588901941025061,0.7544202662402125,0.0887005434277112,0.072289405540921,0.0732963877583413,0.0957822179803226,0.0785688909201183,0.0687585782940645,0.0732963877583413,0.072289405540921,0.0887005434277112,0.7588901941025061,0.8003593877797115,0.072289405540921,0.0732963877583413,6048
37,ERG,BaggingClassifier_XGBClassifier,mono,0.7544202662402125,0.7588901941025061,0.8003593877797115,0.7595148662317158,0.7554783031700688,0.8023990868585876,0.7983789002269307,0.7768362483055661,0.8600641375861295,0.0887005434277112,0.072289405540921,0.0732963877583413,0.0957822179803226,0.0785688909201183,0.0687585782940645,0.0655959868614075,0.0834912858971153,0.2239801240598222,0.7588901941025061,0.8003593877797115,0.072289405540921,0.0732963877583413,6048
17,ERG,Single best di PWM,di,0.7544202662402125,0.7588901941025061,0.8003593877797115,0.7595148662317158,0.7554783031700688,0.8023990868585876,0.8023990868585876,0.7554783031700688,0.7595148662317158,0.0887005434277112,0.072289405540921,0.0732963877583413,0.0957822179803226,0.0785688909201183,0.0687585782940645,0.0687585782940645,0.0785688909201183,0.0957822179803226,0.7588901941025061,0.8003593877797115,0.072289405540921,0.0732963877583413,6048
17,ERG,BaggingClassifier_XGBClassifier,di,0.7544202662402125,0.7588901941025061,0.8003593877797115,0.7595148662317158,0.7554783031700688,0.8023990868585876,0.7949893360617746,0.7688819768945552,0.8476312169624544,0.0887005434277112,0.072289405540921,0.0732963877583413,0.0957822179803226,0.0785688909201183,0.0687585782940645,0.0612385478993753,0.0829971994944268,0.2167175022150316,0.7588901941025061,0.8003593877797115,0.072289405540921,0.0732963877583413,6048
37,ERG,BaggingClassifier_XGBClassifier,mono+di,0.7544202662402125,0.7588901941025061,0.8003593877797115,0.7595148662317158,0.7554783031700688,0.8023990868585876,0.7937772133424141,0.7795123895210787,0.8669403214868293,0.0887005434277112,0.072289405540921,0.0732963877583413,0.0957822179803226,0.0785688909201183,0.0687585782940645,0.0617217715974699,0.0902326446376415,0.2476651352388298,0.7588901941025061,0.8003593877797115,0.072289405540921,0.0732963877583413,6048
37,ERG,Single best mono PWM,mono,0.7544202662402125,0.7588901941025061,0.8003593877797115,0.7595148662317158,0.7554783031700688,0.8023990868585876,0.8003593877797115,0.7588901941025061,0.7544202662402125,0.0887005434277112,0.072289405540921,0.0732963877583413,0.0957822179803226,0.0785688909201183,0.0687585782940645,0.0732963877583413,0.072289405540921,0.0887005434277112,0.7588901941025061,0.8003593877797115,0.072289405540921,0.0732963877583413,6048
37,ERG,BaggingClassifier_LogisticRegression,mono,0.7544202662402125,0.7588901941025061,0.8003593877797115,0.7595148662317158,0.7554783031700688,0.8023990868585876,0.7965750666278784,0.7721410871823886,0.7735073085563846,0.0887005434277112,0.072289405540921,0.0732963877583413,0.0957822179803226,0.0785688909201183,0.0687585782940645,0.0697891655524217,0.0812167341630197,0.1015495529095125,0.7588901941025061,0.8003593877797115,0.072289405540921,0.0732963877583413,6048
17,ERG,Single best di PWM,di,0.7544202662402125,0.7588901941025061,0.8003593877797115,0.7595148662317158,0.7554783031700688,0.8023990868585876,0.8023990868585876,0.7554783031700688,0.7595148662317158,0.0887005434277112,0.072289405540921,0.0732963877583413,0.0957822179803226,0.0785688909201183,0.0687585782940645,0.0687585782940645,0.0785688909201183,0.0957822179803226,0.7588901941025061,0.8003593877797115,0.072289405540921,0.0732963877583413,6048
17,ERG,BaggingClassifier_LogisticRegression,di,0.7544202662402125,0.7588901941025061,0.8003593877797115,0.7595148662317158,0.7554783031700688,0.8023990868585876,0.7931667290626951,0.7668923752399838,0.7725704186635229,0.0887005434277112,0.072289405540921,0.0732963877583413,0.0957822179803226,0.0785688909201183,0.0687585782940645,0.0642790355585052,0.0817424489479941,0.1041779982951602,0.7588901941025061,0.8003593877797115,0.072289405540921,0.0732963877583413,6048
37,ERG,BaggingClassifier_LogisticRegression,mono+di,0.7544202662402125,0.7588901941025061,0.8003593877797115,0.7595148662317158,0.7554783031700688,0.8023990868585876,0.7936783825623037,0.7727568326291469,0.7777853434967615,0.0887005434277112,0.072289405540921,0.0732963877583413,0.0957822179803226,0.0785688909201183,0.0687585782940645,0.0675125787633857,0.0892419533029074,0.1086284130436015,0.7588901941025061,0.8003593877797115,0.072289405540921,0.0732963877583413,6048
190,ESR1,Single best mono PWM,mono,0.8934173068858509,0.8537285780143842,0.8691397574230324,0.8975277032835696,0.8593224621046647,0.8725425969891776,0.8691397574230324,0.8537285780143842,0.8934173068858509,0.5493751635667876,0.5841917697210154,0.371448478866594,0.5640398857834648,0.6041033434510055,0.3872292664768628,0.371448478866594,0.5841917697210154,0.5493751635667876,0.8537285780143842,0.8691397574230324,0.5841917697210154,0.371448478866594,10000
190,ESR1,RandomForestClassifier,mono,0.8934173068858509,0.8537285780143842,0.8691397574230324,0.8975277032835696,0.8593224621046647,0.8725425969891776,0.891551957455482,0.8698266133771372,0.9206657112303952,0.5493751635667876,0.5841917697210154,0.371448478866594,0.5640398857834648,0.6041033434510055,0.3872292664768628,0.4002201208885176,0.6161411238742163,0.6569245820766997,0.8537285780143842,0.8691397574230324,0.5841917697210154,0.371448478866594,10000
100,ESR1,Single best di PWM,di,0.8934173068858509,0.8537285780143842,0.8691397574230324,0.8975277032835696,0.8593224621046647,0.8725425969891776,0.8725425969891776,0.8593224621046647,0.8975277032835696,0.5493751635667876,0.5841917697210154,0.371448478866594,0.5640398857834648,0.6041033434510055,0.3872292664768628,0.3872292664768628,0.6041033434510055,0.5640398857834648,0.8537285780143842,0.8691397574230324,0.5841917697210154,0.371448478866594,10000
100,ESR1,RandomForestClassifier,di,0.8934173068858509,0.8537285780143842,0.8691397574230324,0.8975277032835696,0.8593224621046647,0.8725425969891776,0.883014470306549,0.868204244490454,0.9198283276021136,0.5493751635667876,0.5841917697210154,0.371448478866594,0.5640398857834648,0.6041033434510055,0.3872292664768628,0.3913973861816869,0.6234700138397878,0.6568532702579755,0.8537285780143842,0.8691397574230324,0.5841917697210154,0.371448478866594,10000
190,ESR1,RandomForestClassifier,mono+di,0.8934173068858509,0.8537285780143842,0.8691397574230324,0.8975277032835696,0.8593224621046647,0.8725425969891776,0.8935513422737892,0.8733956265815667,0.925859946898851,0.5493751635667876,0.5841917697210154,0.371448478866594,0.5640398857834648,0.6041033434510055,0.3872292664768628,0.3882835755133371,0.6257570655134885,0.6707567623481988,0.8537285780143842,0.8691397574230324,0.5841917697210154,0.371448478866594,10000
190,ESR1,Single best mono PWM,mono,0.8934173068858509,0.8537285780143842,0.8691397574230324,0.8975277032835696,0.8593224621046647,0.8725425969891776,0.8691397574230324,0.8537285780143842,0.8934173068858509,0.5493751635667876,0.5841917697210154,0.371448478866594,0.5640398857834648,0.6041033434510055,0.3872292664768628,0.371448478866594,0.5841917697210154,0.5493751635667876,0.8537285780143842,0.8691397574230324,0.5841917697210154,0.371448478866594,10000
190,ESR1,LogisticRegression,mono,0.8934173068858509,0.8537285780143842,0.8691397574230324,0.8975277032835696,0.8593224621046647,0.8725425969891776,0.8984323748624004,0.8771285656232345,0.9209764944854484,0.5493751635667876,0.5841917697210154,0.371448478866594,0.5640398857834648,0.6041033434510055,0.3872292664768628,0.4151342104326877,0.6241785671791769,0.626455243677407,0.8537285780143842,0.8691397574230324,0.5841917697210154,0.371448478866594,10000
100,ESR1,Single best di PWM,di,0.8934173068858509,0.8537285780143842,0.8691397574230324,0.8975277032835696,0.8593224621046647,0.8725425969891776,0.8725425969891776,0.8593224621046647,0.8975277032835696,0.5493751635667876,0.5841917697210154,0.371448478866594,0.5640398857834648,0.6041033434510055,0.3872292664768628,0.3872292664768628,0.6041033434510055,0.5640398857834648,0.8537285780143842,0.8691397574230324,0.5841917697210154,0.371448478866594,10000
100,ESR1,LogisticRegression,di,0.8934173068858509,0.8537285780143842,0.8691397574230324,0.8975277032835696,0.8593224621046647,0.8725425969891776,0.8880429690730594,0.8713680509738068,0.913684317600436,0.5493751635667876,0.5841917697210154,0.371448478866594,0.5640398857834648,0.6041033434510055,0.3872292664768628,0.4024218459407345,0.6229023570513774,0.6045849409181348,0.8537285780143842,0.8691397574230324,0.5841917697210154,0.371448478866594,10000
190,ESR1,LogisticRegression,mono+di,0.8934173068858509,0.8537285780143842,0.8691397574230324,0.8975277032835696,0.8593224621046647,0.8725425969891776,0.899666134526606,0.8796142620537575,0.9256768207980374,0.5493751635667876,0.5841917697210154,0.371448478866594,0.5640398857834648,0.6041033434510055,0.3872292664768628,0.419501828001995,0.6318014208991036,0.6446559785806767,0.8537285780143842,0.8691397574230324,0.5841917697210154,0.371448478866594,10000
190,ESR1,Single best mono PWM,mono,0.8934173068858509,0.8537285780143842,0.8691397574230324,0.8975277032835696,0.8593224621046647,0.8725425969891776,0.8691397574230324,0.8537285780143842,0.8934173068858509,0.5493751635667876,0.5841917697210154,0.371448478866594,0.5640398857834648,0.6041033434510055,0.3872292664768628,0.371448478866594,0.5841917697210154,0.5493751635667876,0.8537285780143842,0.8691397574230324,0.5841917697210154,0.371448478866594,10000
190,ESR1,XGBClassifier,mono,0.8934173068858509,0.8537285780143842,0.8691397574230324,0.8975277032835696,0.8593224621046647,0.8725425969891776,0.8928830227192753,0.8783680350086934,0.951053899763063,0.5493751635667876,0.5841917697210154,0.371448478866594,0.5640398857834648,0.6041033434510055,0.3872292664768628,0.3799955972242536,0.6335283009559991,0.7452283174099779,0.8537285780143842,0.8691397574230324,0.5841917697210154,0.371448478866594,10000
100,ESR1,Single best di PWM,di,0.8934173068858509,0.8537285780143842,0.8691397574230324,0.8975277032835696,0.8593224621046647,0.8725425969891776,0.8725425969891776,0.8593224621046647,0.8975277032835696,0.5493751635667876,0.5841917697210154,0.371448478866594,0.5640398857834648,0.6041033434510055,0.3872292664768628,0.3872292664768628,0.6041033434510055,0.5640398857834648,0.8537285780143842,0.8691397574230324,0.5841917697210154,0.371448478866594,10000
100,ESR1,XGBClassifier,di,0.8934173068858509,0.8537285780143842,0.8691397574230324,0.8975277032835696,0.8593224621046647,0.8725425969891776,0.8830871659794177,0.8697533941715863,0.949860961744108,0.5493751635667876,0.5841917697210154,0.371448478866594,0.5640398857834648,0.6041033434510055,0.3872292664768628,0.3814633241482129,0.6230729644699066,0.7395400304450622,0.8537285780143842,0.8691397574230324,0.5841917697210154,0.371448478866594,10000
190,ESR1,XGBClassifier,mono+di,0.8934173068858509,0.8537285780143842,0.8691397574230324,0.8975277032835696,0.8593224621046647,0.8725425969891776,0.8939581906735141,0.8813188648493966,0.956060299159188,0.5493751635667876,0.5841917697210154,0.371448478866594,0.5640398857834648,0.6041033434510055,0.3872292664768628,0.3936297662607796,0.62918645831364,0.7639080878414842,0.8537285780143842,0.8691397574230324,0.5841917697210154,0.371448478866594,10000
190,ESR1,Single best mono PWM,mono,0.8934173068858509,0.8537285780143842,0.8691397574230324,0.8975277032835696,0.8593224621046647,0.8725425969891776,0.8691397574230324,0.8537285780143842,0.8934173068858509,0.5493751635667876,0.5841917697210154,0.371448478866594,0.5640398857834648,0.6041033434510055,0.3872292664768628,0.371448478866594,0.5841917697210154,0.5493751635667876,0.8537285780143842,0.8691397574230324,0.5841917697210154,0.371448478866594,10000
190,ESR1,BaggingClassifier_XGBClassifier,mono,0.8934173068858509,0.8537285780143842,0.8691397574230324,0.8975277032835696,0.8593224621046647,0.8725425969891776,0.8996996440732189,0.8812365148757456,0.9621798855153904,0.5493751635667876,0.5841917697210154,0.371448478866594,0.5640398857834648,0.6041033434510055,0.3872292664768628,0.3815130304241009,0.6382617331213919,0.7573658047446306,0.8537285780143842,0.8691397574230324,0.5841917697210154,0.371448478866594,10000
100,ESR1,Single best di PWM,di,0.8934173068858509,0.8537285780143842,0.8691397574230324,0.8975277032835696,0.8593224621046647,0.8725425969891776,0.8725425969891776,0.8593224621046647,0.8975277032835696,0.5493751635667876,0.5841917697210154,0.371448478866594,0.5640398857834648,0.6041033434510055,0.3872292664768628,0.3872292664768628,0.6041033434510055,0.5640398857834648,0.8537285780143842,0.8691397574230324,0.5841917697210154,0.371448478866594,10000
100,ESR1,BaggingClassifier_XGBClassifier,di,0.8934173068858509,0.8537285780143842,0.8691397574230324,0.8975277032835696,0.8593224621046647,0.8725425969891776,0.8857762169507035,0.8737362246466492,0.9624832039440576,0.5493751635667876,0.5841917697210154,0.371448478866594,0.5640398857834648,0.6041033434510055,0.3872292664768628,0.3835899772886099,0.6240796251533973,0.750482745458409,0.8537285780143842,0.8691397574230324,0.5841917697210154,0.371448478866594,10000
190,ESR1,BaggingClassifier_XGBClassifier,mono+di,0.8934173068858509,0.8537285780143842,0.8691397574230324,0.8975277032835696,0.8593224621046647,0.8725425969891776,0.8981724991125358,0.8848150681835834,0.9674460040468004,0.5493751635667876,0.5841917697210154,0.371448478866594,0.5640398857834648,0.6041033434510055,0.3872292664768628,0.397454329217241,0.6415749963183601,0.7768093686351393,0.8537285780143842,0.8691397574230324,0.5841917697210154,0.371448478866594,10000
190,ESR1,Single best mono PWM,mono,0.8934173068858509,0.8537285780143842,0.8691397574230324,0.8975277032835696,0.8593224621046647,0.8725425969891776,0.8691397574230324,0.8537285780143842,0.8934173068858509,0.5493751635667876,0.5841917697210154,0.371448478866594,0.5640398857834648,0.6041033434510055,0.3872292664768628,0.371448478866594,0.5841917697210154,0.5493751635667876,0.8537285780143842,0.8691397574230324,0.5841917697210154,0.371448478866594,10000
190,ESR1,BaggingClassifier_LogisticRegression,mono,0.8934173068858509,0.8537285780143842,0.8691397574230324,0.8975277032835696,0.8593224621046647,0.8725425969891776,0.8987492238919075,0.8771956157829904,0.9210518671894656,0.5493751635667876,0.5841917697210154,0.371448478866594,0.5640398857834648,0.6041033434510055,0.3872292664768628,0.4166425900429454,0.6242232497759566,0.6262103113847896,0.8537285780143842,0.8691397574230324,0.5841917697210154,0.371448478866594,10000
100,ESR1,Single best di PWM,di,0.8934173068858509,0.8537285780143842,0.8691397574230324,0.8975277032835696,0.8593224621046647,0.8725425969891776,0.8725425969891776,0.8593224621046647,0.8975277032835696,0.5493751635667876,0.5841917697210154,0.371448478866594,0.5640398857834648,0.6041033434510055,0.3872292664768628,0.3872292664768628,0.6041033434510055,0.5640398857834648,0.8537285780143842,0.8691397574230324,0.5841917697210154,0.371448478866594,10000
100,ESR1,BaggingClassifier_LogisticRegression,di,0.8934173068858509,0.8537285780143842,0.8691397574230324,0.8975277032835696,0.8593224621046647,0.8725425969891776,0.8880947391570964,0.8713077760906185,0.9137858791830916,0.5493751635667876,0.5841917697210154,0.371448478866594,0.5640398857834648,0.6041033434510055,0.3872292664768628,0.403278710483913,0.6227486789518567,0.6044614538454858,0.8537285780143842,0.8691397574230324,0.5841917697210154,0.371448478866594,10000
190,ESR1,BaggingClassifier_LogisticRegression,mono+di,0.8934173068858509,0.8537285780143842,0.8691397574230324,0.8975277032835696,0.8593224621046647,0.8725425969891776,0.8998968961510002,0.8794778715291042,0.9258386734148284,0.5493751635667876,0.5841917697210154,0.371448478866594,0.5640398857834648,0.6041033434510055,0.3872292664768628,0.4207019852183205,0.6317258543077385,0.6443680686482659,0.8537285780143842,0.8691397574230324,0.5841917697210154,0.371448478866594,10000
18,FLI1,Single best mono PWM,mono,0.866369927641549,0.8629455278051181,0.8216431351210289,0.8729613558651999,0.8698968073326772,0.8239335038811468,0.8216431351210289,0.8629455278051181,0.866369927641549,0.0714523871963277,0.0591874948051516,0.1383334145100635,0.0758932313035893,0.0691006853756855,0.1350654775829451,0.1383334145100635,0.0591874948051516,0.0714523871963277,0.8629455278051181,0.8216431351210289,0.0591874948051516,0.1383334145100635,1346
18,FLI1,RandomForestClassifier,mono,0.866369927641549,0.8629455278051181,0.8216431351210289,0.8729613558651999,0.8698968073326772,0.8239335038811468,0.8306373729998875,0.8707257320374016,0.9296012871516056,0.0714523871963277,0.0591874948051516,0.1383334145100635,0.0758932313035893,0.0691006853756855,0.1350654775829451,0.1494564866126532,0.062931956820981,0.2377894626163792,0.8629455278051181,0.8216431351210289,0.0591874948051516,0.1383334145100635,1346
8,FLI1,Single best di PWM,di,0.866369927641549,0.8629455278051181,0.8216431351210289,0.8729613558651999,0.8698968073326772,0.8239335038811468,0.8239335038811468,0.8698968073326772,0.8729613558651999,0.0714523871963277,0.0591874948051516,0.1383334145100635,0.0758932313035893,0.0691006853756855,0.1350654775829451,0.1350654775829451,0.0691006853756855,0.0758932313035893,0.8629455278051181,0.8216431351210289,0.0591874948051516,0.1383334145100635,1346
8,FLI1,RandomForestClassifier,di,0.866369927641549,0.8629455278051181,0.8216431351210289,0.8729613558651999,0.8698968073326772,0.8239335038811468,0.8320079205461454,0.8774910802165354,0.9280758100161824,0.0714523871963277,0.0591874948051516,0.1383334145100635,0.0758932313035893,0.0691006853756855,0.1350654775829451,0.1499174624769814,0.0648400865014597,0.2125639657305371,0.8629455278051181,0.8216431351210289,0.0591874948051516,0.1383334145100635,1346
18,FLI1,RandomForestClassifier,mono+di,0.866369927641549,0.8629455278051181,0.8216431351210289,0.8729613558651999,0.8698968073326772,0.8239335038811468,0.8307406686799241,0.877015717273622,0.9325102724173804,0.0714523871963277,0.0591874948051516,0.1383334145100635,0.0758932313035893,0.0691006853756855,0.1350654775829451,0.1469110824263817,0.0671398273298297,0.2492650091936744,0.8629455278051181,0.8216431351210289,0.0591874948051516,0.1383334145100635,1346
18,FLI1,Single best mono PWM,mono,0.866369927641549,0.8629455278051181,0.8216431351210289,0.8729613558651999,0.8698968073326772,0.8239335038811468,0.8216431351210289,0.8629455278051181,0.866369927641549,0.0714523871963277,0.0591874948051516,0.1383334145100635,0.0758932313035893,0.0691006853756855,0.1350654775829451,0.1383334145100635,0.0591874948051516,0.0714523871963277,0.8629455278051181,0.8216431351210289,0.0591874948051516,0.1383334145100635,1346
18,FLI1,LogisticRegression,mono,0.866369927641549,0.8629455278051181,0.8216431351210289,0.8729613558651999,0.8698968073326772,0.8239335038811468,0.8325874590154327,0.8693091781496063,0.8716230148557491,0.0714523871963277,0.0591874948051516,0.1383334145100635,0.0758932313035893,0.0691006853756855,0.1350654775829451,0.1614164081347415,0.0597365587286218,0.0760031123097051,0.8629455278051181,0.8216431351210289,0.0591874948051516,0.1383334145100635,1346
8,FLI1,Single best di PWM,di,0.866369927641549,0.8629455278051181,0.8216431351210289,0.8729613558651999,0.8698968073326772,0.8239335038811468,0.8239335038811468,0.8698968073326772,0.8729613558651999,0.0714523871963277,0.0591874948051516,0.1383334145100635,0.0758932313035893,0.0691006853756855,0.1350654775829451,0.1350654775829451,0.0691006853756855,0.0758932313035893,0.8629455278051181,0.8216431351210289,0.0591874948051516,0.1383334145100635,1346
8,FLI1,LogisticRegression,di,0.866369927641549,0.8629455278051181,0.8216431351210289,0.8729613558651999,0.8698968073326772,0.8239335038811468,0.8343083734464837,0.8806329970472441,0.8789157851407222,0.0714523871963277,0.0591874948051516,0.1383334145100635,0.0758932313035893,0.0691006853756855,0.1350654775829451,0.1647068649529875,0.0650908385562612,0.0803347400559795,0.8629455278051181,0.8216431351210289,0.0591874948051516,0.1383334145100635,1346
18,FLI1,LogisticRegression,mono+di,0.866369927641549,0.8629455278051181,0.8216431351210289,0.8729613558651999,0.8698968073326772,0.8239335038811468,0.8330054634525716,0.8815543491633858,0.8803941803927011,0.0714523871963277,0.0591874948051516,0.1383334145100635,0.0758932313035893,0.0691006853756855,0.1350654775829451,0.1610783589082536,0.0671268201472767,0.0833891796079639,0.8629455278051181,0.8216431351210289,0.0591874948051516,0.1383334145100635,1346
18,FLI1,Single best mono PWM,mono,0.866369927641549,0.8629455278051181,0.8216431351210289,0.8729613558651999,0.8698968073326772,0.8239335038811468,0.8216431351210289,0.8629455278051181,0.866369927641549,0.0714523871963277,0.0591874948051516,0.1383334145100635,0.0758932313035893,0.0691006853756855,0.1350654775829451,0.1383334145100635,0.0591874948051516,0.0714523871963277,0.8629455278051181,0.8216431351210289,0.0591874948051516,0.1383334145100635,1346
18,FLI1,XGBClassifier,mono,0.866369927641549,0.8629455278051181,0.8216431351210289,0.8729613558651999,0.8698968073326772,0.8239335038811468,0.81645309300738,0.8556632935531496,0.9536052468238132,0.0714523871963277,0.0591874948051516,0.1383334145100635,0.0758932313035893,0.0691006853756855,0.1350654775829451,0.1360857723078024,0.0657301597878557,0.3128297870052221,0.8629455278051181,0.8216431351210289,0.0591874948051516,0.1383334145100635,1346
8,FLI1,Single best di PWM,di,0.866369927641549,0.8629455278051181,0.8216431351210289,0.8729613558651999,0.8698968073326772,0.8239335038811468,0.8239335038811468,0.8698968073326772,0.8729613558651999,0.0714523871963277,0.0591874948051516,0.1383334145100635,0.0758932313035893,0.0691006853756855,0.1350654775829451,0.1350654775829451,0.0691006853756855,0.0758932313035893,0.8629455278051181,0.8216431351210289,0.0591874948051516,0.1383334145100635,1346
8,FLI1,XGBClassifier,di,0.866369927641549,0.8629455278051181,0.8216431351210289,0.8729613558651999,0.8698968073326772,0.8239335038811468,0.8212078421907475,0.869089720718504,0.9457916824019962,0.0714523871963277,0.0591874948051516,0.1383334145100635,0.0758932313035893,0.0691006853756855,0.1350654775829451,0.1435296525616677,0.0571173208086969,0.2707060970190564,0.8629455278051181,0.8216431351210289,0.0591874948051516,0.1383334145100635,1346
18,FLI1,XGBClassifier,mono+di,0.866369927641549,0.8629455278051181,0.8216431351210289,0.8729613558651999,0.8698968073326772,0.8239335038811468,0.8171676666895407,0.8743211737204725,0.9640474114495368,0.0714523871963277,0.0591874948051516,0.1383334145100635,0.0758932313035893,0.0691006853756855,0.1350654775829451,0.1306899850448893,0.0584082827896886,0.3568767382765742,0.8629455278051181,0.8216431351210289,0.0591874948051516,0.1383334145100635,1346
18,FLI1,Single best mono PWM,mono,0.866369927641549,0.8629455278051181,0.8216431351210289,0.8729613558651999,0.8698968073326772,0.8239335038811468,0.8216431351210289,0.8629455278051181,0.866369927641549,0.0714523871963277,0.0591874948051516,0.1383334145100635,0.0758932313035893,0.0691006853756855,0.1350654775829451,0.1383334145100635,0.0591874948051516,0.0714523871963277,0.8629455278051181,0.8216431351210289,0.0591874948051516,0.1383334145100635,1346
18,FLI1,BaggingClassifier_XGBClassifier,mono,0.866369927641549,0.8629455278051181,0.8216431351210289,0.8729613558651999,0.8698968073326772,0.8239335038811468,0.8238151351794628,0.8585059362696851,0.9714747540827916,0.0714523871963277,0.0591874948051516,0.1383334145100635,0.0758932313035893,0.0691006853756855,0.1350654775829451,0.1451583411471282,0.0652852931799941,0.3833697889145299,0.8629455278051181,0.8216431351210289,0.0591874948051516,0.1383334145100635,1346
8,FLI1,Single best di PWM,di,0.866369927641549,0.8629455278051181,0.8216431351210289,0.8729613558651999,0.8698968073326772,0.8239335038811468,0.8239335038811468,0.8698968073326772,0.8729613558651999,0.0714523871963277,0.0591874948051516,0.1383334145100635,0.0758932313035893,0.0691006853756855,0.1350654775829451,0.1350654775829451,0.0691006853756855,0.0758932313035893,0.8629455278051181,0.8216431351210289,0.0591874948051516,0.1383334145100635,1346
8,FLI1,BaggingClassifier_XGBClassifier,di,0.866369927641549,0.8629455278051181,0.8216431351210289,0.8729613558651999,0.8698968073326772,0.8239335038811468,0.8242777052205736,0.8728394131397638,0.9650362941112712,0.0714523871963277,0.0591874948051516,0.1383334145100635,0.0758932313035893,0.0691006853756855,0.1350654775829451,0.1588959076111748,0.0610310404597085,0.3482392991978769,0.8629455278051181,0.8216431351210289,0.0591874948051516,0.1383334145100635,1346
18,FLI1,BaggingClassifier_XGBClassifier,mono+di,0.866369927641549,0.8629455278051181,0.8216431351210289,0.8729613558651999,0.8698968073326772,0.8239335038811468,0.8239673568500447,0.8685932886318898,0.978939427493942,0.0714523871963277,0.0591874948051516,0.1383334145100635,0.0758932313035893,0.0691006853756855,0.1350654775829451,0.1553395802692686,0.0573399065164898,0.4466166648310576,0.8629455278051181,0.8216431351210289,0.0591874948051516,0.1383334145100635,1346
18,FLI1,Single best mono PWM,mono,0.866369927641549,0.8629455278051181,0.8216431351210289,0.8729613558651999,0.8698968073326772,0.8239335038811468,0.8216431351210289,0.8629455278051181,0.866369927641549,0.0714523871963277,0.0591874948051516,0.1383334145100635,0.0758932313035893,0.0691006853756855,0.1350654775829451,0.1383334145100635,0.0591874948051516,0.0714523871963277,0.8629455278051181,0.8216431351210289,0.0591874948051516,0.1383334145100635,1346
18,FLI1,BaggingClassifier_LogisticRegression,mono,0.866369927641549,0.8629455278051181,0.8216431351210289,0.8729613558651999,0.8698968073326772,0.8239335038811468,0.832051566745729,0.8686023622047244,0.8717096330398717,0.0714523871963277,0.0591874948051516,0.1383334145100635,0.0758932313035893,0.0691006853756855,0.1350654775829451,0.1570331605241814,0.0596122332944588,0.0757814207462251,0.8629455278051181,0.8216431351210289,0.0591874948051516,0.1383334145100635,1346
8,FLI1,Single best di PWM,di,0.866369927641549,0.8629455278051181,0.8216431351210289,0.8729613558651999,0.8698968073326772,0.8239335038811468,0.8239335038811468,0.8698968073326772,0.8729613558651999,0.0714523871963277,0.0591874948051516,0.1383334145100635,0.0758932313035893,0.0691006853756855,0.1350654775829451,0.1350654775829451,0.0691006853756855,0.0758932313035893,0.8629455278051181,0.8216431351210289,0.0591874948051516,0.1383334145100635,1346
8,FLI1,BaggingClassifier_LogisticRegression,di,0.866369927641549,0.8629455278051181,0.8216431351210289,0.8729613558651999,0.8698968073326772,0.8239335038811468,0.833787258946959,0.8796087598425197,0.8790504709564138,0.0714523871963277,0.0591874948051516,0.1383334145100635,0.0758932313035893,0.0691006853756855,0.1350654775829451,0.1631863486830645,0.0649157543071207,0.0801396621265986,0.8629455278051181,0.8216431351210289,0.0591874948051516,0.1383334145100635,1346
18,FLI1,BaggingClassifier_LogisticRegression,mono+di,0.866369927641549,0.8629455278051181,0.8216431351210289,0.8729613558651999,0.8698968073326772,0.8239335038811468,0.83261744657816,0.880611312746063,0.8805298164979516,0.0714523871963277,0.0591874948051516,0.1383334145100635,0.0758932313035893,0.0691006853756855,0.1350654775829451,0.1562408887019001,0.0661935038881742,0.0830649041227671,0.8629455278051181,0.8216431351210289,0.0591874948051516,0.1383334145100635,1346
28,GATA1,Single best mono PWM,mono,0.9051178315253964,0.9095333815491008,0.8978615143025425,0.914206411455624,0.9176898705554796,0.9084475096464338,0.8978615143025425,0.9095333815491008,0.9051178315253964,0.2882189526021076,0.3423246247558992,0.3425902577400975,0.310788200363559,0.3563214683523688,0.3464209757748217,0.3425902577400975,0.3423246247558992,0.2882189526021076,0.9095333815491008,0.8978615143025425,0.3423246247558992,0.3425902577400975,10000
28,GATA1,RandomForestClassifier,mono,0.9051178315253964,0.9095333815491008,0.8978615143025425,0.914206411455624,0.9176898705554796,0.9084475096464338,0.9045459030578754,0.9175390401255892,0.9268947164966904,0.2882189526021076,0.3423246247558992,0.3425902577400975,0.310788200363559,0.3563214683523688,0.3464209757748217,0.3428668712462345,0.3433128787785612,0.3598139553531344,0.9095333815491008,0.8978615143025425,0.3423246247558992,0.3425902577400975,10000
14,GATA1,Single best di PWM,di,0.9051178315253964,0.9095333815491008,0.8978615143025425,0.914206411455624,0.9176898705554796,0.9084475096464338,0.9084475096464338,0.9176898705554796,0.914206411455624,0.2882189526021076,0.3423246247558992,0.3425902577400975,0.310788200363559,0.3563214683523688,0.3464209757748217,0.3464209757748217,0.3563214683523688,0.310788200363559,0.9095333815491008,0.8978615143025425,0.3423246247558992,0.3425902577400975,10000
14,GATA1,RandomForestClassifier,di,0.9051178315253964,0.9095333815491008,0.8978615143025425,0.914206411455624,0.9176898705554796,0.9084475096464338,0.9109561314992358,0.9236041538711216,0.9339272307303176,0.2882189526021076,0.3423246247558992,0.3425902577400975,0.310788200363559,0.3563214683523688,0.3464209757748217,0.3717232631064779,0.3556077071355096,0.3914757340615006,0.9095333815491008,0.8978615143025425,0.3423246247558992,0.3425902577400975,10000
28,GATA1,RandomForestClassifier,mono+di,0.9051178315253964,0.9095333815491008,0.8978615143025425,0.914206411455624,0.9176898705554796,0.9084475096464338,0.9110460534155954,0.9238850126331308,0.9355624814473678,0.2882189526021076,0.3423246247558992,0.3425902577400975,0.310788200363559,0.3563214683523688,0.3464209757748217,0.368209913709365,0.3611788678606823,0.3995085167785488,0.9095333815491008,0.8978615143025425,0.3423246247558992,0.3425902577400975,10000
28,GATA1,Single best mono PWM,mono,0.9051178315253964,0.9095333815491008,0.8978615143025425,0.914206411455624,0.9176898705554796,0.9084475096464338,0.8978615143025425,0.9095333815491008,0.9051178315253964,0.2882189526021076,0.3423246247558992,0.3425902577400975,0.310788200363559,0.3563214683523688,0.3464209757748217,0.3425902577400975,0.3423246247558992,0.2882189526021076,0.9095333815491008,0.8978615143025425,0.3423246247558992,0.3425902577400975,10000
28,GATA1,LogisticRegression,mono,0.9051178315253964,0.9095333815491008,0.8978615143025425,0.914206411455624,0.9176898705554796,0.9084475096464338,0.905394602349424,0.9177487252711256,0.9123041801287588,0.2882189526021076,0.3423246247558992,0.3425902577400975,0.310788200363559,0.3563214683523688,0.3464209757748217,0.3535579414816879,0.3511421492557287,0.3022861657261697,0.9095333815491008,0.8978615143025425,0.3423246247558992,0.3425902577400975,10000
14,GATA1,Single best di PWM,di,0.9051178315253964,0.9095333815491008,0.8978615143025425,0.914206411455624,0.9176898705554796,0.9084475096464338,0.9084475096464338,0.9176898705554796,0.914206411455624,0.2882189526021076,0.3423246247558992,0.3425902577400975,0.310788200363559,0.3563214683523688,0.3464209757748217,0.3464209757748217,0.3563214683523688,0.310788200363559,0.9095333815491008,0.8978615143025425,0.3423246247558992,0.3425902577400975,10000
14,GATA1,LogisticRegression,di,0.9051178315253964,0.9095333815491008,0.8978615143025425,0.914206411455624,0.9176898705554796,0.9084475096464338,0.9102931736461092,0.9231952252183931,0.9183344725802832,0.2882189526021076,0.3423246247558992,0.3425902577400975,0.310788200363559,0.3563214683523688,0.3464209757748217,0.3589995005674594,0.359295016473906,0.3171173235386643,0.9095333815491008,0.8978615143025425,0.3423246247558992,0.3425902577400975,10000
28,GATA1,LogisticRegression,mono+di,0.9051178315253964,0.9095333815491008,0.8978615143025425,0.914206411455624,0.9176898705554796,0.9084475096464338,0.911607662334231,0.9272163485140842,0.921524624055665,0.2882189526021076,0.3423246247558992,0.3425902577400975,0.310788200363559,0.3563214683523688,0.3464209757748217,0.3686337431920445,0.3713377206637656,0.3313922312330281,0.9095333815491008,0.8978615143025425,0.3423246247558992,0.3425902577400975,10000
28,GATA1,Single best mono PWM,mono,0.9051178315253964,0.9095333815491008,0.8978615143025425,0.914206411455624,0.9176898705554796,0.9084475096464338,0.8978615143025425,0.9095333815491008,0.9051178315253964,0.2882189526021076,0.3423246247558992,0.3425902577400975,0.310788200363559,0.3563214683523688,0.3464209757748217,0.3425902577400975,0.3423246247558992,0.2882189526021076,0.9095333815491008,0.8978615143025425,0.3423246247558992,0.3425902577400975,10000
28,GATA1,XGBClassifier,mono,0.9051178315253964,0.9095333815491008,0.8978615143025425,0.914206411455624,0.9176898705554796,0.9084475096464338,0.902349844345814,0.9175388168835644,0.9425926161716912,0.2882189526021076,0.3423246247558992,0.3425902577400975,0.310788200363559,0.3563214683523688,0.3464209757748217,0.3305922267565879,0.3301904515380395,0.4459277114804682,0.9095333815491008,0.8978615143025425,0.3423246247558992,0.3425902577400975,10000
14,GATA1,Single best di PWM,di,0.9051178315253964,0.9095333815491008,0.8978615143025425,0.914206411455624,0.9176898705554796,0.9084475096464338,0.9084475096464338,0.9176898705554796,0.914206411455624,0.2882189526021076,0.3423246247558992,0.3425902577400975,0.310788200363559,0.3563214683523688,0.3464209757748217,0.3464209757748217,0.3563214683523688,0.310788200363559,0.9095333815491008,0.8978615143025425,0.3423246247558992,0.3425902577400975,10000
14,GATA1,XGBClassifier,di,0.9051178315253964,0.9095333815491008,0.8978615143025425,0.914206411455624,0.9176898705554796,0.9084475096464338,0.909034438461808,0.9213547841408596,0.9479942165897518,0.2882189526021076,0.3423246247558992,0.3425902577400975,0.310788200363559,0.3563214683523688,0.3464209757748217,0.3341413902003399,0.324755168441618,0.4945253732598397,0.9095333815491008,0.8978615143025425,0.3423246247558992,0.3425902577400975,10000
28,GATA1,XGBClassifier,mono+di,0.9051178315253964,0.9095333815491008,0.8978615143025425,0.914206411455624,0.9176898705554796,0.9084475096464338,0.9088838075662714,0.9267590913454276,0.9536764673879324,0.2882189526021076,0.3423246247558992,0.3425902577400975,0.310788200363559,0.3563214683523688,0.3464209757748217,0.3460602613956288,0.3557086400194824,0.5024407371570175,0.9095333815491008,0.8978615143025425,0.3423246247558992,0.3425902577400975,10000
28,GATA1,Single best mono PWM,mono,0.9051178315253964,0.9095333815491008,0.8978615143025425,0.914206411455624,0.9176898705554796,0.9084475096464338,0.8978615143025425,0.9095333815491008,0.9051178315253964,0.2882189526021076,0.3423246247558992,0.3425902577400975,0.310788200363559,0.3563214683523688,0.3464209757748217,0.3425902577400975,0.3423246247558992,0.2882189526021076,0.9095333815491008,0.8978615143025425,0.3423246247558992,0.3425902577400975,10000
28,GATA1,BaggingClassifier_XGBClassifier,mono,0.9051178315253964,0.9095333815491008,0.8978615143025425,0.914206411455624,0.9176898705554796,0.9084475096464338,0.9054586185547708,0.9199411107833136,0.9479656918282516,0.2882189526021076,0.3423246247558992,0.3425902577400975,0.310788200363559,0.3563214683523688,0.3464209757748217,0.342058867939643,0.3437864630271924,0.4595128286957513,0.9095333815491008,0.8978615143025425,0.3423246247558992,0.3425902577400975,10000
14,GATA1,Single best di PWM,di,0.9051178315253964,0.9095333815491008,0.8978615143025425,0.914206411455624,0.9176898705554796,0.9084475096464338,0.9084475096464338,0.9176898705554796,0.914206411455624,0.2882189526021076,0.3423246247558992,0.3425902577400975,0.310788200363559,0.3563214683523688,0.3464209757748217,0.3464209757748217,0.3563214683523688,0.310788200363559,0.9095333815491008,0.8978615143025425,0.3423246247558992,0.3425902577400975,10000
14,GATA1,BaggingClassifier_XGBClassifier,di,0.9051178315253964,0.9095333815491008,0.8978615143025425,0.914206411455624,0.9176898705554796,0.9084475096464338,0.9117419969417812,0.924431150569778,0.952317572623712,0.2882189526021076,0.3423246247558992,0.3425902577400975,0.310788200363559,0.3563214683523688,0.3464209757748217,0.3510061647565046,0.3418054527211213,0.5016683474615953,0.9095333815491008,0.8978615143025425,0.3423246247558992,0.3425902577400975,10000
28,GATA1,BaggingClassifier_XGBClassifier,mono+di,0.9051178315253964,0.9095333815491008,0.8978615143025425,0.914206411455624,0.9176898705554796,0.9084475096464338,0.9138847212679592,0.928292337866928,0.9584256591851636,0.2882189526021076,0.3423246247558992,0.3425902577400975,0.310788200363559,0.3563214683523688,0.3464209757748217,0.3584999934772689,0.3582910251128651,0.529739447147187,0.9095333815491008,0.8978615143025425,0.3423246247558992,0.3425902577400975,10000
28,GATA1,Single best mono PWM,mono,0.9051178315253964,0.9095333815491008,0.8978615143025425,0.914206411455624,0.9176898705554796,0.9084475096464338,0.8978615143025425,0.9095333815491008,0.9051178315253964,0.2882189526021076,0.3423246247558992,0.3425902577400975,0.310788200363559,0.3563214683523688,0.3464209757748217,0.3425902577400975,0.3423246247558992,0.2882189526021076,0.9095333815491008,0.8978615143025425,0.3423246247558992,0.3425902577400975,10000
28,GATA1,BaggingClassifier_LogisticRegression,mono,0.9051178315253964,0.9095333815491008,0.8978615143025425,0.914206411455624,0.9176898705554796,0.9084475096464338,0.9057071076366948,0.9177804391684762,0.9123421744878042,0.2882189526021076,0.3423246247558992,0.3425902577400975,0.310788200363559,0.3563214683523688,0.3464209757748217,0.3539244063166913,0.3511529111947173,0.302184443958872,0.9095333815491008,0.8978615143025425,0.3423246247558992,0.3425902577400975,10000
14,GATA1,Single best di PWM,di,0.9051178315253964,0.9095333815491008,0.8978615143025425,0.914206411455624,0.9176898705554796,0.9084475096464338,0.9084475096464338,0.9176898705554796,0.914206411455624,0.2882189526021076,0.3423246247558992,0.3425902577400975,0.310788200363559,0.3563214683523688,0.3464209757748217,0.3464209757748217,0.3563214683523688,0.310788200363559,0.9095333815491008,0.8978615143025425,0.3423246247558992,0.3425902577400975,10000
14,GATA1,BaggingClassifier_LogisticRegression,di,0.9051178315253964,0.9095333815491008,0.8978615143025425,0.914206411455624,0.9176898705554796,0.9084475096464338,0.9103798235847708,0.9231707903640354,0.9183559225251624,0.2882189526021076,0.3423246247558992,0.3425902577400975,0.310788200363559,0.3563214683523688,0.3464209757748217,0.3592049668556791,0.3591469143731239,0.3172505832242631,0.9095333815491008,0.8978615143025425,0.3423246247558992,0.3425902577400975,10000
28,GATA1,BaggingClassifier_LogisticRegression,mono+di,0.9051178315253964,0.9095333815491008,0.8978615143025425,0.914206411455624,0.9176898705554796,0.9084475096464338,0.9119100842597858,0.9272170723594376,0.9215545674074992,0.2882189526021076,0.3423246247558992,0.3425902577400975,0.310788200363559,0.3563214683523688,0.3464209757748217,0.3689126307516511,0.3707348676966336,0.3311057010242197,0.9095333815491008,0.8978615143025425,0.3423246247558992,0.3425902577400975,10000
37,GATA2,Single best mono PWM,mono,0.8514082089760225,0.8598215403820672,0.8089042505925435,0.8694269784529239,0.873019345259764,0.8278800449545257,0.8089042505925435,0.8598215403820672,0.8514082089760225,0.2136646468365929,0.1997043727279986,0.062152646828118,0.2377135130935014,0.2182406459827906,0.0719783290487826,0.062152646828118,0.1997043727279986,0.2136646468365929,0.8598215403820672,0.8089042505925435,0.1997043727279986,0.062152646828118,9734
37,GATA2,RandomForestClassifier,mono,0.8514082089760225,0.8598215403820672,0.8089042505925435,0.8694269784529239,0.873019345259764,0.8278800449545257,0.8331022459665512,0.8826660165204822,0.8901080719599085,0.2136646468365929,0.1997043727279986,0.062152646828118,0.2377135130935014,0.2182406459827906,0.0719783290487826,0.071346705316867,0.2141568447943321,0.2903124313568516,0.8598215403820672,0.8089042505925435,0.1997043727279986,0.062152646828118,9734
18,GATA2,Single best di PWM,di,0.8514082089760225,0.8598215403820672,0.8089042505925435,0.8694269784529239,0.873019345259764,0.8278800449545257,0.8278800449545257,0.873019345259764,0.8694269784529239,0.2136646468365929,0.1997043727279986,0.062152646828118,0.2377135130935014,0.2182406459827906,0.0719783290487826,0.0719783290487826,0.2182406459827906,0.2377135130935014,0.8598215403820672,0.8089042505925435,0.1997043727279986,0.062152646828118,9734
18,GATA2,RandomForestClassifier,di,0.8514082089760225,0.8598215403820672,0.8089042505925435,0.8694269784529239,0.873019345259764,0.8278800449545257,0.8529677504840693,0.8922638638492091,0.9012230280285538,0.2136646468365929,0.1997043727279986,0.062152646828118,0.2377135130935014,0.2182406459827906,0.0719783290487826,0.08226594291296,0.2289436132013524,0.3207220611521762,0.8598215403820672,0.8089042505925435,0.1997043727279986,0.062152646828118,9734
37,GATA2,RandomForestClassifier,mono+di,0.8514082089760225,0.8598215403820672,0.8089042505925435,0.8694269784529239,0.873019345259764,0.8278800449545257,0.8522770499997165,0.891841197990109,0.9026086441990988,0.2136646468365929,0.1997043727279986,0.062152646828118,0.2377135130935014,0.2182406459827906,0.0719783290487826,0.0850391784547245,0.231237021865377,0.3205648561613041,0.8598215403820672,0.8089042505925435,0.1997043727279986,0.062152646828118,9734
37,GATA2,Single best mono PWM,mono,0.8514082089760225,0.8598215403820672,0.8089042505925435,0.8694269784529239,0.873019345259764,0.8278800449545257,0.8089042505925435,0.8598215403820672,0.8514082089760225,0.2136646468365929,0.1997043727279986,0.062152646828118,0.2377135130935014,0.2182406459827906,0.0719783290487826,0.062152646828118,0.1997043727279986,0.2136646468365929,0.8598215403820672,0.8089042505925435,0.1997043727279986,0.062152646828118,9734
37,GATA2,LogisticRegression,mono,0.8514082089760225,0.8598215403820672,0.8089042505925435,0.8694269784529239,0.873019345259764,0.8278800449545257,0.8411071968582993,0.8826587961722184,0.8749311413045152,0.2136646468365929,0.1997043727279986,0.062152646828118,0.2377135130935014,0.2182406459827906,0.0719783290487826,0.074833258165108,0.2140492791165777,0.2361531785833159,0.8598215403820672,0.8089042505925435,0.1997043727279986,0.062152646828118,9734
18,GATA2,Single best di PWM,di,0.8514082089760225,0.8598215403820672,0.8089042505925435,0.8694269784529239,0.873019345259764,0.8278800449545257,0.8278800449545257,0.873019345259764,0.8694269784529239,0.2136646468365929,0.1997043727279986,0.062152646828118,0.2377135130935014,0.2182406459827906,0.0719783290487826,0.0719783290487826,0.2182406459827906,0.2377135130935014,0.8598215403820672,0.8089042505925435,0.1997043727279986,0.062152646828118,9734
18,GATA2,LogisticRegression,di,0.8514082089760225,0.8598215403820672,0.8089042505925435,0.8694269784529239,0.873019345259764,0.8278800449545257,0.8568683704997331,0.8910057994981176,0.8856889458418752,0.2136646468365929,0.1997043727279986,0.062152646828118,0.2377135130935014,0.2182406459827906,0.0719783290487826,0.0890949490721869,0.2307630062963621,0.25265429252118,0.8598215403820672,0.8089042505925435,0.1997043727279986,0.062152646828118,9734
37,GATA2,LogisticRegression,mono+di,0.8514082089760225,0.8598215403820672,0.8089042505925435,0.8694269784529239,0.873019345259764,0.8278800449545257,0.8612855653360802,0.8942254844973062,0.8902669967584432,0.2136646468365929,0.1997043727279986,0.062152646828118,0.2377135130935014,0.2182406459827906,0.0719783290487826,0.0925545794306983,0.2386924817482698,0.2629546588714455,0.8598215403820672,0.8089042505925435,0.1997043727279986,0.062152646828118,9734
37,GATA2,Single best mono PWM,mono,0.8514082089760225,0.8598215403820672,0.8089042505925435,0.8694269784529239,0.873019345259764,0.8278800449545257,0.8089042505925435,0.8598215403820672,0.8514082089760225,0.2136646468365929,0.1997043727279986,0.062152646828118,0.2377135130935014,0.2182406459827906,0.0719783290487826,0.062152646828118,0.1997043727279986,0.2136646468365929,0.8598215403820672,0.8089042505925435,0.1997043727279986,0.062152646828118,9734
37,GATA2,XGBClassifier,mono,0.8514082089760225,0.8598215403820672,0.8089042505925435,0.8694269784529239,0.873019345259764,0.8278800449545257,0.8304539974412098,0.8792046256405533,0.9119315853888684,0.2136646468365929,0.1997043727279986,0.062152646828118,0.2377135130935014,0.2182406459827906,0.0719783290487826,0.069110455598211,0.1981209047992852,0.3415538571580741,0.8598215403820672,0.8089042505925435,0.1997043727279986,0.062152646828118,9734
18,GATA2,Single best di PWM,di,0.8514082089760225,0.8598215403820672,0.8089042505925435,0.8694269784529239,0.873019345259764,0.8278800449545257,0.8278800449545257,0.873019345259764,0.8694269784529239,0.2136646468365929,0.1997043727279986,0.062152646828118,0.2377135130935014,0.2182406459827906,0.0719783290487826,0.0719783290487826,0.2182406459827906,0.2377135130935014,0.8598215403820672,0.8089042505925435,0.1997043727279986,0.062152646828118,9734
18,GATA2,XGBClassifier,di,0.8514082089760225,0.8598215403820672,0.8089042505925435,0.8694269784529239,0.873019345259764,0.8278800449545257,0.8539161484363986,0.8889304163860976,0.920262541020274,0.2136646468365929,0.1997043727279986,0.062152646828118,0.2377135130935014,0.2182406459827906,0.0719783290487826,0.074291145724138,0.204866731446207,0.3996226277842936,0.8598215403820672,0.8089042505925435,0.1997043727279986,0.062152646828118,9734
37,GATA2,XGBClassifier,mono+di,0.8514082089760225,0.8598215403820672,0.8089042505925435,0.8694269784529239,0.873019345259764,0.8278800449545257,0.8566452181483006,0.8899633144914253,0.9277005965629688,0.2136646468365929,0.1997043727279986,0.062152646828118,0.2377135130935014,0.2182406459827906,0.0719783290487826,0.0852748870422944,0.211597755934253,0.4061045642345386,0.8598215403820672,0.8089042505925435,0.1997043727279986,0.062152646828118,9734
37,GATA2,Single best mono PWM,mono,0.8514082089760225,0.8598215403820672,0.8089042505925435,0.8694269784529239,0.873019345259764,0.8278800449545257,0.8089042505925435,0.8598215403820672,0.8514082089760225,0.2136646468365929,0.1997043727279986,0.062152646828118,0.2377135130935014,0.2182406459827906,0.0719783290487826,0.062152646828118,0.1997043727279986,0.2136646468365929,0.8598215403820672,0.8089042505925435,0.1997043727279986,0.062152646828118,9734
37,GATA2,BaggingClassifier_XGBClassifier,mono,0.8514082089760225,0.8598215403820672,0.8089042505925435,0.8694269784529239,0.873019345259764,0.8278800449545257,0.8327602298620972,0.8823752873085982,0.921854836261648,0.2136646468365929,0.1997043727279986,0.062152646828118,0.2377135130935014,0.2182406459827906,0.0719783290487826,0.0726353772847402,0.2083643006924942,0.3535610939324043,0.8598215403820672,0.8089042505925435,0.1997043727279986,0.062152646828118,9734
18,GATA2,Single best di PWM,di,0.8514082089760225,0.8598215403820672,0.8089042505925435,0.8694269784529239,0.873019345259764,0.8278800449545257,0.8278800449545257,0.873019345259764,0.8694269784529239,0.2136646468365929,0.1997043727279986,0.062152646828118,0.2377135130935014,0.2182406459827906,0.0719783290487826,0.0719783290487826,0.2182406459827906,0.2377135130935014,0.8598215403820672,0.8089042505925435,0.1997043727279986,0.062152646828118,9734
18,GATA2,BaggingClassifier_XGBClassifier,di,0.8514082089760225,0.8598215403820672,0.8089042505925435,0.8694269784529239,0.873019345259764,0.8278800449545257,0.8590317579645751,0.8919315809033858,0.9277736454198298,0.2136646468365929,0.1997043727279986,0.062152646828118,0.2377135130935014,0.2182406459827906,0.0719783290487826,0.0820373877364805,0.2211876708920082,0.4060600565127553,0.8598215403820672,0.8089042505925435,0.1997043727279986,0.062152646828118,9734
37,GATA2,BaggingClassifier_XGBClassifier,mono+di,0.8514082089760225,0.8598215403820672,0.8089042505925435,0.8694269784529239,0.873019345259764,0.8278800449545257,0.8612284354275235,0.8953498385981925,0.9364077248658952,0.2136646468365929,0.1997043727279986,0.062152646828118,0.2377135130935014,0.2182406459827906,0.0719783290487826,0.0791417474855487,0.2288719536783734,0.4257679474051326,0.8598215403820672,0.8089042505925435,0.1997043727279986,0.062152646828118,9734
37,GATA2,Single best mono PWM,mono,0.8514082089760225,0.8598215403820672,0.8089042505925435,0.8694269784529239,0.873019345259764,0.8278800449545257,0.8089042505925435,0.8598215403820672,0.8514082089760225,0.2136646468365929,0.1997043727279986,0.062152646828118,0.2377135130935014,0.2182406459827906,0.0719783290487826,0.062152646828118,0.1997043727279986,0.2136646468365929,0.8598215403820672,0.8089042505925435,0.1997043727279986,0.062152646828118,9734
37,GATA2,BaggingClassifier_LogisticRegression,mono,0.8514082089760225,0.8598215403820672,0.8089042505925435,0.8694269784529239,0.873019345259764,0.8278800449545257,0.8409127305690647,0.8825383748260669,0.8749536302407883,0.2136646468365929,0.1997043727279986,0.062152646828118,0.2377135130935014,0.2182406459827906,0.0719783290487826,0.0756059930203932,0.2141258874345397,0.2361519855734308,0.8598215403820672,0.8089042505925435,0.1997043727279986,0.062152646828118,9734
18,GATA2,Single best di PWM,di,0.8514082089760225,0.8598215403820672,0.8089042505925435,0.8694269784529239,0.873019345259764,0.8278800449545257,0.8278800449545257,0.873019345259764,0.8694269784529239,0.2136646468365929,0.1997043727279986,0.062152646828118,0.2377135130935014,0.2182406459827906,0.0719783290487826,0.0719783290487826,0.2182406459827906,0.2377135130935014,0.8598215403820672,0.8089042505925435,0.1997043727279986,0.062152646828118,9734
18,GATA2,BaggingClassifier_LogisticRegression,di,0.8514082089760225,0.8598215403820672,0.8089042505925435,0.8694269784529239,0.873019345259764,0.8278800449545257,0.8569655577701383,0.8910803485444715,0.885707513506762,0.2136646468365929,0.1997043727279986,0.062152646828118,0.2377135130935014,0.2182406459827906,0.0719783290487826,0.0890384170291568,0.2306110686980374,0.2525680464229912,0.8598215403820672,0.8089042505925435,0.1997043727279986,0.062152646828118,9734
37,GATA2,BaggingClassifier_LogisticRegression,mono+di,0.8514082089760225,0.8598215403820672,0.8089042505925435,0.8694269784529239,0.873019345259764,0.8278800449545257,0.8612359918277109,0.8941909412177858,0.890291188500794,0.2136646468365929,0.1997043727279986,0.062152646828118,0.2377135130935014,0.2182406459827906,0.0719783290487826,0.0920764556451724,0.2381544622936309,0.2627327899624046,0.8598215403820672,0.8089042505925435,0.1997043727279986,0.062152646828118,9734
44,GATA3,Single best mono PWM,mono,0.8047338610017798,0.8008362795720226,0.8231288005579259,0.8140111079185535,0.8133518282655667,0.8471890429139656,0.8231288005579259,0.8008362795720226,0.8047338610017798,0.1453070192220517,0.1182923649310322,0.166652115871246,0.1660853170890487,0.1249377164593558,0.2276322192444557,0.166652115871246,0.1182923649310322,0.1453070192220517,0.8008362795720226,0.8231288005579259,0.1182923649310322,0.166652115871246,8900
44,GATA3,RandomForestClassifier,mono,0.8047338610017798,0.8008362795720226,0.8231288005579259,0.8140111079185535,0.8133518282655667,0.8471890429139656,0.8326468340238657,0.8230241425625755,0.8528560609036204,0.1453070192220517,0.1182923649310322,0.166652115871246,0.1660853170890487,0.1249377164593558,0.2276322192444557,0.1820693707247809,0.1282289186919074,0.2422569463194059,0.8008362795720226,0.8231288005579259,0.1182923649310322,0.166652115871246,8900
19,GATA3,Single best di PWM,di,0.8047338610017798,0.8008362795720226,0.8231288005579259,0.8140111079185535,0.8133518282655667,0.8471890429139656,0.8471890429139656,0.8133518282655667,0.8140111079185535,0.1453070192220517,0.1182923649310322,0.166652115871246,0.1660853170890487,0.1249377164593558,0.2276322192444557,0.2276322192444557,0.1249377164593558,0.1660853170890487,0.8008362795720226,0.8231288005579259,0.1182923649310322,0.166652115871246,8900
19,GATA3,RandomForestClassifier,di,0.8047338610017798,0.8008362795720226,0.8231288005579259,0.8140111079185535,0.8133518282655667,0.8471890429139656,0.8541930944467004,0.8325261131551972,0.8598314636229483,0.1453070192220517,0.1182923649310322,0.166652115871246,0.1660853170890487,0.1249377164593558,0.2276322192444557,0.2650686183266515,0.1598798735263435,0.2925424335717389,0.8008362795720226,0.8231288005579259,0.1182923649310322,0.166652115871246,8900
44,GATA3,RandomForestClassifier,mono+di,0.8047338610017798,0.8008362795720226,0.8231288005579259,0.8140111079185535,0.8133518282655667,0.8471890429139656,0.8561499374843762,0.8399159938050764,0.8677874767443602,0.1453070192220517,0.1182923649310322,0.166652115871246,0.1660853170890487,0.1249377164593558,0.2276322192444557,0.259731647234156,0.1585696776935884,0.3038667546809668,0.8008362795720226,0.8231288005579259,0.1182923649310322,0.166652115871246,8900
44,GATA3,Single best mono PWM,mono,0.8047338610017798,0.8008362795720226,0.8231288005579259,0.8140111079185535,0.8133518282655667,0.8471890429139656,0.8231288005579259,0.8008362795720226,0.8047338610017798,0.1453070192220517,0.1182923649310322,0.166652115871246,0.1660853170890487,0.1249377164593558,0.2276322192444557,0.166652115871246,0.1182923649310322,0.1453070192220517,0.8008362795720226,0.8231288005579259,0.1182923649310322,0.166652115871246,8900
44,GATA3,LogisticRegression,mono,0.8047338610017798,0.8008362795720226,0.8231288005579259,0.8140111079185535,0.8133518282655667,0.8471890429139656,0.8359541845989219,0.8265539403116121,0.8265808170415582,0.1453070192220517,0.1182923649310322,0.166652115871246,0.1660853170890487,0.1249377164593558,0.2276322192444557,0.1841749269864543,0.1351800017347045,0.1675745119201729,0.8008362795720226,0.8231288005579259,0.1182923649310322,0.166652115871246,8900
19,GATA3,Single best di PWM,di,0.8047338610017798,0.8008362795720226,0.8231288005579259,0.8140111079185535,0.8133518282655667,0.8471890429139656,0.8471890429139656,0.8133518282655667,0.8140111079185535,0.1453070192220517,0.1182923649310322,0.166652115871246,0.1660853170890487,0.1249377164593558,0.2276322192444557,0.2276322192444557,0.1249377164593558,0.1660853170890487,0.8008362795720226,0.8231288005579259,0.1182923649310322,0.166652115871246,8900
19,GATA3,LogisticRegression,di,0.8047338610017798,0.8008362795720226,0.8231288005579259,0.8140111079185535,0.8133518282655667,0.8471890429139656,0.8565016248798365,0.8297820582159667,0.8388846112744545,0.1453070192220517,0.1182923649310322,0.166652115871246,0.1660853170890487,0.1249377164593558,0.2276322192444557,0.2548561606427444,0.1436020226548179,0.2024375166867919,0.8008362795720226,0.8231288005579259,0.1182923649310322,0.166652115871246,8900
44,GATA3,LogisticRegression,mono+di,0.8047338610017798,0.8008362795720226,0.8231288005579259,0.8140111079185535,0.8133518282655667,0.8471890429139656,0.8652346586942524,0.8457053409555431,0.8522330435969305,0.1453070192220517,0.1182923649310322,0.166652115871246,0.1660853170890487,0.1249377164593558,0.2276322192444557,0.266242720545551,0.15747816475996,0.2189500663785455,0.8008362795720226,0.8231288005579259,0.1182923649310322,0.166652115871246,8900
44,GATA3,Single best mono PWM,mono,0.8047338610017798,0.8008362795720226,0.8231288005579259,0.8140111079185535,0.8133518282655667,0.8471890429139656,0.8231288005579259,0.8008362795720226,0.8047338610017798,0.1453070192220517,0.1182923649310322,0.166652115871246,0.1660853170890487,0.1249377164593558,0.2276322192444557,0.166652115871246,0.1182923649310322,0.1453070192220517,0.8008362795720226,0.8231288005579259,0.1182923649310322,0.166652115871246,8900
44,GATA3,XGBClassifier,mono,0.8047338610017798,0.8008362795720226,0.8231288005579259,0.8140111079185535,0.8133518282655667,0.8471890429139656,0.822095134086308,0.8209543740817696,0.8840902909170988,0.1453070192220517,0.1182923649310322,0.166652115871246,0.1660853170890487,0.1249377164593558,0.2276322192444557,0.1719844384589794,0.1201471403473335,0.313217275534918,0.8008362795720226,0.8231288005579259,0.1182923649310322,0.166652115871246,8900
19,GATA3,Single best di PWM,di,0.8047338610017798,0.8008362795720226,0.8231288005579259,0.8140111079185535,0.8133518282655667,0.8471890429139656,0.8471890429139656,0.8133518282655667,0.8140111079185535,0.1453070192220517,0.1182923649310322,0.166652115871246,0.1660853170890487,0.1249377164593558,0.2276322192444557,0.2276322192444557,0.1249377164593558,0.1660853170890487,0.8008362795720226,0.8231288005579259,0.1182923649310322,0.166652115871246,8900
19,GATA3,XGBClassifier,di,0.8047338610017798,0.8008362795720226,0.8231288005579259,0.8140111079185535,0.8133518282655667,0.8471890429139656,0.8479864922927092,0.8320025856606971,0.8878488030444733,0.1453070192220517,0.1182923649310322,0.166652115871246,0.1660853170890487,0.1249377164593558,0.2276322192444557,0.2423030734061824,0.1492283496047234,0.3669055905233231,0.8008362795720226,0.8231288005579259,0.1182923649310322,0.166652115871246,8900
44,GATA3,XGBClassifier,mono+di,0.8047338610017798,0.8008362795720226,0.8231288005579259,0.8140111079185535,0.8133518282655667,0.8471890429139656,0.8546297244367584,0.8441709127017264,0.90322866747322,0.1453070192220517,0.1182923649310322,0.166652115871246,0.1660853170890487,0.1249377164593558,0.2276322192444557,0.2432503178761841,0.1585222704925929,0.4006075468093534,0.8008362795720226,0.8231288005579259,0.1182923649310322,0.166652115871246,8900
44,GATA3,Single best mono PWM,mono,0.8047338610017798,0.8008362795720226,0.8231288005579259,0.8140111079185535,0.8133518282655667,0.8471890429139656,0.8231288005579259,0.8008362795720226,0.8047338610017798,0.1453070192220517,0.1182923649310322,0.166652115871246,0.1660853170890487,0.1249377164593558,0.2276322192444557,0.166652115871246,0.1182923649310322,0.1453070192220517,0.8008362795720226,0.8231288005579259,0.1182923649310322,0.166652115871246,8900
44,GATA3,BaggingClassifier_XGBClassifier,mono,0.8047338610017798,0.8008362795720226,0.8231288005579259,0.8140111079185535,0.8133518282655667,0.8471890429139656,0.8301920487151664,0.8269262482787522,0.8979524772261926,0.1453070192220517,0.1182923649310322,0.166652115871246,0.1660853170890487,0.1249377164593558,0.2276322192444557,0.1841003613301706,0.1343899400964122,0.3415445019018934,0.8008362795720226,0.8231288005579259,0.1182923649310322,0.166652115871246,8900
19,GATA3,Single best di PWM,di,0.8047338610017798,0.8008362795720226,0.8231288005579259,0.8140111079185535,0.8133518282655667,0.8471890429139656,0.8471890429139656,0.8133518282655667,0.8140111079185535,0.1453070192220517,0.1182923649310322,0.166652115871246,0.1660853170890487,0.1249377164593558,0.2276322192444557,0.2276322192444557,0.1249377164593558,0.1660853170890487,0.8008362795720226,0.8231288005579259,0.1182923649310322,0.166652115871246,8900
19,GATA3,BaggingClassifier_XGBClassifier,di,0.8047338610017798,0.8008362795720226,0.8231288005579259,0.8140111079185535,0.8133518282655667,0.8471890429139656,0.8531073020971672,0.8354767523841427,0.902842101327298,0.1453070192220517,0.1182923649310322,0.166652115871246,0.1660853170890487,0.1249377164593558,0.2276322192444557,0.2703429648532987,0.1594053736482878,0.3838277114998583,0.8008362795720226,0.8231288005579259,0.1182923649310322,0.166652115871246,8900
44,GATA3,BaggingClassifier_XGBClassifier,mono+di,0.8047338610017798,0.8008362795720226,0.8231288005579259,0.8140111079185535,0.8133518282655667,0.8471890429139656,0.8617421362998009,0.8472978685671126,0.916802871025428,0.1453070192220517,0.1182923649310322,0.166652115871246,0.1660853170890487,0.1249377164593558,0.2276322192444557,0.2769981425224226,0.1634171407602558,0.4205355958483686,0.8008362795720226,0.8231288005579259,0.1182923649310322,0.166652115871246,8900
44,GATA3,Single best mono PWM,mono,0.8047338610017798,0.8008362795720226,0.8231288005579259,0.8140111079185535,0.8133518282655667,0.8471890429139656,0.8231288005579259,0.8008362795720226,0.8047338610017798,0.1453070192220517,0.1182923649310322,0.166652115871246,0.1660853170890487,0.1249377164593558,0.2276322192444557,0.166652115871246,0.1182923649310322,0.1453070192220517,0.8008362795720226,0.8231288005579259,0.1182923649310322,0.166652115871246,8900
44,GATA3,BaggingClassifier_LogisticRegression,mono,0.8047338610017798,0.8008362795720226,0.8231288005579259,0.8140111079185535,0.8133518282655667,0.8471890429139656,0.8359597546466118,0.826587395927416,0.8265107773590887,0.1453070192220517,0.1182923649310322,0.166652115871246,0.1660853170890487,0.1249377164593558,0.2276322192444557,0.1841556834701712,0.1349808284375327,0.1674910720711107,0.8008362795720226,0.8231288005579259,0.1182923649310322,0.166652115871246,8900
19,GATA3,Single best di PWM,di,0.8047338610017798,0.8008362795720226,0.8231288005579259,0.8140111079185535,0.8133518282655667,0.8471890429139656,0.8471890429139656,0.8133518282655667,0.8140111079185535,0.1453070192220517,0.1182923649310322,0.166652115871246,0.1660853170890487,0.1249377164593558,0.2276322192444557,0.2276322192444557,0.1249377164593558,0.1660853170890487,0.8008362795720226,0.8231288005579259,0.1182923649310322,0.166652115871246,8900
19,GATA3,BaggingClassifier_LogisticRegression,di,0.8047338610017798,0.8008362795720226,0.8231288005579259,0.8140111079185535,0.8133518282655667,0.8471890429139656,0.8564887816303928,0.829681238001423,0.8387578970095839,0.1453070192220517,0.1182923649310322,0.166652115871246,0.1660853170890487,0.1249377164593558,0.2276322192444557,0.2556282582945643,0.1429670618512503,0.2027660853891388,0.8008362795720226,0.8231288005579259,0.1182923649310322,0.166652115871246,8900
44,GATA3,BaggingClassifier_LogisticRegression,mono+di,0.8047338610017798,0.8008362795720226,0.8231288005579259,0.8140111079185535,0.8133518282655667,0.8471890429139656,0.8651137499398329,0.8457770305327938,0.8521411132700193,0.1453070192220517,0.1182923649310322,0.166652115871246,0.1660853170890487,0.1249377164593558,0.2276322192444557,0.265251277008687,0.1575213658065249,0.219079789462076,0.8008362795720226,0.8231288005579259,0.1182923649310322,0.166652115871246,8900
47,GCR,Single best mono PWM,mono,0.9240134292380896,0.906350032544391,0.8409362837306731,0.9295911456727994,0.9167054919177976,0.8475838399391421,0.8409362837306731,0.906350032544391,0.9240134292380896,0.4941035585898214,0.4051967733061211,0.4204938509527975,0.5084499026840525,0.414973296765177,0.4285992594314703,0.4204938509527975,0.4051967733061211,0.4941035585898214,0.906350032544391,0.8409362837306731,0.4051967733061211,0.4204938509527975,7758
47,GCR,RandomForestClassifier,mono,0.9240134292380896,0.906350032544391,0.8409362837306731,0.9295911456727994,0.9167054919177976,0.8475838399391421,0.861606287694118,0.9225627982372134,0.9512950047394646,0.4941035585898214,0.4051967733061211,0.4204938509527975,0.5084499026840525,0.414973296765177,0.4285992594314703,0.426152260989477,0.4241372800420016,0.6393876622905756,0.906350032544391,0.8409362837306731,0.4051967733061211,0.4204938509527975,7758
26,GCR,Single best di PWM,di,0.9240134292380896,0.906350032544391,0.8409362837306731,0.9295911456727994,0.9167054919177976,0.8475838399391421,0.8475838399391421,0.9167054919177976,0.9295911456727994,0.4941035585898214,0.4051967733061211,0.4204938509527975,0.5084499026840525,0.414973296765177,0.4285992594314703,0.4285992594314703,0.414973296765177,0.5084499026840525,0.906350032544391,0.8409362837306731,0.4051967733061211,0.4204938509527975,7758
26,GCR,RandomForestClassifier,di,0.9240134292380896,0.906350032544391,0.8409362837306731,0.9295911456727994,0.9167054919177976,0.8475838399391421,0.8554278729300444,0.9238030919244308,0.9482893698140578,0.4941035585898214,0.4051967733061211,0.4204938509527975,0.5084499026840525,0.414973296765177,0.4285992594314703,0.4394624974087427,0.4236124190280971,0.6451908598686117,0.906350032544391,0.8409362837306731,0.4051967733061211,0.4204938509527975,7758
47,GCR,RandomForestClassifier,mono+di,0.9240134292380896,0.906350032544391,0.8409362837306731,0.9295911456727994,0.9167054919177976,0.8475838399391421,0.8654090586979915,0.9244181290913688,0.9530476163798404,0.4941035585898214,0.4051967733061211,0.4204938509527975,0.5084499026840525,0.414973296765177,0.4285992594314703,0.4346016385444837,0.4423663350386808,0.6604742761545705,0.906350032544391,0.8409362837306731,0.4051967733061211,0.4204938509527975,7758
47,GCR,Single best mono PWM,mono,0.9240134292380896,0.906350032544391,0.8409362837306731,0.9295911456727994,0.9167054919177976,0.8475838399391421,0.8409362837306731,0.906350032544391,0.9240134292380896,0.4941035585898214,0.4051967733061211,0.4204938509527975,0.5084499026840525,0.414973296765177,0.4285992594314703,0.4204938509527975,0.4051967733061211,0.4941035585898214,0.906350032544391,0.8409362837306731,0.4051967733061211,0.4204938509527975,7758
47,GCR,LogisticRegression,mono,0.9240134292380896,0.906350032544391,0.8409362837306731,0.9295911456727994,0.9167054919177976,0.8475838399391421,0.8687268150530123,0.9285132291912822,0.9450764991044052,0.4941035585898214,0.4051967733061211,0.4204938509527975,0.5084499026840525,0.414973296765177,0.4285992594314703,0.4416570341020622,0.4547350769589819,0.5730763254336646,0.906350032544391,0.8409362837306731,0.4051967733061211,0.4204938509527975,7758
26,GCR,Single best di PWM,di,0.9240134292380896,0.906350032544391,0.8409362837306731,0.9295911456727994,0.9167054919177976,0.8475838399391421,0.8475838399391421,0.9167054919177976,0.9295911456727994,0.4941035585898214,0.4051967733061211,0.4204938509527975,0.5084499026840525,0.414973296765177,0.4285992594314703,0.4285992594314703,0.414973296765177,0.5084499026840525,0.906350032544391,0.8409362837306731,0.4051967733061211,0.4204938509527975,7758
26,GCR,LogisticRegression,di,0.9240134292380896,0.906350032544391,0.8409362837306731,0.9295911456727994,0.9167054919177976,0.8475838399391421,0.8589948278512392,0.9274380412837,0.9402183677811624,0.4941035585898214,0.4051967733061211,0.4204938509527975,0.5084499026840525,0.414973296765177,0.4285992594314703,0.45495363795038,0.446005765838912,0.5457540994377835,0.906350032544391,0.8409362837306731,0.4051967733061211,0.4204938509527975,7758
47,GCR,LogisticRegression,mono+di,0.9240134292380896,0.906350032544391,0.8409362837306731,0.9295911456727994,0.9167054919177976,0.8475838399391421,0.8718640417179664,0.9330642927917284,0.9490938654537632,0.4941035585898214,0.4051967733061211,0.4204938509527975,0.5084499026840525,0.414973296765177,0.4285992594314703,0.4575982800506348,0.469888226662932,0.585679315167249,0.906350032544391,0.8409362837306731,0.4051967733061211,0.4204938509527975,7758
47,GCR,Single best mono PWM,mono,0.9240134292380896,0.906350032544391,0.8409362837306731,0.9295911456727994,0.9167054919177976,0.8475838399391421,0.8409362837306731,0.906350032544391,0.9240134292380896,0.4941035585898214,0.4051967733061211,0.4204938509527975,0.5084499026840525,0.414973296765177,0.4285992594314703,0.4204938509527975,0.4051967733061211,0.4941035585898214,0.906350032544391,0.8409362837306731,0.4051967733061211,0.4204938509527975,7758
47,GCR,XGBClassifier,mono,0.9240134292380896,0.906350032544391,0.8409362837306731,0.9295911456727994,0.9167054919177976,0.8475838399391421,0.8638874209645185,0.9313022420390616,0.9722733206000382,0.4941035585898214,0.4051967733061211,0.4204938509527975,0.5084499026840525,0.414973296765177,0.4285992594314703,0.4066914932555392,0.4109056524474047,0.7526658802305822,0.906350032544391,0.8409362837306731,0.4051967733061211,0.4204938509527975,7758
26,GCR,Single best di PWM,di,0.9240134292380896,0.906350032544391,0.8409362837306731,0.9295911456727994,0.9167054919177976,0.8475838399391421,0.8475838399391421,0.9167054919177976,0.9295911456727994,0.4941035585898214,0.4051967733061211,0.4204938509527975,0.5084499026840525,0.414973296765177,0.4285992594314703,0.4285992594314703,0.414973296765177,0.5084499026840525,0.906350032544391,0.8409362837306731,0.4051967733061211,0.4204938509527975,7758
26,GCR,XGBClassifier,di,0.9240134292380896,0.906350032544391,0.8409362837306731,0.9295911456727994,0.9167054919177976,0.8475838399391421,0.8550435056324011,0.9235866613600654,0.969373627998956,0.4941035585898214,0.4051967733061211,0.4204938509527975,0.5084499026840525,0.414973296765177,0.4285992594314703,0.4049507864985813,0.3884312250609674,0.7427350916319625,0.906350032544391,0.8409362837306731,0.4051967733061211,0.4204938509527975,7758
47,GCR,XGBClassifier,mono+di,0.9240134292380896,0.906350032544391,0.8409362837306731,0.9295911456727994,0.9167054919177976,0.8475838399391421,0.8678851380029595,0.9322901612294732,0.977053246994296,0.4941035585898214,0.4051967733061211,0.4204938509527975,0.5084499026840525,0.414973296765177,0.4285992594314703,0.4161699182087967,0.4178168299084064,0.7823781534938673,0.906350032544391,0.8409362837306731,0.4051967733061211,0.4204938509527975,7758
47,GCR,Single best mono PWM,mono,0.9240134292380896,0.906350032544391,0.8409362837306731,0.9295911456727994,0.9167054919177976,0.8475838399391421,0.8409362837306731,0.906350032544391,0.9240134292380896,0.4941035585898214,0.4051967733061211,0.4204938509527975,0.5084499026840525,0.414973296765177,0.4285992594314703,0.4204938509527975,0.4051967733061211,0.4941035585898214,0.906350032544391,0.8409362837306731,0.4051967733061211,0.4204938509527975,7758
47,GCR,BaggingClassifier_XGBClassifier,mono,0.9240134292380896,0.906350032544391,0.8409362837306731,0.9295911456727994,0.9167054919177976,0.8475838399391421,0.8681879137758546,0.9329577254580051,0.9796212611129528,0.4941035585898214,0.4051967733061211,0.4204938509527975,0.5084499026840525,0.414973296765177,0.4285992594314703,0.4170624410973066,0.4426531812734191,0.7715258729863096,0.906350032544391,0.8409362837306731,0.4051967733061211,0.4204938509527975,7758
26,GCR,Single best di PWM,di,0.9240134292380896,0.906350032544391,0.8409362837306731,0.9295911456727994,0.9167054919177976,0.8475838399391421,0.8475838399391421,0.9167054919177976,0.9295911456727994,0.4941035585898214,0.4051967733061211,0.4204938509527975,0.5084499026840525,0.414973296765177,0.4285992594314703,0.4285992594314703,0.414973296765177,0.5084499026840525,0.906350032544391,0.8409362837306731,0.4051967733061211,0.4204938509527975,7758
26,GCR,BaggingClassifier_XGBClassifier,di,0.9240134292380896,0.906350032544391,0.8409362837306731,0.9295911456727994,0.9167054919177976,0.8475838399391421,0.8575612494131181,0.9291307434631376,0.9768263215577936,0.4941035585898214,0.4051967733061211,0.4204938509527975,0.5084499026840525,0.414973296765177,0.4285992594314703,0.4312284820696364,0.4067721185343712,0.7523161025696895,0.906350032544391,0.8409362837306731,0.4051967733061211,0.4204938509527975,7758
47,GCR,BaggingClassifier_XGBClassifier,mono+di,0.9240134292380896,0.906350032544391,0.8409362837306731,0.9295911456727994,0.9167054919177976,0.8475838399391421,0.8728820602159353,0.9348794510155094,0.982344166675089,0.4941035585898214,0.4051967733061211,0.4204938509527975,0.5084499026840525,0.414973296765177,0.4285992594314703,0.4302337380368574,0.4407440219878775,0.7935145107577368,0.906350032544391,0.8409362837306731,0.4051967733061211,0.4204938509527975,7758
47,GCR,Single best mono PWM,mono,0.9240134292380896,0.906350032544391,0.8409362837306731,0.9295911456727994,0.9167054919177976,0.8475838399391421,0.8409362837306731,0.906350032544391,0.9240134292380896,0.4941035585898214,0.4051967733061211,0.4204938509527975,0.5084499026840525,0.414973296765177,0.4285992594314703,0.4204938509527975,0.4051967733061211,0.4941035585898214,0.906350032544391,0.8409362837306731,0.4051967733061211,0.4204938509527975,7758
47,GCR,BaggingClassifier_LogisticRegression,mono,0.9240134292380896,0.906350032544391,0.8409362837306731,0.9295911456727994,0.9167054919177976,0.8475838399391421,0.8686040925591741,0.9284876289856514,0.9450323027103756,0.4941035585898214,0.4051967733061211,0.4204938509527975,0.5084499026840525,0.414973296765177,0.4285992594314703,0.4408797042498515,0.4545941109790118,0.573518829024992,0.906350032544391,0.8409362837306731,0.4051967733061211,0.4204938509527975,7758
26,GCR,Single best di PWM,di,0.9240134292380896,0.906350032544391,0.8409362837306731,0.9295911456727994,0.9167054919177976,0.8475838399391421,0.8475838399391421,0.9167054919177976,0.9295911456727994,0.4941035585898214,0.4051967733061211,0.4204938509527975,0.5084499026840525,0.414973296765177,0.4285992594314703,0.4285992594314703,0.414973296765177,0.5084499026840525,0.906350032544391,0.8409362837306731,0.4051967733061211,0.4204938509527975,7758
26,GCR,BaggingClassifier_LogisticRegression,di,0.9240134292380896,0.906350032544391,0.8409362837306731,0.9295911456727994,0.9167054919177976,0.8475838399391421,0.8590426740054131,0.92743990688573,0.9402363824964334,0.4941035585898214,0.4051967733061211,0.4204938509527975,0.5084499026840525,0.414973296765177,0.4285992594314703,0.4545870891062645,0.4460235401423216,0.5458058494967885,0.906350032544391,0.8409362837306731,0.4051967733061211,0.4204938509527975,7758
47,GCR,BaggingClassifier_LogisticRegression,mono+di,0.9240134292380896,0.906350032544391,0.8409362837306731,0.9295911456727994,0.9167054919177976,0.8475838399391421,0.8718262284358573,0.932936830715272,0.9490453376288022,0.4941035585898214,0.4051967733061211,0.4204938509527975,0.5084499026840525,0.414973296765177,0.4285992594314703,0.4570844044536035,0.4687756439653829,0.5862236390976674,0.906350032544391,0.8409362837306731,0.4051967733061211,0.4204938509527975,7758
26,HNF4A,Single best mono PWM,mono,0.9472225230423772,0.9418555647677528,0.9270591116764229,0.9521583203216796,0.948457614805262,0.93384687721821,0.9270591116764229,0.9418555647677528,0.9472225230423772,0.6179338061491009,0.4640210302460877,0.3125966486187171,0.6435122977836737,0.4821156997754067,0.3504666848161684,0.3125966486187171,0.4640210302460877,0.6179338061491009,0.9418555647677528,0.9270591116764229,0.4640210302460877,0.3125966486187171,10000
26,HNF4A,RandomForestClassifier,mono,0.9472225230423772,0.9418555647677528,0.9270591116764229,0.9521583203216796,0.948457614805262,0.93384687721821,0.9337173805526072,0.9474504616350437,0.9593407927099924,0.6179338061491009,0.4640210302460877,0.3125966486187171,0.6435122977836737,0.4821156997754067,0.3504666848161684,0.3528649628462926,0.4969069544379864,0.7032437829937657,0.9418555647677528,0.9270591116764229,0.4640210302460877,0.3125966486187171,10000
13,HNF4A,Single best di PWM,di,0.9472225230423772,0.9418555647677528,0.9270591116764229,0.9521583203216796,0.948457614805262,0.93384687721821,0.93384687721821,0.948457614805262,0.9521583203216796,0.6179338061491009,0.4640210302460877,0.3125966486187171,0.6435122977836737,0.4821156997754067,0.3504666848161684,0.3504666848161684,0.4821156997754067,0.6435122977836737,0.9418555647677528,0.9270591116764229,0.4640210302460877,0.3125966486187171,10000
13,HNF4A,RandomForestClassifier,di,0.9472225230423772,0.9418555647677528,0.9270591116764229,0.9521583203216796,0.948457614805262,0.93384687721821,0.9382471241216932,0.9530429094304296,0.9619915807201233,0.6179338061491009,0.4640210302460877,0.3125966486187171,0.6435122977836737,0.4821156997754067,0.3504666848161684,0.3748586011289157,0.505543845996603,0.7220173315966544,0.9418555647677528,0.9270591116764229,0.4640210302460877,0.3125966486187171,10000
26,HNF4A,RandomForestClassifier,mono+di,0.9472225230423772,0.9418555647677528,0.9270591116764229,0.9521583203216796,0.948457614805262,0.93384687721821,0.9395065180403726,0.9541429061265524,0.9630352330348052,0.6179338061491009,0.4640210302460877,0.3125966486187171,0.6435122977836737,0.4821156997754067,0.3504666848161684,0.3812100918334066,0.5188465301051339,0.73165297219404,0.9418555647677528,0.9270591116764229,0.4640210302460877,0.3125966486187171,10000
26,HNF4A,Single best mono PWM,mono,0.9472225230423772,0.9418555647677528,0.9270591116764229,0.9521583203216796,0.948457614805262,0.93384687721821,0.9270591116764229,0.9418555647677528,0.9472225230423772,0.6179338061491009,0.4640210302460877,0.3125966486187171,0.6435122977836737,0.4821156997754067,0.3504666848161684,0.3125966486187171,0.4640210302460877,0.6179338061491009,0.9418555647677528,0.9270591116764229,0.4640210302460877,0.3125966486187171,10000
26,HNF4A,LogisticRegression,mono,0.9472225230423772,0.9418555647677528,0.9270591116764229,0.9521583203216796,0.948457614805262,0.93384687721821,0.934462068394462,0.9444021729366778,0.9530861996396772,0.6179338061491009,0.4640210302460877,0.3125966486187171,0.6435122977836737,0.4821156997754067,0.3504666848161684,0.3426208859514342,0.4930549024726029,0.6418054494553969,0.9418555647677528,0.9270591116764229,0.4640210302460877,0.3125966486187171,10000
13,HNF4A,Single best di PWM,di,0.9472225230423772,0.9418555647677528,0.9270591116764229,0.9521583203216796,0.948457614805262,0.93384687721821,0.93384687721821,0.948457614805262,0.9521583203216796,0.6179338061491009,0.4640210302460877,0.3125966486187171,0.6435122977836737,0.4821156997754067,0.3504666848161684,0.3504666848161684,0.4821156997754067,0.6435122977836737,0.9418555647677528,0.9270591116764229,0.4640210302460877,0.3125966486187171,10000
13,HNF4A,LogisticRegression,di,0.9472225230423772,0.9418555647677528,0.9270591116764229,0.9521583203216796,0.948457614805262,0.93384687721821,0.9386756626935469,0.9524392053055556,0.9566632791978904,0.6179338061491009,0.4640210302460877,0.3125966486187171,0.6435122977836737,0.4821156997754067,0.3504666848161684,0.3765981127688574,0.5096076524319446,0.6684048580838439,0.9418555647677528,0.9270591116764229,0.4640210302460877,0.3125966486187171,10000
26,HNF4A,LogisticRegression,mono+di,0.9472225230423772,0.9418555647677528,0.9270591116764229,0.9521583203216796,0.948457614805262,0.93384687721821,0.9410727586072902,0.953401240251094,0.9587665341131624,0.6179338061491009,0.4640210302460877,0.3125966486187171,0.6435122977836737,0.4821156997754067,0.3504666848161684,0.3976561295954826,0.526367290926267,0.6791373280490056,0.9418555647677528,0.9270591116764229,0.4640210302460877,0.3125966486187171,10000
26,HNF4A,Single best mono PWM,mono,0.9472225230423772,0.9418555647677528,0.9270591116764229,0.9521583203216796,0.948457614805262,0.93384687721821,0.9270591116764229,0.9418555647677528,0.9472225230423772,0.6179338061491009,0.4640210302460877,0.3125966486187171,0.6435122977836737,0.4821156997754067,0.3504666848161684,0.3125966486187171,0.4640210302460877,0.6179338061491009,0.9418555647677528,0.9270591116764229,0.4640210302460877,0.3125966486187171,10000
26,HNF4A,XGBClassifier,mono,0.9472225230423772,0.9418555647677528,0.9270591116764229,0.9521583203216796,0.948457614805262,0.93384687721821,0.9333386839938552,0.9464831335340972,0.9736378069923496,0.6179338061491009,0.4640210302460877,0.3125966486187171,0.6435122977836737,0.4821156997754067,0.3504666848161684,0.3665551555361606,0.4764354000267881,0.7514964328874486,0.9418555647677528,0.9270591116764229,0.4640210302460877,0.3125966486187171,10000
13,HNF4A,Single best di PWM,di,0.9472225230423772,0.9418555647677528,0.9270591116764229,0.9521583203216796,0.948457614805262,0.93384687721821,0.93384687721821,0.948457614805262,0.9521583203216796,0.6179338061491009,0.4640210302460877,0.3125966486187171,0.6435122977836737,0.4821156997754067,0.3504666848161684,0.3504666848161684,0.4821156997754067,0.6435122977836737,0.9418555647677528,0.9270591116764229,0.4640210302460877,0.3125966486187171,10000
13,HNF4A,XGBClassifier,di,0.9472225230423772,0.9418555647677528,0.9270591116764229,0.9521583203216796,0.948457614805262,0.93384687721821,0.9347594344046658,0.9516168464609356,0.9740978670461368,0.6179338061491009,0.4640210302460877,0.3125966486187171,0.6435122977836737,0.4821156997754067,0.3504666848161684,0.3640468881207079,0.4982771811718912,0.7648699461490784,0.9418555647677528,0.9270591116764229,0.4640210302460877,0.3125966486187171,10000
26,HNF4A,XGBClassifier,mono+di,0.9472225230423772,0.9418555647677528,0.9270591116764229,0.9521583203216796,0.948457614805262,0.93384687721821,0.9406989574960212,0.953701583369228,0.9777491783075276,0.6179338061491009,0.4640210302460877,0.3125966486187171,0.6435122977836737,0.4821156997754067,0.3504666848161684,0.381735441190361,0.5282040904955042,0.7874461768564891,0.9418555647677528,0.9270591116764229,0.4640210302460877,0.3125966486187171,10000
26,HNF4A,Single best mono PWM,mono,0.9472225230423772,0.9418555647677528,0.9270591116764229,0.9521583203216796,0.948457614805262,0.93384687721821,0.9270591116764229,0.9418555647677528,0.9472225230423772,0.6179338061491009,0.4640210302460877,0.3125966486187171,0.6435122977836737,0.4821156997754067,0.3504666848161684,0.3125966486187171,0.4640210302460877,0.6179338061491009,0.9418555647677528,0.9270591116764229,0.4640210302460877,0.3125966486187171,10000
26,HNF4A,BaggingClassifier_XGBClassifier,mono,0.9472225230423772,0.9418555647677528,0.9270591116764229,0.9521583203216796,0.948457614805262,0.93384687721821,0.9365233264385088,0.9473939117747284,0.9782067312462466,0.6179338061491009,0.4640210302460877,0.3125966486187171,0.6435122977836737,0.4821156997754067,0.3504666848161684,0.3717096472390204,0.5005680124293174,0.7632607846996903,0.9418555647677528,0.9270591116764229,0.4640210302460877,0.3125966486187171,10000
13,HNF4A,Single best di PWM,di,0.9472225230423772,0.9418555647677528,0.9270591116764229,0.9521583203216796,0.948457614805262,0.93384687721821,0.93384687721821,0.948457614805262,0.9521583203216796,0.6179338061491009,0.4640210302460877,0.3125966486187171,0.6435122977836737,0.4821156997754067,0.3504666848161684,0.3504666848161684,0.4821156997754067,0.6435122977836737,0.9418555647677528,0.9270591116764229,0.4640210302460877,0.3125966486187171,10000
13,HNF4A,BaggingClassifier_XGBClassifier,di,0.9472225230423772,0.9418555647677528,0.9270591116764229,0.9521583203216796,0.948457614805262,0.93384687721821,0.9363755703895666,0.9528817130976728,0.978436923418366,0.6179338061491009,0.4640210302460877,0.3125966486187171,0.6435122977836737,0.4821156997754067,0.3504666848161684,0.362964764934618,0.4913235497213346,0.7761188896074287,0.9418555647677528,0.9270591116764229,0.4640210302460877,0.3125966486187171,10000
26,HNF4A,BaggingClassifier_XGBClassifier,mono+di,0.9472225230423772,0.9418555647677528,0.9270591116764229,0.9521583203216796,0.948457614805262,0.93384687721821,0.9409521678414724,0.954677601725322,0.982569278571242,0.6179338061491009,0.4640210302460877,0.3125966486187171,0.6435122977836737,0.4821156997754067,0.3504666848161684,0.3981684403483259,0.5342177330592086,0.7989979439391305,0.9418555647677528,0.9270591116764229,0.4640210302460877,0.3125966486187171,10000
26,HNF4A,Single best mono PWM,mono,0.9472225230423772,0.9418555647677528,0.9270591116764229,0.9521583203216796,0.948457614805262,0.93384687721821,0.9270591116764229,0.9418555647677528,0.9472225230423772,0.6179338061491009,0.4640210302460877,0.3125966486187171,0.6435122977836737,0.4821156997754067,0.3504666848161684,0.3125966486187171,0.4640210302460877,0.6179338061491009,0.9418555647677528,0.9270591116764229,0.4640210302460877,0.3125966486187171,10000
26,HNF4A,BaggingClassifier_LogisticRegression,mono,0.9472225230423772,0.9418555647677528,0.9270591116764229,0.9521583203216796,0.948457614805262,0.93384687721821,0.9345179553315466,0.9443423365798704,0.9530843348390295,0.6179338061491009,0.4640210302460877,0.3125966486187171,0.6435122977836737,0.4821156997754067,0.3504666848161684,0.3431779756253068,0.4927317151990553,0.6417764830710758,0.9418555647677528,0.9270591116764229,0.4640210302460877,0.3125966486187171,10000
13,HNF4A,Single best di PWM,di,0.9472225230423772,0.9418555647677528,0.9270591116764229,0.9521583203216796,0.948457614805262,0.93384687721821,0.93384687721821,0.948457614805262,0.9521583203216796,0.6179338061491009,0.4640210302460877,0.3125966486187171,0.6435122977836737,0.4821156997754067,0.3504666848161684,0.3504666848161684,0.4821156997754067,0.6435122977836737,0.9418555647677528,0.9270591116764229,0.4640210302460877,0.3125966486187171,10000
13,HNF4A,BaggingClassifier_LogisticRegression,di,0.9472225230423772,0.9418555647677528,0.9270591116764229,0.9521583203216796,0.948457614805262,0.93384687721821,0.9386952190525832,0.9524783272541838,0.9566470192433224,0.6179338061491009,0.4640210302460877,0.3125966486187171,0.6435122977836737,0.4821156997754067,0.3504666848161684,0.3767203839331688,0.5103922149190668,0.6684578203271039,0.9418555647677528,0.9270591116764229,0.4640210302460877,0.3125966486187171,10000
26,HNF4A,BaggingClassifier_LogisticRegression,mono+di,0.9472225230423772,0.9418555647677528,0.9270591116764229,0.9521583203216796,0.948457614805262,0.93384687721821,0.9411268094336824,0.953417988742833,0.9587417470430036,0.6179338061491009,0.4640210302460877,0.3125966486187171,0.6435122977836737,0.4821156997754067,0.3504666848161684,0.3983851490131188,0.5263521328200427,0.6791748626413904,0.9418555647677528,0.9270591116764229,0.4640210302460877,0.3125966486187171,10000
11,IRF1,Single best mono PWM,mono,0.8477176914218787,0.810201749573414,0.7887875503046469,0.8526695019881868,0.8205354597506569,0.791121720150399,0.7887875503046469,0.810201749573414,0.8477176914218787,0.3993541409679382,0.4029052673239492,0.2230244493033893,0.42077554564089,0.4330525595302562,0.2366456740457384,0.2230244493033893,0.4029052673239492,0.3993541409679382,0.810201749573414,0.7887875503046469,0.4029052673239492,0.2230244493033893,3280
11,IRF1,RandomForestClassifier,mono,0.8477176914218787,0.810201749573414,0.7887875503046469,0.8526695019881868,0.8205354597506569,0.791121720150399,0.7989849601666436,0.83903352693064,0.8683138108142243,0.3993541409679382,0.4029052673239492,0.2230244493033893,0.42077554564089,0.4330525595302562,0.2366456740457384,0.2259881350265157,0.4421171900913431,0.5174247403699311,0.810201749573414,0.7887875503046469,0.4029052673239492,0.2230244493033893,3280
5,IRF1,Single best di PWM,di,0.8477176914218787,0.810201749573414,0.7887875503046469,0.8526695019881868,0.8205354597506569,0.791121720150399,0.791121720150399,0.8205354597506569,0.8526695019881868,0.3993541409679382,0.4029052673239492,0.2230244493033893,0.42077554564089,0.4330525595302562,0.2366456740457384,0.2366456740457384,0.4330525595302562,0.42077554564089,0.810201749573414,0.7887875503046469,0.4029052673239492,0.2230244493033893,3280
5,IRF1,RandomForestClassifier,di,0.8477176914218787,0.810201749573414,0.7887875503046469,0.8526695019881868,0.8205354597506569,0.791121720150399,0.805970050012122,0.843542367540888,0.8837409757291491,0.3993541409679382,0.4029052673239492,0.2230244493033893,0.42077554564089,0.4330525595302562,0.2366456740457384,0.2213638555141512,0.4522832835174747,0.5109507705005618,0.810201749573414,0.7887875503046469,0.4029052673239492,0.2230244493033893,3280
11,IRF1,RandomForestClassifier,mono+di,0.8477176914218787,0.810201749573414,0.7887875503046469,0.8526695019881868,0.8205354597506569,0.791121720150399,0.8033422240974593,0.8456707093124372,0.8793793040754817,0.3993541409679382,0.4029052673239492,0.2230244493033893,0.42077554564089,0.4330525595302562,0.2366456740457384,0.2408139269422777,0.464551664654376,0.5349687771622348,0.810201749573414,0.7887875503046469,0.4029052673239492,0.2230244493033893,3280
11,IRF1,Single best mono PWM,mono,0.8477176914218787,0.810201749573414,0.7887875503046469,0.8526695019881868,0.8205354597506569,0.791121720150399,0.7887875503046469,0.810201749573414,0.8477176914218787,0.3993541409679382,0.4029052673239492,0.2230244493033893,0.42077554564089,0.4330525595302562,0.2366456740457384,0.2230244493033893,0.4029052673239492,0.3993541409679382,0.810201749573414,0.7887875503046469,0.4029052673239492,0.2230244493033893,3280
11,IRF1,LogisticRegression,mono,0.8477176914218787,0.810201749573414,0.7887875503046469,0.8526695019881868,0.8205354597506569,0.791121720150399,0.78627626714438,0.8317379332209978,0.8599800765777645,0.3993541409679382,0.4029052673239492,0.2230244493033893,0.42077554564089,0.4330525595302562,0.2366456740457384,0.227370281452925,0.4116161752193142,0.4193930091474786,0.810201749573414,0.7887875503046469,0.4029052673239492,0.2230244493033893,3280
5,IRF1,Single best di PWM,di,0.8477176914218787,0.810201749573414,0.7887875503046469,0.8526695019881868,0.8205354597506569,0.791121720150399,0.791121720150399,0.8205354597506569,0.8526695019881868,0.3993541409679382,0.4029052673239492,0.2230244493033893,0.42077554564089,0.4330525595302562,0.2366456740457384,0.2366456740457384,0.4330525595302562,0.42077554564089,0.810201749573414,0.7887875503046469,0.4029052673239492,0.2230244493033893,3280
5,IRF1,LogisticRegression,di,0.8477176914218787,0.810201749573414,0.7887875503046469,0.8526695019881868,0.8205354597506569,0.791121720150399,0.7919999637638935,0.8156487532076854,0.8487781489594486,0.3993541409679382,0.4029052673239492,0.2230244493033893,0.42077554564089,0.4330525595302562,0.2366456740457384,0.2364779323545177,0.4397606661638392,0.4291172086933744,0.810201749573414,0.7887875503046469,0.4029052673239492,0.2230244493033893,3280
11,IRF1,LogisticRegression,mono+di,0.8477176914218787,0.810201749573414,0.7887875503046469,0.8526695019881868,0.8205354597506569,0.791121720150399,0.7897525087700428,0.8377764600200795,0.8628100159003447,0.3993541409679382,0.4029052673239492,0.2230244493033893,0.42077554564089,0.4330525595302562,0.2366456740457384,0.2354249629893702,0.4462565158357341,0.4380068185328952,0.810201749573414,0.7887875503046469,0.4029052673239492,0.2230244493033893,3280
11,IRF1,Single best mono PWM,mono,0.8477176914218787,0.810201749573414,0.7887875503046469,0.8526695019881868,0.8205354597506569,0.791121720150399,0.7887875503046469,0.810201749573414,0.8477176914218787,0.3993541409679382,0.4029052673239492,0.2230244493033893,0.42077554564089,0.4330525595302562,0.2366456740457384,0.2230244493033893,0.4029052673239492,0.3993541409679382,0.810201749573414,0.7887875503046469,0.4029052673239492,0.2230244493033893,3280
11,IRF1,XGBClassifier,mono,0.8477176914218787,0.810201749573414,0.7887875503046469,0.8526695019881868,0.8205354597506569,0.791121720150399,0.7918080323998792,0.8525820440074534,0.9346808514093824,0.3993541409679382,0.4029052673239492,0.2230244493033893,0.42077554564089,0.4330525595302562,0.2366456740457384,0.2172472761143632,0.4352132350086321,0.5632120962863639,0.810201749573414,0.7887875503046469,0.4029052673239492,0.2230244493033893,3280
5,IRF1,Single best di PWM,di,0.8477176914218787,0.810201749573414,0.7887875503046469,0.8526695019881868,0.8205354597506569,0.791121720150399,0.791121720150399,0.8205354597506569,0.8526695019881868,0.3993541409679382,0.4029052673239492,0.2230244493033893,0.42077554564089,0.4330525595302562,0.2366456740457384,0.2366456740457384,0.4330525595302562,0.42077554564089,0.810201749573414,0.7887875503046469,0.4029052673239492,0.2230244493033893,3280
5,IRF1,XGBClassifier,di,0.8477176914218787,0.810201749573414,0.7887875503046469,0.8526695019881868,0.8205354597506569,0.791121720150399,0.7975510569100446,0.8462450646603698,0.92891114286537,0.3993541409679382,0.4029052673239492,0.2230244493033893,0.42077554564089,0.4330525595302562,0.2366456740457384,0.2119716129969535,0.4340827523830296,0.5465183396617614,0.810201749573414,0.7887875503046469,0.4029052673239492,0.2230244493033893,3280
11,IRF1,XGBClassifier,mono+di,0.8477176914218787,0.810201749573414,0.7887875503046469,0.8526695019881868,0.8205354597506569,0.791121720150399,0.7980764902895496,0.8541136763895875,0.9396970018064636,0.3993541409679382,0.4029052673239492,0.2230244493033893,0.42077554564089,0.4330525595302562,0.2366456740457384,0.2163249516699702,0.4521860286561071,0.5913202618601882,0.810201749573414,0.7887875503046469,0.4029052673239492,0.2230244493033893,3280
11,IRF1,Single best mono PWM,mono,0.8477176914218787,0.810201749573414,0.7887875503046469,0.8526695019881868,0.8205354597506569,0.791121720150399,0.7887875503046469,0.810201749573414,0.8477176914218787,0.3993541409679382,0.4029052673239492,0.2230244493033893,0.42077554564089,0.4330525595302562,0.2366456740457384,0.2230244493033893,0.4029052673239492,0.3993541409679382,0.810201749573414,0.7887875503046469,0.4029052673239492,0.2230244493033893,3280
11,IRF1,BaggingClassifier_XGBClassifier,mono,0.8477176914218787,0.810201749573414,0.7887875503046469,0.8526695019881868,0.8205354597506569,0.791121720150399,0.7955425448086407,0.8433866938220431,0.9583050601524414,0.3993541409679382,0.4029052673239492,0.2230244493033893,0.42077554564089,0.4330525595302562,0.2366456740457384,0.2369648059996067,0.4430534967931827,0.5881832536542791,0.810201749573414,0.7887875503046469,0.4029052673239492,0.2230244493033893,3280
5,IRF1,Single best di PWM,di,0.8477176914218787,0.810201749573414,0.7887875503046469,0.8526695019881868,0.8205354597506569,0.791121720150399,0.791121720150399,0.8205354597506569,0.8526695019881868,0.3993541409679382,0.4029052673239492,0.2230244493033893,0.42077554564089,0.4330525595302562,0.2366456740457384,0.2366456740457384,0.4330525595302562,0.42077554564089,0.810201749573414,0.7887875503046469,0.4029052673239492,0.2230244493033893,3280
5,IRF1,BaggingClassifier_XGBClassifier,di,0.8477176914218787,0.810201749573414,0.7887875503046469,0.8526695019881868,0.8205354597506569,0.791121720150399,0.803202586235048,0.8531318055607201,0.9479814688528704,0.3993541409679382,0.4029052673239492,0.2230244493033893,0.42077554564089,0.4330525595302562,0.2366456740457384,0.2202754363069839,0.443788836023717,0.5620716322177756,0.810201749573414,0.7887875503046469,0.4029052673239492,0.2230244493033893,3280
11,IRF1,BaggingClassifier_XGBClassifier,mono+di,0.8477176914218787,0.810201749573414,0.7887875503046469,0.8526695019881868,0.8205354597506569,0.791121720150399,0.7987678828726286,0.8487628407985611,0.96366738308348,0.3993541409679382,0.4029052673239492,0.2230244493033893,0.42077554564089,0.4330525595302562,0.2366456740457384,0.2363036918244458,0.4691663665496288,0.6143455614364615,0.810201749573414,0.7887875503046469,0.4029052673239492,0.2230244493033893,3280
11,IRF1,Single best mono PWM,mono,0.8477176914218787,0.810201749573414,0.7887875503046469,0.8526695019881868,0.8205354597506569,0.791121720150399,0.7887875503046469,0.810201749573414,0.8477176914218787,0.3993541409679382,0.4029052673239492,0.2230244493033893,0.42077554564089,0.4330525595302562,0.2366456740457384,0.2230244493033893,0.4029052673239492,0.3993541409679382,0.810201749573414,0.7887875503046469,0.4029052673239492,0.2230244493033893,3280
11,IRF1,BaggingClassifier_LogisticRegression,mono,0.8477176914218787,0.810201749573414,0.7887875503046469,0.8526695019881868,0.8205354597506569,0.791121720150399,0.7862463261270038,0.8315636673762118,0.8599231205339538,0.3993541409679382,0.4029052673239492,0.2230244493033893,0.42077554564089,0.4330525595302562,0.2366456740457384,0.2272984205465426,0.4130095351196138,0.4198572436796076,0.810201749573414,0.7887875503046469,0.4029052673239492,0.2230244493033893,3280
5,IRF1,Single best di PWM,di,0.8477176914218787,0.810201749573414,0.7887875503046469,0.8526695019881868,0.8205354597506569,0.791121720150399,0.791121720150399,0.8205354597506569,0.8526695019881868,0.3993541409679382,0.4029052673239492,0.2230244493033893,0.42077554564089,0.4330525595302562,0.2366456740457384,0.2366456740457384,0.4330525595302562,0.42077554564089,0.810201749573414,0.7887875503046469,0.4029052673239492,0.2230244493033893,3280
5,IRF1,BaggingClassifier_LogisticRegression,di,0.8477176914218787,0.810201749573414,0.7887875503046469,0.8526695019881868,0.8205354597506569,0.791121720150399,0.7919550719099827,0.8155247404658817,0.8487150491483823,0.3993541409679382,0.4029052673239492,0.2230244493033893,0.42077554564089,0.4330525595302562,0.2366456740457384,0.2367542822687606,0.4400315444561233,0.4295338071988578,0.810201749573414,0.7887875503046469,0.4029052673239492,0.2230244493033893,3280
11,IRF1,BaggingClassifier_LogisticRegression,mono+di,0.8477176914218787,0.810201749573414,0.7887875503046469,0.8526695019881868,0.8205354597506569,0.791121720150399,0.7898042465333142,0.8375607696139862,0.862678408475455,0.3993541409679382,0.4029052673239492,0.2230244493033893,0.42077554564089,0.4330525595302562,0.2366456740457384,0.2358107168915246,0.4471610300898871,0.4384701634889051,0.810201749573414,0.7887875503046469,0.4029052673239492,0.2230244493033893,3280
12,IRF4,Single best mono PWM,mono,0.7858214522338011,0.7562861700388561,0.8137289436237165,0.8107993868598947,0.7807755038871851,0.824101437596297,0.8137289436237165,0.7562861700388561,0.7858214522338011,0.2860240793163094,0.2070114136796756,0.2707132801328422,0.3162569623887374,0.2523448614724273,0.2874325634060253,0.2707132801328422,0.2070114136796756,0.2860240793163094,0.7562861700388561,0.8137289436237165,0.2070114136796756,0.2707132801328422,6960
12,IRF4,RandomForestClassifier,mono,0.7858214522338011,0.7562861700388561,0.8137289436237165,0.8107993868598947,0.7807755038871851,0.824101437596297,0.8326436558268034,0.7868414911485484,0.8312889913601934,0.2860240793163094,0.2070114136796756,0.2707132801328422,0.3162569623887374,0.2523448614724273,0.2874325634060253,0.2786270795829432,0.2588999228742596,0.402077589198701,0.7562861700388561,0.8137289436237165,0.2070114136796756,0.2707132801328422,6960
6,IRF4,Single best di PWM,di,0.7858214522338011,0.7562861700388561,0.8137289436237165,0.8107993868598947,0.7807755038871851,0.824101437596297,0.824101437596297,0.7807755038871851,0.8107993868598947,0.2860240793163094,0.2070114136796756,0.2707132801328422,0.3162569623887374,0.2523448614724273,0.2874325634060253,0.2874325634060253,0.2523448614724273,0.3162569623887374,0.7562861700388561,0.8137289436237165,0.2070114136796756,0.2707132801328422,6960
6,IRF4,RandomForestClassifier,di,0.7858214522338011,0.7562861700388561,0.8137289436237165,0.8107993868598947,0.7807755038871851,0.824101437596297,0.8675457882374535,0.8505385645494532,0.8944458699047344,0.2860240793163094,0.2070114136796756,0.2707132801328422,0.3162569623887374,0.2523448614724273,0.2874325634060253,0.3296375259127702,0.2956468152056145,0.4668270996306606,0.7562861700388561,0.8137289436237165,0.2070114136796756,0.2707132801328422,6960
12,IRF4,RandomForestClassifier,mono+di,0.7858214522338011,0.7562861700388561,0.8137289436237165,0.8107993868598947,0.7807755038871851,0.824101437596297,0.8708842538491581,0.8499772605661153,0.8948325128230737,0.2860240793163094,0.2070114136796756,0.2707132801328422,0.3162569623887374,0.2523448614724273,0.2874325634060253,0.3318961605430425,0.3062668361269359,0.4776507007152022,0.7562861700388561,0.8137289436237165,0.2070114136796756,0.2707132801328422,6960
12,IRF4,Single best mono PWM,mono,0.7858214522338011,0.7562861700388561,0.8137289436237165,0.8107993868598947,0.7807755038871851,0.824101437596297,0.8137289436237165,0.7562861700388561,0.7858214522338011,0.2860240793163094,0.2070114136796756,0.2707132801328422,0.3162569623887374,0.2523448614724273,0.2874325634060253,0.2707132801328422,0.2070114136796756,0.2860240793163094,0.7562861700388561,0.8137289436237165,0.2070114136796756,0.2707132801328422,6960
12,IRF4,LogisticRegression,mono,0.7858214522338011,0.7562861700388561,0.8137289436237165,0.8107993868598947,0.7807755038871851,0.824101437596297,0.8264071965192077,0.7790577960957705,0.8068081702962223,0.2860240793163094,0.2070114136796756,0.2707132801328422,0.3162569623887374,0.2523448614724273,0.2874325634060253,0.2995585642129588,0.2473192252071835,0.3179887914954568,0.7562861700388561,0.8137289436237165,0.2070114136796756,0.2707132801328422,6960
6,IRF4,Single best di PWM,di,0.7858214522338011,0.7562861700388561,0.8137289436237165,0.8107993868598947,0.7807755038871851,0.824101437596297,0.824101437596297,0.7807755038871851,0.8107993868598947,0.2860240793163094,0.2070114136796756,0.2707132801328422,0.3162569623887374,0.2523448614724273,0.2874325634060253,0.2874325634060253,0.2523448614724273,0.3162569623887374,0.7562861700388561,0.8137289436237165,0.2070114136796756,0.2707132801328422,6960
6,IRF4,LogisticRegression,di,0.7858214522338011,0.7562861700388561,0.8137289436237165,0.8107993868598947,0.7807755038871851,0.824101437596297,0.8474414061924992,0.8425427991070058,0.8733765654559517,0.2860240793163094,0.2070114136796756,0.2707132801328422,0.3162569623887374,0.2523448614724273,0.2874325634060253,0.2546225363582689,0.2406195401446799,0.3394873594107655,0.7562861700388561,0.8137289436237165,0.2070114136796756,0.2707132801328422,6960
12,IRF4,LogisticRegression,mono+di,0.7858214522338011,0.7562861700388561,0.8137289436237165,0.8107993868598947,0.7807755038871851,0.824101437596297,0.8495212174610962,0.8459363906037424,0.8757541703636156,0.2860240793163094,0.2070114136796756,0.2707132801328422,0.3162569623887374,0.2523448614724273,0.2874325634060253,0.2713460372068305,0.2507731598681906,0.3502245779421289,0.7562861700388561,0.8137289436237165,0.2070114136796756,0.2707132801328422,6960
12,IRF4,Single best mono PWM,mono,0.7858214522338011,0.7562861700388561,0.8137289436237165,0.8107993868598947,0.7807755038871851,0.824101437596297,0.8137289436237165,0.7562861700388561,0.7858214522338011,0.2860240793163094,0.2070114136796756,0.2707132801328422,0.3162569623887374,0.2523448614724273,0.2874325634060253,0.2707132801328422,0.2070114136796756,0.2860240793163094,0.7562861700388561,0.8137289436237165,0.2070114136796756,0.2707132801328422,6960
12,IRF4,XGBClassifier,mono,0.7858214522338011,0.7562861700388561,0.8137289436237165,0.8107993868598947,0.7807755038871851,0.824101437596297,0.8274169320619535,0.7888363070209049,0.8877080406190725,0.2860240793163094,0.2070114136796756,0.2707132801328422,0.3162569623887374,0.2523448614724273,0.2874325634060253,0.2734670581148104,0.2525088528189459,0.4606428619437189,0.7562861700388561,0.8137289436237165,0.2070114136796756,0.2707132801328422,6960
6,IRF4,Single best di PWM,di,0.7858214522338011,0.7562861700388561,0.8137289436237165,0.8107993868598947,0.7807755038871851,0.824101437596297,0.824101437596297,0.7807755038871851,0.8107993868598947,0.2860240793163094,0.2070114136796756,0.2707132801328422,0.3162569623887374,0.2523448614724273,0.2874325634060253,0.2874325634060253,0.2523448614724273,0.3162569623887374,0.7562861700388561,0.8137289436237165,0.2070114136796756,0.2707132801328422,6960
6,IRF4,XGBClassifier,di,0.7858214522338011,0.7562861700388561,0.8137289436237165,0.8107993868598947,0.7807755038871851,0.824101437596297,0.8703519785641213,0.8453189186051413,0.9207558664662902,0.2860240793163094,0.2070114136796756,0.2707132801328422,0.3162569623887374,0.2523448614724273,0.2874325634060253,0.2952533329734115,0.2705411440258106,0.5057128747041417,0.7562861700388561,0.8137289436237165,0.2070114136796756,0.2707132801328422,6960
12,IRF4,XGBClassifier,mono+di,0.7858214522338011,0.7562861700388561,0.8137289436237165,0.8107993868598947,0.7807755038871851,0.824101437596297,0.870344656527181,0.847182085123429,0.932380938736332,0.2860240793163094,0.2070114136796756,0.2707132801328422,0.3162569623887374,0.2523448614724273,0.2874325634060253,0.3081538498185386,0.2945252408465588,0.5426466329345769,0.7562861700388561,0.8137289436237165,0.2070114136796756,0.2707132801328422,6960
12,IRF4,Single best mono PWM,mono,0.7858214522338011,0.7562861700388561,0.8137289436237165,0.8107993868598947,0.7807755038871851,0.824101437596297,0.8137289436237165,0.7562861700388561,0.7858214522338011,0.2860240793163094,0.2070114136796756,0.2707132801328422,0.3162569623887374,0.2523448614724273,0.2874325634060253,0.2707132801328422,0.2070114136796756,0.2860240793163094,0.7562861700388561,0.8137289436237165,0.2070114136796756,0.2707132801328422,6960
12,IRF4,BaggingClassifier_XGBClassifier,mono,0.7858214522338011,0.7562861700388561,0.8137289436237165,0.8107993868598947,0.7807755038871851,0.824101437596297,0.8317974187040711,0.788644529974783,0.908885916302058,0.2860240793163094,0.2070114136796756,0.2707132801328422,0.3162569623887374,0.2523448614724273,0.2874325634060253,0.2795522030773849,0.2534166891281642,0.4780844875107592,0.7562861700388561,0.8137289436237165,0.2070114136796756,0.2707132801328422,6960
6,IRF4,Single best di PWM,di,0.7858214522338011,0.7562861700388561,0.8137289436237165,0.8107993868598947,0.7807755038871851,0.824101437596297,0.824101437596297,0.7807755038871851,0.8107993868598947,0.2860240793163094,0.2070114136796756,0.2707132801328422,0.3162569623887374,0.2523448614724273,0.2874325634060253,0.2874325634060253,0.2523448614724273,0.3162569623887374,0.7562861700388561,0.8137289436237165,0.2070114136796756,0.2707132801328422,6960
6,IRF4,BaggingClassifier_XGBClassifier,di,0.7858214522338011,0.7562861700388561,0.8137289436237165,0.8107993868598947,0.7807755038871851,0.824101437596297,0.8675808731035417,0.8519210164062674,0.9306805408963618,0.2860240793163094,0.2070114136796756,0.2707132801328422,0.3162569623887374,0.2523448614724273,0.2874325634060253,0.3151530817579479,0.2990634320002798,0.515000383172988,0.7562861700388561,0.8137289436237165,0.2070114136796756,0.2707132801328422,6960
12,IRF4,BaggingClassifier_XGBClassifier,mono+di,0.7858214522338011,0.7562861700388561,0.8137289436237165,0.8107993868598947,0.7807755038871851,0.824101437596297,0.8701459971020469,0.8585871817778525,0.9443587398185432,0.2860240793163094,0.2070114136796756,0.2707132801328422,0.3162569623887374,0.2523448614724273,0.2874325634060253,0.326681709646369,0.3166523893959198,0.5557316274400436,0.7562861700388561,0.8137289436237165,0.2070114136796756,0.2707132801328422,6960
12,IRF4,Single best mono PWM,mono,0.7858214522338011,0.7562861700388561,0.8137289436237165,0.8107993868598947,0.7807755038871851,0.824101437596297,0.8137289436237165,0.7562861700388561,0.7858214522338011,0.2860240793163094,0.2070114136796756,0.2707132801328422,0.3162569623887374,0.2523448614724273,0.2874325634060253,0.2707132801328422,0.2070114136796756,0.2860240793163094,0.7562861700388561,0.8137289436237165,0.2070114136796756,0.2707132801328422,6960
12,IRF4,BaggingClassifier_LogisticRegression,mono,0.7858214522338011,0.7562861700388561,0.8137289436237165,0.8107993868598947,0.7807755038871851,0.824101437596297,0.8265431808309124,0.7788215023833394,0.8067381991973033,0.2860240793163094,0.2070114136796756,0.2707132801328422,0.3162569623887374,0.2523448614724273,0.2874325634060253,0.2994790967407131,0.2477817380121657,0.3180448371071942,0.7562861700388561,0.8137289436237165,0.2070114136796756,0.2707132801328422,6960
6,IRF4,Single best di PWM,di,0.7858214522338011,0.7562861700388561,0.8137289436237165,0.8107993868598947,0.7807755038871851,0.824101437596297,0.824101437596297,0.7807755038871851,0.8107993868598947,0.2860240793163094,0.2070114136796756,0.2707132801328422,0.3162569623887374,0.2523448614724273,0.2874325634060253,0.2874325634060253,0.2523448614724273,0.3162569623887374,0.7562861700388561,0.8137289436237165,0.2070114136796756,0.2707132801328422,6960
6,IRF4,BaggingClassifier_LogisticRegression,di,0.7858214522338011,0.7562861700388561,0.8137289436237165,0.8107993868598947,0.7807755038871851,0.824101437596297,0.8475674061391003,0.8424499050895171,0.8731995858550181,0.2860240793163094,0.2070114136796756,0.2707132801328422,0.3162569623887374,0.2523448614724273,0.2874325634060253,0.255676014322716,0.2417678707872879,0.339957300704072,0.7562861700388561,0.8137289436237165,0.2070114136796756,0.2707132801328422,6960
12,IRF4,BaggingClassifier_LogisticRegression,mono+di,0.7858214522338011,0.7562861700388561,0.8137289436237165,0.8107993868598947,0.7807755038871851,0.824101437596297,0.8497031237611545,0.8457037991891097,0.8755473319573777,0.2860240793163094,0.2070114136796756,0.2707132801328422,0.3162569623887374,0.2523448614724273,0.2874325634060253,0.2720397463493311,0.2513451568821293,0.3505723182333767,0.7562861700388561,0.8137289436237165,0.2070114136796756,0.2707132801328422,6960
33,JUND,Single best mono PWM,mono,0.8547937621971302,0.856309952340368,0.8478882606940981,0.8551543187057892,0.8558352297653022,0.8470243946062299,0.8478882606940981,0.856309952340368,0.8547937621971302,0.2855330252393225,0.2419773587678037,0.1172240199272844,0.285202101789512,0.2388567587201689,0.125864968952362,0.1172240199272844,0.2419773587678037,0.2855330252393225,0.856309952340368,0.8478882606940981,0.2419773587678037,0.1172240199272844,10000
33,JUND,RandomForestClassifier,mono,0.8547937621971302,0.856309952340368,0.8478882606940981,0.8551543187057892,0.8558352297653022,0.8470243946062299,0.8601836572243501,0.8691060428363652,0.8816171428360755,0.2855330252393225,0.2419773587678037,0.1172240199272844,0.285202101789512,0.2388567587201689,0.125864968952362,0.1289156831703297,0.2774651942519279,0.3810152718568185,0.856309952340368,0.8478882606940981,0.2419773587678037,0.1172240199272844,10000
17,JUND,Single best di PWM,di,0.8547937621971302,0.856309952340368,0.8478882606940981,0.8551543187057892,0.8558352297653022,0.8470243946062299,0.8470243946062299,0.8558352297653022,0.8551543187057892,0.2855330252393225,0.2419773587678037,0.1172240199272844,0.285202101789512,0.2388567587201689,0.125864968952362,0.125864968952362,0.2388567587201689,0.285202101789512,0.856309952340368,0.8478882606940981,0.2419773587678037,0.1172240199272844,10000
17,JUND,RandomForestClassifier,di,0.8547937621971302,0.856309952340368,0.8478882606940981,0.8551543187057892,0.8558352297653022,0.8470243946062299,0.8557607730916557,0.86950672584977,0.880986877485511,0.2855330252393225,0.2419773587678037,0.1172240199272844,0.285202101789512,0.2388567587201689,0.125864968952362,0.1288766422495146,0.2658002600815003,0.3868765099649277,0.856309952340368,0.8478882606940981,0.2419773587678037,0.1172240199272844,10000
33,JUND,RandomForestClassifier,mono+di,0.8547937621971302,0.856309952340368,0.8478882606940981,0.8551543187057892,0.8558352297653022,0.8470243946062299,0.8597299714939591,0.8716437441576703,0.8828455038367194,0.2855330252393225,0.2419773587678037,0.1172240199272844,0.285202101789512,0.2388567587201689,0.125864968952362,0.1379650888412288,0.2806033325606505,0.3950703609237577,0.856309952340368,0.8478882606940981,0.2419773587678037,0.1172240199272844,10000
33,JUND,Single best mono PWM,mono,0.8547937621971302,0.856309952340368,0.8478882606940981,0.8551543187057892,0.8558352297653022,0.8470243946062299,0.8478882606940981,0.856309952340368,0.8547937621971302,0.2855330252393225,0.2419773587678037,0.1172240199272844,0.285202101789512,0.2388567587201689,0.125864968952362,0.1172240199272844,0.2419773587678037,0.2855330252393225,0.856309952340368,0.8478882606940981,0.2419773587678037,0.1172240199272844,10000
33,JUND,LogisticRegression,mono,0.8547937621971302,0.856309952340368,0.8478882606940981,0.8551543187057892,0.8558352297653022,0.8470243946062299,0.853818487360628,0.8669223800183629,0.864480673109537,0.2855330252393225,0.2419773587678037,0.1172240199272844,0.285202101789512,0.2388567587201689,0.125864968952362,0.1306261939932061,0.2479698188443211,0.3049098144350143,0.856309952340368,0.8478882606940981,0.2419773587678037,0.1172240199272844,10000
17,JUND,Single best di PWM,di,0.8547937621971302,0.856309952340368,0.8478882606940981,0.8551543187057892,0.8558352297653022,0.8470243946062299,0.8470243946062299,0.8558352297653022,0.8551543187057892,0.2855330252393225,0.2419773587678037,0.1172240199272844,0.285202101789512,0.2388567587201689,0.125864968952362,0.125864968952362,0.2388567587201689,0.285202101789512,0.856309952340368,0.8478882606940981,0.2419773587678037,0.1172240199272844,10000
17,JUND,LogisticRegression,di,0.8547937621971302,0.856309952340368,0.8478882606940981,0.8551543187057892,0.8558352297653022,0.8470243946062299,0.8511963785962525,0.8663987761274938,0.8637912608330179,0.2855330252393225,0.2419773587678037,0.1172240199272844,0.285202101789512,0.2388567587201689,0.125864968952362,0.1288729818209186,0.2431659376094512,0.2978989163084038,0.856309952340368,0.8478882606940981,0.2419773587678037,0.1172240199272844,10000
33,JUND,LogisticRegression,mono+di,0.8547937621971302,0.856309952340368,0.8478882606940981,0.8551543187057892,0.8558352297653022,0.8470243946062299,0.8543736598370304,0.869934672033704,0.8679764854076852,0.2855330252393225,0.2419773587678037,0.1172240199272844,0.285202101789512,0.2388567587201689,0.125864968952362,0.136948716068658,0.2577647854117298,0.3137481220228176,0.856309952340368,0.8478882606940981,0.2419773587678037,0.1172240199272844,10000
33,JUND,Single best mono PWM,mono,0.8547937621971302,0.856309952340368,0.8478882606940981,0.8551543187057892,0.8558352297653022,0.8470243946062299,0.8478882606940981,0.856309952340368,0.8547937621971302,0.2855330252393225,0.2419773587678037,0.1172240199272844,0.285202101789512,0.2388567587201689,0.125864968952362,0.1172240199272844,0.2419773587678037,0.2855330252393225,0.856309952340368,0.8478882606940981,0.2419773587678037,0.1172240199272844,10000
33,JUND,XGBClassifier,mono,0.8547937621971302,0.856309952340368,0.8478882606940981,0.8551543187057892,0.8558352297653022,0.8470243946062299,0.8519326539774817,0.8679315103851294,0.9050142634530968,0.2855330252393225,0.2419773587678037,0.1172240199272844,0.285202101789512,0.2388567587201689,0.125864968952362,0.1353733312214011,0.2731454006408324,0.4072560591142258,0.856309952340368,0.8478882606940981,0.2419773587678037,0.1172240199272844,10000
17,JUND,Single best di PWM,di,0.8547937621971302,0.856309952340368,0.8478882606940981,0.8551543187057892,0.8558352297653022,0.8470243946062299,0.8470243946062299,0.8558352297653022,0.8551543187057892,0.2855330252393225,0.2419773587678037,0.1172240199272844,0.285202101789512,0.2388567587201689,0.125864968952362,0.125864968952362,0.2388567587201689,0.285202101789512,0.856309952340368,0.8478882606940981,0.2419773587678037,0.1172240199272844,10000
17,JUND,XGBClassifier,di,0.8547937621971302,0.856309952340368,0.8478882606940981,0.8551543187057892,0.8558352297653022,0.8470243946062299,0.8566530606265645,0.8712902021476562,0.9031815795683016,0.2855330252393225,0.2419773587678037,0.1172240199272844,0.285202101789512,0.2388567587201689,0.125864968952362,0.1279217486632177,0.2583267978084964,0.4331815126472956,0.856309952340368,0.8478882606940981,0.2419773587678037,0.1172240199272844,10000
33,JUND,XGBClassifier,mono+di,0.8547937621971302,0.856309952340368,0.8478882606940981,0.8551543187057892,0.8558352297653022,0.8470243946062299,0.8567303114017915,0.8712147713704261,0.9092351449400036,0.2855330252393225,0.2419773587678037,0.1172240199272844,0.285202101789512,0.2388567587201689,0.125864968952362,0.1507843583179803,0.2646961867268558,0.4463744584082982,0.856309952340368,0.8478882606940981,0.2419773587678037,0.1172240199272844,10000
33,JUND,Single best mono PWM,mono,0.8547937621971302,0.856309952340368,0.8478882606940981,0.8551543187057892,0.8558352297653022,0.8470243946062299,0.8478882606940981,0.856309952340368,0.8547937621971302,0.2855330252393225,0.2419773587678037,0.1172240199272844,0.285202101789512,0.2388567587201689,0.125864968952362,0.1172240199272844,0.2419773587678037,0.2855330252393225,0.856309952340368,0.8478882606940981,0.2419773587678037,0.1172240199272844,10000
33,JUND,BaggingClassifier_XGBClassifier,mono,0.8547937621971302,0.856309952340368,0.8478882606940981,0.8551543187057892,0.8558352297653022,0.8470243946062299,0.8557863317613627,0.8708903983411166,0.9168074529688492,0.2855330252393225,0.2419773587678037,0.1172240199272844,0.285202101789512,0.2388567587201689,0.125864968952362,0.1475351945916943,0.2771694904070496,0.4211831396228812,0.856309952340368,0.8478882606940981,0.2419773587678037,0.1172240199272844,10000
17,JUND,Single best di PWM,di,0.8547937621971302,0.856309952340368,0.8478882606940981,0.8551543187057892,0.8558352297653022,0.8470243946062299,0.8470243946062299,0.8558352297653022,0.8551543187057892,0.2855330252393225,0.2419773587678037,0.1172240199272844,0.285202101789512,0.2388567587201689,0.125864968952362,0.125864968952362,0.2388567587201689,0.285202101789512,0.856309952340368,0.8478882606940981,0.2419773587678037,0.1172240199272844,10000
17,JUND,BaggingClassifier_XGBClassifier,di,0.8547937621971302,0.856309952340368,0.8478882606940981,0.8551543187057892,0.8558352297653022,0.8470243946062299,0.8599835870380398,0.8708152339118487,0.9143297428095306,0.2855330252393225,0.2419773587678037,0.1172240199272844,0.285202101789512,0.2388567587201689,0.125864968952362,0.1309968788554755,0.2632115706843785,0.4410252415849952,0.856309952340368,0.8478882606940981,0.2419773587678037,0.1172240199272844,10000
33,JUND,BaggingClassifier_XGBClassifier,mono+di,0.8547937621971302,0.856309952340368,0.8478882606940981,0.8551543187057892,0.8558352297653022,0.8470243946062299,0.8614534076614966,0.8724929571392652,0.9211887425096716,0.2855330252393225,0.2419773587678037,0.1172240199272844,0.285202101789512,0.2388567587201689,0.125864968952362,0.1513741807764049,0.2721751601545289,0.4587942153856738,0.856309952340368,0.8478882606940981,0.2419773587678037,0.1172240199272844,10000
33,JUND,Single best mono PWM,mono,0.8547937621971302,0.856309952340368,0.8478882606940981,0.8551543187057892,0.8558352297653022,0.8470243946062299,0.8478882606940981,0.856309952340368,0.8547937621971302,0.2855330252393225,0.2419773587678037,0.1172240199272844,0.285202101789512,0.2388567587201689,0.125864968952362,0.1172240199272844,0.2419773587678037,0.2855330252393225,0.856309952340368,0.8478882606940981,0.2419773587678037,0.1172240199272844,10000
33,JUND,BaggingClassifier_LogisticRegression,mono,0.8547937621971302,0.856309952340368,0.8478882606940981,0.8551543187057892,0.8558352297653022,0.8470243946062299,0.8538381030961795,0.8668726634560376,0.8644426745940844,0.2855330252393225,0.2419773587678037,0.1172240199272844,0.285202101789512,0.2388567587201689,0.125864968952362,0.130844124210729,0.2478168660486506,0.3049946450314298,0.856309952340368,0.8478882606940981,0.2419773587678037,0.1172240199272844,10000
17,JUND,Single best di PWM,di,0.8547937621971302,0.856309952340368,0.8478882606940981,0.8551543187057892,0.8558352297653022,0.8470243946062299,0.8470243946062299,0.8558352297653022,0.8551543187057892,0.2855330252393225,0.2419773587678037,0.1172240199272844,0.285202101789512,0.2388567587201689,0.125864968952362,0.125864968952362,0.2388567587201689,0.285202101789512,0.856309952340368,0.8478882606940981,0.2419773587678037,0.1172240199272844,10000
17,JUND,BaggingClassifier_LogisticRegression,di,0.8547937621971302,0.856309952340368,0.8478882606940981,0.8551543187057892,0.8558352297653022,0.8470243946062299,0.8512338415562616,0.866383870985226,0.8637470178784735,0.2855330252393225,0.2419773587678037,0.1172240199272844,0.285202101789512,0.2388567587201689,0.125864968952362,0.1287710749770573,0.2435620974786817,0.2978684378454636,0.856309952340368,0.8478882606940981,0.2419773587678037,0.1172240199272844,10000
33,JUND,BaggingClassifier_LogisticRegression,mono+di,0.8547937621971302,0.856309952340368,0.8478882606940981,0.8551543187057892,0.8558352297653022,0.8470243946062299,0.8544091553284473,0.8700056085123112,0.8679292846644283,0.2855330252393225,0.2419773587678037,0.1172240199272844,0.285202101789512,0.2388567587201689,0.125864968952362,0.1370316794309968,0.2577958162519977,0.3134622716014625,0.856309952340368,0.8478882606940981,0.2419773587678037,0.1172240199272844,10000
6,MAFK,Single best mono PWM,mono,0.8177727405895269,0.8082991042005165,0.9087750398307272,0.8741140921213512,0.8540467732519796,0.940349306407072,0.9087750398307272,0.8082991042005165,0.8177727405895269,0.3245221568145857,0.2708518446371086,0.5334027439052422,0.418387244609129,0.3831342477161157,0.6290363875893248,0.5334027439052422,0.2708518446371086,0.3245221568145857,0.8082991042005165,0.9087750398307272,0.2708518446371086,0.5334027439052422,2458
6,MAFK,RandomForestClassifier,mono,0.8177727405895269,0.8082991042005165,0.9087750398307272,0.8741140921213512,0.8540467732519796,0.940349306407072,0.9284438198074793,0.8414545622382786,0.8737094593694708,0.3245221568145857,0.2708518446371086,0.5334027439052422,0.418387244609129,0.3831342477161157,0.6290363875893248,0.5814502347440149,0.3647132928523769,0.4656750008658096,0.8082991042005165,0.9087750398307272,0.2708518446371086,0.5334027439052422,2458
3,MAFK,Single best di PWM,di,0.8177727405895269,0.8082991042005165,0.9087750398307272,0.8741140921213512,0.8540467732519796,0.940349306407072,0.940349306407072,0.8540467732519796,0.8741140921213512,0.3245221568145857,0.2708518446371086,0.5334027439052422,0.418387244609129,0.3831342477161157,0.6290363875893248,0.6290363875893248,0.3831342477161157,0.418387244609129,0.8082991042005165,0.9087750398307272,0.2708518446371086,0.5334027439052422,2458
3,MAFK,RandomForestClassifier,di,0.8177727405895269,0.8082991042005165,0.9087750398307272,0.8741140921213512,0.8540467732519796,0.940349306407072,0.9338645996171012,0.8612583991287951,0.8820869495646737,0.3245221568145857,0.2708518446371086,0.5334027439052422,0.418387244609129,0.3831342477161157,0.6290363875893248,0.6367009940103753,0.4184807127834289,0.5365616543941686,0.8082991042005165,0.9087750398307272,0.2708518446371086,0.5334027439052422,2458
6,MAFK,RandomForestClassifier,mono+di,0.8177727405895269,0.8082991042005165,0.9087750398307272,0.8741140921213512,0.8540467732519796,0.940349306407072,0.940991286069436,0.856291812744319,0.8933137251110799,0.3245221568145857,0.2708518446371086,0.5334027439052422,0.418387244609129,0.3831342477161157,0.6290363875893248,0.6580669071382138,0.4506117505877064,0.572893719843573,0.8082991042005165,0.9087750398307272,0.2708518446371086,0.5334027439052422,2458
6,MAFK,Single best mono PWM,mono,0.8177727405895269,0.8082991042005165,0.9087750398307272,0.8741140921213512,0.8540467732519796,0.940349306407072,0.9087750398307272,0.8082991042005165,0.8177727405895269,0.3245221568145857,0.2708518446371086,0.5334027439052422,0.418387244609129,0.3831342477161157,0.6290363875893248,0.5334027439052422,0.2708518446371086,0.3245221568145857,0.8082991042005165,0.9087750398307272,0.2708518446371086,0.5334027439052422,2458
6,MAFK,LogisticRegression,mono,0.8177727405895269,0.8082991042005165,0.9087750398307272,0.8741140921213512,0.8540467732519796,0.940349306407072,0.9180241450325268,0.8315790566552128,0.8354587864002636,0.3245221568145857,0.2708518446371086,0.5334027439052422,0.418387244609129,0.3831342477161157,0.6290363875893248,0.5726366170510963,0.3182369628563085,0.3669267171151783,0.8082991042005165,0.9087750398307272,0.2708518446371086,0.5334027439052422,2458
3,MAFK,Single best di PWM,di,0.8177727405895269,0.8082991042005165,0.9087750398307272,0.8741140921213512,0.8540467732519796,0.940349306407072,0.940349306407072,0.8540467732519796,0.8741140921213512,0.3245221568145857,0.2708518446371086,0.5334027439052422,0.418387244609129,0.3831342477161157,0.6290363875893248,0.6290363875893248,0.3831342477161157,0.418387244609129,0.8082991042005165,0.9087750398307272,0.2708518446371086,0.5334027439052422,2458
3,MAFK,LogisticRegression,di,0.8177727405895269,0.8082991042005165,0.9087750398307272,0.8741140921213512,0.8540467732519796,0.940349306407072,0.9394322925616022,0.8619811755369773,0.8766415017594228,0.3245221568145857,0.2708518446371086,0.5334027439052422,0.418387244609129,0.3831342477161157,0.6290363875893248,0.64895322259427,0.4212183495000635,0.4568208560792153,0.8082991042005165,0.9087750398307272,0.2708518446371086,0.5334027439052422,2458
6,MAFK,LogisticRegression,mono+di,0.8177727405895269,0.8082991042005165,0.9087750398307272,0.8741140921213512,0.8540467732519796,0.940349306407072,0.9435850063538244,0.8629937941070591,0.8800683150967741,0.3245221568145857,0.2708518446371086,0.5334027439052422,0.418387244609129,0.3831342477161157,0.6290363875893248,0.6654530657274419,0.4573801416248672,0.4820232434839649,0.8082991042005165,0.9087750398307272,0.2708518446371086,0.5334027439052422,2458
6,MAFK,Single best mono PWM,mono,0.8177727405895269,0.8082991042005165,0.9087750398307272,0.8741140921213512,0.8540467732519796,0.940349306407072,0.9087750398307272,0.8082991042005165,0.8177727405895269,0.3245221568145857,0.2708518446371086,0.5334027439052422,0.418387244609129,0.3831342477161157,0.6290363875893248,0.5334027439052422,0.2708518446371086,0.3245221568145857,0.8082991042005165,0.9087750398307272,0.2708518446371086,0.5334027439052422,2458
6,MAFK,XGBClassifier,mono,0.8177727405895269,0.8082991042005165,0.9087750398307272,0.8741140921213512,0.8540467732519796,0.940349306407072,0.9323465013882654,0.8432728000022378,0.9227085381712636,0.3245221568145857,0.2708518446371086,0.5334027439052422,0.418387244609129,0.3831342477161157,0.6290363875893248,0.5931962716026911,0.3831306146852449,0.5133839575996385,0.8082991042005165,0.9087750398307272,0.2708518446371086,0.5334027439052422,2458
3,MAFK,Single best di PWM,di,0.8177727405895269,0.8082991042005165,0.9087750398307272,0.8741140921213512,0.8540467732519796,0.940349306407072,0.940349306407072,0.8540467732519796,0.8741140921213512,0.3245221568145857,0.2708518446371086,0.5334027439052422,0.418387244609129,0.3831342477161157,0.6290363875893248,0.6290363875893248,0.3831342477161157,0.418387244609129,0.8082991042005165,0.9087750398307272,0.2708518446371086,0.5334027439052422,2458
3,MAFK,XGBClassifier,di,0.8177727405895269,0.8082991042005165,0.9087750398307272,0.8741140921213512,0.8540467732519796,0.940349306407072,0.9361984793203584,0.858265569010515,0.9275474941097912,0.3245221568145857,0.2708518446371086,0.5334027439052422,0.418387244609129,0.3831342477161157,0.6290363875893248,0.606187750932597,0.4024555752155997,0.5714277415230365,0.8082991042005165,0.9087750398307272,0.2708518446371086,0.5334027439052422,2458
6,MAFK,XGBClassifier,mono+di,0.8177727405895269,0.8082991042005165,0.9087750398307272,0.8741140921213512,0.8540467732519796,0.940349306407072,0.9483871841567516,0.8594562995698415,0.9467262952465691,0.3245221568145857,0.2708518446371086,0.5334027439052422,0.418387244609129,0.3831342477161157,0.6290363875893248,0.6614768821299105,0.473761539583194,0.6405047520049582,0.8082991042005165,0.9087750398307272,0.2708518446371086,0.5334027439052422,2458
6,MAFK,Single best mono PWM,mono,0.8177727405895269,0.8082991042005165,0.9087750398307272,0.8741140921213512,0.8540467732519796,0.940349306407072,0.9087750398307272,0.8082991042005165,0.8177727405895269,0.3245221568145857,0.2708518446371086,0.5334027439052422,0.418387244609129,0.3831342477161157,0.6290363875893248,0.5334027439052422,0.2708518446371086,0.3245221568145857,0.8082991042005165,0.9087750398307272,0.2708518446371086,0.5334027439052422,2458
6,MAFK,BaggingClassifier_XGBClassifier,mono,0.8177727405895269,0.8082991042005165,0.9087750398307272,0.8741140921213512,0.8540467732519796,0.940349306407072,0.931980767898638,0.8509575980498163,0.9429973406224028,0.3245221568145857,0.2708518446371086,0.5334027439052422,0.418387244609129,0.3831342477161157,0.6290363875893248,0.6033011353178066,0.3996070778994562,0.5324355983434162,0.8082991042005165,0.9087750398307272,0.2708518446371086,0.5334027439052422,2458
3,MAFK,Single best di PWM,di,0.8177727405895269,0.8082991042005165,0.9087750398307272,0.8741140921213512,0.8540467732519796,0.940349306407072,0.940349306407072,0.8540467732519796,0.8741140921213512,0.3245221568145857,0.2708518446371086,0.5334027439052422,0.418387244609129,0.3831342477161157,0.6290363875893248,0.6290363875893248,0.3831342477161157,0.418387244609129,0.8082991042005165,0.9087750398307272,0.2708518446371086,0.5334027439052422,2458
3,MAFK,BaggingClassifier_XGBClassifier,di,0.8177727405895269,0.8082991042005165,0.9087750398307272,0.8741140921213512,0.8540467732519796,0.940349306407072,0.9347993185069768,0.8561779846050132,0.9467723847585672,0.3245221568145857,0.2708518446371086,0.5334027439052422,0.418387244609129,0.3831342477161157,0.6290363875893248,0.6230668190901438,0.4099647013526631,0.5819979270357031,0.8082991042005165,0.9087750398307272,0.2708518446371086,0.5334027439052422,2458
6,MAFK,BaggingClassifier_XGBClassifier,mono+di,0.8177727405895269,0.8082991042005165,0.9087750398307272,0.8741140921213512,0.8540467732519796,0.940349306407072,0.9423678439009332,0.8580011714185073,0.968426932249303,0.3245221568145857,0.2708518446371086,0.5334027439052422,0.418387244609129,0.3831342477161157,0.6290363875893248,0.6702703034302239,0.4821819919427242,0.6625271569665871,0.8082991042005165,0.9087750398307272,0.2708518446371086,0.5334027439052422,2458
6,MAFK,Single best mono PWM,mono,0.8177727405895269,0.8082991042005165,0.9087750398307272,0.8741140921213512,0.8540467732519796,0.940349306407072,0.9087750398307272,0.8082991042005165,0.8177727405895269,0.3245221568145857,0.2708518446371086,0.5334027439052422,0.418387244609129,0.3831342477161157,0.6290363875893248,0.5334027439052422,0.2708518446371086,0.3245221568145857,0.8082991042005165,0.9087750398307272,0.2708518446371086,0.5334027439052422,2458
6,MAFK,BaggingClassifier_LogisticRegression,mono,0.8177727405895269,0.8082991042005165,0.9087750398307272,0.8741140921213512,0.8540467732519796,0.940349306407072,0.9181985216025532,0.8316773921177133,0.835434339778005,0.3245221568145857,0.2708518446371086,0.5334027439052422,0.418387244609129,0.3831342477161157,0.6290363875893248,0.5731911227960877,0.3174342471239625,0.3670317954027336,0.8082991042005165,0.9087750398307272,0.2708518446371086,0.5334027439052422,2458
3,MAFK,Single best di PWM,di,0.8177727405895269,0.8082991042005165,0.9087750398307272,0.8741140921213512,0.8540467732519796,0.940349306407072,0.940349306407072,0.8540467732519796,0.8741140921213512,0.3245221568145857,0.2708518446371086,0.5334027439052422,0.418387244609129,0.3831342477161157,0.6290363875893248,0.6290363875893248,0.3831342477161157,0.418387244609129,0.8082991042005165,0.9087750398307272,0.2708518446371086,0.5334027439052422,2458
3,MAFK,BaggingClassifier_LogisticRegression,di,0.8177727405895269,0.8082991042005165,0.9087750398307272,0.8741140921213512,0.8540467732519796,0.940349306407072,0.9394616302075196,0.8618902636487793,0.8766701696236033,0.3245221568145857,0.2708518446371086,0.5334027439052422,0.418387244609129,0.3831342477161157,0.6290363875893248,0.649344730546954,0.4209131143923945,0.4564506930206934,0.8082991042005165,0.9087750398307272,0.2708518446371086,0.5334027439052422,2458
6,MAFK,BaggingClassifier_LogisticRegression,mono+di,0.8177727405895269,0.8082991042005165,0.9087750398307272,0.8741140921213512,0.8540467732519796,0.940349306407072,0.9436694457963752,0.86294785401681,0.8800072827734348,0.3245221568145857,0.2708518446371086,0.5334027439052422,0.418387244609129,0.3831342477161157,0.6290363875893248,0.6660656414081978,0.4574813015753178,0.4821127244911718,0.8082991042005165,0.9087750398307272,0.2708518446371086,0.5334027439052422,2458
42,MAX,Single best mono PWM,mono,0.8956154186052018,0.8892363480838157,0.8608015164539937,0.8970726278841259,0.8978638973920323,0.8598502056621746,0.8608015164539937,0.8892363480838157,0.8956154186052018,0.3941668621238268,0.4490968831687416,0.1470968070994115,0.3998022751531029,0.5072778269235289,0.1337483123800904,0.1470968070994115,0.4490968831687416,0.3941668621238268,0.8892363480838157,0.8608015164539937,0.4490968831687416,0.1470968070994115,10000
42,MAX,RandomForestClassifier,mono,0.8956154186052018,0.8892363480838157,0.8608015164539937,0.8970726278841259,0.8978638973920323,0.8598502056621746,0.8655876890978083,0.9117384762989524,0.925997798652792,0.3941668621238268,0.4490968831687416,0.1470968070994115,0.3998022751531029,0.5072778269235289,0.1337483123800904,0.1619909696369618,0.5247328890598698,0.5133726597209435,0.8892363480838157,0.8608015164539937,0.4490968831687416,0.1470968070994115,10000
21,MAX,Single best di PWM,di,0.8956154186052018,0.8892363480838157,0.8608015164539937,0.8970726278841259,0.8978638973920323,0.8598502056621746,0.8598502056621746,0.8978638973920323,0.8970726278841259,0.3941668621238268,0.4490968831687416,0.1470968070994115,0.3998022751531029,0.5072778269235289,0.1337483123800904,0.1337483123800904,0.5072778269235289,0.3998022751531029,0.8892363480838157,0.8608015164539937,0.4490968831687416,0.1470968070994115,10000
21,MAX,RandomForestClassifier,di,0.8956154186052018,0.8892363480838157,0.8608015164539937,0.8970726278841259,0.8978638973920323,0.8598502056621746,0.8681715687596561,0.9104697124119432,0.9224984547951368,0.3941668621238268,0.4490968831687416,0.1470968070994115,0.3998022751531029,0.5072778269235289,0.1337483123800904,0.1509415815231888,0.5389718307301644,0.5240651562637507,0.8892363480838157,0.8608015164539937,0.4490968831687416,0.1470968070994115,10000
42,MAX,RandomForestClassifier,mono+di,0.8956154186052018,0.8892363480838157,0.8608015164539937,0.8970726278841259,0.8978638973920323,0.8598502056621746,0.8690437122492796,0.9142425133433256,0.9283027914905708,0.3941668621238268,0.4490968831687416,0.1470968070994115,0.3998022751531029,0.5072778269235289,0.1337483123800904,0.1618691310535261,0.5366390199565039,0.5348460171613649,0.8892363480838157,0.8608015164539937,0.4490968831687416,0.1470968070994115,10000
42,MAX,Single best mono PWM,mono,0.8956154186052018,0.8892363480838157,0.8608015164539937,0.8970726278841259,0.8978638973920323,0.8598502056621746,0.8608015164539937,0.8892363480838157,0.8956154186052018,0.3941668621238268,0.4490968831687416,0.1470968070994115,0.3998022751531029,0.5072778269235289,0.1337483123800904,0.1470968070994115,0.4490968831687416,0.3941668621238268,0.8892363480838157,0.8608015164539937,0.4490968831687416,0.1470968070994115,10000
42,MAX,LogisticRegression,mono,0.8956154186052018,0.8892363480838157,0.8608015164539937,0.8970726278841259,0.8978638973920323,0.8598502056621746,0.8680900359288386,0.9118920061407424,0.9176782934379848,0.3941668621238268,0.4490968831687416,0.1470968070994115,0.3998022751531029,0.5072778269235289,0.1337483123800904,0.1608354619680028,0.5123218720013276,0.4468864017202488,0.8892363480838157,0.8608015164539937,0.4490968831687416,0.1470968070994115,10000
21,MAX,Single best di PWM,di,0.8956154186052018,0.8892363480838157,0.8608015164539937,0.8970726278841259,0.8978638973920323,0.8598502056621746,0.8598502056621746,0.8978638973920323,0.8970726278841259,0.3941668621238268,0.4490968831687416,0.1470968070994115,0.3998022751531029,0.5072778269235289,0.1337483123800904,0.1337483123800904,0.5072778269235289,0.3998022751531029,0.8892363480838157,0.8608015164539937,0.4490968831687416,0.1470968070994115,10000
21,MAX,LogisticRegression,di,0.8956154186052018,0.8892363480838157,0.8608015164539937,0.8970726278841259,0.8978638973920323,0.8598502056621746,0.8658765810513396,0.9114504114377366,0.9142449840773756,0.3941668621238268,0.4490968831687416,0.1470968070994115,0.3998022751531029,0.5072778269235289,0.1337483123800904,0.1441833062442384,0.5348867130183,0.440099619897022,0.8892363480838157,0.8608015164539937,0.4490968831687416,0.1470968070994115,10000
42,MAX,LogisticRegression,mono+di,0.8956154186052018,0.8892363480838157,0.8608015164539937,0.8970726278841259,0.8978638973920323,0.8598502056621746,0.8737742312286947,0.9165942560688564,0.922404543867126,0.3941668621238268,0.4490968831687416,0.1470968070994115,0.3998022751531029,0.5072778269235289,0.1337483123800904,0.1720146850671526,0.5416740932109024,0.4663700676674654,0.8892363480838157,0.8608015164539937,0.4490968831687416,0.1470968070994115,10000
42,MAX,Single best mono PWM,mono,0.8956154186052018,0.8892363480838157,0.8608015164539937,0.8970726278841259,0.8978638973920323,0.8598502056621746,0.8608015164539937,0.8892363480838157,0.8956154186052018,0.3941668621238268,0.4490968831687416,0.1470968070994115,0.3998022751531029,0.5072778269235289,0.1337483123800904,0.1470968070994115,0.4490968831687416,0.3941668621238268,0.8892363480838157,0.8608015164539937,0.4490968831687416,0.1470968070994115,10000
42,MAX,XGBClassifier,mono,0.8956154186052018,0.8892363480838157,0.8608015164539937,0.8970726278841259,0.8978638973920323,0.8598502056621746,0.8653688989475635,0.9124419911232295,0.9453025846148384,0.3941668621238268,0.4490968831687416,0.1470968070994115,0.3998022751531029,0.5072778269235289,0.1337483123800904,0.1387202676229304,0.5133919534323772,0.5763888839407639,0.8892363480838157,0.8608015164539937,0.4490968831687416,0.1470968070994115,10000
21,MAX,Single best di PWM,di,0.8956154186052018,0.8892363480838157,0.8608015164539937,0.8970726278841259,0.8978638973920323,0.8598502056621746,0.8598502056621746,0.8978638973920323,0.8970726278841259,0.3941668621238268,0.4490968831687416,0.1470968070994115,0.3998022751531029,0.5072778269235289,0.1337483123800904,0.1337483123800904,0.5072778269235289,0.3998022751531029,0.8892363480838157,0.8608015164539937,0.4490968831687416,0.1470968070994115,10000
21,MAX,XGBClassifier,di,0.8956154186052018,0.8892363480838157,0.8608015164539937,0.8970726278841259,0.8978638973920323,0.8598502056621746,0.8632297811611227,0.9105450417088912,0.9412089353150784,0.3941668621238268,0.4490968831687416,0.1470968070994115,0.3998022751531029,0.5072778269235289,0.1337483123800904,0.1291785384367149,0.525608885976841,0.602393860094798,0.8892363480838157,0.8608015164539937,0.4490968831687416,0.1470968070994115,10000
42,MAX,XGBClassifier,mono+di,0.8956154186052018,0.8892363480838157,0.8608015164539937,0.8970726278841259,0.8978638973920323,0.8598502056621746,0.8676495235060454,0.9171203309963828,0.9486694729552154,0.3941668621238268,0.4490968831687416,0.1470968070994115,0.3998022751531029,0.5072778269235289,0.1337483123800904,0.1549862062044769,0.5451274718579998,0.6079959929581449,0.8892363480838157,0.8608015164539937,0.4490968831687416,0.1470968070994115,10000
42,MAX,Single best mono PWM,mono,0.8956154186052018,0.8892363480838157,0.8608015164539937,0.8970726278841259,0.8978638973920323,0.8598502056621746,0.8608015164539937,0.8892363480838157,0.8956154186052018,0.3941668621238268,0.4490968831687416,0.1470968070994115,0.3998022751531029,0.5072778269235289,0.1337483123800904,0.1470968070994115,0.4490968831687416,0.3941668621238268,0.8892363480838157,0.8608015164539937,0.4490968831687416,0.1470968070994115,10000
42,MAX,BaggingClassifier_XGBClassifier,mono,0.8956154186052018,0.8892363480838157,0.8608015164539937,0.8970726278841259,0.8978638973920323,0.8598502056621746,0.8688366505882489,0.9164818503397946,0.95091733731103,0.3941668621238268,0.4490968831687416,0.1470968070994115,0.3998022751531029,0.5072778269235289,0.1337483123800904,0.1564049900840782,0.5290822221331567,0.58629454149102,0.8892363480838157,0.8608015164539937,0.4490968831687416,0.1470968070994115,10000
21,MAX,Single best di PWM,di,0.8956154186052018,0.8892363480838157,0.8608015164539937,0.8970726278841259,0.8978638973920323,0.8598502056621746,0.8598502056621746,0.8978638973920323,0.8970726278841259,0.3941668621238268,0.4490968831687416,0.1470968070994115,0.3998022751531029,0.5072778269235289,0.1337483123800904,0.1337483123800904,0.5072778269235289,0.3998022751531029,0.8892363480838157,0.8608015164539937,0.4490968831687416,0.1470968070994115,10000
21,MAX,BaggingClassifier_XGBClassifier,di,0.8956154186052018,0.8892363480838157,0.8608015164539937,0.8970726278841259,0.8978638973920323,0.8598502056621746,0.8669327400039843,0.9114474273812256,0.947274118040511,0.3941668621238268,0.4490968831687416,0.1470968070994115,0.3998022751531029,0.5072778269235289,0.1337483123800904,0.1523313095416939,0.5374224264817589,0.6126184252272138,0.8892363480838157,0.8608015164539937,0.4490968831687416,0.1470968070994115,10000
42,MAX,BaggingClassifier_XGBClassifier,mono+di,0.8956154186052018,0.8892363480838157,0.8608015164539937,0.8970726278841259,0.8978638973920323,0.8598502056621746,0.8694154968584646,0.9181897217683972,0.9545984201678682,0.3941668621238268,0.4490968831687416,0.1470968070994115,0.3998022751531029,0.5072778269235289,0.1337483123800904,0.1524269245137935,0.5458921115119959,0.6269850940866984,0.8892363480838157,0.8608015164539937,0.4490968831687416,0.1470968070994115,10000
42,MAX,Single best mono PWM,mono,0.8956154186052018,0.8892363480838157,0.8608015164539937,0.8970726278841259,0.8978638973920323,0.8598502056621746,0.8608015164539937,0.8892363480838157,0.8956154186052018,0.3941668621238268,0.4490968831687416,0.1470968070994115,0.3998022751531029,0.5072778269235289,0.1337483123800904,0.1470968070994115,0.4490968831687416,0.3941668621238268,0.8892363480838157,0.8608015164539937,0.4490968831687416,0.1470968070994115,10000
42,MAX,BaggingClassifier_LogisticRegression,mono,0.8956154186052018,0.8892363480838157,0.8608015164539937,0.8970726278841259,0.8978638973920323,0.8598502056621746,0.8681559307740372,0.9118533503879908,0.9176453300541014,0.3941668621238268,0.4490968831687416,0.1470968070994115,0.3998022751531029,0.5072778269235289,0.1337483123800904,0.1610037640766626,0.5123612791214591,0.4468266732824156,0.8892363480838157,0.8608015164539937,0.4490968831687416,0.1470968070994115,10000
21,MAX,Single best di PWM,di,0.8956154186052018,0.8892363480838157,0.8608015164539937,0.8970726278841259,0.8978638973920323,0.8598502056621746,0.8598502056621746,0.8978638973920323,0.8970726278841259,0.3941668621238268,0.4490968831687416,0.1470968070994115,0.3998022751531029,0.5072778269235289,0.1337483123800904,0.1337483123800904,0.5072778269235289,0.3998022751531029,0.8892363480838157,0.8608015164539937,0.4490968831687416,0.1470968070994115,10000
21,MAX,BaggingClassifier_LogisticRegression,di,0.8956154186052018,0.8892363480838157,0.8608015164539937,0.8970726278841259,0.8978638973920323,0.8598502056621746,0.8658141424276,0.9112629611191888,0.914188183518604,0.3941668621238268,0.4490968831687416,0.1470968070994115,0.3998022751531029,0.5072778269235289,0.1337483123800904,0.1436640829610409,0.5340482399067484,0.4396787328867713,0.8892363480838157,0.8608015164539937,0.4490968831687416,0.1470968070994115,10000
42,MAX,BaggingClassifier_LogisticRegression,mono+di,0.8956154186052018,0.8892363480838157,0.8608015164539937,0.8970726278841259,0.8978638973920323,0.8598502056621746,0.8737211697303897,0.9163608066937754,0.9223394398669366,0.3941668621238268,0.4490968831687416,0.1470968070994115,0.3998022751531029,0.5072778269235289,0.1337483123800904,0.1727532806059236,0.5404605873132184,0.4661065895876067,0.8892363480838157,0.8608015164539937,0.4490968831687416,0.1470968070994115,10000
110,MYC,Single best mono PWM,mono,0.8818548405905676,0.8924913912407535,0.8745789474851673,0.8874620145450947,0.8980845180329705,0.861960102639862,0.8745789474851673,0.8924913912407535,0.8818548405905676,0.3963173912834632,0.5366777692136409,0.1673442823597931,0.4210155888413301,0.6015623872967518,0.1636222044974628,0.1673442823597931,0.5366777692136409,0.3963173912834632,0.8924913912407535,0.8745789474851673,0.5366777692136409,0.1673442823597931,10000
110,MYC,RandomForestClassifier,mono,0.8818548405905676,0.8924913912407535,0.8745789474851673,0.8874620145450947,0.8980845180329705,0.861960102639862,0.886290464180629,0.9106959332946122,0.9215265296025896,0.3963173912834632,0.5366777692136409,0.1673442823597931,0.4210155888413301,0.6015623872967518,0.1636222044974628,0.2129250552449008,0.6172295425519992,0.5488054251645555,0.8924913912407535,0.8745789474851673,0.5366777692136409,0.1673442823597931,10000
55,MYC,Single best di PWM,di,0.8818548405905676,0.8924913912407535,0.8745789474851673,0.8874620145450947,0.8980845180329705,0.861960102639862,0.861960102639862,0.8980845180329705,0.8874620145450947,0.3963173912834632,0.5366777692136409,0.1673442823597931,0.4210155888413301,0.6015623872967518,0.1636222044974628,0.1636222044974628,0.6015623872967518,0.4210155888413301,0.8924913912407535,0.8745789474851673,0.5366777692136409,0.1673442823597931,10000
55,MYC,RandomForestClassifier,di,0.8818548405905676,0.8924913912407535,0.8745789474851673,0.8874620145450947,0.8980845180329705,0.861960102639862,0.8871586545439347,0.9132151014637816,0.9212923472164308,0.3963173912834632,0.5366777692136409,0.1673442823597931,0.4210155888413301,0.6015623872967518,0.1636222044974628,0.2116450882592011,0.6284672302167095,0.5556177562522426,0.8924913912407535,0.8745789474851673,0.5366777692136409,0.1673442823597931,10000
110,MYC,RandomForestClassifier,mono+di,0.8818548405905676,0.8924913912407535,0.8745789474851673,0.8874620145450947,0.8980845180329705,0.861960102639862,0.8883664413737618,0.914264906524805,0.923717051261211,0.3963173912834632,0.5366777692136409,0.1673442823597931,0.4210155888413301,0.6015623872967518,0.1636222044974628,0.2141738017929962,0.6271401669598297,0.5675363356605642,0.8924913912407535,0.8745789474851673,0.5366777692136409,0.1673442823597931,10000
110,MYC,Single best mono PWM,mono,0.8818548405905676,0.8924913912407535,0.8745789474851673,0.8874620145450947,0.8980845180329705,0.861960102639862,0.8745789474851673,0.8924913912407535,0.8818548405905676,0.3963173912834632,0.5366777692136409,0.1673442823597931,0.4210155888413301,0.6015623872967518,0.1636222044974628,0.1673442823597931,0.5366777692136409,0.3963173912834632,0.8924913912407535,0.8745789474851673,0.5366777692136409,0.1673442823597931,10000
110,MYC,LogisticRegression,mono,0.8818548405905676,0.8924913912407535,0.8745789474851673,0.8874620145450947,0.8980845180329705,0.861960102639862,0.8943309904593573,0.9115950598231676,0.9128152762366512,0.3963173912834632,0.5366777692136409,0.1673442823597931,0.4210155888413301,0.6015623872967518,0.1636222044974628,0.2329826659432601,0.6155973586669133,0.4720042417930263,0.8924913912407535,0.8745789474851673,0.5366777692136409,0.1673442823597931,10000
55,MYC,Single best di PWM,di,0.8818548405905676,0.8924913912407535,0.8745789474851673,0.8874620145450947,0.8980845180329705,0.861960102639862,0.861960102639862,0.8980845180329705,0.8874620145450947,0.3963173912834632,0.5366777692136409,0.1673442823597931,0.4210155888413301,0.6015623872967518,0.1636222044974628,0.1636222044974628,0.6015623872967518,0.4210155888413301,0.8924913912407535,0.8745789474851673,0.5366777692136409,0.1673442823597931,10000
55,MYC,LogisticRegression,di,0.8818548405905676,0.8924913912407535,0.8745789474851673,0.8874620145450947,0.8980845180329705,0.861960102639862,0.889923049679306,0.9164025528230558,0.9105001749227866,0.3963173912834632,0.5366777692136409,0.1673442823597931,0.4210155888413301,0.6015623872967518,0.1636222044974628,0.209759810712434,0.6280521433566767,0.4631179928715674,0.8924913912407535,0.8745789474851673,0.5366777692136409,0.1673442823597931,10000
110,MYC,LogisticRegression,mono+di,0.8818548405905676,0.8924913912407535,0.8745789474851673,0.8874620145450947,0.8980845180329705,0.861960102639862,0.8944026680414149,0.9169811429196144,0.9188016015152908,0.3963173912834632,0.5366777692136409,0.1673442823597931,0.4210155888413301,0.6015623872967518,0.1636222044974628,0.2355790171069378,0.6373022081960678,0.4984906147465432,0.8924913912407535,0.8745789474851673,0.5366777692136409,0.1673442823597931,10000
110,MYC,Single best mono PWM,mono,0.8818548405905676,0.8924913912407535,0.8745789474851673,0.8874620145450947,0.8980845180329705,0.861960102639862,0.8745789474851673,0.8924913912407535,0.8818548405905676,0.3963173912834632,0.5366777692136409,0.1673442823597931,0.4210155888413301,0.6015623872967518,0.1636222044974628,0.1673442823597931,0.5366777692136409,0.3963173912834632,0.8924913912407535,0.8745789474851673,0.5366777692136409,0.1673442823597931,10000
110,MYC,XGBClassifier,mono,0.8818548405905676,0.8924913912407535,0.8745789474851673,0.8874620145450947,0.8980845180329705,0.861960102639862,0.8869696549389876,0.915349324249594,0.949616788346962,0.3963173912834632,0.5366777692136409,0.1673442823597931,0.4210155888413301,0.6015623872967518,0.1636222044974628,0.1966749432780606,0.6229546352713095,0.6510085144709348,0.8924913912407535,0.8745789474851673,0.5366777692136409,0.1673442823597931,10000
55,MYC,Single best di PWM,di,0.8818548405905676,0.8924913912407535,0.8745789474851673,0.8874620145450947,0.8980845180329705,0.861960102639862,0.861960102639862,0.8980845180329705,0.8874620145450947,0.3963173912834632,0.5366777692136409,0.1673442823597931,0.4210155888413301,0.6015623872967518,0.1636222044974628,0.1636222044974628,0.6015623872967518,0.4210155888413301,0.8924913912407535,0.8745789474851673,0.5366777692136409,0.1673442823597931,10000
55,MYC,XGBClassifier,di,0.8818548405905676,0.8924913912407535,0.8745789474851673,0.8874620145450947,0.8980845180329705,0.861960102639862,0.8898287031920489,0.914695220778835,0.9474356644592236,0.3963173912834632,0.5366777692136409,0.1673442823597931,0.4210155888413301,0.6015623872967518,0.1636222044974628,0.215748791916166,0.6303517174150541,0.6521871938066273,0.8924913912407535,0.8745789474851673,0.5366777692136409,0.1673442823597931,10000
110,MYC,XGBClassifier,mono+di,0.8818548405905676,0.8924913912407535,0.8745789474851673,0.8874620145450947,0.8980845180329705,0.861960102639862,0.8927223680637749,0.9164585606068476,0.9531545727290076,0.3963173912834632,0.5366777692136409,0.1673442823597931,0.4210155888413301,0.6015623872967518,0.1636222044974628,0.2139481749439923,0.6354917783194143,0.6725286918780494,0.8924913912407535,0.8745789474851673,0.5366777692136409,0.1673442823597931,10000
110,MYC,Single best mono PWM,mono,0.8818548405905676,0.8924913912407535,0.8745789474851673,0.8874620145450947,0.8980845180329705,0.861960102639862,0.8745789474851673,0.8924913912407535,0.8818548405905676,0.3963173912834632,0.5366777692136409,0.1673442823597931,0.4210155888413301,0.6015623872967518,0.1636222044974628,0.1673442823597931,0.5366777692136409,0.3963173912834632,0.8924913912407535,0.8745789474851673,0.5366777692136409,0.1673442823597931,10000
110,MYC,BaggingClassifier_XGBClassifier,mono,0.8818548405905676,0.8924913912407535,0.8745789474851673,0.8874620145450947,0.8980845180329705,0.861960102639862,0.8932856655665811,0.9186810433027331,0.9557440685273269,0.3963173912834632,0.5366777692136409,0.1673442823597931,0.4210155888413301,0.6015623872967518,0.1636222044974628,0.2269675253857845,0.6358306290800253,0.6598054640951156,0.8924913912407535,0.8745789474851673,0.5366777692136409,0.1673442823597931,10000
55,MYC,Single best di PWM,di,0.8818548405905676,0.8924913912407535,0.8745789474851673,0.8874620145450947,0.8980845180329705,0.861960102639862,0.861960102639862,0.8980845180329705,0.8874620145450947,0.3963173912834632,0.5366777692136409,0.1673442823597931,0.4210155888413301,0.6015623872967518,0.1636222044974628,0.1636222044974628,0.6015623872967518,0.4210155888413301,0.8924913912407535,0.8745789474851673,0.5366777692136409,0.1673442823597931,10000
55,MYC,BaggingClassifier_XGBClassifier,di,0.8818548405905676,0.8924913912407535,0.8745789474851673,0.8874620145450947,0.8980845180329705,0.861960102639862,0.8922144271401944,0.9169558789372988,0.9540157737947996,0.3963173912834632,0.5366777692136409,0.1673442823597931,0.4210155888413301,0.6015623872967518,0.1636222044974628,0.2124202086764006,0.6312159309314694,0.6658870006430895,0.8924913912407535,0.8745789474851673,0.5366777692136409,0.1673442823597931,10000
110,MYC,BaggingClassifier_XGBClassifier,mono+di,0.8818548405905676,0.8924913912407535,0.8745789474851673,0.8874620145450947,0.8980845180329705,0.861960102639862,0.896695169813891,0.9203697897796952,0.9594824161960832,0.3963173912834632,0.5366777692136409,0.1673442823597931,0.4210155888413301,0.6015623872967518,0.1636222044974628,0.2298780204696611,0.640962262866324,0.6895219309288548,0.8924913912407535,0.8745789474851673,0.5366777692136409,0.1673442823597931,10000
110,MYC,Single best mono PWM,mono,0.8818548405905676,0.8924913912407535,0.8745789474851673,0.8874620145450947,0.8980845180329705,0.861960102639862,0.8745789474851673,0.8924913912407535,0.8818548405905676,0.3963173912834632,0.5366777692136409,0.1673442823597931,0.4210155888413301,0.6015623872967518,0.1636222044974628,0.1673442823597931,0.5366777692136409,0.3963173912834632,0.8924913912407535,0.8745789474851673,0.5366777692136409,0.1673442823597931,10000
110,MYC,BaggingClassifier_LogisticRegression,mono,0.8818548405905676,0.8924913912407535,0.8745789474851673,0.8874620145450947,0.8980845180329705,0.861960102639862,0.894396918177126,0.9117589045833436,0.9127924521701029,0.3963173912834632,0.5366777692136409,0.1673442823597931,0.4210155888413301,0.6015623872967518,0.1636222044974628,0.2323676567484694,0.6157524457824997,0.4719682293376294,0.8924913912407535,0.8745789474851673,0.5366777692136409,0.1673442823597931,10000
55,MYC,Single best di PWM,di,0.8818548405905676,0.8924913912407535,0.8745789474851673,0.8874620145450947,0.8980845180329705,0.861960102639862,0.861960102639862,0.8980845180329705,0.8874620145450947,0.3963173912834632,0.5366777692136409,0.1673442823597931,0.4210155888413301,0.6015623872967518,0.1636222044974628,0.1636222044974628,0.6015623872967518,0.4210155888413301,0.8924913912407535,0.8745789474851673,0.5366777692136409,0.1673442823597931,10000
55,MYC,BaggingClassifier_LogisticRegression,di,0.8818548405905676,0.8924913912407535,0.8745789474851673,0.8874620145450947,0.8980845180329705,0.861960102639862,0.8901630651943708,0.9166766207551168,0.910604174470461,0.3963173912834632,0.5366777692136409,0.1673442823597931,0.4210155888413301,0.6015623872967518,0.1636222044974628,0.2101193944611662,0.6279520117306325,0.4628060566312206,0.8924913912407535,0.8745789474851673,0.5366777692136409,0.1673442823597931,10000
110,MYC,BaggingClassifier_LogisticRegression,mono+di,0.8818548405905676,0.8924913912407535,0.8745789474851673,0.8874620145450947,0.8980845180329705,0.861960102639862,0.8946818278670696,0.9173362975135234,0.9188659208006164,0.3963173912834632,0.5366777692136409,0.1673442823597931,0.4210155888413301,0.6015623872967518,0.1636222044974628,0.234975356652219,0.637633887399811,0.4982609239924994,0.8924913912407535,0.8745789474851673,0.5366777692136409,0.1673442823597931,10000
48,P53,Single best mono PWM,mono,0.8736509260231259,0.8879167284958204,0.8065754518453041,0.8808766316761512,0.9245406093881388,0.8371902924876455,0.8065754518453041,0.8879167284958204,0.8736509260231259,0.434653330389652,0.3409618674656071,0.5392436981111457,0.4460238334423736,0.3606703726664809,0.5436966313124825,0.5392436981111457,0.3409618674656071,0.434653330389652,0.8879167284958204,0.8065754518453041,0.3409618674656071,0.5392436981111457,662
48,P53,RandomForestClassifier,mono,0.8736509260231259,0.8879167284958204,0.8065754518453041,0.8808766316761512,0.9245406093881388,0.8371902924876455,0.8488030942104505,0.9201536248371832,0.907333011680662,0.434653330389652,0.3409618674656071,0.5392436981111457,0.4460238334423736,0.3606703726664809,0.5436966313124825,0.5381049433334997,0.5827622725633951,0.7371745440453585,0.8879167284958204,0.8065754518453041,0.3409618674656071,0.5392436981111457,662
26,P53,Single best di PWM,di,0.8736509260231259,0.8879167284958204,0.8065754518453041,0.8808766316761512,0.9245406093881388,0.8371902924876455,0.8371902924876455,0.9245406093881388,0.8808766316761512,0.434653330389652,0.3409618674656071,0.5392436981111457,0.4460238334423736,0.3606703726664809,0.5436966313124825,0.5436966313124825,0.3606703726664809,0.4460238334423736,0.8879167284958204,0.8065754518453041,0.3409618674656071,0.5392436981111457,662
26,P53,RandomForestClassifier,di,0.8736509260231259,0.8879167284958204,0.8065754518453041,0.8808766316761512,0.9245406093881388,0.8371902924876455,0.8580536230381539,0.9249831000313268,0.9041794591340476,0.434653330389652,0.3409618674656071,0.5392436981111457,0.4460238334423736,0.3606703726664809,0.5436966313124825,0.5129522615167198,0.6067763320430486,0.7383919913848661,0.8879167284958204,0.8065754518453041,0.3409618674656071,0.5392436981111457,662
48,P53,RandomForestClassifier,mono+di,0.8736509260231259,0.8879167284958204,0.8065754518453041,0.8808766316761512,0.9245406093881388,0.8371902924876455,0.8662581552234354,0.9315040147730456,0.9138696814285444,0.434653330389652,0.3409618674656071,0.5392436981111457,0.4460238334423736,0.3606703726664809,0.5436966313124825,0.5191393699078622,0.5963734109923791,0.7540786376046118,0.8879167284958204,0.8065754518453041,0.3409618674656071,0.5392436981111457,662
48,P53,Single best mono PWM,mono,0.8736509260231259,0.8879167284958204,0.8065754518453041,0.8808766316761512,0.9245406093881388,0.8371902924876455,0.8065754518453041,0.8879167284958204,0.8736509260231259,0.434653330389652,0.3409618674656071,0.5392436981111457,0.4460238334423736,0.3606703726664809,0.5436966313124825,0.5392436981111457,0.3409618674656071,0.434653330389652,0.8879167284958204,0.8065754518453041,0.3409618674656071,0.5392436981111457,662
48,P53,LogisticRegression,mono,0.8736509260231259,0.8879167284958204,0.8065754518453041,0.8808766316761512,0.9245406093881388,0.8371902924876455,0.8416695131511219,0.9244126230400158,0.9020693889515972,0.434653330389652,0.3409618674656071,0.5392436981111457,0.4460238334423736,0.3606703726664809,0.5436966313124825,0.5051346829288688,0.5718414354016571,0.4975749274802142,0.8879167284958204,0.8065754518453041,0.3409618674656071,0.5392436981111457,662
26,P53,Single best di PWM,di,0.8736509260231259,0.8879167284958204,0.8065754518453041,0.8808766316761512,0.9245406093881388,0.8371902924876455,0.8371902924876455,0.9245406093881388,0.8808766316761512,0.434653330389652,0.3409618674656071,0.5392436981111457,0.4460238334423736,0.3606703726664809,0.5436966313124825,0.5436966313124825,0.3606703726664809,0.4460238334423736,0.8879167284958204,0.8065754518453041,0.3409618674656071,0.5392436981111457,662
26,P53,LogisticRegression,di,0.8736509260231259,0.8879167284958204,0.8065754518453041,0.8808766316761512,0.9245406093881388,0.8371902924876455,0.8549189070227228,0.9446223063098712,0.905539212666752,0.434653330389652,0.3409618674656071,0.5392436981111457,0.4460238334423736,0.3606703726664809,0.5436966313124825,0.5427221332575434,0.6098665189485524,0.5481130527646592,0.8879167284958204,0.8065754518453041,0.3409618674656071,0.5392436981111457,662
48,P53,LogisticRegression,mono+di,0.8736509260231259,0.8879167284958204,0.8065754518453041,0.8808766316761512,0.9245406093881388,0.8371902924876455,0.8536777670466223,0.9415397108044384,0.912327868641048,0.434653330389652,0.3409618674656071,0.5392436981111457,0.4460238334423736,0.3606703726664809,0.5436966313124825,0.541863073690293,0.6045761800606404,0.5679951807255904,0.8879167284958204,0.8065754518453041,0.3409618674656071,0.5392436981111457,662
48,P53,Single best mono PWM,mono,0.8736509260231259,0.8879167284958204,0.8065754518453041,0.8808766316761512,0.9245406093881388,0.8371902924876455,0.8065754518453041,0.8879167284958204,0.8736509260231259,0.434653330389652,0.3409618674656071,0.5392436981111457,0.4460238334423736,0.3606703726664809,0.5436966313124825,0.5392436981111457,0.3409618674656071,0.434653330389652,0.8879167284958204,0.8065754518453041,0.3409618674656071,0.5392436981111457,662
48,P53,XGBClassifier,mono,0.8736509260231259,0.8879167284958204,0.8065754518453041,0.8808766316761512,0.9245406093881388,0.8371902924876455,0.8531469022428115,0.9257728644210318,0.9985802357899382,0.434653330389652,0.3409618674656071,0.5392436981111457,0.4460238334423736,0.3606703726664809,0.5436966313124825,0.5247412685760504,0.5835659823254836,0.9425599486023654,0.8879167284958204,0.8065754518453041,0.3409618674656071,0.5392436981111457,662
26,P53,Single best di PWM,di,0.8736509260231259,0.8879167284958204,0.8065754518453041,0.8808766316761512,0.9245406093881388,0.8371902924876455,0.8371902924876455,0.9245406093881388,0.8808766316761512,0.434653330389652,0.3409618674656071,0.5392436981111457,0.4460238334423736,0.3606703726664809,0.5436966313124825,0.5436966313124825,0.3606703726664809,0.4460238334423736,0.8879167284958204,0.8065754518453041,0.3409618674656071,0.5392436981111457,662
26,P53,XGBClassifier,di,0.8736509260231259,0.8879167284958204,0.8065754518453041,0.8808766316761512,0.9245406093881388,0.8371902924876455,0.857327360263077,0.9396936983726568,0.9983834730643406,0.434653330389652,0.3409618674656071,0.5392436981111457,0.4460238334423736,0.3606703726664809,0.5436966313124825,0.4745479562272486,0.5988587036049574,0.917515119316925,0.8879167284958204,0.8065754518453041,0.3409618674656071,0.5392436981111457,662
48,P53,XGBClassifier,mono+di,0.8736509260231259,0.8879167284958204,0.8065754518453041,0.8808766316761512,0.9245406093881388,0.8371902924876455,0.8435918814261887,0.9255898501261316,0.9993173632798256,0.434653330389652,0.3409618674656071,0.5392436981111457,0.4460238334423736,0.3606703726664809,0.5436966313124825,0.5065927394398236,0.5942731805098099,0.9597311663408858,0.8879167284958204,0.8065754518453041,0.3409618674656071,0.5392436981111457,662
48,P53,Single best mono PWM,mono,0.8736509260231259,0.8879167284958204,0.8065754518453041,0.8808766316761512,0.9245406093881388,0.8371902924876455,0.8065754518453041,0.8879167284958204,0.8736509260231259,0.434653330389652,0.3409618674656071,0.5392436981111457,0.4460238334423736,0.3606703726664809,0.5436966313124825,0.5392436981111457,0.3409618674656071,0.434653330389652,0.8879167284958204,0.8065754518453041,0.3409618674656071,0.5392436981111457,662
48,P53,BaggingClassifier_XGBClassifier,mono,0.8736509260231259,0.8879167284958204,0.8065754518453041,0.8808766316761512,0.9245406093881388,0.8371902924876455,0.8410663494609867,0.9251529241067749,0.9994112749828944,0.434653330389652,0.3409618674656071,0.5392436981111457,0.4460238334423736,0.3606703726664809,0.5436966313124825,0.5504098708164442,0.5761572765500268,0.9466641439224448,0.8879167284958204,0.8065754518453041,0.3409618674656071,0.5392436981111457,662
26,P53,Single best di PWM,di,0.8736509260231259,0.8879167284958204,0.8065754518453041,0.8808766316761512,0.9245406093881388,0.8371902924876455,0.8371902924876455,0.9245406093881388,0.8808766316761512,0.434653330389652,0.3409618674656071,0.5392436981111457,0.4460238334423736,0.3606703726664809,0.5436966313124825,0.5436966313124825,0.3606703726664809,0.4460238334423736,0.8879167284958204,0.8065754518453041,0.3409618674656071,0.5392436981111457,662
26,P53,BaggingClassifier_XGBClassifier,di,0.8736509260231259,0.8879167284958204,0.8065754518453041,0.8808766316761512,0.9245406093881388,0.8371902924876455,0.8596456172324167,0.9324728776112512,0.999213901648044,0.434653330389652,0.3409618674656071,0.5392436981111457,0.4460238334423736,0.3606703726664809,0.5436966313124825,0.4684400815929502,0.6043212071534837,0.930540570884552,0.8879167284958204,0.8065754518453041,0.3409618674656071,0.5392436981111457,662
48,P53,BaggingClassifier_XGBClassifier,mono+di,0.8736509260231259,0.8879167284958204,0.8065754518453041,0.8808766316761512,0.9245406093881388,0.8371902924876455,0.8506640766386382,0.9274772880908806,0.9996122142757804,0.434653330389652,0.3409618674656071,0.5392436981111457,0.4460238334423736,0.3606703726664809,0.5436966313124825,0.5354488765343305,0.6071755941511344,0.963167342394681,0.8879167284958204,0.8065754518453041,0.3409618674656071,0.5392436981111457,662
48,P53,Single best mono PWM,mono,0.8736509260231259,0.8879167284958204,0.8065754518453041,0.8808766316761512,0.9245406093881388,0.8371902924876455,0.8065754518453041,0.8879167284958204,0.8736509260231259,0.434653330389652,0.3409618674656071,0.5392436981111457,0.4460238334423736,0.3606703726664809,0.5436966313124825,0.5392436981111457,0.3409618674656071,0.434653330389652,0.8879167284958204,0.8065754518453041,0.3409618674656071,0.5392436981111457,662
48,P53,BaggingClassifier_LogisticRegression,mono,0.8736509260231259,0.8879167284958204,0.8065754518453041,0.8808766316761512,0.9245406093881388,0.8371902924876455,0.8426798059661587,0.9253178018499284,0.9027731527519156,0.434653330389652,0.3409618674656071,0.5392436981111457,0.4460238334423736,0.3606703726664809,0.5436966313124825,0.5095879334476966,0.5684748229586319,0.4968671254529567,0.8879167284958204,0.8065754518453041,0.3409618674656071,0.5392436981111457,662
26,P53,Single best di PWM,di,0.8736509260231259,0.8879167284958204,0.8065754518453041,0.8808766316761512,0.9245406093881388,0.8371902924876455,0.8371902924876455,0.9245406093881388,0.8808766316761512,0.434653330389652,0.3409618674656071,0.5392436981111457,0.4460238334423736,0.3606703726664809,0.5436966313124825,0.5436966313124825,0.3606703726664809,0.4460238334423736,0.8879167284958204,0.8065754518453041,0.3409618674656071,0.5392436981111457,662
26,P53,BaggingClassifier_LogisticRegression,di,0.8736509260231259,0.8879167284958204,0.8065754518453041,0.8808766316761512,0.9245406093881388,0.8371902924876455,0.8549801291740102,0.9445567674069676,0.9061382447680436,0.434653330389652,0.3409618674656071,0.5392436981111457,0.4460238334423736,0.3606703726664809,0.5436966313124825,0.5432128491135038,0.6095827095562794,0.5476774610680435,0.8879167284958204,0.8065754518453041,0.3409618674656071,0.5392436981111457,662
48,P53,BaggingClassifier_LogisticRegression,mono+di,0.8736509260231259,0.8879167284958204,0.8065754518453041,0.8808766316761512,0.9245406093881388,0.8371902924876455,0.8537890800489631,0.9416802690804768,0.9140298075989784,0.434653330389652,0.3409618674656071,0.5392436981111457,0.4460238334423736,0.3606703726664809,0.5436966313124825,0.5397211944964192,0.6038377596492923,0.567656093262432,0.8879167284958204,0.8065754518453041,0.3409618674656071,0.5392436981111457,662
17,PPARG,Single best mono PWM,mono,0.8908295525351525,0.8865259459192376,0.8682635952537061,0.8943951721851581,0.895876589252915,0.8672077500200711,0.8682635952537061,0.8865259459192376,0.8908295525351525,0.3055614671048225,0.2675307260896575,0.4214953332285007,0.3153156726054558,0.2620699081692281,0.4147504557240602,0.4214953332285007,0.2675307260896575,0.3055614671048225,0.8865259459192376,0.8682635952537061,0.2675307260896575,0.4214953332285007,5435
17,PPARG,RandomForestClassifier,mono,0.8908295525351525,0.8865259459192376,0.8682635952537061,0.8943951721851581,0.895876589252915,0.8672077500200711,0.8692826372261999,0.888859291705616,0.914330649973075,0.3055614671048225,0.2675307260896575,0.4214953332285007,0.3153156726054558,0.2620699081692281,0.4147504557240602,0.4145136389045601,0.2683247016690748,0.4471047797818496,0.8865259459192376,0.8682635952537061,0.2675307260896575,0.4214953332285007,5435
11,PPARG,Single best di PWM,di,0.8908295525351525,0.8865259459192376,0.8682635952537061,0.8943951721851581,0.895876589252915,0.8672077500200711,0.8672077500200711,0.895876589252915,0.8943951721851581,0.3055614671048225,0.2675307260896575,0.4214953332285007,0.3153156726054558,0.2620699081692281,0.4147504557240602,0.4147504557240602,0.2620699081692281,0.3153156726054558,0.8865259459192376,0.8682635952537061,0.2675307260896575,0.4214953332285007,5435
11,PPARG,RandomForestClassifier,di,0.8908295525351525,0.8865259459192376,0.8682635952537061,0.8943951721851581,0.895876589252915,0.8672077500200711,0.8765230653789352,0.9001098278225931,0.9191876384426384,0.3055614671048225,0.2675307260896575,0.4214953332285007,0.3153156726054558,0.2620699081692281,0.4147504557240602,0.4292876448423677,0.2850649429108616,0.4586883181046578,0.8865259459192376,0.8682635952537061,0.2675307260896575,0.4214953332285007,5435
17,PPARG,RandomForestClassifier,mono+di,0.8908295525351525,0.8865259459192376,0.8682635952537061,0.8943951721851581,0.895876589252915,0.8672077500200711,0.8780757521889633,0.900474086083749,0.9216298074739918,0.3055614671048225,0.2675307260896575,0.4214953332285007,0.3153156726054558,0.2620699081692281,0.4147504557240602,0.4337032294887245,0.2887501064902884,0.4821798545892904,0.8865259459192376,0.8682635952537061,0.2675307260896575,0.4214953332285007,5435
17,PPARG,Single best mono PWM,mono,0.8908295525351525,0.8865259459192376,0.8682635952537061,0.8943951721851581,0.895876589252915,0.8672077500200711,0.8682635952537061,0.8865259459192376,0.8908295525351525,0.3055614671048225,0.2675307260896575,0.4214953332285007,0.3153156726054558,0.2620699081692281,0.4147504557240602,0.4214953332285007,0.2675307260896575,0.3055614671048225,0.8865259459192376,0.8682635952537061,0.2675307260896575,0.4214953332285007,5435
17,PPARG,LogisticRegression,mono,0.8908295525351525,0.8865259459192376,0.8682635952537061,0.8943951721851581,0.895876589252915,0.8672077500200711,0.8731900247630249,0.8898025362166015,0.8963047483027811,0.3055614671048225,0.2675307260896575,0.4214953332285007,0.3153156726054558,0.2620699081692281,0.4147504557240602,0.4226330302857202,0.2648523094059496,0.3151122797653667,0.8865259459192376,0.8682635952537061,0.2675307260896575,0.4214953332285007,5435
11,PPARG,Single best di PWM,di,0.8908295525351525,0.8865259459192376,0.8682635952537061,0.8943951721851581,0.895876589252915,0.8672077500200711,0.8672077500200711,0.895876589252915,0.8943951721851581,0.3055614671048225,0.2675307260896575,0.4214953332285007,0.3153156726054558,0.2620699081692281,0.4147504557240602,0.4147504557240602,0.2620699081692281,0.3153156726054558,0.8865259459192376,0.8682635952537061,0.2675307260896575,0.4214953332285007,5435
11,PPARG,LogisticRegression,di,0.8908295525351525,0.8865259459192376,0.8682635952537061,0.8943951721851581,0.895876589252915,0.8672077500200711,0.876791838322008,0.9033241662853758,0.9051899446446529,0.3055614671048225,0.2675307260896575,0.4214953332285007,0.3153156726054558,0.2620699081692281,0.4147504557240602,0.4404374799561403,0.2991145236670784,0.3371735918602499,0.8865259459192376,0.8682635952537061,0.2675307260896575,0.4214953332285007,5435
17,PPARG,LogisticRegression,mono+di,0.8908295525351525,0.8865259459192376,0.8682635952537061,0.8943951721851581,0.895876589252915,0.8672077500200711,0.8819845329892404,0.9082860954521882,0.9098642975773356,0.3055614671048225,0.2675307260896575,0.4214953332285007,0.3153156726054558,0.2620699081692281,0.4147504557240602,0.4451825937021484,0.3009563526197714,0.3398264311843755,0.8865259459192376,0.8682635952537061,0.2675307260896575,0.4214953332285007,5435
17,PPARG,Single best mono PWM,mono,0.8908295525351525,0.8865259459192376,0.8682635952537061,0.8943951721851581,0.895876589252915,0.8672077500200711,0.8682635952537061,0.8865259459192376,0.8908295525351525,0.3055614671048225,0.2675307260896575,0.4214953332285007,0.3153156726054558,0.2620699081692281,0.4147504557240602,0.4214953332285007,0.2675307260896575,0.3055614671048225,0.8865259459192376,0.8682635952537061,0.2675307260896575,0.4214953332285007,5435
17,PPARG,XGBClassifier,mono,0.8908295525351525,0.8865259459192376,0.8682635952537061,0.8943951721851581,0.895876589252915,0.8672077500200711,0.8660316504323318,0.8862276754061601,0.9434439074071004,0.3055614671048225,0.2675307260896575,0.4214953332285007,0.3153156726054558,0.2620699081692281,0.4147504557240602,0.398266233019362,0.2503453747427141,0.5356488410176656,0.8865259459192376,0.8682635952537061,0.2675307260896575,0.4214953332285007,5435
11,PPARG,Single best di PWM,di,0.8908295525351525,0.8865259459192376,0.8682635952537061,0.8943951721851581,0.895876589252915,0.8672077500200711,0.8672077500200711,0.895876589252915,0.8943951721851581,0.3055614671048225,0.2675307260896575,0.4214953332285007,0.3153156726054558,0.2620699081692281,0.4147504557240602,0.4147504557240602,0.2620699081692281,0.3153156726054558,0.8865259459192376,0.8682635952537061,0.2675307260896575,0.4214953332285007,5435
11,PPARG,XGBClassifier,di,0.8908295525351525,0.8865259459192376,0.8682635952537061,0.8943951721851581,0.895876589252915,0.8672077500200711,0.8739072027835902,0.8988607941052373,0.9449980704283152,0.3055614671048225,0.2675307260896575,0.4214953332285007,0.3153156726054558,0.2620699081692281,0.4147504557240602,0.4142602634593441,0.2711142535079981,0.5356705923115942,0.8865259459192376,0.8682635952537061,0.2675307260896575,0.4214953332285007,5435
17,PPARG,XGBClassifier,mono+di,0.8908295525351525,0.8865259459192376,0.8682635952537061,0.8943951721851581,0.895876589252915,0.8672077500200711,0.8772810145004057,0.8985949550706188,0.9531065967595485,0.3055614671048225,0.2675307260896575,0.4214953332285007,0.3153156726054558,0.2620699081692281,0.4147504557240602,0.4157823379087506,0.2714157012855216,0.5878626043922913,0.8865259459192376,0.8682635952537061,0.2675307260896575,0.4214953332285007,5435
17,PPARG,Single best mono PWM,mono,0.8908295525351525,0.8865259459192376,0.8682635952537061,0.8943951721851581,0.895876589252915,0.8672077500200711,0.8682635952537061,0.8865259459192376,0.8908295525351525,0.3055614671048225,0.2675307260896575,0.4214953332285007,0.3153156726054558,0.2620699081692281,0.4147504557240602,0.4214953332285007,0.2675307260896575,0.3055614671048225,0.8865259459192376,0.8682635952537061,0.2675307260896575,0.4214953332285007,5435
17,PPARG,BaggingClassifier_XGBClassifier,mono,0.8908295525351525,0.8865259459192376,0.8682635952537061,0.8943951721851581,0.895876589252915,0.8672077500200711,0.8692948925122315,0.8883052651072508,0.9533503953362392,0.3055614671048225,0.2675307260896575,0.4214953332285007,0.3153156726054558,0.2620699081692281,0.4147504557240602,0.4008889297456925,0.2544555541874,0.5548657678782557,0.8865259459192376,0.8682635952537061,0.2675307260896575,0.4214953332285007,5435
11,PPARG,Single best di PWM,di,0.8908295525351525,0.8865259459192376,0.8682635952537061,0.8943951721851581,0.895876589252915,0.8672077500200711,0.8672077500200711,0.895876589252915,0.8943951721851581,0.3055614671048225,0.2675307260896575,0.4214953332285007,0.3153156726054558,0.2620699081692281,0.4147504557240602,0.4147504557240602,0.2620699081692281,0.3153156726054558,0.8865259459192376,0.8682635952537061,0.2675307260896575,0.4214953332285007,5435
11,PPARG,BaggingClassifier_XGBClassifier,di,0.8908295525351525,0.8865259459192376,0.8682635952537061,0.8943951721851581,0.895876589252915,0.8672077500200711,0.875151449384763,0.8997079493142323,0.95501359301539,0.3055614671048225,0.2675307260896575,0.4214953332285007,0.3153156726054558,0.2620699081692281,0.4147504557240602,0.4145700571639171,0.2658311479250375,0.5566263694373321,0.8865259459192376,0.8682635952537061,0.2675307260896575,0.4214953332285007,5435
17,PPARG,BaggingClassifier_XGBClassifier,mono+di,0.8908295525351525,0.8865259459192376,0.8682635952537061,0.8943951721851581,0.895876589252915,0.8672077500200711,0.8809112272123814,0.9041160728238002,0.964402298206846,0.3055614671048225,0.2675307260896575,0.4214953332285007,0.3153156726054558,0.2620699081692281,0.4147504557240602,0.4225581371677895,0.2825161718405456,0.6158453446923365,0.8865259459192376,0.8682635952537061,0.2675307260896575,0.4214953332285007,5435
17,PPARG,Single best mono PWM,mono,0.8908295525351525,0.8865259459192376,0.8682635952537061,0.8943951721851581,0.895876589252915,0.8672077500200711,0.8682635952537061,0.8865259459192376,0.8908295525351525,0.3055614671048225,0.2675307260896575,0.4214953332285007,0.3153156726054558,0.2620699081692281,0.4147504557240602,0.4214953332285007,0.2675307260896575,0.3055614671048225,0.8865259459192376,0.8682635952537061,0.2675307260896575,0.4214953332285007,5435
17,PPARG,BaggingClassifier_LogisticRegression,mono,0.8908295525351525,0.8865259459192376,0.8682635952537061,0.8943951721851581,0.895876589252915,0.8672077500200711,0.8729986315971056,0.8898847932653933,0.8962674954044847,0.3055614671048225,0.2675307260896575,0.4214953332285007,0.3153156726054558,0.2620699081692281,0.4147504557240602,0.4225298611907835,0.2648084751868391,0.315266465144226,0.8865259459192376,0.8682635952537061,0.2675307260896575,0.4214953332285007,5435
11,PPARG,Single best di PWM,di,0.8908295525351525,0.8865259459192376,0.8682635952537061,0.8943951721851581,0.895876589252915,0.8672077500200711,0.8672077500200711,0.895876589252915,0.8943951721851581,0.3055614671048225,0.2675307260896575,0.4214953332285007,0.3153156726054558,0.2620699081692281,0.4147504557240602,0.4147504557240602,0.2620699081692281,0.3153156726054558,0.8865259459192376,0.8682635952537061,0.2675307260896575,0.4214953332285007,5435
11,PPARG,BaggingClassifier_LogisticRegression,di,0.8908295525351525,0.8865259459192376,0.8682635952537061,0.8943951721851581,0.895876589252915,0.8672077500200711,0.8767516977295874,0.9033827625486858,0.9051398787241054,0.3055614671048225,0.2675307260896575,0.4214953332285007,0.3153156726054558,0.2620699081692281,0.4147504557240602,0.4404923705136527,0.2996076336992373,0.3371221584140245,0.8865259459192376,0.8682635952537061,0.2675307260896575,0.4214953332285007,5435
17,PPARG,BaggingClassifier_LogisticRegression,mono+di,0.8908295525351525,0.8865259459192376,0.8682635952537061,0.8943951721851581,0.895876589252915,0.8672077500200711,0.8818791427836048,0.9084094207687065,0.9097893592552282,0.3055614671048225,0.2675307260896575,0.4214953332285007,0.3153156726054558,0.2620699081692281,0.4147504557240602,0.4452540790402171,0.3006559795088546,0.3398394796183778,0.8865259459192376,0.8682635952537061,0.2675307260896575,0.4214953332285007,5435
19,PRGR,Single best mono PWM,mono,0.8502398531148992,0.8254313139152666,0.861836282548721,0.8636217534462097,0.8312616987764792,0.8435870209839105,0.861836282548721,0.8254313139152666,0.8502398531148992,0.0719341710177564,0.0597721768482232,0.1127229094166115,0.0833216438804496,0.0532580670670344,0.1232100420527216,0.1127229094166115,0.0597721768482232,0.0719341710177564,0.8254313139152666,0.861836282548721,0.0597721768482232,0.1127229094166115,1260
19,PRGR,RandomForestClassifier,mono,0.8502398531148992,0.8254313139152666,0.861836282548721,0.8636217534462097,0.8312616987764792,0.8435870209839105,0.8743101896788112,0.8560635614499635,0.9234466924524056,0.0719341710177564,0.0597721768482232,0.1127229094166115,0.0833216438804496,0.0532580670670344,0.1232100420527216,0.1154383923196497,0.0736746463669106,0.2391973886897311,0.8254313139152666,0.861836282548721,0.0597721768482232,0.1127229094166115,1260
9,PRGR,Single best di PWM,di,0.8502398531148992,0.8254313139152666,0.861836282548721,0.8636217534462097,0.8312616987764792,0.8435870209839105,0.8435870209839105,0.8312616987764792,0.8636217534462097,0.0719341710177564,0.0597721768482232,0.1127229094166115,0.0833216438804496,0.0532580670670344,0.1232100420527216,0.1232100420527216,0.0532580670670344,0.0833216438804496,0.8254313139152666,0.861836282548721,0.0597721768482232,0.1127229094166115,1260
9,PRGR,RandomForestClassifier,di,0.8502398531148992,0.8254313139152666,0.861836282548721,0.8636217534462097,0.8312616987764792,0.8435870209839105,0.8708349800650611,0.8588048986486486,0.9149063166018566,0.0719341710177564,0.0597721768482232,0.1127229094166115,0.0833216438804496,0.0532580670670344,0.1232100420527216,0.1168378594037887,0.0671589660325678,0.2248220727965403,0.8254313139152666,0.861836282548721,0.0597721768482232,0.1127229094166115,1260
19,PRGR,RandomForestClassifier,mono+di,0.8502398531148992,0.8254313139152666,0.861836282548721,0.8636217534462097,0.8312616987764792,0.8435870209839105,0.8809387934157793,0.8617325031957633,0.9267591865684384,0.0719341710177564,0.0597721768482232,0.1127229094166115,0.0833216438804496,0.0532580670670344,0.1232100420527216,0.1194621235862628,0.0685130025809709,0.2570529203210138,0.8254313139152666,0.861836282548721,0.0597721768482232,0.1127229094166115,1260
19,PRGR,Single best mono PWM,mono,0.8502398531148992,0.8254313139152666,0.861836282548721,0.8636217534462097,0.8312616987764792,0.8435870209839105,0.861836282548721,0.8254313139152666,0.8502398531148992,0.0719341710177564,0.0597721768482232,0.1127229094166115,0.0833216438804496,0.0532580670670344,0.1232100420527216,0.1127229094166115,0.0597721768482232,0.0719341710177564,0.8254313139152666,0.861836282548721,0.0597721768482232,0.1127229094166115,1260
19,PRGR,LogisticRegression,mono,0.8502398531148992,0.8254313139152666,0.861836282548721,0.8636217534462097,0.8312616987764792,0.8435870209839105,0.8828389115599241,0.862995799853908,0.8912564610615661,0.0719341710177564,0.0597721768482232,0.1127229094166115,0.0833216438804496,0.0532580670670344,0.1232100420527216,0.11560232941884,0.0891474146745831,0.1006848037896896,0.8254313139152666,0.861836282548721,0.0597721768482232,0.1127229094166115,1260
9,PRGR,Single best di PWM,di,0.8502398531148992,0.8254313139152666,0.861836282548721,0.8636217534462097,0.8312616987764792,0.8435870209839105,0.8435870209839105,0.8312616987764792,0.8636217534462097,0.0719341710177564,0.0597721768482232,0.1127229094166115,0.0833216438804496,0.0532580670670344,0.1232100420527216,0.1232100420527216,0.0532580670670344,0.0833216438804496,0.8254313139152666,0.861836282548721,0.0597721768482232,0.1127229094166115,1260
9,PRGR,LogisticRegression,di,0.8502398531148992,0.8254313139152666,0.861836282548721,0.8636217534462097,0.8312616987764792,0.8435870209839105,0.8737354105968432,0.8609817270818115,0.8869387492959184,0.0719341710177564,0.0597721768482232,0.1127229094166115,0.0833216438804496,0.0532580670670344,0.1232100420527216,0.1269748365258056,0.0712982293793434,0.0901182560366666,0.8254313139152666,0.861836282548721,0.0597721768482232,0.1127229094166115,1260
19,PRGR,LogisticRegression,mono+di,0.8502398531148992,0.8254313139152666,0.861836282548721,0.8636217534462097,0.8312616987764792,0.8435870209839105,0.8906203760664445,0.8686328981008035,0.9002436693829985,0.0719341710177564,0.0597721768482232,0.1127229094166115,0.0833216438804496,0.0532580670670344,0.1232100420527216,0.1279839554007002,0.0834343016778428,0.1100690982554534,0.8254313139152666,0.861836282548721,0.0597721768482232,0.1127229094166115,1260
19,PRGR,Single best mono PWM,mono,0.8502398531148992,0.8254313139152666,0.861836282548721,0.8636217534462097,0.8312616987764792,0.8435870209839105,0.861836282548721,0.8254313139152666,0.8502398531148992,0.0719341710177564,0.0597721768482232,0.1127229094166115,0.0833216438804496,0.0532580670670344,0.1232100420527216,0.1127229094166115,0.0597721768482232,0.0719341710177564,0.8254313139152666,0.861836282548721,0.0597721768482232,0.1127229094166115,1260
19,PRGR,XGBClassifier,mono,0.8502398531148992,0.8254313139152666,0.861836282548721,0.8636217534462097,0.8312616987764792,0.8435870209839105,0.8697964191618595,0.8659929122534696,0.9489472551857364,0.0719341710177564,0.0597721768482232,0.1127229094166115,0.0833216438804496,0.0532580670670344,0.1232100420527216,0.1028960009265232,0.1002741772447309,0.3309720681872867,0.8254313139152666,0.861836282548721,0.0597721768482232,0.1127229094166115,1260
9,PRGR,Single best di PWM,di,0.8502398531148992,0.8254313139152666,0.861836282548721,0.8636217534462097,0.8312616987764792,0.8435870209839105,0.8435870209839105,0.8312616987764792,0.8636217534462097,0.0719341710177564,0.0597721768482232,0.1127229094166115,0.0833216438804496,0.0532580670670344,0.1232100420527216,0.1232100420527216,0.0532580670670344,0.0833216438804496,0.8254313139152666,0.861836282548721,0.0597721768482232,0.1127229094166115,1260
9,PRGR,XGBClassifier,di,0.8502398531148992,0.8254313139152666,0.861836282548721,0.8636217534462097,0.8312616987764792,0.8435870209839105,0.8645666117497063,0.8425191175127831,0.934812831995379,0.0719341710177564,0.0597721768482232,0.1127229094166115,0.0833216438804496,0.0532580670670344,0.1232100420527216,0.1210211858329273,0.0588874154416469,0.2826582097197697,0.8254313139152666,0.861836282548721,0.0597721768482232,0.1127229094166115,1260
19,PRGR,XGBClassifier,mono+di,0.8502398531148992,0.8254313139152666,0.861836282548721,0.8636217534462097,0.8312616987764792,0.8435870209839105,0.876295707033238,0.8636823182980278,0.957274455231053,0.0719341710177564,0.0597721768482232,0.1127229094166115,0.0833216438804496,0.0532580670670344,0.1232100420527216,0.1009160037106674,0.0743449416635946,0.3730713592819995,0.8254313139152666,0.861836282548721,0.0597721768482232,0.1127229094166115,1260
19,PRGR,Single best mono PWM,mono,0.8502398531148992,0.8254313139152666,0.861836282548721,0.8636217534462097,0.8312616987764792,0.8435870209839105,0.861836282548721,0.8254313139152666,0.8502398531148992,0.0719341710177564,0.0597721768482232,0.1127229094166115,0.0833216438804496,0.0532580670670344,0.1232100420527216,0.1127229094166115,0.0597721768482232,0.0719341710177564,0.8254313139152666,0.861836282548721,0.0597721768482232,0.1127229094166115,1260
19,PRGR,BaggingClassifier_XGBClassifier,mono,0.8502398531148992,0.8254313139152666,0.861836282548721,0.8636217534462097,0.8312616987764792,0.8435870209839105,0.8707684251338846,0.8615246073776479,0.9659741104106198,0.0719341710177564,0.0597721768482232,0.1127229094166115,0.0833216438804496,0.0532580670670344,0.1232100420527216,0.1028009369251079,0.084945073759202,0.3925073826848205,0.8254313139152666,0.861836282548721,0.0597721768482232,0.1127229094166115,1260
9,PRGR,Single best di PWM,di,0.8502398531148992,0.8254313139152666,0.861836282548721,0.8636217534462097,0.8312616987764792,0.8435870209839105,0.8435870209839105,0.8312616987764792,0.8636217534462097,0.0719341710177564,0.0597721768482232,0.1127229094166115,0.0833216438804496,0.0532580670670344,0.1232100420527216,0.1232100420527216,0.0532580670670344,0.0833216438804496,0.8254313139152666,0.861836282548721,0.0597721768482232,0.1127229094166115,1260
9,PRGR,BaggingClassifier_XGBClassifier,di,0.8502398531148992,0.8254313139152666,0.861836282548721,0.8636217534462097,0.8312616987764792,0.8435870209839105,0.8706775863378816,0.8540438390248357,0.9556538244591138,0.0719341710177564,0.0597721768482232,0.1127229094166115,0.0833216438804496,0.0532580670670344,0.1232100420527216,0.1312853559259614,0.0670990993506751,0.3239912262995272,0.8254313139152666,0.861836282548721,0.0597721768482232,0.1127229094166115,1260
19,PRGR,BaggingClassifier_XGBClassifier,mono+di,0.8502398531148992,0.8254313139152666,0.861836282548721,0.8636217534462097,0.8312616987764792,0.8435870209839105,0.880996343318493,0.8751118517165815,0.9738072732751132,0.0719341710177564,0.0597721768482232,0.1127229094166115,0.0833216438804496,0.0532580670670344,0.1232100420527216,0.1152371383615979,0.080137794362667,0.4388968090074068,0.8254313139152666,0.861836282548721,0.0597721768482232,0.1127229094166115,1260
19,PRGR,Single best mono PWM,mono,0.8502398531148992,0.8254313139152666,0.861836282548721,0.8636217534462097,0.8312616987764792,0.8435870209839105,0.861836282548721,0.8254313139152666,0.8502398531148992,0.0719341710177564,0.0597721768482232,0.1127229094166115,0.0833216438804496,0.0532580670670344,0.1232100420527216,0.1127229094166115,0.0597721768482232,0.0719341710177564,0.8254313139152666,0.861836282548721,0.0597721768482232,0.1127229094166115,1260
19,PRGR,BaggingClassifier_LogisticRegression,mono,0.8502398531148992,0.8254313139152666,0.861836282548721,0.8636217534462097,0.8312616987764792,0.8435870209839105,0.8821253887589636,0.8625180332359387,0.890909646063074,0.0719341710177564,0.0597721768482232,0.1127229094166115,0.0833216438804496,0.0532580670670344,0.1232100420527216,0.1153613832260582,0.088756624111768,0.1008935253820817,0.8254313139152666,0.861836282548721,0.0597721768482232,0.1127229094166115,1260
9,PRGR,Single best di PWM,di,0.8502398531148992,0.8254313139152666,0.861836282548721,0.8636217534462097,0.8312616987764792,0.8435870209839105,0.8435870209839105,0.8312616987764792,0.8636217534462097,0.0719341710177564,0.0597721768482232,0.1127229094166115,0.0833216438804496,0.0532580670670344,0.1232100420527216,0.1232100420527216,0.0532580670670344,0.0833216438804496,0.8254313139152666,0.861836282548721,0.0597721768482232,0.1127229094166115,1260
9,PRGR,BaggingClassifier_LogisticRegression,di,0.8502398531148992,0.8254313139152666,0.861836282548721,0.8636217534462097,0.8312616987764792,0.8435870209839105,0.8733259789220167,0.8606178665997078,0.8869283443140796,0.0719341710177564,0.0597721768482232,0.1127229094166115,0.0833216438804496,0.0532580670670344,0.1232100420527216,0.1269646361738586,0.0706676940641886,0.0900799302141129,0.8254313139152666,0.861836282548721,0.0597721768482232,0.1127229094166115,1260
19,PRGR,BaggingClassifier_LogisticRegression,mono+di,0.8502398531148992,0.8254313139152666,0.861836282548721,0.8636217534462097,0.8312616987764792,0.8435870209839105,0.8901588569300277,0.867729638422206,0.8998432205260439,0.0719341710177564,0.0597721768482232,0.1127229094166115,0.0833216438804496,0.0532580670670344,0.1232100420527216,0.1265560882455114,0.0837945840195228,0.1099381569456253,0.8254313139152666,0.861836282548721,0.0597721768482232,0.1127229094166115,1260
70,REST,Single best mono PWM,mono,0.9712898300020372,0.9780809275327595,0.9557608616998972,0.981614579532336,0.9862440180621432,0.9577990996000636,0.9557608616998972,0.9780809275327595,0.9712898300020372,0.8714039823057567,0.9309415356973774,0.7424425004165226,0.9017174131639796,0.9565888376390396,0.7742951633980247,0.7424425004165226,0.9309415356973774,0.8714039823057567,0.9780809275327595,0.9557608616998972,0.9309415356973774,0.7424425004165226,10000
70,REST,RandomForestClassifier,mono,0.9712898300020372,0.9780809275327595,0.9557608616998972,0.981614579532336,0.9862440180621432,0.9577990996000636,0.9682631989854468,0.991081265012979,0.9889831699753264,0.8714039823057567,0.9309415356973774,0.7424425004165226,0.9017174131639796,0.9565888376390396,0.7742951633980247,0.7765287570998298,0.975986939871784,0.952660620085082,0.9780809275327595,0.9557608616998972,0.9309415356973774,0.7424425004165226,10000
36,REST,Single best di PWM,di,0.9712898300020372,0.9780809275327595,0.9557608616998972,0.981614579532336,0.9862440180621432,0.9577990996000636,0.9577990996000636,0.9862440180621432,0.981614579532336,0.8714039823057567,0.9309415356973774,0.7424425004165226,0.9017174131639796,0.9565888376390396,0.7742951633980247,0.7742951633980247,0.9565888376390396,0.9017174131639796,0.9780809275327595,0.9557608616998972,0.9309415356973774,0.7424425004165226,10000
36,REST,RandomForestClassifier,di,0.9712898300020372,0.9780809275327595,0.9557608616998972,0.981614579532336,0.9862440180621432,0.9577990996000636,0.968300961817706,0.9918359403021412,0.9891077040088734,0.8714039823057567,0.9309415356973774,0.7424425004165226,0.9017174131639796,0.9565888376390396,0.7742951633980247,0.805760947534583,0.9741876059639532,0.953938835300582,0.9780809275327595,0.9557608616998972,0.9309415356973774,0.7424425004165226,10000
70,REST,RandomForestClassifier,mono+di,0.9712898300020372,0.9780809275327595,0.9557608616998972,0.981614579532336,0.9862440180621432,0.9577990996000636,0.9709033734499568,0.9939372283640574,0.991286997985377,0.8714039823057567,0.9309415356973774,0.7424425004165226,0.9017174131639796,0.9565888376390396,0.7742951633980247,0.819279506637987,0.9820627754226504,0.9629392387550731,0.9780809275327595,0.9557608616998972,0.9309415356973774,0.7424425004165226,10000
70,REST,Single best mono PWM,mono,0.9712898300020372,0.9780809275327595,0.9557608616998972,0.981614579532336,0.9862440180621432,0.9577990996000636,0.9557608616998972,0.9780809275327595,0.9712898300020372,0.8714039823057567,0.9309415356973774,0.7424425004165226,0.9017174131639796,0.9565888376390396,0.7742951633980247,0.7424425004165226,0.9309415356973774,0.8714039823057567,0.9780809275327595,0.9557608616998972,0.9309415356973774,0.7424425004165226,10000
70,REST,LogisticRegression,mono,0.9712898300020372,0.9780809275327595,0.9557608616998972,0.981614579532336,0.9862440180621432,0.9577990996000636,0.9700939832333644,0.9933283876606592,0.9899236537112072,0.8714039823057567,0.9309415356973774,0.7424425004165226,0.9017174131639796,0.9565888376390396,0.7742951633980247,0.8413843996600895,0.977496792999528,0.9398377186656552,0.9780809275327595,0.9557608616998972,0.9309415356973774,0.7424425004165226,10000
36,REST,Single best di PWM,di,0.9712898300020372,0.9780809275327595,0.9557608616998972,0.981614579532336,0.9862440180621432,0.9577990996000636,0.9577990996000636,0.9862440180621432,0.981614579532336,0.8714039823057567,0.9309415356973774,0.7424425004165226,0.9017174131639796,0.9565888376390396,0.7742951633980247,0.7742951633980247,0.9565888376390396,0.9017174131639796,0.9780809275327595,0.9557608616998972,0.9309415356973774,0.7424425004165226,10000
36,REST,LogisticRegression,di,0.9712898300020372,0.9780809275327595,0.9557608616998972,0.981614579532336,0.9862440180621432,0.9577990996000636,0.969940665965607,0.9932553194926236,0.9885477126106346,0.8714039823057567,0.9309415356973774,0.7424425004165226,0.9017174131639796,0.9565888376390396,0.7742951633980247,0.8028196288304771,0.9756833868649458,0.9287049329709368,0.9780809275327595,0.9557608616998972,0.9309415356973774,0.7424425004165226,10000
70,REST,LogisticRegression,mono+di,0.9712898300020372,0.9780809275327595,0.9557608616998972,0.981614579532336,0.9862440180621432,0.9577990996000636,0.972306293330997,0.9956748426447584,0.9921265289630352,0.8714039823057567,0.9309415356973774,0.7424425004165226,0.9017174131639796,0.9565888376390396,0.7742951633980247,0.8546248605905312,0.9858821212079588,0.95249306566929,0.9780809275327595,0.9557608616998972,0.9309415356973774,0.7424425004165226,10000
70,REST,Single best mono PWM,mono,0.9712898300020372,0.9780809275327595,0.9557608616998972,0.981614579532336,0.9862440180621432,0.9577990996000636,0.9557608616998972,0.9780809275327595,0.9712898300020372,0.8714039823057567,0.9309415356973774,0.7424425004165226,0.9017174131639796,0.9565888376390396,0.7742951633980247,0.7424425004165226,0.9309415356973774,0.8714039823057567,0.9780809275327595,0.9557608616998972,0.9309415356973774,0.7424425004165226,10000
70,REST,XGBClassifier,mono,0.9712898300020372,0.9780809275327595,0.9557608616998972,0.981614579532336,0.9862440180621432,0.9577990996000636,0.9713408487164482,0.9933585225571236,0.9979881182515792,0.8714039823057567,0.9309415356973774,0.7424425004165226,0.9017174131639796,0.9565888376390396,0.7742951633980247,0.8252467788185744,0.9831078823955136,0.9878521888166452,0.9780809275327595,0.9557608616998972,0.9309415356973774,0.7424425004165226,10000
36,REST,Single best di PWM,di,0.9712898300020372,0.9780809275327595,0.9557608616998972,0.981614579532336,0.9862440180621432,0.9577990996000636,0.9577990996000636,0.9862440180621432,0.981614579532336,0.8714039823057567,0.9309415356973774,0.7424425004165226,0.9017174131639796,0.9565888376390396,0.7742951633980247,0.7742951633980247,0.9565888376390396,0.9017174131639796,0.9780809275327595,0.9557608616998972,0.9309415356973774,0.7424425004165226,10000
36,REST,XGBClassifier,di,0.9712898300020372,0.9780809275327595,0.9557608616998972,0.981614579532336,0.9862440180621432,0.9577990996000636,0.9733767714489336,0.9928021514755296,0.997063330692442,0.8714039823057567,0.9309415356973774,0.7424425004165226,0.9017174131639796,0.9565888376390396,0.7742951633980247,0.7949529891936691,0.9765263456784936,0.983312552844922,0.9780809275327595,0.9557608616998972,0.9309415356973774,0.7424425004165226,10000
70,REST,XGBClassifier,mono+di,0.9712898300020372,0.9780809275327595,0.9557608616998972,0.981614579532336,0.9862440180621432,0.9577990996000636,0.9754008961094214,0.994384457251332,0.9987723804242028,0.8714039823057567,0.9309415356973774,0.7424425004165226,0.9017174131639796,0.9565888376390396,0.7742951633980247,0.844787094408019,0.98697908858795,0.9906171701843852,0.9780809275327595,0.9557608616998972,0.9309415356973774,0.7424425004165226,10000
70,REST,Single best mono PWM,mono,0.9712898300020372,0.9780809275327595,0.9557608616998972,0.981614579532336,0.9862440180621432,0.9577990996000636,0.9557608616998972,0.9780809275327595,0.9712898300020372,0.8714039823057567,0.9309415356973774,0.7424425004165226,0.9017174131639796,0.9565888376390396,0.7742951633980247,0.7424425004165226,0.9309415356973774,0.8714039823057567,0.9780809275327595,0.9557608616998972,0.9309415356973774,0.7424425004165226,10000
70,REST,BaggingClassifier_XGBClassifier,mono,0.9712898300020372,0.9780809275327595,0.9557608616998972,0.981614579532336,0.9862440180621432,0.9577990996000636,0.9715684510789218,0.9944787980728133,0.9989312748715397,0.8714039823057567,0.9309415356973774,0.7424425004165226,0.9017174131639796,0.9565888376390396,0.7742951633980247,0.8248359826589148,0.9850911733687177,0.9909664143160084,0.9780809275327595,0.9557608616998972,0.9309415356973774,0.7424425004165226,10000
36,REST,Single best di PWM,di,0.9712898300020372,0.9780809275327595,0.9557608616998972,0.981614579532336,0.9862440180621432,0.9577990996000636,0.9577990996000636,0.9862440180621432,0.981614579532336,0.8714039823057567,0.9309415356973774,0.7424425004165226,0.9017174131639796,0.9565888376390396,0.7742951633980247,0.7742951633980247,0.9565888376390396,0.9017174131639796,0.9780809275327595,0.9557608616998972,0.9309415356973774,0.7424425004165226,10000
36,REST,BaggingClassifier_XGBClassifier,di,0.9712898300020372,0.9780809275327595,0.9557608616998972,0.981614579532336,0.9862440180621432,0.9577990996000636,0.9742593271530284,0.9927399864528382,0.9986413513819408,0.8714039823057567,0.9309415356973774,0.7424425004165226,0.9017174131639796,0.9565888376390396,0.7742951633980247,0.8162649567827789,0.9772740672997102,0.987393073349288,0.9780809275327595,0.9557608616998972,0.9309415356973774,0.7424425004165226,10000
70,REST,BaggingClassifier_XGBClassifier,mono+di,0.9712898300020372,0.9780809275327595,0.9557608616998972,0.981614579532336,0.9862440180621432,0.9577990996000636,0.9780818743494024,0.995655796700478,0.9995072166511986,0.8714039823057567,0.9309415356973774,0.7424425004165226,0.9017174131639796,0.9565888376390396,0.7742951633980247,0.8525640111126371,0.9886992795391184,0.99420988492158,0.9780809275327595,0.9557608616998972,0.9309415356973774,0.7424425004165226,10000
70,REST,Single best mono PWM,mono,0.9712898300020372,0.9780809275327595,0.9557608616998972,0.981614579532336,0.9862440180621432,0.9577990996000636,0.9557608616998972,0.9780809275327595,0.9712898300020372,0.8714039823057567,0.9309415356973774,0.7424425004165226,0.9017174131639796,0.9565888376390396,0.7742951633980247,0.7424425004165226,0.9309415356973774,0.8714039823057567,0.9780809275327595,0.9557608616998972,0.9309415356973774,0.7424425004165226,10000
70,REST,BaggingClassifier_LogisticRegression,mono,0.9712898300020372,0.9780809275327595,0.9557608616998972,0.981614579532336,0.9862440180621432,0.9577990996000636,0.9700939494763632,0.99324857693403,0.9899407902302104,0.8714039823057567,0.9309415356973774,0.7424425004165226,0.9017174131639796,0.9565888376390396,0.7742951633980247,0.8420147200007683,0.9773319342634006,0.9397188400116748,0.9780809275327595,0.9557608616998972,0.9309415356973774,0.7424425004165226,10000
36,REST,Single best di PWM,di,0.9712898300020372,0.9780809275327595,0.9557608616998972,0.981614579532336,0.9862440180621432,0.9577990996000636,0.9577990996000636,0.9862440180621432,0.981614579532336,0.8714039823057567,0.9309415356973774,0.7424425004165226,0.9017174131639796,0.9565888376390396,0.7742951633980247,0.7742951633980247,0.9565888376390396,0.9017174131639796,0.9780809275327595,0.9557608616998972,0.9309415356973774,0.7424425004165226,10000
36,REST,BaggingClassifier_LogisticRegression,di,0.9712898300020372,0.9780809275327595,0.9557608616998972,0.981614579532336,0.9862440180621432,0.9577990996000636,0.9701633355862476,0.9932429581352024,0.9885827136292642,0.8714039823057567,0.9309415356973774,0.7424425004165226,0.9017174131639796,0.9565888376390396,0.7742951633980247,0.8034645469648961,0.9756048913482545,0.9287502584682948,0.9780809275327595,0.9557608616998972,0.9309415356973774,0.7424425004165226,10000
70,REST,BaggingClassifier_LogisticRegression,mono+di,0.9712898300020372,0.9780809275327595,0.9557608616998972,0.981614579532336,0.9862440180621432,0.9577990996000636,0.9724120146332887,0.9956211667649516,0.9921565400547798,0.8714039823057567,0.9309415356973774,0.7424425004165226,0.9017174131639796,0.9565888376390396,0.7742951633980247,0.8551977327758613,0.9856834752833143,0.9524907222483888,0.9780809275327595,0.9557608616998972,0.9309415356973774,0.7424425004165226,10000
39,RUNX1,Single best mono PWM,mono,0.8652312176278943,0.8704972544023477,0.7940336559307262,0.8709337484387146,0.8745876036791479,0.7798282084081933,0.7940336559307262,0.8704972544023477,0.8652312176278943,0.2192770764428684,0.1692612746452017,0.0963775216160252,0.235120998709725,0.1721671898365432,0.1056793741533279,0.0963775216160252,0.1692612746452017,0.2192770764428684,0.8704972544023477,0.7940336559307262,0.1692612746452017,0.0963775216160252,10000
39,RUNX1,RandomForestClassifier,mono,0.8652312176278943,0.8704972544023477,0.7940336559307262,0.8709337484387146,0.8745876036791479,0.7798282084081933,0.8014407307503455,0.886496175800407,0.8937273338486666,0.2192770764428684,0.1692612746452017,0.0963775216160252,0.235120998709725,0.1721671898365432,0.1056793741533279,0.1116390126512969,0.1988698254254497,0.3166027095724905,0.8704972544023477,0.7940336559307262,0.1692612746452017,0.0963775216160252,10000
20,RUNX1,Single best di PWM,di,0.8652312176278943,0.8704972544023477,0.7940336559307262,0.8709337484387146,0.8745876036791479,0.7798282084081933,0.7798282084081933,0.8745876036791479,0.8709337484387146,0.2192770764428684,0.1692612746452017,0.0963775216160252,0.235120998709725,0.1721671898365432,0.1056793741533279,0.1056793741533279,0.1721671898365432,0.235120998709725,0.8704972544023477,0.7940336559307262,0.1692612746452017,0.0963775216160252,10000
20,RUNX1,RandomForestClassifier,di,0.8652312176278943,0.8704972544023477,0.7940336559307262,0.8709337484387146,0.8745876036791479,0.7798282084081933,0.8093101681325988,0.8937938517961774,0.8997164653372813,0.2192770764428684,0.1692612746452017,0.0963775216160252,0.235120998709725,0.1721671898365432,0.1056793741533279,0.1184505733446729,0.1977324628996714,0.3322401127923498,0.8704972544023477,0.7940336559307262,0.1692612746452017,0.0963775216160252,10000
39,RUNX1,RandomForestClassifier,mono+di,0.8652312176278943,0.8704972544023477,0.7940336559307262,0.8709337484387146,0.8745876036791479,0.7798282084081933,0.8081593709532187,0.8932102257376229,0.9003479744778975,0.2192770764428684,0.1692612746452017,0.0963775216160252,0.235120998709725,0.1721671898365432,0.1056793741533279,0.1165618561369237,0.2043530969261689,0.3325289094781309,0.8704972544023477,0.7940336559307262,0.1692612746452017,0.0963775216160252,10000
39,RUNX1,Single best mono PWM,mono,0.8652312176278943,0.8704972544023477,0.7940336559307262,0.8709337484387146,0.8745876036791479,0.7798282084081933,0.7940336559307262,0.8704972544023477,0.8652312176278943,0.2192770764428684,0.1692612746452017,0.0963775216160252,0.235120998709725,0.1721671898365432,0.1056793741533279,0.0963775216160252,0.1692612746452017,0.2192770764428684,0.8704972544023477,0.7940336559307262,0.1692612746452017,0.0963775216160252,10000
39,RUNX1,LogisticRegression,mono,0.8652312176278943,0.8704972544023477,0.7940336559307262,0.8709337484387146,0.8745876036791479,0.7798282084081933,0.814914495389349,0.8887359832376159,0.8853870640410869,0.2192770764428684,0.1692612746452017,0.0963775216160252,0.235120998709725,0.1721671898365432,0.1056793741533279,0.1275639638307047,0.1996771181069147,0.2669459897356869,0.8704972544023477,0.7940336559307262,0.1692612746452017,0.0963775216160252,10000
20,RUNX1,Single best di PWM,di,0.8652312176278943,0.8704972544023477,0.7940336559307262,0.8709337484387146,0.8745876036791479,0.7798282084081933,0.7798282084081933,0.8745876036791479,0.8709337484387146,0.2192770764428684,0.1692612746452017,0.0963775216160252,0.235120998709725,0.1721671898365432,0.1056793741533279,0.1056793741533279,0.1721671898365432,0.235120998709725,0.8704972544023477,0.7940336559307262,0.1692612746452017,0.0963775216160252,10000
20,RUNX1,LogisticRegression,di,0.8652312176278943,0.8704972544023477,0.7940336559307262,0.8709337484387146,0.8745876036791479,0.7798282084081933,0.8151973255070984,0.8963363357843902,0.8879897221567137,0.2192770764428684,0.1692612746452017,0.0963775216160252,0.235120998709725,0.1721671898365432,0.1056793741533279,0.1310654369009125,0.1994712895846321,0.2639487254496623,0.8704972544023477,0.7940336559307262,0.1692612746452017,0.0963775216160252,10000
39,RUNX1,LogisticRegression,mono+di,0.8652312176278943,0.8704972544023477,0.7940336559307262,0.8709337484387146,0.8745876036791479,0.7798282084081933,0.8212584280290809,0.8998220757894944,0.8931221575871918,0.2192770764428684,0.1692612746452017,0.0963775216160252,0.235120998709725,0.1721671898365432,0.1056793741533279,0.1384140072730137,0.206748256087441,0.2883426177547801,0.8704972544023477,0.7940336559307262,0.1692612746452017,0.0963775216160252,10000
39,RUNX1,Single best mono PWM,mono,0.8652312176278943,0.8704972544023477,0.7940336559307262,0.8709337484387146,0.8745876036791479,0.7798282084081933,0.7940336559307262,0.8704972544023477,0.8652312176278943,0.2192770764428684,0.1692612746452017,0.0963775216160252,0.235120998709725,0.1721671898365432,0.1056793741533279,0.0963775216160252,0.1692612746452017,0.2192770764428684,0.8704972544023477,0.7940336559307262,0.1692612746452017,0.0963775216160252,10000
39,RUNX1,XGBClassifier,mono,0.8652312176278943,0.8704972544023477,0.7940336559307262,0.8709337484387146,0.8745876036791479,0.7798282084081933,0.8012334438437647,0.8868012158122391,0.915126868956843,0.2192770764428684,0.1692612746452017,0.0963775216160252,0.235120998709725,0.1721671898365432,0.1056793741533279,0.1118519602002513,0.1989215243112908,0.356933402503899,0.8704972544023477,0.7940336559307262,0.1692612746452017,0.0963775216160252,10000
20,RUNX1,Single best di PWM,di,0.8652312176278943,0.8704972544023477,0.7940336559307262,0.8709337484387146,0.8745876036791479,0.7798282084081933,0.7798282084081933,0.8745876036791479,0.8709337484387146,0.2192770764428684,0.1692612746452017,0.0963775216160252,0.235120998709725,0.1721671898365432,0.1056793741533279,0.1056793741533279,0.1721671898365432,0.235120998709725,0.8704972544023477,0.7940336559307262,0.1692612746452017,0.0963775216160252,10000
20,RUNX1,XGBClassifier,di,0.8652312176278943,0.8704972544023477,0.7940336559307262,0.8709337484387146,0.8745876036791479,0.7798282084081933,0.8115791941706687,0.8965787260883749,0.916995708102962,0.2192770764428684,0.1692612746452017,0.0963775216160252,0.235120998709725,0.1721671898365432,0.1056793741533279,0.118887012423725,0.2019162260415411,0.3917736047568826,0.8704972544023477,0.7940336559307262,0.1692612746452017,0.0963775216160252,10000
39,RUNX1,XGBClassifier,mono+di,0.8652312176278943,0.8704972544023477,0.7940336559307262,0.8709337484387146,0.8745876036791479,0.7798282084081933,0.8111261135455978,0.897151240281857,0.9231535558001206,0.2192770764428684,0.1692612746452017,0.0963775216160252,0.235120998709725,0.1721671898365432,0.1056793741533279,0.1262884299991372,0.2004177248091534,0.4013287690644534,0.8704972544023477,0.7940336559307262,0.1692612746452017,0.0963775216160252,10000
39,RUNX1,Single best mono PWM,mono,0.8652312176278943,0.8704972544023477,0.7940336559307262,0.8709337484387146,0.8745876036791479,0.7798282084081933,0.7940336559307262,0.8704972544023477,0.8652312176278943,0.2192770764428684,0.1692612746452017,0.0963775216160252,0.235120998709725,0.1721671898365432,0.1056793741533279,0.0963775216160252,0.1692612746452017,0.2192770764428684,0.8704972544023477,0.7940336559307262,0.1692612746452017,0.0963775216160252,10000
39,RUNX1,BaggingClassifier_XGBClassifier,mono,0.8652312176278943,0.8704972544023477,0.7940336559307262,0.8709337484387146,0.8745876036791479,0.7798282084081933,0.8046168139549629,0.8901803889282346,0.923742119548603,0.2192770764428684,0.1692612746452017,0.0963775216160252,0.235120998709725,0.1721671898365432,0.1056793741533279,0.1139231757903484,0.2024007069783033,0.3718839643155762,0.8704972544023477,0.7940336559307262,0.1692612746452017,0.0963775216160252,10000
20,RUNX1,Single best di PWM,di,0.8652312176278943,0.8704972544023477,0.7940336559307262,0.8709337484387146,0.8745876036791479,0.7798282084081933,0.7798282084081933,0.8745876036791479,0.8709337484387146,0.2192770764428684,0.1692612746452017,0.0963775216160252,0.235120998709725,0.1721671898365432,0.1056793741533279,0.1056793741533279,0.1721671898365432,0.235120998709725,0.8704972544023477,0.7940336559307262,0.1692612746452017,0.0963775216160252,10000
20,RUNX1,BaggingClassifier_XGBClassifier,di,0.8652312176278943,0.8704972544023477,0.7940336559307262,0.8709337484387146,0.8745876036791479,0.7798282084081933,0.8125521695370926,0.8977374313552597,0.9253324437282184,0.2192770764428684,0.1692612746452017,0.0963775216160252,0.235120998709725,0.1721671898365432,0.1056793741533279,0.1220719020571539,0.2029800895204469,0.3905834697084282,0.8704972544023477,0.7940336559307262,0.1692612746452017,0.0963775216160252,10000
39,RUNX1,BaggingClassifier_XGBClassifier,mono+di,0.8652312176278943,0.8704972544023477,0.7940336559307262,0.8709337484387146,0.8745876036791479,0.7798282084081933,0.814186603910366,0.9006139215473052,0.9318267506048618,0.2192770764428684,0.1692612746452017,0.0963775216160252,0.235120998709725,0.1721671898365432,0.1056793741533279,0.1271026784263026,0.2031110711149853,0.414312608519347,0.8704972544023477,0.7940336559307262,0.1692612746452017,0.0963775216160252,10000
39,RUNX1,Single best mono PWM,mono,0.8652312176278943,0.8704972544023477,0.7940336559307262,0.8709337484387146,0.8745876036791479,0.7798282084081933,0.7940336559307262,0.8704972544023477,0.8652312176278943,0.2192770764428684,0.1692612746452017,0.0963775216160252,0.235120998709725,0.1721671898365432,0.1056793741533279,0.0963775216160252,0.1692612746452017,0.2192770764428684,0.8704972544023477,0.7940336559307262,0.1692612746452017,0.0963775216160252,10000
39,RUNX1,BaggingClassifier_LogisticRegression,mono,0.8652312176278943,0.8704972544023477,0.7940336559307262,0.8709337484387146,0.8745876036791479,0.7798282084081933,0.814855504301438,0.8885530009809922,0.8853568253281975,0.2192770764428684,0.1692612746452017,0.0963775216160252,0.235120998709725,0.1721671898365432,0.1056793741533279,0.1273255890248551,0.199565958390036,0.2670857837201167,0.8704972544023477,0.7940336559307262,0.1692612746452017,0.0963775216160252,10000
20,RUNX1,Single best di PWM,di,0.8652312176278943,0.8704972544023477,0.7940336559307262,0.8709337484387146,0.8745876036791479,0.7798282084081933,0.7798282084081933,0.8745876036791479,0.8709337484387146,0.2192770764428684,0.1692612746452017,0.0963775216160252,0.235120998709725,0.1721671898365432,0.1056793741533279,0.1056793741533279,0.1721671898365432,0.235120998709725,0.8704972544023477,0.7940336559307262,0.1692612746452017,0.0963775216160252,10000
20,RUNX1,BaggingClassifier_LogisticRegression,di,0.8652312176278943,0.8704972544023477,0.7940336559307262,0.8709337484387146,0.8745876036791479,0.7798282084081933,0.8152087328777654,0.8964224281443123,0.8879692987972644,0.2192770764428684,0.1692612746452017,0.0963775216160252,0.235120998709725,0.1721671898365432,0.1056793741533279,0.1308927890408085,0.199476657076129,0.2639679875938254,0.8704972544023477,0.7940336559307262,0.1692612746452017,0.0963775216160252,10000
39,RUNX1,BaggingClassifier_LogisticRegression,mono+di,0.8652312176278943,0.8704972544023477,0.7940336559307262,0.8709337484387146,0.8745876036791479,0.7798282084081933,0.8212602712891175,0.8997572329819543,0.8931121090235743,0.2192770764428684,0.1692612746452017,0.0963775216160252,0.235120998709725,0.1721671898365432,0.1056793741533279,0.1381542810990679,0.206585013862269,0.2882864826521093,0.8704972544023477,0.7940336559307262,0.1692612746452017,0.0963775216160252,10000
9,RXRA,Single best mono PWM,mono,0.7527212937650866,0.7474783442899975,0.7636988056377928,0.7718587134520329,0.7812152360624633,0.7685059103376845,0.7636988056377928,0.7474783442899975,0.7527212937650866,0.1182380591648955,0.0918692404488633,0.1817188797956739,0.1172645867959108,0.0866801308010546,0.1782441955043317,0.1817188797956739,0.0918692404488633,0.1182380591648955,0.7474783442899975,0.7636988056377928,0.0918692404488633,0.1817188797956739,3918
9,RXRA,RandomForestClassifier,mono,0.7527212937650866,0.7474783442899975,0.7636988056377928,0.7718587134520329,0.7812152360624633,0.7685059103376845,0.8181744949340298,0.8273571258901483,0.8475998201597107,0.1182380591648955,0.0918692404488633,0.1817188797956739,0.1172645867959108,0.0866801308010546,0.1782441955043317,0.2542587670764438,0.0939999599032111,0.238395805076761,0.7474783442899975,0.7636988056377928,0.0918692404488633,0.1817188797956739,3918
4,RXRA,Single best di PWM,di,0.7527212937650866,0.7474783442899975,0.7636988056377928,0.7718587134520329,0.7812152360624633,0.7685059103376845,0.7685059103376845,0.7812152360624633,0.7718587134520329,0.1182380591648955,0.0918692404488633,0.1817188797956739,0.1172645867959108,0.0866801308010546,0.1782441955043317,0.1782441955043317,0.0866801308010546,0.1172645867959108,0.7474783442899975,0.7636988056377928,0.0918692404488633,0.1817188797956739,3918
4,RXRA,RandomForestClassifier,di,0.7527212937650866,0.7474783442899975,0.7636988056377928,0.7718587134520329,0.7812152360624633,0.7685059103376845,0.7817359192157604,0.8009051748015471,0.8167153336380929,0.1182380591648955,0.0918692404488633,0.1817188797956739,0.1172645867959108,0.0866801308010546,0.1782441955043317,0.2167134191026164,0.0906804660629875,0.2134375383923997,0.7474783442899975,0.7636988056377928,0.0918692404488633,0.1817188797956739,3918
9,RXRA,RandomForestClassifier,mono+di,0.7527212937650866,0.7474783442899975,0.7636988056377928,0.7718587134520329,0.7812152360624633,0.7685059103376845,0.8175789431273885,0.8265233415394582,0.8474654200814133,0.1182380591648955,0.0918692404488633,0.1817188797956739,0.1172645867959108,0.0866801308010546,0.1782441955043317,0.2544048775748525,0.098986180919534,0.2428213960712144,0.7474783442899975,0.7636988056377928,0.0918692404488633,0.1817188797956739,3918
9,RXRA,Single best mono PWM,mono,0.7527212937650866,0.7474783442899975,0.7636988056377928,0.7718587134520329,0.7812152360624633,0.7685059103376845,0.7636988056377928,0.7474783442899975,0.7527212937650866,0.1182380591648955,0.0918692404488633,0.1817188797956739,0.1172645867959108,0.0866801308010546,0.1782441955043317,0.1817188797956739,0.0918692404488633,0.1182380591648955,0.7474783442899975,0.7636988056377928,0.0918692404488633,0.1817188797956739,3918
9,RXRA,LogisticRegression,mono,0.7527212937650866,0.7474783442899975,0.7636988056377928,0.7718587134520329,0.7812152360624633,0.7685059103376845,0.8179294653829617,0.8214145834065986,0.8227445837412303,0.1182380591648955,0.0918692404488633,0.1817188797956739,0.1172645867959108,0.0866801308010546,0.1782441955043317,0.2582945598194813,0.0928240593501125,0.135433899578671,0.7474783442899975,0.7636988056377928,0.0918692404488633,0.1817188797956739,3918
4,RXRA,Single best di PWM,di,0.7527212937650866,0.7474783442899975,0.7636988056377928,0.7718587134520329,0.7812152360624633,0.7685059103376845,0.7685059103376845,0.7812152360624633,0.7718587134520329,0.1182380591648955,0.0918692404488633,0.1817188797956739,0.1172645867959108,0.0866801308010546,0.1782441955043317,0.1782441955043317,0.0866801308010546,0.1172645867959108,0.7474783442899975,0.7636988056377928,0.0918692404488633,0.1817188797956739,3918
4,RXRA,LogisticRegression,di,0.7527212937650866,0.7474783442899975,0.7636988056377928,0.7718587134520329,0.7812152360624633,0.7685059103376845,0.7778258998527778,0.7986381963097533,0.7971513676355452,0.1182380591648955,0.0918692404488633,0.1817188797956739,0.1172645867959108,0.0866801308010546,0.1782441955043317,0.2206407066479422,0.0797112749213171,0.1256717660474381,0.7474783442899975,0.7636988056377928,0.0918692404488633,0.1817188797956739,3918
9,RXRA,LogisticRegression,mono+di,0.7527212937650866,0.7474783442899975,0.7636988056377928,0.7718587134520329,0.7812152360624633,0.7685059103376845,0.8167265867541931,0.8259530579696216,0.825906564864864,0.1182380591648955,0.0918692404488633,0.1817188797956739,0.1172645867959108,0.0866801308010546,0.1782441955043317,0.2596067450202998,0.0971510843138541,0.1389007023327104,0.7474783442899975,0.7636988056377928,0.0918692404488633,0.1817188797956739,3918
9,RXRA,Single best mono PWM,mono,0.7527212937650866,0.7474783442899975,0.7636988056377928,0.7718587134520329,0.7812152360624633,0.7685059103376845,0.7636988056377928,0.7474783442899975,0.7527212937650866,0.1182380591648955,0.0918692404488633,0.1817188797956739,0.1172645867959108,0.0866801308010546,0.1782441955043317,0.1817188797956739,0.0918692404488633,0.1182380591648955,0.7474783442899975,0.7636988056377928,0.0918692404488633,0.1817188797956739,3918
9,RXRA,XGBClassifier,mono,0.7527212937650866,0.7474783442899975,0.7636988056377928,0.7718587134520329,0.7812152360624633,0.7685059103376845,0.8109597883233721,0.8153047952656275,0.8845961233692244,0.1182380591648955,0.0918692404488633,0.1817188797956739,0.1172645867959108,0.0866801308010546,0.1782441955043317,0.2453724795750992,0.0841880991566728,0.2745490063334399,0.7474783442899975,0.7636988056377928,0.0918692404488633,0.1817188797956739,3918
4,RXRA,Single best di PWM,di,0.7527212937650866,0.7474783442899975,0.7636988056377928,0.7718587134520329,0.7812152360624633,0.7685059103376845,0.7685059103376845,0.7812152360624633,0.7718587134520329,0.1182380591648955,0.0918692404488633,0.1817188797956739,0.1172645867959108,0.0866801308010546,0.1782441955043317,0.1782441955043317,0.0866801308010546,0.1172645867959108,0.7474783442899975,0.7636988056377928,0.0918692404488633,0.1817188797956739,3918
4,RXRA,XGBClassifier,di,0.7527212937650866,0.7474783442899975,0.7636988056377928,0.7718587134520329,0.7812152360624633,0.7685059103376845,0.7719996776848856,0.7969380206298703,0.8465671827196175,0.1182380591648955,0.0918692404488633,0.1817188797956739,0.1172645867959108,0.0866801308010546,0.1782441955043317,0.2071801218088761,0.0878924625370161,0.2295994803504741,0.7474783442899975,0.7636988056377928,0.0918692404488633,0.1817188797956739,3918
9,RXRA,XGBClassifier,mono+di,0.7527212937650866,0.7474783442899975,0.7636988056377928,0.7718587134520329,0.7812152360624633,0.7685059103376845,0.8125835744015535,0.8173626637865881,0.8899085737346668,0.1182380591648955,0.0918692404488633,0.1817188797956739,0.1172645867959108,0.0866801308010546,0.1782441955043317,0.2426780920446773,0.1070381811403507,0.3015859201359759,0.7474783442899975,0.7636988056377928,0.0918692404488633,0.1817188797956739,3918
9,RXRA,Single best mono PWM,mono,0.7527212937650866,0.7474783442899975,0.7636988056377928,0.7718587134520329,0.7812152360624633,0.7685059103376845,0.7636988056377928,0.7474783442899975,0.7527212937650866,0.1182380591648955,0.0918692404488633,0.1817188797956739,0.1172645867959108,0.0866801308010546,0.1782441955043317,0.1817188797956739,0.0918692404488633,0.1182380591648955,0.7474783442899975,0.7636988056377928,0.0918692404488633,0.1817188797956739,3918
9,RXRA,BaggingClassifier_XGBClassifier,mono,0.7527212937650866,0.7474783442899975,0.7636988056377928,0.7718587134520329,0.7812152360624633,0.7685059103376845,0.8155141445142633,0.8200499358630677,0.902878354322492,0.1182380591648955,0.0918692404488633,0.1817188797956739,0.1172645867959108,0.0866801308010546,0.1782441955043317,0.2565004050422318,0.0940426680564032,0.2942373336384102,0.7474783442899975,0.7636988056377928,0.0918692404488633,0.1817188797956739,3918
4,RXRA,Single best di PWM,di,0.7527212937650866,0.7474783442899975,0.7636988056377928,0.7718587134520329,0.7812152360624633,0.7685059103376845,0.7685059103376845,0.7812152360624633,0.7718587134520329,0.1182380591648955,0.0918692404488633,0.1817188797956739,0.1172645867959108,0.0866801308010546,0.1782441955043317,0.1782441955043317,0.0866801308010546,0.1172645867959108,0.7474783442899975,0.7636988056377928,0.0918692404488633,0.1817188797956739,3918
4,RXRA,BaggingClassifier_XGBClassifier,di,0.7527212937650866,0.7474783442899975,0.7636988056377928,0.7718587134520329,0.7812152360624633,0.7685059103376845,0.7767740015430673,0.794915901291376,0.8690655419330243,0.1182380591648955,0.0918692404488633,0.1817188797956739,0.1172645867959108,0.0866801308010546,0.1782441955043317,0.2152690150266777,0.0888332275822866,0.2567552554271886,0.7474783442899975,0.7636988056377928,0.0918692404488633,0.1817188797956739,3918
9,RXRA,BaggingClassifier_XGBClassifier,mono+di,0.7527212937650866,0.7474783442899975,0.7636988056377928,0.7718587134520329,0.7812152360624633,0.7685059103376845,0.8161638891394811,0.822147933608383,0.9096583150628392,0.1182380591648955,0.0918692404488633,0.1817188797956739,0.1172645867959108,0.0866801308010546,0.1782441955043317,0.2501406476626081,0.100462878908168,0.3296644884206339,0.7474783442899975,0.7636988056377928,0.0918692404488633,0.1817188797956739,3918
9,RXRA,Single best mono PWM,mono,0.7527212937650866,0.7474783442899975,0.7636988056377928,0.7718587134520329,0.7812152360624633,0.7685059103376845,0.7636988056377928,0.7474783442899975,0.7527212937650866,0.1182380591648955,0.0918692404488633,0.1817188797956739,0.1172645867959108,0.0866801308010546,0.1782441955043317,0.1817188797956739,0.0918692404488633,0.1182380591648955,0.7474783442899975,0.7636988056377928,0.0918692404488633,0.1817188797956739,3918
9,RXRA,BaggingClassifier_LogisticRegression,mono,0.7527212937650866,0.7474783442899975,0.7636988056377928,0.7718587134520329,0.7812152360624633,0.7685059103376845,0.8178881168164963,0.8214375839164184,0.8227458945701547,0.1182380591648955,0.0918692404488633,0.1817188797956739,0.1172645867959108,0.0866801308010546,0.1782441955043317,0.2579963945713848,0.0925328784617162,0.135537892535676,0.7474783442899975,0.7636988056377928,0.0918692404488633,0.1817188797956739,3918
4,RXRA,Single best di PWM,di,0.7527212937650866,0.7474783442899975,0.7636988056377928,0.7718587134520329,0.7812152360624633,0.7685059103376845,0.7685059103376845,0.7812152360624633,0.7718587134520329,0.1182380591648955,0.0918692404488633,0.1817188797956739,0.1172645867959108,0.0866801308010546,0.1782441955043317,0.1782441955043317,0.0866801308010546,0.1172645867959108,0.7474783442899975,0.7636988056377928,0.0918692404488633,0.1817188797956739,3918
4,RXRA,BaggingClassifier_LogisticRegression,di,0.7527212937650866,0.7474783442899975,0.7636988056377928,0.7718587134520329,0.7812152360624633,0.7685059103376845,0.7780207834216527,0.7986314887093735,0.7972065026774537,0.1182380591648955,0.0918692404488633,0.1817188797956739,0.1172645867959108,0.0866801308010546,0.1782441955043317,0.2207798378681789,0.0796459821292065,0.1256434638550922,0.7474783442899975,0.7636988056377928,0.0918692404488633,0.1817188797956739,3918
9,RXRA,BaggingClassifier_LogisticRegression,mono+di,0.7527212937650866,0.7474783442899975,0.7636988056377928,0.7718587134520329,0.7812152360624633,0.7685059103376845,0.8168236052030792,0.8259985299986953,0.8259080660631344,0.1182380591648955,0.0918692404488633,0.1817188797956739,0.1172645867959108,0.0866801308010546,0.1782441955043317,0.2596973887019133,0.0970017207887224,0.1389303002157317,0.7474783442899975,0.7636988056377928,0.0918692404488633,0.1817188797956739,3918
30,SOX2,Single best mono PWM,mono,0.8379770188236917,0.8497995234641386,0.8084722883529287,0.8515961921585822,0.8624832223230404,0.8191066281234521,0.8084722883529287,0.8497995234641386,0.8379770188236917,0.1471085355927532,0.0909944296232043,0.1304876767004732,0.1647369246842104,0.0998252512680753,0.1330963688715425,0.1304876767004732,0.0909944296232043,0.1471085355927532,0.8497995234641386,0.8084722883529287,0.0909944296232043,0.1304876767004732,6374
30,SOX2,RandomForestClassifier,mono,0.8379770188236917,0.8497995234641386,0.8084722883529287,0.8515961921585822,0.8624832223230404,0.8191066281234521,0.8412791129270826,0.8664159442022779,0.8748208778921037,0.1471085355927532,0.0909944296232043,0.1304876767004732,0.1647369246842104,0.0998252512680753,0.1330963688715425,0.1811873263562342,0.1440688142350183,0.293843046445886,0.8497995234641386,0.8084722883529287,0.0909944296232043,0.1304876767004732,6374
16,SOX2,Single best di PWM,di,0.8379770188236917,0.8497995234641386,0.8084722883529287,0.8515961921585822,0.8624832223230404,0.8191066281234521,0.8191066281234521,0.8624832223230404,0.8515961921585822,0.1471085355927532,0.0909944296232043,0.1304876767004732,0.1647369246842104,0.0998252512680753,0.1330963688715425,0.1330963688715425,0.0998252512680753,0.1647369246842104,0.8497995234641386,0.8084722883529287,0.0909944296232043,0.1304876767004732,6374
16,SOX2,RandomForestClassifier,di,0.8379770188236917,0.8497995234641386,0.8084722883529287,0.8515961921585822,0.8624832223230404,0.8191066281234521,0.8503919100778301,0.8763681486062257,0.8837803208424267,0.1471085355927532,0.0909944296232043,0.1304876767004732,0.1647369246842104,0.0998252512680753,0.1330963688715425,0.1841907425694537,0.1536016995377815,0.3077458182780869,0.8497995234641386,0.8084722883529287,0.0909944296232043,0.1304876767004732,6374
30,SOX2,RandomForestClassifier,mono+di,0.8379770188236917,0.8497995234641386,0.8084722883529287,0.8515961921585822,0.8624832223230404,0.8191066281234521,0.8480469035501155,0.8736508022192708,0.8828309052813611,0.1471085355927532,0.0909944296232043,0.1304876767004732,0.1647369246842104,0.0998252512680753,0.1330963688715425,0.1849765888353647,0.155455398214779,0.3106293327957752,0.8497995234641386,0.8084722883529287,0.0909944296232043,0.1304876767004732,6374
30,SOX2,Single best mono PWM,mono,0.8379770188236917,0.8497995234641386,0.8084722883529287,0.8515961921585822,0.8624832223230404,0.8191066281234521,0.8084722883529287,0.8497995234641386,0.8379770188236917,0.1471085355927532,0.0909944296232043,0.1304876767004732,0.1647369246842104,0.0998252512680753,0.1330963688715425,0.1304876767004732,0.0909944296232043,0.1471085355927532,0.8497995234641386,0.8084722883529287,0.0909944296232043,0.1304876767004732,6374
30,SOX2,LogisticRegression,mono,0.8379770188236917,0.8497995234641386,0.8084722883529287,0.8515961921585822,0.8624832223230404,0.8191066281234521,0.8486125456682684,0.8611231378509596,0.8651862335077333,0.1471085355927532,0.0909944296232043,0.1304876767004732,0.1647369246842104,0.0998252512680753,0.1330963688715425,0.195945221700404,0.1145609987739459,0.1947132025693593,0.8497995234641386,0.8084722883529287,0.0909944296232043,0.1304876767004732,6374
16,SOX2,Single best di PWM,di,0.8379770188236917,0.8497995234641386,0.8084722883529287,0.8515961921585822,0.8624832223230404,0.8191066281234521,0.8191066281234521,0.8624832223230404,0.8515961921585822,0.1471085355927532,0.0909944296232043,0.1304876767004732,0.1647369246842104,0.0998252512680753,0.1330963688715425,0.1330963688715425,0.0998252512680753,0.1647369246842104,0.8497995234641386,0.8084722883529287,0.0909944296232043,0.1304876767004732,6374
16,SOX2,LogisticRegression,di,0.8379770188236917,0.8497995234641386,0.8084722883529287,0.8515961921585822,0.8624832223230404,0.8191066281234521,0.854124521266743,0.8732771221065591,0.8737563554276722,0.1471085355927532,0.0909944296232043,0.1304876767004732,0.1647369246842104,0.0998252512680753,0.1330963688715425,0.1957393335037381,0.1212727014820869,0.2068434467823967,0.8497995234641386,0.8084722883529287,0.0909944296232043,0.1304876767004732,6374
30,SOX2,LogisticRegression,mono+di,0.8379770188236917,0.8497995234641386,0.8084722883529287,0.8515961921585822,0.8624832223230404,0.8191066281234521,0.8570399769819534,0.8739669109854544,0.8768556144633841,0.1471085355927532,0.0909944296232043,0.1304876767004732,0.1647369246842104,0.0998252512680753,0.1330963688715425,0.1996200477421845,0.1341295406429477,0.2191224728656592,0.8497995234641386,0.8084722883529287,0.0909944296232043,0.1304876767004732,6374
30,SOX2,Single best mono PWM,mono,0.8379770188236917,0.8497995234641386,0.8084722883529287,0.8515961921585822,0.8624832223230404,0.8191066281234521,0.8084722883529287,0.8497995234641386,0.8379770188236917,0.1471085355927532,0.0909944296232043,0.1304876767004732,0.1647369246842104,0.0998252512680753,0.1330963688715425,0.1304876767004732,0.0909944296232043,0.1471085355927532,0.8497995234641386,0.8084722883529287,0.0909944296232043,0.1304876767004732,6374
30,SOX2,XGBClassifier,mono,0.8379770188236917,0.8497995234641386,0.8084722883529287,0.8515961921585822,0.8624832223230404,0.8191066281234521,0.8444865377994104,0.8620659160605004,0.911654998659787,0.1471085355927532,0.0909944296232043,0.1304876767004732,0.1647369246842104,0.0998252512680753,0.1330963688715425,0.1816471221273105,0.1402616541741712,0.3804557573898646,0.8497995234641386,0.8084722883529287,0.0909944296232043,0.1304876767004732,6374
16,SOX2,Single best di PWM,di,0.8379770188236917,0.8497995234641386,0.8084722883529287,0.8515961921585822,0.8624832223230404,0.8191066281234521,0.8191066281234521,0.8624832223230404,0.8515961921585822,0.1471085355927532,0.0909944296232043,0.1304876767004732,0.1647369246842104,0.0998252512680753,0.1330963688715425,0.1330963688715425,0.0998252512680753,0.1647369246842104,0.8497995234641386,0.8084722883529287,0.0909944296232043,0.1304876767004732,6374
16,SOX2,XGBClassifier,di,0.8379770188236917,0.8497995234641386,0.8084722883529287,0.8515961921585822,0.8624832223230404,0.8191066281234521,0.853171176269567,0.8740032161275274,0.913304578898309,0.1471085355927532,0.0909944296232043,0.1304876767004732,0.1647369246842104,0.0998252512680753,0.1330963688715425,0.1895204997330052,0.1425883190652471,0.3740187186836916,0.8497995234641386,0.8084722883529287,0.0909944296232043,0.1304876767004732,6374
30,SOX2,XGBClassifier,mono+di,0.8379770188236917,0.8497995234641386,0.8084722883529287,0.8515961921585822,0.8624832223230404,0.8191066281234521,0.852073298367021,0.8715943399613151,0.921667816868336,0.1471085355927532,0.0909944296232043,0.1304876767004732,0.1647369246842104,0.0998252512680753,0.1330963688715425,0.1894110015821818,0.1468633915151601,0.4021850388112807,0.8497995234641386,0.8084722883529287,0.0909944296232043,0.1304876767004732,6374
30,SOX2,Single best mono PWM,mono,0.8379770188236917,0.8497995234641386,0.8084722883529287,0.8515961921585822,0.8624832223230404,0.8191066281234521,0.8084722883529287,0.8497995234641386,0.8379770188236917,0.1471085355927532,0.0909944296232043,0.1304876767004732,0.1647369246842104,0.0998252512680753,0.1330963688715425,0.1304876767004732,0.0909944296232043,0.1471085355927532,0.8497995234641386,0.8084722883529287,0.0909944296232043,0.1304876767004732,6374
30,SOX2,BaggingClassifier_XGBClassifier,mono,0.8379770188236917,0.8497995234641386,0.8084722883529287,0.8515961921585822,0.8624832223230404,0.8191066281234521,0.8492988074033405,0.8665073509533231,0.9258883873709702,0.1471085355927532,0.0909944296232043,0.1304876767004732,0.1647369246842104,0.0998252512680753,0.1330963688715425,0.1901169406782547,0.1499076761670411,0.3960939054189468,0.8497995234641386,0.8084722883529287,0.0909944296232043,0.1304876767004732,6374
16,SOX2,Single best di PWM,di,0.8379770188236917,0.8497995234641386,0.8084722883529287,0.8515961921585822,0.8624832223230404,0.8191066281234521,0.8191066281234521,0.8624832223230404,0.8515961921585822,0.1471085355927532,0.0909944296232043,0.1304876767004732,0.1647369246842104,0.0998252512680753,0.1330963688715425,0.1330963688715425,0.0998252512680753,0.1647369246842104,0.8497995234641386,0.8084722883529287,0.0909944296232043,0.1304876767004732,6374
16,SOX2,BaggingClassifier_XGBClassifier,di,0.8379770188236917,0.8497995234641386,0.8084722883529287,0.8515961921585822,0.8624832223230404,0.8191066281234521,0.8526352927281182,0.8759270446582356,0.926738636209968,0.1471085355927532,0.0909944296232043,0.1304876767004732,0.1647369246842104,0.0998252512680753,0.1330963688715425,0.1919351999909137,0.1581479850614365,0.394785338827541,0.8497995234641386,0.8084722883529287,0.0909944296232043,0.1304876767004732,6374
30,SOX2,BaggingClassifier_XGBClassifier,mono+di,0.8379770188236917,0.8497995234641386,0.8084722883529287,0.8515961921585822,0.8624832223230404,0.8191066281234521,0.8560316922574955,0.8753803682502183,0.9377670959523008,0.1471085355927532,0.0909944296232043,0.1304876767004732,0.1647369246842104,0.0998252512680753,0.1330963688715425,0.1966236476496712,0.1625524102296411,0.4333205877084088,0.8497995234641386,0.8084722883529287,0.0909944296232043,0.1304876767004732,6374
30,SOX2,Single best mono PWM,mono,0.8379770188236917,0.8497995234641386,0.8084722883529287,0.8515961921585822,0.8624832223230404,0.8191066281234521,0.8084722883529287,0.8497995234641386,0.8379770188236917,0.1471085355927532,0.0909944296232043,0.1304876767004732,0.1647369246842104,0.0998252512680753,0.1330963688715425,0.1304876767004732,0.0909944296232043,0.1471085355927532,0.8497995234641386,0.8084722883529287,0.0909944296232043,0.1304876767004732,6374
30,SOX2,BaggingClassifier_LogisticRegression,mono,0.8379770188236917,0.8497995234641386,0.8084722883529287,0.8515961921585822,0.8624832223230404,0.8191066281234521,0.8485370311631595,0.861146388665951,0.8652051748599329,0.1471085355927532,0.0909944296232043,0.1304876767004732,0.1647369246842104,0.0998252512680753,0.1330963688715425,0.1955211408840396,0.1144588712440414,0.1945232285919049,0.8497995234641386,0.8084722883529287,0.0909944296232043,0.1304876767004732,6374
16,SOX2,Single best di PWM,di,0.8379770188236917,0.8497995234641386,0.8084722883529287,0.8515961921585822,0.8624832223230404,0.8191066281234521,0.8191066281234521,0.8624832223230404,0.8515961921585822,0.1471085355927532,0.0909944296232043,0.1304876767004732,0.1647369246842104,0.0998252512680753,0.1330963688715425,0.1330963688715425,0.0998252512680753,0.1647369246842104,0.8497995234641386,0.8084722883529287,0.0909944296232043,0.1304876767004732,6374
16,SOX2,BaggingClassifier_LogisticRegression,di,0.8379770188236917,0.8497995234641386,0.8084722883529287,0.8515961921585822,0.8624832223230404,0.8191066281234521,0.8540910676534976,0.8733917355701394,0.8737322422463718,0.1471085355927532,0.0909944296232043,0.1304876767004732,0.1647369246842104,0.0998252512680753,0.1330963688715425,0.1952320844111862,0.1210942627813392,0.2069348657991115,0.8497995234641386,0.8084722883529287,0.0909944296232043,0.1304876767004732,6374
30,SOX2,BaggingClassifier_LogisticRegression,mono+di,0.8379770188236917,0.8497995234641386,0.8084722883529287,0.8515961921585822,0.8624832223230404,0.8191066281234521,0.8569687171481146,0.874100065121687,0.8768146321669353,0.1471085355927532,0.0909944296232043,0.1304876767004732,0.1647369246842104,0.0998252512680753,0.1330963688715425,0.1991741731406639,0.1342905427347867,0.2189442161617182,0.8497995234641386,0.8084722883529287,0.0909944296232043,0.1304876767004732,6374
42,SPI1,Single best mono PWM,mono,0.9245346363349608,0.937466751383131,0.9381160405252345,0.9360763913147871,0.943832697065642,0.940978713386366,0.9381160405252345,0.937466751383131,0.9245346363349608,0.5728433458212623,0.5520927910784146,0.5622423042891276,0.6166773873213237,0.6022624667270297,0.5915352359568401,0.5622423042891276,0.5520927910784146,0.5728433458212623,0.937466751383131,0.9381160405252345,0.5520927910784146,0.5622423042891276,10000
42,SPI1,RandomForestClassifier,mono,0.9245346363349608,0.937466751383131,0.9381160405252345,0.9360763913147871,0.943832697065642,0.940978713386366,0.9564043587345908,0.9565736831879258,0.9499543002349264,0.5728433458212623,0.5520927910784146,0.5622423042891276,0.6166773873213237,0.6022624667270297,0.5915352359568401,0.6305471467897248,0.6446136807122166,0.7076247343130996,0.937466751383131,0.9381160405252345,0.5520927910784146,0.5622423042891276,10000
21,SPI1,Single best di PWM,di,0.9245346363349608,0.937466751383131,0.9381160405252345,0.9360763913147871,0.943832697065642,0.940978713386366,0.940978713386366,0.943832697065642,0.9360763913147871,0.5728433458212623,0.5520927910784146,0.5622423042891276,0.6166773873213237,0.6022624667270297,0.5915352359568401,0.5915352359568401,0.6022624667270297,0.6166773873213237,0.937466751383131,0.9381160405252345,0.5520927910784146,0.5622423042891276,10000
21,SPI1,RandomForestClassifier,di,0.9245346363349608,0.937466751383131,0.9381160405252345,0.9360763913147871,0.943832697065642,0.940978713386366,0.960772631308608,0.9615107173699166,0.9547757199621482,0.5728433458212623,0.5520927910784146,0.5622423042891276,0.6166773873213237,0.6022624667270297,0.5915352359568401,0.6354030816235188,0.6710367368392549,0.7213536934871653,0.937466751383131,0.9381160405252345,0.5520927910784146,0.5622423042891276,10000
42,SPI1,RandomForestClassifier,mono+di,0.9245346363349608,0.937466751383131,0.9381160405252345,0.9360763913147871,0.943832697065642,0.940978713386366,0.960877503687704,0.9613282906066762,0.9546740436991248,0.5728433458212623,0.5520927910784146,0.5622423042891276,0.6166773873213237,0.6022624667270297,0.5915352359568401,0.6419347151256162,0.6718809357747036,0.7267941198246082,0.937466751383131,0.9381160405252345,0.5520927910784146,0.5622423042891276,10000
42,SPI1,Single best mono PWM,mono,0.9245346363349608,0.937466751383131,0.9381160405252345,0.9360763913147871,0.943832697065642,0.940978713386366,0.9381160405252345,0.937466751383131,0.9245346363349608,0.5728433458212623,0.5520927910784146,0.5622423042891276,0.6166773873213237,0.6022624667270297,0.5915352359568401,0.5622423042891276,0.5520927910784146,0.5728433458212623,0.937466751383131,0.9381160405252345,0.5520927910784146,0.5622423042891276,10000
42,SPI1,LogisticRegression,mono,0.9245346363349608,0.937466751383131,0.9381160405252345,0.9360763913147871,0.943832697065642,0.940978713386366,0.9569759640712254,0.9522344616317544,0.9414948179673928,0.5728433458212623,0.5520927910784146,0.5622423042891276,0.6166773873213237,0.6022624667270297,0.5915352359568401,0.6214796667318443,0.6086072627049595,0.6160371301534918,0.937466751383131,0.9381160405252345,0.5520927910784146,0.5622423042891276,10000
21,SPI1,Single best di PWM,di,0.9245346363349608,0.937466751383131,0.9381160405252345,0.9360763913147871,0.943832697065642,0.940978713386366,0.940978713386366,0.943832697065642,0.9360763913147871,0.5728433458212623,0.5520927910784146,0.5622423042891276,0.6166773873213237,0.6022624667270297,0.5915352359568401,0.5915352359568401,0.6022624667270297,0.6166773873213237,0.937466751383131,0.9381160405252345,0.5520927910784146,0.5622423042891276,10000
21,SPI1,LogisticRegression,di,0.9245346363349608,0.937466751383131,0.9381160405252345,0.9360763913147871,0.943832697065642,0.940978713386366,0.9600153951770098,0.956656145319303,0.9472705221579326,0.5728433458212623,0.5520927910784146,0.5622423042891276,0.6166773873213237,0.6022624667270297,0.5915352359568401,0.6256837921632915,0.6352281321074046,0.6436998276946491,0.937466751383131,0.9381160405252345,0.5520927910784146,0.5622423042891276,10000
42,SPI1,LogisticRegression,mono+di,0.9245346363349608,0.937466751383131,0.9381160405252345,0.9360763913147871,0.943832697065642,0.940978713386366,0.9605839449873566,0.9590879950807178,0.9495848190031402,0.5728433458212623,0.5520927910784146,0.5622423042891276,0.6166773873213237,0.6022624667270297,0.5915352359568401,0.6371502775310979,0.6558255595029986,0.6596739127057197,0.937466751383131,0.9381160405252345,0.5520927910784146,0.5622423042891276,10000
42,SPI1,Single best mono PWM,mono,0.9245346363349608,0.937466751383131,0.9381160405252345,0.9360763913147871,0.943832697065642,0.940978713386366,0.9381160405252345,0.937466751383131,0.9245346363349608,0.5728433458212623,0.5520927910784146,0.5622423042891276,0.6166773873213237,0.6022624667270297,0.5915352359568401,0.5622423042891276,0.5520927910784146,0.5728433458212623,0.937466751383131,0.9381160405252345,0.5520927910784146,0.5622423042891276,10000
42,SPI1,XGBClassifier,mono,0.9245346363349608,0.937466751383131,0.9381160405252345,0.9360763913147871,0.943832697065642,0.940978713386366,0.9569791503134548,0.9595888487610896,0.9679290614245292,0.5728433458212623,0.5520927910784146,0.5622423042891276,0.6166773873213237,0.6022624667270297,0.5915352359568401,0.6151824236101726,0.6240630686894016,0.7605787923802511,0.937466751383131,0.9381160405252345,0.5520927910784146,0.5622423042891276,10000
21,SPI1,Single best di PWM,di,0.9245346363349608,0.937466751383131,0.9381160405252345,0.9360763913147871,0.943832697065642,0.940978713386366,0.940978713386366,0.943832697065642,0.9360763913147871,0.5728433458212623,0.5520927910784146,0.5622423042891276,0.6166773873213237,0.6022624667270297,0.5915352359568401,0.5915352359568401,0.6022624667270297,0.6166773873213237,0.937466751383131,0.9381160405252345,0.5520927910784146,0.5622423042891276,10000
21,SPI1,XGBClassifier,di,0.9245346363349608,0.937466751383131,0.9381160405252345,0.9360763913147871,0.943832697065642,0.940978713386366,0.9589716438599728,0.9636620200417698,0.968609683532087,0.5728433458212623,0.5520927910784146,0.5622423042891276,0.6166773873213237,0.6022624667270297,0.5915352359568401,0.6292735277249182,0.6689099186792618,0.7689920508108147,0.937466751383131,0.9381160405252345,0.5520927910784146,0.5622423042891276,10000
42,SPI1,XGBClassifier,mono+di,0.9245346363349608,0.937466751383131,0.9381160405252345,0.9360763913147871,0.943832697065642,0.940978713386366,0.9601706755083764,0.9643821170769412,0.972289169377657,0.5728433458212623,0.5520927910784146,0.5622423042891276,0.6166773873213237,0.6022624667270297,0.5915352359568401,0.6293455303228783,0.6599857468482534,0.7815746411803909,0.937466751383131,0.9381160405252345,0.5520927910784146,0.5622423042891276,10000
42,SPI1,Single best mono PWM,mono,0.9245346363349608,0.937466751383131,0.9381160405252345,0.9360763913147871,0.943832697065642,0.940978713386366,0.9381160405252345,0.937466751383131,0.9245346363349608,0.5728433458212623,0.5520927910784146,0.5622423042891276,0.6166773873213237,0.6022624667270297,0.5915352359568401,0.5622423042891276,0.5520927910784146,0.5728433458212623,0.937466751383131,0.9381160405252345,0.5520927910784146,0.5622423042891276,10000
42,SPI1,BaggingClassifier_XGBClassifier,mono,0.9245346363349608,0.937466751383131,0.9381160405252345,0.9360763913147871,0.943832697065642,0.940978713386366,0.9585221496022548,0.9609780852009292,0.9737484209559948,0.5728433458212623,0.5520927910784146,0.5622423042891276,0.6166773873213237,0.6022624667270297,0.5915352359568401,0.6271068190933224,0.6396957272654029,0.7710931339496717,0.937466751383131,0.9381160405252345,0.5520927910784146,0.5622423042891276,10000
21,SPI1,Single best di PWM,di,0.9245346363349608,0.937466751383131,0.9381160405252345,0.9360763913147871,0.943832697065642,0.940978713386366,0.940978713386366,0.943832697065642,0.9360763913147871,0.5728433458212623,0.5520927910784146,0.5622423042891276,0.6166773873213237,0.6022624667270297,0.5915352359568401,0.5915352359568401,0.6022624667270297,0.6166773873213237,0.937466751383131,0.9381160405252345,0.5520927910784146,0.5622423042891276,10000
21,SPI1,BaggingClassifier_XGBClassifier,di,0.9245346363349608,0.937466751383131,0.9381160405252345,0.9360763913147871,0.943832697065642,0.940978713386366,0.9600429367295332,0.9653074759133696,0.9738776942379488,0.5728433458212623,0.5520927910784146,0.5622423042891276,0.6166773873213237,0.6022624667270297,0.5915352359568401,0.6324065527189181,0.6774487983518546,0.7759193321341752,0.937466751383131,0.9381160405252345,0.5520927910784146,0.5622423042891276,10000
42,SPI1,BaggingClassifier_XGBClassifier,mono+di,0.9245346363349608,0.937466751383131,0.9381160405252345,0.9360763913147871,0.943832697065642,0.940978713386366,0.9617004481219048,0.966440071716414,0.9781731609598552,0.5728433458212623,0.5520927910784146,0.5622423042891276,0.6166773873213237,0.6022624667270297,0.5915352359568401,0.6434313030025999,0.6800652831836415,0.7915661083503193,0.937466751383131,0.9381160405252345,0.5520927910784146,0.5622423042891276,10000
42,SPI1,Single best mono PWM,mono,0.9245346363349608,0.937466751383131,0.9381160405252345,0.9360763913147871,0.943832697065642,0.940978713386366,0.9381160405252345,0.937466751383131,0.9245346363349608,0.5728433458212623,0.5520927910784146,0.5622423042891276,0.6166773873213237,0.6022624667270297,0.5915352359568401,0.5622423042891276,0.5520927910784146,0.5728433458212623,0.937466751383131,0.9381160405252345,0.5520927910784146,0.5622423042891276,10000
42,SPI1,BaggingClassifier_LogisticRegression,mono,0.9245346363349608,0.937466751383131,0.9381160405252345,0.9360763913147871,0.943832697065642,0.940978713386366,0.9568718489885156,0.9521210388856162,0.9414850499277332,0.5728433458212623,0.5520927910784146,0.5622423042891276,0.6166773873213237,0.6022624667270297,0.5915352359568401,0.6212016749853616,0.608084803908474,0.6159313278420222,0.937466751383131,0.9381160405252345,0.5520927910784146,0.5622423042891276,10000
21,SPI1,Single best di PWM,di,0.9245346363349608,0.937466751383131,0.9381160405252345,0.9360763913147871,0.943832697065642,0.940978713386366,0.940978713386366,0.943832697065642,0.9360763913147871,0.5728433458212623,0.5520927910784146,0.5622423042891276,0.6166773873213237,0.6022624667270297,0.5915352359568401,0.5915352359568401,0.6022624667270297,0.6166773873213237,0.937466751383131,0.9381160405252345,0.5520927910784146,0.5622423042891276,10000
21,SPI1,BaggingClassifier_LogisticRegression,di,0.9245346363349608,0.937466751383131,0.9381160405252345,0.9360763913147871,0.943832697065642,0.940978713386366,0.959991303932673,0.95666015290119,0.947283528791424,0.5728433458212623,0.5520927910784146,0.5622423042891276,0.6166773873213237,0.6022624667270297,0.5915352359568401,0.6254700703625485,0.6350995707874545,0.6436068732502842,0.937466751383131,0.9381160405252345,0.5520927910784146,0.5622423042891276,10000
42,SPI1,BaggingClassifier_LogisticRegression,mono+di,0.9245346363349608,0.937466751383131,0.9381160405252345,0.9360763913147871,0.943832697065642,0.940978713386366,0.9604958233458012,0.959019743507562,0.9496376769597988,0.5728433458212623,0.5520927910784146,0.5622423042891276,0.6166773873213237,0.6022624667270297,0.5915352359568401,0.636333907134515,0.6547820361857756,0.6595047697094811,0.937466751383131,0.9381160405252345,0.5520927910784146,0.5622423042891276,10000
14,SRF,Single best mono PWM,mono,0.7884837460653273,0.7726668020245329,0.7768163819964249,0.8080286745700429,0.7994406290739325,0.7544998141805992,0.7768163819964249,0.7726668020245329,0.7884837460653273,0.3725475172698907,0.2687609775103451,0.1031616904712961,0.4342977459207985,0.3507017813076499,0.1548696401017915,0.1031616904712961,0.2687609775103451,0.3725475172698907,0.7726668020245329,0.7768163819964249,0.2687609775103451,0.1031616904712961,8305
14,SRF,RandomForestClassifier,mono,0.7884837460653273,0.7726668020245329,0.7768163819964249,0.8080286745700429,0.7994406290739325,0.7544998141805992,0.7773297579239256,0.8466955999908555,0.8528984397292099,0.3725475172698907,0.2687609775103451,0.1031616904712961,0.4342977459207985,0.3507017813076499,0.1548696401017915,0.1308137365892338,0.3432395037311563,0.4868381697282519,0.7726668020245329,0.7768163819964249,0.2687609775103451,0.1031616904712961,8305
11,SRF,Single best di PWM,di,0.7884837460653273,0.7726668020245329,0.7768163819964249,0.8080286745700429,0.7994406290739325,0.7544998141805992,0.7544998141805992,0.7994406290739325,0.8080286745700429,0.3725475172698907,0.2687609775103451,0.1031616904712961,0.4342977459207985,0.3507017813076499,0.1548696401017915,0.1548696401017915,0.3507017813076499,0.4342977459207985,0.7726668020245329,0.7768163819964249,0.2687609775103451,0.1031616904712961,8305
11,SRF,RandomForestClassifier,di,0.7884837460653273,0.7726668020245329,0.7768163819964249,0.8080286745700429,0.7994406290739325,0.7544998141805992,0.8294629484158711,0.8629741222913196,0.8832193891341152,0.3725475172698907,0.2687609775103451,0.1031616904712961,0.4342977459207985,0.3507017813076499,0.1548696401017915,0.1783570187957699,0.367987278447453,0.5392736413864498,0.7726668020245329,0.7768163819964249,0.2687609775103451,0.1031616904712961,8305
14,SRF,RandomForestClassifier,mono+di,0.7884837460653273,0.7726668020245329,0.7768163819964249,0.8080286745700429,0.7994406290739325,0.7544998141805992,0.8296138583241202,0.8709546882835139,0.8859636355236057,0.3725475172698907,0.2687609775103451,0.1031616904712961,0.4342977459207985,0.3507017813076499,0.1548696401017915,0.1666779484888262,0.3809764331381778,0.5472582213020138,0.7726668020245329,0.7768163819964249,0.2687609775103451,0.1031616904712961,8305
14,SRF,Single best mono PWM,mono,0.7884837460653273,0.7726668020245329,0.7768163819964249,0.8080286745700429,0.7994406290739325,0.7544998141805992,0.7768163819964249,0.7726668020245329,0.7884837460653273,0.3725475172698907,0.2687609775103451,0.1031616904712961,0.4342977459207985,0.3507017813076499,0.1548696401017915,0.1031616904712961,0.2687609775103451,0.3725475172698907,0.7726668020245329,0.7768163819964249,0.2687609775103451,0.1031616904712961,8305
14,SRF,LogisticRegression,mono,0.7884837460653273,0.7726668020245329,0.7768163819964249,0.8080286745700429,0.7994406290739325,0.7544998141805992,0.8049928759233729,0.7962800626325388,0.8138036876274373,0.3725475172698907,0.2687609775103451,0.1031616904712961,0.4342977459207985,0.3507017813076499,0.1548696401017915,0.1291904952443981,0.3308981990001017,0.4146792922179477,0.7726668020245329,0.7768163819964249,0.2687609775103451,0.1031616904712961,8305
11,SRF,Single best di PWM,di,0.7884837460653273,0.7726668020245329,0.7768163819964249,0.8080286745700429,0.7994406290739325,0.7544998141805992,0.7544998141805992,0.7994406290739325,0.8080286745700429,0.3725475172698907,0.2687609775103451,0.1031616904712961,0.4342977459207985,0.3507017813076499,0.1548696401017915,0.1548696401017915,0.3507017813076499,0.4342977459207985,0.7726668020245329,0.7768163819964249,0.2687609775103451,0.1031616904712961,8305
11,SRF,LogisticRegression,di,0.7884837460653273,0.7726668020245329,0.7768163819964249,0.8080286745700429,0.7994406290739325,0.7544998141805992,0.8283919555264002,0.8428849658502678,0.8566991725850787,0.3725475172698907,0.2687609775103451,0.1031616904712961,0.4342977459207985,0.3507017813076499,0.1548696401017915,0.1522651987174035,0.3624908440616066,0.4505075137741638,0.7726668020245329,0.7768163819964249,0.2687609775103451,0.1031616904712961,8305
14,SRF,LogisticRegression,mono+di,0.7884837460653273,0.7726668020245329,0.7768163819964249,0.8080286745700429,0.7994406290739325,0.7544998141805992,0.8267230383528844,0.8592425288671814,0.8648212139227434,0.3725475172698907,0.2687609775103451,0.1031616904712961,0.4342977459207985,0.3507017813076499,0.1548696401017915,0.1570738161821754,0.3810070875837075,0.4719285207815623,0.7726668020245329,0.7768163819964249,0.2687609775103451,0.1031616904712961,8305
14,SRF,Single best mono PWM,mono,0.7884837460653273,0.7726668020245329,0.7768163819964249,0.8080286745700429,0.7994406290739325,0.7544998141805992,0.7768163819964249,0.7726668020245329,0.7884837460653273,0.3725475172698907,0.2687609775103451,0.1031616904712961,0.4342977459207985,0.3507017813076499,0.1548696401017915,0.1031616904712961,0.2687609775103451,0.3725475172698907,0.7726668020245329,0.7768163819964249,0.2687609775103451,0.1031616904712961,8305
14,SRF,XGBClassifier,mono,0.7884837460653273,0.7726668020245329,0.7768163819964249,0.8080286745700429,0.7994406290739325,0.7544998141805992,0.785564499723864,0.8434627880685649,0.9106081259831194,0.3725475172698907,0.2687609775103451,0.1031616904712961,0.4342977459207985,0.3507017813076499,0.1548696401017915,0.12399980662093,0.3453923058973783,0.5935461024768064,0.7726668020245329,0.7768163819964249,0.2687609775103451,0.1031616904712961,8305
11,SRF,Single best di PWM,di,0.7884837460653273,0.7726668020245329,0.7768163819964249,0.8080286745700429,0.7994406290739325,0.7544998141805992,0.7544998141805992,0.7994406290739325,0.8080286745700429,0.3725475172698907,0.2687609775103451,0.1031616904712961,0.4342977459207985,0.3507017813076499,0.1548696401017915,0.1548696401017915,0.3507017813076499,0.4342977459207985,0.7726668020245329,0.7768163819964249,0.2687609775103451,0.1031616904712961,8305
11,SRF,XGBClassifier,di,0.7884837460653273,0.7726668020245329,0.7768163819964249,0.8080286745700429,0.7994406290739325,0.7544998141805992,0.8255280188631917,0.8623403153577056,0.9290942646615794,0.3725475172698907,0.2687609775103451,0.1031616904712961,0.4342977459207985,0.3507017813076499,0.1548696401017915,0.158074074400466,0.3750859592562179,0.6294900831268552,0.7726668020245329,0.7768163819964249,0.2687609775103451,0.1031616904712961,8305
14,SRF,XGBClassifier,mono+di,0.7884837460653273,0.7726668020245329,0.7768163819964249,0.8080286745700429,0.7994406290739325,0.7544998141805992,0.8237675149867387,0.874313989547057,0.9377081527324572,0.3725475172698907,0.2687609775103451,0.1031616904712961,0.4342977459207985,0.3507017813076499,0.1548696401017915,0.1588882837933276,0.3713923064503059,0.6596187772493253,0.7726668020245329,0.7768163819964249,0.2687609775103451,0.1031616904712961,8305
14,SRF,Single best mono PWM,mono,0.7884837460653273,0.7726668020245329,0.7768163819964249,0.8080286745700429,0.7994406290739325,0.7544998141805992,0.7768163819964249,0.7726668020245329,0.7884837460653273,0.3725475172698907,0.2687609775103451,0.1031616904712961,0.4342977459207985,0.3507017813076499,0.1548696401017915,0.1031616904712961,0.2687609775103451,0.3725475172698907,0.7726668020245329,0.7768163819964249,0.2687609775103451,0.1031616904712961,8305
14,SRF,BaggingClassifier_XGBClassifier,mono,0.7884837460653273,0.7726668020245329,0.7768163819964249,0.8080286745700429,0.7994406290739325,0.7544998141805992,0.792828866999808,0.8436918108164405,0.9296783779498702,0.3725475172698907,0.2687609775103451,0.1031616904712961,0.4342977459207985,0.3507017813076499,0.1548696401017915,0.1320832752230116,0.3296373618633298,0.6183295825987949,0.7726668020245329,0.7768163819964249,0.2687609775103451,0.1031616904712961,8305
11,SRF,Single best di PWM,di,0.7884837460653273,0.7726668020245329,0.7768163819964249,0.8080286745700429,0.7994406290739325,0.7544998141805992,0.7544998141805992,0.7994406290739325,0.8080286745700429,0.3725475172698907,0.2687609775103451,0.1031616904712961,0.4342977459207985,0.3507017813076499,0.1548696401017915,0.1548696401017915,0.3507017813076499,0.4342977459207985,0.7726668020245329,0.7768163819964249,0.2687609775103451,0.1031616904712961,8305
11,SRF,BaggingClassifier_XGBClassifier,di,0.7884837460653273,0.7726668020245329,0.7768163819964249,0.8080286745700429,0.7994406290739325,0.7544998141805992,0.8328966736175188,0.8688701619973533,0.9392653755666428,0.3725475172698907,0.2687609775103451,0.1031616904712961,0.4342977459207985,0.3507017813076499,0.1548696401017915,0.1705175884022233,0.3809685371159618,0.6477838600468216,0.7726668020245329,0.7768163819964249,0.2687609775103451,0.1031616904712961,8305
14,SRF,BaggingClassifier_XGBClassifier,mono+di,0.7884837460653273,0.7726668020245329,0.7768163819964249,0.8080286745700429,0.7994406290739325,0.7544998141805992,0.8321712829399022,0.882645612219919,0.9474927566948522,0.3725475172698907,0.2687609775103451,0.1031616904712961,0.4342977459207985,0.3507017813076499,0.1548696401017915,0.1544332846919583,0.386481740570686,0.6835009223731202,0.7726668020245329,0.7768163819964249,0.2687609775103451,0.1031616904712961,8305
14,SRF,Single best mono PWM,mono,0.7884837460653273,0.7726668020245329,0.7768163819964249,0.8080286745700429,0.7994406290739325,0.7544998141805992,0.7768163819964249,0.7726668020245329,0.7884837460653273,0.3725475172698907,0.2687609775103451,0.1031616904712961,0.4342977459207985,0.3507017813076499,0.1548696401017915,0.1031616904712961,0.2687609775103451,0.3725475172698907,0.7726668020245329,0.7768163819964249,0.2687609775103451,0.1031616904712961,8305
14,SRF,BaggingClassifier_LogisticRegression,mono,0.7884837460653273,0.7726668020245329,0.7768163819964249,0.8080286745700429,0.7994406290739325,0.7544998141805992,0.8047988715784375,0.7962688680499567,0.813836075360504,0.3725475172698907,0.2687609775103451,0.1031616904712961,0.4342977459207985,0.3507017813076499,0.1548696401017915,0.1290017952436397,0.3309996070742029,0.4145965512735263,0.7726668020245329,0.7768163819964249,0.2687609775103451,0.1031616904712961,8305
11,SRF,Single best di PWM,di,0.7884837460653273,0.7726668020245329,0.7768163819964249,0.8080286745700429,0.7994406290739325,0.7544998141805992,0.7544998141805992,0.7994406290739325,0.8080286745700429,0.3725475172698907,0.2687609775103451,0.1031616904712961,0.4342977459207985,0.3507017813076499,0.1548696401017915,0.1548696401017915,0.3507017813076499,0.4342977459207985,0.7726668020245329,0.7768163819964249,0.2687609775103451,0.1031616904712961,8305
11,SRF,BaggingClassifier_LogisticRegression,di,0.7884837460653273,0.7726668020245329,0.7768163819964249,0.8080286745700429,0.7994406290739325,0.7544998141805992,0.8282179196228603,0.8429975608084473,0.8567384569490103,0.3725475172698907,0.2687609775103451,0.1031616904712961,0.4342977459207985,0.3507017813076499,0.1548696401017915,0.1531538403876456,0.3621612308468409,0.4505279212167685,0.7726668020245329,0.7768163819964249,0.2687609775103451,0.1031616904712961,8305
14,SRF,BaggingClassifier_LogisticRegression,mono+di,0.7884837460653273,0.7726668020245329,0.7768163819964249,0.8080286745700429,0.7994406290739325,0.7544998141805992,0.8265259293739513,0.8591490715111705,0.864756894162887,0.3725475172698907,0.2687609775103451,0.1031616904712961,0.4342977459207985,0.3507017813076499,0.1548696401017915,0.1567818289062887,0.3810143628816036,0.4720200536840729,0.7726668020245329,0.7768163819964249,0.2687609775103451,0.1031616904712961,8305
9,STA5A,Single best mono PWM,mono,0.742385810749207,0.7460946159420667,0.8759811068556771,0.7463582865990596,0.7564524582870629,0.8717372821995583,0.8759811068556771,0.7460946159420667,0.742385810749207,0.071852938194851,0.0614708162349829,0.3854019872115097,0.0797226395817727,0.0681527839840638,0.4096340155636729,0.3854019872115097,0.0614708162349829,0.071852938194851,0.7460946159420667,0.8759811068556771,0.0614708162349829,0.3854019872115097,2550
9,STA5A,RandomForestClassifier,mono,0.742385810749207,0.7460946159420667,0.8759811068556771,0.7463582865990596,0.7564524582870629,0.8717372821995583,0.8724506575544662,0.7687461875739676,0.8080402703534565,0.071852938194851,0.0614708162349829,0.3854019872115097,0.0797226395817727,0.0681527839840638,0.4096340155636729,0.3658473284787867,0.0886947034649374,0.187244053981974,0.7460946159420667,0.8759811068556771,0.0614708162349829,0.3854019872115097,2550
5,STA5A,Single best di PWM,di,0.742385810749207,0.7460946159420667,0.8759811068556771,0.7463582865990596,0.7564524582870629,0.8717372821995583,0.8717372821995583,0.7564524582870629,0.7463582865990596,0.071852938194851,0.0614708162349829,0.3854019872115097,0.0797226395817727,0.0681527839840638,0.4096340155636729,0.4096340155636729,0.0681527839840638,0.0797226395817727,0.7460946159420667,0.8759811068556771,0.0614708162349829,0.3854019872115097,2550
5,STA5A,RandomForestClassifier,di,0.742385810749207,0.7460946159420667,0.8759811068556771,0.7463582865990596,0.7564524582870629,0.8717372821995583,0.8643425541482805,0.7801585621657882,0.8032178996551647,0.071852938194851,0.0614708162349829,0.3854019872115097,0.0797226395817727,0.0681527839840638,0.4096340155636729,0.4071473761698724,0.1025444249449707,0.1803265688903023,0.7460946159420667,0.8759811068556771,0.0614708162349829,0.3854019872115097,2550
9,STA5A,RandomForestClassifier,mono+di,0.742385810749207,0.7460946159420667,0.8759811068556771,0.7463582865990596,0.7564524582870629,0.8717372821995583,0.8697022477984121,0.7739067395871893,0.8104951955382251,0.071852938194851,0.0614708162349829,0.3854019872115097,0.0797226395817727,0.0681527839840638,0.4096340155636729,0.4012367770583024,0.0969896792113291,0.1996225809312604,0.7460946159420667,0.8759811068556771,0.0614708162349829,0.3854019872115097,2550
9,STA5A,Single best mono PWM,mono,0.742385810749207,0.7460946159420667,0.8759811068556771,0.7463582865990596,0.7564524582870629,0.8717372821995583,0.8759811068556771,0.7460946159420667,0.742385810749207,0.071852938194851,0.0614708162349829,0.3854019872115097,0.0797226395817727,0.0681527839840638,0.4096340155636729,0.3854019872115097,0.0614708162349829,0.071852938194851,0.7460946159420667,0.8759811068556771,0.0614708162349829,0.3854019872115097,2550
9,STA5A,LogisticRegression,mono,0.742385810749207,0.7460946159420667,0.8759811068556771,0.7463582865990596,0.7564524582870629,0.8717372821995583,0.900802961085438,0.7467258754894243,0.7423945969790887,0.071852938194851,0.0614708162349829,0.3854019872115097,0.0797226395817727,0.0681527839840638,0.4096340155636729,0.3925490853389569,0.0856725836771568,0.0771079111584609,0.7460946159420667,0.8759811068556771,0.0614708162349829,0.3854019872115097,2550
5,STA5A,Single best di PWM,di,0.742385810749207,0.7460946159420667,0.8759811068556771,0.7463582865990596,0.7564524582870629,0.8717372821995583,0.8717372821995583,0.7564524582870629,0.7463582865990596,0.071852938194851,0.0614708162349829,0.3854019872115097,0.0797226395817727,0.0681527839840638,0.4096340155636729,0.4096340155636729,0.0681527839840638,0.0797226395817727,0.7460946159420667,0.8759811068556771,0.0614708162349829,0.3854019872115097,2550
5,STA5A,LogisticRegression,di,0.742385810749207,0.7460946159420667,0.8759811068556771,0.7463582865990596,0.7564524582870629,0.8717372821995583,0.9026512576245704,0.7541154389568681,0.7428806369763651,0.071852938194851,0.0614708162349829,0.3854019872115097,0.0797226395817727,0.0681527839840638,0.4096340155636729,0.4024475476109199,0.0998222161575246,0.0844612128143855,0.7460946159420667,0.8759811068556771,0.0614708162349829,0.3854019872115097,2550
9,STA5A,LogisticRegression,mono+di,0.742385810749207,0.7460946159420667,0.8759811068556771,0.7463582865990596,0.7564524582870629,0.8717372821995583,0.902893282707151,0.7574112519355394,0.7472091766342925,0.071852938194851,0.0614708162349829,0.3854019872115097,0.0797226395817727,0.0681527839840638,0.4096340155636729,0.4008601063431498,0.0975780674483993,0.0850871672394626,0.7460946159420667,0.8759811068556771,0.0614708162349829,0.3854019872115097,2550
9,STA5A,Single best mono PWM,mono,0.742385810749207,0.7460946159420667,0.8759811068556771,0.7463582865990596,0.7564524582870629,0.8717372821995583,0.8759811068556771,0.7460946159420667,0.742385810749207,0.071852938194851,0.0614708162349829,0.3854019872115097,0.0797226395817727,0.0681527839840638,0.4096340155636729,0.3854019872115097,0.0614708162349829,0.071852938194851,0.7460946159420667,0.8759811068556771,0.0614708162349829,0.3854019872115097,2550
9,STA5A,XGBClassifier,mono,0.742385810749207,0.7460946159420667,0.8759811068556771,0.7463582865990596,0.7564524582870629,0.8717372821995583,0.8658492533266371,0.7663952827581892,0.8672429144431433,0.071852938194851,0.0614708162349829,0.3854019872115097,0.0797226395817727,0.0681527839840638,0.4096340155636729,0.3840210317576023,0.0928513116021822,0.1913279740090686,0.7460946159420667,0.8759811068556771,0.0614708162349829,0.3854019872115097,2550
5,STA5A,Single best di PWM,di,0.742385810749207,0.7460946159420667,0.8759811068556771,0.7463582865990596,0.7564524582870629,0.8717372821995583,0.8717372821995583,0.7564524582870629,0.7463582865990596,0.071852938194851,0.0614708162349829,0.3854019872115097,0.0797226395817727,0.0681527839840638,0.4096340155636729,0.4096340155636729,0.0681527839840638,0.0797226395817727,0.7460946159420667,0.8759811068556771,0.0614708162349829,0.3854019872115097,2550
5,STA5A,XGBClassifier,di,0.742385810749207,0.7460946159420667,0.8759811068556771,0.7463582865990596,0.7564524582870629,0.8717372821995583,0.8633612645893267,0.7748905062554199,0.8479099133122169,0.071852938194851,0.0614708162349829,0.3854019872115097,0.0797226395817727,0.0681527839840638,0.4096340155636729,0.3864946961004413,0.0941774724177886,0.2062842619287706,0.7460946159420667,0.8759811068556771,0.0614708162349829,0.3854019872115097,2550
9,STA5A,XGBClassifier,mono+di,0.742385810749207,0.7460946159420667,0.8759811068556771,0.7463582865990596,0.7564524582870629,0.8717372821995583,0.8646146728786498,0.7668851327984206,0.8731968054237591,0.071852938194851,0.0614708162349829,0.3854019872115097,0.0797226395817727,0.0681527839840638,0.4096340155636729,0.4017434162848116,0.0891608689277437,0.2211885300097227,0.7460946159420667,0.8759811068556771,0.0614708162349829,0.3854019872115097,2550
9,STA5A,Single best mono PWM,mono,0.742385810749207,0.7460946159420667,0.8759811068556771,0.7463582865990596,0.7564524582870629,0.8717372821995583,0.8759811068556771,0.7460946159420667,0.742385810749207,0.071852938194851,0.0614708162349829,0.3854019872115097,0.0797226395817727,0.0681527839840638,0.4096340155636729,0.3854019872115097,0.0614708162349829,0.071852938194851,0.7460946159420667,0.8759811068556771,0.0614708162349829,0.3854019872115097,2550
9,STA5A,BaggingClassifier_XGBClassifier,mono,0.742385810749207,0.7460946159420667,0.8759811068556771,0.7463582865990596,0.7564524582870629,0.8717372821995583,0.8650409166003068,0.7712751707011041,0.8935879404667009,0.071852938194851,0.0614708162349829,0.3854019872115097,0.0797226395817727,0.0681527839840638,0.4096340155636729,0.3830230783570861,0.0909144695915459,0.207713111878368,0.7460946159420667,0.8759811068556771,0.0614708162349829,0.3854019872115097,2550
5,STA5A,Single best di PWM,di,0.742385810749207,0.7460946159420667,0.8759811068556771,0.7463582865990596,0.7564524582870629,0.8717372821995583,0.8717372821995583,0.7564524582870629,0.7463582865990596,0.071852938194851,0.0614708162349829,0.3854019872115097,0.0797226395817727,0.0681527839840638,0.4096340155636729,0.4096340155636729,0.0681527839840638,0.0797226395817727,0.7460946159420667,0.8759811068556771,0.0614708162349829,0.3854019872115097,2550
5,STA5A,BaggingClassifier_XGBClassifier,di,0.742385810749207,0.7460946159420667,0.8759811068556771,0.7463582865990596,0.7564524582870629,0.8717372821995583,0.8660126511809161,0.7763514192217524,0.8819096436086059,0.071852938194851,0.0614708162349829,0.3854019872115097,0.0797226395817727,0.0681527839840638,0.4096340155636729,0.4071568849846355,0.1007575619654236,0.2167511870741929,0.7460946159420667,0.8759811068556771,0.0614708162349829,0.3854019872115097,2550
9,STA5A,BaggingClassifier_XGBClassifier,mono+di,0.742385810749207,0.7460946159420667,0.8759811068556771,0.7463582865990596,0.7564524582870629,0.8717372821995583,0.8691601782598255,0.7763371687859846,0.9041128761990292,0.071852938194851,0.0614708162349829,0.3854019872115097,0.0797226395817727,0.0681527839840638,0.4096340155636729,0.41530617408716,0.0994657692893268,0.2508586537834141,0.7460946159420667,0.8759811068556771,0.0614708162349829,0.3854019872115097,2550
9,STA5A,Single best mono PWM,mono,0.742385810749207,0.7460946159420667,0.8759811068556771,0.7463582865990596,0.7564524582870629,0.8717372821995583,0.8759811068556771,0.7460946159420667,0.742385810749207,0.071852938194851,0.0614708162349829,0.3854019872115097,0.0797226395817727,0.0681527839840638,0.4096340155636729,0.3854019872115097,0.0614708162349829,0.071852938194851,0.7460946159420667,0.8759811068556771,0.0614708162349829,0.3854019872115097,2550
9,STA5A,BaggingClassifier_LogisticRegression,mono,0.742385810749207,0.7460946159420667,0.8759811068556771,0.7463582865990596,0.7564524582870629,0.8717372821995583,0.9006589660504533,0.7466645638584619,0.7421657732623581,0.071852938194851,0.0614708162349829,0.3854019872115097,0.0797226395817727,0.0681527839840638,0.4096340155636729,0.3924742403036842,0.0850939525604858,0.0773332471979156,0.7460946159420667,0.8759811068556771,0.0614708162349829,0.3854019872115097,2550
5,STA5A,Single best di PWM,di,0.742385810749207,0.7460946159420667,0.8759811068556771,0.7463582865990596,0.7564524582870629,0.8717372821995583,0.8717372821995583,0.7564524582870629,0.7463582865990596,0.071852938194851,0.0614708162349829,0.3854019872115097,0.0797226395817727,0.0681527839840638,0.4096340155636729,0.4096340155636729,0.0681527839840638,0.0797226395817727,0.7460946159420667,0.8759811068556771,0.0614708162349829,0.3854019872115097,2550
5,STA5A,BaggingClassifier_LogisticRegression,di,0.742385810749207,0.7460946159420667,0.8759811068556771,0.7463582865990596,0.7564524582870629,0.8717372821995583,0.9028835346141298,0.7543216531895777,0.7429568091594827,0.071852938194851,0.0614708162349829,0.3854019872115097,0.0797226395817727,0.0681527839840638,0.4096340155636729,0.4033429305684182,0.0992051553828517,0.0844173814083949,0.7460946159420667,0.8759811068556771,0.0614708162349829,0.3854019872115097,2550
9,STA5A,BaggingClassifier_LogisticRegression,mono+di,0.742385810749207,0.7460946159420667,0.8759811068556771,0.7463582865990596,0.7564524582870629,0.8717372821995583,0.9028299881124652,0.7575186515612048,0.7469705342146729,0.071852938194851,0.0614708162349829,0.3854019872115097,0.0797226395817727,0.0681527839840638,0.4096340155636729,0.4016861465542862,0.097303315574534,0.0853065358055469,0.7460946159420667,0.8759811068556771,0.0614708162349829,0.3854019872115097,2550
11,STAT1,Single best mono PWM,mono,0.9022378518937622,0.9131343828630952,0.7241026626661141,0.9035143056701608,0.9181621599274896,0.7270187798291892,0.7241026626661141,0.9131343828630952,0.9022378518937622,0.3769059327431532,0.3650866780206495,0.0727546520392533,0.3881749472820058,0.36194796446473,0.0811617571458913,0.0727546520392533,0.3650866780206495,0.3769059327431532,0.9131343828630952,0.7241026626661141,0.3650866780206495,0.0727546520392533,4588
11,STAT1,RandomForestClassifier,mono,0.9022378518937622,0.9131343828630952,0.7241026626661141,0.9035143056701608,0.9181621599274896,0.7270187798291892,0.79780809720756,0.9354761187401384,0.9388045213117828,0.3769059327431532,0.3650866780206495,0.0727546520392533,0.3881749472820058,0.36194796446473,0.0811617571458913,0.0948250273917364,0.3767700934572675,0.5149009148256257,0.9131343828630952,0.7241026626661141,0.3650866780206495,0.0727546520392533,4588
6,STAT1,Single best di PWM,di,0.9022378518937622,0.9131343828630952,0.7241026626661141,0.9035143056701608,0.9181621599274896,0.7270187798291892,0.7270187798291892,0.9181621599274896,0.9035143056701608,0.3769059327431532,0.3650866780206495,0.0727546520392533,0.3881749472820058,0.36194796446473,0.0811617571458913,0.0811617571458913,0.36194796446473,0.3881749472820058,0.9131343828630952,0.7241026626661141,0.3650866780206495,0.0727546520392533,4588
6,STAT1,RandomForestClassifier,di,0.9022378518937622,0.9131343828630952,0.7241026626661141,0.9035143056701608,0.9181621599274896,0.7270187798291892,0.8014630777760947,0.9412417152689604,0.941509452136075,0.3769059327431532,0.3650866780206495,0.0727546520392533,0.3881749472820058,0.36194796446473,0.0811617571458913,0.1014690525676956,0.4146258789770343,0.5368752255985734,0.9131343828630952,0.7241026626661141,0.3650866780206495,0.0727546520392533,4588
11,STAT1,RandomForestClassifier,mono+di,0.9022378518937622,0.9131343828630952,0.7241026626661141,0.9035143056701608,0.9181621599274896,0.7270187798291892,0.8048394433712877,0.9392194359899804,0.943763662124464,0.3769059327431532,0.3650866780206495,0.0727546520392533,0.3881749472820058,0.36194796446473,0.0811617571458913,0.1017571545565681,0.4141461655725075,0.5500227989797281,0.9131343828630952,0.7241026626661141,0.3650866780206495,0.0727546520392533,4588
11,STAT1,Single best mono PWM,mono,0.9022378518937622,0.9131343828630952,0.7241026626661141,0.9035143056701608,0.9181621599274896,0.7270187798291892,0.7241026626661141,0.9131343828630952,0.9022378518937622,0.3769059327431532,0.3650866780206495,0.0727546520392533,0.3881749472820058,0.36194796446473,0.0811617571458913,0.0727546520392533,0.3650866780206495,0.3769059327431532,0.9131343828630952,0.7241026626661141,0.3650866780206495,0.0727546520392533,4588
11,STAT1,LogisticRegression,mono,0.9022378518937622,0.9131343828630952,0.7241026626661141,0.9035143056701608,0.9181621599274896,0.7270187798291892,0.7682383647457661,0.9215638277414856,0.9150038981459788,0.3769059327431532,0.3650866780206495,0.0727546520392533,0.3881749472820058,0.36194796446473,0.0811617571458913,0.0984651615286602,0.3725172104617829,0.3740600097781276,0.9131343828630952,0.7241026626661141,0.3650866780206495,0.0727546520392533,4588
6,STAT1,Single best di PWM,di,0.9022378518937622,0.9131343828630952,0.7241026626661141,0.9035143056701608,0.9181621599274896,0.7270187798291892,0.7270187798291892,0.9181621599274896,0.9035143056701608,0.3769059327431532,0.3650866780206495,0.0727546520392533,0.3881749472820058,0.36194796446473,0.0811617571458913,0.0811617571458913,0.36194796446473,0.3881749472820058,0.9131343828630952,0.7241026626661141,0.3650866780206495,0.0727546520392533,4588
6,STAT1,LogisticRegression,di,0.9022378518937622,0.9131343828630952,0.7241026626661141,0.9035143056701608,0.9181621599274896,0.7270187798291892,0.782465284361718,0.9311230026915784,0.9233750221103344,0.3769059327431532,0.3650866780206495,0.0727546520392533,0.3881749472820058,0.36194796446473,0.0811617571458913,0.105457993759697,0.4248423380090925,0.412890259767259,0.9131343828630952,0.7241026626661141,0.3650866780206495,0.0727546520392533,4588
11,STAT1,LogisticRegression,mono+di,0.9022378518937622,0.9131343828630952,0.7241026626661141,0.9035143056701608,0.9181621599274896,0.7270187798291892,0.7828257828784615,0.9311138449357672,0.9242649157616922,0.3769059327431532,0.3650866780206495,0.0727546520392533,0.3881749472820058,0.36194796446473,0.0811617571458913,0.1059626078798987,0.4356599460157825,0.4193912954507244,0.9131343828630952,0.7241026626661141,0.3650866780206495,0.0727546520392533,4588
11,STAT1,Single best mono PWM,mono,0.9022378518937622,0.9131343828630952,0.7241026626661141,0.9035143056701608,0.9181621599274896,0.7270187798291892,0.7241026626661141,0.9131343828630952,0.9022378518937622,0.3769059327431532,0.3650866780206495,0.0727546520392533,0.3881749472820058,0.36194796446473,0.0811617571458913,0.0727546520392533,0.3650866780206495,0.3769059327431532,0.9131343828630952,0.7241026626661141,0.3650866780206495,0.0727546520392533,4588
11,STAT1,XGBClassifier,mono,0.9022378518937622,0.9131343828630952,0.7241026626661141,0.9035143056701608,0.9181621599274896,0.7270187798291892,0.8101206700611432,0.9269517952521232,0.957390852414617,0.3769059327431532,0.3650866780206495,0.0727546520392533,0.3881749472820058,0.36194796446473,0.0811617571458913,0.1009878376312137,0.3386884607292214,0.5858282757791697,0.9131343828630952,0.7241026626661141,0.3650866780206495,0.0727546520392533,4588
6,STAT1,Single best di PWM,di,0.9022378518937622,0.9131343828630952,0.7241026626661141,0.9035143056701608,0.9181621599274896,0.7270187798291892,0.7270187798291892,0.9181621599274896,0.9035143056701608,0.3769059327431532,0.3650866780206495,0.0727546520392533,0.3881749472820058,0.36194796446473,0.0811617571458913,0.0811617571458913,0.36194796446473,0.3881749472820058,0.9131343828630952,0.7241026626661141,0.3650866780206495,0.0727546520392533,4588
6,STAT1,XGBClassifier,di,0.9022378518937622,0.9131343828630952,0.7241026626661141,0.9035143056701608,0.9181621599274896,0.7270187798291892,0.8155688960356295,0.9356109482160856,0.9555253047804648,0.3769059327431532,0.3650866780206495,0.0727546520392533,0.3881749472820058,0.36194796446473,0.0811617571458913,0.1272665089148386,0.3698081535686634,0.6076336670535252,0.9131343828630952,0.7241026626661141,0.3650866780206495,0.0727546520392533,4588
11,STAT1,XGBClassifier,mono+di,0.9022378518937622,0.9131343828630952,0.7241026626661141,0.9035143056701608,0.9181621599274896,0.7270187798291892,0.817665221408044,0.9338472721851644,0.9623110563704896,0.3769059327431532,0.3650866780206495,0.0727546520392533,0.3881749472820058,0.36194796446473,0.0811617571458913,0.1143001866060831,0.3899102640160165,0.644010072101553,0.9131343828630952,0.7241026626661141,0.3650866780206495,0.0727546520392533,4588
11,STAT1,Single best mono PWM,mono,0.9022378518937622,0.9131343828630952,0.7241026626661141,0.9035143056701608,0.9181621599274896,0.7270187798291892,0.7241026626661141,0.9131343828630952,0.9022378518937622,0.3769059327431532,0.3650866780206495,0.0727546520392533,0.3881749472820058,0.36194796446473,0.0811617571458913,0.0727546520392533,0.3650866780206495,0.3769059327431532,0.9131343828630952,0.7241026626661141,0.3650866780206495,0.0727546520392533,4588
11,STAT1,BaggingClassifier_XGBClassifier,mono,0.9022378518937622,0.9131343828630952,0.7241026626661141,0.9035143056701608,0.9181621599274896,0.7270187798291892,0.8099630761486106,0.9285552356117688,0.9679158909674248,0.3769059327431532,0.3650866780206495,0.0727546520392533,0.3881749472820058,0.36194796446473,0.0811617571458913,0.1067823944040048,0.3745581246229977,0.5998417900773063,0.9131343828630952,0.7241026626661141,0.3650866780206495,0.0727546520392533,4588
6,STAT1,Single best di PWM,di,0.9022378518937622,0.9131343828630952,0.7241026626661141,0.9035143056701608,0.9181621599274896,0.7270187798291892,0.7270187798291892,0.9181621599274896,0.9035143056701608,0.3769059327431532,0.3650866780206495,0.0727546520392533,0.3881749472820058,0.36194796446473,0.0811617571458913,0.0811617571458913,0.36194796446473,0.3881749472820058,0.9131343828630952,0.7241026626661141,0.3650866780206495,0.0727546520392533,4588
6,STAT1,BaggingClassifier_XGBClassifier,di,0.9022378518937622,0.9131343828630952,0.7241026626661141,0.9035143056701608,0.9181621599274896,0.7270187798291892,0.8149703569947999,0.9353714998362002,0.9640048096416644,0.3769059327431532,0.3650866780206495,0.0727546520392533,0.3881749472820058,0.36194796446473,0.0811617571458913,0.1202826548435704,0.3806767378096122,0.6111055640919956,0.9131343828630952,0.7241026626661141,0.3650866780206495,0.0727546520392533,4588
11,STAT1,BaggingClassifier_XGBClassifier,mono+di,0.9022378518937622,0.9131343828630952,0.7241026626661141,0.9035143056701608,0.9181621599274896,0.7270187798291892,0.8176570192716218,0.933399600741891,0.9727331547211184,0.3769059327431532,0.3650866780206495,0.0727546520392533,0.3881749472820058,0.36194796446473,0.0811617571458913,0.1110987119926603,0.4176414002201548,0.6523553601212313,0.9131343828630952,0.7241026626661141,0.3650866780206495,0.0727546520392533,4588
11,STAT1,Single best mono PWM,mono,0.9022378518937622,0.9131343828630952,0.7241026626661141,0.9035143056701608,0.9181621599274896,0.7270187798291892,0.7241026626661141,0.9131343828630952,0.9022378518937622,0.3769059327431532,0.3650866780206495,0.0727546520392533,0.3881749472820058,0.36194796446473,0.0811617571458913,0.0727546520392533,0.3650866780206495,0.3769059327431532,0.9131343828630952,0.7241026626661141,0.3650866780206495,0.0727546520392533,4588
11,STAT1,BaggingClassifier_LogisticRegression,mono,0.9022378518937622,0.9131343828630952,0.7241026626661141,0.9035143056701608,0.9181621599274896,0.7270187798291892,0.7695880715951307,0.9216774540687184,0.9153627513246622,0.3769059327431532,0.3650866780206495,0.0727546520392533,0.3881749472820058,0.36194796446473,0.0811617571458913,0.0991234456759283,0.3713131779999208,0.3732635145618542,0.9131343828630952,0.7241026626661141,0.3650866780206495,0.0727546520392533,4588
6,STAT1,Single best di PWM,di,0.9022378518937622,0.9131343828630952,0.7241026626661141,0.9035143056701608,0.9181621599274896,0.7270187798291892,0.7270187798291892,0.9181621599274896,0.9035143056701608,0.3769059327431532,0.3650866780206495,0.0727546520392533,0.3881749472820058,0.36194796446473,0.0811617571458913,0.0811617571458913,0.36194796446473,0.3881749472820058,0.9131343828630952,0.7241026626661141,0.3650866780206495,0.0727546520392533,4588
6,STAT1,BaggingClassifier_LogisticRegression,di,0.9022378518937622,0.9131343828630952,0.7241026626661141,0.9035143056701608,0.9181621599274896,0.7270187798291892,0.7830443283480211,0.9312635134838873,0.923554074111879,0.3769059327431532,0.3650866780206495,0.0727546520392533,0.3881749472820058,0.36194796446473,0.0811617571458913,0.1055487643680417,0.4244880640812597,0.4119489942893031,0.9131343828630952,0.7241026626661141,0.3650866780206495,0.0727546520392533,4588
11,STAT1,BaggingClassifier_LogisticRegression,mono+di,0.9022378518937622,0.9131343828630952,0.7241026626661141,0.9035143056701608,0.9181621599274896,0.7270187798291892,0.7837217428430618,0.9311379733047034,0.9245602975482944,0.3769059327431532,0.3650866780206495,0.0727546520392533,0.3881749472820058,0.36194796446473,0.0811617571458913,0.1060510154660377,0.4344612179753913,0.4189086850088316,0.9131343828630952,0.7241026626661141,0.3650866780206495,0.0727546520392533,4588
5,STAT3,Single best mono PWM,mono,0.7989497053481808,0.8206153259422361,0.7935345210150767,0.796809995937867,0.8256303389881179,0.7908270900598727,0.7935345210150767,0.8206153259422361,0.7989497053481808,0.0696283290179183,0.0867213075782189,0.0618513476788392,0.0687714155102783,0.0711797016350717,0.0640480472929234,0.0618513476788392,0.0867213075782189,0.0696283290179183,0.8206153259422361,0.7935345210150767,0.0867213075782189,0.0618513476788392,3000
5,STAT3,RandomForestClassifier,mono,0.7989497053481808,0.8206153259422361,0.7935345210150767,0.796809995937867,0.8256303389881179,0.7908270900598727,0.8055546970990521,0.8307686507715627,0.8381913198399873,0.0696283290179183,0.0867213075782189,0.0618513476788392,0.0687714155102783,0.0711797016350717,0.0640480472929234,0.0760618814079654,0.090503959034064,0.1534054029262638,0.8206153259422361,0.7935345210150767,0.0867213075782189,0.0618513476788392,3000
5,STAT3,Single best di PWM,di,0.7989497053481808,0.8206153259422361,0.7935345210150767,0.796809995937867,0.8256303389881179,0.7908270900598727,0.7908270900598727,0.8256303389881179,0.796809995937867,0.0696283290179183,0.0867213075782189,0.0618513476788392,0.0687714155102783,0.0711797016350717,0.0640480472929234,0.0640480472929234,0.0711797016350717,0.0687714155102783,0.8206153259422361,0.7935345210150767,0.0867213075782189,0.0618513476788392,3000
5,STAT3,RandomForestClassifier,di,0.7989497053481808,0.8206153259422361,0.7935345210150767,0.796809995937867,0.8256303389881179,0.7908270900598727,0.7996420159549981,0.8372217581887952,0.8396709385293313,0.0696283290179183,0.0867213075782189,0.0618513476788392,0.0687714155102783,0.0711797016350717,0.0640480472929234,0.0668464126339488,0.0838369824499521,0.1844062226596333,0.8206153259422361,0.7935345210150767,0.0867213075782189,0.0618513476788392,3000
5,STAT3,RandomForestClassifier,mono+di,0.7989497053481808,0.8206153259422361,0.7935345210150767,0.796809995937867,0.8256303389881179,0.7908270900598727,0.8065584827078383,0.8360525756387791,0.8438284698121705,0.0696283290179183,0.0867213075782189,0.0618513476788392,0.0687714155102783,0.0711797016350717,0.0640480472929234,0.0726520227860084,0.0880935838760988,0.204945068021127,0.8206153259422361,0.7935345210150767,0.0867213075782189,0.0618513476788392,3000
5,STAT3,Single best mono PWM,mono,0.7989497053481808,0.8206153259422361,0.7935345210150767,0.796809995937867,0.8256303389881179,0.7908270900598727,0.7935345210150767,0.8206153259422361,0.7989497053481808,0.0696283290179183,0.0867213075782189,0.0618513476788392,0.0687714155102783,0.0711797016350717,0.0640480472929234,0.0618513476788392,0.0867213075782189,0.0696283290179183,0.8206153259422361,0.7935345210150767,0.0867213075782189,0.0618513476788392,3000
5,STAT3,LogisticRegression,mono,0.7989497053481808,0.8206153259422361,0.7935345210150767,0.796809995937867,0.8256303389881179,0.7908270900598727,0.805551161344134,0.8313751682453805,0.8082875254251257,0.0696283290179183,0.0867213075782189,0.0618513476788392,0.0687714155102783,0.0711797016350717,0.0640480472929234,0.0706456918423426,0.0965020039429129,0.0746345350798022,0.8206153259422361,0.7935345210150767,0.0867213075782189,0.0618513476788392,3000
5,STAT3,Single best di PWM,di,0.7989497053481808,0.8206153259422361,0.7935345210150767,0.796809995937867,0.8256303389881179,0.7908270900598727,0.7908270900598727,0.8256303389881179,0.796809995937867,0.0696283290179183,0.0867213075782189,0.0618513476788392,0.0687714155102783,0.0711797016350717,0.0640480472929234,0.0640480472929234,0.0711797016350717,0.0687714155102783,0.8206153259422361,0.7935345210150767,0.0867213075782189,0.0618513476788392,3000
5,STAT3,LogisticRegression,di,0.7989497053481808,0.8206153259422361,0.7935345210150767,0.796809995937867,0.8256303389881179,0.7908270900598727,0.7999913826538108,0.8367854309617087,0.80788400402681,0.0696283290179183,0.0867213075782189,0.0618513476788392,0.0687714155102783,0.0711797016350717,0.0640480472929234,0.0683001630250482,0.0791467972206432,0.0737158824526235,0.8206153259422361,0.7935345210150767,0.0867213075782189,0.0618513476788392,3000
5,STAT3,LogisticRegression,mono+di,0.7989497053481808,0.8206153259422361,0.7935345210150767,0.796809995937867,0.8256303389881179,0.7908270900598727,0.8045948203111218,0.8393989595337342,0.8122675341381067,0.0696283290179183,0.0867213075782189,0.0618513476788392,0.0687714155102783,0.0711797016350717,0.0640480472929234,0.0685964619871369,0.0941807317414067,0.0767017055220259,0.8206153259422361,0.7935345210150767,0.0867213075782189,0.0618513476788392,3000
5,STAT3,Single best mono PWM,mono,0.7989497053481808,0.8206153259422361,0.7935345210150767,0.796809995937867,0.8256303389881179,0.7908270900598727,0.7935345210150767,0.8206153259422361,0.7989497053481808,0.0696283290179183,0.0867213075782189,0.0618513476788392,0.0687714155102783,0.0711797016350717,0.0640480472929234,0.0618513476788392,0.0867213075782189,0.0696283290179183,0.8206153259422361,0.7935345210150767,0.0867213075782189,0.0618513476788392,3000
5,STAT3,XGBClassifier,mono,0.7989497053481808,0.8206153259422361,0.7935345210150767,0.796809995937867,0.8256303389881179,0.7908270900598727,0.7989758388543969,0.8269182368330079,0.8690022555140512,0.0696283290179183,0.0867213075782189,0.0618513476788392,0.0687714155102783,0.0711797016350717,0.0640480472929234,0.0719024463592363,0.0845319260950914,0.156387879955594,0.8206153259422361,0.7935345210150767,0.0867213075782189,0.0618513476788392,3000
5,STAT3,Single best di PWM,di,0.7989497053481808,0.8206153259422361,0.7935345210150767,0.796809995937867,0.8256303389881179,0.7908270900598727,0.7908270900598727,0.8256303389881179,0.796809995937867,0.0696283290179183,0.0867213075782189,0.0618513476788392,0.0687714155102783,0.0711797016350717,0.0640480472929234,0.0640480472929234,0.0711797016350717,0.0687714155102783,0.8206153259422361,0.7935345210150767,0.0867213075782189,0.0618513476788392,3000
5,STAT3,XGBClassifier,di,0.7989497053481808,0.8206153259422361,0.7935345210150767,0.796809995937867,0.8256303389881179,0.7908270900598727,0.790456444293651,0.8262678752200259,0.8743191453036738,0.0696283290179183,0.0867213075782189,0.0618513476788392,0.0687714155102783,0.0711797016350717,0.0640480472929234,0.0667514251912347,0.0760454673264905,0.1861828115192523,0.8206153259422361,0.7935345210150767,0.0867213075782189,0.0618513476788392,3000
5,STAT3,XGBClassifier,mono+di,0.7989497053481808,0.8206153259422361,0.7935345210150767,0.796809995937867,0.8256303389881179,0.7908270900598727,0.7946096471252053,0.8341169919204229,0.8855690562605417,0.0696283290179183,0.0867213075782189,0.0618513476788392,0.0687714155102783,0.0711797016350717,0.0640480472929234,0.0671381871060559,0.0878898135956267,0.208058318491348,0.8206153259422361,0.7935345210150767,0.0867213075782189,0.0618513476788392,3000
5,STAT3,Single best mono PWM,mono,0.7989497053481808,0.8206153259422361,0.7935345210150767,0.796809995937867,0.8256303389881179,0.7908270900598727,0.7935345210150767,0.8206153259422361,0.7989497053481808,0.0696283290179183,0.0867213075782189,0.0618513476788392,0.0687714155102783,0.0711797016350717,0.0640480472929234,0.0618513476788392,0.0867213075782189,0.0696283290179183,0.8206153259422361,0.7935345210150767,0.0867213075782189,0.0618513476788392,3000
5,STAT3,BaggingClassifier_XGBClassifier,mono,0.7989497053481808,0.8206153259422361,0.7935345210150767,0.796809995937867,0.8256303389881179,0.7908270900598727,0.8006027593947205,0.8291996764006877,0.8905742649158285,0.0696283290179183,0.0867213075782189,0.0618513476788392,0.0687714155102783,0.0711797016350717,0.0640480472929234,0.0770067733800717,0.0897045017460643,0.1775372375260989,0.8206153259422361,0.7935345210150767,0.0867213075782189,0.0618513476788392,3000
5,STAT3,Single best di PWM,di,0.7989497053481808,0.8206153259422361,0.7935345210150767,0.796809995937867,0.8256303389881179,0.7908270900598727,0.7908270900598727,0.8256303389881179,0.796809995937867,0.0696283290179183,0.0867213075782189,0.0618513476788392,0.0687714155102783,0.0711797016350717,0.0640480472929234,0.0640480472929234,0.0711797016350717,0.0687714155102783,0.8206153259422361,0.7935345210150767,0.0867213075782189,0.0618513476788392,3000
5,STAT3,BaggingClassifier_XGBClassifier,di,0.7989497053481808,0.8206153259422361,0.7935345210150767,0.796809995937867,0.8256303389881179,0.7908270900598727,0.790046952858445,0.8282509367978764,0.8975361198682457,0.0696283290179183,0.0867213075782189,0.0618513476788392,0.0687714155102783,0.0711797016350717,0.0640480472929234,0.0689733068193837,0.078249944371257,0.2218559950593898,0.8206153259422361,0.7935345210150767,0.0867213075782189,0.0618513476788392,3000
5,STAT3,BaggingClassifier_XGBClassifier,mono+di,0.7989497053481808,0.8206153259422361,0.7935345210150767,0.796809995937867,0.8256303389881179,0.7908270900598727,0.797988573411246,0.8322492927045961,0.9145635238120468,0.0696283290179183,0.0867213075782189,0.0618513476788392,0.0687714155102783,0.0711797016350717,0.0640480472929234,0.0730253934484681,0.0909757218833231,0.2548781383194468,0.8206153259422361,0.7935345210150767,0.0867213075782189,0.0618513476788392,3000
5,STAT3,Single best mono PWM,mono,0.7989497053481808,0.8206153259422361,0.7935345210150767,0.796809995937867,0.8256303389881179,0.7908270900598727,0.7935345210150767,0.8206153259422361,0.7989497053481808,0.0696283290179183,0.0867213075782189,0.0618513476788392,0.0687714155102783,0.0711797016350717,0.0640480472929234,0.0618513476788392,0.0867213075782189,0.0696283290179183,0.8206153259422361,0.7935345210150767,0.0867213075782189,0.0618513476788392,3000
5,STAT3,BaggingClassifier_LogisticRegression,mono,0.7989497053481808,0.8206153259422361,0.7935345210150767,0.796809995937867,0.8256303389881179,0.7908270900598727,0.8054360503174344,0.8312344606840545,0.8082422135092414,0.0696283290179183,0.0867213075782189,0.0618513476788392,0.0687714155102783,0.0711797016350717,0.0640480472929234,0.0703883339583815,0.0964106072090234,0.0746099964779371,0.8206153259422361,0.7935345210150767,0.0867213075782189,0.0618513476788392,3000
5,STAT3,Single best di PWM,di,0.7989497053481808,0.8206153259422361,0.7935345210150767,0.796809995937867,0.8256303389881179,0.7908270900598727,0.7908270900598727,0.8256303389881179,0.796809995937867,0.0696283290179183,0.0867213075782189,0.0618513476788392,0.0687714155102783,0.0711797016350717,0.0640480472929234,0.0640480472929234,0.0711797016350717,0.0687714155102783,0.8206153259422361,0.7935345210150767,0.0867213075782189,0.0618513476788392,3000
5,STAT3,BaggingClassifier_LogisticRegression,di,0.7989497053481808,0.8206153259422361,0.7935345210150767,0.796809995937867,0.8256303389881179,0.7908270900598727,0.8000198039154223,0.8367195119715394,0.8078395354450538,0.0696283290179183,0.0867213075782189,0.0618513476788392,0.0687714155102783,0.0711797016350717,0.0640480472929234,0.0682567733047518,0.0791757009830568,0.0737099097851086,0.8206153259422361,0.7935345210150767,0.0867213075782189,0.0618513476788392,3000
5,STAT3,BaggingClassifier_LogisticRegression,mono+di,0.7989497053481808,0.8206153259422361,0.7935345210150767,0.796809995937867,0.8256303389881179,0.7908270900598727,0.8046318005274897,0.8392289344561089,0.8122209285211776,0.0696283290179183,0.0867213075782189,0.0618513476788392,0.0687714155102783,0.0711797016350717,0.0640480472929234,0.0685496020274475,0.0938569649774975,0.0767373781504243,0.8206153259422361,0.7935345210150767,0.0867213075782189,0.0618513476788392,3000
16,TAL1,Single best mono PWM,mono,0.811854983552185,0.8432209564450065,0.8919793398191032,0.8367046048842208,0.8627158735441924,0.912361583839742,0.8919793398191032,0.8432209564450065,0.811854983552185,0.1451692567243052,0.1311232420184406,0.1609775312146371,0.1615128825817297,0.1473577519835652,0.181555335132498,0.1609775312146371,0.1311232420184406,0.1451692567243052,0.8432209564450065,0.8919793398191032,0.1311232420184406,0.1609775312146371,7020
16,TAL1,RandomForestClassifier,mono,0.811854983552185,0.8432209564450065,0.8919793398191032,0.8367046048842208,0.8627158735441924,0.912361583839742,0.8963375163676369,0.8776282269978318,0.872064920516691,0.1451692567243052,0.1311232420184406,0.1609775312146371,0.1615128825817297,0.1473577519835652,0.181555335132498,0.1638598530304912,0.1490939466832944,0.2293198145717031,0.8432209564450065,0.8919793398191032,0.1311232420184406,0.1609775312146371,7020
14,TAL1,Single best di PWM,di,0.811854983552185,0.8432209564450065,0.8919793398191032,0.8367046048842208,0.8627158735441924,0.912361583839742,0.912361583839742,0.8627158735441924,0.8367046048842208,0.1451692567243052,0.1311232420184406,0.1609775312146371,0.1615128825817297,0.1473577519835652,0.181555335132498,0.181555335132498,0.1473577519835652,0.1615128825817297,0.8432209564450065,0.8919793398191032,0.1311232420184406,0.1609775312146371,7020
14,TAL1,RandomForestClassifier,di,0.811854983552185,0.8432209564450065,0.8919793398191032,0.8367046048842208,0.8627158735441924,0.912361583839742,0.9136278064466176,0.8642076192253167,0.8616806926041644,0.1451692567243052,0.1311232420184406,0.1609775312146371,0.1615128825817297,0.1473577519835652,0.181555335132498,0.1968772471702964,0.1491818770952849,0.2242149737202672,0.8432209564450065,0.8919793398191032,0.1311232420184406,0.1609775312146371,7020
16,TAL1,RandomForestClassifier,mono+di,0.811854983552185,0.8432209564450065,0.8919793398191032,0.8367046048842208,0.8627158735441924,0.912361583839742,0.9177135629066228,0.8901345793122387,0.8913156604156675,0.1451692567243052,0.1311232420184406,0.1609775312146371,0.1615128825817297,0.1473577519835652,0.181555335132498,0.1949902798798743,0.162975518898572,0.2554047428607722,0.8432209564450065,0.8919793398191032,0.1311232420184406,0.1609775312146371,7020
16,TAL1,Single best mono PWM,mono,0.811854983552185,0.8432209564450065,0.8919793398191032,0.8367046048842208,0.8627158735441924,0.912361583839742,0.8919793398191032,0.8432209564450065,0.811854983552185,0.1451692567243052,0.1311232420184406,0.1609775312146371,0.1615128825817297,0.1473577519835652,0.181555335132498,0.1609775312146371,0.1311232420184406,0.1451692567243052,0.8432209564450065,0.8919793398191032,0.1311232420184406,0.1609775312146371,7020
16,TAL1,LogisticRegression,mono,0.811854983552185,0.8432209564450065,0.8919793398191032,0.8367046048842208,0.8627158735441924,0.912361583839742,0.8953379536367594,0.8760005811150378,0.8500629518272106,0.1451692567243052,0.1311232420184406,0.1609775312146371,0.1615128825817297,0.1473577519835652,0.181555335132498,0.1597001928476979,0.1457886330203195,0.1667411470308732,0.8432209564450065,0.8919793398191032,0.1311232420184406,0.1609775312146371,7020
14,TAL1,Single best di PWM,di,0.811854983552185,0.8432209564450065,0.8919793398191032,0.8367046048842208,0.8627158735441924,0.912361583839742,0.912361583839742,0.8627158735441924,0.8367046048842208,0.1451692567243052,0.1311232420184406,0.1609775312146371,0.1615128825817297,0.1473577519835652,0.181555335132498,0.181555335132498,0.1473577519835652,0.1615128825817297,0.8432209564450065,0.8919793398191032,0.1311232420184406,0.1609775312146371,7020
14,TAL1,LogisticRegression,di,0.811854983552185,0.8432209564450065,0.8919793398191032,0.8367046048842208,0.8627158735441924,0.912361583839742,0.917032066826941,0.8669429105032025,0.8438061935396044,0.1451692567243052,0.1311232420184406,0.1609775312146371,0.1615128825817297,0.1473577519835652,0.181555335132498,0.1913619668704492,0.1528504209432581,0.1651240315982295,0.8432209564450065,0.8919793398191032,0.1311232420184406,0.1609775312146371,7020
16,TAL1,LogisticRegression,mono+di,0.811854983552185,0.8432209564450065,0.8919793398191032,0.8367046048842208,0.8627158735441924,0.912361583839742,0.9164101530638686,0.8905514937107123,0.8731167398333455,0.1451692567243052,0.1311232420184406,0.1609775312146371,0.1615128825817297,0.1473577519835652,0.181555335132498,0.1859232490150856,0.165083198983369,0.1881696674023592,0.8432209564450065,0.8919793398191032,0.1311232420184406,0.1609775312146371,7020
16,TAL1,Single best mono PWM,mono,0.811854983552185,0.8432209564450065,0.8919793398191032,0.8367046048842208,0.8627158735441924,0.912361583839742,0.8919793398191032,0.8432209564450065,0.811854983552185,0.1451692567243052,0.1311232420184406,0.1609775312146371,0.1615128825817297,0.1473577519835652,0.181555335132498,0.1609775312146371,0.1311232420184406,0.1451692567243052,0.8432209564450065,0.8919793398191032,0.1311232420184406,0.1609775312146371,7020
16,TAL1,XGBClassifier,mono,0.811854983552185,0.8432209564450065,0.8919793398191032,0.8367046048842208,0.8627158735441924,0.912361583839742,0.8891244828847084,0.8735757968448468,0.8944193037065691,0.1451692567243052,0.1311232420184406,0.1609775312146371,0.1615128825817297,0.1473577519835652,0.181555335132498,0.1417713393094593,0.1392492358118805,0.2599628467852589,0.8432209564450065,0.8919793398191032,0.1311232420184406,0.1609775312146371,7020
14,TAL1,Single best di PWM,di,0.811854983552185,0.8432209564450065,0.8919793398191032,0.8367046048842208,0.8627158735441924,0.912361583839742,0.912361583839742,0.8627158735441924,0.8367046048842208,0.1451692567243052,0.1311232420184406,0.1609775312146371,0.1615128825817297,0.1473577519835652,0.181555335132498,0.181555335132498,0.1473577519835652,0.1615128825817297,0.8432209564450065,0.8919793398191032,0.1311232420184406,0.1609775312146371,7020
14,TAL1,XGBClassifier,di,0.811854983552185,0.8432209564450065,0.8919793398191032,0.8367046048842208,0.8627158735441924,0.912361583839742,0.9100218288973706,0.8595450451652784,0.8930049028172719,0.1451692567243052,0.1311232420184406,0.1609775312146371,0.1615128825817297,0.1473577519835652,0.181555335132498,0.1680135594465235,0.1432020614747182,0.2489209793548274,0.8432209564450065,0.8919793398191032,0.1311232420184406,0.1609775312146371,7020
16,TAL1,XGBClassifier,mono+di,0.811854983552185,0.8432209564450065,0.8919793398191032,0.8367046048842208,0.8627158735441924,0.912361583839742,0.912766187373344,0.8866629346684028,0.914118832409134,0.1451692567243052,0.1311232420184406,0.1609775312146371,0.1615128825817297,0.1473577519835652,0.181555335132498,0.1718453884936386,0.1503066332686599,0.3053086539226301,0.8432209564450065,0.8919793398191032,0.1311232420184406,0.1609775312146371,7020
16,TAL1,Single best mono PWM,mono,0.811854983552185,0.8432209564450065,0.8919793398191032,0.8367046048842208,0.8627158735441924,0.912361583839742,0.8919793398191032,0.8432209564450065,0.811854983552185,0.1451692567243052,0.1311232420184406,0.1609775312146371,0.1615128825817297,0.1473577519835652,0.181555335132498,0.1609775312146371,0.1311232420184406,0.1451692567243052,0.8432209564450065,0.8919793398191032,0.1311232420184406,0.1609775312146371,7020
16,TAL1,BaggingClassifier_XGBClassifier,mono,0.811854983552185,0.8432209564450065,0.8919793398191032,0.8367046048842208,0.8627158735441924,0.912361583839742,0.8935706896573687,0.877427283918159,0.9040858832663392,0.1451692567243052,0.1311232420184406,0.1609775312146371,0.1615128825817297,0.1473577519835652,0.181555335132498,0.1585137436206105,0.1462266135103598,0.2782654574319181,0.8432209564450065,0.8919793398191032,0.1311232420184406,0.1609775312146371,7020
14,TAL1,Single best di PWM,di,0.811854983552185,0.8432209564450065,0.8919793398191032,0.8367046048842208,0.8627158735441924,0.912361583839742,0.912361583839742,0.8627158735441924,0.8367046048842208,0.1451692567243052,0.1311232420184406,0.1609775312146371,0.1615128825817297,0.1473577519835652,0.181555335132498,0.181555335132498,0.1473577519835652,0.1615128825817297,0.8432209564450065,0.8919793398191032,0.1311232420184406,0.1609775312146371,7020
14,TAL1,BaggingClassifier_XGBClassifier,di,0.811854983552185,0.8432209564450065,0.8919793398191032,0.8367046048842208,0.8627158735441924,0.912361583839742,0.913802680041358,0.8599620246022941,0.901893855128702,0.1451692567243052,0.1311232420184406,0.1609775312146371,0.1615128825817297,0.1473577519835652,0.181555335132498,0.1904959070133241,0.1479765491696726,0.2642527169766401,0.8432209564450065,0.8919793398191032,0.1311232420184406,0.1609775312146371,7020
16,TAL1,BaggingClassifier_XGBClassifier,mono+di,0.811854983552185,0.8432209564450065,0.8919793398191032,0.8367046048842208,0.8627158735441924,0.912361583839742,0.9137631531526996,0.8909114473540145,0.9225038331706292,0.1451692567243052,0.1311232420184406,0.1609775312146371,0.1615128825817297,0.1473577519835652,0.181555335132498,0.1784070698984027,0.1627425277378451,0.3188398926033077,0.8432209564450065,0.8919793398191032,0.1311232420184406,0.1609775312146371,7020
16,TAL1,Single best mono PWM,mono,0.811854983552185,0.8432209564450065,0.8919793398191032,0.8367046048842208,0.8627158735441924,0.912361583839742,0.8919793398191032,0.8432209564450065,0.811854983552185,0.1451692567243052,0.1311232420184406,0.1609775312146371,0.1615128825817297,0.1473577519835652,0.181555335132498,0.1609775312146371,0.1311232420184406,0.1451692567243052,0.8432209564450065,0.8919793398191032,0.1311232420184406,0.1609775312146371,7020
16,TAL1,BaggingClassifier_LogisticRegression,mono,0.811854983552185,0.8432209564450065,0.8919793398191032,0.8367046048842208,0.8627158735441924,0.912361583839742,0.8953955204465535,0.8757820863008036,0.8499734927753374,0.1451692567243052,0.1311232420184406,0.1609775312146371,0.1615128825817297,0.1473577519835652,0.181555335132498,0.1596718217362689,0.1457858086329846,0.1667597575334898,0.8432209564450065,0.8919793398191032,0.1311232420184406,0.1609775312146371,7020
14,TAL1,Single best di PWM,di,0.811854983552185,0.8432209564450065,0.8919793398191032,0.8367046048842208,0.8627158735441924,0.912361583839742,0.912361583839742,0.8627158735441924,0.8367046048842208,0.1451692567243052,0.1311232420184406,0.1609775312146371,0.1615128825817297,0.1473577519835652,0.181555335132498,0.181555335132498,0.1473577519835652,0.1615128825817297,0.8432209564450065,0.8919793398191032,0.1311232420184406,0.1609775312146371,7020
14,TAL1,BaggingClassifier_LogisticRegression,di,0.811854983552185,0.8432209564450065,0.8919793398191032,0.8367046048842208,0.8627158735441924,0.912361583839742,0.9171044030890528,0.8669057171289268,0.8437431235029696,0.1451692567243052,0.1311232420184406,0.1609775312146371,0.1615128825817297,0.1473577519835652,0.181555335132498,0.1912952215656325,0.1527256484528238,0.1650524848527175,0.8432209564450065,0.8919793398191032,0.1311232420184406,0.1609775312146371,7020
16,TAL1,BaggingClassifier_LogisticRegression,mono+di,0.811854983552185,0.8432209564450065,0.8919793398191032,0.8367046048842208,0.8627158735441924,0.912361583839742,0.9164729213443168,0.8903192193973585,0.8729054479198581,0.1451692567243052,0.1311232420184406,0.1609775312146371,0.1615128825817297,0.1473577519835652,0.181555335132498,0.1855781010828246,0.1649707555785428,0.1881488895780977,0.8432209564450065,0.8919793398191032,0.1311232420184406,0.1609775312146371,7020
72,TF65,Single best mono PWM,mono,0.8045980351608254,0.8011993074350411,0.8032373142160594,0.8100252243556059,0.802448776231856,0.8050886357257394,0.8032373142160594,0.8011993074350411,0.8045980351608254,0.1701508217219658,0.1492994309925082,0.1137937516482875,0.1730054641895725,0.1578972872526906,0.0969097672796522,0.1137937516482875,0.1492994309925082,0.1701508217219658,0.8011993074350411,0.8032373142160594,0.1492994309925082,0.1137937516482875,2008
72,TF65,RandomForestClassifier,mono,0.8045980351608254,0.8011993074350411,0.8032373142160594,0.8100252243556059,0.802448776231856,0.8050886357257394,0.81468584399161,0.822662931429982,0.8503089007521375,0.1701508217219658,0.1492994309925082,0.1137937516482875,0.1730054641895725,0.1578972872526906,0.0969097672796522,0.1178292011787344,0.1901553740017418,0.3154559533135049,0.8011993074350411,0.8032373142160594,0.1492994309925082,0.1137937516482875,2008
36,TF65,Single best di PWM,di,0.8045980351608254,0.8011993074350411,0.8032373142160594,0.8100252243556059,0.802448776231856,0.8050886357257394,0.8050886357257394,0.802448776231856,0.8100252243556059,0.1701508217219658,0.1492994309925082,0.1137937516482875,0.1730054641895725,0.1578972872526906,0.0969097672796522,0.0969097672796522,0.1578972872526906,0.1730054641895725,0.8011993074350411,0.8032373142160594,0.1492994309925082,0.1137937516482875,2008
36,TF65,RandomForestClassifier,di,0.8045980351608254,0.8011993074350411,0.8032373142160594,0.8100252243556059,0.802448776231856,0.8050886357257394,0.8073758885551978,0.8405399335164693,0.8559245901092171,0.1701508217219658,0.1492994309925082,0.1137937516482875,0.1730054641895725,0.1578972872526906,0.0969097672796522,0.1137075357005913,0.1998579088739848,0.3275718738611541,0.8011993074350411,0.8032373142160594,0.1492994309925082,0.1137937516482875,2008
72,TF65,RandomForestClassifier,mono+di,0.8045980351608254,0.8011993074350411,0.8032373142160594,0.8100252243556059,0.802448776231856,0.8050886357257394,0.8034303526214456,0.8383667911495067,0.8521801764846335,0.1701508217219658,0.1492994309925082,0.1137937516482875,0.1730054641895725,0.1578972872526906,0.0969097672796522,0.1151271137206537,0.20497667957781,0.337207401888386,0.8011993074350411,0.8032373142160594,0.1492994309925082,0.1137937516482875,2008
72,TF65,Single best mono PWM,mono,0.8045980351608254,0.8011993074350411,0.8032373142160594,0.8100252243556059,0.802448776231856,0.8050886357257394,0.8032373142160594,0.8011993074350411,0.8045980351608254,0.1701508217219658,0.1492994309925082,0.1137937516482875,0.1730054641895725,0.1578972872526906,0.0969097672796522,0.1137937516482875,0.1492994309925082,0.1701508217219658,0.8011993074350411,0.8032373142160594,0.1492994309925082,0.1137937516482875,2008
72,TF65,LogisticRegression,mono,0.8045980351608254,0.8011993074350411,0.8032373142160594,0.8100252243556059,0.802448776231856,0.8050886357257394,0.8284524465194594,0.8165735393744146,0.8218735601423733,0.1701508217219658,0.1492994309925082,0.1137937516482875,0.1730054641895725,0.1578972872526906,0.0969097672796522,0.1309239787680882,0.1847970669553,0.2043749459154181,0.8011993074350411,0.8032373142160594,0.1492994309925082,0.1137937516482875,2008
36,TF65,Single best di PWM,di,0.8045980351608254,0.8011993074350411,0.8032373142160594,0.8100252243556059,0.802448776231856,0.8050886357257394,0.8050886357257394,0.802448776231856,0.8100252243556059,0.1701508217219658,0.1492994309925082,0.1137937516482875,0.1730054641895725,0.1578972872526906,0.0969097672796522,0.0969097672796522,0.1578972872526906,0.1730054641895725,0.8011993074350411,0.8032373142160594,0.1492994309925082,0.1137937516482875,2008
36,TF65,LogisticRegression,di,0.8045980351608254,0.8011993074350411,0.8032373142160594,0.8100252243556059,0.802448776231856,0.8050886357257394,0.8284294859134504,0.8102978175862353,0.8201525577604353,0.1701508217219658,0.1492994309925082,0.1137937516482875,0.1730054641895725,0.1578972872526906,0.0969097672796522,0.1187334721495322,0.1664547329817611,0.1910036046550521,0.8011993074350411,0.8032373142160594,0.1492994309925082,0.1137937516482875,2008
72,TF65,LogisticRegression,mono+di,0.8045980351608254,0.8011993074350411,0.8032373142160594,0.8100252243556059,0.802448776231856,0.8050886357257394,0.8254483912478144,0.818017707524317,0.834839987537553,0.1701508217219658,0.1492994309925082,0.1137937516482875,0.1730054641895725,0.1578972872526906,0.0969097672796522,0.1254327951239135,0.1812558871986805,0.20256413803926,0.8011993074350411,0.8032373142160594,0.1492994309925082,0.1137937516482875,2008
72,TF65,Single best mono PWM,mono,0.8045980351608254,0.8011993074350411,0.8032373142160594,0.8100252243556059,0.802448776231856,0.8050886357257394,0.8032373142160594,0.8011993074350411,0.8045980351608254,0.1701508217219658,0.1492994309925082,0.1137937516482875,0.1730054641895725,0.1578972872526906,0.0969097672796522,0.1137937516482875,0.1492994309925082,0.1701508217219658,0.8011993074350411,0.8032373142160594,0.1492994309925082,0.1137937516482875,2008
72,TF65,XGBClassifier,mono,0.8045980351608254,0.8011993074350411,0.8032373142160594,0.8100252243556059,0.802448776231856,0.8050886357257394,0.7899875442441938,0.8131353725523792,0.9376001259612292,0.1701508217219658,0.1492994309925082,0.1137937516482875,0.1730054641895725,0.1578972872526906,0.0969097672796522,0.1141273425437639,0.2120650410573167,0.4061717520184461,0.8011993074350411,0.8032373142160594,0.1492994309925082,0.1137937516482875,2008
36,TF65,Single best di PWM,di,0.8045980351608254,0.8011993074350411,0.8032373142160594,0.8100252243556059,0.802448776231856,0.8050886357257394,0.8050886357257394,0.802448776231856,0.8100252243556059,0.1701508217219658,0.1492994309925082,0.1137937516482875,0.1730054641895725,0.1578972872526906,0.0969097672796522,0.0969097672796522,0.1578972872526906,0.1730054641895725,0.8011993074350411,0.8032373142160594,0.1492994309925082,0.1137937516482875,2008
36,TF65,XGBClassifier,di,0.8045980351608254,0.8011993074350411,0.8032373142160594,0.8100252243556059,0.802448776231856,0.8050886357257394,0.7794778595913254,0.8209128635148799,0.933128591556334,0.1701508217219658,0.1492994309925082,0.1137937516482875,0.1730054641895725,0.1578972872526906,0.0969097672796522,0.1132643009322533,0.1916362293636209,0.3948522933505641,0.8011993074350411,0.8032373142160594,0.1492994309925082,0.1137937516482875,2008
72,TF65,XGBClassifier,mono+di,0.8045980351608254,0.8011993074350411,0.8032373142160594,0.8100252243556059,0.802448776231856,0.8050886357257394,0.7953276395396719,0.8131230858367986,0.9474565900797808,0.1701508217219658,0.1492994309925082,0.1137937516482875,0.1730054641895725,0.1578972872526906,0.0969097672796522,0.1176268180465716,0.2010639517571973,0.4469124146351742,0.8011993074350411,0.8032373142160594,0.1492994309925082,0.1137937516482875,2008
72,TF65,Single best mono PWM,mono,0.8045980351608254,0.8011993074350411,0.8032373142160594,0.8100252243556059,0.802448776231856,0.8050886357257394,0.8032373142160594,0.8011993074350411,0.8045980351608254,0.1701508217219658,0.1492994309925082,0.1137937516482875,0.1730054641895725,0.1578972872526906,0.0969097672796522,0.1137937516482875,0.1492994309925082,0.1701508217219658,0.8011993074350411,0.8032373142160594,0.1492994309925082,0.1137937516482875,2008
72,TF65,BaggingClassifier_XGBClassifier,mono,0.8045980351608254,0.8011993074350411,0.8032373142160594,0.8100252243556059,0.802448776231856,0.8050886357257394,0.7965976614767716,0.823223724182398,0.9641252611950142,0.1701508217219658,0.1492994309925082,0.1137937516482875,0.1730054641895725,0.1578972872526906,0.0969097672796522,0.1178163009542839,0.2325450371799131,0.4413178742784649,0.8011993074350411,0.8032373142160594,0.1492994309925082,0.1137937516482875,2008
36,TF65,Single best di PWM,di,0.8045980351608254,0.8011993074350411,0.8032373142160594,0.8100252243556059,0.802448776231856,0.8050886357257394,0.8050886357257394,0.802448776231856,0.8100252243556059,0.1701508217219658,0.1492994309925082,0.1137937516482875,0.1730054641895725,0.1578972872526906,0.0969097672796522,0.0969097672796522,0.1578972872526906,0.1730054641895725,0.8011993074350411,0.8032373142160594,0.1492994309925082,0.1137937516482875,2008
36,TF65,BaggingClassifier_XGBClassifier,di,0.8045980351608254,0.8011993074350411,0.8032373142160594,0.8100252243556059,0.802448776231856,0.8050886357257394,0.7865946007580089,0.8310251967847131,0.9600719805817788,0.1701508217219658,0.1492994309925082,0.1137937516482875,0.1730054641895725,0.1578972872526906,0.0969097672796522,0.118532742690872,0.1942286722578755,0.4352901699272459,0.8011993074350411,0.8032373142160594,0.1492994309925082,0.1137937516482875,2008
72,TF65,BaggingClassifier_XGBClassifier,mono+di,0.8045980351608254,0.8011993074350411,0.8032373142160594,0.8100252243556059,0.802448776231856,0.8050886357257394,0.8010853677732866,0.8306757862652555,0.9689893770840856,0.1701508217219658,0.1492994309925082,0.1137937516482875,0.1730054641895725,0.1578972872526906,0.0969097672796522,0.1194564581952216,0.225409945441865,0.4810119626368398,0.8011993074350411,0.8032373142160594,0.1492994309925082,0.1137937516482875,2008
72,TF65,Single best mono PWM,mono,0.8045980351608254,0.8011993074350411,0.8032373142160594,0.8100252243556059,0.802448776231856,0.8050886357257394,0.8032373142160594,0.8011993074350411,0.8045980351608254,0.1701508217219658,0.1492994309925082,0.1137937516482875,0.1730054641895725,0.1578972872526906,0.0969097672796522,0.1137937516482875,0.1492994309925082,0.1701508217219658,0.8011993074350411,0.8032373142160594,0.1492994309925082,0.1137937516482875,2008
72,TF65,BaggingClassifier_LogisticRegression,mono,0.8045980351608254,0.8011993074350411,0.8032373142160594,0.8100252243556059,0.802448776231856,0.8050886357257394,0.8287218100495687,0.8166717203768978,0.822251924787412,0.1701508217219658,0.1492994309925082,0.1137937516482875,0.1730054641895725,0.1578972872526906,0.0969097672796522,0.1294583678088461,0.1851945267667176,0.2049264102314827,0.8011993074350411,0.8032373142160594,0.1492994309925082,0.1137937516482875,2008
36,TF65,Single best di PWM,di,0.8045980351608254,0.8011993074350411,0.8032373142160594,0.8100252243556059,0.802448776231856,0.8050886357257394,0.8050886357257394,0.802448776231856,0.8100252243556059,0.1701508217219658,0.1492994309925082,0.1137937516482875,0.1730054641895725,0.1578972872526906,0.0969097672796522,0.0969097672796522,0.1578972872526906,0.1730054641895725,0.8011993074350411,0.8032373142160594,0.1492994309925082,0.1137937516482875,2008
36,TF65,BaggingClassifier_LogisticRegression,di,0.8045980351608254,0.8011993074350411,0.8032373142160594,0.8100252243556059,0.802448776231856,0.8050886357257394,0.8265890570772989,0.8090752330248879,0.8204080577702335,0.1701508217219658,0.1492994309925082,0.1137937516482875,0.1730054641895725,0.1578972872526906,0.0969097672796522,0.1150871391426326,0.1668548120439921,0.1908001852066309,0.8011993074350411,0.8032373142160594,0.1492994309925082,0.1137937516482875,2008
72,TF65,BaggingClassifier_LogisticRegression,mono+di,0.8045980351608254,0.8011993074350411,0.8032373142160594,0.8100252243556059,0.802448776231856,0.8050886357257394,0.8232756394468737,0.8176556439422547,0.8357968929545088,0.1701508217219658,0.1492994309925082,0.1137937516482875,0.1730054641895725,0.1578972872526906,0.0969097672796522,0.123384348288371,0.184014054899366,0.2021242687915192,0.8011993074350411,0.8032373142160594,0.1492994309925082,0.1137937516482875,2008
5,TFE2,Single best mono PWM,mono,0.7569200440945192,0.7323898784896467,0.8820453020135994,0.7613660909030084,0.7343145631591137,0.8782066468314174,0.8820453020135994,0.7323898784896467,0.7569200440945192,0.0439448638569181,0.0332127817064429,0.1848345483152131,0.0477733304469636,0.0297925317925187,0.1852668149168027,0.1848345483152131,0.0332127817064429,0.0439448638569181,0.7323898784896467,0.8820453020135994,0.0332127817064429,0.1848345483152131,1939
5,TFE2,RandomForestClassifier,mono,0.7569200440945192,0.7323898784896467,0.8820453020135994,0.7613660909030084,0.7343145631591137,0.8782066468314174,0.8911904613403587,0.7740853238333042,0.8305357128868579,0.0439448638569181,0.0332127817064429,0.1848345483152131,0.0477733304469636,0.0297925317925187,0.1852668149168027,0.2379791760856343,0.0542851450399204,0.1392933022178242,0.7323898784896467,0.8820453020135994,0.0332127817064429,0.1848345483152131,1939
3,TFE2,Single best di PWM,di,0.7569200440945192,0.7323898784896467,0.8820453020135994,0.7613660909030084,0.7343145631591137,0.8782066468314174,0.8782066468314174,0.7343145631591137,0.7613660909030084,0.0439448638569181,0.0332127817064429,0.1848345483152131,0.0477733304469636,0.0297925317925187,0.1852668149168027,0.1852668149168027,0.0297925317925187,0.0477733304469636,0.7323898784896467,0.8820453020135994,0.0332127817064429,0.1848345483152131,1939
3,TFE2,RandomForestClassifier,di,0.7569200440945192,0.7323898784896467,0.8820453020135994,0.7613660909030084,0.7343145631591137,0.8782066468314174,0.8902569661813141,0.7651601018467231,0.8227049431147193,0.0439448638569181,0.0332127817064429,0.1848345483152131,0.0477733304469636,0.0297925317925187,0.1852668149168027,0.2120337649752151,0.0551976371735438,0.1262068942786707,0.7323898784896467,0.8820453020135994,0.0332127817064429,0.1848345483152131,1939
5,TFE2,RandomForestClassifier,mono+di,0.7569200440945192,0.7323898784896467,0.8820453020135994,0.7613660909030084,0.7343145631591137,0.8782066468314174,0.8957814465097192,0.777674810708414,0.8354686599761985,0.0439448638569181,0.0332127817064429,0.1848345483152131,0.0477733304469636,0.0297925317925187,0.1852668149168027,0.2417624224712317,0.0590028536751612,0.1543391603867062,0.7323898784896467,0.8820453020135994,0.0332127817064429,0.1848345483152131,1939
5,TFE2,Single best mono PWM,mono,0.7569200440945192,0.7323898784896467,0.8820453020135994,0.7613660909030084,0.7343145631591137,0.8782066468314174,0.8820453020135994,0.7323898784896467,0.7569200440945192,0.0439448638569181,0.0332127817064429,0.1848345483152131,0.0477733304469636,0.0297925317925187,0.1852668149168027,0.1848345483152131,0.0332127817064429,0.0439448638569181,0.7323898784896467,0.8820453020135994,0.0332127817064429,0.1848345483152131,1939
5,TFE2,LogisticRegression,mono,0.7569200440945192,0.7323898784896467,0.8820453020135994,0.7613660909030084,0.7343145631591137,0.8782066468314174,0.8946604867740272,0.7536822025752878,0.7719597092629796,0.0439448638569181,0.0332127817064429,0.1848345483152131,0.0477733304469636,0.0297925317925187,0.1852668149168027,0.2682206470251215,0.0400701326912581,0.0552969232791498,0.7323898784896467,0.8820453020135994,0.0332127817064429,0.1848345483152131,1939
3,TFE2,Single best di PWM,di,0.7569200440945192,0.7323898784896467,0.8820453020135994,0.7613660909030084,0.7343145631591137,0.8782066468314174,0.8782066468314174,0.7343145631591137,0.7613660909030084,0.0439448638569181,0.0332127817064429,0.1848345483152131,0.0477733304469636,0.0297925317925187,0.1852668149168027,0.1852668149168027,0.0297925317925187,0.0477733304469636,0.7323898784896467,0.8820453020135994,0.0332127817064429,0.1848345483152131,1939
3,TFE2,LogisticRegression,di,0.7569200440945192,0.7323898784896467,0.8820453020135994,0.7613660909030084,0.7343145631591137,0.8782066468314174,0.8964075166916948,0.7492915976453386,0.7690880226317348,0.0439448638569181,0.0332127817064429,0.1848345483152131,0.0477733304469636,0.0297925317925187,0.1852668149168027,0.2328795544562331,0.0360581152501802,0.0521865395723812,0.7323898784896467,0.8820453020135994,0.0332127817064429,0.1848345483152131,1939
5,TFE2,LogisticRegression,mono+di,0.7569200440945192,0.7323898784896467,0.8820453020135994,0.7613660909030084,0.7343145631591137,0.8782066468314174,0.9000038382419833,0.7535581390589127,0.7781006144366717,0.0439448638569181,0.0332127817064429,0.1848345483152131,0.0477733304469636,0.0297925317925187,0.1852668149168027,0.2829019016602606,0.0476365034102672,0.0619203178953037,0.7323898784896467,0.8820453020135994,0.0332127817064429,0.1848345483152131,1939
5,TFE2,Single best mono PWM,mono,0.7569200440945192,0.7323898784896467,0.8820453020135994,0.7613660909030084,0.7343145631591137,0.8782066468314174,0.8820453020135994,0.7323898784896467,0.7569200440945192,0.0439448638569181,0.0332127817064429,0.1848345483152131,0.0477733304469636,0.0297925317925187,0.1852668149168027,0.1848345483152131,0.0332127817064429,0.0439448638569181,0.7323898784896467,0.8820453020135994,0.0332127817064429,0.1848345483152131,1939
5,TFE2,XGBClassifier,mono,0.7569200440945192,0.7323898784896467,0.8820453020135994,0.7613660909030084,0.7343145631591137,0.8782066468314174,0.8806833421514983,0.7656655206146866,0.8569487440141131,0.0439448638569181,0.0332127817064429,0.1848345483152131,0.0477733304469636,0.0297925317925187,0.1852668149168027,0.2244535542684164,0.0583654622696449,0.143983845667821,0.7323898784896467,0.8820453020135994,0.0332127817064429,0.1848345483152131,1939
3,TFE2,Single best di PWM,di,0.7569200440945192,0.7323898784896467,0.8820453020135994,0.7613660909030084,0.7343145631591137,0.8782066468314174,0.8782066468314174,0.7343145631591137,0.7613660909030084,0.0439448638569181,0.0332127817064429,0.1848345483152131,0.0477733304469636,0.0297925317925187,0.1852668149168027,0.1852668149168027,0.0297925317925187,0.0477733304469636,0.7323898784896467,0.8820453020135994,0.0332127817064429,0.1848345483152131,1939
3,TFE2,XGBClassifier,di,0.7569200440945192,0.7323898784896467,0.8820453020135994,0.7613660909030084,0.7343145631591137,0.8782066468314174,0.8814346278724103,0.7713536595855145,0.8453003177724312,0.0439448638569181,0.0332127817064429,0.1848345483152131,0.0477733304469636,0.0297925317925187,0.1852668149168027,0.1907820608437107,0.0450857079118235,0.1473081164737808,0.7323898784896467,0.8820453020135994,0.0332127817064429,0.1848345483152131,1939
5,TFE2,XGBClassifier,mono+di,0.7569200440945192,0.7323898784896467,0.8820453020135994,0.7613660909030084,0.7343145631591137,0.8782066468314174,0.8836850667534815,0.7831958152997033,0.8747041057823716,0.0439448638569181,0.0332127817064429,0.1848345483152131,0.0477733304469636,0.0297925317925187,0.1852668149168027,0.2091780306666296,0.0609242184882741,0.1843791716247746,0.7323898784896467,0.8820453020135994,0.0332127817064429,0.1848345483152131,1939
5,TFE2,Single best mono PWM,mono,0.7569200440945192,0.7323898784896467,0.8820453020135994,0.7613660909030084,0.7343145631591137,0.8782066468314174,0.8820453020135994,0.7323898784896467,0.7569200440945192,0.0439448638569181,0.0332127817064429,0.1848345483152131,0.0477733304469636,0.0297925317925187,0.1852668149168027,0.1848345483152131,0.0332127817064429,0.0439448638569181,0.7323898784896467,0.8820453020135994,0.0332127817064429,0.1848345483152131,1939
5,TFE2,BaggingClassifier_XGBClassifier,mono,0.7569200440945192,0.7323898784896467,0.8820453020135994,0.7613660909030084,0.7343145631591137,0.8782066468314174,0.8826417571047582,0.7672111816883157,0.8809784247496086,0.0439448638569181,0.0332127817064429,0.1848345483152131,0.0477733304469636,0.0297925317925187,0.1852668149168027,0.2312795434691204,0.0632065377761751,0.1701241276097465,0.7323898784896467,0.8820453020135994,0.0332127817064429,0.1848345483152131,1939
3,TFE2,Single best di PWM,di,0.7569200440945192,0.7323898784896467,0.8820453020135994,0.7613660909030084,0.7343145631591137,0.8782066468314174,0.8782066468314174,0.7343145631591137,0.7613660909030084,0.0439448638569181,0.0332127817064429,0.1848345483152131,0.0477733304469636,0.0297925317925187,0.1852668149168027,0.1852668149168027,0.0297925317925187,0.0477733304469636,0.7323898784896467,0.8820453020135994,0.0332127817064429,0.1848345483152131,1939
3,TFE2,BaggingClassifier_XGBClassifier,di,0.7569200440945192,0.7323898784896467,0.8820453020135994,0.7613660909030084,0.7343145631591137,0.8782066468314174,0.8818017989036567,0.7728372079406868,0.8690772276723203,0.0439448638569181,0.0332127817064429,0.1848345483152131,0.0477733304469636,0.0297925317925187,0.1852668149168027,0.1999890508500958,0.0447905335252614,0.167401056142295,0.7323898784896467,0.8820453020135994,0.0332127817064429,0.1848345483152131,1939
5,TFE2,BaggingClassifier_XGBClassifier,mono+di,0.7569200440945192,0.7323898784896467,0.8820453020135994,0.7613660909030084,0.7343145631591137,0.8782066468314174,0.8859843883144731,0.7851434603014883,0.9013739990240216,0.0439448638569181,0.0332127817064429,0.1848345483152131,0.0477733304469636,0.0297925317925187,0.1852668149168027,0.2283687068649572,0.0609699073233193,0.2446275731788512,0.7323898784896467,0.8820453020135994,0.0332127817064429,0.1848345483152131,1939
5,TFE2,Single best mono PWM,mono,0.7569200440945192,0.7323898784896467,0.8820453020135994,0.7613660909030084,0.7343145631591137,0.8782066468314174,0.8820453020135994,0.7323898784896467,0.7569200440945192,0.0439448638569181,0.0332127817064429,0.1848345483152131,0.0477733304469636,0.0297925317925187,0.1852668149168027,0.1848345483152131,0.0332127817064429,0.0439448638569181,0.7323898784896467,0.8820453020135994,0.0332127817064429,0.1848345483152131,1939
5,TFE2,BaggingClassifier_LogisticRegression,mono,0.7569200440945192,0.7323898784896467,0.8820453020135994,0.7613660909030084,0.7343145631591137,0.8782066468314174,0.8944939300608352,0.7531332919507616,0.7720611729769287,0.0439448638569181,0.0332127817064429,0.1848345483152131,0.0477733304469636,0.0297925317925187,0.1852668149168027,0.2681974828660998,0.0398760974462108,0.0553706052791438,0.7323898784896467,0.8820453020135994,0.0332127817064429,0.1848345483152131,1939
3,TFE2,Single best di PWM,di,0.7569200440945192,0.7323898784896467,0.8820453020135994,0.7613660909030084,0.7343145631591137,0.8782066468314174,0.8782066468314174,0.7343145631591137,0.7613660909030084,0.0439448638569181,0.0332127817064429,0.1848345483152131,0.0477733304469636,0.0297925317925187,0.1852668149168027,0.1852668149168027,0.0297925317925187,0.0477733304469636,0.7323898784896467,0.8820453020135994,0.0332127817064429,0.1848345483152131,1939
3,TFE2,BaggingClassifier_LogisticRegression,di,0.7569200440945192,0.7323898784896467,0.8820453020135994,0.7613660909030084,0.7343145631591137,0.8782066468314174,0.8963973019144715,0.7494798140789519,0.769139496534372,0.0439448638569181,0.0332127817064429,0.1848345483152131,0.0477733304469636,0.0297925317925187,0.1852668149168027,0.2329662517260256,0.0358320015025143,0.0518477924751845,0.7323898784896467,0.8820453020135994,0.0332127817064429,0.1848345483152131,1939
5,TFE2,BaggingClassifier_LogisticRegression,mono+di,0.7569200440945192,0.7323898784896467,0.8820453020135994,0.7613660909030084,0.7343145631591137,0.8782066468314174,0.8999501324041977,0.753660861448352,0.778158754717099,0.0439448638569181,0.0332127817064429,0.1848345483152131,0.0477733304469636,0.0297925317925187,0.1852668149168027,0.2838692843133356,0.0455154606162034,0.0618647900972025,0.7323898784896467,0.8820453020135994,0.0332127817064429,0.1848345483152131,1939
12,USF2,Single best mono PWM,mono,0.9728803718991182,0.9759833901717891,0.9793799627046236,0.9721904830307226,0.9760589341706774,0.9775948817328588,0.9793799627046236,0.9759833901717891,0.9728803718991182,0.680824059755722,0.6224121685542722,0.341024724999097,0.6874102508671369,0.6500021306181215,0.3539882416385283,0.341024724999097,0.6224121685542722,0.680824059755722,0.9759833901717891,0.9793799627046236,0.6224121685542722,0.341024724999097,6522
12,USF2,RandomForestClassifier,mono,0.9728803718991182,0.9759833901717891,0.9793799627046236,0.9721904830307226,0.9760589341706774,0.9775948817328588,0.9811567324697036,0.9784827704228872,0.9791036956315518,0.680824059755722,0.6224121685542722,0.341024724999097,0.6874102508671369,0.6500021306181215,0.3539882416385283,0.3544809597740156,0.646283687968062,0.7464361212483718,0.9759833901717891,0.9793799627046236,0.6224121685542722,0.341024724999097,6522
6,USF2,Single best di PWM,di,0.9728803718991182,0.9759833901717891,0.9793799627046236,0.9721904830307226,0.9760589341706774,0.9775948817328588,0.9775948817328588,0.9760589341706774,0.9721904830307226,0.680824059755722,0.6224121685542722,0.341024724999097,0.6874102508671369,0.6500021306181215,0.3539882416385283,0.3539882416385283,0.6500021306181215,0.6874102508671369,0.9759833901717891,0.9793799627046236,0.6224121685542722,0.341024724999097,6522
6,USF2,RandomForestClassifier,di,0.9728803718991182,0.9759833901717891,0.9793799627046236,0.9721904830307226,0.9760589341706774,0.9775948817328588,0.981075482113153,0.9797176677416004,0.9793633667687957,0.680824059755722,0.6224121685542722,0.341024724999097,0.6874102508671369,0.6500021306181215,0.3539882416385283,0.3409723392283711,0.6687197409323652,0.7682451115365798,0.9759833901717891,0.9793799627046236,0.6224121685542722,0.341024724999097,6522
12,USF2,RandomForestClassifier,mono+di,0.9728803718991182,0.9759833901717891,0.9793799627046236,0.9721904830307226,0.9760589341706774,0.9775948817328588,0.9813329134290084,0.9800634011956058,0.9797210645106867,0.680824059755722,0.6224121685542722,0.341024724999097,0.6874102508671369,0.6500021306181215,0.3539882416385283,0.3534229700543765,0.6691623613950194,0.7723443462316438,0.9759833901717891,0.9793799627046236,0.6224121685542722,0.341024724999097,6522
12,USF2,Single best mono PWM,mono,0.9728803718991182,0.9759833901717891,0.9793799627046236,0.9721904830307226,0.9760589341706774,0.9775948817328588,0.9793799627046236,0.9759833901717891,0.9728803718991182,0.680824059755722,0.6224121685542722,0.341024724999097,0.6874102508671369,0.6500021306181215,0.3539882416385283,0.341024724999097,0.6224121685542722,0.680824059755722,0.9759833901717891,0.9793799627046236,0.6224121685542722,0.341024724999097,6522
12,USF2,LogisticRegression,mono,0.9728803718991182,0.9759833901717891,0.9793799627046236,0.9721904830307226,0.9760589341706774,0.9775948817328588,0.9794596505543176,0.9783396132283568,0.9735817300026428,0.680824059755722,0.6224121685542722,0.341024724999097,0.6874102508671369,0.6500021306181215,0.3539882416385283,0.3380243463088666,0.6327117244505726,0.687352061478484,0.9759833901717891,0.9793799627046236,0.6224121685542722,0.341024724999097,6522
6,USF2,Single best di PWM,di,0.9728803718991182,0.9759833901717891,0.9793799627046236,0.9721904830307226,0.9760589341706774,0.9775948817328588,0.9775948817328588,0.9760589341706774,0.9721904830307226,0.680824059755722,0.6224121685542722,0.341024724999097,0.6874102508671369,0.6500021306181215,0.3539882416385283,0.3539882416385283,0.6500021306181215,0.6874102508671369,0.9759833901717891,0.9793799627046236,0.6224121685542722,0.341024724999097,6522
6,USF2,LogisticRegression,di,0.9728803718991182,0.9759833901717891,0.9793799627046236,0.9721904830307226,0.9760589341706774,0.9775948817328588,0.9812291895695818,0.9791510954948638,0.9742497498137104,0.680824059755722,0.6224121685542722,0.341024724999097,0.6874102508671369,0.6500021306181215,0.3539882416385283,0.3553640672543103,0.6665631051881981,0.6990383657266857,0.9759833901717891,0.9793799627046236,0.6224121685542722,0.341024724999097,6522
12,USF2,LogisticRegression,mono+di,0.9728803718991182,0.9759833901717891,0.9793799627046236,0.9721904830307226,0.9760589341706774,0.9775948817328588,0.9813740705245116,0.9803963555232872,0.9748513951174504,0.680824059755722,0.6224121685542722,0.341024724999097,0.6874102508671369,0.6500021306181215,0.3539882416385283,0.3674642958998064,0.6743015307494996,0.7026895260582816,0.9759833901717891,0.9793799627046236,0.6224121685542722,0.341024724999097,6522
12,USF2,Single best mono PWM,mono,0.9728803718991182,0.9759833901717891,0.9793799627046236,0.9721904830307226,0.9760589341706774,0.9775948817328588,0.9793799627046236,0.9759833901717891,0.9728803718991182,0.680824059755722,0.6224121685542722,0.341024724999097,0.6874102508671369,0.6500021306181215,0.3539882416385283,0.341024724999097,0.6224121685542722,0.680824059755722,0.9759833901717891,0.9793799627046236,0.6224121685542722,0.341024724999097,6522
12,USF2,XGBClassifier,mono,0.9728803718991182,0.9759833901717891,0.9793799627046236,0.9721904830307226,0.9760589341706774,0.9775948817328588,0.9793458535123892,0.9777392885982744,0.9879880246965268,0.680824059755722,0.6224121685542722,0.341024724999097,0.6874102508671369,0.6500021306181215,0.3539882416385283,0.3486777456083887,0.6353866702759569,0.7736628554874572,0.9759833901717891,0.9793799627046236,0.6224121685542722,0.341024724999097,6522
6,USF2,Single best di PWM,di,0.9728803718991182,0.9759833901717891,0.9793799627046236,0.9721904830307226,0.9760589341706774,0.9775948817328588,0.9775948817328588,0.9760589341706774,0.9721904830307226,0.680824059755722,0.6224121685542722,0.341024724999097,0.6874102508671369,0.6500021306181215,0.3539882416385283,0.3539882416385283,0.6500021306181215,0.6874102508671369,0.9759833901717891,0.9793799627046236,0.6224121685542722,0.341024724999097,6522
6,USF2,XGBClassifier,di,0.9728803718991182,0.9759833901717891,0.9793799627046236,0.9721904830307226,0.9760589341706774,0.9775948817328588,0.9791236118456372,0.9781528056362732,0.9878301915865794,0.680824059755722,0.6224121685542722,0.341024724999097,0.6874102508671369,0.6500021306181215,0.3539882416385283,0.3406037892651326,0.6658626460935516,0.8072524112052041,0.9759833901717891,0.9793799627046236,0.6224121685542722,0.341024724999097,6522
12,USF2,XGBClassifier,mono+di,0.9728803718991182,0.9759833901717891,0.9793799627046236,0.9721904830307226,0.9760589341706774,0.9775948817328588,0.9807785891879578,0.9795091743593908,0.9898149734190376,0.680824059755722,0.6224121685542722,0.341024724999097,0.6874102508671369,0.6500021306181215,0.3539882416385283,0.3817337273336708,0.6625320921790914,0.8162133373780706,0.9759833901717891,0.9793799627046236,0.6224121685542722,0.341024724999097,6522
12,USF2,Single best mono PWM,mono,0.9728803718991182,0.9759833901717891,0.9793799627046236,0.9721904830307226,0.9760589341706774,0.9775948817328588,0.9793799627046236,0.9759833901717891,0.9728803718991182,0.680824059755722,0.6224121685542722,0.341024724999097,0.6874102508671369,0.6500021306181215,0.3539882416385283,0.341024724999097,0.6224121685542722,0.680824059755722,0.9759833901717891,0.9793799627046236,0.6224121685542722,0.341024724999097,6522
12,USF2,BaggingClassifier_XGBClassifier,mono,0.9728803718991182,0.9759833901717891,0.9793799627046236,0.9721904830307226,0.9760589341706774,0.9775948817328588,0.9806968401590062,0.9782990917805215,0.9897518042365676,0.680824059755722,0.6224121685542722,0.341024724999097,0.6874102508671369,0.6500021306181215,0.3539882416385283,0.3767415924414169,0.6354327433104617,0.7807028558770845,0.9759833901717891,0.9793799627046236,0.6224121685542722,0.341024724999097,6522
6,USF2,Single best di PWM,di,0.9728803718991182,0.9759833901717891,0.9793799627046236,0.9721904830307226,0.9760589341706774,0.9775948817328588,0.9775948817328588,0.9760589341706774,0.9721904830307226,0.680824059755722,0.6224121685542722,0.341024724999097,0.6874102508671369,0.6500021306181215,0.3539882416385283,0.3539882416385283,0.6500021306181215,0.6874102508671369,0.9759833901717891,0.9793799627046236,0.6224121685542722,0.341024724999097,6522
6,USF2,BaggingClassifier_XGBClassifier,di,0.9728803718991182,0.9759833901717891,0.9793799627046236,0.9721904830307226,0.9760589341706774,0.9775948817328588,0.9803184807858863,0.978729957450621,0.9898222465925336,0.680824059755722,0.6224121685542722,0.341024724999097,0.6874102508671369,0.6500021306181215,0.3539882416385283,0.3659024791115441,0.6637462252447299,0.8155825520021139,0.9759833901717891,0.9793799627046236,0.6224121685542722,0.341024724999097,6522
12,USF2,BaggingClassifier_XGBClassifier,mono+di,0.9728803718991182,0.9759833901717891,0.9793799627046236,0.9721904830307226,0.9760589341706774,0.9775948817328588,0.9813914243240696,0.9793629656643928,0.9917633437324174,0.680824059755722,0.6224121685542722,0.341024724999097,0.6874102508671369,0.6500021306181215,0.3539882416385283,0.3785442937939181,0.6683561004547706,0.8299747929281017,0.9759833901717891,0.9793799627046236,0.6224121685542722,0.341024724999097,6522
12,USF2,Single best mono PWM,mono,0.9728803718991182,0.9759833901717891,0.9793799627046236,0.9721904830307226,0.9760589341706774,0.9775948817328588,0.9793799627046236,0.9759833901717891,0.9728803718991182,0.680824059755722,0.6224121685542722,0.341024724999097,0.6874102508671369,0.6500021306181215,0.3539882416385283,0.341024724999097,0.6224121685542722,0.680824059755722,0.9759833901717891,0.9793799627046236,0.6224121685542722,0.341024724999097,6522
12,USF2,BaggingClassifier_LogisticRegression,mono,0.9728803718991182,0.9759833901717891,0.9793799627046236,0.9721904830307226,0.9760589341706774,0.9775948817328588,0.9794461531546615,0.9783477918692042,0.9735664357465164,0.680824059755722,0.6224121685542722,0.341024724999097,0.6874102508671369,0.6500021306181215,0.3539882416385283,0.3379299417681127,0.6324123865140207,0.6872574395459223,0.9759833901717891,0.9793799627046236,0.6224121685542722,0.341024724999097,6522
6,USF2,Single best di PWM,di,0.9728803718991182,0.9759833901717891,0.9793799627046236,0.9721904830307226,0.9760589341706774,0.9775948817328588,0.9775948817328588,0.9760589341706774,0.9721904830307226,0.680824059755722,0.6224121685542722,0.341024724999097,0.6874102508671369,0.6500021306181215,0.3539882416385283,0.3539882416385283,0.6500021306181215,0.6874102508671369,0.9759833901717891,0.9793799627046236,0.6224121685542722,0.341024724999097,6522
6,USF2,BaggingClassifier_LogisticRegression,di,0.9728803718991182,0.9759833901717891,0.9793799627046236,0.9721904830307226,0.9760589341706774,0.9775948817328588,0.9812168557388616,0.979144899554828,0.9742493457485162,0.680824059755722,0.6224121685542722,0.341024724999097,0.6874102508671369,0.6500021306181215,0.3539882416385283,0.3553738179781056,0.6665440424000784,0.6989839771197054,0.9759833901717891,0.9793799627046236,0.6224121685542722,0.341024724999097,6522
12,USF2,BaggingClassifier_LogisticRegression,mono+di,0.9728803718991182,0.9759833901717891,0.9793799627046236,0.9721904830307226,0.9760589341706774,0.9775948817328588,0.981336138177202,0.9804716361947238,0.9748276562872886,0.680824059755722,0.6224121685542722,0.341024724999097,0.6874102508671369,0.6500021306181215,0.3539882416385283,0.3635244789724559,0.6751993859785226,0.702290384205531,0.9759833901717891,0.9793799627046236,0.6224121685542722,0.341024724999097,6522
