Count	TF_name	Model	PWM	roc_auc_train_H_PWM_mono	roc_auc_test_H_PWM_mono	roc_auc_test_M_PWM_mono	roc_auc_train_H_PWM_di	roc_auc_test_H_PWM_di	roc_auc_test_M_PWM_di	roc_auc_test_M	mean_auc_test_M	median_auc_test_M	std_auc_test_M	roc_auc_test_H	mean_auc_test_H	median_auc_test_H	std_auc_test_H	roc_auc_train_H	mean_auc_train_H	median_auc_train_H	std_auc_train_H	pr_auc_train_H_PWM_mono	pr_auc_test_H_PWM_mono	pr_auc_test_M_PWM_mono	pr_auc_train_H_PWM_di	pr_auc_test_H_PWM_di	pr_auc_test_M_PWM_di	pr_auc_test_M	mean_pr_auc_test_M	median_pr_auc_test_M	std_pr_auc_test_M	pr_auc_test_H	mean_pr_auc_test_H	median_pr_auc_test_H	std_pr_auc_test_H	pr_auc_train_H	mean_pr_auc_train_H	median_pr_auc_train_H	std_pr_auc_train_H	roc_auc_test_H_PWM	roc_auc_test_M_PWM	pr_auc_test_H_PWM	pr_auc_test_M_PWM	Unnamed: 0	Names	Seq_count
195	ANDR	Single best mono PWM	mono	0.873007736236854	0.8779521091470112	0.9195572091773379	0.0	0.0	0.0	0.9195572091773379	0.9195572091773379	0.9195572091773379	0.0	0.8779521091470112	0.8779521091470112	0.8779521091470112	0.0	0.873007736236854	0.873007736236854	0.873007736236854	0.0	0.4293377162734012	0.541516392788168	0.5459057740863315	0.0	0.0	0.0	0.5459057740863315	0.5459057740863315	0.5459057740863315	0.0	0.541516392788168	0.541516392788168	0.541516392788168	0.0	0.4293377162734012	0.4293377162734012	0.4293377162734012	0.0	0.8779521091470112	0.9195572091773379	0.541516392788168	0.5459057740863315	0	ANDR	10000
195	ANDR	RandomForestClassifier	mono	0.873007736236854	0.8779521091470112	0.9195572091773379	0.873007736236854	0.8779521091470112	0.9195572091773379	0.9454995229292753	0.9454995229292753	0.9454995229292753	0.0	0.9265391426275709	0.9265391426275709	0.9265391426275709	0.0	0.9401560235580602	0.9401560235580602	0.9401560235580602	0.0	0.4293377162734012	0.541516392788168	0.5459057740863315	0.4293377162734012	0.541516392788168	0.5459057740863315	0.5649290370424818	0.5649290370424818	0.5649290370424818	0.0	0.6850168377173996	0.6850168377173996	0.6850168377173996	0.0	0.6681771272119205	0.6681771272119205	0.6681771272119205	0.0	0.8779521091470112	0.9195572091773379	0.541516392788168	0.5459057740863315	0	ANDR	10000
108	ANDR	Single best di PWM	di	0.0	0.0	0.0	0.8800389417303838	0.8866636853106442	0.9126371729826062	0.9126371729826062	0.9126371729826062	0.9126371729826062	0.0	0.8866636853106442	0.8866636853106442	0.8866636853106442	0.0	0.8800389417303838	0.8800389417303838	0.8800389417303838	0.0	0.0	0.0	0.0	0.4404412731234325	0.5504227470448627	0.5346276244802707	0.5346276244802707	0.5346276244802707	0.5346276244802707	0.0	0.5504227470448627	0.5504227470448627	0.5504227470448627	0.0	0.4404412731234325	0.4404412731234325	0.4404412731234325	0.0	0.8866636853106442	0.9126371729826062	0.5504227470448627	0.5346276244802707	0	ANDR	10000
108	ANDR	RandomForestClassifier	di	0.8800389417303838	0.8866636853106442	0.9126371729826062	0.8800389417303838	0.8866636853106442	0.9126371729826062	0.9482269669522876	0.9482269669522876	0.9482269669522876	0.0	0.9385569030638776	0.9385569030638776	0.9385569030638776	0.0	0.9478182625232481	0.9478182625232481	0.9478182625232481	0.0	0.4404412731234325	0.5504227470448627	0.5346276244802707	0.4404412731234325	0.5504227470448627	0.5346276244802707	0.5755073835013057	0.5755073835013057	0.5755073835013057	0.0	0.7221381882656448	0.7221381882656448	0.7221381882656448	0.0	0.7011396283472658	0.7011396283472658	0.7011396283472658	0.0	0.8866636853106442	0.9126371729826062	0.5504227470448627	0.5346276244802707	0	ANDR	10000
195	ANDR	RandomForestClassifier	mono+di	0.0	0.8866636853106442	0.9195572091773379	0.0	0.8866636853106442	0.9195572091773379	0.948447865148413	0.948447865148413	0.948447865148413	0.0	0.9373317083177566	0.9373317083177566	0.9373317083177566	0.0	0.9480073229375527	0.9480073229375527	0.9480073229375527	0.0	0.0	0.5504227470448627	0.5459057740863315	0.0	0.5504227470448627	0.5459057740863315	0.5789182264206497	0.5789182264206497	0.5789182264206497	0.0	0.7185145596705728	0.7185145596705728	0.7185145596705728	0.0	0.7036266451855752	0.7036266451855752	0.7036266451855752	0.0	0.8866636853106442	0.9195572091773379	0.5504227470448627	0.5459057740863315	0	ANDR	10000
195	ANDR	Single best mono PWM	mono	0.873007736236854	0.8779521091470112	0.9195572091773379	0.0	0.0	0.0	0.9195572091773379	0.9195572091773379	0.9195572091773379	0.0	0.8779521091470112	0.8779521091470112	0.8779521091470112	0.0	0.873007736236854	0.873007736236854	0.873007736236854	0.0	0.4293377162734012	0.541516392788168	0.5459057740863315	0.0	0.0	0.0	0.5459057740863315	0.5459057740863315	0.5459057740863315	0.0	0.541516392788168	0.541516392788168	0.541516392788168	0.0	0.4293377162734012	0.4293377162734012	0.4293377162734012	0.0	0.8779521091470112	0.9195572091773379	0.541516392788168	0.5459057740863315	0	ANDR	10000
195	ANDR	LogisticRegression	mono	0.873007736236854	0.8779521091470112	0.9195572091773379	0.873007736236854	0.8779521091470112	0.9195572091773379	0.9486788667683017	0.9486788667683017	0.9486788667683017	0.0	0.937055907380141	0.937055907380141	0.937055907380141	0.0	0.9428598488106473	0.9428598488106473	0.9428598488106473	0.0	0.4293377162734012	0.541516392788168	0.5459057740863315	0.4293377162734012	0.541516392788168	0.5459057740863315	0.5808929495965545	0.5808929495965545	0.5808929495965545	0.0	0.720089804282593	0.720089804282593	0.720089804282593	0.0	0.6245392491258709	0.6245392491258709	0.6245392491258709	0.0	0.8779521091470112	0.9195572091773379	0.541516392788168	0.5459057740863315	0	ANDR	10000
108	ANDR	Single best di PWM	di	0.0	0.0	0.0	0.8800389417303838	0.8866636853106442	0.9126371729826062	0.9126371729826062	0.9126371729826062	0.9126371729826062	0.0	0.8866636853106442	0.8866636853106442	0.8866636853106442	0.0	0.8800389417303838	0.8800389417303838	0.8800389417303838	0.0	0.0	0.0	0.0	0.4404412731234325	0.5504227470448627	0.5346276244802707	0.5346276244802707	0.5346276244802707	0.5346276244802707	0.0	0.5504227470448627	0.5504227470448627	0.5504227470448627	0.0	0.4404412731234325	0.4404412731234325	0.4404412731234325	0.0	0.8866636853106442	0.9126371729826062	0.5504227470448627	0.5346276244802707	0	ANDR	10000
108	ANDR	LogisticRegression	di	0.8800389417303838	0.8866636853106442	0.9126371729826062	0.8800389417303838	0.8866636853106442	0.9126371729826062	0.949757067608717	0.949757067608717	0.949757067608717	0.0	0.9424375843684899	0.9424375843684899	0.9424375843684899	0.0	0.9437434140197825	0.9437434140197825	0.9437434140197825	0.0	0.4404412731234325	0.5504227470448627	0.5346276244802707	0.4404412731234325	0.5504227470448627	0.5346276244802707	0.5702189731410597	0.5702189731410597	0.5702189731410597	0.0	0.7377095927366017	0.7377095927366017	0.7377095927366017	0.0	0.6309911269202751	0.6309911269202751	0.6309911269202751	0.0	0.8866636853106442	0.9126371729826062	0.5504227470448627	0.5346276244802707	0	ANDR	10000
195	ANDR	LogisticRegression	mono+di	0.0	0.8866636853106442	0.9195572091773379	0.0	0.8866636853106442	0.9195572091773379	0.9531939054785905	0.9531939054785905	0.9531939054785905	0.0	0.9412988691415285	0.9412988691415285	0.9412988691415285	0.0	0.9491777304283233	0.9491777304283233	0.9491777304283233	0.0	0.0	0.5504227470448627	0.5459057740863315	0.0	0.5504227470448627	0.5459057740863315	0.5899856235859936	0.5899856235859936	0.5899856235859936	0.0	0.7361598782031218	0.7361598782031218	0.7361598782031218	0.0	0.664028596823326	0.664028596823326	0.664028596823326	0.0	0.8866636853106442	0.9195572091773379	0.5504227470448627	0.5459057740863315	0	ANDR	10000
195	ANDR	Single best mono PWM	mono	0.873007736236854	0.8779521091470112	0.9195572091773379	0.0	0.0	0.0	0.9195572091773379	0.9195572091773379	0.9195572091773379	0.0	0.8779521091470112	0.8779521091470112	0.8779521091470112	0.0	0.873007736236854	0.873007736236854	0.873007736236854	0.0	0.4293377162734012	0.541516392788168	0.5459057740863315	0.0	0.0	0.0	0.5459057740863315	0.5459057740863315	0.5459057740863315	0.0	0.541516392788168	0.541516392788168	0.541516392788168	0.0	0.4293377162734012	0.4293377162734012	0.4293377162734012	0.0	0.8779521091470112	0.9195572091773379	0.541516392788168	0.5459057740863315	0	ANDR	10000
195	ANDR	XGBClassifier	mono	0.873007736236854	0.8779521091470112	0.9195572091773379	0.873007736236854	0.8779521091470112	0.9195572091773379	0.947803187826737	0.947803187826737	0.947803187826737	0.0	0.9354393054822175	0.9354393054822175	0.9354393054822175	0.0	0.969336954542662	0.969336954542662	0.969336954542662	0.0	0.4293377162734012	0.541516392788168	0.5459057740863315	0.4293377162734012	0.541516392788168	0.5459057740863315	0.5516416331817312	0.5516416331817312	0.5516416331817312	0.0	0.6955844289980984	0.6955844289980984	0.6955844289980984	0.0	0.7886431521282712	0.7886431521282712	0.7886431521282712	0.0	0.8779521091470112	0.9195572091773379	0.541516392788168	0.5459057740863315	0	ANDR	10000
108	ANDR	Single best di PWM	di	0.0	0.0	0.0	0.8800389417303838	0.8866636853106442	0.9126371729826062	0.9126371729826062	0.9126371729826062	0.9126371729826062	0.0	0.8866636853106442	0.8866636853106442	0.8866636853106442	0.0	0.8800389417303838	0.8800389417303838	0.8800389417303838	0.0	0.0	0.0	0.0	0.4404412731234325	0.5504227470448627	0.5346276244802707	0.5346276244802707	0.5346276244802707	0.5346276244802707	0.0	0.5504227470448627	0.5504227470448627	0.5504227470448627	0.0	0.4404412731234325	0.4404412731234325	0.4404412731234325	0.0	0.8866636853106442	0.9126371729826062	0.5504227470448627	0.5346276244802707	0	ANDR	10000
108	ANDR	XGBClassifier	di	0.8800389417303838	0.8866636853106442	0.9126371729826062	0.8800389417303838	0.8866636853106442	0.9126371729826062	0.9493012285699243	0.9493012285699243	0.9493012285699243	0.0	0.9422649244692003	0.9422649244692003	0.9422649244692003	0.0	0.9697480142085597	0.9697480142085597	0.9697480142085597	0.0	0.4404412731234325	0.5504227470448627	0.5346276244802707	0.4404412731234325	0.5504227470448627	0.5346276244802707	0.5642880913989557	0.5642880913989557	0.5642880913989557	0.0	0.7240718609729402	0.7240718609729402	0.7240718609729402	0.0	0.7994366657435713	0.7994366657435713	0.7994366657435713	0.0	0.8866636853106442	0.9126371729826062	0.5504227470448627	0.5346276244802707	0	ANDR	10000
195	ANDR	XGBClassifier	mono+di	0.0	0.8866636853106442	0.9195572091773379	0.0	0.8866636853106442	0.9195572091773379	0.9512305965086674	0.9512305965086674	0.9512305965086674	0.0	0.9432813758017382	0.9432813758017382	0.9432813758017382	0.0	0.9733340449714322	0.9733340449714322	0.9733340449714322	0.0	0.0	0.5504227470448627	0.5459057740863315	0.0	0.5504227470448627	0.5459057740863315	0.5600422167813587	0.5600422167813587	0.5600422167813587	0.0	0.7284436614626953	0.7284436614626953	0.7284436614626953	0.0	0.8168177916687551	0.8168177916687551	0.8168177916687551	0.0	0.8866636853106442	0.9195572091773379	0.5504227470448627	0.5459057740863315	0	ANDR	10000
195	ANDR	Single best mono PWM	mono	0.873007736236854	0.8779521091470112	0.9195572091773379	0.0	0.0	0.0	0.9195572091773379	0.9195572091773379	0.9195572091773379	0.0	0.8779521091470112	0.8779521091470112	0.8779521091470112	0.0	0.873007736236854	0.873007736236854	0.873007736236854	0.0	0.4293377162734012	0.541516392788168	0.5459057740863315	0.0	0.0	0.0	0.5459057740863315	0.5459057740863315	0.5459057740863315	0.0	0.541516392788168	0.541516392788168	0.541516392788168	0.0	0.4293377162734012	0.4293377162734012	0.4293377162734012	0.0	0.8779521091470112	0.9195572091773379	0.541516392788168	0.5459057740863315	0	ANDR	10000
195	ANDR	BaggingClassifier_XGBClassifier	mono	0.873007736236854	0.8779521091470112	0.9195572091773379	0.873007736236854	0.8779521091470112	0.9195572091773379	0.9496177114926656	0.9496177114926656	0.9496177114926656	0.0	0.9381048609554976	0.9381048609554976	0.9381048609554976	0.0	0.9749168193267689	0.9749168193267689	0.9749168193267689	0.0	0.4293377162734012	0.541516392788168	0.5459057740863315	0.4293377162734012	0.541516392788168	0.5459057740863315	0.5775533258049381	0.5775533258049381	0.5775533258049381	0.0	0.7152193623212231	0.7152193623212231	0.7152193623212231	0.0	0.800699013798526	0.800699013798526	0.800699013798526	0.0	0.8779521091470112	0.9195572091773379	0.541516392788168	0.5459057740863315	0	ANDR	10000
108	ANDR	Single best di PWM	di	0.0	0.0	0.0	0.8800389417303838	0.8866636853106442	0.9126371729826062	0.9126371729826062	0.9126371729826062	0.9126371729826062	0.0	0.8866636853106442	0.8866636853106442	0.8866636853106442	0.0	0.8800389417303838	0.8800389417303838	0.8800389417303838	0.0	0.0	0.0	0.0	0.4404412731234325	0.5504227470448627	0.5346276244802707	0.5346276244802707	0.5346276244802707	0.5346276244802707	0.0	0.5504227470448627	0.5504227470448627	0.5504227470448627	0.0	0.4404412731234325	0.4404412731234325	0.4404412731234325	0.0	0.8866636853106442	0.9126371729826062	0.5504227470448627	0.5346276244802707	0	ANDR	10000
108	ANDR	BaggingClassifier_XGBClassifier	di	0.8800389417303838	0.8866636853106442	0.9126371729826062	0.8800389417303838	0.8866636853106442	0.9126371729826062	0.9515586189774682	0.9515586189774682	0.9515586189774682	0.0	0.9449541686048251	0.9449541686048251	0.9449541686048251	0.0	0.9751339642663658	0.9751339642663658	0.9751339642663658	0.0	0.4404412731234325	0.5504227470448627	0.5346276244802707	0.4404412731234325	0.5504227470448627	0.5346276244802707	0.5872815316486328	0.5872815316486328	0.5872815316486328	0.0	0.7397604188839106	0.7397604188839106	0.7397604188839106	0.0	0.8083884459982581	0.8083884459982581	0.8083884459982581	0.0	0.8866636853106442	0.9126371729826062	0.5504227470448627	0.5346276244802707	0	ANDR	10000
195	ANDR	BaggingClassifier_XGBClassifier	mono+di	0.0	0.8866636853106442	0.9195572091773379	0.0	0.8866636853106442	0.9195572091773379	0.9534550454396343	0.9534550454396343	0.9534550454396343	0.0	0.9442209431555109	0.9442209431555109	0.9442209431555109	0.0	0.9795371299156086	0.9795371299156086	0.9795371299156086	0.0	0.0	0.5504227470448627	0.5459057740863315	0.0	0.5504227470448627	0.5459057740863315	0.5845139926279614	0.5845139926279614	0.5845139926279614	0.0	0.734874960785041	0.734874960785041	0.734874960785041	0.0	0.8300566010706539	0.8300566010706539	0.8300566010706539	0.0	0.8866636853106442	0.9195572091773379	0.5504227470448627	0.5459057740863315	0	ANDR	10000
195	ANDR	Single best mono PWM	mono	0.873007736236854	0.8779521091470112	0.9195572091773379	0.0	0.0	0.0	0.9195572091773379	0.9195572091773379	0.9195572091773379	0.0	0.8779521091470112	0.8779521091470112	0.8779521091470112	0.0	0.873007736236854	0.873007736236854	0.873007736236854	0.0	0.4293377162734012	0.541516392788168	0.5459057740863315	0.0	0.0	0.0	0.5459057740863315	0.5459057740863315	0.5459057740863315	0.0	0.541516392788168	0.541516392788168	0.541516392788168	0.0	0.4293377162734012	0.4293377162734012	0.4293377162734012	0.0	0.8779521091470112	0.9195572091773379	0.541516392788168	0.5459057740863315	0	ANDR	10000
195	ANDR	BaggingClassifier_LogisticRegression	mono	0.873007736236854	0.8779521091470112	0.9195572091773379	0.873007736236854	0.8779521091470112	0.9195572091773379	0.948717463397819	0.948717463397819	0.948717463397819	0.0	0.9369547018238199	0.9369547018238199	0.9369547018238199	0.0	0.9428340985886386	0.9428340985886386	0.9428340985886386	0.0	0.4293377162734012	0.541516392788168	0.5459057740863315	0.4293377162734012	0.541516392788168	0.5459057740863315	0.5805164654494893	0.5805164654494893	0.5805164654494893	0.0	0.7194129347006812	0.7194129347006812	0.7194129347006812	0.0	0.6242484353312628	0.6242484353312628	0.6242484353312628	0.0	0.8779521091470112	0.9195572091773379	0.541516392788168	0.5459057740863315	0	ANDR	10000
108	ANDR	Single best di PWM	di	0.0	0.0	0.0	0.8800389417303838	0.8866636853106442	0.9126371729826062	0.9126371729826062	0.9126371729826062	0.9126371729826062	0.0	0.8866636853106442	0.8866636853106442	0.8866636853106442	0.0	0.8800389417303838	0.8800389417303838	0.8800389417303838	0.0	0.0	0.0	0.0	0.4404412731234325	0.5504227470448627	0.5346276244802707	0.5346276244802707	0.5346276244802707	0.5346276244802707	0.0	0.5504227470448627	0.5504227470448627	0.5504227470448627	0.0	0.4404412731234325	0.4404412731234325	0.4404412731234325	0.0	0.8866636853106442	0.9126371729826062	0.5504227470448627	0.5346276244802707	0	ANDR	10000
108	ANDR	BaggingClassifier_LogisticRegression	di	0.8800389417303838	0.8866636853106442	0.9126371729826062	0.8800389417303838	0.8866636853106442	0.9126371729826062	0.9495228246001235	0.9495228246001235	0.9495228246001235	0.0	0.9423616891229393	0.9423616891229393	0.9423616891229393	0.0	0.9437579889637916	0.9437579889637916	0.9437579889637916	0.0	0.4404412731234325	0.5504227470448627	0.5346276244802707	0.4404412731234325	0.5504227470448627	0.5346276244802707	0.5703320108134144	0.5703320108134144	0.5703320108134144	0.0	0.7369771453354336	0.7369771453354336	0.7369771453354336	0.0	0.6304895634028806	0.6304895634028806	0.6304895634028806	0.0	0.8866636853106442	0.9126371729826062	0.5504227470448627	0.5346276244802707	0	ANDR	10000
195	ANDR	BaggingClassifier_LogisticRegression	mono+di	0.0	0.8866636853106442	0.9195572091773379	0.0	0.8866636853106442	0.9195572091773379	0.9529584252472671	0.9529584252472671	0.9529584252472671	0.0	0.9411636016209902	0.9411636016209902	0.9411636016209902	0.0	0.9491870218434265	0.9491870218434265	0.9491870218434265	0.0	0.0	0.5504227470448627	0.5459057740863315	0.0	0.5504227470448627	0.5459057740863315	0.5904569532269319	0.5904569532269319	0.5904569532269319	0.0	0.7351187833063874	0.7351187833063874	0.7351187833063874	0.0	0.6637195019167361	0.6637195019167361	0.6637195019167361	0.0	0.8866636853106442	0.9195572091773379	0.5504227470448627	0.5459057740863315	0	ANDR	10000
6	AP2A	Single best mono PWM	mono	0.8566678698264749	0.8762400859826925	0.86282188797258	0.0	0.0	0.0	0.86282188797258	0.86282188797258	0.86282188797258	0.0	0.8762400859826925	0.8762400859826925	0.8762400859826925	0.0	0.8566678698264749	0.8566678698264749	0.8566678698264749	0.0	0.07541719927578591	0.07747298906823509	0.09454498687513864	0.0	0.0	0.0	0.09454498687513864	0.09454498687513864	0.09454498687513864	0.0	0.07747298906823509	0.07747298906823509	0.07747298906823509	0.0	0.07541719927578591	0.07541719927578591	0.07541719927578591	0.0	0.8762400859826925	0.86282188797258	0.07747298906823509	0.09454498687513864	1	AP2A	2406
6	AP2A	RandomForestClassifier	mono	0.8566678698264749	0.8762400859826925	0.86282188797258	0.8566678698264749	0.8762400859826925	0.86282188797258	0.8654846747845634	0.8654846747845634	0.8654846747845634	0.0	0.8872549445794379	0.8872549445794379	0.8872549445794379	0.0	0.8954704975663141	0.8954704975663141	0.8954704975663141	0.0	0.07541719927578591	0.07747298906823509	0.09454498687513864	0.07541719927578591	0.07747298906823509	0.09454498687513864	0.09336979401981922	0.09336979401981922	0.09336979401981922	0.0	0.0925925732078836	0.0925925732078836	0.0925925732078836	0.0	0.16684677621634597	0.16684677621634597	0.16684677621634597	0.0	0.8762400859826925	0.86282188797258	0.07747298906823509	0.09454498687513864	1	AP2A	2406
3	AP2A	Single best di PWM	di	0.0	0.0	0.0	0.8933310511371406	0.90418046372093	0.8829274217183471	0.8829274217183471	0.8829274217183471	0.8829274217183471	0.0	0.90418046372093	0.90418046372093	0.90418046372093	0.0	0.8933310511371406	0.8933310511371406	0.8933310511371406	0.0	0.0	0.0	0.0	0.10442243525252888	0.11984422330702975	0.11185977173456421	0.11185977173456421	0.11185977173456421	0.11185977173456421	0.0	0.11984422330702975	0.11984422330702975	0.11984422330702975	0.0	0.10442243525252888	0.10442243525252888	0.10442243525252888	0.0	0.90418046372093	0.8829274217183471	0.11984422330702975	0.11185977173456421	1	AP2A	2406
3	AP2A	RandomForestClassifier	di	0.8933310511371406	0.90418046372093	0.8829274217183471	0.8933310511371406	0.90418046372093	0.8829274217183471	0.8837933710475996	0.8837933710475996	0.8837933710475996	0.0	0.9047591780078578	0.9047591780078578	0.9047591780078578	0.0	0.9125138978027598	0.9125138978027598	0.9125138978027598	0.0	0.10442243525252888	0.11984422330702975	0.11185977173456421	0.10442243525252888	0.11984422330702975	0.11185977173456421	0.10577091476496908	0.10577091476496908	0.10577091476496908	0.0	0.10108653489430722	0.10108653489430722	0.10108653489430722	0.0	0.2047407053706892	0.2047407053706892	0.2047407053706892	0.0	0.90418046372093	0.8829274217183471	0.11984422330702975	0.11185977173456421	1	AP2A	2406
6	AP2A	RandomForestClassifier	mono+di	0.0	0.90418046372093	0.8829274217183471	0.0	0.90418046372093	0.8829274217183471	0.8831321733799273	0.8831321733799273	0.8831321733799273	0.0	0.9088922732998457	0.9088922732998457	0.9088922732998457	0.0	0.916637884862979	0.916637884862979	0.916637884862979	0.0	0.0	0.11984422330702975	0.11185977173456421	0.0	0.11984422330702975	0.11185977173456421	0.1086630166356543	0.1086630166356543	0.1086630166356543	0.0	0.10136667722322662	0.10136667722322662	0.10136667722322662	0.0	0.22797562215568953	0.22797562215568953	0.22797562215568953	0.0	0.90418046372093	0.8829274217183471	0.11984422330702975	0.11185977173456421	1	AP2A	2406
6	AP2A	Single best mono PWM	mono	0.8566678698264749	0.8762400859826925	0.86282188797258	0.0	0.0	0.0	0.86282188797258	0.86282188797258	0.86282188797258	0.0	0.8762400859826925	0.8762400859826925	0.8762400859826925	0.0	0.8566678698264749	0.8566678698264749	0.8566678698264749	0.0	0.07541719927578591	0.07747298906823509	0.09454498687513864	0.0	0.0	0.0	0.09454498687513864	0.09454498687513864	0.09454498687513864	0.0	0.07747298906823509	0.07747298906823509	0.07747298906823509	0.0	0.07541719927578591	0.07541719927578591	0.07541719927578591	0.0	0.8762400859826925	0.86282188797258	0.07747298906823509	0.09454498687513864	1	AP2A	2406
6	AP2A	LogisticRegression	mono	0.8566678698264749	0.8762400859826925	0.86282188797258	0.8566678698264749	0.8762400859826925	0.86282188797258	0.8677355720926461	0.8677355720926461	0.8677355720926461	0.0	0.8892432693609709	0.8892432693609709	0.8892432693609709	0.0	0.8675471881393791	0.8675471881393791	0.8675471881393791	0.0	0.07541719927578591	0.07747298906823509	0.09454498687513864	0.07541719927578591	0.07747298906823509	0.09454498687513864	0.09670592309384783	0.09670592309384783	0.09670592309384783	0.0	0.09199001454092057	0.09199001454092057	0.09199001454092057	0.0	0.08207042410886338	0.08207042410886338	0.08207042410886338	0.0	0.8762400859826925	0.86282188797258	0.07747298906823509	0.09454498687513864	1	AP2A	2406
3	AP2A	Single best di PWM	di	0.0	0.0	0.0	0.8933310511371406	0.90418046372093	0.8829274217183471	0.8829274217183471	0.8829274217183471	0.8829274217183471	0.0	0.90418046372093	0.90418046372093	0.90418046372093	0.0	0.8933310511371406	0.8933310511371406	0.8933310511371406	0.0	0.0	0.0	0.0	0.10442243525252888	0.11984422330702975	0.11185977173456421	0.11185977173456421	0.11185977173456421	0.11185977173456421	0.0	0.11984422330702975	0.11984422330702975	0.11984422330702975	0.0	0.10442243525252888	0.10442243525252888	0.10442243525252888	0.0	0.90418046372093	0.8829274217183471	0.11984422330702975	0.11185977173456421	1	AP2A	2406
3	AP2A	LogisticRegression	di	0.8933310511371406	0.90418046372093	0.8829274217183471	0.8933310511371406	0.90418046372093	0.8829274217183471	0.8762849279592078	0.8762849279592078	0.8762849279592078	0.0	0.9049335118143758	0.9049335118143758	0.9049335118143758	0.0	0.8961217894495223	0.8961217894495223	0.8961217894495223	0.0	0.10442243525252888	0.11984422330702975	0.11185977173456421	0.10442243525252888	0.11984422330702975	0.11185977173456421	0.11095154555803234	0.11095154555803234	0.11095154555803234	0.0	0.11647349461360408	0.11647349461360408	0.11647349461360408	0.0	0.1102068783964933	0.1102068783964933	0.1102068783964933	0.0	0.90418046372093	0.8829274217183471	0.11984422330702975	0.11185977173456421	1	AP2A	2406
6	AP2A	LogisticRegression	mono+di	0.0	0.90418046372093	0.8829274217183471	0.0	0.90418046372093	0.8829274217183471	0.8758585912155507	0.8758585912155507	0.8758585912155507	0.0	0.9076104276499712	0.9076104276499712	0.9076104276499712	0.0	0.9008446720296203	0.9008446720296203	0.9008446720296203	0.0	0.0	0.11984422330702975	0.11185977173456421	0.0	0.11984422330702975	0.11185977173456421	0.11316536962831286	0.11316536962831286	0.11316536962831286	0.0	0.12049044698245587	0.12049044698245587	0.12049044698245587	0.0	0.11373703155803591	0.11373703155803591	0.11373703155803591	0.0	0.90418046372093	0.8829274217183471	0.11984422330702975	0.11185977173456421	1	AP2A	2406
6	AP2A	Single best mono PWM	mono	0.8566678698264749	0.8762400859826925	0.86282188797258	0.0	0.0	0.0	0.86282188797258	0.86282188797258	0.86282188797258	0.0	0.8762400859826925	0.8762400859826925	0.8762400859826925	0.0	0.8566678698264749	0.8566678698264749	0.8566678698264749	0.0	0.07541719927578591	0.07747298906823509	0.09454498687513864	0.0	0.0	0.0	0.09454498687513864	0.09454498687513864	0.09454498687513864	0.0	0.07747298906823509	0.07747298906823509	0.07747298906823509	0.0	0.07541719927578591	0.07541719927578591	0.07541719927578591	0.0	0.8762400859826925	0.86282188797258	0.07747298906823509	0.09454498687513864	1	AP2A	2406
6	AP2A	XGBClassifier	mono	0.8566678698264749	0.8762400859826925	0.86282188797258	0.8566678698264749	0.8762400859826925	0.86282188797258	0.8601676653802	0.8601676653802	0.8601676653802	0.0	0.8826720740626371	0.8826720740626371	0.8826720740626371	0.0	0.9217876588892815	0.9217876588892815	0.9217876588892815	0.0	0.07541719927578591	0.07747298906823509	0.09454498687513864	0.07541719927578591	0.07747298906823509	0.09454498687513864	0.08903718632160453	0.08903718632160453	0.08903718632160453	0.0	0.07988899983730623	0.07988899983730623	0.07988899983730623	0.0	0.20425866758306743	0.20425866758306743	0.20425866758306743	0.0	0.8762400859826925	0.86282188797258	0.07747298906823509	0.09454498687513864	1	AP2A	2406
3	AP2A	Single best di PWM	di	0.0	0.0	0.0	0.8933310511371406	0.90418046372093	0.8829274217183471	0.8829274217183471	0.8829274217183471	0.8829274217183471	0.0	0.90418046372093	0.90418046372093	0.90418046372093	0.0	0.8933310511371406	0.8933310511371406	0.8933310511371406	0.0	0.0	0.0	0.0	0.10442243525252888	0.11984422330702975	0.11185977173456421	0.11185977173456421	0.11185977173456421	0.11185977173456421	0.0	0.11984422330702975	0.11984422330702975	0.11984422330702975	0.0	0.10442243525252888	0.10442243525252888	0.10442243525252888	0.0	0.90418046372093	0.8829274217183471	0.11984422330702975	0.11185977173456421	1	AP2A	2406
3	AP2A	XGBClassifier	di	0.8933310511371406	0.90418046372093	0.8829274217183471	0.8933310511371406	0.90418046372093	0.8829274217183471	0.8712952938754255	0.8712952938754255	0.8712952938754255	0.0	0.8986051296810675	0.8986051296810675	0.8986051296810675	0.0	0.9270443445840455	0.9270443445840455	0.9270443445840455	0.0	0.10442243525252888	0.11984422330702975	0.11185977173456421	0.10442243525252888	0.11984422330702975	0.11185977173456421	0.09824349530693728	0.09824349530693728	0.09824349530693728	0.0	0.08801998922295347	0.08801998922295347	0.08801998922295347	0.0	0.23194255017959628	0.23194255017959628	0.23194255017959628	0.0	0.90418046372093	0.8829274217183471	0.11984422330702975	0.11185977173456421	1	AP2A	2406
6	AP2A	XGBClassifier	mono+di	0.0	0.90418046372093	0.8829274217183471	0.0	0.90418046372093	0.8829274217183471	0.866765455127793	0.866765455127793	0.866765455127793	0.0	0.8994423466759405	0.8994423466759405	0.8994423466759405	0.0	0.9425110779862267	0.9425110779862267	0.9425110779862267	0.0	0.0	0.11984422330702975	0.11185977173456421	0.0	0.11984422330702975	0.11185977173456421	0.10181234078238804	0.10181234078238804	0.10181234078238804	0.0	0.0924377258988103	0.0924377258988103	0.0924377258988103	0.0	0.2865344481341783	0.2865344481341783	0.2865344481341783	0.0	0.90418046372093	0.8829274217183471	0.11984422330702975	0.11185977173456421	1	AP2A	2406
6	AP2A	Single best mono PWM	mono	0.8566678698264749	0.8762400859826925	0.86282188797258	0.0	0.0	0.0	0.86282188797258	0.86282188797258	0.86282188797258	0.0	0.8762400859826925	0.8762400859826925	0.8762400859826925	0.0	0.8566678698264749	0.8566678698264749	0.8566678698264749	0.0	0.07541719927578591	0.07747298906823509	0.09454498687513864	0.0	0.0	0.0	0.09454498687513864	0.09454498687513864	0.09454498687513864	0.0	0.07747298906823509	0.07747298906823509	0.07747298906823509	0.0	0.07541719927578591	0.07541719927578591	0.07541719927578591	0.0	0.8762400859826925	0.86282188797258	0.07747298906823509	0.09454498687513864	1	AP2A	2406
6	AP2A	BaggingClassifier_XGBClassifier	mono	0.8566678698264749	0.8762400859826925	0.86282188797258	0.8566678698264749	0.8762400859826925	0.86282188797258	0.8611354135183543	0.8611354135183543	0.8611354135183543	0.0	0.8876714170005693	0.8876714170005693	0.8876714170005693	0.0	0.9375596744784166	0.9375596744784166	0.9375596744784166	0.0	0.07541719927578591	0.07747298906823509	0.09454498687513864	0.07541719927578591	0.07747298906823509	0.09454498687513864	0.0975568599747659	0.0975568599747659	0.0975568599747659	0.0	0.0864735107396475	0.0864735107396475	0.0864735107396475	0.0	0.21928094553749364	0.21928094553749364	0.21928094553749364	0.0	0.8762400859826925	0.86282188797258	0.07747298906823509	0.09454498687513864	1	AP2A	2406
3	AP2A	Single best di PWM	di	0.0	0.0	0.0	0.8933310511371406	0.90418046372093	0.8829274217183471	0.8829274217183471	0.8829274217183471	0.8829274217183471	0.0	0.90418046372093	0.90418046372093	0.90418046372093	0.0	0.8933310511371406	0.8933310511371406	0.8933310511371406	0.0	0.0	0.0	0.0	0.10442243525252888	0.11984422330702975	0.11185977173456421	0.11185977173456421	0.11185977173456421	0.11185977173456421	0.0	0.11984422330702975	0.11984422330702975	0.11984422330702975	0.0	0.10442243525252888	0.10442243525252888	0.10442243525252888	0.0	0.90418046372093	0.8829274217183471	0.11984422330702975	0.11185977173456421	1	AP2A	2406
3	AP2A	BaggingClassifier_XGBClassifier	di	0.8933310511371406	0.90418046372093	0.8829274217183471	0.8933310511371406	0.90418046372093	0.8829274217183471	0.8722741919854037	0.8722741919854037	0.8722741919854037	0.0	0.9015916391724915	0.9015916391724915	0.9015916391724915	0.0	0.9362492879974015	0.9362492879974015	0.9362492879974015	0.0	0.10442243525252888	0.11984422330702975	0.11185977173456421	0.10442243525252888	0.11984422330702975	0.11185977173456421	0.10283087429963371	0.10283087429963371	0.10283087429963371	0.0	0.09980543684891484	0.09980543684891484	0.09980543684891484	0.0	0.24800321010510273	0.24800321010510273	0.24800321010510273	0.0	0.90418046372093	0.8829274217183471	0.11984422330702975	0.11185977173456421	1	AP2A	2406
6	AP2A	BaggingClassifier_XGBClassifier	mono+di	0.0	0.90418046372093	0.8829274217183471	0.0	0.90418046372093	0.8829274217183471	0.8699068143490992	0.8699068143490992	0.8699068143490992	0.0	0.9049958452691282	0.9049958452691282	0.9049958452691282	0.0	0.9564536524407253	0.9564536524407253	0.9564536524407253	0.0	0.0	0.11984422330702975	0.11185977173456421	0.0	0.11984422330702975	0.11185977173456421	0.10379519306476698	0.10379519306476698	0.10379519306476698	0.0	0.1088652856151281	0.1088652856151281	0.1088652856151281	0.0	0.3097847405856821	0.3097847405856821	0.3097847405856821	0.0	0.90418046372093	0.8829274217183471	0.11984422330702975	0.11185977173456421	1	AP2A	2406
6	AP2A	Single best mono PWM	mono	0.8566678698264749	0.8762400859826925	0.86282188797258	0.0	0.0	0.0	0.86282188797258	0.86282188797258	0.86282188797258	0.0	0.8762400859826925	0.8762400859826925	0.8762400859826925	0.0	0.8566678698264749	0.8566678698264749	0.8566678698264749	0.0	0.07541719927578591	0.07747298906823509	0.09454498687513864	0.0	0.0	0.0	0.09454498687513864	0.09454498687513864	0.09454498687513864	0.0	0.07747298906823509	0.07747298906823509	0.07747298906823509	0.0	0.07541719927578591	0.07541719927578591	0.07541719927578591	0.0	0.8762400859826925	0.86282188797258	0.07747298906823509	0.09454498687513864	1	AP2A	2406
6	AP2A	BaggingClassifier_LogisticRegression	mono	0.8566678698264749	0.8762400859826925	0.86282188797258	0.8566678698264749	0.8762400859826925	0.86282188797258	0.8673177735375298	0.8673177735375298	0.8673177735375298	0.0	0.8889280794350566	0.8889280794350566	0.8889280794350566	0.0	0.8674278230410226	0.8674278230410226	0.8674278230410226	0.0	0.07541719927578591	0.07747298906823509	0.09454498687513864	0.07541719927578591	0.07747298906823509	0.09454498687513864	0.09616090771799485	0.09616090771799485	0.09616090771799485	0.0	0.091350202156498	0.091350202156498	0.091350202156498	0.0	0.08202628701054879	0.08202628701054879	0.08202628701054879	0.0	0.8762400859826925	0.86282188797258	0.07747298906823509	0.09454498687513864	1	AP2A	2406
3	AP2A	Single best di PWM	di	0.0	0.0	0.0	0.8933310511371406	0.90418046372093	0.8829274217183471	0.8829274217183471	0.8829274217183471	0.8829274217183471	0.0	0.90418046372093	0.90418046372093	0.90418046372093	0.0	0.8933310511371406	0.8933310511371406	0.8933310511371406	0.0	0.0	0.0	0.0	0.10442243525252888	0.11984422330702975	0.11185977173456421	0.11185977173456421	0.11185977173456421	0.11185977173456421	0.0	0.11984422330702975	0.11984422330702975	0.11984422330702975	0.0	0.10442243525252888	0.10442243525252888	0.10442243525252888	0.0	0.90418046372093	0.8829274217183471	0.11984422330702975	0.11185977173456421	1	AP2A	2406
3	AP2A	BaggingClassifier_LogisticRegression	di	0.8933310511371406	0.90418046372093	0.8829274217183471	0.8933310511371406	0.90418046372093	0.8829274217183471	0.8762502025216672	0.8762502025216672	0.8762502025216672	0.0	0.9049177223380616	0.9049177223380616	0.9049177223380616	0.0	0.8961248612303447	0.8961248612303447	0.8961248612303447	0.0	0.10442243525252888	0.11984422330702975	0.11185977173456421	0.10442243525252888	0.11984422330702975	0.11185977173456421	0.11081744924663098	0.11081744924663098	0.11081744924663098	0.0	0.11637169974734733	0.11637169974734733	0.11637169974734733	0.0	0.11013679149014205	0.11013679149014205	0.11013679149014205	0.0	0.90418046372093	0.8829274217183471	0.11984422330702975	0.11185977173456421	1	AP2A	2406
6	AP2A	BaggingClassifier_LogisticRegression	mono+di	0.0	0.90418046372093	0.8829274217183471	0.0	0.90418046372093	0.8829274217183471	0.8757877346630879	0.8757877346630879	0.8757877346630879	0.0	0.9074084122932065	0.9074084122932065	0.9074084122932065	0.0	0.9007858229700154	0.9007858229700154	0.9007858229700154	0.0	0.0	0.11984422330702975	0.11185977173456421	0.0	0.11984422330702975	0.11185977173456421	0.11289337205706622	0.11289337205706622	0.11289337205706622	0.0	0.12032726625879635	0.12032726625879635	0.12032726625879635	0.0	0.11374936840282984	0.11374936840282984	0.11374936840282984	0.0	0.90418046372093	0.8829274217183471	0.11984422330702975	0.11185977173456421	1	AP2A	2406
20	CEBPB	Single best mono PWM	mono	0.9398572112640324	0.9389172460942248	0.9219528732727826	0.0	0.0	0.0	0.9219528732727826	0.9219528732727826	0.9219528732727826	0.0	0.9389172460942248	0.9389172460942248	0.9389172460942248	0.0	0.9398572112640324	0.9398572112640324	0.9398572112640324	0.0	0.4634512128702824	0.28115734029528094	0.44991919138647307	0.0	0.0	0.0	0.44991919138647307	0.44991919138647307	0.44991919138647307	0.0	0.28115734029528094	0.28115734029528094	0.28115734029528094	0.0	0.4634512128702824	0.4634512128702824	0.4634512128702824	0.0	0.9389172460942248	0.9219528732727826	0.28115734029528094	0.44991919138647307	3	CEBPB	10000
20	CEBPB	RandomForestClassifier	mono	0.9398572112640324	0.9389172460942248	0.9219528732727826	0.9398572112640324	0.9389172460942248	0.9219528732727826	0.9249148308780771	0.9249148308780771	0.9249148308780771	0.0	0.9418539146390654	0.9418539146390654	0.9418539146390654	0.0	0.9521319174419796	0.9521319174419796	0.9521319174419796	0.0	0.4634512128702824	0.28115734029528094	0.44991919138647307	0.4634512128702824	0.28115734029528094	0.44991919138647307	0.4847823814729828	0.4847823814729828	0.4847823814729828	0.0	0.3125899039707776	0.3125899039707776	0.3125899039707776	0.0	0.5755136116579332	0.5755136116579332	0.5755136116579332	0.0	0.9389172460942248	0.9219528732727826	0.28115734029528094	0.44991919138647307	3	CEBPB	10000
10	CEBPB	Single best di PWM	di	0.0	0.0	0.0	0.9406920905884246	0.9431836771689601	0.9221863625979565	0.9221863625979565	0.9221863625979565	0.9221863625979565	0.0	0.9431836771689601	0.9431836771689601	0.9431836771689601	0.0	0.9406920905884246	0.9406920905884246	0.9406920905884246	0.0	0.0	0.0	0.0	0.4808114701183536	0.3241791272320455	0.4760651477103992	0.4760651477103992	0.4760651477103992	0.4760651477103992	0.0	0.3241791272320455	0.3241791272320455	0.3241791272320455	0.0	0.4808114701183536	0.4808114701183536	0.4808114701183536	0.0	0.9431836771689601	0.9221863625979565	0.3241791272320455	0.4760651477103992	3	CEBPB	10000
10	CEBPB	RandomForestClassifier	di	0.9406920905884246	0.9431836771689601	0.9221863625979565	0.9406920905884246	0.9431836771689601	0.9221863625979565	0.9284803457203776	0.9284803457203776	0.9284803457203776	0.0	0.9480096880775213	0.9480096880775213	0.9480096880775213	0.0	0.9530212993545428	0.9530212993545428	0.9530212993545428	0.0	0.4808114701183536	0.3241791272320455	0.4760651477103992	0.4808114701183536	0.3241791272320455	0.4760651477103992	0.48208208391304097	0.48208208391304097	0.48208208391304097	0.0	0.3278068121435171	0.3278068121435171	0.3278068121435171	0.0	0.5772185303355666	0.5772185303355666	0.5772185303355666	0.0	0.9431836771689601	0.9221863625979565	0.3241791272320455	0.4760651477103992	3	CEBPB	10000
20	CEBPB	RandomForestClassifier	mono+di	0.0	0.9431836771689601	0.9221863625979565	0.0	0.9431836771689601	0.9221863625979565	0.9293309268822862	0.9293309268822862	0.9293309268822862	0.0	0.9470168221908073	0.9470168221908073	0.9470168221908073	0.0	0.95491543852545	0.95491543852545	0.95491543852545	0.0	0.0	0.3241791272320455	0.4760651477103992	0.0	0.3241791272320455	0.4760651477103992	0.49541255792687755	0.49541255792687755	0.49541255792687755	0.0	0.331937028972053	0.331937028972053	0.331937028972053	0.0	0.595864697838823	0.595864697838823	0.595864697838823	0.0	0.9431836771689601	0.9221863625979565	0.3241791272320455	0.4760651477103992	3	CEBPB	10000
20	CEBPB	Single best mono PWM	mono	0.9398572112640324	0.9389172460942248	0.9219528732727826	0.0	0.0	0.0	0.9219528732727826	0.9219528732727826	0.9219528732727826	0.0	0.9389172460942248	0.9389172460942248	0.9389172460942248	0.0	0.9398572112640324	0.9398572112640324	0.9398572112640324	0.0	0.4634512128702824	0.28115734029528094	0.44991919138647307	0.0	0.0	0.0	0.44991919138647307	0.44991919138647307	0.44991919138647307	0.0	0.28115734029528094	0.28115734029528094	0.28115734029528094	0.0	0.4634512128702824	0.4634512128702824	0.4634512128702824	0.0	0.9389172460942248	0.9219528732727826	0.28115734029528094	0.44991919138647307	3	CEBPB	10000
20	CEBPB	LogisticRegression	mono	0.9398572112640324	0.9389172460942248	0.9219528732727826	0.9398572112640324	0.9389172460942248	0.9219528732727826	0.9247550241602747	0.9247550241602747	0.9247550241602747	0.0	0.9431272899510047	0.9431272899510047	0.9431272899510047	0.0	0.9447733981880365	0.9447733981880365	0.9447733981880365	0.0	0.4634512128702824	0.28115734029528094	0.44991919138647307	0.4634512128702824	0.28115734029528094	0.44991919138647307	0.4927567215910567	0.4927567215910567	0.4927567215910567	0.0	0.34377628460547127	0.34377628460547127	0.34377628460547127	0.0	0.5090606616987123	0.5090606616987123	0.5090606616987123	0.0	0.9389172460942248	0.9219528732727826	0.28115734029528094	0.44991919138647307	3	CEBPB	10000
10	CEBPB	Single best di PWM	di	0.0	0.0	0.0	0.9406920905884246	0.9431836771689601	0.9221863625979565	0.9221863625979565	0.9221863625979565	0.9221863625979565	0.0	0.9431836771689601	0.9431836771689601	0.9431836771689601	0.0	0.9406920905884246	0.9406920905884246	0.9406920905884246	0.0	0.0	0.0	0.0	0.4808114701183536	0.3241791272320455	0.4760651477103992	0.4760651477103992	0.4760651477103992	0.4760651477103992	0.0	0.3241791272320455	0.3241791272320455	0.3241791272320455	0.0	0.4808114701183536	0.4808114701183536	0.4808114701183536	0.0	0.9431836771689601	0.9221863625979565	0.3241791272320455	0.4760651477103992	3	CEBPB	10000
10	CEBPB	LogisticRegression	di	0.9406920905884246	0.9431836771689601	0.9221863625979565	0.9406920905884246	0.9431836771689601	0.9221863625979565	0.9270910745437931	0.9270910745437931	0.9270910745437931	0.0	0.9467654574842599	0.9467654574842599	0.9467654574842599	0.0	0.9447610579057526	0.9447610579057526	0.9447610579057526	0.0	0.4808114701183536	0.3241791272320455	0.4760651477103992	0.4808114701183536	0.3241791272320455	0.4760651477103992	0.48056001997745423	0.48056001997745423	0.48056001997745423	0.0	0.3324260053535751	0.3324260053535751	0.3324260053535751	0.0	0.4955126199634874	0.4955126199634874	0.4955126199634874	0.0	0.9431836771689601	0.9221863625979565	0.3241791272320455	0.4760651477103992	3	CEBPB	10000
20	CEBPB	LogisticRegression	mono+di	0.0	0.9431836771689601	0.9221863625979565	0.0	0.9431836771689601	0.9221863625979565	0.930948000027691	0.930948000027691	0.930948000027691	0.0	0.950420609119309	0.950420609119309	0.950420609119309	0.0	0.9496267801298719	0.9496267801298719	0.9496267801298719	0.0	0.0	0.3241791272320455	0.4760651477103992	0.0	0.3241791272320455	0.4760651477103992	0.5182767682813356	0.5182767682813356	0.5182767682813356	0.0	0.37391079311852715	0.37391079311852715	0.37391079311852715	0.0	0.5407057375172739	0.5407057375172739	0.5407057375172739	0.0	0.9431836771689601	0.9221863625979565	0.3241791272320455	0.4760651477103992	3	CEBPB	10000
20	CEBPB	Single best mono PWM	mono	0.9398572112640324	0.9389172460942248	0.9219528732727826	0.0	0.0	0.0	0.9219528732727826	0.9219528732727826	0.9219528732727826	0.0	0.9389172460942248	0.9389172460942248	0.9389172460942248	0.0	0.9398572112640324	0.9398572112640324	0.9398572112640324	0.0	0.4634512128702824	0.28115734029528094	0.44991919138647307	0.0	0.0	0.0	0.44991919138647307	0.44991919138647307	0.44991919138647307	0.0	0.28115734029528094	0.28115734029528094	0.28115734029528094	0.0	0.4634512128702824	0.4634512128702824	0.4634512128702824	0.0	0.9389172460942248	0.9219528732727826	0.28115734029528094	0.44991919138647307	3	CEBPB	10000
20	CEBPB	XGBClassifier	mono	0.9398572112640324	0.9389172460942248	0.9219528732727826	0.9398572112640324	0.9389172460942248	0.9219528732727826	0.9227967740148977	0.9227967740148977	0.9227967740148977	0.0	0.9374820586124688	0.9374820586124688	0.9374820586124688	0.0	0.9634096852725508	0.9634096852725508	0.9634096852725508	0.0	0.4634512128702824	0.28115734029528094	0.44991919138647307	0.4634512128702824	0.28115734029528094	0.44991919138647307	0.475564688396538	0.475564688396538	0.475564688396538	0.0	0.2815049690630795	0.2815049690630795	0.2815049690630795	0.0	0.6251890341935685	0.6251890341935685	0.6251890341935685	0.0	0.9389172460942248	0.9219528732727826	0.28115734029528094	0.44991919138647307	3	CEBPB	10000
10	CEBPB	Single best di PWM	di	0.0	0.0	0.0	0.9406920905884246	0.9431836771689601	0.9221863625979565	0.9221863625979565	0.9221863625979565	0.9221863625979565	0.0	0.9431836771689601	0.9431836771689601	0.9431836771689601	0.0	0.9406920905884246	0.9406920905884246	0.9406920905884246	0.0	0.0	0.0	0.0	0.4808114701183536	0.3241791272320455	0.4760651477103992	0.4760651477103992	0.4760651477103992	0.4760651477103992	0.0	0.3241791272320455	0.3241791272320455	0.3241791272320455	0.0	0.4808114701183536	0.4808114701183536	0.4808114701183536	0.0	0.9431836771689601	0.9221863625979565	0.3241791272320455	0.4760651477103992	3	CEBPB	10000
10	CEBPB	XGBClassifier	di	0.9406920905884246	0.9431836771689601	0.9221863625979565	0.9406920905884246	0.9431836771689601	0.9221863625979565	0.9281699505718163	0.9281699505718163	0.9281699505718163	0.0	0.9460144205029408	0.9460144205029408	0.9460144205029408	0.0	0.9619462389801484	0.9619462389801484	0.9619462389801484	0.0	0.4808114701183536	0.3241791272320455	0.4760651477103992	0.4808114701183536	0.3241791272320455	0.4760651477103992	0.47110987224252915	0.47110987224252915	0.47110987224252915	0.0	0.33934013230123483	0.33934013230123483	0.33934013230123483	0.0	0.6338017443596544	0.6338017443596544	0.6338017443596544	0.0	0.9431836771689601	0.9221863625979565	0.3241791272320455	0.4760651477103992	3	CEBPB	10000
20	CEBPB	XGBClassifier	mono+di	0.0	0.9431836771689601	0.9221863625979565	0.0	0.9431836771689601	0.9221863625979565	0.9297951004485919	0.9297951004485919	0.9297951004485919	0.0	0.9460884217784654	0.9460884217784654	0.9460884217784654	0.0	0.9676067463202112	0.9676067463202112	0.9676067463202112	0.0	0.0	0.3241791272320455	0.4760651477103992	0.0	0.3241791272320455	0.4760651477103992	0.5046910786613397	0.5046910786613397	0.5046910786613397	0.0	0.35370893350522997	0.35370893350522997	0.35370893350522997	0.0	0.6645700018499647	0.6645700018499647	0.6645700018499647	0.0	0.9431836771689601	0.9221863625979565	0.3241791272320455	0.4760651477103992	3	CEBPB	10000
20	CEBPB	Single best mono PWM	mono	0.9398572112640324	0.9389172460942248	0.9219528732727826	0.0	0.0	0.0	0.9219528732727826	0.9219528732727826	0.9219528732727826	0.0	0.9389172460942248	0.9389172460942248	0.9389172460942248	0.0	0.9398572112640324	0.9398572112640324	0.9398572112640324	0.0	0.4634512128702824	0.28115734029528094	0.44991919138647307	0.0	0.0	0.0	0.44991919138647307	0.44991919138647307	0.44991919138647307	0.0	0.28115734029528094	0.28115734029528094	0.28115734029528094	0.0	0.4634512128702824	0.4634512128702824	0.4634512128702824	0.0	0.9389172460942248	0.9219528732727826	0.28115734029528094	0.44991919138647307	3	CEBPB	10000
20	CEBPB	BaggingClassifier_XGBClassifier	mono	0.9398572112640324	0.9389172460942248	0.9219528732727826	0.9398572112640324	0.9389172460942248	0.9219528732727826	0.9246956712264282	0.9246956712264282	0.9246956712264282	0.0	0.9397551613882466	0.9397551613882466	0.9397551613882466	0.0	0.9676916454034961	0.9676916454034961	0.9676916454034961	0.0	0.4634512128702824	0.28115734029528094	0.44991919138647307	0.4634512128702824	0.28115734029528094	0.44991919138647307	0.49738392471371845	0.49738392471371845	0.49738392471371845	0.0	0.31308512326139154	0.31308512326139154	0.31308512326139154	0.0	0.6291552222384535	0.6291552222384535	0.6291552222384535	0.0	0.9389172460942248	0.9219528732727826	0.28115734029528094	0.44991919138647307	3	CEBPB	10000
10	CEBPB	Single best di PWM	di	0.0	0.0	0.0	0.9406920905884246	0.9431836771689601	0.9221863625979565	0.9221863625979565	0.9221863625979565	0.9221863625979565	0.0	0.9431836771689601	0.9431836771689601	0.9431836771689601	0.0	0.9406920905884246	0.9406920905884246	0.9406920905884246	0.0	0.0	0.0	0.0	0.4808114701183536	0.3241791272320455	0.4760651477103992	0.4760651477103992	0.4760651477103992	0.4760651477103992	0.0	0.3241791272320455	0.3241791272320455	0.3241791272320455	0.0	0.4808114701183536	0.4808114701183536	0.4808114701183536	0.0	0.9431836771689601	0.9221863625979565	0.3241791272320455	0.4760651477103992	3	CEBPB	10000
10	CEBPB	BaggingClassifier_XGBClassifier	di	0.9406920905884246	0.9431836771689601	0.9221863625979565	0.9406920905884246	0.9431836771689601	0.9221863625979565	0.9275808901918976	0.9275808901918976	0.9275808901918976	0.0	0.9473973154792832	0.9473973154792832	0.9473973154792832	0.0	0.9660821457669622	0.9660821457669622	0.9660821457669622	0.0	0.4808114701183536	0.3241791272320455	0.4760651477103992	0.4808114701183536	0.3241791272320455	0.4760651477103992	0.47380437730914593	0.47380437730914593	0.47380437730914593	0.0	0.3372033033024224	0.3372033033024224	0.3372033033024224	0.0	0.6431079478949636	0.6431079478949636	0.6431079478949636	0.0	0.9431836771689601	0.9221863625979565	0.3241791272320455	0.4760651477103992	3	CEBPB	10000
20	CEBPB	BaggingClassifier_XGBClassifier	mono+di	0.0	0.9431836771689601	0.9221863625979565	0.0	0.9431836771689601	0.9221863625979565	0.9306529788441835	0.9306529788441835	0.9306529788441835	0.0	0.9480248070161361	0.9480248070161361	0.9480248070161361	0.0	0.9711652655741544	0.9711652655741544	0.9711652655741544	0.0	0.0	0.3241791272320455	0.4760651477103992	0.0	0.3241791272320455	0.4760651477103992	0.5143165179425516	0.5143165179425516	0.5143165179425516	0.0	0.3528704253973026	0.3528704253973026	0.3528704253973026	0.0	0.6687821529737579	0.6687821529737579	0.6687821529737579	0.0	0.9431836771689601	0.9221863625979565	0.3241791272320455	0.4760651477103992	3	CEBPB	10000
20	CEBPB	Single best mono PWM	mono	0.9398572112640324	0.9389172460942248	0.9219528732727826	0.0	0.0	0.0	0.9219528732727826	0.9219528732727826	0.9219528732727826	0.0	0.9389172460942248	0.9389172460942248	0.9389172460942248	0.0	0.9398572112640324	0.9398572112640324	0.9398572112640324	0.0	0.4634512128702824	0.28115734029528094	0.44991919138647307	0.0	0.0	0.0	0.44991919138647307	0.44991919138647307	0.44991919138647307	0.0	0.28115734029528094	0.28115734029528094	0.28115734029528094	0.0	0.4634512128702824	0.4634512128702824	0.4634512128702824	0.0	0.9389172460942248	0.9219528732727826	0.28115734029528094	0.44991919138647307	3	CEBPB	10000
20	CEBPB	BaggingClassifier_LogisticRegression	mono	0.9398572112640324	0.9389172460942248	0.9219528732727826	0.9398572112640324	0.9389172460942248	0.9219528732727826	0.9247582051477308	0.9247582051477308	0.9247582051477308	0.0	0.9431575031240866	0.9431575031240866	0.9431575031240866	0.0	0.9447538495689635	0.9447538495689635	0.9447538495689635	0.0	0.4634512128702824	0.28115734029528094	0.44991919138647307	0.4634512128702824	0.28115734029528094	0.44991919138647307	0.49280856843494136	0.49280856843494136	0.49280856843494136	0.0	0.3439258446338874	0.3439258446338874	0.3439258446338874	0.0	0.5085090424053897	0.5085090424053897	0.5085090424053897	0.0	0.9389172460942248	0.9219528732727826	0.28115734029528094	0.44991919138647307	3	CEBPB	10000
10	CEBPB	Single best di PWM	di	0.0	0.0	0.0	0.9406920905884246	0.9431836771689601	0.9221863625979565	0.9221863625979565	0.9221863625979565	0.9221863625979565	0.0	0.9431836771689601	0.9431836771689601	0.9431836771689601	0.0	0.9406920905884246	0.9406920905884246	0.9406920905884246	0.0	0.0	0.0	0.0	0.4808114701183536	0.3241791272320455	0.4760651477103992	0.4760651477103992	0.4760651477103992	0.4760651477103992	0.0	0.3241791272320455	0.3241791272320455	0.3241791272320455	0.0	0.4808114701183536	0.4808114701183536	0.4808114701183536	0.0	0.9431836771689601	0.9221863625979565	0.3241791272320455	0.4760651477103992	3	CEBPB	10000
10	CEBPB	BaggingClassifier_LogisticRegression	di	0.9406920905884246	0.9431836771689601	0.9221863625979565	0.9406920905884246	0.9431836771689601	0.9221863625979565	0.9270917079721983	0.9270917079721983	0.9270917079721983	0.0	0.9467184701946431	0.9467184701946431	0.9467184701946431	0.0	0.9447384561718487	0.9447384561718487	0.9447384561718487	0.0	0.4808114701183536	0.3241791272320455	0.4760651477103992	0.4808114701183536	0.3241791272320455	0.4760651477103992	0.4803825974213704	0.4803825974213704	0.4803825974213704	0.0	0.33246696950639193	0.33246696950639193	0.33246696950639193	0.0	0.49547036854197984	0.49547036854197984	0.49547036854197984	0.0	0.9431836771689601	0.9221863625979565	0.3241791272320455	0.4760651477103992	3	CEBPB	10000
20	CEBPB	BaggingClassifier_LogisticRegression	mono+di	0.0	0.9431836771689601	0.9221863625979565	0.0	0.9431836771689601	0.9221863625979565	0.9309450523357239	0.9309450523357239	0.9309450523357239	0.0	0.9504465114185536	0.9504465114185536	0.9504465114185536	0.0	0.9495969207839158	0.9495969207839158	0.9495969207839158	0.0	0.0	0.3241791272320455	0.4760651477103992	0.0	0.3241791272320455	0.4760651477103992	0.5180479188303561	0.5180479188303561	0.5180479188303561	0.0	0.3747968936889408	0.3747968936889408	0.3747968936889408	0.0	0.5408181041559317	0.5408181041559317	0.5408181041559317	0.0	0.9431836771689601	0.9221863625979565	0.3241791272320455	0.4760651477103992	3	CEBPB	10000
10	COE1	Single best mono PWM	mono	0.9410033747128954	0.9288641005844029	0.9520179970550401	0.0	0.0	0.0	0.9520179970550401	0.9520179970550401	0.9520179970550401	0.0	0.9288641005844029	0.9288641005844029	0.9288641005844029	0.0	0.9410033747128954	0.9410033747128954	0.9410033747128954	0.0	0.29513742605114285	0.19824209359209588	0.43977046398658515	0.0	0.0	0.0	0.43977046398658515	0.43977046398658515	0.43977046398658515	0.0	0.19824209359209588	0.19824209359209588	0.19824209359209588	0.0	0.29513742605114285	0.29513742605114285	0.29513742605114285	0.0	0.9288641005844029	0.9520179970550401	0.19824209359209588	0.43977046398658515	4	COE1	3924
10	COE1	RandomForestClassifier	mono	0.9410033747128954	0.9288641005844029	0.9520179970550401	0.9410033747128954	0.9288641005844029	0.9520179970550401	0.9554704503441305	0.9554704503441305	0.9554704503441305	0.0	0.9313157204929817	0.9313157204929817	0.9313157204929817	0.0	0.9553589696952223	0.9553589696952223	0.9553589696952223	0.0	0.29513742605114285	0.19824209359209588	0.43977046398658515	0.29513742605114285	0.19824209359209588	0.43977046398658515	0.4584330409419274	0.4584330409419274	0.4584330409419274	0.0	0.22992682758607022	0.22992682758607022	0.22992682758607022	0.0	0.4212353615851377	0.4212353615851377	0.4212353615851377	0.0	0.9288641005844029	0.9520179970550401	0.19824209359209588	0.43977046398658515	4	COE1	3924
5	COE1	Single best di PWM	di	0.0	0.0	0.0	0.9423754037070848	0.9271234244887261	0.9524347528587594	0.9524347528587594	0.9524347528587594	0.9524347528587594	0.0	0.9271234244887261	0.9271234244887261	0.9271234244887261	0.0	0.9423754037070848	0.9423754037070848	0.9423754037070848	0.0	0.0	0.0	0.0	0.29654869176867876	0.18863388832834782	0.4172134641525712	0.4172134641525712	0.4172134641525712	0.4172134641525712	0.0	0.18863388832834782	0.18863388832834782	0.18863388832834782	0.0	0.29654869176867876	0.29654869176867876	0.29654869176867876	0.0	0.9271234244887261	0.9524347528587594	0.18863388832834782	0.4172134641525712	4	COE1	3924
5	COE1	RandomForestClassifier	di	0.9423754037070848	0.9271234244887261	0.9524347528587594	0.9423754037070848	0.9271234244887261	0.9524347528587594	0.9550950705595296	0.9550950705595296	0.9550950705595296	0.0	0.9295857672479969	0.9295857672479969	0.9295857672479969	0.0	0.957305589440948	0.957305589440948	0.957305589440948	0.0	0.29654869176867876	0.18863388832834782	0.4172134641525712	0.29654869176867876	0.18863388832834782	0.4172134641525712	0.4178514764227907	0.4178514764227907	0.4178514764227907	0.0	0.20021991453847446	0.20021991453847446	0.20021991453847446	0.0	0.4238405463224432	0.4238405463224432	0.4238405463224432	0.0	0.9271234244887261	0.9524347528587594	0.18863388832834782	0.4172134641525712	4	COE1	3924
10	COE1	RandomForestClassifier	mono+di	0.0	0.9288641005844029	0.9524347528587594	0.0	0.9288641005844029	0.9524347528587594	0.956082382258701	0.956082382258701	0.956082382258701	0.0	0.9311737838114527	0.9311737838114527	0.9311737838114527	0.0	0.9577849698875867	0.9577849698875867	0.9577849698875867	0.0	0.0	0.19824209359209588	0.43977046398658515	0.0	0.19824209359209588	0.43977046398658515	0.4487212693602342	0.4487212693602342	0.4487212693602342	0.0	0.2269417722565367	0.2269417722565367	0.2269417722565367	0.0	0.4420580241338218	0.4420580241338218	0.4420580241338218	0.0	0.9288641005844029	0.9524347528587594	0.19824209359209588	0.43977046398658515	4	COE1	3924
10	COE1	Single best mono PWM	mono	0.9410033747128954	0.9288641005844029	0.9520179970550401	0.0	0.0	0.0	0.9520179970550401	0.9520179970550401	0.9520179970550401	0.0	0.9288641005844029	0.9288641005844029	0.9288641005844029	0.0	0.9410033747128954	0.9410033747128954	0.9410033747128954	0.0	0.29513742605114285	0.19824209359209588	0.43977046398658515	0.0	0.0	0.0	0.43977046398658515	0.43977046398658515	0.43977046398658515	0.0	0.19824209359209588	0.19824209359209588	0.19824209359209588	0.0	0.29513742605114285	0.29513742605114285	0.29513742605114285	0.0	0.9288641005844029	0.9520179970550401	0.19824209359209588	0.43977046398658515	4	COE1	3924
10	COE1	LogisticRegression	mono	0.9410033747128954	0.9288641005844029	0.9520179970550401	0.9410033747128954	0.9288641005844029	0.9520179970550401	0.9552959383341936	0.9552959383341936	0.9552959383341936	0.0	0.9349762759750242	0.9349762759750242	0.9349762759750242	0.0	0.9450123388113373	0.9450123388113373	0.9450123388113373	0.0	0.29513742605114285	0.19824209359209588	0.43977046398658515	0.29513742605114285	0.19824209359209588	0.43977046398658515	0.4694489768752752	0.4694489768752752	0.4694489768752752	0.0	0.2284445074432099	0.2284445074432099	0.2284445074432099	0.0	0.30955970736699345	0.30955970736699345	0.30955970736699345	0.0	0.9288641005844029	0.9520179970550401	0.19824209359209588	0.43977046398658515	4	COE1	3924
5	COE1	Single best di PWM	di	0.0	0.0	0.0	0.9423754037070848	0.9271234244887261	0.9524347528587594	0.9524347528587594	0.9524347528587594	0.9524347528587594	0.0	0.9271234244887261	0.9271234244887261	0.9271234244887261	0.0	0.9423754037070848	0.9423754037070848	0.9423754037070848	0.0	0.0	0.0	0.0	0.29654869176867876	0.18863388832834782	0.4172134641525712	0.4172134641525712	0.4172134641525712	0.4172134641525712	0.0	0.18863388832834782	0.18863388832834782	0.18863388832834782	0.0	0.29654869176867876	0.29654869176867876	0.29654869176867876	0.0	0.9271234244887261	0.9524347528587594	0.18863388832834782	0.4172134641525712	4	COE1	3924
5	COE1	LogisticRegression	di	0.9423754037070848	0.9271234244887261	0.9524347528587594	0.9423754037070848	0.9271234244887261	0.9524347528587594	0.9574657223730886	0.9574657223730886	0.9574657223730886	0.0	0.9319681965515838	0.9319681965515838	0.9319681965515838	0.0	0.9468353982165312	0.9468353982165312	0.9468353982165312	0.0	0.29654869176867876	0.18863388832834782	0.4172134641525712	0.29654869176867876	0.18863388832834782	0.4172134641525712	0.44141516917047535	0.44141516917047535	0.44141516917047535	0.0	0.21010456694710009	0.21010456694710009	0.21010456694710009	0.0	0.31510170301176	0.31510170301176	0.31510170301176	0.0	0.9271234244887261	0.9524347528587594	0.18863388832834782	0.4172134641525712	4	COE1	3924
10	COE1	LogisticRegression	mono+di	0.0	0.9288641005844029	0.9524347528587594	0.0	0.9288641005844029	0.9524347528587594	0.9575790634125438	0.9575790634125438	0.9575790634125438	0.0	0.9359989725627835	0.9359989725627835	0.9359989725627835	0.0	0.9481660204294169	0.9481660204294169	0.9481660204294169	0.0	0.0	0.19824209359209588	0.43977046398658515	0.0	0.19824209359209588	0.43977046398658515	0.4568818329879357	0.4568818329879357	0.4568818329879357	0.0	0.228444184760038	0.228444184760038	0.228444184760038	0.0	0.3219149796381851	0.3219149796381851	0.3219149796381851	0.0	0.9288641005844029	0.9524347528587594	0.19824209359209588	0.43977046398658515	4	COE1	3924
10	COE1	Single best mono PWM	mono	0.9410033747128954	0.9288641005844029	0.9520179970550401	0.0	0.0	0.0	0.9520179970550401	0.9520179970550401	0.9520179970550401	0.0	0.9288641005844029	0.9288641005844029	0.9288641005844029	0.0	0.9410033747128954	0.9410033747128954	0.9410033747128954	0.0	0.29513742605114285	0.19824209359209588	0.43977046398658515	0.0	0.0	0.0	0.43977046398658515	0.43977046398658515	0.43977046398658515	0.0	0.19824209359209588	0.19824209359209588	0.19824209359209588	0.0	0.29513742605114285	0.29513742605114285	0.29513742605114285	0.0	0.9288641005844029	0.9520179970550401	0.19824209359209588	0.43977046398658515	4	COE1	3924
10	COE1	XGBClassifier	mono	0.9410033747128954	0.9288641005844029	0.9520179970550401	0.9410033747128954	0.9288641005844029	0.9520179970550401	0.9528378061963241	0.9528378061963241	0.9528378061963241	0.0	0.9310214817075879	0.9310214817075879	0.9310214817075879	0.0	0.9669126347505894	0.9669126347505894	0.9669126347505894	0.0	0.29513742605114285	0.19824209359209588	0.43977046398658515	0.29513742605114285	0.19824209359209588	0.43977046398658515	0.4215633355703743	0.4215633355703743	0.4215633355703743	0.0	0.24128139055291378	0.24128139055291378	0.24128139055291378	0.0	0.49538451335289807	0.49538451335289807	0.49538451335289807	0.0	0.9288641005844029	0.9520179970550401	0.19824209359209588	0.43977046398658515	4	COE1	3924
5	COE1	Single best di PWM	di	0.0	0.0	0.0	0.9423754037070848	0.9271234244887261	0.9524347528587594	0.9524347528587594	0.9524347528587594	0.9524347528587594	0.0	0.9271234244887261	0.9271234244887261	0.9271234244887261	0.0	0.9423754037070848	0.9423754037070848	0.9423754037070848	0.0	0.0	0.0	0.0	0.29654869176867876	0.18863388832834782	0.4172134641525712	0.4172134641525712	0.4172134641525712	0.4172134641525712	0.0	0.18863388832834782	0.18863388832834782	0.18863388832834782	0.0	0.29654869176867876	0.29654869176867876	0.29654869176867876	0.0	0.9271234244887261	0.9524347528587594	0.18863388832834782	0.4172134641525712	4	COE1	3924
5	COE1	XGBClassifier	di	0.9423754037070848	0.9271234244887261	0.9524347528587594	0.9423754037070848	0.9271234244887261	0.9524347528587594	0.9520357991505534	0.9520357991505534	0.9520357991505534	0.0	0.9268629156529653	0.9268629156529653	0.9268629156529653	0.0	0.9664622221894629	0.9664622221894629	0.9664622221894629	0.0	0.29654869176867876	0.18863388832834782	0.4172134641525712	0.29654869176867876	0.18863388832834782	0.4172134641525712	0.4005885059485189	0.4005885059485189	0.4005885059485189	0.0	0.19087248960632336	0.19087248960632336	0.19087248960632336	0.0	0.48704032901644784	0.48704032901644784	0.48704032901644784	0.0	0.9271234244887261	0.9524347528587594	0.18863388832834782	0.4172134641525712	4	COE1	3924
10	COE1	XGBClassifier	mono+di	0.0	0.9288641005844029	0.9524347528587594	0.0	0.9288641005844029	0.9524347528587594	0.9541740730022167	0.9541740730022167	0.9541740730022167	0.0	0.9298022559598638	0.9298022559598638	0.9298022559598638	0.0	0.9724701522504947	0.9724701522504947	0.9724701522504947	0.0	0.0	0.19824209359209588	0.43977046398658515	0.0	0.19824209359209588	0.43977046398658515	0.4237670540583281	0.4237670540583281	0.4237670540583281	0.0	0.22337357258880916	0.22337357258880916	0.22337357258880916	0.0	0.5241180727411237	0.5241180727411237	0.5241180727411237	0.0	0.9288641005844029	0.9524347528587594	0.19824209359209588	0.43977046398658515	4	COE1	3924
10	COE1	Single best mono PWM	mono	0.9410033747128954	0.9288641005844029	0.9520179970550401	0.0	0.0	0.0	0.9520179970550401	0.9520179970550401	0.9520179970550401	0.0	0.9288641005844029	0.9288641005844029	0.9288641005844029	0.0	0.9410033747128954	0.9410033747128954	0.9410033747128954	0.0	0.29513742605114285	0.19824209359209588	0.43977046398658515	0.0	0.0	0.0	0.43977046398658515	0.43977046398658515	0.43977046398658515	0.0	0.19824209359209588	0.19824209359209588	0.19824209359209588	0.0	0.29513742605114285	0.29513742605114285	0.29513742605114285	0.0	0.9288641005844029	0.9520179970550401	0.19824209359209588	0.43977046398658515	4	COE1	3924
10	COE1	BaggingClassifier_XGBClassifier	mono	0.9410033747128954	0.9288641005844029	0.9520179970550401	0.9410033747128954	0.9288641005844029	0.9520179970550401	0.9540018956011086	0.9540018956011086	0.9540018956011086	0.0	0.9321108292778071	0.9321108292778071	0.9321108292778071	0.0	0.9741191453996837	0.9741191453996837	0.9741191453996837	0.0	0.29513742605114285	0.19824209359209588	0.43977046398658515	0.29513742605114285	0.19824209359209588	0.43977046398658515	0.4619123646096544	0.4619123646096544	0.4619123646096544	0.0	0.24776009378410555	0.24776009378410555	0.24776009378410555	0.0	0.4970433799117701	0.4970433799117701	0.4970433799117701	0.0	0.9288641005844029	0.9520179970550401	0.19824209359209588	0.43977046398658515	4	COE1	3924
5	COE1	Single best di PWM	di	0.0	0.0	0.0	0.9423754037070848	0.9271234244887261	0.9524347528587594	0.9524347528587594	0.9524347528587594	0.9524347528587594	0.0	0.9271234244887261	0.9271234244887261	0.9271234244887261	0.0	0.9423754037070848	0.9423754037070848	0.9423754037070848	0.0	0.0	0.0	0.0	0.29654869176867876	0.18863388832834782	0.4172134641525712	0.4172134641525712	0.4172134641525712	0.4172134641525712	0.0	0.18863388832834782	0.18863388832834782	0.18863388832834782	0.0	0.29654869176867876	0.29654869176867876	0.29654869176867876	0.0	0.9271234244887261	0.9524347528587594	0.18863388832834782	0.4172134641525712	4	COE1	3924
5	COE1	BaggingClassifier_XGBClassifier	di	0.9423754037070848	0.9271234244887261	0.9524347528587594	0.9423754037070848	0.9271234244887261	0.9524347528587594	0.9525103210524808	0.9525103210524808	0.9525103210524808	0.0	0.9287550096876254	0.9287550096876254	0.9287550096876254	0.0	0.9715913601607363	0.9715913601607363	0.9715913601607363	0.0	0.29654869176867876	0.18863388832834782	0.4172134641525712	0.29654869176867876	0.18863388832834782	0.4172134641525712	0.4024606792210219	0.4024606792210219	0.4024606792210219	0.0	0.21976971456515196	0.21976971456515196	0.21976971456515196	0.0	0.49125018310616014	0.49125018310616014	0.49125018310616014	0.0	0.9271234244887261	0.9524347528587594	0.18863388832834782	0.4172134641525712	4	COE1	3924
10	COE1	BaggingClassifier_XGBClassifier	mono+di	0.0	0.9288641005844029	0.9524347528587594	0.0	0.9288641005844029	0.9524347528587594	0.9542329726514585	0.9542329726514585	0.9542329726514585	0.0	0.9329573701219165	0.9329573701219165	0.9329573701219165	0.0	0.9782985782539629	0.9782985782539629	0.9782985782539629	0.0	0.0	0.19824209359209588	0.43977046398658515	0.0	0.19824209359209588	0.43977046398658515	0.4404131357951608	0.4404131357951608	0.4404131357951608	0.0	0.2382908905589745	0.2382908905589745	0.2382908905589745	0.0	0.5377696890600111	0.5377696890600111	0.5377696890600111	0.0	0.9288641005844029	0.9524347528587594	0.19824209359209588	0.43977046398658515	4	COE1	3924
10	COE1	Single best mono PWM	mono	0.9410033747128954	0.9288641005844029	0.9520179970550401	0.0	0.0	0.0	0.9520179970550401	0.9520179970550401	0.9520179970550401	0.0	0.9288641005844029	0.9288641005844029	0.9288641005844029	0.0	0.9410033747128954	0.9410033747128954	0.9410033747128954	0.0	0.29513742605114285	0.19824209359209588	0.43977046398658515	0.0	0.0	0.0	0.43977046398658515	0.43977046398658515	0.43977046398658515	0.0	0.19824209359209588	0.19824209359209588	0.19824209359209588	0.0	0.29513742605114285	0.29513742605114285	0.29513742605114285	0.0	0.9288641005844029	0.9520179970550401	0.19824209359209588	0.43977046398658515	4	COE1	3924
10	COE1	BaggingClassifier_LogisticRegression	mono	0.9410033747128954	0.9288641005844029	0.9520179970550401	0.9410033747128954	0.9288641005844029	0.9520179970550401	0.9553148739807408	0.9553148739807408	0.9553148739807408	0.0	0.9350131851558273	0.9350131851558273	0.9350131851558273	0.0	0.945001908830939	0.945001908830939	0.945001908830939	0.0	0.29513742605114285	0.19824209359209588	0.43977046398658515	0.29513742605114285	0.19824209359209588	0.43977046398658515	0.4704584219801429	0.4704584219801429	0.4704584219801429	0.0	0.2287579911087642	0.2287579911087642	0.2287579911087642	0.0	0.3096314593418283	0.3096314593418283	0.3096314593418283	0.0	0.9288641005844029	0.9520179970550401	0.19824209359209588	0.43977046398658515	4	COE1	3924
5	COE1	Single best di PWM	di	0.0	0.0	0.0	0.9423754037070848	0.9271234244887261	0.9524347528587594	0.9524347528587594	0.9524347528587594	0.9524347528587594	0.0	0.9271234244887261	0.9271234244887261	0.9271234244887261	0.0	0.9423754037070848	0.9423754037070848	0.9423754037070848	0.0	0.0	0.0	0.0	0.29654869176867876	0.18863388832834782	0.4172134641525712	0.4172134641525712	0.4172134641525712	0.4172134641525712	0.0	0.18863388832834782	0.18863388832834782	0.18863388832834782	0.0	0.29654869176867876	0.29654869176867876	0.29654869176867876	0.0	0.9271234244887261	0.9524347528587594	0.18863388832834782	0.4172134641525712	4	COE1	3924
5	COE1	BaggingClassifier_LogisticRegression	di	0.9423754037070848	0.9271234244887261	0.9524347528587594	0.9423754037070848	0.9271234244887261	0.9524347528587594	0.9574401485616797	0.9574401485616797	0.9574401485616797	0.0	0.9320054443487246	0.9320054443487246	0.9320054443487246	0.0	0.9468218970525284	0.9468218970525284	0.9468218970525284	0.0	0.29654869176867876	0.18863388832834782	0.4172134641525712	0.29654869176867876	0.18863388832834782	0.4172134641525712	0.441415314175591	0.441415314175591	0.441415314175591	0.0	0.21045624343554276	0.21045624343554276	0.21045624343554276	0.0	0.3148241498645971	0.3148241498645971	0.3148241498645971	0.0	0.9271234244887261	0.9524347528587594	0.18863388832834782	0.4172134641525712	4	COE1	3924
10	COE1	BaggingClassifier_LogisticRegression	mono+di	0.0	0.9288641005844029	0.9524347528587594	0.0	0.9288641005844029	0.9524347528587594	0.957562707086835	0.957562707086835	0.957562707086835	0.0	0.9360198915276423	0.9360198915276423	0.9360198915276423	0.0	0.9481535164967965	0.9481535164967965	0.9481535164967965	0.0	0.0	0.19824209359209588	0.43977046398658515	0.0	0.19824209359209588	0.43977046398658515	0.45791707581715546	0.45791707581715546	0.45791707581715546	0.0	0.22869561672260247	0.22869561672260247	0.22869561672260247	0.0	0.32205017357859467	0.32205017357859467	0.32205017357859467	0.0	0.9288641005844029	0.9524347528587594	0.19824209359209588	0.43977046398658515	4	COE1	3924
198	CTCF	Single best mono PWM	mono	0.973937892639104	0.9683369357475167	0.9780461863731669	0.0	0.0	0.0	0.9780461863731669	0.9780461863731669	0.9780461863731669	0.0	0.9683369357475167	0.9683369357475167	0.9683369357475167	0.0	0.973937892639104	0.973937892639104	0.973937892639104	0.0	0.6384490192674908	0.8174315028254592	0.7461634625553875	0.0	0.0	0.0	0.7461634625553875	0.7461634625553875	0.7461634625553875	0.0	0.8174315028254592	0.8174315028254592	0.8174315028254592	0.0	0.6384490192674908	0.6384490192674908	0.6384490192674908	0.0	0.9683369357475167	0.9780461863731669	0.8174315028254592	0.7461634625553875	5	CTCF	10000
198	CTCF	RandomForestClassifier	mono	0.973937892639104	0.9683369357475167	0.9780461863731669	0.973937892639104	0.9683369357475167	0.9780461863731669	0.9791001580513794	0.9791001580513794	0.9791001580513794	0.0	0.9691530743115806	0.9691530743115806	0.9691530743115806	0.0	0.9814751180572188	0.9814751180572188	0.9814751180572188	0.0	0.6384490192674908	0.8174315028254592	0.7461634625553875	0.6384490192674908	0.8174315028254592	0.7461634625553875	0.7339018474048262	0.7339018474048262	0.7339018474048262	0.0	0.8214681969028388	0.8214681969028388	0.8214681969028388	0.0	0.7583083010145865	0.7583083010145865	0.7583083010145865	0.0	0.9683369357475167	0.9780461863731669	0.8174315028254592	0.7461634625553875	5	CTCF	10000
99	CTCF	Single best di PWM	di	0.0	0.0	0.0	0.978203253408408	0.9737303023317547	0.9802296317657782	0.9802296317657782	0.9802296317657782	0.9802296317657782	0.0	0.9737303023317547	0.9737303023317547	0.9737303023317547	0.0	0.978203253408408	0.978203253408408	0.978203253408408	0.0	0.0	0.0	0.0	0.6643900346605278	0.8414612763624256	0.7610480653667139	0.7610480653667139	0.7610480653667139	0.7610480653667139	0.0	0.8414612763624256	0.8414612763624256	0.8414612763624256	0.0	0.6643900346605278	0.6643900346605278	0.6643900346605278	0.0	0.9737303023317547	0.9802296317657782	0.8414612763624256	0.7610480653667139	5	CTCF	10000
99	CTCF	RandomForestClassifier	di	0.978203253408408	0.9737303023317547	0.9802296317657782	0.978203253408408	0.9737303023317547	0.9802296317657782	0.9802142418313567	0.9802142418313567	0.9802142418313567	0.0	0.9730365822820178	0.9730365822820178	0.9730365822820178	0.0	0.9843911519221296	0.9843911519221296	0.9843911519221296	0.0	0.6643900346605278	0.8414612763624256	0.7610480653667139	0.6643900346605278	0.8414612763624256	0.7610480653667139	0.7672569295652348	0.7672569295652348	0.7672569295652348	0.0	0.8422131503185879	0.8422131503185879	0.8422131503185879	0.0	0.7788047627192379	0.7788047627192379	0.7788047627192379	0.0	0.9737303023317547	0.9802296317657782	0.8414612763624256	0.7610480653667139	5	CTCF	10000
198	CTCF	RandomForestClassifier	mono+di	0.0	0.9737303023317547	0.9802296317657782	0.0	0.9737303023317547	0.9802296317657782	0.9799376522359806	0.9799376522359806	0.9799376522359806	0.0	0.9746882357461197	0.9746882357461197	0.9746882357461197	0.0	0.9849178118405177	0.9849178118405177	0.9849178118405177	0.0	0.0	0.8414612763624256	0.7610480653667139	0.0	0.8414612763624256	0.7610480653667139	0.7486518327721627	0.7486518327721627	0.7486518327721627	0.0	0.8451090511107765	0.8451090511107765	0.8451090511107765	0.0	0.7840685402394284	0.7840685402394284	0.7840685402394284	0.0	0.9737303023317547	0.9802296317657782	0.8414612763624256	0.7610480653667139	5	CTCF	10000
198	CTCF	Single best mono PWM	mono	0.973937892639104	0.9683369357475167	0.9780461863731669	0.0	0.0	0.0	0.9780461863731669	0.9780461863731669	0.9780461863731669	0.0	0.9683369357475167	0.9683369357475167	0.9683369357475167	0.0	0.973937892639104	0.973937892639104	0.973937892639104	0.0	0.6384490192674908	0.8174315028254592	0.7461634625553875	0.0	0.0	0.0	0.7461634625553875	0.7461634625553875	0.7461634625553875	0.0	0.8174315028254592	0.8174315028254592	0.8174315028254592	0.0	0.6384490192674908	0.6384490192674908	0.6384490192674908	0.0	0.9683369357475167	0.9780461863731669	0.8174315028254592	0.7461634625553875	5	CTCF	10000
198	CTCF	LogisticRegression	mono	0.973937892639104	0.9683369357475167	0.9780461863731669	0.973937892639104	0.9683369357475167	0.9780461863731669	0.9782894564434615	0.9782894564434615	0.9782894564434615	0.0	0.9716071852690109	0.9716071852690109	0.9716071852690109	0.0	0.977967548160567	0.977967548160567	0.977967548160567	0.0	0.6384490192674908	0.8174315028254592	0.7461634625553875	0.6384490192674908	0.8174315028254592	0.7461634625553875	0.7564408868492858	0.7564408868492858	0.7564408868492858	0.0	0.8269828022626471	0.8269828022626471	0.8269828022626471	0.0	0.6643241882046017	0.6643241882046017	0.6643241882046017	0.0	0.9683369357475167	0.9780461863731669	0.8174315028254592	0.7461634625553875	5	CTCF	10000
99	CTCF	Single best di PWM	di	0.0	0.0	0.0	0.978203253408408	0.9737303023317547	0.9802296317657782	0.9802296317657782	0.9802296317657782	0.9802296317657782	0.0	0.9737303023317547	0.9737303023317547	0.9737303023317547	0.0	0.978203253408408	0.978203253408408	0.978203253408408	0.0	0.0	0.0	0.0	0.6643900346605278	0.8414612763624256	0.7610480653667139	0.7610480653667139	0.7610480653667139	0.7610480653667139	0.0	0.8414612763624256	0.8414612763624256	0.8414612763624256	0.0	0.6643900346605278	0.6643900346605278	0.6643900346605278	0.0	0.9737303023317547	0.9802296317657782	0.8414612763624256	0.7610480653667139	5	CTCF	10000
99	CTCF	LogisticRegression	di	0.978203253408408	0.9737303023317547	0.9802296317657782	0.978203253408408	0.9737303023317547	0.9802296317657782	0.9814834590946461	0.9814834590946461	0.9814834590946461	0.0	0.9764969138130963	0.9764969138130963	0.9764969138130963	0.0	0.9813885835845109	0.9813885835845109	0.9813885835845109	0.0	0.6643900346605278	0.8414612763624256	0.7610480653667139	0.6643900346605278	0.8414612763624256	0.7610480653667139	0.7744726255195423	0.7744726255195423	0.7744726255195423	0.0	0.8449239996742252	0.8449239996742252	0.8449239996742252	0.0	0.687034342494208	0.687034342494208	0.687034342494208	0.0	0.9737303023317547	0.9802296317657782	0.8414612763624256	0.7610480653667139	5	CTCF	10000
198	CTCF	LogisticRegression	mono+di	0.0	0.9737303023317547	0.9802296317657782	0.0	0.9737303023317547	0.9802296317657782	0.9808479048632666	0.9808479048632666	0.9808479048632666	0.0	0.9762883028067675	0.9762883028067675	0.9762883028067675	0.0	0.9826996280915176	0.9826996280915176	0.9826996280915176	0.0	0.0	0.8414612763624256	0.7610480653667139	0.0	0.8414612763624256	0.7610480653667139	0.7782345222759243	0.7782345222759243	0.7782345222759243	0.0	0.8433228583869493	0.8433228583869493	0.8433228583869493	0.0	0.7029769189092097	0.7029769189092097	0.7029769189092097	0.0	0.9737303023317547	0.9802296317657782	0.8414612763624256	0.7610480653667139	5	CTCF	10000
198	CTCF	Single best mono PWM	mono	0.973937892639104	0.9683369357475167	0.9780461863731669	0.0	0.0	0.0	0.9780461863731669	0.9780461863731669	0.9780461863731669	0.0	0.9683369357475167	0.9683369357475167	0.9683369357475167	0.0	0.973937892639104	0.973937892639104	0.973937892639104	0.0	0.6384490192674908	0.8174315028254592	0.7461634625553875	0.0	0.0	0.0	0.7461634625553875	0.7461634625553875	0.7461634625553875	0.0	0.8174315028254592	0.8174315028254592	0.8174315028254592	0.0	0.6384490192674908	0.6384490192674908	0.6384490192674908	0.0	0.9683369357475167	0.9780461863731669	0.8174315028254592	0.7461634625553875	5	CTCF	10000
198	CTCF	XGBClassifier	mono	0.973937892639104	0.9683369357475167	0.9780461863731669	0.973937892639104	0.9683369357475167	0.9780461863731669	0.9783372708095672	0.9783372708095672	0.9783372708095672	0.0	0.9697461496011288	0.9697461496011288	0.9697461496011288	0.0	0.9896033309081707	0.9896033309081707	0.9896033309081707	0.0	0.6384490192674908	0.8174315028254592	0.7461634625553875	0.6384490192674908	0.8174315028254592	0.7461634625553875	0.7367830316936512	0.7367830316936512	0.7367830316936512	0.0	0.8237459721360653	0.8237459721360653	0.8237459721360653	0.0	0.8560408745651829	0.8560408745651829	0.8560408745651829	0.0	0.9683369357475167	0.9780461863731669	0.8174315028254592	0.7461634625553875	5	CTCF	10000
99	CTCF	Single best di PWM	di	0.0	0.0	0.0	0.978203253408408	0.9737303023317547	0.9802296317657782	0.9802296317657782	0.9802296317657782	0.9802296317657782	0.0	0.9737303023317547	0.9737303023317547	0.9737303023317547	0.0	0.978203253408408	0.978203253408408	0.978203253408408	0.0	0.0	0.0	0.0	0.6643900346605278	0.8414612763624256	0.7610480653667139	0.7610480653667139	0.7610480653667139	0.7610480653667139	0.0	0.8414612763624256	0.8414612763624256	0.8414612763624256	0.0	0.6643900346605278	0.6643900346605278	0.6643900346605278	0.0	0.9737303023317547	0.9802296317657782	0.8414612763624256	0.7610480653667139	5	CTCF	10000
99	CTCF	XGBClassifier	di	0.978203253408408	0.9737303023317547	0.9802296317657782	0.978203253408408	0.9737303023317547	0.9802296317657782	0.9791667719280357	0.9791667719280357	0.9791667719280357	0.0	0.9746871243555891	0.9746871243555891	0.9746871243555891	0.0	0.9913085886909092	0.9913085886909092	0.9913085886909092	0.0	0.6643900346605278	0.8414612763624256	0.7610480653667139	0.6643900346605278	0.8414612763624256	0.7610480653667139	0.7535193409409322	0.7535193409409322	0.7535193409409322	0.0	0.8392076957615995	0.8392076957615995	0.8392076957615995	0.0	0.8604616750219797	0.8604616750219797	0.8604616750219797	0.0	0.9737303023317547	0.9802296317657782	0.8414612763624256	0.7610480653667139	5	CTCF	10000
198	CTCF	XGBClassifier	mono+di	0.0	0.9737303023317547	0.9802296317657782	0.0	0.9737303023317547	0.9802296317657782	0.979749987253921	0.979749987253921	0.979749987253921	0.0	0.9760478708244269	0.9760478708244269	0.9760478708244269	0.0	0.9922000569386012	0.9922000569386012	0.9922000569386012	0.0	0.0	0.8414612763624256	0.7610480653667139	0.0	0.8414612763624256	0.7610480653667139	0.7459488033569581	0.7459488033569581	0.7459488033569581	0.0	0.8436281227813346	0.8436281227813346	0.8436281227813346	0.0	0.8825941215665145	0.8825941215665145	0.8825941215665145	0.0	0.9737303023317547	0.9802296317657782	0.8414612763624256	0.7610480653667139	5	CTCF	10000
198	CTCF	Single best mono PWM	mono	0.973937892639104	0.9683369357475167	0.9780461863731669	0.0	0.0	0.0	0.9780461863731669	0.9780461863731669	0.9780461863731669	0.0	0.9683369357475167	0.9683369357475167	0.9683369357475167	0.0	0.973937892639104	0.973937892639104	0.973937892639104	0.0	0.6384490192674908	0.8174315028254592	0.7461634625553875	0.0	0.0	0.0	0.7461634625553875	0.7461634625553875	0.7461634625553875	0.0	0.8174315028254592	0.8174315028254592	0.8174315028254592	0.0	0.6384490192674908	0.6384490192674908	0.6384490192674908	0.0	0.9683369357475167	0.9780461863731669	0.8174315028254592	0.7461634625553875	5	CTCF	10000
198	CTCF	BaggingClassifier_XGBClassifier	mono	0.973937892639104	0.9683369357475167	0.9780461863731669	0.973937892639104	0.9683369357475167	0.9780461863731669	0.9787754924766269	0.9787754924766269	0.9787754924766269	0.0	0.9708785748215208	0.9708785748215208	0.9708785748215208	0.0	0.9919995996222168	0.9919995996222168	0.9919995996222168	0.0	0.6384490192674908	0.8174315028254592	0.7461634625553875	0.6384490192674908	0.8174315028254592	0.7461634625553875	0.7431362415108723	0.7431362415108723	0.7431362415108723	0.0	0.8277031875200824	0.8277031875200824	0.8277031875200824	0.0	0.8683315556290436	0.8683315556290436	0.8683315556290436	0.0	0.9683369357475167	0.9780461863731669	0.8174315028254592	0.7461634625553875	5	CTCF	10000
99	CTCF	Single best di PWM	di	0.0	0.0	0.0	0.978203253408408	0.9737303023317547	0.9802296317657782	0.9802296317657782	0.9802296317657782	0.9802296317657782	0.0	0.9737303023317547	0.9737303023317547	0.9737303023317547	0.0	0.978203253408408	0.978203253408408	0.978203253408408	0.0	0.0	0.0	0.0	0.6643900346605278	0.8414612763624256	0.7610480653667139	0.7610480653667139	0.7610480653667139	0.7610480653667139	0.0	0.8414612763624256	0.8414612763624256	0.8414612763624256	0.0	0.6643900346605278	0.6643900346605278	0.6643900346605278	0.0	0.9737303023317547	0.9802296317657782	0.8414612763624256	0.7610480653667139	5	CTCF	10000
99	CTCF	BaggingClassifier_XGBClassifier	di	0.978203253408408	0.9737303023317547	0.9802296317657782	0.978203253408408	0.9737303023317547	0.9802296317657782	0.9812195072365865	0.9812195072365865	0.9812195072365865	0.0	0.9752545258951897	0.9752545258951897	0.9752545258951897	0.0	0.9930451941109218	0.9930451941109218	0.9930451941109218	0.0	0.6643900346605278	0.8414612763624256	0.7610480653667139	0.6643900346605278	0.8414612763624256	0.7610480653667139	0.7694111886428397	0.7694111886428397	0.7694111886428397	0.0	0.8420645174857502	0.8420645174857502	0.8420645174857502	0.0	0.8814132851320463	0.8814132851320463	0.8814132851320463	0.0	0.9737303023317547	0.9802296317657782	0.8414612763624256	0.7610480653667139	5	CTCF	10000
198	CTCF	BaggingClassifier_XGBClassifier	mono+di	0.0	0.9737303023317547	0.9802296317657782	0.0	0.9737303023317547	0.9802296317657782	0.9802415187590418	0.9802415187590418	0.9802415187590418	0.0	0.9763283254397362	0.9763283254397362	0.9763283254397362	0.0	0.9938830383974043	0.9938830383974043	0.9938830383974043	0.0	0.0	0.8414612763624256	0.7610480653667139	0.0	0.8414612763624256	0.7610480653667139	0.7682634999208291	0.7682634999208291	0.7682634999208291	0.0	0.8468748438611472	0.8468748438611472	0.8468748438611472	0.0	0.8933051266392739	0.8933051266392739	0.8933051266392739	0.0	0.9737303023317547	0.9802296317657782	0.8414612763624256	0.7610480653667139	5	CTCF	10000
198	CTCF	Single best mono PWM	mono	0.973937892639104	0.9683369357475167	0.9780461863731669	0.0	0.0	0.0	0.9780461863731669	0.9780461863731669	0.9780461863731669	0.0	0.9683369357475167	0.9683369357475167	0.9683369357475167	0.0	0.973937892639104	0.973937892639104	0.973937892639104	0.0	0.6384490192674908	0.8174315028254592	0.7461634625553875	0.0	0.0	0.0	0.7461634625553875	0.7461634625553875	0.7461634625553875	0.0	0.8174315028254592	0.8174315028254592	0.8174315028254592	0.0	0.6384490192674908	0.6384490192674908	0.6384490192674908	0.0	0.9683369357475167	0.9780461863731669	0.8174315028254592	0.7461634625553875	5	CTCF	10000
198	CTCF	BaggingClassifier_LogisticRegression	mono	0.973937892639104	0.9683369357475167	0.9780461863731669	0.973937892639104	0.9683369357475167	0.9780461863731669	0.9782411029182148	0.9782411029182148	0.9782411029182148	0.0	0.9715913421909272	0.9715913421909272	0.9715913421909272	0.0	0.9779611023493953	0.9779611023493953	0.9779611023493953	0.0	0.6384490192674908	0.8174315028254592	0.7461634625553875	0.6384490192674908	0.8174315028254592	0.7461634625553875	0.7560601275614837	0.7560601275614837	0.7560601275614837	0.0	0.8267145452722167	0.8267145452722167	0.8267145452722167	0.0	0.6644451782605009	0.6644451782605009	0.6644451782605009	0.0	0.9683369357475167	0.9780461863731669	0.8174315028254592	0.7461634625553875	5	CTCF	10000
99	CTCF	Single best di PWM	di	0.0	0.0	0.0	0.978203253408408	0.9737303023317547	0.9802296317657782	0.9802296317657782	0.9802296317657782	0.9802296317657782	0.0	0.9737303023317547	0.9737303023317547	0.9737303023317547	0.0	0.978203253408408	0.978203253408408	0.978203253408408	0.0	0.0	0.0	0.0	0.6643900346605278	0.8414612763624256	0.7610480653667139	0.7610480653667139	0.7610480653667139	0.7610480653667139	0.0	0.8414612763624256	0.8414612763624256	0.8414612763624256	0.0	0.6643900346605278	0.6643900346605278	0.6643900346605278	0.0	0.9737303023317547	0.9802296317657782	0.8414612763624256	0.7610480653667139	5	CTCF	10000
99	CTCF	BaggingClassifier_LogisticRegression	di	0.978203253408408	0.9737303023317547	0.9802296317657782	0.978203253408408	0.9737303023317547	0.9802296317657782	0.9814696213139933	0.9814696213139933	0.9814696213139933	0.0	0.9765085292761642	0.9765085292761642	0.9765085292761642	0.0	0.981423002065154	0.981423002065154	0.981423002065154	0.0	0.6643900346605278	0.8414612763624256	0.7610480653667139	0.6643900346605278	0.8414612763624256	0.7610480653667139	0.77503839079016	0.77503839079016	0.77503839079016	0.0	0.8452162564158261	0.8452162564158261	0.8452162564158261	0.0	0.687398657098281	0.687398657098281	0.687398657098281	0.0	0.9737303023317547	0.9802296317657782	0.8414612763624256	0.7610480653667139	5	CTCF	10000
198	CTCF	BaggingClassifier_LogisticRegression	mono+di	0.0	0.9737303023317547	0.9802296317657782	0.0	0.9737303023317547	0.9802296317657782	0.9807859997068402	0.9807859997068402	0.9807859997068402	0.0	0.9762708865976502	0.9762708865976502	0.9762708865976502	0.0	0.9827409022508824	0.9827409022508824	0.9827409022508824	0.0	0.0	0.8414612763624256	0.7610480653667139	0.0	0.8414612763624256	0.7610480653667139	0.7788385657314074	0.7788385657314074	0.7788385657314074	0.0	0.8433234795101687	0.8433234795101687	0.8433234795101687	0.0	0.7032452519727121	0.7032452519727121	0.7032452519727121	0.0	0.9737303023317547	0.9802296317657782	0.8414612763624256	0.7610480653667139	5	CTCF	10000
7	E2F4	Single best mono PWM	mono	0.8176400670347486	0.7528403450827513	0.8281590168717711	0.0	0.0	0.0	0.8281590168717711	0.8281590168717711	0.8281590168717711	0.0	0.7528403450827513	0.7528403450827513	0.7528403450827513	0.0	0.8176400670347486	0.8176400670347486	0.8176400670347486	0.0	0.15593321684689532	0.10794160107839439	0.1556118417378499	0.0	0.0	0.0	0.1556118417378499	0.1556118417378499	0.1556118417378499	0.0	0.10794160107839439	0.10794160107839439	0.10794160107839439	0.0	0.15593321684689532	0.15593321684689532	0.15593321684689532	0.0	0.7528403450827513	0.8281590168717711	0.10794160107839439	0.1556118417378499	6	E2F4	2686
7	E2F4	RandomForestClassifier	mono	0.8176400670347486	0.7528403450827513	0.8281590168717711	0.8176400670347486	0.7528403450827513	0.8281590168717711	0.8679954962840911	0.8679954962840911	0.8679954962840911	0.0	0.830308662028932	0.830308662028932	0.830308662028932	0.0	0.9077570580261187	0.9077570580261187	0.9077570580261187	0.0	0.15593321684689532	0.10794160107839439	0.1556118417378499	0.15593321684689532	0.10794160107839439	0.1556118417378499	0.16771629143136307	0.16771629143136307	0.16771629143136307	0.0	0.14426545702884935	0.14426545702884935	0.14426545702884935	0.0	0.3640259171708431	0.3640259171708431	0.3640259171708431	0.0	0.7528403450827513	0.8281590168717711	0.10794160107839439	0.1556118417378499	6	E2F4	2686
4	E2F4	Single best di PWM	di	0.0	0.0	0.0	0.8524113814010982	0.7956979463084288	0.8536315534730446	0.8536315534730446	0.8536315534730446	0.8536315534730446	0.0	0.7956979463084288	0.7956979463084288	0.7956979463084288	0.0	0.8524113814010982	0.8524113814010982	0.8524113814010982	0.0	0.0	0.0	0.0	0.180844763192913	0.13113702674706437	0.16902760363592287	0.16902760363592287	0.16902760363592287	0.16902760363592287	0.0	0.13113702674706437	0.13113702674706437	0.13113702674706437	0.0	0.180844763192913	0.180844763192913	0.180844763192913	0.0	0.7956979463084288	0.8536315534730446	0.13113702674706437	0.16902760363592287	6	E2F4	2686
4	E2F4	RandomForestClassifier	di	0.8524113814010982	0.7956979463084288	0.8536315534730446	0.8524113814010982	0.7956979463084288	0.8536315534730446	0.8713774299298012	0.8713774299298012	0.8713774299298012	0.0	0.8335248872150798	0.8335248872150798	0.8335248872150798	0.0	0.9065678603975688	0.9065678603975688	0.9065678603975688	0.0	0.180844763192913	0.13113702674706437	0.16902760363592287	0.180844763192913	0.13113702674706437	0.16902760363592287	0.17955206627056333	0.17955206627056333	0.17955206627056333	0.0	0.13983827932243623	0.13983827932243623	0.13983827932243623	0.0	0.33351455126688667	0.33351455126688667	0.33351455126688667	0.0	0.7956979463084288	0.8536315534730446	0.13113702674706437	0.16902760363592287	6	E2F4	2686
7	E2F4	RandomForestClassifier	mono+di	0.0	0.7956979463084288	0.8536315534730446	0.0	0.7956979463084288	0.8536315534730446	0.879072056021832	0.879072056021832	0.879072056021832	0.0	0.8426982501208231	0.8426982501208231	0.8426982501208231	0.0	0.9172603165564401	0.9172603165564401	0.9172603165564401	0.0	0.0	0.13113702674706437	0.16902760363592287	0.0	0.13113702674706437	0.16902760363592287	0.19798323753060154	0.19798323753060154	0.19798323753060154	0.0	0.1593939937462547	0.1593939937462547	0.1593939937462547	0.0	0.3790576271411974	0.3790576271411974	0.3790576271411974	0.0	0.7956979463084288	0.8536315534730446	0.13113702674706437	0.16902760363592287	6	E2F4	2686
7	E2F4	Single best mono PWM	mono	0.8176400670347486	0.7528403450827513	0.8281590168717711	0.0	0.0	0.0	0.8281590168717711	0.8281590168717711	0.8281590168717711	0.0	0.7528403450827513	0.7528403450827513	0.7528403450827513	0.0	0.8176400670347486	0.8176400670347486	0.8176400670347486	0.0	0.15593321684689532	0.10794160107839439	0.1556118417378499	0.0	0.0	0.0	0.1556118417378499	0.1556118417378499	0.1556118417378499	0.0	0.10794160107839439	0.10794160107839439	0.10794160107839439	0.0	0.15593321684689532	0.15593321684689532	0.15593321684689532	0.0	0.7528403450827513	0.8281590168717711	0.10794160107839439	0.1556118417378499	6	E2F4	2686
7	E2F4	LogisticRegression	mono	0.8176400670347486	0.7528403450827513	0.8281590168717711	0.8176400670347486	0.7528403450827513	0.8281590168717711	0.8845379880884952	0.8845379880884952	0.8845379880884952	0.0	0.8382921348352161	0.8382921348352161	0.8382921348352161	0.0	0.8907109017437869	0.8907109017437869	0.8907109017437869	0.0	0.15593321684689532	0.10794160107839439	0.1556118417378499	0.15593321684689532	0.10794160107839439	0.1556118417378499	0.21059773857597147	0.21059773857597147	0.21059773857597147	0.0	0.1388656004761325	0.1388656004761325	0.1388656004761325	0.0	0.19495357239819247	0.19495357239819247	0.19495357239819247	0.0	0.7528403450827513	0.8281590168717711	0.10794160107839439	0.1556118417378499	6	E2F4	2686
4	E2F4	Single best di PWM	di	0.0	0.0	0.0	0.8524113814010982	0.7956979463084288	0.8536315534730446	0.8536315534730446	0.8536315534730446	0.8536315534730446	0.0	0.7956979463084288	0.7956979463084288	0.7956979463084288	0.0	0.8524113814010982	0.8524113814010982	0.8524113814010982	0.0	0.0	0.0	0.0	0.180844763192913	0.13113702674706437	0.16902760363592287	0.16902760363592287	0.16902760363592287	0.16902760363592287	0.0	0.13113702674706437	0.13113702674706437	0.13113702674706437	0.0	0.180844763192913	0.180844763192913	0.180844763192913	0.0	0.7956979463084288	0.8536315534730446	0.13113702674706437	0.16902760363592287	6	E2F4	2686
4	E2F4	LogisticRegression	di	0.8524113814010982	0.7956979463084288	0.8536315534730446	0.8524113814010982	0.7956979463084288	0.8536315534730446	0.8795190635566312	0.8795190635566312	0.8795190635566312	0.0	0.8262356457834917	0.8262356457834917	0.8262356457834917	0.0	0.8828093168110388	0.8828093168110388	0.8828093168110388	0.0	0.180844763192913	0.13113702674706437	0.16902760363592287	0.180844763192913	0.13113702674706437	0.16902760363592287	0.18500534284764703	0.18500534284764703	0.18500534284764703	0.0	0.12899857919385954	0.12899857919385954	0.12899857919385954	0.0	0.1845603439954687	0.1845603439954687	0.1845603439954687	0.0	0.7956979463084288	0.8536315534730446	0.13113702674706437	0.16902760363592287	6	E2F4	2686
7	E2F4	LogisticRegression	mono+di	0.0	0.7956979463084288	0.8536315534730446	0.0	0.7956979463084288	0.8536315534730446	0.8909218268884198	0.8909218268884198	0.8909218268884198	0.0	0.8511246573337102	0.8511246573337102	0.8511246573337102	0.0	0.8996938586368338	0.8996938586368338	0.8996938586368338	0.0	0.0	0.13113702674706437	0.16902760363592287	0.0	0.13113702674706437	0.16902760363592287	0.21600314581814764	0.21600314581814764	0.21600314581814764	0.0	0.14699280905617976	0.14699280905617976	0.14699280905617976	0.0	0.21810538299805027	0.21810538299805027	0.21810538299805027	0.0	0.7956979463084288	0.8536315534730446	0.13113702674706437	0.16902760363592287	6	E2F4	2686
7	E2F4	Single best mono PWM	mono	0.8176400670347486	0.7528403450827513	0.8281590168717711	0.0	0.0	0.0	0.8281590168717711	0.8281590168717711	0.8281590168717711	0.0	0.7528403450827513	0.7528403450827513	0.7528403450827513	0.0	0.8176400670347486	0.8176400670347486	0.8176400670347486	0.0	0.15593321684689532	0.10794160107839439	0.1556118417378499	0.0	0.0	0.0	0.1556118417378499	0.1556118417378499	0.1556118417378499	0.0	0.10794160107839439	0.10794160107839439	0.10794160107839439	0.0	0.15593321684689532	0.15593321684689532	0.15593321684689532	0.0	0.7528403450827513	0.8281590168717711	0.10794160107839439	0.1556118417378499	6	E2F4	2686
7	E2F4	XGBClassifier	mono	0.8176400670347486	0.7528403450827513	0.8281590168717711	0.8176400670347486	0.7528403450827513	0.8281590168717711	0.8680400254020563	0.8680400254020563	0.8680400254020563	0.0	0.8466221175423081	0.8466221175423081	0.8466221175423081	0.0	0.9403144807608231	0.9403144807608231	0.9403144807608231	0.0	0.15593321684689532	0.10794160107839439	0.1556118417378499	0.15593321684689532	0.10794160107839439	0.1556118417378499	0.15673005271588664	0.15673005271588664	0.15673005271588664	0.0	0.13441983711144606	0.13441983711144606	0.13441983711144606	0.0	0.42463291543499737	0.42463291543499737	0.42463291543499737	0.0	0.7528403450827513	0.8281590168717711	0.10794160107839439	0.1556118417378499	6	E2F4	2686
4	E2F4	Single best di PWM	di	0.0	0.0	0.0	0.8524113814010982	0.7956979463084288	0.8536315534730446	0.8536315534730446	0.8536315534730446	0.8536315534730446	0.0	0.7956979463084288	0.7956979463084288	0.7956979463084288	0.0	0.8524113814010982	0.8524113814010982	0.8524113814010982	0.0	0.0	0.0	0.0	0.180844763192913	0.13113702674706437	0.16902760363592287	0.16902760363592287	0.16902760363592287	0.16902760363592287	0.0	0.13113702674706437	0.13113702674706437	0.13113702674706437	0.0	0.180844763192913	0.180844763192913	0.180844763192913	0.0	0.7956979463084288	0.8536315534730446	0.13113702674706437	0.16902760363592287	6	E2F4	2686
4	E2F4	XGBClassifier	di	0.8524113814010982	0.7956979463084288	0.8536315534730446	0.8524113814010982	0.7956979463084288	0.8536315534730446	0.8715268077510598	0.8715268077510598	0.8715268077510598	0.0	0.8246542504657455	0.8246542504657455	0.8246542504657455	0.0	0.9268319321952754	0.9268319321952754	0.9268319321952754	0.0	0.180844763192913	0.13113702674706437	0.16902760363592287	0.180844763192913	0.13113702674706437	0.16902760363592287	0.16890474948141548	0.16890474948141548	0.16890474948141548	0.0	0.12468292203703366	0.12468292203703366	0.12468292203703366	0.0	0.3893846419223363	0.3893846419223363	0.3893846419223363	0.0	0.7956979463084288	0.8536315534730446	0.13113702674706437	0.16902760363592287	6	E2F4	2686
7	E2F4	XGBClassifier	mono+di	0.0	0.7956979463084288	0.8536315534730446	0.0	0.7956979463084288	0.8536315534730446	0.8790887115321903	0.8790887115321903	0.8790887115321903	0.0	0.850415552855001	0.850415552855001	0.850415552855001	0.0	0.9501566419455976	0.9501566419455976	0.9501566419455976	0.0	0.0	0.13113702674706437	0.16902760363592287	0.0	0.13113702674706437	0.16902760363592287	0.15606766372072334	0.15606766372072334	0.15606766372072334	0.0	0.14224501284343255	0.14224501284343255	0.14224501284343255	0.0	0.4890864607996333	0.4890864607996333	0.4890864607996333	0.0	0.7956979463084288	0.8536315534730446	0.13113702674706437	0.16902760363592287	6	E2F4	2686
7	E2F4	Single best mono PWM	mono	0.8176400670347486	0.7528403450827513	0.8281590168717711	0.0	0.0	0.0	0.8281590168717711	0.8281590168717711	0.8281590168717711	0.0	0.7528403450827513	0.7528403450827513	0.7528403450827513	0.0	0.8176400670347486	0.8176400670347486	0.8176400670347486	0.0	0.15593321684689532	0.10794160107839439	0.1556118417378499	0.0	0.0	0.0	0.1556118417378499	0.1556118417378499	0.1556118417378499	0.0	0.10794160107839439	0.10794160107839439	0.10794160107839439	0.0	0.15593321684689532	0.15593321684689532	0.15593321684689532	0.0	0.7528403450827513	0.8281590168717711	0.10794160107839439	0.1556118417378499	6	E2F4	2686
7	E2F4	BaggingClassifier_XGBClassifier	mono	0.8176400670347486	0.7528403450827513	0.8281590168717711	0.8176400670347486	0.7528403450827513	0.8281590168717711	0.8755789300242006	0.8755789300242006	0.8755789300242006	0.0	0.8484580267635657	0.8484580267635657	0.8484580267635657	0.0	0.953558286621334	0.953558286621334	0.953558286621334	0.0	0.15593321684689532	0.10794160107839439	0.1556118417378499	0.15593321684689532	0.10794160107839439	0.1556118417378499	0.1614660466110127	0.1614660466110127	0.1614660466110127	0.0	0.1535176279538555	0.1535176279538555	0.1535176279538555	0.0	0.4527169575771065	0.4527169575771065	0.4527169575771065	0.0	0.7528403450827513	0.8281590168717711	0.10794160107839439	0.1556118417378499	6	E2F4	2686
4	E2F4	Single best di PWM	di	0.0	0.0	0.0	0.8524113814010982	0.7956979463084288	0.8536315534730446	0.8536315534730446	0.8536315534730446	0.8536315534730446	0.0	0.7956979463084288	0.7956979463084288	0.7956979463084288	0.0	0.8524113814010982	0.8524113814010982	0.8524113814010982	0.0	0.0	0.0	0.0	0.180844763192913	0.13113702674706437	0.16902760363592287	0.16902760363592287	0.16902760363592287	0.16902760363592287	0.0	0.13113702674706437	0.13113702674706437	0.13113702674706437	0.0	0.180844763192913	0.180844763192913	0.180844763192913	0.0	0.7956979463084288	0.8536315534730446	0.13113702674706437	0.16902760363592287	6	E2F4	2686
4	E2F4	BaggingClassifier_XGBClassifier	di	0.8524113814010982	0.7956979463084288	0.8536315534730446	0.8524113814010982	0.7956979463084288	0.8536315534730446	0.8738935241920258	0.8738935241920258	0.8738935241920258	0.0	0.8289491934766899	0.8289491934766899	0.8289491934766899	0.0	0.9398167209219092	0.9398167209219092	0.9398167209219092	0.0	0.180844763192913	0.13113702674706437	0.16902760363592287	0.180844763192913	0.13113702674706437	0.16902760363592287	0.1781073462922867	0.1781073462922867	0.1781073462922867	0.0	0.13353476256311755	0.13353476256311755	0.13353476256311755	0.0	0.40380548000745947	0.40380548000745947	0.40380548000745947	0.0	0.7956979463084288	0.8536315534730446	0.13113702674706437	0.16902760363592287	6	E2F4	2686
7	E2F4	BaggingClassifier_XGBClassifier	mono+di	0.0	0.7956979463084288	0.8536315534730446	0.0	0.7956979463084288	0.8536315534730446	0.8848971319705474	0.8848971319705474	0.8848971319705474	0.0	0.8553479086410395	0.8553479086410395	0.8553479086410395	0.0	0.9634616919063625	0.9634616919063625	0.9634616919063625	0.0	0.0	0.13113702674706437	0.16902760363592287	0.0	0.13113702674706437	0.16902760363592287	0.18996709518809818	0.18996709518809818	0.18996709518809818	0.0	0.1631502371263057	0.1631502371263057	0.1631502371263057	0.0	0.5042074552232917	0.5042074552232917	0.5042074552232917	0.0	0.7956979463084288	0.8536315534730446	0.13113702674706437	0.16902760363592287	6	E2F4	2686
7	E2F4	Single best mono PWM	mono	0.8176400670347486	0.7528403450827513	0.8281590168717711	0.0	0.0	0.0	0.8281590168717711	0.8281590168717711	0.8281590168717711	0.0	0.7528403450827513	0.7528403450827513	0.7528403450827513	0.0	0.8176400670347486	0.8176400670347486	0.8176400670347486	0.0	0.15593321684689532	0.10794160107839439	0.1556118417378499	0.0	0.0	0.0	0.1556118417378499	0.1556118417378499	0.1556118417378499	0.0	0.10794160107839439	0.10794160107839439	0.10794160107839439	0.0	0.15593321684689532	0.15593321684689532	0.15593321684689532	0.0	0.7528403450827513	0.8281590168717711	0.10794160107839439	0.1556118417378499	6	E2F4	2686
7	E2F4	BaggingClassifier_LogisticRegression	mono	0.8176400670347486	0.7528403450827513	0.8281590168717711	0.8176400670347486	0.7528403450827513	0.8281590168717711	0.8844577999759711	0.8844577999759711	0.8844577999759711	0.0	0.8385056223675441	0.8385056223675441	0.8385056223675441	0.0	0.8907498458565575	0.8907498458565575	0.8907498458565575	0.0	0.15593321684689532	0.10794160107839439	0.1556118417378499	0.15593321684689532	0.10794160107839439	0.1556118417378499	0.21068061835031834	0.21068061835031834	0.21068061835031834	0.0	0.1388498759496066	0.1388498759496066	0.1388498759496066	0.0	0.19489371000106076	0.19489371000106076	0.19489371000106076	0.0	0.7528403450827513	0.8281590168717711	0.10794160107839439	0.1556118417378499	6	E2F4	2686
4	E2F4	Single best di PWM	di	0.0	0.0	0.0	0.8524113814010982	0.7956979463084288	0.8536315534730446	0.8536315534730446	0.8536315534730446	0.8536315534730446	0.0	0.7956979463084288	0.7956979463084288	0.7956979463084288	0.0	0.8524113814010982	0.8524113814010982	0.8524113814010982	0.0	0.0	0.0	0.0	0.180844763192913	0.13113702674706437	0.16902760363592287	0.16902760363592287	0.16902760363592287	0.16902760363592287	0.0	0.13113702674706437	0.13113702674706437	0.13113702674706437	0.0	0.180844763192913	0.180844763192913	0.180844763192913	0.0	0.7956979463084288	0.8536315534730446	0.13113702674706437	0.16902760363592287	6	E2F4	2686
4	E2F4	BaggingClassifier_LogisticRegression	di	0.8524113814010982	0.7956979463084288	0.8536315534730446	0.8524113814010982	0.7956979463084288	0.8536315534730446	0.8795483102483566	0.8795483102483566	0.8795483102483566	0.0	0.8262396565081696	0.8262396565081696	0.8262396565081696	0.0	0.8828351937152588	0.8828351937152588	0.8828351937152588	0.0	0.180844763192913	0.13113702674706437	0.16902760363592287	0.180844763192913	0.13113702674706437	0.16902760363592287	0.1849047337125279	0.1849047337125279	0.1849047337125279	0.0	0.12901074811482077	0.12901074811482077	0.12901074811482077	0.0	0.1845942881035403	0.1845942881035403	0.1845942881035403	0.0	0.7956979463084288	0.8536315534730446	0.13113702674706437	0.16902760363592287	6	E2F4	2686
7	E2F4	BaggingClassifier_LogisticRegression	mono+di	0.0	0.7956979463084288	0.8536315534730446	0.0	0.7956979463084288	0.8536315534730446	0.8909033726378661	0.8909033726378661	0.8909033726378661	0.0	0.8511637618993189	0.8511637618993189	0.8511637618993189	0.0	0.8997170159537897	0.8997170159537897	0.8997170159537897	0.0	0.0	0.13113702674706437	0.16902760363592287	0.0	0.13113702674706437	0.16902760363592287	0.21495359195414918	0.21495359195414918	0.21495359195414918	0.0	0.14726348663757236	0.14726348663757236	0.14726348663757236	0.0	0.2180868079701039	0.2180868079701039	0.2180868079701039	0.0	0.7956979463084288	0.8536315534730446	0.13113702674706437	0.16902760363592287	6	E2F4	2686
37	ERG	Single best mono PWM	mono	0.7544202662402125	0.7588901941025062	0.8003593877797115	0.0	0.0	0.0	0.8003593877797115	0.8003593877797115	0.8003593877797115	0.0	0.7588901941025062	0.7588901941025062	0.7588901941025062	0.0	0.7544202662402125	0.7544202662402125	0.7544202662402125	0.0	0.08870054342770747	0.0722894055409191	0.0732963877583413	0.0	0.0	0.0	0.0732963877583413	0.0732963877583413	0.0732963877583413	0.0	0.0722894055409191	0.0722894055409191	0.0722894055409191	0.0	0.08870054342770747	0.08870054342770747	0.08870054342770747	0.0	0.7588901941025062	0.8003593877797115	0.0722894055409191	0.0732963877583413	7	ERG	6048
37	ERG	RandomForestClassifier	mono	0.7544202662402125	0.7588901941025062	0.8003593877797115	0.7544202662402125	0.7588901941025062	0.8003593877797115	0.8120283751904332	0.8120283751904332	0.8120283751904332	0.0	0.7643132191063007	0.7643132191063007	0.7643132191063007	0.0	0.8046957308821904	0.8046957308821904	0.8046957308821904	0.0	0.08870054342770747	0.0722894055409191	0.0732963877583413	0.08870054342770747	0.0722894055409191	0.0732963877583413	0.06606778224737461	0.06606778224737461	0.06606778224737461	0.0	0.07765134472905343	0.07765134472905343	0.07765134472905343	0.0	0.1619272286530563	0.1619272286530563	0.1619272286530563	0.0	0.7588901941025062	0.8003593877797115	0.0722894055409191	0.0732963877583413	7	ERG	6048
17	ERG	Single best di PWM	di	0.0	0.0	0.0	0.7595148662317158	0.7554783031700688	0.8023990868585876	0.8023990868585876	0.8023990868585876	0.8023990868585876	0.0	0.7554783031700688	0.7554783031700688	0.7554783031700688	0.0	0.7595148662317158	0.7595148662317158	0.7595148662317158	0.0	0.0	0.0	0.0	0.09578221798032263	0.07856889092011834	0.06875857829406458	0.06875857829406458	0.06875857829406458	0.06875857829406458	0.0	0.07856889092011834	0.07856889092011834	0.07856889092011834	0.0	0.09578221798032263	0.09578221798032263	0.09578221798032263	0.0	0.7554783031700688	0.8023990868585876	0.07856889092011834	0.06875857829406458	7	ERG	6048
17	ERG	RandomForestClassifier	di	0.7595148662317158	0.7554783031700688	0.8023990868585876	0.7595148662317158	0.7554783031700688	0.8023990868585876	0.8140177490214175	0.8140177490214175	0.8140177490214175	0.0	0.7669656512714763	0.7669656512714763	0.7669656512714763	0.0	0.8025322733985947	0.8025322733985947	0.8025322733985947	0.0	0.09578221798032263	0.07856889092011834	0.06875857829406458	0.09578221798032263	0.07856889092011834	0.06875857829406458	0.06516671803464377	0.06516671803464377	0.06516671803464377	0.0	0.08642732667675114	0.08642732667675114	0.08642732667675114	0.0	0.16832540207045033	0.16832540207045033	0.16832540207045033	0.0	0.7554783031700688	0.8023990868585876	0.07856889092011834	0.06875857829406458	7	ERG	6048
37	ERG	RandomForestClassifier	mono+di	0.0	0.7588901941025062	0.8023990868585876	0.0	0.7588901941025062	0.8023990868585876	0.8139492872739842	0.8139492872739842	0.8139492872739842	0.0	0.7689792395070741	0.7689792395070741	0.7689792395070741	0.0	0.807369560850934	0.807369560850934	0.807369560850934	0.0	0.0	0.07856889092011834	0.0732963877583413	0.0	0.07856889092011834	0.0732963877583413	0.065173343747252	0.065173343747252	0.065173343747252	0.0	0.08389125080050397	0.08389125080050397	0.08389125080050397	0.0	0.17349412353055485	0.17349412353055485	0.17349412353055485	0.0	0.7588901941025062	0.8023990868585876	0.07856889092011834	0.0732963877583413	7	ERG	6048
37	ERG	Single best mono PWM	mono	0.7544202662402125	0.7588901941025062	0.8003593877797115	0.0	0.0	0.0	0.8003593877797115	0.8003593877797115	0.8003593877797115	0.0	0.7588901941025062	0.7588901941025062	0.7588901941025062	0.0	0.7544202662402125	0.7544202662402125	0.7544202662402125	0.0	0.08870054342770747	0.0722894055409191	0.0732963877583413	0.0	0.0	0.0	0.0732963877583413	0.0732963877583413	0.0732963877583413	0.0	0.0722894055409191	0.0722894055409191	0.0722894055409191	0.0	0.08870054342770747	0.08870054342770747	0.08870054342770747	0.0	0.7588901941025062	0.8003593877797115	0.0722894055409191	0.0732963877583413	7	ERG	6048
37	ERG	LogisticRegression	mono	0.7544202662402125	0.7588901941025062	0.8003593877797115	0.7544202662402125	0.7588901941025062	0.8003593877797115	0.7967040440309727	0.7967040440309727	0.7967040440309727	0.0	0.77212069264143	0.77212069264143	0.77212069264143	0.0	0.7734783186079827	0.7734783186079827	0.7734783186079827	0.0	0.08870054342770747	0.0722894055409191	0.0732963877583413	0.08870054342770747	0.0722894055409191	0.0732963877583413	0.06958925311137802	0.06958925311137802	0.06958925311137802	0.0	0.08156161636808176	0.08156161636808176	0.08156161636808176	0.0	0.10169861463207422	0.10169861463207422	0.10169861463207422	0.0	0.7588901941025062	0.8003593877797115	0.0722894055409191	0.0732963877583413	7	ERG	6048
17	ERG	Single best di PWM	di	0.0	0.0	0.0	0.7595148662317158	0.7554783031700688	0.8023990868585876	0.8023990868585876	0.8023990868585876	0.8023990868585876	0.0	0.7554783031700688	0.7554783031700688	0.7554783031700688	0.0	0.7595148662317158	0.7595148662317158	0.7595148662317158	0.0	0.0	0.0	0.0	0.09578221798032263	0.07856889092011834	0.06875857829406458	0.06875857829406458	0.06875857829406458	0.06875857829406458	0.0	0.07856889092011834	0.07856889092011834	0.07856889092011834	0.0	0.09578221798032263	0.09578221798032263	0.09578221798032263	0.0	0.7554783031700688	0.8023990868585876	0.07856889092011834	0.06875857829406458	7	ERG	6048
17	ERG	LogisticRegression	di	0.7595148662317158	0.7554783031700688	0.8023990868585876	0.7595148662317158	0.7554783031700688	0.8023990868585876	0.7931608250962892	0.7931608250962892	0.7931608250962892	0.0	0.7667603895734765	0.7667603895734765	0.7667603895734765	0.0	0.7725920865453278	0.7725920865453278	0.7725920865453278	0.0	0.09578221798032263	0.07856889092011834	0.06875857829406458	0.09578221798032263	0.07856889092011834	0.06875857829406458	0.06410387112786095	0.06410387112786095	0.06410387112786095	0.0	0.08163702578339381	0.08163702578339381	0.08163702578339381	0.0	0.10418688835559017	0.10418688835559017	0.10418688835559017	0.0	0.7554783031700688	0.8023990868585876	0.07856889092011834	0.06875857829406458	7	ERG	6048
37	ERG	LogisticRegression	mono+di	0.0	0.7588901941025062	0.8023990868585876	0.0	0.7588901941025062	0.8023990868585876	0.7940215405001176	0.7940215405001176	0.7940215405001176	0.0	0.7726901459691692	0.7726901459691692	0.7726901459691692	0.0	0.7777885101968524	0.7777885101968524	0.7777885101968524	0.0	0.0	0.07856889092011834	0.0732963877583413	0.0	0.07856889092011834	0.0732963877583413	0.06758578060209042	0.06758578060209042	0.06758578060209042	0.0	0.08940674137659771	0.08940674137659771	0.08940674137659771	0.0	0.1086510002885551	0.1086510002885551	0.1086510002885551	0.0	0.7588901941025062	0.8023990868585876	0.07856889092011834	0.0732963877583413	7	ERG	6048
37	ERG	Single best mono PWM	mono	0.7544202662402125	0.7588901941025062	0.8003593877797115	0.0	0.0	0.0	0.8003593877797115	0.8003593877797115	0.8003593877797115	0.0	0.7588901941025062	0.7588901941025062	0.7588901941025062	0.0	0.7544202662402125	0.7544202662402125	0.7544202662402125	0.0	0.08870054342770747	0.0722894055409191	0.0732963877583413	0.0	0.0	0.0	0.0732963877583413	0.0732963877583413	0.0732963877583413	0.0	0.0722894055409191	0.0722894055409191	0.0722894055409191	0.0	0.08870054342770747	0.08870054342770747	0.08870054342770747	0.0	0.7588901941025062	0.8003593877797115	0.0722894055409191	0.0732963877583413	7	ERG	6048
37	ERG	XGBClassifier	mono	0.7544202662402125	0.7588901941025062	0.8003593877797115	0.7544202662402125	0.7588901941025062	0.8003593877797115	0.793280542168514	0.793280542168514	0.793280542168514	0.0	0.7714031806555337	0.7714031806555337	0.7714031806555337	0.0	0.8354745235658715	0.8354745235658715	0.8354745235658715	0.0	0.08870054342770747	0.0722894055409191	0.0732963877583413	0.08870054342770747	0.0722894055409191	0.0732963877583413	0.06331236687802363	0.06331236687802363	0.06331236687802363	0.0	0.08480563587403832	0.08480563587403832	0.08480563587403832	0.0	0.19967693954350085	0.19967693954350085	0.19967693954350085	0.0	0.7588901941025062	0.8003593877797115	0.0722894055409191	0.0732963877583413	7	ERG	6048
17	ERG	Single best di PWM	di	0.0	0.0	0.0	0.7595148662317158	0.7554783031700688	0.8023990868585876	0.8023990868585876	0.8023990868585876	0.8023990868585876	0.0	0.7554783031700688	0.7554783031700688	0.7554783031700688	0.0	0.7595148662317158	0.7595148662317158	0.7595148662317158	0.0	0.0	0.0	0.0	0.09578221798032263	0.07856889092011834	0.06875857829406458	0.06875857829406458	0.06875857829406458	0.06875857829406458	0.0	0.07856889092011834	0.07856889092011834	0.07856889092011834	0.0	0.09578221798032263	0.09578221798032263	0.09578221798032263	0.0	0.7554783031700688	0.8023990868585876	0.07856889092011834	0.06875857829406458	7	ERG	6048
17	ERG	XGBClassifier	di	0.7595148662317158	0.7554783031700688	0.8023990868585876	0.7595148662317158	0.7554783031700688	0.8023990868585876	0.7896141790304215	0.7896141790304215	0.7896141790304215	0.0	0.765490000771456	0.765490000771456	0.765490000771456	0.0	0.8306405371348103	0.8306405371348103	0.8306405371348103	0.0	0.09578221798032263	0.07856889092011834	0.06875857829406458	0.09578221798032263	0.07856889092011834	0.06875857829406458	0.061583217468520975	0.061583217468520975	0.061583217468520975	0.0	0.08228554571585754	0.08228554571585754	0.08228554571585754	0.0	0.1934769535215048	0.1934769535215048	0.1934769535215048	0.0	0.7554783031700688	0.8023990868585876	0.07856889092011834	0.06875857829406458	7	ERG	6048
37	ERG	XGBClassifier	mono+di	0.0	0.7588901941025062	0.8023990868585876	0.0	0.7588901941025062	0.8023990868585876	0.7834942427026773	0.7834942427026773	0.7834942427026773	0.0	0.7731694335405941	0.7731694335405941	0.7731694335405941	0.0	0.8465502640817023	0.8465502640817023	0.8465502640817023	0.0	0.0	0.07856889092011834	0.0732963877583413	0.0	0.07856889092011834	0.0732963877583413	0.06093854107856959	0.06093854107856959	0.06093854107856959	0.0	0.08576212042394789	0.08576212042394789	0.08576212042394789	0.0	0.22888396077323753	0.22888396077323753	0.22888396077323753	0.0	0.7588901941025062	0.8023990868585876	0.07856889092011834	0.0732963877583413	7	ERG	6048
37	ERG	Single best mono PWM	mono	0.7544202662402125	0.7588901941025062	0.8003593877797115	0.0	0.0	0.0	0.8003593877797115	0.8003593877797115	0.8003593877797115	0.0	0.7588901941025062	0.7588901941025062	0.7588901941025062	0.0	0.7544202662402125	0.7544202662402125	0.7544202662402125	0.0	0.08870054342770747	0.0722894055409191	0.0732963877583413	0.0	0.0	0.0	0.0732963877583413	0.0732963877583413	0.0732963877583413	0.0	0.0722894055409191	0.0722894055409191	0.0722894055409191	0.0	0.08870054342770747	0.08870054342770747	0.08870054342770747	0.0	0.7588901941025062	0.8003593877797115	0.0722894055409191	0.0732963877583413	7	ERG	6048
37	ERG	BaggingClassifier_XGBClassifier	mono	0.7544202662402125	0.7588901941025062	0.8003593877797115	0.7544202662402125	0.7588901941025062	0.8003593877797115	0.7983789002269307	0.7983789002269307	0.7983789002269307	0.0	0.7744788828048083	0.7744788828048083	0.7744788828048083	0.0	0.8598366572360698	0.8598366572360698	0.8598366572360698	0.0	0.08870054342770747	0.0722894055409191	0.0732963877583413	0.08870054342770747	0.0722894055409191	0.0732963877583413	0.06559598686140751	0.06559598686140751	0.06559598686140751	0.0	0.08528315100683989	0.08528315100683989	0.08528315100683989	0.0	0.22460874659944635	0.22460874659944635	0.22460874659944635	0.0	0.7588901941025062	0.8003593877797115	0.0722894055409191	0.0732963877583413	7	ERG	6048
17	ERG	Single best di PWM	di	0.0	0.0	0.0	0.7595148662317158	0.7554783031700688	0.8023990868585876	0.8023990868585876	0.8023990868585876	0.8023990868585876	0.0	0.7554783031700688	0.7554783031700688	0.7554783031700688	0.0	0.7595148662317158	0.7595148662317158	0.7595148662317158	0.0	0.0	0.0	0.0	0.09578221798032263	0.07856889092011834	0.06875857829406458	0.06875857829406458	0.06875857829406458	0.06875857829406458	0.0	0.07856889092011834	0.07856889092011834	0.07856889092011834	0.0	0.09578221798032263	0.09578221798032263	0.09578221798032263	0.0	0.7554783031700688	0.8023990868585876	0.07856889092011834	0.06875857829406458	7	ERG	6048
17	ERG	BaggingClassifier_XGBClassifier	di	0.7595148662317158	0.7554783031700688	0.8023990868585876	0.7595148662317158	0.7554783031700688	0.8023990868585876	0.7949893360617746	0.7949893360617746	0.7949893360617746	0.0	0.7677210461964977	0.7677210461964977	0.7677210461964977	0.0	0.8483676844151811	0.8483676844151811	0.8483676844151811	0.0	0.09578221798032263	0.07856889092011834	0.06875857829406458	0.09578221798032263	0.07856889092011834	0.06875857829406458	0.061238547899375315	0.061238547899375315	0.061238547899375315	0.0	0.08689084531502991	0.08689084531502991	0.08689084531502991	0.0	0.2197272878452328	0.2197272878452328	0.2197272878452328	0.0	0.7554783031700688	0.8023990868585876	0.07856889092011834	0.06875857829406458	7	ERG	6048
37	ERG	BaggingClassifier_XGBClassifier	mono+di	0.0	0.7588901941025062	0.8023990868585876	0.0	0.7588901941025062	0.8023990868585876	0.7937772133424141	0.7937772133424141	0.7937772133424141	0.0	0.7793402967052057	0.7793402967052057	0.7793402967052057	0.0	0.8676714984809211	0.8676714984809211	0.8676714984809211	0.0	0.0	0.07856889092011834	0.0732963877583413	0.0	0.07856889092011834	0.0732963877583413	0.06172177159746991	0.06172177159746991	0.06172177159746991	0.0	0.09317767298753965	0.09317767298753965	0.09317767298753965	0.0	0.24969791882237632	0.24969791882237632	0.24969791882237632	0.0	0.7588901941025062	0.8023990868585876	0.07856889092011834	0.0732963877583413	7	ERG	6048
37	ERG	Single best mono PWM	mono	0.7544202662402125	0.7588901941025062	0.8003593877797115	0.0	0.0	0.0	0.8003593877797115	0.8003593877797115	0.8003593877797115	0.0	0.7588901941025062	0.7588901941025062	0.7588901941025062	0.0	0.7544202662402125	0.7544202662402125	0.7544202662402125	0.0	0.08870054342770747	0.0722894055409191	0.0732963877583413	0.0	0.0	0.0	0.0732963877583413	0.0732963877583413	0.0732963877583413	0.0	0.0722894055409191	0.0722894055409191	0.0722894055409191	0.0	0.08870054342770747	0.08870054342770747	0.08870054342770747	0.0	0.7588901941025062	0.8003593877797115	0.0722894055409191	0.0732963877583413	7	ERG	6048
37	ERG	BaggingClassifier_LogisticRegression	mono	0.7544202662402125	0.7588901941025062	0.8003593877797115	0.7544202662402125	0.7588901941025062	0.8003593877797115	0.7965750666278784	0.7965750666278784	0.7965750666278784	0.0	0.7721418484094229	0.7721418484094229	0.7721418484094229	0.0	0.7735072468623507	0.7735072468623507	0.7735072468623507	0.0	0.08870054342770747	0.0722894055409191	0.0732963877583413	0.08870054342770747	0.0722894055409191	0.0732963877583413	0.06978916555242176	0.06978916555242176	0.06978916555242176	0.0	0.08115694853229852	0.08115694853229852	0.08115694853229852	0.0	0.10154978258588579	0.10154978258588579	0.10154978258588579	0.0	0.7588901941025062	0.8003593877797115	0.0722894055409191	0.0732963877583413	7	ERG	6048
17	ERG	Single best di PWM	di	0.0	0.0	0.0	0.7595148662317158	0.7554783031700688	0.8023990868585876	0.8023990868585876	0.8023990868585876	0.8023990868585876	0.0	0.7554783031700688	0.7554783031700688	0.7554783031700688	0.0	0.7595148662317158	0.7595148662317158	0.7595148662317158	0.0	0.0	0.0	0.0	0.09578221798032263	0.07856889092011834	0.06875857829406458	0.06875857829406458	0.06875857829406458	0.06875857829406458	0.0	0.07856889092011834	0.07856889092011834	0.07856889092011834	0.0	0.09578221798032263	0.09578221798032263	0.09578221798032263	0.0	0.7554783031700688	0.8023990868585876	0.07856889092011834	0.06875857829406458	7	ERG	6048
17	ERG	BaggingClassifier_LogisticRegression	di	0.7595148662317158	0.7554783031700688	0.8023990868585876	0.7595148662317158	0.7554783031700688	0.8023990868585876	0.7931667290626951	0.7931667290626951	0.7931667290626951	0.0	0.7668408734734493	0.7668408734734493	0.7668408734734493	0.0	0.7725704733291225	0.7725704733291225	0.7725704733291225	0.0	0.09578221798032263	0.07856889092011834	0.06875857829406458	0.09578221798032263	0.07856889092011834	0.06875857829406458	0.06427903555850524	0.06427903555850524	0.06427903555850524	0.0	0.08166915729165099	0.08166915729165099	0.08166915729165099	0.0	0.10417770603474528	0.10417770603474528	0.10417770603474528	0.0	0.7554783031700688	0.8023990868585876	0.07856889092011834	0.06875857829406458	7	ERG	6048
37	ERG	BaggingClassifier_LogisticRegression	mono+di	0.0	0.7588901941025062	0.8023990868585876	0.0	0.7588901941025062	0.8023990868585876	0.7936783825623037	0.7936783825623037	0.7936783825623037	0.0	0.7727275412472256	0.7727275412472256	0.7727275412472256	0.0	0.7777850647022037	0.7777850647022037	0.7777850647022037	0.0	0.0	0.07856889092011834	0.0732963877583413	0.0	0.07856889092011834	0.0732963877583413	0.06751257876338573	0.06751257876338573	0.06751257876338573	0.0	0.08929776907076573	0.08929776907076573	0.08929776907076573	0.0	0.10862841349407017	0.10862841349407017	0.10862841349407017	0.0	0.7588901941025062	0.8023990868585876	0.07856889092011834	0.0732963877583413	7	ERG	6048
190	ESR1	Single best mono PWM	mono	0.8934173068858509	0.8537285780143843	0.8691397574230324	0.0	0.0	0.0	0.8691397574230324	0.8691397574230324	0.8691397574230324	0.0	0.8537285780143843	0.8537285780143843	0.8537285780143843	0.0	0.8934173068858509	0.8934173068858509	0.8934173068858509	0.0	0.5493751635667818	0.5841917697210142	0.37144847886659405	0.0	0.0	0.0	0.37144847886659405	0.37144847886659405	0.37144847886659405	0.0	0.5841917697210142	0.5841917697210142	0.5841917697210142	0.0	0.5493751635667818	0.5493751635667818	0.5493751635667818	0.0	0.8537285780143843	0.8691397574230324	0.5841917697210142	0.37144847886659405	8	ESR1	10000
190	ESR1	RandomForestClassifier	mono	0.8934173068858509	0.8537285780143843	0.8691397574230324	0.8934173068858509	0.8537285780143843	0.8691397574230324	0.891551957455482	0.891551957455482	0.891551957455482	0.0	0.8695457793033267	0.8695457793033267	0.8695457793033267	0.0	0.9211554393294473	0.9211554393294473	0.9211554393294473	0.0	0.5493751635667818	0.5841917697210142	0.37144847886659405	0.5493751635667818	0.5841917697210142	0.37144847886659405	0.4002201208885176	0.4002201208885176	0.4002201208885176	0.0	0.6181987729395352	0.6181987729395352	0.6181987729395352	0.0	0.6569651686513764	0.6569651686513764	0.6569651686513764	0.0	0.8537285780143843	0.8691397574230324	0.5841917697210142	0.37144847886659405	8	ESR1	10000
100	ESR1	Single best di PWM	di	0.0	0.0	0.0	0.8975277032835696	0.8593224621046647	0.8725425969891776	0.8725425969891776	0.8725425969891776	0.8725425969891776	0.0	0.8593224621046647	0.8593224621046647	0.8593224621046647	0.0	0.8975277032835696	0.8975277032835696	0.8975277032835696	0.0	0.0	0.0	0.0	0.5640398857834648	0.6041033434510055	0.3872292664768628	0.3872292664768628	0.3872292664768628	0.3872292664768628	0.0	0.6041033434510055	0.6041033434510055	0.6041033434510055	0.0	0.5640398857834648	0.5640398857834648	0.5640398857834648	0.0	0.8593224621046647	0.8725425969891776	0.6041033434510055	0.3872292664768628	8	ESR1	10000
100	ESR1	RandomForestClassifier	di	0.8975277032835696	0.8593224621046647	0.8725425969891776	0.8975277032835696	0.8593224621046647	0.8725425969891776	0.883014470306549	0.883014470306549	0.883014470306549	0.0	0.8673413501166364	0.8673413501166364	0.8673413501166364	0.0	0.9195640885787972	0.9195640885787972	0.9195640885787972	0.0	0.5640398857834648	0.6041033434510055	0.3872292664768628	0.5640398857834648	0.6041033434510055	0.3872292664768628	0.3913973861816869	0.3913973861816869	0.3913973861816869	0.0	0.6237644837448536	0.6237644837448536	0.6237644837448536	0.0	0.6561030220029024	0.6561030220029024	0.6561030220029024	0.0	0.8593224621046647	0.8725425969891776	0.6041033434510055	0.3872292664768628	8	ESR1	10000
190	ESR1	RandomForestClassifier	mono+di	0.0	0.8593224621046647	0.8725425969891776	0.0	0.8593224621046647	0.8725425969891776	0.8935513422737892	0.8935513422737892	0.8935513422737892	0.0	0.872724799588345	0.872724799588345	0.872724799588345	0.0	0.925661669409964	0.925661669409964	0.925661669409964	0.0	0.0	0.6041033434510055	0.3872292664768628	0.0	0.6041033434510055	0.3872292664768628	0.38828357551333714	0.38828357551333714	0.38828357551333714	0.0	0.6280047643075941	0.6280047643075941	0.6280047643075941	0.0	0.6709126704351148	0.6709126704351148	0.6709126704351148	0.0	0.8593224621046647	0.8725425969891776	0.6041033434510055	0.3872292664768628	8	ESR1	10000
190	ESR1	Single best mono PWM	mono	0.8934173068858509	0.8537285780143843	0.8691397574230324	0.0	0.0	0.0	0.8691397574230324	0.8691397574230324	0.8691397574230324	0.0	0.8537285780143843	0.8537285780143843	0.8537285780143843	0.0	0.8934173068858509	0.8934173068858509	0.8934173068858509	0.0	0.5493751635667818	0.5841917697210142	0.37144847886659405	0.0	0.0	0.0	0.37144847886659405	0.37144847886659405	0.37144847886659405	0.0	0.5841917697210142	0.5841917697210142	0.5841917697210142	0.0	0.5493751635667818	0.5493751635667818	0.5493751635667818	0.0	0.8537285780143843	0.8691397574230324	0.5841917697210142	0.37144847886659405	8	ESR1	10000
190	ESR1	LogisticRegression	mono	0.8934173068858509	0.8537285780143843	0.8691397574230324	0.8934173068858509	0.8537285780143843	0.8691397574230324	0.8984323748624004	0.8984323748624004	0.8984323748624004	0.0	0.8773082648597748	0.8773082648597748	0.8773082648597748	0.0	0.9209766475509518	0.9209766475509518	0.9209766475509518	0.0	0.5493751635667818	0.5841917697210142	0.37144847886659405	0.5493751635667818	0.5841917697210142	0.37144847886659405	0.4151342104326877	0.4151342104326877	0.4151342104326877	0.0	0.6225171086467456	0.6225171086467456	0.6225171086467456	0.0	0.6264555565595545	0.6264555565595545	0.6264555565595545	0.0	0.8537285780143843	0.8691397574230324	0.5841917697210142	0.37144847886659405	8	ESR1	10000
100	ESR1	Single best di PWM	di	0.0	0.0	0.0	0.8975277032835696	0.8593224621046647	0.8725425969891776	0.8725425969891776	0.8725425969891776	0.8725425969891776	0.0	0.8593224621046647	0.8593224621046647	0.8593224621046647	0.0	0.8975277032835696	0.8975277032835696	0.8975277032835696	0.0	0.0	0.0	0.0	0.5640398857834648	0.6041033434510055	0.3872292664768628	0.3872292664768628	0.3872292664768628	0.3872292664768628	0.0	0.6041033434510055	0.6041033434510055	0.6041033434510055	0.0	0.5640398857834648	0.5640398857834648	0.5640398857834648	0.0	0.8593224621046647	0.8725425969891776	0.6041033434510055	0.3872292664768628	8	ESR1	10000
100	ESR1	LogisticRegression	di	0.8975277032835696	0.8593224621046647	0.8725425969891776	0.8975277032835696	0.8593224621046647	0.8725425969891776	0.8880429690730594	0.8880429690730594	0.8880429690730594	0.0	0.8714552632291426	0.8714552632291426	0.8714552632291426	0.0	0.9136843139310578	0.9136843139310578	0.9136843139310578	0.0	0.5640398857834648	0.6041033434510055	0.3872292664768628	0.5640398857834648	0.6041033434510055	0.3872292664768628	0.40242184594073455	0.40242184594073455	0.40242184594073455	0.0	0.6228547038538325	0.6228547038538325	0.6228547038538325	0.0	0.6045849345193721	0.6045849345193721	0.6045849345193721	0.0	0.8593224621046647	0.8725425969891776	0.6041033434510055	0.3872292664768628	8	ESR1	10000
190	ESR1	LogisticRegression	mono+di	0.0	0.8593224621046647	0.8725425969891776	0.0	0.8593224621046647	0.8725425969891776	0.899666134526606	0.899666134526606	0.899666134526606	0.0	0.8797751546645483	0.8797751546645483	0.8797751546645483	0.0	0.9256767998301602	0.9256767998301602	0.9256767998301602	0.0	0.0	0.6041033434510055	0.3872292664768628	0.0	0.6041033434510055	0.3872292664768628	0.419501828001995	0.419501828001995	0.419501828001995	0.0	0.6311422073597954	0.6311422073597954	0.6311422073597954	0.0	0.6446594997739008	0.6446594997739008	0.6446594997739008	0.0	0.8593224621046647	0.8725425969891776	0.6041033434510055	0.3872292664768628	8	ESR1	10000
190	ESR1	Single best mono PWM	mono	0.8934173068858509	0.8537285780143843	0.8691397574230324	0.0	0.0	0.0	0.8691397574230324	0.8691397574230324	0.8691397574230324	0.0	0.8537285780143843	0.8537285780143843	0.8537285780143843	0.0	0.8934173068858509	0.8934173068858509	0.8934173068858509	0.0	0.5493751635667818	0.5841917697210142	0.37144847886659405	0.0	0.0	0.0	0.37144847886659405	0.37144847886659405	0.37144847886659405	0.0	0.5841917697210142	0.5841917697210142	0.5841917697210142	0.0	0.5493751635667818	0.5493751635667818	0.5493751635667818	0.0	0.8537285780143843	0.8691397574230324	0.5841917697210142	0.37144847886659405	8	ESR1	10000
190	ESR1	XGBClassifier	mono	0.8934173068858509	0.8537285780143843	0.8691397574230324	0.8934173068858509	0.8537285780143843	0.8691397574230324	0.8928830227192753	0.8928830227192753	0.8928830227192753	0.0	0.8763458792076708	0.8763458792076708	0.8763458792076708	0.0	0.9520829418455925	0.9520829418455925	0.9520829418455925	0.0	0.5493751635667818	0.5841917697210142	0.37144847886659405	0.5493751635667818	0.5841917697210142	0.37144847886659405	0.3799955972242536	0.3799955972242536	0.3799955972242536	0.0	0.6313483807351059	0.6313483807351059	0.6313483807351059	0.0	0.7482344812927298	0.7482344812927298	0.7482344812927298	0.0	0.8537285780143843	0.8691397574230324	0.5841917697210142	0.37144847886659405	8	ESR1	10000
100	ESR1	Single best di PWM	di	0.0	0.0	0.0	0.8975277032835696	0.8593224621046647	0.8725425969891776	0.8725425969891776	0.8725425969891776	0.8725425969891776	0.0	0.8593224621046647	0.8593224621046647	0.8593224621046647	0.0	0.8975277032835696	0.8975277032835696	0.8975277032835696	0.0	0.0	0.0	0.0	0.5640398857834648	0.6041033434510055	0.3872292664768628	0.3872292664768628	0.3872292664768628	0.3872292664768628	0.0	0.6041033434510055	0.6041033434510055	0.6041033434510055	0.0	0.5640398857834648	0.5640398857834648	0.5640398857834648	0.0	0.8593224621046647	0.8725425969891776	0.6041033434510055	0.3872292664768628	8	ESR1	10000
100	ESR1	XGBClassifier	di	0.8975277032835696	0.8593224621046647	0.8725425969891776	0.8975277032835696	0.8593224621046647	0.8725425969891776	0.8830871659794177	0.8830871659794177	0.8830871659794177	0.0	0.869331315581773	0.869331315581773	0.869331315581773	0.0	0.9498611622494338	0.9498611622494338	0.9498611622494338	0.0	0.5640398857834648	0.6041033434510055	0.3872292664768628	0.5640398857834648	0.6041033434510055	0.3872292664768628	0.38146332414821293	0.38146332414821293	0.38146332414821293	0.0	0.6201424990195854	0.6201424990195854	0.6201424990195854	0.0	0.7395400546173146	0.7395400546173146	0.7395400546173146	0.0	0.8593224621046647	0.8725425969891776	0.6041033434510055	0.3872292664768628	8	ESR1	10000
190	ESR1	XGBClassifier	mono+di	0.0	0.8593224621046647	0.8725425969891776	0.0	0.8593224621046647	0.8725425969891776	0.8939581906735141	0.8939581906735141	0.8939581906735141	0.0	0.8808677182712499	0.8808677182712499	0.8808677182712499	0.0	0.9554862296087394	0.9554862296087394	0.9554862296087394	0.0	0.0	0.6041033434510055	0.3872292664768628	0.0	0.6041033434510055	0.3872292664768628	0.3936297662607796	0.3936297662607796	0.3936297662607796	0.0	0.6351076187526701	0.6351076187526701	0.6351076187526701	0.0	0.7639487220748998	0.7639487220748998	0.7639487220748998	0.0	0.8593224621046647	0.8725425969891776	0.6041033434510055	0.3872292664768628	8	ESR1	10000
190	ESR1	Single best mono PWM	mono	0.8934173068858509	0.8537285780143843	0.8691397574230324	0.0	0.0	0.0	0.8691397574230324	0.8691397574230324	0.8691397574230324	0.0	0.8537285780143843	0.8537285780143843	0.8537285780143843	0.0	0.8934173068858509	0.8934173068858509	0.8934173068858509	0.0	0.5493751635667818	0.5841917697210142	0.37144847886659405	0.0	0.0	0.0	0.37144847886659405	0.37144847886659405	0.37144847886659405	0.0	0.5841917697210142	0.5841917697210142	0.5841917697210142	0.0	0.5493751635667818	0.5493751635667818	0.5493751635667818	0.0	0.8537285780143843	0.8691397574230324	0.5841917697210142	0.37144847886659405	8	ESR1	10000
190	ESR1	BaggingClassifier_XGBClassifier	mono	0.8934173068858509	0.8537285780143843	0.8691397574230324	0.8934173068858509	0.8537285780143843	0.8691397574230324	0.8996996440732189	0.8996996440732189	0.8996996440732189	0.0	0.8804237873937363	0.8804237873937363	0.8804237873937363	0.0	0.963041180648746	0.963041180648746	0.963041180648746	0.0	0.5493751635667818	0.5841917697210142	0.37144847886659405	0.5493751635667818	0.5841917697210142	0.37144847886659405	0.38151303042410095	0.38151303042410095	0.38151303042410095	0.0	0.6365733278850232	0.6365733278850232	0.6365733278850232	0.0	0.7594053252414136	0.7594053252414136	0.7594053252414136	0.0	0.8537285780143843	0.8691397574230324	0.5841917697210142	0.37144847886659405	8	ESR1	10000
100	ESR1	Single best di PWM	di	0.0	0.0	0.0	0.8975277032835696	0.8593224621046647	0.8725425969891776	0.8725425969891776	0.8725425969891776	0.8725425969891776	0.0	0.8593224621046647	0.8593224621046647	0.8593224621046647	0.0	0.8975277032835696	0.8975277032835696	0.8975277032835696	0.0	0.0	0.0	0.0	0.5640398857834648	0.6041033434510055	0.3872292664768628	0.3872292664768628	0.3872292664768628	0.3872292664768628	0.0	0.6041033434510055	0.6041033434510055	0.6041033434510055	0.0	0.5640398857834648	0.5640398857834648	0.5640398857834648	0.0	0.8593224621046647	0.8725425969891776	0.6041033434510055	0.3872292664768628	8	ESR1	10000
100	ESR1	BaggingClassifier_XGBClassifier	di	0.8975277032835696	0.8593224621046647	0.8725425969891776	0.8975277032835696	0.8593224621046647	0.8725425969891776	0.8857762169507035	0.8857762169507035	0.8857762169507035	0.0	0.8742684299787157	0.8742684299787157	0.8742684299787157	0.0	0.9614422355950685	0.9614422355950685	0.9614422355950685	0.0	0.5640398857834648	0.6041033434510055	0.3872292664768628	0.5640398857834648	0.6041033434510055	0.3872292664768628	0.38358997728860994	0.38358997728860994	0.38358997728860994	0.0	0.6316184189204075	0.6316184189204075	0.6316184189204075	0.0	0.7519655566439691	0.7519655566439691	0.7519655566439691	0.0	0.8593224621046647	0.8725425969891776	0.6041033434510055	0.3872292664768628	8	ESR1	10000
190	ESR1	BaggingClassifier_XGBClassifier	mono+di	0.0	0.8593224621046647	0.8725425969891776	0.0	0.8593224621046647	0.8725425969891776	0.8981724991125358	0.8981724991125358	0.8981724991125358	0.0	0.8858637728073887	0.8858637728073887	0.8858637728073887	0.0	0.9677413164157511	0.9677413164157511	0.9677413164157511	0.0	0.0	0.6041033434510055	0.3872292664768628	0.0	0.6041033434510055	0.3872292664768628	0.397454329217241	0.397454329217241	0.397454329217241	0.0	0.6457426565081031	0.6457426565081031	0.6457426565081031	0.0	0.7764149253266868	0.7764149253266868	0.7764149253266868	0.0	0.8593224621046647	0.8725425969891776	0.6041033434510055	0.3872292664768628	8	ESR1	10000
190	ESR1	Single best mono PWM	mono	0.8934173068858509	0.8537285780143843	0.8691397574230324	0.0	0.0	0.0	0.8691397574230324	0.8691397574230324	0.8691397574230324	0.0	0.8537285780143843	0.8537285780143843	0.8537285780143843	0.0	0.8934173068858509	0.8934173068858509	0.8934173068858509	0.0	0.5493751635667818	0.5841917697210142	0.37144847886659405	0.0	0.0	0.0	0.37144847886659405	0.37144847886659405	0.37144847886659405	0.0	0.5841917697210142	0.5841917697210142	0.5841917697210142	0.0	0.5493751635667818	0.5493751635667818	0.5493751635667818	0.0	0.8537285780143843	0.8691397574230324	0.5841917697210142	0.37144847886659405	8	ESR1	10000
190	ESR1	BaggingClassifier_LogisticRegression	mono	0.8934173068858509	0.8537285780143843	0.8691397574230324	0.8934173068858509	0.8537285780143843	0.8691397574230324	0.8987492238919075	0.8987492238919075	0.8987492238919075	0.0	0.8773547156087609	0.8773547156087609	0.8773547156087609	0.0	0.9210519877547597	0.9210519877547597	0.9210519877547597	0.0	0.5493751635667818	0.5841917697210142	0.37144847886659405	0.5493751635667818	0.5841917697210142	0.37144847886659405	0.4166425900429454	0.4166425900429454	0.4166425900429454	0.0	0.6225877790227821	0.6225877790227821	0.6225877790227821	0.0	0.6262123406823626	0.6262123406823626	0.6262123406823626	0.0	0.8537285780143843	0.8691397574230324	0.5841917697210142	0.37144847886659405	8	ESR1	10000
100	ESR1	Single best di PWM	di	0.0	0.0	0.0	0.8975277032835696	0.8593224621046647	0.8725425969891776	0.8725425969891776	0.8725425969891776	0.8725425969891776	0.0	0.8593224621046647	0.8593224621046647	0.8593224621046647	0.0	0.8975277032835696	0.8975277032835696	0.8975277032835696	0.0	0.0	0.0	0.0	0.5640398857834648	0.6041033434510055	0.3872292664768628	0.3872292664768628	0.3872292664768628	0.3872292664768628	0.0	0.6041033434510055	0.6041033434510055	0.6041033434510055	0.0	0.5640398857834648	0.5640398857834648	0.5640398857834648	0.0	0.8593224621046647	0.8725425969891776	0.6041033434510055	0.3872292664768628	8	ESR1	10000
100	ESR1	BaggingClassifier_LogisticRegression	di	0.8975277032835696	0.8593224621046647	0.8725425969891776	0.8975277032835696	0.8593224621046647	0.8725425969891776	0.8880947391570964	0.8880947391570964	0.8880947391570964	0.0	0.8714297310688375	0.8714297310688375	0.8714297310688375	0.0	0.9137859394657384	0.9137859394657384	0.9137859394657384	0.0	0.5640398857834648	0.6041033434510055	0.3872292664768628	0.5640398857834648	0.6041033434510055	0.3872292664768628	0.40327871048391306	0.40327871048391306	0.40327871048391306	0.0	0.6229162079818635	0.6229162079818635	0.6229162079818635	0.0	0.6044609262278499	0.6044609262278499	0.6044609262278499	0.0	0.8593224621046647	0.8725425969891776	0.6041033434510055	0.3872292664768628	8	ESR1	10000
190	ESR1	BaggingClassifier_LogisticRegression	mono+di	0.0	0.8593224621046647	0.8725425969891776	0.0	0.8593224621046647	0.8725425969891776	0.8998968961510002	0.8998968961510002	0.8998968961510002	0.0	0.8796389631079433	0.8796389631079433	0.8796389631079433	0.0	0.9258388830936005	0.9258388830936005	0.9258388830936005	0.0	0.0	0.6041033434510055	0.3872292664768628	0.0	0.6041033434510055	0.3872292664768628	0.4207019852183205	0.4207019852183205	0.4207019852183205	0.0	0.6306490368279226	0.6306490368279226	0.6306490368279226	0.0	0.6443689133304417	0.6443689133304417	0.6443689133304417	0.0	0.8593224621046647	0.8725425969891776	0.6041033434510055	0.3872292664768628	8	ESR1	10000
18	FLI1	Single best mono PWM	mono	0.866369927641549	0.8629455278051181	0.8216431351210289	0.0	0.0	0.0	0.8216431351210289	0.8216431351210289	0.8216431351210289	0.0	0.8629455278051181	0.8629455278051181	0.8629455278051181	0.0	0.866369927641549	0.866369927641549	0.866369927641549	0.0	0.07145238719632765	0.0591874948051563	0.13833341451006356	0.0	0.0	0.0	0.13833341451006356	0.13833341451006356	0.13833341451006356	0.0	0.0591874948051563	0.0591874948051563	0.0591874948051563	0.0	0.07145238719632765	0.07145238719632765	0.07145238719632765	0.0	0.8629455278051181	0.8216431351210289	0.0591874948051563	0.13833341451006356	9	FLI1	1346
18	FLI1	RandomForestClassifier	mono	0.866369927641549	0.8629455278051181	0.8216431351210289	0.866369927641549	0.8629455278051181	0.8216431351210289	0.8306373729998875	0.8306373729998875	0.8306373729998875	0.0	0.8685506889763779	0.8685506889763779	0.8685506889763779	0.0	0.92930747747679	0.92930747747679	0.92930747747679	0.0	0.07145238719632765	0.0591874948051563	0.13833341451006356	0.07145238719632765	0.0591874948051563	0.13833341451006356	0.14945648661265323	0.14945648661265323	0.14945648661265323	0.0	0.07113186661703005	0.07113186661703005	0.07113186661703005	0.0	0.23590284418847773	0.23590284418847773	0.23590284418847773	0.0	0.8629455278051181	0.8216431351210289	0.0591874948051563	0.13833341451006356	9	FLI1	1346
8	FLI1	Single best di PWM	di	0.0	0.0	0.0	0.8729613558651999	0.8698968073326772	0.8239335038811468	0.8239335038811468	0.8239335038811468	0.8239335038811468	0.0	0.8698968073326772	0.8698968073326772	0.8698968073326772	0.0	0.8729613558651999	0.8729613558651999	0.8729613558651999	0.0	0.0	0.0	0.0	0.0758932313035893	0.06910068537568557	0.1350654775829451	0.1350654775829451	0.1350654775829451	0.1350654775829451	0.0	0.06910068537568557	0.06910068537568557	0.06910068537568557	0.0	0.0758932313035893	0.0758932313035893	0.0758932313035893	0.0	0.8698968073326772	0.8239335038811468	0.06910068537568557	0.1350654775829451	9	FLI1	1346
8	FLI1	RandomForestClassifier	di	0.8729613558651999	0.8698968073326772	0.8239335038811468	0.8729613558651999	0.8698968073326772	0.8239335038811468	0.8320079205461454	0.8320079205461454	0.8320079205461454	0.0	0.8750133796751969	0.8750133796751969	0.8750133796751969	0.0	0.9281848876557754	0.9281848876557754	0.9281848876557754	0.0	0.0758932313035893	0.06910068537568557	0.1350654775829451	0.0758932313035893	0.06910068537568557	0.1350654775829451	0.1499174624769814	0.1499174624769814	0.1499174624769814	0.0	0.07591169216530728	0.07591169216530728	0.07591169216530728	0.0	0.21309867623545942	0.21309867623545942	0.21309867623545942	0.0	0.8698968073326772	0.8239335038811468	0.06910068537568557	0.1350654775829451	9	FLI1	1346
18	FLI1	RandomForestClassifier	mono+di	0.0	0.8698968073326772	0.8239335038811468	0.0	0.8698968073326772	0.8239335038811468	0.8307406686799241	0.8307406686799241	0.8307406686799241	0.0	0.8721412093996064	0.8721412093996064	0.8721412093996064	0.0	0.9330663336436005	0.9330663336436005	0.9330663336436005	0.0	0.0	0.06910068537568557	0.13833341451006356	0.0	0.06910068537568557	0.13833341451006356	0.14691108242638173	0.14691108242638173	0.14691108242638173	0.0	0.07532518311163762	0.07532518311163762	0.07532518311163762	0.0	0.2393664878273036	0.2393664878273036	0.2393664878273036	0.0	0.8698968073326772	0.8239335038811468	0.06910068537568557	0.13833341451006356	9	FLI1	1346
18	FLI1	Single best mono PWM	mono	0.866369927641549	0.8629455278051181	0.8216431351210289	0.0	0.0	0.0	0.8216431351210289	0.8216431351210289	0.8216431351210289	0.0	0.8629455278051181	0.8629455278051181	0.8629455278051181	0.0	0.866369927641549	0.866369927641549	0.866369927641549	0.0	0.07145238719632765	0.0591874948051563	0.13833341451006356	0.0	0.0	0.0	0.13833341451006356	0.13833341451006356	0.13833341451006356	0.0	0.0591874948051563	0.0591874948051563	0.0591874948051563	0.0	0.07145238719632765	0.07145238719632765	0.07145238719632765	0.0	0.8629455278051181	0.8216431351210289	0.0591874948051563	0.13833341451006356	9	FLI1	1346
18	FLI1	LogisticRegression	mono	0.866369927641549	0.8629455278051181	0.8216431351210289	0.866369927641549	0.8629455278051181	0.8216431351210289	0.8325874590154327	0.8325874590154327	0.8325874590154327	0.0	0.8693485482283465	0.8693485482283465	0.8693485482283465	0.0	0.8716230290391753	0.8716230290391753	0.8716230290391753	0.0	0.07145238719632765	0.0591874948051563	0.13833341451006356	0.07145238719632765	0.0591874948051563	0.13833341451006356	0.16141640813474156	0.16141640813474156	0.16141640813474156	0.0	0.06082392930113136	0.06082392930113136	0.06082392930113136	0.0	0.07600311686742642	0.07600311686742642	0.07600311686742642	0.0	0.8629455278051181	0.8216431351210289	0.0591874948051563	0.13833341451006356	9	FLI1	1346
8	FLI1	Single best di PWM	di	0.0	0.0	0.0	0.8729613558651999	0.8698968073326772	0.8239335038811468	0.8239335038811468	0.8239335038811468	0.8239335038811468	0.0	0.8698968073326772	0.8698968073326772	0.8698968073326772	0.0	0.8729613558651999	0.8729613558651999	0.8729613558651999	0.0	0.0	0.0	0.0	0.0758932313035893	0.06910068537568557	0.1350654775829451	0.1350654775829451	0.1350654775829451	0.1350654775829451	0.0	0.06910068537568557	0.06910068537568557	0.06910068537568557	0.0	0.0758932313035893	0.0758932313035893	0.0758932313035893	0.0	0.8698968073326772	0.8239335038811468	0.06910068537568557	0.1350654775829451	9	FLI1	1346
8	FLI1	LogisticRegression	di	0.8729613558651999	0.8698968073326772	0.8239335038811468	0.8729613558651999	0.8698968073326772	0.8239335038811468	0.8343083734464837	0.8343083734464837	0.8343083734464837	0.0	0.8806139271653544	0.8806139271653544	0.8806139271653544	0.0	0.8789157851407221	0.8789157851407221	0.8789157851407221	0.0	0.0758932313035893	0.06910068537568557	0.1350654775829451	0.0758932313035893	0.06910068537568557	0.1350654775829451	0.16470686495298753	0.16470686495298753	0.16470686495298753	0.0	0.06540415403674553	0.06540415403674553	0.06540415403674553	0.0	0.08033474005590828	0.08033474005590828	0.08033474005590828	0.0	0.8698968073326772	0.8239335038811468	0.06910068537568557	0.1350654775829451	9	FLI1	1346
18	FLI1	LogisticRegression	mono+di	0.0	0.8698968073326772	0.8239335038811468	0.0	0.8698968073326772	0.8239335038811468	0.8330054634525716	0.8330054634525716	0.8330054634525716	0.0	0.8816297059547245	0.8816297059547245	0.8816297059547245	0.0	0.880394237126406	0.880394237126406	0.880394237126406	0.0	0.0	0.06910068537568557	0.13833341451006356	0.0	0.06910068537568557	0.13833341451006356	0.16107835890825364	0.16107835890825364	0.16107835890825364	0.0	0.0672549818904677	0.0672549818904677	0.0672549818904677	0.0	0.08338925751749188	0.08338925751749188	0.08338925751749188	0.0	0.8698968073326772	0.8239335038811468	0.06910068537568557	0.13833341451006356	9	FLI1	1346
18	FLI1	Single best mono PWM	mono	0.866369927641549	0.8629455278051181	0.8216431351210289	0.0	0.0	0.0	0.8216431351210289	0.8216431351210289	0.8216431351210289	0.0	0.8629455278051181	0.8629455278051181	0.8629455278051181	0.0	0.866369927641549	0.866369927641549	0.866369927641549	0.0	0.07145238719632765	0.0591874948051563	0.13833341451006356	0.0	0.0	0.0	0.13833341451006356	0.13833341451006356	0.13833341451006356	0.0	0.0591874948051563	0.0591874948051563	0.0591874948051563	0.0	0.07145238719632765	0.07145238719632765	0.07145238719632765	0.0	0.8629455278051181	0.8216431351210289	0.0591874948051563	0.13833341451006356	9	FLI1	1346
18	FLI1	XGBClassifier	mono	0.866369927641549	0.8629455278051181	0.8216431351210289	0.866369927641549	0.8629455278051181	0.8216431351210289	0.81645309300738	0.81645309300738	0.81645309300738	0.0	0.8442941067913385	0.8442941067913385	0.8442941067913385	0.0	0.9527613542369426	0.9527613542369426	0.9527613542369426	0.0	0.07145238719632765	0.0591874948051563	0.13833341451006356	0.07145238719632765	0.0591874948051563	0.13833341451006356	0.13608577230780244	0.13608577230780244	0.13608577230780244	0.0	0.06035134040071902	0.06035134040071902	0.06035134040071902	0.0	0.3049418926826904	0.3049418926826904	0.3049418926826904	0.0	0.8629455278051181	0.8216431351210289	0.0591874948051563	0.13833341451006356	9	FLI1	1346
8	FLI1	Single best di PWM	di	0.0	0.0	0.0	0.8729613558651999	0.8698968073326772	0.8239335038811468	0.8239335038811468	0.8239335038811468	0.8239335038811468	0.0	0.8698968073326772	0.8698968073326772	0.8698968073326772	0.0	0.8729613558651999	0.8729613558651999	0.8729613558651999	0.0	0.0	0.0	0.0	0.0758932313035893	0.06910068537568557	0.1350654775829451	0.1350654775829451	0.1350654775829451	0.1350654775829451	0.0	0.06910068537568557	0.06910068537568557	0.06910068537568557	0.0	0.0758932313035893	0.0758932313035893	0.0758932313035893	0.0	0.8698968073326772	0.8239335038811468	0.06910068537568557	0.1350654775829451	9	FLI1	1346
8	FLI1	XGBClassifier	di	0.8729613558651999	0.8698968073326772	0.8239335038811468	0.8729613558651999	0.8698968073326772	0.8239335038811468	0.8212078421907475	0.8212078421907475	0.8212078421907475	0.0	0.8664271653543307	0.8664271653543307	0.8664271653543307	0.0	0.9457916682185699	0.9457916682185699	0.9457916682185699	0.0	0.0758932313035893	0.06910068537568557	0.1350654775829451	0.0758932313035893	0.06910068537568557	0.1350654775829451	0.14352965256166772	0.14352965256166772	0.14352965256166772	0.0	0.06081986092693369	0.06081986092693369	0.06081986092693369	0.0	0.27070262077737905	0.27070262077737905	0.27070262077737905	0.0	0.8698968073326772	0.8239335038811468	0.06910068537568557	0.1350654775829451	9	FLI1	1346
18	FLI1	XGBClassifier	mono+di	0.0	0.8698968073326772	0.8239335038811468	0.0	0.8698968073326772	0.8239335038811468	0.8171676666895407	0.8171676666895407	0.8171676666895407	0.0	0.8652316067913386	0.8652316067913386	0.8652316067913386	0.0	0.9612316751196578	0.9612316751196578	0.9612316751196578	0.0	0.0	0.06910068537568557	0.13833341451006356	0.0	0.06910068537568557	0.13833341451006356	0.13068998504488935	0.13068998504488935	0.13068998504488935	0.0	0.08206207915952789	0.08206207915952789	0.08206207915952789	0.0	0.3726023498182276	0.3726023498182276	0.3726023498182276	0.0	0.8698968073326772	0.8239335038811468	0.06910068537568557	0.13833341451006356	9	FLI1	1346
18	FLI1	Single best mono PWM	mono	0.866369927641549	0.8629455278051181	0.8216431351210289	0.0	0.0	0.0	0.8216431351210289	0.8216431351210289	0.8216431351210289	0.0	0.8629455278051181	0.8629455278051181	0.8629455278051181	0.0	0.866369927641549	0.866369927641549	0.866369927641549	0.0	0.07145238719632765	0.0591874948051563	0.13833341451006356	0.0	0.0	0.0	0.13833341451006356	0.13833341451006356	0.13833341451006356	0.0	0.0591874948051563	0.0591874948051563	0.0591874948051563	0.0	0.07145238719632765	0.07145238719632765	0.07145238719632765	0.0	0.8629455278051181	0.8216431351210289	0.0591874948051563	0.13833341451006356	9	FLI1	1346
18	FLI1	BaggingClassifier_XGBClassifier	mono	0.866369927641549	0.8629455278051181	0.8216431351210289	0.866369927641549	0.8629455278051181	0.8216431351210289	0.8238151351794628	0.8238151351794628	0.8238151351794628	0.0	0.856642778051181	0.856642778051181	0.856642778051181	0.0	0.9715393737727968	0.9715393737727968	0.9715393737727968	0.0	0.07145238719632765	0.0591874948051563	0.13833341451006356	0.07145238719632765	0.0591874948051563	0.13833341451006356	0.1451583411471282	0.1451583411471282	0.1451583411471282	0.0	0.06547411420887925	0.06547411420887925	0.06547411420887925	0.0	0.3911814168965287	0.3911814168965287	0.3911814168965287	0.0	0.8629455278051181	0.8216431351210289	0.0591874948051563	0.13833341451006356	9	FLI1	1346
8	FLI1	Single best di PWM	di	0.0	0.0	0.0	0.8729613558651999	0.8698968073326772	0.8239335038811468	0.8239335038811468	0.8239335038811468	0.8239335038811468	0.0	0.8698968073326772	0.8698968073326772	0.8698968073326772	0.0	0.8729613558651999	0.8729613558651999	0.8729613558651999	0.0	0.0	0.0	0.0	0.0758932313035893	0.06910068537568557	0.1350654775829451	0.1350654775829451	0.1350654775829451	0.1350654775829451	0.0	0.06910068537568557	0.06910068537568557	0.06910068537568557	0.0	0.0758932313035893	0.0758932313035893	0.0758932313035893	0.0	0.8698968073326772	0.8239335038811468	0.06910068537568557	0.1350654775829451	9	FLI1	1346
8	FLI1	BaggingClassifier_XGBClassifier	di	0.8729613558651999	0.8698968073326772	0.8239335038811468	0.8729613558651999	0.8698968073326772	0.8239335038811468	0.8242777052205736	0.8242777052205736	0.8242777052205736	0.0	0.8678341843011812	0.8678341843011812	0.8678341843011812	0.0	0.9643810836438346	0.9643810836438346	0.9643810836438346	0.0	0.0758932313035893	0.06910068537568557	0.1350654775829451	0.0758932313035893	0.06910068537568557	0.1350654775829451	0.15889590761117486	0.15889590761117486	0.15889590761117486	0.0	0.06740950479018447	0.06740950479018447	0.06740950479018447	0.0	0.34777468533087225	0.34777468533087225	0.34777468533087225	0.0	0.8698968073326772	0.8239335038811468	0.06910068537568557	0.1350654775829451	9	FLI1	1346
18	FLI1	BaggingClassifier_XGBClassifier	mono+di	0.0	0.8698968073326772	0.8239335038811468	0.0	0.8698968073326772	0.8239335038811468	0.8239673568500447	0.8239673568500447	0.8239673568500447	0.0	0.8711095903051181	0.8711095903051181	0.8711095903051181	0.0	0.9776891371946652	0.9776891371946652	0.9776891371946652	0.0	0.0	0.06910068537568557	0.13833341451006356	0.0	0.06910068537568557	0.13833341451006356	0.15533958026926864	0.15533958026926864	0.15533958026926864	0.0	0.08388248277503012	0.08388248277503012	0.08388248277503012	0.0	0.447583634808269	0.447583634808269	0.447583634808269	0.0	0.8698968073326772	0.8239335038811468	0.06910068537568557	0.13833341451006356	9	FLI1	1346
18	FLI1	Single best mono PWM	mono	0.866369927641549	0.8629455278051181	0.8216431351210289	0.0	0.0	0.0	0.8216431351210289	0.8216431351210289	0.8216431351210289	0.0	0.8629455278051181	0.8629455278051181	0.8629455278051181	0.0	0.866369927641549	0.866369927641549	0.866369927641549	0.0	0.07145238719632765	0.0591874948051563	0.13833341451006356	0.0	0.0	0.0	0.13833341451006356	0.13833341451006356	0.13833341451006356	0.0	0.0591874948051563	0.0591874948051563	0.0591874948051563	0.0	0.07145238719632765	0.07145238719632765	0.07145238719632765	0.0	0.8629455278051181	0.8216431351210289	0.0591874948051563	0.13833341451006356	9	FLI1	1346
18	FLI1	BaggingClassifier_LogisticRegression	mono	0.866369927641549	0.8629455278051181	0.8216431351210289	0.866369927641549	0.8629455278051181	0.8216431351210289	0.832051566745729	0.832051566745729	0.832051566745729	0.0	0.8686115895669291	0.8686115895669291	0.8686115895669291	0.0	0.8717096472232979	0.8717096472232979	0.8717096472232979	0.0	0.07145238719632765	0.0591874948051563	0.13833341451006356	0.07145238719632765	0.0591874948051563	0.13833341451006356	0.15703316052418143	0.15703316052418143	0.15703316052418143	0.0	0.05956269018028318	0.05956269018028318	0.05956269018028318	0.0	0.07578165517203408	0.07578165517203408	0.07578165517203408	0.0	0.8629455278051181	0.8216431351210289	0.0591874948051563	0.13833341451006356	9	FLI1	1346
8	FLI1	Single best di PWM	di	0.0	0.0	0.0	0.8729613558651999	0.8698968073326772	0.8239335038811468	0.8239335038811468	0.8239335038811468	0.8239335038811468	0.0	0.8698968073326772	0.8698968073326772	0.8698968073326772	0.0	0.8729613558651999	0.8729613558651999	0.8729613558651999	0.0	0.0	0.0	0.0	0.0758932313035893	0.06910068537568557	0.1350654775829451	0.1350654775829451	0.1350654775829451	0.1350654775829451	0.0	0.06910068537568557	0.06910068537568557	0.06910068537568557	0.0	0.0758932313035893	0.0758932313035893	0.0758932313035893	0.0	0.8698968073326772	0.8239335038811468	0.06910068537568557	0.1350654775829451	9	FLI1	1346
8	FLI1	BaggingClassifier_LogisticRegression	di	0.8729613558651999	0.8698968073326772	0.8239335038811468	0.8729613558651999	0.8698968073326772	0.8239335038811468	0.833787258946959	0.833787258946959	0.833787258946959	0.0	0.8796429010826772	0.8796429010826772	0.8796429010826772	0.0	0.8790504709564138	0.8790504709564138	0.8790504709564138	0.0	0.0758932313035893	0.06910068537568557	0.1350654775829451	0.0758932313035893	0.06910068537568557	0.1350654775829451	0.16318634868306459	0.16318634868306459	0.16318634868306459	0.0	0.06506042146292328	0.06506042146292328	0.06506042146292328	0.0	0.08013966212648492	0.08013966212648492	0.08013966212648492	0.0	0.8698968073326772	0.8239335038811468	0.06910068537568557	0.1350654775829451	9	FLI1	1346
18	FLI1	BaggingClassifier_LogisticRegression	mono+di	0.0	0.8698968073326772	0.8239335038811468	0.0	0.8698968073326772	0.8239335038811468	0.83261744657816	0.83261744657816	0.83261744657816	0.0	0.8806070066437008	0.8806070066437008	0.8806070066437008	0.0	0.8805297455808203	0.8805297455808203	0.8805297455808203	0.0	0.0	0.06910068537568557	0.13833341451006356	0.0	0.06910068537568557	0.13833341451006356	0.15624088870190012	0.15624088870190012	0.15624088870190012	0.0	0.06634460370022781	0.06634460370022781	0.06634460370022781	0.0	0.08306499361839267	0.08306499361839267	0.08306499361839267	0.0	0.8698968073326772	0.8239335038811468	0.06910068537568557	0.13833341451006356	9	FLI1	1346
28	GATA1	Single best mono PWM	mono	0.9051178315253964	0.9095333815491007	0.8978615143025425	0.0	0.0	0.0	0.8978615143025425	0.8978615143025425	0.8978615143025425	0.0	0.9095333815491007	0.9095333815491007	0.9095333815491007	0.0	0.9051178315253964	0.9051178315253964	0.9051178315253964	0.0	0.2882189526021027	0.3423246247558963	0.34259025774009755	0.0	0.0	0.0	0.34259025774009755	0.34259025774009755	0.34259025774009755	0.0	0.3423246247558963	0.3423246247558963	0.3423246247558963	0.0	0.2882189526021027	0.2882189526021027	0.2882189526021027	0.0	0.9095333815491007	0.8978615143025425	0.3423246247558963	0.34259025774009755	10	GATA1	10000
28	GATA1	RandomForestClassifier	mono	0.9051178315253964	0.9095333815491007	0.8978615143025425	0.9051178315253964	0.9095333815491007	0.8978615143025425	0.9045459030578754	0.9045459030578754	0.9045459030578754	0.0	0.9163080260987515	0.9163080260987515	0.9163080260987515	0.0	0.9269653859186118	0.9269653859186118	0.9269653859186118	0.0	0.2882189526021027	0.3423246247558963	0.34259025774009755	0.2882189526021027	0.3423246247558963	0.34259025774009755	0.34286687124623455	0.34286687124623455	0.34286687124623455	0.0	0.3333477316232097	0.3333477316232097	0.3333477316232097	0.0	0.3604367064609231	0.3604367064609231	0.3604367064609231	0.0	0.9095333815491007	0.8978615143025425	0.3423246247558963	0.34259025774009755	10	GATA1	10000
14	GATA1	Single best di PWM	di	0.0	0.0	0.0	0.9142064114556239	0.9176898705554797	0.9084475096464338	0.9084475096464338	0.9084475096464338	0.9084475096464338	0.0	0.9176898705554797	0.9176898705554797	0.9176898705554797	0.0	0.9142064114556239	0.9142064114556239	0.9142064114556239	0.0	0.0	0.0	0.0	0.31078820036355903	0.35632146835236883	0.3464209757748217	0.3464209757748217	0.3464209757748217	0.3464209757748217	0.0	0.35632146835236883	0.35632146835236883	0.35632146835236883	0.0	0.31078820036355903	0.31078820036355903	0.31078820036355903	0.0	0.9176898705554797	0.9084475096464338	0.35632146835236883	0.3464209757748217	10	GATA1	10000
14	GATA1	RandomForestClassifier	di	0.9142064114556239	0.9176898705554797	0.9084475096464338	0.9142064114556239	0.9176898705554797	0.9084475096464338	0.9109561314992358	0.9109561314992358	0.9109561314992358	0.0	0.9237646310624501	0.9237646310624501	0.9237646310624501	0.0	0.9334659979765104	0.9334659979765104	0.9334659979765104	0.0	0.31078820036355903	0.35632146835236883	0.3464209757748217	0.31078820036355903	0.35632146835236883	0.3464209757748217	0.37172326310647796	0.37172326310647796	0.37172326310647796	0.0	0.3635144182433735	0.3635144182433735	0.3635144182433735	0.0	0.3915739144165153	0.3915739144165153	0.3915739144165153	0.0	0.9176898705554797	0.9084475096464338	0.35632146835236883	0.3464209757748217	10	GATA1	10000
28	GATA1	RandomForestClassifier	mono+di	0.0	0.9176898705554797	0.9084475096464338	0.0	0.9176898705554797	0.9084475096464338	0.9110460534155954	0.9110460534155954	0.9110460534155954	0.0	0.924669113038464	0.924669113038464	0.924669113038464	0.0	0.9351145602966513	0.9351145602966513	0.9351145602966513	0.0	0.0	0.35632146835236883	0.3464209757748217	0.0	0.35632146835236883	0.3464209757748217	0.368209913709365	0.368209913709365	0.368209913709365	0.0	0.3613767955084036	0.3613767955084036	0.3613767955084036	0.0	0.40116434516969657	0.40116434516969657	0.40116434516969657	0.0	0.9176898705554797	0.9084475096464338	0.35632146835236883	0.3464209757748217	10	GATA1	10000
28	GATA1	Single best mono PWM	mono	0.9051178315253964	0.9095333815491007	0.8978615143025425	0.0	0.0	0.0	0.8978615143025425	0.8978615143025425	0.8978615143025425	0.0	0.9095333815491007	0.9095333815491007	0.9095333815491007	0.0	0.9051178315253964	0.9051178315253964	0.9051178315253964	0.0	0.2882189526021027	0.3423246247558963	0.34259025774009755	0.0	0.0	0.0	0.34259025774009755	0.34259025774009755	0.34259025774009755	0.0	0.3423246247558963	0.3423246247558963	0.3423246247558963	0.0	0.2882189526021027	0.2882189526021027	0.2882189526021027	0.0	0.9095333815491007	0.8978615143025425	0.3423246247558963	0.34259025774009755	10	GATA1	10000
28	GATA1	LogisticRegression	mono	0.9051178315253964	0.9095333815491007	0.8978615143025425	0.9051178315253964	0.9095333815491007	0.8978615143025425	0.905394602349424	0.905394602349424	0.905394602349424	0.0	0.9177009650076244	0.9177009650076244	0.9177009650076244	0.0	0.9123038183822582	0.9123038183822582	0.9123038183822582	0.0	0.2882189526021027	0.3423246247558963	0.34259025774009755	0.2882189526021027	0.3423246247558963	0.34259025774009755	0.35355794148168795	0.35355794148168795	0.35355794148168795	0.0	0.35116801657221364	0.35116801657221364	0.35116801657221364	0.0	0.3022840235000473	0.3022840235000473	0.3022840235000473	0.0	0.9095333815491007	0.8978615143025425	0.3423246247558963	0.34259025774009755	10	GATA1	10000
14	GATA1	Single best di PWM	di	0.0	0.0	0.0	0.9142064114556239	0.9176898705554797	0.9084475096464338	0.9084475096464338	0.9084475096464338	0.9084475096464338	0.0	0.9176898705554797	0.9176898705554797	0.9176898705554797	0.0	0.9142064114556239	0.9142064114556239	0.9142064114556239	0.0	0.0	0.0	0.0	0.31078820036355903	0.35632146835236883	0.3464209757748217	0.3464209757748217	0.3464209757748217	0.3464209757748217	0.0	0.35632146835236883	0.35632146835236883	0.35632146835236883	0.0	0.31078820036355903	0.31078820036355903	0.31078820036355903	0.0	0.9176898705554797	0.9084475096464338	0.35632146835236883	0.3464209757748217	10	GATA1	10000
14	GATA1	LogisticRegression	di	0.9142064114556239	0.9176898705554797	0.9084475096464338	0.9142064114556239	0.9176898705554797	0.9084475096464338	0.9102931736461093	0.9102931736461093	0.9102931736461093	0.0	0.923207361466654	0.923207361466654	0.923207361466654	0.0	0.918334493101523	0.918334493101523	0.918334493101523	0.0	0.31078820036355903	0.35632146835236883	0.3464209757748217	0.31078820036355903	0.35632146835236883	0.3464209757748217	0.3589995005674594	0.3589995005674594	0.3589995005674594	0.0	0.35930817808221127	0.35930817808221127	0.35930817808221127	0.0	0.31711725451215966	0.31711725451215966	0.31711725451215966	0.0	0.9176898705554797	0.9084475096464338	0.35632146835236883	0.3464209757748217	10	GATA1	10000
28	GATA1	LogisticRegression	mono+di	0.0	0.9176898705554797	0.9084475096464338	0.0	0.9176898705554797	0.9084475096464338	0.911607662334231	0.911607662334231	0.911607662334231	0.0	0.9272083253310086	0.9272083253310086	0.9272083253310086	0.0	0.9215246106929975	0.9215246106929975	0.9215246106929975	0.0	0.0	0.35632146835236883	0.3464209757748217	0.0	0.35632146835236883	0.3464209757748217	0.36863374319204456	0.36863374319204456	0.36863374319204456	0.0	0.37146076820723867	0.37146076820723867	0.37146076820723867	0.0	0.331392197391961	0.331392197391961	0.331392197391961	0.0	0.9176898705554797	0.9084475096464338	0.35632146835236883	0.3464209757748217	10	GATA1	10000
28	GATA1	Single best mono PWM	mono	0.9051178315253964	0.9095333815491007	0.8978615143025425	0.0	0.0	0.0	0.8978615143025425	0.8978615143025425	0.8978615143025425	0.0	0.9095333815491007	0.9095333815491007	0.9095333815491007	0.0	0.9051178315253964	0.9051178315253964	0.9051178315253964	0.0	0.2882189526021027	0.3423246247558963	0.34259025774009755	0.0	0.0	0.0	0.34259025774009755	0.34259025774009755	0.34259025774009755	0.0	0.3423246247558963	0.3423246247558963	0.3423246247558963	0.0	0.2882189526021027	0.2882189526021027	0.2882189526021027	0.0	0.9095333815491007	0.8978615143025425	0.3423246247558963	0.34259025774009755	10	GATA1	10000
28	GATA1	XGBClassifier	mono	0.9051178315253964	0.9095333815491007	0.8978615143025425	0.9051178315253964	0.9095333815491007	0.8978615143025425	0.902349844345814	0.902349844345814	0.902349844345814	0.0	0.9146832232874174	0.9146832232874174	0.9146832232874174	0.0	0.9432462023776003	0.9432462023776003	0.9432462023776003	0.0	0.2882189526021027	0.3423246247558963	0.34259025774009755	0.2882189526021027	0.3423246247558963	0.34259025774009755	0.33059222675658795	0.33059222675658795	0.33059222675658795	0.0	0.3296189742745839	0.3296189742745839	0.3296189742745839	0.0	0.44604643869662614	0.44604643869662614	0.44604643869662614	0.0	0.9095333815491007	0.8978615143025425	0.3423246247558963	0.34259025774009755	10	GATA1	10000
14	GATA1	Single best di PWM	di	0.0	0.0	0.0	0.9142064114556239	0.9176898705554797	0.9084475096464338	0.9084475096464338	0.9084475096464338	0.9084475096464338	0.0	0.9176898705554797	0.9176898705554797	0.9176898705554797	0.0	0.9142064114556239	0.9142064114556239	0.9142064114556239	0.0	0.0	0.0	0.0	0.31078820036355903	0.35632146835236883	0.3464209757748217	0.3464209757748217	0.3464209757748217	0.3464209757748217	0.0	0.35632146835236883	0.35632146835236883	0.35632146835236883	0.0	0.31078820036355903	0.31078820036355903	0.31078820036355903	0.0	0.9176898705554797	0.9084475096464338	0.35632146835236883	0.3464209757748217	10	GATA1	10000
14	GATA1	XGBClassifier	di	0.9142064114556239	0.9176898705554797	0.9084475096464338	0.9142064114556239	0.9176898705554797	0.9084475096464338	0.9090344384618081	0.9090344384618081	0.9090344384618081	0.0	0.9211098842571279	0.9211098842571279	0.9211098842571279	0.0	0.9479944573563872	0.9479944573563872	0.9479944573563872	0.0	0.31078820036355903	0.35632146835236883	0.3464209757748217	0.31078820036355903	0.35632146835236883	0.3464209757748217	0.33414139020033995	0.33414139020033995	0.33414139020033995	0.0	0.33321489215208855	0.33321489215208855	0.33321489215208855	0.0	0.494521991844608	0.494521991844608	0.494521991844608	0.0	0.9176898705554797	0.9084475096464338	0.35632146835236883	0.3464209757748217	10	GATA1	10000
28	GATA1	XGBClassifier	mono+di	0.0	0.9176898705554797	0.9084475096464338	0.0	0.9176898705554797	0.9084475096464338	0.9088838075662714	0.9088838075662714	0.9088838075662714	0.0	0.9238733939004731	0.9238733939004731	0.9238733939004731	0.0	0.9529985110170421	0.9529985110170421	0.9529985110170421	0.0	0.0	0.35632146835236883	0.3464209757748217	0.0	0.35632146835236883	0.3464209757748217	0.34606026139562884	0.34606026139562884	0.34606026139562884	0.0	0.34208145300687476	0.34208145300687476	0.34208145300687476	0.0	0.5130356576909731	0.5130356576909731	0.5130356576909731	0.0	0.9176898705554797	0.9084475096464338	0.35632146835236883	0.3464209757748217	10	GATA1	10000
28	GATA1	Single best mono PWM	mono	0.9051178315253964	0.9095333815491007	0.8978615143025425	0.0	0.0	0.0	0.8978615143025425	0.8978615143025425	0.8978615143025425	0.0	0.9095333815491007	0.9095333815491007	0.9095333815491007	0.0	0.9051178315253964	0.9051178315253964	0.9051178315253964	0.0	0.2882189526021027	0.3423246247558963	0.34259025774009755	0.0	0.0	0.0	0.34259025774009755	0.34259025774009755	0.34259025774009755	0.0	0.3423246247558963	0.3423246247558963	0.3423246247558963	0.0	0.2882189526021027	0.2882189526021027	0.2882189526021027	0.0	0.9095333815491007	0.8978615143025425	0.3423246247558963	0.34259025774009755	10	GATA1	10000
28	GATA1	BaggingClassifier_XGBClassifier	mono	0.9051178315253964	0.9095333815491007	0.8978615143025425	0.9051178315253964	0.9095333815491007	0.8978615143025425	0.9054586185547708	0.9054586185547708	0.9054586185547708	0.0	0.9169547311851453	0.9169547311851453	0.9169547311851453	0.0	0.9480761786588655	0.9480761786588655	0.9480761786588655	0.0	0.2882189526021027	0.3423246247558963	0.34259025774009755	0.2882189526021027	0.3423246247558963	0.34259025774009755	0.342058867939643	0.342058867939643	0.342058867939643	0.0	0.3328372736457937	0.3328372736457937	0.3328372736457937	0.0	0.4603955973043368	0.4603955973043368	0.4603955973043368	0.0	0.9095333815491007	0.8978615143025425	0.3423246247558963	0.34259025774009755	10	GATA1	10000
14	GATA1	Single best di PWM	di	0.0	0.0	0.0	0.9142064114556239	0.9176898705554797	0.9084475096464338	0.9084475096464338	0.9084475096464338	0.9084475096464338	0.0	0.9176898705554797	0.9176898705554797	0.9176898705554797	0.0	0.9142064114556239	0.9142064114556239	0.9142064114556239	0.0	0.0	0.0	0.0	0.31078820036355903	0.35632146835236883	0.3464209757748217	0.3464209757748217	0.3464209757748217	0.3464209757748217	0.0	0.35632146835236883	0.35632146835236883	0.35632146835236883	0.0	0.31078820036355903	0.31078820036355903	0.31078820036355903	0.0	0.9176898705554797	0.9084475096464338	0.35632146835236883	0.3464209757748217	10	GATA1	10000
14	GATA1	BaggingClassifier_XGBClassifier	di	0.9142064114556239	0.9176898705554797	0.9084475096464338	0.9142064114556239	0.9176898705554797	0.9084475096464338	0.9117419969417813	0.9117419969417813	0.9117419969417813	0.0	0.9247285461539019	0.9247285461539019	0.9247285461539019	0.0	0.9525743367583123	0.9525743367583123	0.9525743367583123	0.0	0.31078820036355903	0.35632146835236883	0.3464209757748217	0.31078820036355903	0.35632146835236883	0.3464209757748217	0.35100616475650465	0.35100616475650465	0.35100616475650465	0.0	0.35315477195969114	0.35315477195969114	0.35315477195969114	0.0	0.5007838261643534	0.5007838261643534	0.5007838261643534	0.0	0.9176898705554797	0.9084475096464338	0.35632146835236883	0.3464209757748217	10	GATA1	10000
28	GATA1	BaggingClassifier_XGBClassifier	mono+di	0.0	0.9176898705554797	0.9084475096464338	0.0	0.9176898705554797	0.9084475096464338	0.9138847212679593	0.9138847212679593	0.9138847212679593	0.0	0.9270333407905189	0.9270333407905189	0.9270333407905189	0.0	0.9577920482583194	0.9577920482583194	0.9577920482583194	0.0	0.0	0.35632146835236883	0.3464209757748217	0.0	0.35632146835236883	0.3464209757748217	0.3584999934772689	0.3584999934772689	0.3584999934772689	0.0	0.3572314138110344	0.3572314138110344	0.3572314138110344	0.0	0.5264771773663852	0.5264771773663852	0.5264771773663852	0.0	0.9176898705554797	0.9084475096464338	0.35632146835236883	0.3464209757748217	10	GATA1	10000
28	GATA1	Single best mono PWM	mono	0.9051178315253964	0.9095333815491007	0.8978615143025425	0.0	0.0	0.0	0.8978615143025425	0.8978615143025425	0.8978615143025425	0.0	0.9095333815491007	0.9095333815491007	0.9095333815491007	0.0	0.9051178315253964	0.9051178315253964	0.9051178315253964	0.0	0.2882189526021027	0.3423246247558963	0.34259025774009755	0.0	0.0	0.0	0.34259025774009755	0.34259025774009755	0.34259025774009755	0.0	0.3423246247558963	0.3423246247558963	0.3423246247558963	0.0	0.2882189526021027	0.2882189526021027	0.2882189526021027	0.0	0.9095333815491007	0.8978615143025425	0.3423246247558963	0.34259025774009755	10	GATA1	10000
28	GATA1	BaggingClassifier_LogisticRegression	mono	0.9051178315253964	0.9095333815491007	0.8978615143025425	0.9051178315253964	0.9095333815491007	0.8978615143025425	0.9057071076366948	0.9057071076366948	0.9057071076366948	0.0	0.917746188429934	0.917746188429934	0.917746188429934	0.0	0.9123420255895084	0.9123420255895084	0.9123420255895084	0.0	0.2882189526021027	0.3423246247558963	0.34259025774009755	0.2882189526021027	0.3423246247558963	0.34259025774009755	0.35392440631669136	0.35392440631669136	0.35392440631669136	0.0	0.3511249470232405	0.3511249470232405	0.3511249470232405	0.0	0.30218114583111344	0.30218114583111344	0.30218114583111344	0.0	0.9095333815491007	0.8978615143025425	0.3423246247558963	0.34259025774009755	10	GATA1	10000
14	GATA1	Single best di PWM	di	0.0	0.0	0.0	0.9142064114556239	0.9176898705554797	0.9084475096464338	0.9084475096464338	0.9084475096464338	0.9084475096464338	0.0	0.9176898705554797	0.9176898705554797	0.9176898705554797	0.0	0.9142064114556239	0.9142064114556239	0.9142064114556239	0.0	0.0	0.0	0.0	0.31078820036355903	0.35632146835236883	0.3464209757748217	0.3464209757748217	0.3464209757748217	0.3464209757748217	0.0	0.35632146835236883	0.35632146835236883	0.35632146835236883	0.0	0.31078820036355903	0.31078820036355903	0.31078820036355903	0.0	0.9176898705554797	0.9084475096464338	0.35632146835236883	0.3464209757748217	10	GATA1	10000
14	GATA1	BaggingClassifier_LogisticRegression	di	0.9142064114556239	0.9176898705554797	0.9084475096464338	0.9142064114556239	0.9176898705554797	0.9084475096464338	0.9103798235847707	0.9103798235847707	0.9103798235847707	0.0	0.9231887038453033	0.9231887038453033	0.9231887038453033	0.0	0.9183558771875403	0.9183558771875403	0.9183558771875403	0.0	0.31078820036355903	0.35632146835236883	0.3464209757748217	0.31078820036355903	0.35632146835236883	0.3464209757748217	0.35920496685567915	0.35920496685567915	0.35920496685567915	0.0	0.35919949699433834	0.35919949699433834	0.35919949699433834	0.0	0.31725137081868515	0.31725137081868515	0.31725137081868515	0.0	0.9176898705554797	0.9084475096464338	0.35632146835236883	0.3464209757748217	10	GATA1	10000
28	GATA1	BaggingClassifier_LogisticRegression	mono+di	0.0	0.9176898705554797	0.9084475096464338	0.0	0.9176898705554797	0.9084475096464338	0.9119100842597858	0.9119100842597858	0.9119100842597858	0.0	0.9271915551195045	0.9271915551195045	0.9271915551195045	0.0	0.9215543459690082	0.9215543459690082	0.9215543459690082	0.0	0.0	0.35632146835236883	0.3464209757748217	0.0	0.35632146835236883	0.3464209757748217	0.36891263075165115	0.36891263075165115	0.36891263075165115	0.0	0.37062631363297555	0.37062631363297555	0.37062631363297555	0.0	0.3311048794305486	0.3311048794305486	0.3311048794305486	0.0	0.9176898705554797	0.9084475096464338	0.35632146835236883	0.3464209757748217	10	GATA1	10000
37	GATA2	Single best mono PWM	mono	0.8514082089760224	0.859821540382067	0.8089042505925435	0.0	0.0	0.0	0.8089042505925435	0.8089042505925435	0.8089042505925435	0.0	0.859821540382067	0.859821540382067	0.859821540382067	0.0	0.8514082089760224	0.8514082089760224	0.8514082089760224	0.0	0.21366464683659253	0.19970437272800035	0.06215264682811804	0.0	0.0	0.0	0.06215264682811804	0.06215264682811804	0.06215264682811804	0.0	0.19970437272800035	0.19970437272800035	0.19970437272800035	0.0	0.21366464683659253	0.21366464683659253	0.21366464683659253	0.0	0.859821540382067	0.8089042505925435	0.19970437272800035	0.06215264682811804	11	GATA2	9734
37	GATA2	RandomForestClassifier	mono	0.8514082089760224	0.859821540382067	0.8089042505925435	0.8514082089760224	0.859821540382067	0.8089042505925435	0.8331022459665512	0.8331022459665512	0.8331022459665512	0.0	0.8810997702843051	0.8810997702843051	0.8810997702843051	0.0	0.8900582361251614	0.8900582361251614	0.8900582361251614	0.0	0.21366464683659253	0.19970437272800035	0.06215264682811804	0.21366464683659253	0.19970437272800035	0.06215264682811804	0.07134670531686706	0.07134670531686706	0.07134670531686706	0.0	0.20597812102305457	0.20597812102305457	0.20597812102305457	0.0	0.2894268940882092	0.2894268940882092	0.2894268940882092	0.0	0.859821540382067	0.8089042505925435	0.19970437272800035	0.06215264682811804	11	GATA2	9734
18	GATA2	Single best di PWM	di	0.0	0.0	0.0	0.8694269784529239	0.873019345259764	0.8278800449545257	0.8278800449545257	0.8278800449545257	0.8278800449545257	0.0	0.873019345259764	0.873019345259764	0.873019345259764	0.0	0.8694269784529239	0.8694269784529239	0.8694269784529239	0.0	0.0	0.0	0.0	0.2377135130935014	0.21824064598279064	0.07197832904878261	0.07197832904878261	0.07197832904878261	0.07197832904878261	0.0	0.21824064598279064	0.21824064598279064	0.21824064598279064	0.0	0.2377135130935014	0.2377135130935014	0.2377135130935014	0.0	0.873019345259764	0.8278800449545257	0.21824064598279064	0.07197832904878261	11	GATA2	9734
18	GATA2	RandomForestClassifier	di	0.8694269784529239	0.873019345259764	0.8278800449545257	0.8694269784529239	0.873019345259764	0.8278800449545257	0.8529677504840693	0.8529677504840693	0.8529677504840693	0.0	0.8927718305668668	0.8927718305668668	0.8927718305668668	0.0	0.9015801060697962	0.9015801060697962	0.9015801060697962	0.0	0.2377135130935014	0.21824064598279064	0.07197832904878261	0.2377135130935014	0.21824064598279064	0.07197832904878261	0.08226594291296002	0.08226594291296002	0.08226594291296002	0.0	0.22775849744705307	0.22775849744705307	0.22775849744705307	0.0	0.3193436990924848	0.3193436990924848	0.3193436990924848	0.0	0.873019345259764	0.8278800449545257	0.21824064598279064	0.07197832904878261	11	GATA2	9734
37	GATA2	RandomForestClassifier	mono+di	0.0	0.873019345259764	0.8278800449545257	0.0	0.873019345259764	0.8278800449545257	0.8522770499997165	0.8522770499997165	0.8522770499997165	0.0	0.8914957494528657	0.8914957494528657	0.8914957494528657	0.0	0.9030849828159536	0.9030849828159536	0.9030849828159536	0.0	0.0	0.21824064598279064	0.07197832904878261	0.0	0.21824064598279064	0.07197832904878261	0.08503917845472454	0.08503917845472454	0.08503917845472454	0.0	0.22665208161038125	0.22665208161038125	0.22665208161038125	0.0	0.3195777952866169	0.3195777952866169	0.3195777952866169	0.0	0.873019345259764	0.8278800449545257	0.21824064598279064	0.07197832904878261	11	GATA2	9734
37	GATA2	Single best mono PWM	mono	0.8514082089760224	0.859821540382067	0.8089042505925435	0.0	0.0	0.0	0.8089042505925435	0.8089042505925435	0.8089042505925435	0.0	0.859821540382067	0.859821540382067	0.859821540382067	0.0	0.8514082089760224	0.8514082089760224	0.8514082089760224	0.0	0.21366464683659253	0.19970437272800035	0.06215264682811804	0.0	0.0	0.0	0.06215264682811804	0.06215264682811804	0.06215264682811804	0.0	0.19970437272800035	0.19970437272800035	0.19970437272800035	0.0	0.21366464683659253	0.21366464683659253	0.21366464683659253	0.0	0.859821540382067	0.8089042505925435	0.19970437272800035	0.06215264682811804	11	GATA2	9734
37	GATA2	LogisticRegression	mono	0.8514082089760224	0.859821540382067	0.8089042505925435	0.8514082089760224	0.859821540382067	0.8089042505925435	0.8411071968582993	0.8411071968582993	0.8411071968582993	0.0	0.8825786954336676	0.8825786954336676	0.8825786954336676	0.0	0.8749311526106758	0.8749311526106758	0.8749311526106758	0.0	0.21366464683659253	0.19970437272800035	0.06215264682811804	0.21366464683659253	0.19970437272800035	0.06215264682811804	0.07483325816510807	0.07483325816510807	0.07483325816510807	0.0	0.21410356314744286	0.21410356314744286	0.21410356314744286	0.0	0.2361532854340942	0.2361532854340942	0.2361532854340942	0.0	0.859821540382067	0.8089042505925435	0.19970437272800035	0.06215264682811804	11	GATA2	9734
18	GATA2	Single best di PWM	di	0.0	0.0	0.0	0.8694269784529239	0.873019345259764	0.8278800449545257	0.8278800449545257	0.8278800449545257	0.8278800449545257	0.0	0.873019345259764	0.873019345259764	0.873019345259764	0.0	0.8694269784529239	0.8694269784529239	0.8694269784529239	0.0	0.0	0.0	0.0	0.2377135130935014	0.21824064598279064	0.07197832904878261	0.07197832904878261	0.07197832904878261	0.07197832904878261	0.0	0.21824064598279064	0.21824064598279064	0.21824064598279064	0.0	0.2377135130935014	0.2377135130935014	0.2377135130935014	0.0	0.873019345259764	0.8278800449545257	0.21824064598279064	0.07197832904878261	11	GATA2	9734
18	GATA2	LogisticRegression	di	0.8694269784529239	0.873019345259764	0.8278800449545257	0.8694269784529239	0.873019345259764	0.8278800449545257	0.8568683704997331	0.8568683704997331	0.8568683704997331	0.0	0.8909964907060974	0.8909964907060974	0.8909964907060974	0.0	0.8856889684541961	0.8856889684541961	0.8856889684541961	0.0	0.2377135130935014	0.21824064598279064	0.07197832904878261	0.2377135130935014	0.21824064598279064	0.07197832904878261	0.08909494907218692	0.08909494907218692	0.08909494907218692	0.0	0.23064295254954623	0.23064295254954623	0.23064295254954623	0.0	0.2526543283901464	0.2526543283901464	0.2526543283901464	0.0	0.873019345259764	0.8278800449545257	0.21824064598279064	0.07197832904878261	11	GATA2	9734
37	GATA2	LogisticRegression	mono+di	0.0	0.873019345259764	0.8278800449545257	0.0	0.873019345259764	0.8278800449545257	0.8612855653360802	0.8612855653360802	0.8612855653360802	0.0	0.8941562798729775	0.8941562798729775	0.8941562798729775	0.0	0.8902670449325183	0.8902670449325183	0.8902670449325183	0.0	0.0	0.21824064598279064	0.07197832904878261	0.0	0.21824064598279064	0.07197832904878261	0.09255457943069839	0.09255457943069839	0.09255457943069839	0.0	0.23858594626675378	0.23858594626675378	0.23858594626675378	0.0	0.26295487190110306	0.26295487190110306	0.26295487190110306	0.0	0.873019345259764	0.8278800449545257	0.21824064598279064	0.07197832904878261	11	GATA2	9734
37	GATA2	Single best mono PWM	mono	0.8514082089760224	0.859821540382067	0.8089042505925435	0.0	0.0	0.0	0.8089042505925435	0.8089042505925435	0.8089042505925435	0.0	0.859821540382067	0.859821540382067	0.859821540382067	0.0	0.8514082089760224	0.8514082089760224	0.8514082089760224	0.0	0.21366464683659253	0.19970437272800035	0.06215264682811804	0.0	0.0	0.0	0.06215264682811804	0.06215264682811804	0.06215264682811804	0.0	0.19970437272800035	0.19970437272800035	0.19970437272800035	0.0	0.21366464683659253	0.21366464683659253	0.21366464683659253	0.0	0.859821540382067	0.8089042505925435	0.19970437272800035	0.06215264682811804	11	GATA2	9734
37	GATA2	XGBClassifier	mono	0.8514082089760224	0.859821540382067	0.8089042505925435	0.8514082089760224	0.859821540382067	0.8089042505925435	0.8304539974412098	0.8304539974412098	0.8304539974412098	0.0	0.8750693679479767	0.8750693679479767	0.8750693679479767	0.0	0.9119974059224122	0.9119974059224122	0.9119974059224122	0.0	0.21366464683659253	0.19970437272800035	0.06215264682811804	0.21366464683659253	0.19970437272800035	0.06215264682811804	0.06911045559821105	0.06911045559821105	0.06911045559821105	0.0	0.18442386035403166	0.18442386035403166	0.18442386035403166	0.0	0.34232459750151006	0.34232459750151006	0.34232459750151006	0.0	0.859821540382067	0.8089042505925435	0.19970437272800035	0.06215264682811804	11	GATA2	9734
18	GATA2	Single best di PWM	di	0.0	0.0	0.0	0.8694269784529239	0.873019345259764	0.8278800449545257	0.8278800449545257	0.8278800449545257	0.8278800449545257	0.0	0.873019345259764	0.873019345259764	0.873019345259764	0.0	0.8694269784529239	0.8694269784529239	0.8694269784529239	0.0	0.0	0.0	0.0	0.2377135130935014	0.21824064598279064	0.07197832904878261	0.07197832904878261	0.07197832904878261	0.07197832904878261	0.0	0.21824064598279064	0.21824064598279064	0.21824064598279064	0.0	0.2377135130935014	0.2377135130935014	0.2377135130935014	0.0	0.873019345259764	0.8278800449545257	0.21824064598279064	0.07197832904878261	11	GATA2	9734
18	GATA2	XGBClassifier	di	0.8694269784529239	0.873019345259764	0.8278800449545257	0.8694269784529239	0.873019345259764	0.8278800449545257	0.8539161484363986	0.8539161484363986	0.8539161484363986	0.0	0.8875123447097111	0.8875123447097111	0.8875123447097111	0.0	0.9202627079090336	0.9202627079090336	0.9202627079090336	0.0	0.2377135130935014	0.21824064598279064	0.07197832904878261	0.2377135130935014	0.21824064598279064	0.07197832904878261	0.07429114572413807	0.07429114572413807	0.07429114572413807	0.0	0.19089899683401684	0.19089899683401684	0.19089899683401684	0.0	0.3996248218541915	0.3996248218541915	0.3996248218541915	0.0	0.873019345259764	0.8278800449545257	0.21824064598279064	0.07197832904878261	11	GATA2	9734
37	GATA2	XGBClassifier	mono+di	0.0	0.873019345259764	0.8278800449545257	0.0	0.873019345259764	0.8278800449545257	0.8566452181483006	0.8566452181483006	0.8566452181483006	0.0	0.8868165938400617	0.8868165938400617	0.8868165938400617	0.0	0.9275914301765606	0.9275914301765606	0.9275914301765606	0.0	0.0	0.21824064598279064	0.07197832904878261	0.0	0.21824064598279064	0.07197832904878261	0.08527488704229441	0.08527488704229441	0.08527488704229441	0.0	0.19693709330933387	0.19693709330933387	0.19693709330933387	0.0	0.4017082790407561	0.4017082790407561	0.4017082790407561	0.0	0.873019345259764	0.8278800449545257	0.21824064598279064	0.07197832904878261	11	GATA2	9734
37	GATA2	Single best mono PWM	mono	0.8514082089760224	0.859821540382067	0.8089042505925435	0.0	0.0	0.0	0.8089042505925435	0.8089042505925435	0.8089042505925435	0.0	0.859821540382067	0.859821540382067	0.859821540382067	0.0	0.8514082089760224	0.8514082089760224	0.8514082089760224	0.0	0.21366464683659253	0.19970437272800035	0.06215264682811804	0.0	0.0	0.0	0.06215264682811804	0.06215264682811804	0.06215264682811804	0.0	0.19970437272800035	0.19970437272800035	0.19970437272800035	0.0	0.21366464683659253	0.21366464683659253	0.21366464683659253	0.0	0.859821540382067	0.8089042505925435	0.19970437272800035	0.06215264682811804	11	GATA2	9734
37	GATA2	BaggingClassifier_XGBClassifier	mono	0.8514082089760224	0.859821540382067	0.8089042505925435	0.8514082089760224	0.859821540382067	0.8089042505925435	0.8327602298620972	0.8327602298620972	0.8327602298620972	0.0	0.8789982370228867	0.8789982370228867	0.8789982370228867	0.0	0.9213021795870604	0.9213021795870604	0.9213021795870604	0.0	0.21366464683659253	0.19970437272800035	0.06215264682811804	0.21366464683659253	0.19970437272800035	0.06215264682811804	0.07263537728474027	0.07263537728474027	0.07263537728474027	0.0	0.19548363432965526	0.19548363432965526	0.19548363432965526	0.0	0.35475804586771054	0.35475804586771054	0.35475804586771054	0.0	0.859821540382067	0.8089042505925435	0.19970437272800035	0.06215264682811804	11	GATA2	9734
18	GATA2	Single best di PWM	di	0.0	0.0	0.0	0.8694269784529239	0.873019345259764	0.8278800449545257	0.8278800449545257	0.8278800449545257	0.8278800449545257	0.0	0.873019345259764	0.873019345259764	0.873019345259764	0.0	0.8694269784529239	0.8694269784529239	0.8694269784529239	0.0	0.0	0.0	0.0	0.2377135130935014	0.21824064598279064	0.07197832904878261	0.07197832904878261	0.07197832904878261	0.07197832904878261	0.0	0.21824064598279064	0.21824064598279064	0.21824064598279064	0.0	0.2377135130935014	0.2377135130935014	0.2377135130935014	0.0	0.873019345259764	0.8278800449545257	0.21824064598279064	0.07197832904878261	11	GATA2	9734
18	GATA2	BaggingClassifier_XGBClassifier	di	0.8694269784529239	0.873019345259764	0.8278800449545257	0.8694269784529239	0.873019345259764	0.8278800449545257	0.8590317579645751	0.8590317579645751	0.8590317579645751	0.0	0.8908110494941492	0.8908110494941492	0.8908110494941492	0.0	0.9279688160482544	0.9279688160482544	0.9279688160482544	0.0	0.2377135130935014	0.21824064598279064	0.07197832904878261	0.2377135130935014	0.21824064598279064	0.07197832904878261	0.08203738773648057	0.08203738773648057	0.08203738773648057	0.0	0.20634114429363745	0.20634114429363745	0.20634114429363745	0.0	0.40346304399744415	0.40346304399744415	0.40346304399744415	0.0	0.873019345259764	0.8278800449545257	0.21824064598279064	0.07197832904878261	11	GATA2	9734
37	GATA2	BaggingClassifier_XGBClassifier	mono+di	0.0	0.873019345259764	0.8278800449545257	0.0	0.873019345259764	0.8278800449545257	0.8612284354275235	0.8612284354275235	0.8612284354275235	0.0	0.8932684262854785	0.8932684262854785	0.8932684262854785	0.0	0.93662307871122	0.93662307871122	0.93662307871122	0.0	0.0	0.21824064598279064	0.07197832904878261	0.0	0.21824064598279064	0.07197832904878261	0.07914174748554875	0.07914174748554875	0.07914174748554875	0.0	0.21369786994005052	0.21369786994005052	0.21369786994005052	0.0	0.42434482953259023	0.42434482953259023	0.42434482953259023	0.0	0.873019345259764	0.8278800449545257	0.21824064598279064	0.07197832904878261	11	GATA2	9734
37	GATA2	Single best mono PWM	mono	0.8514082089760224	0.859821540382067	0.8089042505925435	0.0	0.0	0.0	0.8089042505925435	0.8089042505925435	0.8089042505925435	0.0	0.859821540382067	0.859821540382067	0.859821540382067	0.0	0.8514082089760224	0.8514082089760224	0.8514082089760224	0.0	0.21366464683659253	0.19970437272800035	0.06215264682811804	0.0	0.0	0.0	0.06215264682811804	0.06215264682811804	0.06215264682811804	0.0	0.19970437272800035	0.19970437272800035	0.19970437272800035	0.0	0.21366464683659253	0.21366464683659253	0.21366464683659253	0.0	0.859821540382067	0.8089042505925435	0.19970437272800035	0.06215264682811804	11	GATA2	9734
37	GATA2	BaggingClassifier_LogisticRegression	mono	0.8514082089760224	0.859821540382067	0.8089042505925435	0.8514082089760224	0.859821540382067	0.8089042505925435	0.8409127305690647	0.8409127305690647	0.8409127305690647	0.0	0.882440535433951	0.882440535433951	0.882440535433951	0.0	0.8749538308022432	0.8749538308022432	0.8749538308022432	0.0	0.21366464683659253	0.19970437272800035	0.06215264682811804	0.21366464683659253	0.19970437272800035	0.06215264682811804	0.07560599302039323	0.07560599302039323	0.07560599302039323	0.0	0.21391913269136148	0.21391913269136148	0.21391913269136148	0.0	0.23615393661318476	0.23615393661318476	0.23615393661318476	0.0	0.859821540382067	0.8089042505925435	0.19970437272800035	0.06215264682811804	11	GATA2	9734
18	GATA2	Single best di PWM	di	0.0	0.0	0.0	0.8694269784529239	0.873019345259764	0.8278800449545257	0.8278800449545257	0.8278800449545257	0.8278800449545257	0.0	0.873019345259764	0.873019345259764	0.873019345259764	0.0	0.8694269784529239	0.8694269784529239	0.8694269784529239	0.0	0.0	0.0	0.0	0.2377135130935014	0.21824064598279064	0.07197832904878261	0.07197832904878261	0.07197832904878261	0.07197832904878261	0.0	0.21824064598279064	0.21824064598279064	0.21824064598279064	0.0	0.2377135130935014	0.2377135130935014	0.2377135130935014	0.0	0.873019345259764	0.8278800449545257	0.21824064598279064	0.07197832904878261	11	GATA2	9734
18	GATA2	BaggingClassifier_LogisticRegression	di	0.8694269784529239	0.873019345259764	0.8278800449545257	0.8694269784529239	0.873019345259764	0.8278800449545257	0.8569655577701383	0.8569655577701383	0.8569655577701383	0.0	0.8910648662497388	0.8910648662497388	0.8910648662497388	0.0	0.8857074849955748	0.8857074849955748	0.8857074849955748	0.0	0.2377135130935014	0.21824064598279064	0.07197832904878261	0.2377135130935014	0.21824064598279064	0.07197832904878261	0.08903841702915682	0.08903841702915682	0.08903841702915682	0.0	0.23062095108601974	0.23062095108601974	0.23062095108601974	0.0	0.2525680021569519	0.2525680021569519	0.2525680021569519	0.0	0.873019345259764	0.8278800449545257	0.21824064598279064	0.07197832904878261	11	GATA2	9734
37	GATA2	BaggingClassifier_LogisticRegression	mono+di	0.0	0.873019345259764	0.8278800449545257	0.0	0.873019345259764	0.8278800449545257	0.8612359918277109	0.8612359918277109	0.8612359918277109	0.0	0.894145412619159	0.894145412619159	0.894145412619159	0.0	0.8902916068287307	0.8902916068287307	0.8902916068287307	0.0	0.0	0.21824064598279064	0.07197832904878261	0.0	0.21824064598279064	0.07197832904878261	0.09207645564517247	0.09207645564517247	0.09207645564517247	0.0	0.2380713434987494	0.2380713434987494	0.2380713434987494	0.0	0.2627344147042022	0.2627344147042022	0.2627344147042022	0.0	0.873019345259764	0.8278800449545257	0.21824064598279064	0.07197832904878261	11	GATA2	9734
44	GATA3	Single best mono PWM	mono	0.8047338610017798	0.8008362795720226	0.8231288005579259	0.0	0.0	0.0	0.8231288005579259	0.8231288005579259	0.8231288005579259	0.0	0.8008362795720226	0.8008362795720226	0.8008362795720226	0.0	0.8047338610017798	0.8047338610017798	0.8047338610017798	0.0	0.14530701922205155	0.11829236493103201	0.166652115871246	0.0	0.0	0.0	0.166652115871246	0.166652115871246	0.166652115871246	0.0	0.11829236493103201	0.11829236493103201	0.11829236493103201	0.0	0.14530701922205155	0.14530701922205155	0.14530701922205155	0.0	0.8008362795720226	0.8231288005579259	0.11829236493103201	0.166652115871246	12	GATA3	8900
44	GATA3	RandomForestClassifier	mono	0.8047338610017798	0.8008362795720226	0.8231288005579259	0.8047338610017798	0.8008362795720226	0.8231288005579259	0.8326468340238657	0.8326468340238657	0.8326468340238657	0.0	0.8213652290495667	0.8213652290495667	0.8213652290495667	0.0	0.8531304674270065	0.8531304674270065	0.8531304674270065	0.0	0.14530701922205155	0.11829236493103201	0.166652115871246	0.14530701922205155	0.11829236493103201	0.166652115871246	0.18206937072478094	0.18206937072478094	0.18206937072478094	0.0	0.12429081068125925	0.12429081068125925	0.12429081068125925	0.0	0.24148739139158848	0.24148739139158848	0.24148739139158848	0.0	0.8008362795720226	0.8231288005579259	0.11829236493103201	0.166652115871246	12	GATA3	8900
19	GATA3	Single best di PWM	di	0.0	0.0	0.0	0.8140111079185535	0.8133518282655667	0.8471890429139656	0.8471890429139656	0.8471890429139656	0.8471890429139656	0.0	0.8133518282655667	0.8133518282655667	0.8133518282655667	0.0	0.8140111079185535	0.8140111079185535	0.8140111079185535	0.0	0.0	0.0	0.0	0.16608531708904878	0.12493771645935585	0.22763221924445573	0.22763221924445573	0.22763221924445573	0.22763221924445573	0.0	0.12493771645935585	0.12493771645935585	0.12493771645935585	0.0	0.16608531708904878	0.16608531708904878	0.16608531708904878	0.0	0.8133518282655667	0.8471890429139656	0.12493771645935585	0.22763221924445573	12	GATA3	8900
19	GATA3	RandomForestClassifier	di	0.8140111079185535	0.8133518282655667	0.8471890429139656	0.8140111079185535	0.8133518282655667	0.8471890429139656	0.8541930944467004	0.8541930944467004	0.8541930944467004	0.0	0.832896834337376	0.832896834337376	0.832896834337376	0.0	0.8606372369663735	0.8606372369663735	0.8606372369663735	0.0	0.16608531708904878	0.12493771645935585	0.22763221924445573	0.16608531708904878	0.12493771645935585	0.22763221924445573	0.2650686183266515	0.2650686183266515	0.2650686183266515	0.0	0.15600327163586492	0.15600327163586492	0.15600327163586492	0.0	0.29140652947210033	0.29140652947210033	0.29140652947210033	0.0	0.8133518282655667	0.8471890429139656	0.12493771645935585	0.22763221924445573	12	GATA3	8900
44	GATA3	RandomForestClassifier	mono+di	0.0	0.8133518282655667	0.8471890429139656	0.0	0.8133518282655667	0.8471890429139656	0.8561499374843762	0.8561499374843762	0.8561499374843762	0.0	0.840221131473676	0.840221131473676	0.840221131473676	0.0	0.8690335782952946	0.8690335782952946	0.8690335782952946	0.0	0.0	0.12493771645935585	0.22763221924445573	0.0	0.12493771645935585	0.22763221924445573	0.259731647234156	0.259731647234156	0.259731647234156	0.0	0.16001923605828258	0.16001923605828258	0.16001923605828258	0.0	0.3018627350889273	0.3018627350889273	0.3018627350889273	0.0	0.8133518282655667	0.8471890429139656	0.12493771645935585	0.22763221924445573	12	GATA3	8900
44	GATA3	Single best mono PWM	mono	0.8047338610017798	0.8008362795720226	0.8231288005579259	0.0	0.0	0.0	0.8231288005579259	0.8231288005579259	0.8231288005579259	0.0	0.8008362795720226	0.8008362795720226	0.8008362795720226	0.0	0.8047338610017798	0.8047338610017798	0.8047338610017798	0.0	0.14530701922205155	0.11829236493103201	0.166652115871246	0.0	0.0	0.0	0.166652115871246	0.166652115871246	0.166652115871246	0.0	0.11829236493103201	0.11829236493103201	0.11829236493103201	0.0	0.14530701922205155	0.14530701922205155	0.14530701922205155	0.0	0.8008362795720226	0.8231288005579259	0.11829236493103201	0.166652115871246	12	GATA3	8900
44	GATA3	LogisticRegression	mono	0.8047338610017798	0.8008362795720226	0.8231288005579259	0.8047338610017798	0.8008362795720226	0.8231288005579259	0.8359541845989219	0.8359541845989219	0.8359541845989219	0.0	0.8262344819986911	0.8262344819986911	0.8262344819986911	0.0	0.826580838272853	0.826580838272853	0.826580838272853	0.0	0.14530701922205155	0.11829236493103201	0.166652115871246	0.14530701922205155	0.11829236493103201	0.166652115871246	0.18417492698645435	0.18417492698645435	0.18417492698645435	0.0	0.13521422526840354	0.13521422526840354	0.13521422526840354	0.0	0.16757449151271794	0.16757449151271794	0.16757449151271794	0.0	0.8008362795720226	0.8231288005579259	0.11829236493103201	0.166652115871246	12	GATA3	8900
19	GATA3	Single best di PWM	di	0.0	0.0	0.0	0.8140111079185535	0.8133518282655667	0.8471890429139656	0.8471890429139656	0.8471890429139656	0.8471890429139656	0.0	0.8133518282655667	0.8133518282655667	0.8133518282655667	0.0	0.8140111079185535	0.8140111079185535	0.8140111079185535	0.0	0.0	0.0	0.0	0.16608531708904878	0.12493771645935585	0.22763221924445573	0.22763221924445573	0.22763221924445573	0.22763221924445573	0.0	0.12493771645935585	0.12493771645935585	0.12493771645935585	0.0	0.16608531708904878	0.16608531708904878	0.16608531708904878	0.0	0.8133518282655667	0.8471890429139656	0.12493771645935585	0.22763221924445573	12	GATA3	8900
19	GATA3	LogisticRegression	di	0.8140111079185535	0.8133518282655667	0.8471890429139656	0.8140111079185535	0.8133518282655667	0.8471890429139656	0.8565016248798365	0.8565016248798365	0.8565016248798365	0.0	0.8294648523460972	0.8294648523460972	0.8294648523460972	0.0	0.8388846236593765	0.8388846236593765	0.8388846236593765	0.0	0.16608531708904878	0.12493771645935585	0.22763221924445573	0.16608531708904878	0.12493771645935585	0.22763221924445573	0.2548561606427444	0.2548561606427444	0.2548561606427444	0.0	0.14287040828747746	0.14287040828747746	0.14287040828747746	0.0	0.20243760406235853	0.20243760406235853	0.20243760406235853	0.0	0.8133518282655667	0.8471890429139656	0.12493771645935585	0.22763221924445573	12	GATA3	8900
44	GATA3	LogisticRegression	mono+di	0.0	0.8133518282655667	0.8471890429139656	0.0	0.8133518282655667	0.8471890429139656	0.8652346586942524	0.8652346586942524	0.8652346586942524	0.0	0.8453745988384532	0.8453745988384532	0.8453745988384532	0.0	0.8522325942011908	0.8522325942011908	0.8522325942011908	0.0	0.0	0.12493771645935585	0.22763221924445573	0.0	0.12493771645935585	0.22763221924445573	0.26624272054555104	0.26624272054555104	0.26624272054555104	0.0	0.15710672615708718	0.15710672615708718	0.15710672615708718	0.0	0.2189544402613122	0.2189544402613122	0.2189544402613122	0.0	0.8133518282655667	0.8471890429139656	0.12493771645935585	0.22763221924445573	12	GATA3	8900
44	GATA3	Single best mono PWM	mono	0.8047338610017798	0.8008362795720226	0.8231288005579259	0.0	0.0	0.0	0.8231288005579259	0.8231288005579259	0.8231288005579259	0.0	0.8008362795720226	0.8008362795720226	0.8008362795720226	0.0	0.8047338610017798	0.8047338610017798	0.8047338610017798	0.0	0.14530701922205155	0.11829236493103201	0.166652115871246	0.0	0.0	0.0	0.166652115871246	0.166652115871246	0.166652115871246	0.0	0.11829236493103201	0.11829236493103201	0.11829236493103201	0.0	0.14530701922205155	0.14530701922205155	0.14530701922205155	0.0	0.8008362795720226	0.8231288005579259	0.11829236493103201	0.166652115871246	12	GATA3	8900
44	GATA3	XGBClassifier	mono	0.8047338610017798	0.8008362795720226	0.8231288005579259	0.8047338610017798	0.8008362795720226	0.8231288005579259	0.822095134086308	0.822095134086308	0.822095134086308	0.0	0.8186755457827832	0.8186755457827832	0.8186755457827832	0.0	0.8824776375490074	0.8824776375490074	0.8824776375490074	0.0	0.14530701922205155	0.11829236493103201	0.166652115871246	0.14530701922205155	0.11829236493103201	0.166652115871246	0.17198443845897943	0.17198443845897943	0.17198443845897943	0.0	0.11847854426627996	0.11847854426627996	0.11847854426627996	0.0	0.3161426065794726	0.3161426065794726	0.3161426065794726	0.0	0.8008362795720226	0.8231288005579259	0.11829236493103201	0.166652115871246	12	GATA3	8900
19	GATA3	Single best di PWM	di	0.0	0.0	0.0	0.8140111079185535	0.8133518282655667	0.8471890429139656	0.8471890429139656	0.8471890429139656	0.8471890429139656	0.0	0.8133518282655667	0.8133518282655667	0.8133518282655667	0.0	0.8140111079185535	0.8140111079185535	0.8140111079185535	0.0	0.0	0.0	0.0	0.16608531708904878	0.12493771645935585	0.22763221924445573	0.22763221924445573	0.22763221924445573	0.22763221924445573	0.0	0.12493771645935585	0.12493771645935585	0.12493771645935585	0.0	0.16608531708904878	0.16608531708904878	0.16608531708904878	0.0	0.8133518282655667	0.8471890429139656	0.12493771645935585	0.22763221924445573	12	GATA3	8900
19	GATA3	XGBClassifier	di	0.8140111079185535	0.8133518282655667	0.8471890429139656	0.8140111079185535	0.8133518282655667	0.8471890429139656	0.8479864922927092	0.8479864922927092	0.8479864922927092	0.0	0.828152581183157	0.828152581183157	0.828152581183157	0.0	0.8878488030444733	0.8878488030444733	0.8878488030444733	0.0	0.16608531708904878	0.12493771645935585	0.22763221924445573	0.16608531708904878	0.12493771645935585	0.22763221924445573	0.24230307340618248	0.24230307340618248	0.24230307340618248	0.0	0.1464726863628692	0.1464726863628692	0.1464726863628692	0.0	0.36690559052329363	0.36690559052329363	0.36690559052329363	0.0	0.8133518282655667	0.8471890429139656	0.12493771645935585	0.22763221924445573	12	GATA3	8900
44	GATA3	XGBClassifier	mono+di	0.0	0.8133518282655667	0.8471890429139656	0.0	0.8133518282655667	0.8471890429139656	0.8546297244367584	0.8546297244367584	0.8546297244367584	0.0	0.8404788994733083	0.8404788994733083	0.8404788994733083	0.0	0.9036291996828046	0.9036291996828046	0.9036291996828046	0.0	0.0	0.12493771645935585	0.22763221924445573	0.0	0.12493771645935585	0.22763221924445573	0.24325031787618415	0.24325031787618415	0.24325031787618415	0.0	0.1489309637487798	0.1489309637487798	0.1489309637487798	0.0	0.3934307254990899	0.3934307254990899	0.3934307254990899	0.0	0.8133518282655667	0.8471890429139656	0.12493771645935585	0.22763221924445573	12	GATA3	8900
44	GATA3	Single best mono PWM	mono	0.8047338610017798	0.8008362795720226	0.8231288005579259	0.0	0.0	0.0	0.8231288005579259	0.8231288005579259	0.8231288005579259	0.0	0.8008362795720226	0.8008362795720226	0.8008362795720226	0.0	0.8047338610017798	0.8047338610017798	0.8047338610017798	0.0	0.14530701922205155	0.11829236493103201	0.166652115871246	0.0	0.0	0.0	0.166652115871246	0.166652115871246	0.166652115871246	0.0	0.11829236493103201	0.11829236493103201	0.11829236493103201	0.0	0.14530701922205155	0.14530701922205155	0.14530701922205155	0.0	0.8008362795720226	0.8231288005579259	0.11829236493103201	0.166652115871246	12	GATA3	8900
44	GATA3	BaggingClassifier_XGBClassifier	mono	0.8047338610017798	0.8008362795720226	0.8231288005579259	0.8047338610017798	0.8008362795720226	0.8231288005579259	0.8301920487151664	0.8301920487151664	0.8301920487151664	0.0	0.8255200113805224	0.8255200113805224	0.8255200113805224	0.0	0.897486395458107	0.897486395458107	0.897486395458107	0.0	0.14530701922205155	0.11829236493103201	0.166652115871246	0.14530701922205155	0.11829236493103201	0.166652115871246	0.18410036133017066	0.18410036133017066	0.18410036133017066	0.0	0.12731935053758556	0.12731935053758556	0.12731935053758556	0.0	0.34205112706129825	0.34205112706129825	0.34205112706129825	0.0	0.8008362795720226	0.8231288005579259	0.11829236493103201	0.166652115871246	12	GATA3	8900
19	GATA3	Single best di PWM	di	0.0	0.0	0.0	0.8140111079185535	0.8133518282655667	0.8471890429139656	0.8471890429139656	0.8471890429139656	0.8471890429139656	0.0	0.8133518282655667	0.8133518282655667	0.8133518282655667	0.0	0.8140111079185535	0.8140111079185535	0.8140111079185535	0.0	0.0	0.0	0.0	0.16608531708904878	0.12493771645935585	0.22763221924445573	0.22763221924445573	0.22763221924445573	0.22763221924445573	0.0	0.12493771645935585	0.12493771645935585	0.12493771645935585	0.0	0.16608531708904878	0.16608531708904878	0.16608531708904878	0.0	0.8133518282655667	0.8471890429139656	0.12493771645935585	0.22763221924445573	12	GATA3	8900
19	GATA3	BaggingClassifier_XGBClassifier	di	0.8140111079185535	0.8133518282655667	0.8471890429139656	0.8140111079185535	0.8133518282655667	0.8471890429139656	0.8531073020971672	0.8531073020971672	0.8531073020971672	0.0	0.8332991041148838	0.8332991041148838	0.8332991041148838	0.0	0.9029275773405938	0.9029275773405938	0.9029275773405938	0.0	0.16608531708904878	0.12493771645935585	0.22763221924445573	0.16608531708904878	0.12493771645935585	0.22763221924445573	0.27034296485329873	0.27034296485329873	0.27034296485329873	0.0	0.15673461193308913	0.15673461193308913	0.15673461193308913	0.0	0.3878333290197015	0.3878333290197015	0.3878333290197015	0.0	0.8133518282655667	0.8471890429139656	0.12493771645935585	0.22763221924445573	12	GATA3	8900
44	GATA3	BaggingClassifier_XGBClassifier	mono+di	0.0	0.8133518282655667	0.8471890429139656	0.0	0.8133518282655667	0.8471890429139656	0.8617421362998009	0.8617421362998009	0.8617421362998009	0.0	0.8457644405995074	0.8457644405995074	0.8457644405995074	0.0	0.9173971405692181	0.9173971405692181	0.9173971405692181	0.0	0.0	0.12493771645935585	0.22763221924445573	0.0	0.12493771645935585	0.22763221924445573	0.27699814252242266	0.27699814252242266	0.27699814252242266	0.0	0.1635113484631531	0.1635113484631531	0.1635113484631531	0.0	0.4225056029521161	0.4225056029521161	0.4225056029521161	0.0	0.8133518282655667	0.8471890429139656	0.12493771645935585	0.22763221924445573	12	GATA3	8900
44	GATA3	Single best mono PWM	mono	0.8047338610017798	0.8008362795720226	0.8231288005579259	0.0	0.0	0.0	0.8231288005579259	0.8231288005579259	0.8231288005579259	0.0	0.8008362795720226	0.8008362795720226	0.8008362795720226	0.0	0.8047338610017798	0.8047338610017798	0.8047338610017798	0.0	0.14530701922205155	0.11829236493103201	0.166652115871246	0.0	0.0	0.0	0.166652115871246	0.166652115871246	0.166652115871246	0.0	0.11829236493103201	0.11829236493103201	0.11829236493103201	0.0	0.14530701922205155	0.14530701922205155	0.14530701922205155	0.0	0.8008362795720226	0.8231288005579259	0.11829236493103201	0.166652115871246	12	GATA3	8900
44	GATA3	BaggingClassifier_LogisticRegression	mono	0.8047338610017798	0.8008362795720226	0.8231288005579259	0.8047338610017798	0.8008362795720226	0.8231288005579259	0.8359597546466118	0.8359597546466118	0.8359597546466118	0.0	0.8262277894362695	0.8262277894362695	0.8262277894362695	0.0	0.8265108670023333	0.8265108670023333	0.8265108670023333	0.0	0.14530701922205155	0.11829236493103201	0.166652115871246	0.14530701922205155	0.11829236493103201	0.166652115871246	0.18415568347017125	0.18415568347017125	0.18415568347017125	0.0	0.1351823025494765	0.1351823025494765	0.1351823025494765	0.0	0.16748912338578767	0.16748912338578767	0.16748912338578767	0.0	0.8008362795720226	0.8231288005579259	0.11829236493103201	0.166652115871246	12	GATA3	8900
19	GATA3	Single best di PWM	di	0.0	0.0	0.0	0.8140111079185535	0.8133518282655667	0.8471890429139656	0.8471890429139656	0.8471890429139656	0.8471890429139656	0.0	0.8133518282655667	0.8133518282655667	0.8133518282655667	0.0	0.8140111079185535	0.8140111079185535	0.8140111079185535	0.0	0.0	0.0	0.0	0.16608531708904878	0.12493771645935585	0.22763221924445573	0.22763221924445573	0.22763221924445573	0.22763221924445573	0.0	0.12493771645935585	0.12493771645935585	0.12493771645935585	0.0	0.16608531708904878	0.16608531708904878	0.16608531708904878	0.0	0.8133518282655667	0.8471890429139656	0.12493771645935585	0.22763221924445573	12	GATA3	8900
19	GATA3	BaggingClassifier_LogisticRegression	di	0.8140111079185535	0.8133518282655667	0.8471890429139656	0.8140111079185535	0.8133518282655667	0.8471890429139656	0.8564887816303928	0.8564887816303928	0.8564887816303928	0.0	0.8293445373448869	0.8293445373448869	0.8293445373448869	0.0	0.8387579158818459	0.8387579158818459	0.8387579158818459	0.0	0.16608531708904878	0.12493771645935585	0.22763221924445573	0.16608531708904878	0.12493771645935585	0.22763221924445573	0.25562825829456437	0.25562825829456437	0.25562825829456437	0.0	0.14266267831845467	0.14266267831845467	0.14266267831845467	0.0	0.20276608088722503	0.20276608088722503	0.20276608088722503	0.0	0.8133518282655667	0.8471890429139656	0.12493771645935585	0.22763221924445573	12	GATA3	8900
44	GATA3	BaggingClassifier_LogisticRegression	mono+di	0.0	0.8133518282655667	0.8471890429139656	0.0	0.8133518282655667	0.8471890429139656	0.8651137499398329	0.8651137499398329	0.8651137499398329	0.0	0.8454330400206309	0.8454330400206309	0.8454330400206309	0.0	0.8521408195704414	0.8521408195704414	0.8521408195704414	0.0	0.0	0.12493771645935585	0.22763221924445573	0.0	0.12493771645935585	0.22763221924445573	0.265251277008687	0.265251277008687	0.265251277008687	0.0	0.1571010163121886	0.1571010163121886	0.1571010163121886	0.0	0.21907946939308168	0.21907946939308168	0.21907946939308168	0.0	0.8133518282655667	0.8471890429139656	0.12493771645935585	0.22763221924445573	12	GATA3	8900
47	GCR	Single best mono PWM	mono	0.9240134292380895	0.906350032544391	0.8409362837306731	0.0	0.0	0.0	0.8409362837306731	0.8409362837306731	0.8409362837306731	0.0	0.906350032544391	0.906350032544391	0.906350032544391	0.0	0.9240134292380895	0.9240134292380895	0.9240134292380895	0.0	0.49410355858982125	0.40519677330612064	0.4204938509527975	0.0	0.0	0.0	0.4204938509527975	0.4204938509527975	0.4204938509527975	0.0	0.40519677330612064	0.40519677330612064	0.40519677330612064	0.0	0.49410355858982125	0.49410355858982125	0.49410355858982125	0.0	0.906350032544391	0.8409362837306731	0.40519677330612064	0.4204938509527975	13	GCR	7758
47	GCR	RandomForestClassifier	mono	0.9240134292380895	0.906350032544391	0.8409362837306731	0.9240134292380895	0.906350032544391	0.8409362837306731	0.861606287694118	0.861606287694118	0.861606287694118	0.0	0.922161496876153	0.922161496876153	0.922161496876153	0.0	0.9509635537266472	0.9509635537266472	0.9509635537266472	0.0	0.49410355858982125	0.40519677330612064	0.4204938509527975	0.49410355858982125	0.40519677330612064	0.4204938509527975	0.426152260989477	0.426152260989477	0.426152260989477	0.0	0.4264958956832056	0.4264958956832056	0.4264958956832056	0.0	0.637511947472075	0.637511947472075	0.637511947472075	0.0	0.906350032544391	0.8409362837306731	0.40519677330612064	0.4204938509527975	13	GCR	7758
26	GCR	Single best di PWM	di	0.0	0.0	0.0	0.9295911456727994	0.9167054919177975	0.8475838399391421	0.8475838399391421	0.8475838399391421	0.8475838399391421	0.0	0.9167054919177975	0.9167054919177975	0.9167054919177975	0.0	0.9295911456727994	0.9295911456727994	0.9295911456727994	0.0	0.0	0.0	0.0	0.5084499026840525	0.414973296765177	0.42859925943147037	0.42859925943147037	0.42859925943147037	0.42859925943147037	0.0	0.414973296765177	0.414973296765177	0.414973296765177	0.0	0.5084499026840525	0.5084499026840525	0.5084499026840525	0.0	0.9167054919177975	0.8475838399391421	0.414973296765177	0.42859925943147037	13	GCR	7758
26	GCR	RandomForestClassifier	di	0.9295911456727994	0.9167054919177975	0.8475838399391421	0.9295911456727994	0.9167054919177975	0.8475838399391421	0.8554278729300444	0.8554278729300444	0.8554278729300444	0.0	0.9225844081273916	0.9225844081273916	0.9225844081273916	0.0	0.9481866961768035	0.9481866961768035	0.9481866961768035	0.0	0.5084499026840525	0.414973296765177	0.42859925943147037	0.5084499026840525	0.414973296765177	0.42859925943147037	0.4394624974087427	0.4394624974087427	0.4394624974087427	0.0	0.42163411638438436	0.42163411638438436	0.42163411638438436	0.0	0.6454606550028728	0.6454606550028728	0.6454606550028728	0.0	0.9167054919177975	0.8475838399391421	0.414973296765177	0.42859925943147037	13	GCR	7758
47	GCR	RandomForestClassifier	mono+di	0.0	0.9167054919177975	0.8475838399391421	0.0	0.9167054919177975	0.8475838399391421	0.8654090586979915	0.8654090586979915	0.8654090586979915	0.0	0.9246328598849959	0.9246328598849959	0.9246328598849959	0.0	0.9533111154185516	0.9533111154185516	0.9533111154185516	0.0	0.0	0.414973296765177	0.42859925943147037	0.0	0.414973296765177	0.42859925943147037	0.4346016385444837	0.4346016385444837	0.4346016385444837	0.0	0.440878547774815	0.440878547774815	0.440878547774815	0.0	0.6583173005005596	0.6583173005005596	0.6583173005005596	0.0	0.9167054919177975	0.8475838399391421	0.414973296765177	0.42859925943147037	13	GCR	7758
47	GCR	Single best mono PWM	mono	0.9240134292380895	0.906350032544391	0.8409362837306731	0.0	0.0	0.0	0.8409362837306731	0.8409362837306731	0.8409362837306731	0.0	0.906350032544391	0.906350032544391	0.906350032544391	0.0	0.9240134292380895	0.9240134292380895	0.9240134292380895	0.0	0.49410355858982125	0.40519677330612064	0.4204938509527975	0.0	0.0	0.0	0.4204938509527975	0.4204938509527975	0.4204938509527975	0.0	0.40519677330612064	0.40519677330612064	0.40519677330612064	0.0	0.49410355858982125	0.49410355858982125	0.49410355858982125	0.0	0.906350032544391	0.8409362837306731	0.40519677330612064	0.4204938509527975	13	GCR	7758
47	GCR	LogisticRegression	mono	0.9240134292380895	0.906350032544391	0.8409362837306731	0.9240134292380895	0.906350032544391	0.8409362837306731	0.8687268150530123	0.8687268150530123	0.8687268150530123	0.0	0.9285520337135016	0.9285520337135016	0.9285520337135016	0.0	0.9450764991044053	0.9450764991044053	0.9450764991044053	0.0	0.49410355858982125	0.40519677330612064	0.4204938509527975	0.49410355858982125	0.40519677330612064	0.4204938509527975	0.44165703410206225	0.44165703410206225	0.44165703410206225	0.0	0.455506478509383	0.455506478509383	0.455506478509383	0.0	0.5730763254336317	0.5730763254336317	0.5730763254336317	0.0	0.906350032544391	0.8409362837306731	0.40519677330612064	0.4204938509527975	13	GCR	7758
26	GCR	Single best di PWM	di	0.0	0.0	0.0	0.9295911456727994	0.9167054919177975	0.8475838399391421	0.8475838399391421	0.8475838399391421	0.8475838399391421	0.0	0.9167054919177975	0.9167054919177975	0.9167054919177975	0.0	0.9295911456727994	0.9295911456727994	0.9295911456727994	0.0	0.0	0.0	0.0	0.5084499026840525	0.414973296765177	0.42859925943147037	0.42859925943147037	0.42859925943147037	0.42859925943147037	0.0	0.414973296765177	0.414973296765177	0.414973296765177	0.0	0.5084499026840525	0.5084499026840525	0.5084499026840525	0.0	0.9167054919177975	0.8475838399391421	0.414973296765177	0.42859925943147037	13	GCR	7758
26	GCR	LogisticRegression	di	0.9295911456727994	0.9167054919177975	0.8475838399391421	0.9295911456727994	0.9167054919177975	0.8475838399391421	0.8589948278512392	0.8589948278512392	0.8589948278512392	0.0	0.9274160997309387	0.9274160997309387	0.9274160997309387	0.0	0.9402185316177936	0.9402185316177936	0.9402185316177936	0.0	0.5084499026840525	0.414973296765177	0.42859925943147037	0.5084499026840525	0.414973296765177	0.42859925943147037	0.45495363795038	0.45495363795038	0.45495363795038	0.0	0.4459665607952723	0.4459665607952723	0.4459665607952723	0.0	0.5457546944150277	0.5457546944150277	0.5457546944150277	0.0	0.9167054919177975	0.8475838399391421	0.414973296765177	0.42859925943147037	13	GCR	7758
47	GCR	LogisticRegression	mono+di	0.0	0.9167054919177975	0.8475838399391421	0.0	0.9167054919177975	0.8475838399391421	0.8718640417179664	0.8718640417179664	0.8718640417179664	0.0	0.9330150408981422	0.9330150408981422	0.9330150408981422	0.0	0.9490941726474461	0.9490941726474461	0.9490941726474461	0.0	0.0	0.414973296765177	0.42859925943147037	0.0	0.414973296765177	0.42859925943147037	0.4575982800506348	0.4575982800506348	0.4575982800506348	0.0	0.47039773178404415	0.47039773178404415	0.47039773178404415	0.0	0.5856933307954366	0.5856933307954366	0.5856933307954366	0.0	0.9167054919177975	0.8475838399391421	0.414973296765177	0.42859925943147037	13	GCR	7758
47	GCR	Single best mono PWM	mono	0.9240134292380895	0.906350032544391	0.8409362837306731	0.0	0.0	0.0	0.8409362837306731	0.8409362837306731	0.8409362837306731	0.0	0.906350032544391	0.906350032544391	0.906350032544391	0.0	0.9240134292380895	0.9240134292380895	0.9240134292380895	0.0	0.49410355858982125	0.40519677330612064	0.4204938509527975	0.0	0.0	0.0	0.4204938509527975	0.4204938509527975	0.4204938509527975	0.0	0.40519677330612064	0.40519677330612064	0.40519677330612064	0.0	0.49410355858982125	0.49410355858982125	0.49410355858982125	0.0	0.906350032544391	0.8409362837306731	0.40519677330612064	0.4204938509527975	13	GCR	7758
47	GCR	XGBClassifier	mono	0.9240134292380895	0.906350032544391	0.8409362837306731	0.9240134292380895	0.906350032544391	0.8409362837306731	0.8638874209645185	0.8638874209645185	0.8638874209645185	0.0	0.9289231434150467	0.9289231434150467	0.9289231434150467	0.0	0.972884369063386	0.972884369063386	0.972884369063386	0.0	0.49410355858982125	0.40519677330612064	0.4204938509527975	0.49410355858982125	0.40519677330612064	0.4204938509527975	0.40669149325553927	0.40669149325553927	0.40669149325553927	0.0	0.42153378753340437	0.42153378753340437	0.42153378753340437	0.0	0.7508724092261642	0.7508724092261642	0.7508724092261642	0.0	0.906350032544391	0.8409362837306731	0.40519677330612064	0.4204938509527975	13	GCR	7758
26	GCR	Single best di PWM	di	0.0	0.0	0.0	0.9295911456727994	0.9167054919177975	0.8475838399391421	0.8475838399391421	0.8475838399391421	0.8475838399391421	0.0	0.9167054919177975	0.9167054919177975	0.9167054919177975	0.0	0.9295911456727994	0.9295911456727994	0.9295911456727994	0.0	0.0	0.0	0.0	0.5084499026840525	0.414973296765177	0.42859925943147037	0.42859925943147037	0.42859925943147037	0.42859925943147037	0.0	0.414973296765177	0.414973296765177	0.414973296765177	0.0	0.5084499026840525	0.5084499026840525	0.5084499026840525	0.0	0.9167054919177975	0.8475838399391421	0.414973296765177	0.42859925943147037	13	GCR	7758
26	GCR	XGBClassifier	di	0.9295911456727994	0.9167054919177975	0.8475838399391421	0.9295911456727994	0.9167054919177975	0.8475838399391421	0.8550435056324011	0.8550435056324011	0.8550435056324011	0.0	0.922310009162179	0.922310009162179	0.922310009162179	0.0	0.9693737252769555	0.9693737252769555	0.9693737252769555	0.0	0.5084499026840525	0.414973296765177	0.42859925943147037	0.5084499026840525	0.414973296765177	0.42859925943147037	0.4049507864985813	0.4049507864985813	0.4049507864985813	0.0	0.378383548541897	0.378383548541897	0.378383548541897	0.0	0.7427384408660013	0.7427384408660013	0.7427384408660013	0.0	0.9167054919177975	0.8475838399391421	0.414973296765177	0.42859925943147037	13	GCR	7758
47	GCR	XGBClassifier	mono+di	0.0	0.9167054919177975	0.8475838399391421	0.0	0.9167054919177975	0.8475838399391421	0.8678851380029595	0.8678851380029595	0.8678851380029595	0.0	0.9310011027780887	0.9310011027780887	0.9310011027780887	0.0	0.9765003590721133	0.9765003590721133	0.9765003590721133	0.0	0.0	0.414973296765177	0.42859925943147037	0.0	0.414973296765177	0.42859925943147037	0.4161699182087967	0.4161699182087967	0.4161699182087967	0.0	0.41697956623316207	0.41697956623316207	0.41697956623316207	0.0	0.7778821702826026	0.7778821702826026	0.7778821702826026	0.0	0.9167054919177975	0.8475838399391421	0.414973296765177	0.42859925943147037	13	GCR	7758
47	GCR	Single best mono PWM	mono	0.9240134292380895	0.906350032544391	0.8409362837306731	0.0	0.0	0.0	0.8409362837306731	0.8409362837306731	0.8409362837306731	0.0	0.906350032544391	0.906350032544391	0.906350032544391	0.0	0.9240134292380895	0.9240134292380895	0.9240134292380895	0.0	0.49410355858982125	0.40519677330612064	0.4204938509527975	0.0	0.0	0.0	0.4204938509527975	0.4204938509527975	0.4204938509527975	0.0	0.40519677330612064	0.40519677330612064	0.40519677330612064	0.0	0.49410355858982125	0.49410355858982125	0.49410355858982125	0.0	0.906350032544391	0.8409362837306731	0.40519677330612064	0.4204938509527975	13	GCR	7758
47	GCR	BaggingClassifier_XGBClassifier	mono	0.9240134292380895	0.906350032544391	0.8409362837306731	0.9240134292380895	0.906350032544391	0.8409362837306731	0.8681879137758546	0.8681879137758546	0.8681879137758546	0.0	0.9313167626415266	0.9313167626415266	0.9313167626415266	0.0	0.9795254444775526	0.9795254444775526	0.9795254444775526	0.0	0.49410355858982125	0.40519677330612064	0.4204938509527975	0.49410355858982125	0.40519677330612064	0.4204938509527975	0.4170624410973066	0.4170624410973066	0.4170624410973066	0.0	0.43420083962712613	0.43420083962712613	0.43420083962712613	0.0	0.7712294985687531	0.7712294985687531	0.7712294985687531	0.0	0.906350032544391	0.8409362837306731	0.40519677330612064	0.4204938509527975	13	GCR	7758
26	GCR	Single best di PWM	di	0.0	0.0	0.0	0.9295911456727994	0.9167054919177975	0.8475838399391421	0.8475838399391421	0.8475838399391421	0.8475838399391421	0.0	0.9167054919177975	0.9167054919177975	0.9167054919177975	0.0	0.9295911456727994	0.9295911456727994	0.9295911456727994	0.0	0.0	0.0	0.0	0.5084499026840525	0.414973296765177	0.42859925943147037	0.42859925943147037	0.42859925943147037	0.42859925943147037	0.0	0.414973296765177	0.414973296765177	0.414973296765177	0.0	0.5084499026840525	0.5084499026840525	0.5084499026840525	0.0	0.9167054919177975	0.8475838399391421	0.414973296765177	0.42859925943147037	13	GCR	7758
26	GCR	BaggingClassifier_XGBClassifier	di	0.9295911456727994	0.9167054919177975	0.8475838399391421	0.9295911456727994	0.9167054919177975	0.8475838399391421	0.8575612494131181	0.8575612494131181	0.8575612494131181	0.0	0.9264009012930695	0.9264009012930695	0.9264009012930695	0.0	0.9760087387357763	0.9760087387357763	0.9760087387357763	0.0	0.5084499026840525	0.414973296765177	0.42859925943147037	0.5084499026840525	0.414973296765177	0.42859925943147037	0.43122848206963643	0.43122848206963643	0.43122848206963643	0.0	0.40431029698303794	0.40431029698303794	0.40431029698303794	0.0	0.7510653914265145	0.7510653914265145	0.7510653914265145	0.0	0.9167054919177975	0.8475838399391421	0.414973296765177	0.42859925943147037	13	GCR	7758
47	GCR	BaggingClassifier_XGBClassifier	mono+di	0.0	0.9167054919177975	0.8475838399391421	0.0	0.9167054919177975	0.8475838399391421	0.8728820602159353	0.8728820602159353	0.8728820602159353	0.0	0.9347768429038718	0.9347768429038718	0.9347768429038718	0.0	0.9824779056392491	0.9824779056392491	0.9824779056392491	0.0	0.0	0.414973296765177	0.42859925943147037	0.0	0.414973296765177	0.42859925943147037	0.4302337380368574	0.4302337380368574	0.4302337380368574	0.0	0.4279675466689351	0.4279675466689351	0.4279675466689351	0.0	0.7954614841307768	0.7954614841307768	0.7954614841307768	0.0	0.9167054919177975	0.8475838399391421	0.414973296765177	0.42859925943147037	13	GCR	7758
47	GCR	Single best mono PWM	mono	0.9240134292380895	0.906350032544391	0.8409362837306731	0.0	0.0	0.0	0.8409362837306731	0.8409362837306731	0.8409362837306731	0.0	0.906350032544391	0.906350032544391	0.906350032544391	0.0	0.9240134292380895	0.9240134292380895	0.9240134292380895	0.0	0.49410355858982125	0.40519677330612064	0.4204938509527975	0.0	0.0	0.0	0.4204938509527975	0.4204938509527975	0.4204938509527975	0.0	0.40519677330612064	0.40519677330612064	0.40519677330612064	0.0	0.49410355858982125	0.49410355858982125	0.49410355858982125	0.0	0.906350032544391	0.8409362837306731	0.40519677330612064	0.4204938509527975	13	GCR	7758
47	GCR	BaggingClassifier_LogisticRegression	mono	0.9240134292380895	0.906350032544391	0.8409362837306731	0.9240134292380895	0.906350032544391	0.8409362837306731	0.8686040925591741	0.8686040925591741	0.8686040925591741	0.0	0.9285016002719633	0.9285016002719633	0.9285016002719633	0.0	0.9450323231899543	0.9450323231899543	0.9450323231899543	0.0	0.49410355858982125	0.40519677330612064	0.4204938509527975	0.49410355858982125	0.40519677330612064	0.4204938509527975	0.44087970424985157	0.44087970424985157	0.44087970424985157	0.0	0.4549899640952667	0.4549899640952667	0.4549899640952667	0.0	0.5735192260495113	0.5735192260495113	0.5735192260495113	0.0	0.906350032544391	0.8409362837306731	0.40519677330612064	0.4204938509527975	13	GCR	7758
26	GCR	Single best di PWM	di	0.0	0.0	0.0	0.9295911456727994	0.9167054919177975	0.8475838399391421	0.8475838399391421	0.8475838399391421	0.8475838399391421	0.0	0.9167054919177975	0.9167054919177975	0.9167054919177975	0.0	0.9295911456727994	0.9295911456727994	0.9295911456727994	0.0	0.0	0.0	0.0	0.5084499026840525	0.414973296765177	0.42859925943147037	0.42859925943147037	0.42859925943147037	0.42859925943147037	0.0	0.414973296765177	0.414973296765177	0.414973296765177	0.0	0.5084499026840525	0.5084499026840525	0.5084499026840525	0.0	0.9167054919177975	0.8475838399391421	0.414973296765177	0.42859925943147037	13	GCR	7758
26	GCR	BaggingClassifier_LogisticRegression	di	0.9295911456727994	0.9167054919177975	0.8475838399391421	0.9295911456727994	0.9167054919177975	0.8475838399391421	0.8590426740054131	0.8590426740054131	0.8590426740054131	0.0	0.927410772400698	0.927410772400698	0.927410772400698	0.0	0.9402364483236512	0.9402364483236512	0.9402364483236512	0.0	0.5084499026840525	0.414973296765177	0.42859925943147037	0.5084499026840525	0.414973296765177	0.42859925943147037	0.45458708910626455	0.45458708910626455	0.45458708910626455	0.0	0.4456894191530576	0.4456894191530576	0.4456894191530576	0.0	0.5458057415814752	0.5458057415814752	0.5458057415814752	0.0	0.9167054919177975	0.8475838399391421	0.414973296765177	0.42859925943147037	13	GCR	7758
47	GCR	BaggingClassifier_LogisticRegression	mono+di	0.0	0.9167054919177975	0.8475838399391421	0.0	0.9167054919177975	0.8475838399391421	0.8718262284358573	0.8718262284358573	0.8718262284358573	0.0	0.9329304047527248	0.9329304047527248	0.9329304047527248	0.0	0.9490451708665171	0.9490451708665171	0.9490451708665171	0.0	0.0	0.414973296765177	0.42859925943147037	0.0	0.414973296765177	0.42859925943147037	0.4570844044536035	0.4570844044536035	0.4570844044536035	0.0	0.47002736061462064	0.47002736061462064	0.47002736061462064	0.0	0.586222859573402	0.586222859573402	0.586222859573402	0.0	0.9167054919177975	0.8475838399391421	0.414973296765177	0.42859925943147037	13	GCR	7758
26	HNF4A	Single best mono PWM	mono	0.9472225230423771	0.9418555647677528	0.9270591116764229	0.0	0.0	0.0	0.9270591116764229	0.9270591116764229	0.9270591116764229	0.0	0.9418555647677528	0.9418555647677528	0.9418555647677528	0.0	0.9472225230423771	0.9472225230423771	0.9472225230423771	0.0	0.6179338061491008	0.4640210302460878	0.3125966486187171	0.0	0.0	0.0	0.3125966486187171	0.3125966486187171	0.3125966486187171	0.0	0.4640210302460878	0.4640210302460878	0.4640210302460878	0.0	0.6179338061491008	0.6179338061491008	0.6179338061491008	0.0	0.9418555647677528	0.9270591116764229	0.4640210302460878	0.3125966486187171	14	HNF4A	10000
26	HNF4A	RandomForestClassifier	mono	0.9472225230423771	0.9418555647677528	0.9270591116764229	0.9472225230423771	0.9418555647677528	0.9270591116764229	0.9337173805526073	0.9337173805526073	0.9337173805526073	0.0	0.9473219011604824	0.9473219011604824	0.9473219011604824	0.0	0.9591461925898849	0.9591461925898849	0.9591461925898849	0.0	0.6179338061491008	0.4640210302460878	0.3125966486187171	0.6179338061491008	0.4640210302460878	0.3125966486187171	0.35286496284629265	0.35286496284629265	0.35286496284629265	0.0	0.4897502876481036	0.4897502876481036	0.4897502876481036	0.0	0.7037816644193723	0.7037816644193723	0.7037816644193723	0.0	0.9418555647677528	0.9270591116764229	0.4640210302460878	0.3125966486187171	14	HNF4A	10000
13	HNF4A	Single best di PWM	di	0.0	0.0	0.0	0.9521583203216795	0.9484576148052621	0.9338468772182099	0.9338468772182099	0.9338468772182099	0.9338468772182099	0.0	0.9484576148052621	0.9484576148052621	0.9484576148052621	0.0	0.9521583203216795	0.9521583203216795	0.9521583203216795	0.0	0.0	0.0	0.0	0.6435122977836737	0.4821156997754067	0.35046668481616844	0.35046668481616844	0.35046668481616844	0.35046668481616844	0.0	0.4821156997754067	0.4821156997754067	0.4821156997754067	0.0	0.6435122977836737	0.6435122977836737	0.6435122977836737	0.0	0.9484576148052621	0.9338468772182099	0.4821156997754067	0.35046668481616844	14	HNF4A	10000
13	HNF4A	RandomForestClassifier	di	0.9521583203216795	0.9484576148052621	0.9338468772182099	0.9521583203216795	0.9484576148052621	0.9338468772182099	0.9382471241216931	0.9382471241216931	0.9382471241216931	0.0	0.9534345634294692	0.9534345634294692	0.9534345634294692	0.0	0.9619368035718949	0.9619368035718949	0.9619368035718949	0.0	0.6435122977836737	0.4821156997754067	0.35046668481616844	0.6435122977836737	0.4821156997754067	0.35046668481616844	0.3748586011289157	0.3748586011289157	0.3748586011289157	0.0	0.5141802212255802	0.5141802212255802	0.5141802212255802	0.0	0.7216521333661402	0.7216521333661402	0.7216521333661402	0.0	0.9484576148052621	0.9338468772182099	0.4821156997754067	0.35046668481616844	14	HNF4A	10000
26	HNF4A	RandomForestClassifier	mono+di	0.0	0.9484576148052621	0.9338468772182099	0.0	0.9484576148052621	0.9338468772182099	0.9395065180403726	0.9395065180403726	0.9395065180403726	0.0	0.9536930827196473	0.9536930827196473	0.9536930827196473	0.0	0.9630056212955952	0.9630056212955952	0.9630056212955952	0.0	0.0	0.4821156997754067	0.35046668481616844	0.0	0.4821156997754067	0.35046668481616844	0.38121009183340665	0.38121009183340665	0.38121009183340665	0.0	0.5236736762650651	0.5236736762650651	0.5236736762650651	0.0	0.7308507514683552	0.7308507514683552	0.7308507514683552	0.0	0.9484576148052621	0.9338468772182099	0.4821156997754067	0.35046668481616844	14	HNF4A	10000
26	HNF4A	Single best mono PWM	mono	0.9472225230423771	0.9418555647677528	0.9270591116764229	0.0	0.0	0.0	0.9270591116764229	0.9270591116764229	0.9270591116764229	0.0	0.9418555647677528	0.9418555647677528	0.9418555647677528	0.0	0.9472225230423771	0.9472225230423771	0.9472225230423771	0.0	0.6179338061491008	0.4640210302460878	0.3125966486187171	0.0	0.0	0.0	0.3125966486187171	0.3125966486187171	0.3125966486187171	0.0	0.4640210302460878	0.4640210302460878	0.4640210302460878	0.0	0.6179338061491008	0.6179338061491008	0.6179338061491008	0.0	0.9418555647677528	0.9270591116764229	0.4640210302460878	0.3125966486187171	14	HNF4A	10000
26	HNF4A	LogisticRegression	mono	0.9472225230423771	0.9418555647677528	0.9270591116764229	0.9472225230423771	0.9418555647677528	0.9270591116764229	0.934462068394462	0.934462068394462	0.934462068394462	0.0	0.944452766022101	0.944452766022101	0.944452766022101	0.0	0.9530862017285047	0.9530862017285047	0.9530862017285047	0.0	0.6179338061491008	0.4640210302460878	0.3125966486187171	0.6179338061491008	0.4640210302460878	0.3125966486187171	0.3426208859514342	0.3426208859514342	0.3426208859514342	0.0	0.49262910890008405	0.49262910890008405	0.49262910890008405	0.0	0.6418054559825117	0.6418054559825117	0.6418054559825117	0.0	0.9418555647677528	0.9270591116764229	0.4640210302460878	0.3125966486187171	14	HNF4A	10000
13	HNF4A	Single best di PWM	di	0.0	0.0	0.0	0.9521583203216795	0.9484576148052621	0.9338468772182099	0.9338468772182099	0.9338468772182099	0.9338468772182099	0.0	0.9484576148052621	0.9484576148052621	0.9484576148052621	0.0	0.9521583203216795	0.9521583203216795	0.9521583203216795	0.0	0.0	0.0	0.0	0.6435122977836737	0.4821156997754067	0.35046668481616844	0.35046668481616844	0.35046668481616844	0.35046668481616844	0.0	0.4821156997754067	0.4821156997754067	0.4821156997754067	0.0	0.6435122977836737	0.6435122977836737	0.6435122977836737	0.0	0.9484576148052621	0.9338468772182099	0.4821156997754067	0.35046668481616844	14	HNF4A	10000
13	HNF4A	LogisticRegression	di	0.9521583203216795	0.9484576148052621	0.9338468772182099	0.9521583203216795	0.9484576148052621	0.9338468772182099	0.9386756626935469	0.9386756626935469	0.9386756626935469	0.0	0.952466366303008	0.952466366303008	0.952466366303008	0.0	0.9566632760646492	0.9566632760646492	0.9566632760646492	0.0	0.6435122977836737	0.4821156997754067	0.35046668481616844	0.6435122977836737	0.4821156997754067	0.35046668481616844	0.37659811276885746	0.37659811276885746	0.37659811276885746	0.0	0.5101381215261402	0.5101381215261402	0.5101381215261402	0.0	0.6684048556942719	0.6684048556942719	0.6684048556942719	0.0	0.9484576148052621	0.9338468772182099	0.4821156997754067	0.35046668481616844	14	HNF4A	10000
26	HNF4A	LogisticRegression	mono+di	0.0	0.9484576148052621	0.9338468772182099	0.0	0.9484576148052621	0.9338468772182099	0.9410727586072902	0.9410727586072902	0.9410727586072902	0.0	0.9534578691137288	0.9534578691137288	0.9534578691137288	0.0	0.9587664239275177	0.9587664239275177	0.9587664239275177	0.0	0.0	0.4821156997754067	0.35046668481616844	0.0	0.4821156997754067	0.35046668481616844	0.39765612959548263	0.39765612959548263	0.39765612959548263	0.0	0.5260635794782922	0.5260635794782922	0.5260635794782922	0.0	0.6791362003244606	0.6791362003244606	0.6791362003244606	0.0	0.9484576148052621	0.9338468772182099	0.4821156997754067	0.35046668481616844	14	HNF4A	10000
26	HNF4A	Single best mono PWM	mono	0.9472225230423771	0.9418555647677528	0.9270591116764229	0.0	0.0	0.0	0.9270591116764229	0.9270591116764229	0.9270591116764229	0.0	0.9418555647677528	0.9418555647677528	0.9418555647677528	0.0	0.9472225230423771	0.9472225230423771	0.9472225230423771	0.0	0.6179338061491008	0.4640210302460878	0.3125966486187171	0.0	0.0	0.0	0.3125966486187171	0.3125966486187171	0.3125966486187171	0.0	0.4640210302460878	0.4640210302460878	0.4640210302460878	0.0	0.6179338061491008	0.6179338061491008	0.6179338061491008	0.0	0.9418555647677528	0.9270591116764229	0.4640210302460878	0.3125966486187171	14	HNF4A	10000
26	HNF4A	XGBClassifier	mono	0.9472225230423771	0.9418555647677528	0.9270591116764229	0.9472225230423771	0.9418555647677528	0.9270591116764229	0.9333386839938551	0.9333386839938551	0.9333386839938551	0.0	0.9464701218520717	0.9464701218520717	0.9464701218520717	0.0	0.9733160434998303	0.9733160434998303	0.9733160434998303	0.0	0.6179338061491008	0.4640210302460878	0.3125966486187171	0.6179338061491008	0.4640210302460878	0.3125966486187171	0.36655515553616064	0.36655515553616064	0.36655515553616064	0.0	0.5025077432273988	0.5025077432273988	0.5025077432273988	0.0	0.7500353389965185	0.7500353389965185	0.7500353389965185	0.0	0.9418555647677528	0.9270591116764229	0.4640210302460878	0.3125966486187171	14	HNF4A	10000
13	HNF4A	Single best di PWM	di	0.0	0.0	0.0	0.9521583203216795	0.9484576148052621	0.9338468772182099	0.9338468772182099	0.9338468772182099	0.9338468772182099	0.0	0.9484576148052621	0.9484576148052621	0.9484576148052621	0.0	0.9521583203216795	0.9521583203216795	0.9521583203216795	0.0	0.0	0.0	0.0	0.6435122977836737	0.4821156997754067	0.35046668481616844	0.35046668481616844	0.35046668481616844	0.35046668481616844	0.0	0.4821156997754067	0.4821156997754067	0.4821156997754067	0.0	0.6435122977836737	0.6435122977836737	0.6435122977836737	0.0	0.9484576148052621	0.9338468772182099	0.4821156997754067	0.35046668481616844	14	HNF4A	10000
13	HNF4A	XGBClassifier	di	0.9521583203216795	0.9484576148052621	0.9338468772182099	0.9521583203216795	0.9484576148052621	0.9338468772182099	0.9347594344046658	0.9347594344046658	0.9347594344046658	0.0	0.9521083040902298	0.9521083040902298	0.9521083040902298	0.0	0.974097867046137	0.974097867046137	0.974097867046137	0.0	0.6435122977836737	0.4821156997754067	0.35046668481616844	0.6435122977836737	0.4821156997754067	0.35046668481616844	0.3640468881207079	0.3640468881207079	0.3640468881207079	0.0	0.5062536644502286	0.5062536644502286	0.5062536644502286	0.0	0.7648699461490815	0.7648699461490815	0.7648699461490815	0.0	0.9484576148052621	0.9338468772182099	0.4821156997754067	0.35046668481616844	14	HNF4A	10000
26	HNF4A	XGBClassifier	mono+di	0.0	0.9484576148052621	0.9338468772182099	0.0	0.9484576148052621	0.9338468772182099	0.9406989574960212	0.9406989574960212	0.9406989574960212	0.0	0.9553544066964514	0.9553544066964514	0.9553544066964514	0.0	0.9783043468497872	0.9783043468497872	0.9783043468497872	0.0	0.0	0.4821156997754067	0.35046668481616844	0.0	0.4821156997754067	0.35046668481616844	0.381735441190361	0.381735441190361	0.381735441190361	0.0	0.5294765518433113	0.5294765518433113	0.5294765518433113	0.0	0.7891188152207266	0.7891188152207266	0.7891188152207266	0.0	0.9484576148052621	0.9338468772182099	0.4821156997754067	0.35046668481616844	14	HNF4A	10000
26	HNF4A	Single best mono PWM	mono	0.9472225230423771	0.9418555647677528	0.9270591116764229	0.0	0.0	0.0	0.9270591116764229	0.9270591116764229	0.9270591116764229	0.0	0.9418555647677528	0.9418555647677528	0.9418555647677528	0.0	0.9472225230423771	0.9472225230423771	0.9472225230423771	0.0	0.6179338061491008	0.4640210302460878	0.3125966486187171	0.0	0.0	0.0	0.3125966486187171	0.3125966486187171	0.3125966486187171	0.0	0.4640210302460878	0.4640210302460878	0.4640210302460878	0.0	0.6179338061491008	0.6179338061491008	0.6179338061491008	0.0	0.9418555647677528	0.9270591116764229	0.4640210302460878	0.3125966486187171	14	HNF4A	10000
26	HNF4A	BaggingClassifier_XGBClassifier	mono	0.9472225230423771	0.9418555647677528	0.9270591116764229	0.9472225230423771	0.9418555647677528	0.9270591116764229	0.9365233264385088	0.9365233264385088	0.9365233264385088	0.0	0.9472876852558966	0.9472876852558966	0.9472876852558966	0.0	0.9786091845740097	0.9786091845740097	0.9786091845740097	0.0	0.6179338061491008	0.4640210302460878	0.3125966486187171	0.6179338061491008	0.4640210302460878	0.3125966486187171	0.3717096472390204	0.3717096472390204	0.3717096472390204	0.0	0.506008194706823	0.506008194706823	0.506008194706823	0.0	0.7630101116970696	0.7630101116970696	0.7630101116970696	0.0	0.9418555647677528	0.9270591116764229	0.4640210302460878	0.3125966486187171	14	HNF4A	10000
13	HNF4A	Single best di PWM	di	0.0	0.0	0.0	0.9521583203216795	0.9484576148052621	0.9338468772182099	0.9338468772182099	0.9338468772182099	0.9338468772182099	0.0	0.9484576148052621	0.9484576148052621	0.9484576148052621	0.0	0.9521583203216795	0.9521583203216795	0.9521583203216795	0.0	0.0	0.0	0.0	0.6435122977836737	0.4821156997754067	0.35046668481616844	0.35046668481616844	0.35046668481616844	0.35046668481616844	0.0	0.4821156997754067	0.4821156997754067	0.4821156997754067	0.0	0.6435122977836737	0.6435122977836737	0.6435122977836737	0.0	0.9484576148052621	0.9338468772182099	0.4821156997754067	0.35046668481616844	14	HNF4A	10000
13	HNF4A	BaggingClassifier_XGBClassifier	di	0.9521583203216795	0.9484576148052621	0.9338468772182099	0.9521583203216795	0.9484576148052621	0.9338468772182099	0.9363755703895666	0.9363755703895666	0.9363755703895666	0.0	0.9527352269968117	0.9527352269968117	0.9527352269968117	0.0	0.9785682767174078	0.9785682767174078	0.9785682767174078	0.0	0.6435122977836737	0.4821156997754067	0.35046668481616844	0.6435122977836737	0.4821156997754067	0.35046668481616844	0.36296476493461804	0.36296476493461804	0.36296476493461804	0.0	0.4999512611501395	0.4999512611501395	0.4999512611501395	0.0	0.7775135352544308	0.7775135352544308	0.7775135352544308	0.0	0.9484576148052621	0.9338468772182099	0.4821156997754067	0.35046668481616844	14	HNF4A	10000
26	HNF4A	BaggingClassifier_XGBClassifier	mono+di	0.0	0.9484576148052621	0.9338468772182099	0.0	0.9484576148052621	0.9338468772182099	0.9409521678414723	0.9409521678414723	0.9409521678414723	0.0	0.9547231860636873	0.9547231860636873	0.9547231860636873	0.0	0.9827185477427609	0.9827185477427609	0.9827185477427609	0.0	0.0	0.4821156997754067	0.35046668481616844	0.0	0.4821156997754067	0.35046668481616844	0.3981684403483259	0.3981684403483259	0.3981684403483259	0.0	0.5302498326771611	0.5302498326771611	0.5302498326771611	0.0	0.7981831034060789	0.7981831034060789	0.7981831034060789	0.0	0.9484576148052621	0.9338468772182099	0.4821156997754067	0.35046668481616844	14	HNF4A	10000
26	HNF4A	Single best mono PWM	mono	0.9472225230423771	0.9418555647677528	0.9270591116764229	0.0	0.0	0.0	0.9270591116764229	0.9270591116764229	0.9270591116764229	0.0	0.9418555647677528	0.9418555647677528	0.9418555647677528	0.0	0.9472225230423771	0.9472225230423771	0.9472225230423771	0.0	0.6179338061491008	0.4640210302460878	0.3125966486187171	0.0	0.0	0.0	0.3125966486187171	0.3125966486187171	0.3125966486187171	0.0	0.4640210302460878	0.4640210302460878	0.4640210302460878	0.0	0.6179338061491008	0.6179338061491008	0.6179338061491008	0.0	0.9418555647677528	0.9270591116764229	0.4640210302460878	0.3125966486187171	14	HNF4A	10000
26	HNF4A	BaggingClassifier_LogisticRegression	mono	0.9472225230423771	0.9418555647677528	0.9270591116764229	0.9472225230423771	0.9418555647677528	0.9270591116764229	0.9345179553315466	0.9345179553315466	0.9345179553315466	0.0	0.9443843026120016	0.9443843026120016	0.9443843026120016	0.0	0.9530841969764223	0.9530841969764223	0.9530841969764223	0.0	0.6179338061491008	0.4640210302460878	0.3125966486187171	0.6179338061491008	0.4640210302460878	0.3125966486187171	0.34317797562530683	0.34317797562530683	0.34317797562530683	0.0	0.4925758974735983	0.4925758974735983	0.4925758974735983	0.0	0.6417772318260248	0.6417772318260248	0.6417772318260248	0.0	0.9418555647677528	0.9270591116764229	0.4640210302460878	0.3125966486187171	14	HNF4A	10000
13	HNF4A	Single best di PWM	di	0.0	0.0	0.0	0.9521583203216795	0.9484576148052621	0.9338468772182099	0.9338468772182099	0.9338468772182099	0.9338468772182099	0.0	0.9484576148052621	0.9484576148052621	0.9484576148052621	0.0	0.9521583203216795	0.9521583203216795	0.9521583203216795	0.0	0.0	0.0	0.0	0.6435122977836737	0.4821156997754067	0.35046668481616844	0.35046668481616844	0.35046668481616844	0.35046668481616844	0.0	0.4821156997754067	0.4821156997754067	0.4821156997754067	0.0	0.6435122977836737	0.6435122977836737	0.6435122977836737	0.0	0.9484576148052621	0.9338468772182099	0.4821156997754067	0.35046668481616844	14	HNF4A	10000
13	HNF4A	BaggingClassifier_LogisticRegression	di	0.9521583203216795	0.9484576148052621	0.9338468772182099	0.9521583203216795	0.9484576148052621	0.9338468772182099	0.9386952190525832	0.9386952190525832	0.9386952190525832	0.0	0.9524965767899938	0.9524965767899938	0.9524965767899938	0.0	0.9566470150656675	0.9566470150656675	0.9566470150656675	0.0	0.6435122977836737	0.4821156997754067	0.35046668481616844	0.6435122977836737	0.4821156997754067	0.35046668481616844	0.3767203839331688	0.3767203839331688	0.3767203839331688	0.0	0.5103640866340166	0.5103640866340166	0.5103640866340166	0.0	0.6684577459015705	0.6684577459015705	0.6684577459015705	0.0	0.9484576148052621	0.9338468772182099	0.4821156997754067	0.35046668481616844	14	HNF4A	10000
26	HNF4A	BaggingClassifier_LogisticRegression	mono+di	0.0	0.9484576148052621	0.9338468772182099	0.0	0.9484576148052621	0.9338468772182099	0.9411268094336824	0.9411268094336824	0.9411268094336824	0.0	0.9534751864221683	0.9534751864221683	0.9534751864221683	0.0	0.9587417715867255	0.9587417715867255	0.9587417715867255	0.0	0.0	0.4821156997754067	0.35046668481616844	0.0	0.4821156997754067	0.35046668481616844	0.3983851490131188	0.3983851490131188	0.3983851490131188	0.0	0.5262121954125434	0.5262121954125434	0.5262121954125434	0.0	0.6791759642928917	0.6791759642928917	0.6791759642928917	0.0	0.9484576148052621	0.9338468772182099	0.4821156997754067	0.35046668481616844	14	HNF4A	10000
11	IRF1	Single best mono PWM	mono	0.8477176914218787	0.810201749573414	0.7887875503046469	0.0	0.0	0.0	0.7887875503046469	0.7887875503046469	0.7887875503046469	0.0	0.810201749573414	0.810201749573414	0.810201749573414	0.0	0.8477176914218787	0.8477176914218787	0.8477176914218787	0.0	0.39935414096793825	0.4029052673239741	0.22302444930338938	0.0	0.0	0.0	0.22302444930338938	0.22302444930338938	0.22302444930338938	0.0	0.4029052673239741	0.4029052673239741	0.4029052673239741	0.0	0.39935414096793825	0.39935414096793825	0.39935414096793825	0.0	0.810201749573414	0.7887875503046469	0.4029052673239741	0.22302444930338938	15	IRF1	3280
11	IRF1	RandomForestClassifier	mono	0.8477176914218787	0.810201749573414	0.7887875503046469	0.8477176914218787	0.810201749573414	0.7887875503046469	0.7989849601666436	0.7989849601666436	0.7989849601666436	0.0	0.8425688686049883	0.8425688686049883	0.8425688686049883	0.0	0.8681075973659085	0.8681075973659085	0.8681075973659085	0.0	0.39935414096793825	0.4029052673239741	0.22302444930338938	0.39935414096793825	0.4029052673239741	0.22302444930338938	0.22598813502651574	0.22598813502651574	0.22598813502651574	0.0	0.4439191967325785	0.4439191967325785	0.4439191967325785	0.0	0.5162856759550253	0.5162856759550253	0.5162856759550253	0.0	0.810201749573414	0.7887875503046469	0.4029052673239741	0.22302444930338938	15	IRF1	3280
5	IRF1	Single best di PWM	di	0.0	0.0	0.0	0.8526695019881868	0.8205354597506569	0.791121720150399	0.791121720150399	0.791121720150399	0.791121720150399	0.0	0.8205354597506569	0.8205354597506569	0.8205354597506569	0.0	0.8526695019881868	0.8526695019881868	0.8526695019881868	0.0	0.0	0.0	0.0	0.42077554564089	0.43305255953025623	0.23664567404573847	0.23664567404573847	0.23664567404573847	0.23664567404573847	0.0	0.43305255953025623	0.43305255953025623	0.43305255953025623	0.0	0.42077554564089	0.42077554564089	0.42077554564089	0.0	0.8205354597506569	0.791121720150399	0.43305255953025623	0.23664567404573847	15	IRF1	3280
5	IRF1	RandomForestClassifier	di	0.8526695019881868	0.8205354597506569	0.791121720150399	0.8526695019881868	0.8205354597506569	0.791121720150399	0.805970050012122	0.805970050012122	0.805970050012122	0.0	0.8422188799885882	0.8422188799885882	0.8422188799885882	0.0	0.8809716217941942	0.8809716217941942	0.8809716217941942	0.0	0.42077554564089	0.43305255953025623	0.23664567404573847	0.42077554564089	0.43305255953025623	0.23664567404573847	0.22136385551415125	0.22136385551415125	0.22136385551415125	0.0	0.45636219643117776	0.45636219643117776	0.45636219643117776	0.0	0.5128841426907423	0.5128841426907423	0.5128841426907423	0.0	0.8205354597506569	0.791121720150399	0.43305255953025623	0.23664567404573847	15	IRF1	3280
11	IRF1	RandomForestClassifier	mono+di	0.0	0.8205354597506569	0.791121720150399	0.0	0.8205354597506569	0.791121720150399	0.8033422240974593	0.8033422240974593	0.8033422240974593	0.0	0.8495836451048021	0.8495836451048021	0.8495836451048021	0.0	0.8789691106774724	0.8789691106774724	0.8789691106774724	0.0	0.0	0.43305255953025623	0.23664567404573847	0.0	0.43305255953025623	0.23664567404573847	0.2408139269422777	0.2408139269422777	0.2408139269422777	0.0	0.4601011867159134	0.4601011867159134	0.4601011867159134	0.0	0.5341349282636216	0.5341349282636216	0.5341349282636216	0.0	0.8205354597506569	0.791121720150399	0.43305255953025623	0.23664567404573847	15	IRF1	3280
11	IRF1	Single best mono PWM	mono	0.8477176914218787	0.810201749573414	0.7887875503046469	0.0	0.0	0.0	0.7887875503046469	0.7887875503046469	0.7887875503046469	0.0	0.810201749573414	0.810201749573414	0.810201749573414	0.0	0.8477176914218787	0.8477176914218787	0.8477176914218787	0.0	0.39935414096793825	0.4029052673239741	0.22302444930338938	0.0	0.0	0.0	0.22302444930338938	0.22302444930338938	0.22302444930338938	0.0	0.4029052673239741	0.4029052673239741	0.4029052673239741	0.0	0.39935414096793825	0.39935414096793825	0.39935414096793825	0.0	0.810201749573414	0.7887875503046469	0.4029052673239741	0.22302444930338938	15	IRF1	3280
11	IRF1	LogisticRegression	mono	0.8477176914218787	0.810201749573414	0.7887875503046469	0.8477176914218787	0.810201749573414	0.7887875503046469	0.78627626714438	0.78627626714438	0.78627626714438	0.0	0.8314754471949919	0.8314754471949919	0.8314754471949919	0.0	0.8599800721883143	0.8599800721883143	0.8599800721883143	0.0	0.39935414096793825	0.4029052673239741	0.22302444930338938	0.39935414096793825	0.4029052673239741	0.22302444930338938	0.227370281452925	0.227370281452925	0.227370281452925	0.0	0.4126383684365721	0.4126383684365721	0.4126383684365721	0.0	0.4193930071924944	0.4193930071924944	0.4193930071924944	0.0	0.810201749573414	0.7887875503046469	0.4029052673239741	0.22302444930338938	15	IRF1	3280
5	IRF1	Single best di PWM	di	0.0	0.0	0.0	0.8526695019881868	0.8205354597506569	0.791121720150399	0.791121720150399	0.791121720150399	0.791121720150399	0.0	0.8205354597506569	0.8205354597506569	0.8205354597506569	0.0	0.8526695019881868	0.8526695019881868	0.8526695019881868	0.0	0.0	0.0	0.0	0.42077554564089	0.43305255953025623	0.23664567404573847	0.23664567404573847	0.23664567404573847	0.23664567404573847	0.0	0.43305255953025623	0.43305255953025623	0.43305255953025623	0.0	0.42077554564089	0.42077554564089	0.42077554564089	0.0	0.8205354597506569	0.791121720150399	0.43305255953025623	0.23664567404573847	15	IRF1	3280
5	IRF1	LogisticRegression	di	0.8526695019881868	0.8205354597506569	0.791121720150399	0.8526695019881868	0.8205354597506569	0.791121720150399	0.7919999637638935	0.7919999637638935	0.7919999637638935	0.0	0.8156334880937548	0.8156334880937548	0.8156334880937548	0.0	0.8487781723698502	0.8487781723698502	0.8487781723698502	0.0	0.42077554564089	0.43305255953025623	0.23664567404573847	0.42077554564089	0.43305255953025623	0.23664567404573847	0.23647793235451775	0.23647793235451775	0.23647793235451775	0.0	0.439767694764136	0.439767694764136	0.439767694764136	0.0	0.429117210015233	0.429117210015233	0.429117210015233	0.0	0.8205354597506569	0.791121720150399	0.43305255953025623	0.23664567404573847	15	IRF1	3280
11	IRF1	LogisticRegression	mono+di	0.0	0.8205354597506569	0.791121720150399	0.0	0.8205354597506569	0.791121720150399	0.7897525087700428	0.7897525087700428	0.7897525087700428	0.0	0.837565162139647	0.837565162139647	0.837565162139647	0.0	0.8628100173634947	0.8628100173634947	0.8628100173634947	0.0	0.0	0.43305255953025623	0.23664567404573847	0.0	0.43305255953025623	0.23664567404573847	0.2354249629893702	0.2354249629893702	0.2354249629893702	0.0	0.4467955709503373	0.4467955709503373	0.4467955709503373	0.0	0.43800681888916293	0.43800681888916293	0.43800681888916293	0.0	0.8205354597506569	0.791121720150399	0.43305255953025623	0.23664567404573847	15	IRF1	3280
11	IRF1	Single best mono PWM	mono	0.8477176914218787	0.810201749573414	0.7887875503046469	0.0	0.0	0.0	0.7887875503046469	0.7887875503046469	0.7887875503046469	0.0	0.810201749573414	0.810201749573414	0.810201749573414	0.0	0.8477176914218787	0.8477176914218787	0.8477176914218787	0.0	0.39935414096793825	0.4029052673239741	0.22302444930338938	0.0	0.0	0.0	0.22302444930338938	0.22302444930338938	0.22302444930338938	0.0	0.4029052673239741	0.4029052673239741	0.4029052673239741	0.0	0.39935414096793825	0.39935414096793825	0.39935414096793825	0.0	0.810201749573414	0.7887875503046469	0.4029052673239741	0.22302444930338938	15	IRF1	3280
11	IRF1	XGBClassifier	mono	0.8477176914218787	0.810201749573414	0.7887875503046469	0.8477176914218787	0.810201749573414	0.7887875503046469	0.7918080323998792	0.7918080323998792	0.7918080323998792	0.0	0.8532103165206152	0.8532103165206152	0.8532103165206152	0.0	0.9320460743624382	0.9320460743624382	0.9320460743624382	0.0	0.39935414096793825	0.4029052673239741	0.22302444930338938	0.39935414096793825	0.4029052673239741	0.22302444930338938	0.21724727611436323	0.21724727611436323	0.21724727611436323	0.0	0.4337327312498987	0.4337327312498987	0.4337327312498987	0.0	0.5686931915148834	0.5686931915148834	0.5686931915148834	0.0	0.810201749573414	0.7887875503046469	0.4029052673239741	0.22302444930338938	15	IRF1	3280
5	IRF1	Single best di PWM	di	0.0	0.0	0.0	0.8526695019881868	0.8205354597506569	0.791121720150399	0.791121720150399	0.791121720150399	0.791121720150399	0.0	0.8205354597506569	0.8205354597506569	0.8205354597506569	0.0	0.8526695019881868	0.8526695019881868	0.8526695019881868	0.0	0.0	0.0	0.0	0.42077554564089	0.43305255953025623	0.23664567404573847	0.23664567404573847	0.23664567404573847	0.23664567404573847	0.0	0.43305255953025623	0.43305255953025623	0.43305255953025623	0.0	0.42077554564089	0.42077554564089	0.42077554564089	0.0	0.8205354597506569	0.791121720150399	0.43305255953025623	0.23664567404573847	15	IRF1	3280
5	IRF1	XGBClassifier	di	0.8526695019881868	0.8205354597506569	0.791121720150399	0.8526695019881868	0.8205354597506569	0.791121720150399	0.7975510569100446	0.7975510569100446	0.7975510569100446	0.0	0.8475308460765505	0.8475308460765505	0.8475308460765505	0.0	0.9289110719025903	0.9289110719025903	0.9289110719025903	0.0	0.42077554564089	0.43305255953025623	0.23664567404573847	0.42077554564089	0.43305255953025623	0.23664567404573847	0.21197161299695358	0.21197161299695358	0.21197161299695358	0.0	0.4417921060674053	0.4417921060674053	0.4417921060674053	0.0	0.5465183301219759	0.5465183301219759	0.5465183301219759	0.0	0.8205354597506569	0.791121720150399	0.43305255953025623	0.23664567404573847	15	IRF1	3280
11	IRF1	XGBClassifier	mono+di	0.0	0.8205354597506569	0.791121720150399	0.0	0.8205354597506569	0.791121720150399	0.7980764902895496	0.7980764902895496	0.7980764902895496	0.0	0.856480617110714	0.856480617110714	0.856480617110714	0.0	0.9426751465286296	0.9426751465286296	0.9426751465286296	0.0	0.0	0.43305255953025623	0.23664567404573847	0.0	0.43305255953025623	0.23664567404573847	0.2163249516699702	0.2163249516699702	0.2163249516699702	0.0	0.4526581315883373	0.4526581315883373	0.4526581315883373	0.0	0.5906041424842117	0.5906041424842117	0.5906041424842117	0.0	0.8205354597506569	0.791121720150399	0.43305255953025623	0.23664567404573847	15	IRF1	3280
11	IRF1	Single best mono PWM	mono	0.8477176914218787	0.810201749573414	0.7887875503046469	0.0	0.0	0.0	0.7887875503046469	0.7887875503046469	0.7887875503046469	0.0	0.810201749573414	0.810201749573414	0.810201749573414	0.0	0.8477176914218787	0.8477176914218787	0.8477176914218787	0.0	0.39935414096793825	0.4029052673239741	0.22302444930338938	0.0	0.0	0.0	0.22302444930338938	0.22302444930338938	0.22302444930338938	0.0	0.4029052673239741	0.4029052673239741	0.4029052673239741	0.0	0.39935414096793825	0.39935414096793825	0.39935414096793825	0.0	0.810201749573414	0.7887875503046469	0.4029052673239741	0.22302444930338938	15	IRF1	3280
11	IRF1	BaggingClassifier_XGBClassifier	mono	0.8477176914218787	0.810201749573414	0.7887875503046469	0.8477176914218787	0.810201749573414	0.7887875503046469	0.7955425448086407	0.7955425448086407	0.7955425448086407	0.0	0.8505993514283645	0.8505993514283645	0.8505993514283645	0.0	0.9563878404443013	0.9563878404443013	0.9563878404443013	0.0	0.39935414096793825	0.4029052673239741	0.22302444930338938	0.39935414096793825	0.4029052673239741	0.22302444930338938	0.23696480599960673	0.23696480599960673	0.23696480599960673	0.0	0.446817638707401	0.446817638707401	0.446817638707401	0.0	0.5862402540398647	0.5862402540398647	0.5862402540398647	0.0	0.810201749573414	0.7887875503046469	0.4029052673239741	0.22302444930338938	15	IRF1	3280
5	IRF1	Single best di PWM	di	0.0	0.0	0.0	0.8526695019881868	0.8205354597506569	0.791121720150399	0.791121720150399	0.791121720150399	0.791121720150399	0.0	0.8205354597506569	0.8205354597506569	0.8205354597506569	0.0	0.8526695019881868	0.8526695019881868	0.8526695019881868	0.0	0.0	0.0	0.0	0.42077554564089	0.43305255953025623	0.23664567404573847	0.23664567404573847	0.23664567404573847	0.23664567404573847	0.0	0.43305255953025623	0.43305255953025623	0.43305255953025623	0.0	0.42077554564089	0.42077554564089	0.42077554564089	0.0	0.8205354597506569	0.791121720150399	0.43305255953025623	0.23664567404573847	15	IRF1	3280
5	IRF1	BaggingClassifier_XGBClassifier	di	0.8526695019881868	0.8205354597506569	0.791121720150399	0.8526695019881868	0.8205354597506569	0.791121720150399	0.803202586235048	0.803202586235048	0.803202586235048	0.0	0.8475451870204781	0.8475451870204781	0.8475451870204781	0.0	0.9482904364061711	0.9482904364061711	0.9482904364061711	0.0	0.42077554564089	0.43305255953025623	0.23664567404573847	0.42077554564089	0.43305255953025623	0.23664567404573847	0.22027543630698396	0.22027543630698396	0.22027543630698396	0.0	0.447337602295227	0.447337602295227	0.447337602295227	0.0	0.5637675663908234	0.5637675663908234	0.5637675663908234	0.0	0.8205354597506569	0.791121720150399	0.43305255953025623	0.23664567404573847	15	IRF1	3280
11	IRF1	BaggingClassifier_XGBClassifier	mono+di	0.0	0.8205354597506569	0.791121720150399	0.0	0.8205354597506569	0.791121720150399	0.7987678828726286	0.7987678828726286	0.7987678828726286	0.0	0.8545268129986576	0.8545268129986576	0.8545268129986576	0.0	0.964902889703883	0.964902889703883	0.964902889703883	0.0	0.0	0.43305255953025623	0.23664567404573847	0.0	0.43305255953025623	0.23664567404573847	0.2363036918244458	0.2363036918244458	0.2363036918244458	0.0	0.4763964084372634	0.4763964084372634	0.4763964084372634	0.0	0.6121984058714974	0.6121984058714974	0.6121984058714974	0.0	0.8205354597506569	0.791121720150399	0.43305255953025623	0.23664567404573847	15	IRF1	3280
11	IRF1	Single best mono PWM	mono	0.8477176914218787	0.810201749573414	0.7887875503046469	0.0	0.0	0.0	0.7887875503046469	0.7887875503046469	0.7887875503046469	0.0	0.810201749573414	0.810201749573414	0.810201749573414	0.0	0.8477176914218787	0.8477176914218787	0.8477176914218787	0.0	0.39935414096793825	0.4029052673239741	0.22302444930338938	0.0	0.0	0.0	0.22302444930338938	0.22302444930338938	0.22302444930338938	0.0	0.4029052673239741	0.4029052673239741	0.4029052673239741	0.0	0.39935414096793825	0.39935414096793825	0.39935414096793825	0.0	0.810201749573414	0.7887875503046469	0.4029052673239741	0.22302444930338938	15	IRF1	3280
11	IRF1	BaggingClassifier_LogisticRegression	mono	0.8477176914218787	0.810201749573414	0.7887875503046469	0.8477176914218787	0.810201749573414	0.7887875503046469	0.7862463261270038	0.7862463261270038	0.7862463261270038	0.0	0.8312967453341918	0.8312967453341918	0.8312967453341918	0.0	0.8599231205339537	0.8599231205339537	0.8599231205339537	0.0	0.39935414096793825	0.4029052673239741	0.22302444930338938	0.39935414096793825	0.4029052673239741	0.22302444930338938	0.22729842054654267	0.22729842054654267	0.22729842054654267	0.0	0.4130853221637047	0.4130853221637047	0.4130853221637047	0.0	0.4198572436797414	0.4198572436797414	0.4198572436797414	0.0	0.810201749573414	0.7887875503046469	0.4029052673239741	0.22302444930338938	15	IRF1	3280
5	IRF1	Single best di PWM	di	0.0	0.0	0.0	0.8526695019881868	0.8205354597506569	0.791121720150399	0.791121720150399	0.791121720150399	0.791121720150399	0.0	0.8205354597506569	0.8205354597506569	0.8205354597506569	0.0	0.8526695019881868	0.8526695019881868	0.8526695019881868	0.0	0.0	0.0	0.0	0.42077554564089	0.43305255953025623	0.23664567404573847	0.23664567404573847	0.23664567404573847	0.23664567404573847	0.0	0.43305255953025623	0.43305255953025623	0.43305255953025623	0.0	0.42077554564089	0.42077554564089	0.42077554564089	0.0	0.8205354597506569	0.791121720150399	0.43305255953025623	0.23664567404573847	15	IRF1	3280
5	IRF1	BaggingClassifier_LogisticRegression	di	0.8526695019881868	0.8205354597506569	0.791121720150399	0.8526695019881868	0.8205354597506569	0.791121720150399	0.7919550719099827	0.7919550719099827	0.7919550719099827	0.0	0.8155305899183708	0.8155305899183708	0.8155305899183708	0.0	0.8487150491483821	0.8487150491483821	0.8487150491483821	0.0	0.42077554564089	0.43305255953025623	0.23664567404573847	0.42077554564089	0.43305255953025623	0.23664567404573847	0.2367542822687606	0.2367542822687606	0.2367542822687606	0.0	0.43999787959976744	0.43999787959976744	0.43999787959976744	0.0	0.4295338071988229	0.4295338071988229	0.4295338071988229	0.0	0.8205354597506569	0.791121720150399	0.43305255953025623	0.23664567404573847	15	IRF1	3280
11	IRF1	BaggingClassifier_LogisticRegression	mono+di	0.0	0.8205354597506569	0.791121720150399	0.0	0.8205354597506569	0.791121720150399	0.7898042465333142	0.7898042465333142	0.7898042465333142	0.0	0.8373310535690249	0.8373310535690249	0.8373310535690249	0.0	0.8626787113475249	0.8626787113475249	0.8626787113475249	0.0	0.0	0.43305255953025623	0.23664567404573847	0.0	0.43305255953025623	0.23664567404573847	0.23581071689152466	0.23581071689152466	0.23581071689152466	0.0	0.4476975246742416	0.4476975246742416	0.4476975246742416	0.0	0.4384697724555517	0.4384697724555517	0.4384697724555517	0.0	0.8205354597506569	0.791121720150399	0.43305255953025623	0.23664567404573847	15	IRF1	3280
12	IRF4	Single best mono PWM	mono	0.7858214522338012	0.7562861700388561	0.8137289436237165	0.0	0.0	0.0	0.8137289436237165	0.8137289436237165	0.8137289436237165	0.0	0.7562861700388561	0.7562861700388561	0.7562861700388561	0.0	0.7858214522338012	0.7858214522338012	0.7858214522338012	0.0	0.2860240793163098	0.207011413679689	0.2707132801328422	0.0	0.0	0.0	0.2707132801328422	0.2707132801328422	0.2707132801328422	0.0	0.207011413679689	0.207011413679689	0.207011413679689	0.0	0.2860240793163098	0.2860240793163098	0.2860240793163098	0.0	0.7562861700388561	0.8137289436237165	0.207011413679689	0.2707132801328422	16	IRF4	6960
12	IRF4	RandomForestClassifier	mono	0.7858214522338012	0.7562861700388561	0.8137289436237165	0.7858214522338012	0.7562861700388561	0.8137289436237165	0.8326436558268034	0.8326436558268034	0.8326436558268034	0.0	0.7845687752598919	0.7845687752598919	0.7845687752598919	0.0	0.8310965014797332	0.8310965014797332	0.8310965014797332	0.0	0.2860240793163098	0.207011413679689	0.2707132801328422	0.2860240793163098	0.207011413679689	0.2707132801328422	0.2786270795829432	0.2786270795829432	0.2786270795829432	0.0	0.24732417578489246	0.24732417578489246	0.24732417578489246	0.0	0.40169940319751646	0.40169940319751646	0.40169940319751646	0.0	0.7562861700388561	0.8137289436237165	0.207011413679689	0.2707132801328422	16	IRF4	6960
6	IRF4	Single best di PWM	di	0.0	0.0	0.0	0.8107993868598947	0.7807755038871851	0.824101437596297	0.824101437596297	0.824101437596297	0.824101437596297	0.0	0.7807755038871851	0.7807755038871851	0.7807755038871851	0.0	0.8107993868598947	0.8107993868598947	0.8107993868598947	0.0	0.0	0.0	0.0	0.31625696238873746	0.2523448614724273	0.2874325634060253	0.2874325634060253	0.2874325634060253	0.2874325634060253	0.0	0.2523448614724273	0.2523448614724273	0.2523448614724273	0.0	0.31625696238873746	0.31625696238873746	0.31625696238873746	0.0	0.7807755038871851	0.824101437596297	0.2523448614724273	0.2874325634060253	16	IRF4	6960
6	IRF4	RandomForestClassifier	di	0.8107993868598947	0.7807755038871851	0.824101437596297	0.8107993868598947	0.7807755038871851	0.824101437596297	0.8675457882374535	0.8675457882374535	0.8675457882374535	0.0	0.8528831584710365	0.8528831584710365	0.8528831584710365	0.0	0.8936765649531031	0.8936765649531031	0.8936765649531031	0.0	0.31625696238873746	0.2523448614724273	0.2874325634060253	0.31625696238873746	0.2523448614724273	0.2874325634060253	0.3296375259127702	0.3296375259127702	0.3296375259127702	0.0	0.30488447748927155	0.30488447748927155	0.30488447748927155	0.0	0.46648049179481005	0.46648049179481005	0.46648049179481005	0.0	0.7807755038871851	0.824101437596297	0.2523448614724273	0.2874325634060253	16	IRF4	6960
12	IRF4	RandomForestClassifier	mono+di	0.0	0.7807755038871851	0.824101437596297	0.0	0.7807755038871851	0.824101437596297	0.8708842538491581	0.8708842538491581	0.8708842538491581	0.0	0.8537915776209599	0.8537915776209599	0.8537915776209599	0.0	0.8959515251601471	0.8959515251601471	0.8959515251601471	0.0	0.0	0.2523448614724273	0.2874325634060253	0.0	0.2523448614724273	0.2874325634060253	0.3318961605430425	0.3318961605430425	0.3318961605430425	0.0	0.311165316072148	0.311165316072148	0.311165316072148	0.0	0.4792812460862536	0.4792812460862536	0.4792812460862536	0.0	0.7807755038871851	0.824101437596297	0.2523448614724273	0.2874325634060253	16	IRF4	6960
12	IRF4	Single best mono PWM	mono	0.7858214522338012	0.7562861700388561	0.8137289436237165	0.0	0.0	0.0	0.8137289436237165	0.8137289436237165	0.8137289436237165	0.0	0.7562861700388561	0.7562861700388561	0.7562861700388561	0.0	0.7858214522338012	0.7858214522338012	0.7858214522338012	0.0	0.2860240793163098	0.207011413679689	0.2707132801328422	0.0	0.0	0.0	0.2707132801328422	0.2707132801328422	0.2707132801328422	0.0	0.207011413679689	0.207011413679689	0.207011413679689	0.0	0.2860240793163098	0.2860240793163098	0.2860240793163098	0.0	0.7562861700388561	0.8137289436237165	0.207011413679689	0.2707132801328422	16	IRF4	6960
12	IRF4	LogisticRegression	mono	0.7858214522338012	0.7562861700388561	0.8137289436237165	0.7858214522338012	0.7562861700388561	0.8137289436237165	0.8264071965192077	0.8264071965192077	0.8264071965192077	0.0	0.7787632951345294	0.7787632951345294	0.7787632951345294	0.0	0.8068081674062877	0.8068081674062877	0.8068081674062877	0.0	0.2860240793163098	0.207011413679689	0.2707132801328422	0.2860240793163098	0.207011413679689	0.2707132801328422	0.29955856421295884	0.29955856421295884	0.29955856421295884	0.0	0.2470770889443926	0.2470770889443926	0.2470770889443926	0.0	0.31798879068106417	0.31798879068106417	0.31798879068106417	0.0	0.7562861700388561	0.8137289436237165	0.207011413679689	0.2707132801328422	16	IRF4	6960
6	IRF4	Single best di PWM	di	0.0	0.0	0.0	0.8107993868598947	0.7807755038871851	0.824101437596297	0.824101437596297	0.824101437596297	0.824101437596297	0.0	0.7807755038871851	0.7807755038871851	0.7807755038871851	0.0	0.8107993868598947	0.8107993868598947	0.8107993868598947	0.0	0.0	0.0	0.0	0.31625696238873746	0.2523448614724273	0.2874325634060253	0.2874325634060253	0.2874325634060253	0.2874325634060253	0.0	0.2523448614724273	0.2523448614724273	0.2523448614724273	0.0	0.31625696238873746	0.31625696238873746	0.31625696238873746	0.0	0.7807755038871851	0.824101437596297	0.2523448614724273	0.2874325634060253	16	IRF4	6960
6	IRF4	LogisticRegression	di	0.8107993868598947	0.7807755038871851	0.824101437596297	0.8107993868598947	0.7807755038871851	0.824101437596297	0.8474414061924992	0.8474414061924992	0.8474414061924992	0.0	0.8428095427339505	0.8428095427339505	0.8428095427339505	0.0	0.8733765640109843	0.8733765640109843	0.8733765640109843	0.0	0.31625696238873746	0.2523448614724273	0.2874325634060253	0.31625696238873746	0.2523448614724273	0.2874325634060253	0.2546225363582689	0.2546225363582689	0.2546225363582689	0.0	0.23954368252481645	0.23954368252481645	0.23954368252481645	0.0	0.3394873589187443	0.3394873589187443	0.3394873589187443	0.0	0.7807755038871851	0.824101437596297	0.2523448614724273	0.2874325634060253	16	IRF4	6960
12	IRF4	LogisticRegression	mono+di	0.0	0.7807755038871851	0.824101437596297	0.0	0.7807755038871851	0.824101437596297	0.8495212174610962	0.8495212174610962	0.8495212174610962	0.0	0.8461357009349569	0.8461357009349569	0.8461357009349569	0.0	0.875754125569628	0.875754125569628	0.875754125569628	0.0	0.0	0.2523448614724273	0.2874325634060253	0.0	0.2523448614724273	0.2874325634060253	0.27134603720683054	0.27134603720683054	0.27134603720683054	0.0	0.25009220056141246	0.25009220056141246	0.25009220056141246	0.0	0.35022462656986775	0.35022462656986775	0.35022462656986775	0.0	0.7807755038871851	0.824101437596297	0.2523448614724273	0.2874325634060253	16	IRF4	6960
12	IRF4	Single best mono PWM	mono	0.7858214522338012	0.7562861700388561	0.8137289436237165	0.0	0.0	0.0	0.8137289436237165	0.8137289436237165	0.8137289436237165	0.0	0.7562861700388561	0.7562861700388561	0.7562861700388561	0.0	0.7858214522338012	0.7858214522338012	0.7858214522338012	0.0	0.2860240793163098	0.207011413679689	0.2707132801328422	0.0	0.0	0.0	0.2707132801328422	0.2707132801328422	0.2707132801328422	0.0	0.207011413679689	0.207011413679689	0.207011413679689	0.0	0.2860240793163098	0.2860240793163098	0.2860240793163098	0.0	0.7562861700388561	0.8137289436237165	0.207011413679689	0.2707132801328422	16	IRF4	6960
12	IRF4	XGBClassifier	mono	0.7858214522338012	0.7562861700388561	0.8137289436237165	0.7858214522338012	0.7562861700388561	0.8137289436237165	0.8274169320619535	0.8274169320619535	0.8274169320619535	0.0	0.7778604591288794	0.7778604591288794	0.7778604591288794	0.0	0.8843558442484722	0.8843558442484722	0.8843558442484722	0.0	0.2860240793163098	0.207011413679689	0.2707132801328422	0.2860240793163098	0.207011413679689	0.2707132801328422	0.2734670581148104	0.2734670581148104	0.2734670581148104	0.0	0.24107709785352485	0.24107709785352485	0.24107709785352485	0.0	0.4567704584137974	0.4567704584137974	0.4567704584137974	0.0	0.7562861700388561	0.8137289436237165	0.207011413679689	0.2707132801328422	16	IRF4	6960
6	IRF4	Single best di PWM	di	0.0	0.0	0.0	0.8107993868598947	0.7807755038871851	0.824101437596297	0.824101437596297	0.824101437596297	0.824101437596297	0.0	0.7807755038871851	0.7807755038871851	0.7807755038871851	0.0	0.8107993868598947	0.8107993868598947	0.8107993868598947	0.0	0.0	0.0	0.0	0.31625696238873746	0.2523448614724273	0.2874325634060253	0.2874325634060253	0.2874325634060253	0.2874325634060253	0.0	0.2523448614724273	0.2523448614724273	0.2523448614724273	0.0	0.31625696238873746	0.31625696238873746	0.31625696238873746	0.0	0.7807755038871851	0.824101437596297	0.2523448614724273	0.2874325634060253	16	IRF4	6960
6	IRF4	XGBClassifier	di	0.8107993868598947	0.7807755038871851	0.824101437596297	0.8107993868598947	0.7807755038871851	0.824101437596297	0.8703519785641213	0.8703519785641213	0.8703519785641213	0.0	0.8472174450371619	0.8472174450371619	0.8472174450371619	0.0	0.9227673722789026	0.9227673722789026	0.9227673722789026	0.0	0.31625696238873746	0.2523448614724273	0.2874325634060253	0.31625696238873746	0.2523448614724273	0.2874325634060253	0.29525333297341155	0.29525333297341155	0.29525333297341155	0.0	0.27436366556739156	0.27436366556739156	0.27436366556739156	0.0	0.5072412875986417	0.5072412875986417	0.5072412875986417	0.0	0.7807755038871851	0.824101437596297	0.2523448614724273	0.2874325634060253	16	IRF4	6960
12	IRF4	XGBClassifier	mono+di	0.0	0.7807755038871851	0.824101437596297	0.0	0.7807755038871851	0.824101437596297	0.870344656527181	0.870344656527181	0.870344656527181	0.0	0.8520558730985359	0.8520558730985359	0.8520558730985359	0.0	0.9342621959145686	0.9342621959145686	0.9342621959145686	0.0	0.0	0.2523448614724273	0.2874325634060253	0.0	0.2523448614724273	0.2874325634060253	0.3081538498185386	0.3081538498185386	0.3081538498185386	0.0	0.2980787486188321	0.2980787486188321	0.2980787486188321	0.0	0.5421848838413602	0.5421848838413602	0.5421848838413602	0.0	0.7807755038871851	0.824101437596297	0.2523448614724273	0.2874325634060253	16	IRF4	6960
12	IRF4	Single best mono PWM	mono	0.7858214522338012	0.7562861700388561	0.8137289436237165	0.0	0.0	0.0	0.8137289436237165	0.8137289436237165	0.8137289436237165	0.0	0.7562861700388561	0.7562861700388561	0.7562861700388561	0.0	0.7858214522338012	0.7858214522338012	0.7858214522338012	0.0	0.2860240793163098	0.207011413679689	0.2707132801328422	0.0	0.0	0.0	0.2707132801328422	0.2707132801328422	0.2707132801328422	0.0	0.207011413679689	0.207011413679689	0.207011413679689	0.0	0.2860240793163098	0.2860240793163098	0.2860240793163098	0.0	0.7562861700388561	0.8137289436237165	0.207011413679689	0.2707132801328422	16	IRF4	6960
12	IRF4	BaggingClassifier_XGBClassifier	mono	0.7858214522338012	0.7562861700388561	0.8137289436237165	0.7858214522338012	0.7562861700388561	0.8137289436237165	0.8317974187040711	0.8317974187040711	0.8317974187040711	0.0	0.7853196883663092	0.7853196883663092	0.7853196883663092	0.0	0.9089038245049008	0.9089038245049008	0.9089038245049008	0.0	0.2860240793163098	0.207011413679689	0.2707132801328422	0.2860240793163098	0.207011413679689	0.2707132801328422	0.27955220307738493	0.27955220307738493	0.27955220307738493	0.0	0.25435733626129653	0.25435733626129653	0.25435733626129653	0.0	0.47527313858106945	0.47527313858106945	0.47527313858106945	0.0	0.7562861700388561	0.8137289436237165	0.207011413679689	0.2707132801328422	16	IRF4	6960
6	IRF4	Single best di PWM	di	0.0	0.0	0.0	0.8107993868598947	0.7807755038871851	0.824101437596297	0.824101437596297	0.824101437596297	0.824101437596297	0.0	0.7807755038871851	0.7807755038871851	0.7807755038871851	0.0	0.8107993868598947	0.8107993868598947	0.8107993868598947	0.0	0.0	0.0	0.0	0.31625696238873746	0.2523448614724273	0.2874325634060253	0.2874325634060253	0.2874325634060253	0.2874325634060253	0.0	0.2523448614724273	0.2523448614724273	0.2523448614724273	0.0	0.31625696238873746	0.31625696238873746	0.31625696238873746	0.0	0.7807755038871851	0.824101437596297	0.2523448614724273	0.2874325634060253	16	IRF4	6960
6	IRF4	BaggingClassifier_XGBClassifier	di	0.8107993868598947	0.7807755038871851	0.824101437596297	0.8107993868598947	0.7807755038871851	0.824101437596297	0.8675808731035417	0.8675808731035417	0.8675808731035417	0.0	0.8513782635086897	0.8513782635086897	0.8513782635086897	0.0	0.9319742179966752	0.9319742179966752	0.9319742179966752	0.0	0.31625696238873746	0.2523448614724273	0.2874325634060253	0.31625696238873746	0.2523448614724273	0.2874325634060253	0.31515308175794793	0.31515308175794793	0.31515308175794793	0.0	0.29427139220332477	0.29427139220332477	0.29427139220332477	0.0	0.5172083499789587	0.5172083499789587	0.5172083499789587	0.0	0.7807755038871851	0.824101437596297	0.2523448614724273	0.2874325634060253	16	IRF4	6960
12	IRF4	BaggingClassifier_XGBClassifier	mono+di	0.0	0.7807755038871851	0.824101437596297	0.0	0.7807755038871851	0.824101437596297	0.8701459971020469	0.8701459971020469	0.8701459971020469	0.0	0.8563293146771577	0.8563293146771577	0.8563293146771577	0.0	0.9439318928511629	0.9439318928511629	0.9439318928511629	0.0	0.0	0.2523448614724273	0.2874325634060253	0.0	0.2523448614724273	0.2874325634060253	0.326681709646369	0.326681709646369	0.326681709646369	0.0	0.3197748989992695	0.3197748989992695	0.3197748989992695	0.0	0.5594221930848783	0.5594221930848783	0.5594221930848783	0.0	0.7807755038871851	0.824101437596297	0.2523448614724273	0.2874325634060253	16	IRF4	6960
12	IRF4	Single best mono PWM	mono	0.7858214522338012	0.7562861700388561	0.8137289436237165	0.0	0.0	0.0	0.8137289436237165	0.8137289436237165	0.8137289436237165	0.0	0.7562861700388561	0.7562861700388561	0.7562861700388561	0.0	0.7858214522338012	0.7858214522338012	0.7858214522338012	0.0	0.2860240793163098	0.207011413679689	0.2707132801328422	0.0	0.0	0.0	0.2707132801328422	0.2707132801328422	0.2707132801328422	0.0	0.207011413679689	0.207011413679689	0.207011413679689	0.0	0.2860240793163098	0.2860240793163098	0.2860240793163098	0.0	0.7562861700388561	0.8137289436237165	0.207011413679689	0.2707132801328422	16	IRF4	6960
12	IRF4	BaggingClassifier_LogisticRegression	mono	0.7858214522338012	0.7562861700388561	0.8137289436237165	0.7858214522338012	0.7562861700388561	0.8137289436237165	0.8265431808309124	0.8265431808309124	0.8265431808309124	0.0	0.7785379697268059	0.7785379697268059	0.7785379697268059	0.0	0.8067382945651483	0.8067382945651483	0.8067382945651483	0.0	0.2860240793163098	0.207011413679689	0.2707132801328422	0.2860240793163098	0.207011413679689	0.2707132801328422	0.29947909674071316	0.29947909674071316	0.29947909674071316	0.0	0.2477749749496631	0.2477749749496631	0.2477749749496631	0.0	0.31804711528994506	0.31804711528994506	0.31804711528994506	0.0	0.7562861700388561	0.8137289436237165	0.207011413679689	0.2707132801328422	16	IRF4	6960
6	IRF4	Single best di PWM	di	0.0	0.0	0.0	0.8107993868598947	0.7807755038871851	0.824101437596297	0.824101437596297	0.824101437596297	0.824101437596297	0.0	0.7807755038871851	0.7807755038871851	0.7807755038871851	0.0	0.8107993868598947	0.8107993868598947	0.8107993868598947	0.0	0.0	0.0	0.0	0.31625696238873746	0.2523448614724273	0.2874325634060253	0.2874325634060253	0.2874325634060253	0.2874325634060253	0.0	0.2523448614724273	0.2523448614724273	0.2523448614724273	0.0	0.31625696238873746	0.31625696238873746	0.31625696238873746	0.0	0.7807755038871851	0.824101437596297	0.2523448614724273	0.2874325634060253	16	IRF4	6960
6	IRF4	BaggingClassifier_LogisticRegression	di	0.8107993868598947	0.7807755038871851	0.824101437596297	0.8107993868598947	0.7807755038871851	0.824101437596297	0.8475674061391003	0.8475674061391003	0.8475674061391003	0.0	0.84274296076873	0.84274296076873	0.84274296076873	0.0	0.8731995844100506	0.8731995844100506	0.8731995844100506	0.0	0.31625696238873746	0.2523448614724273	0.2874325634060253	0.31625696238873746	0.2523448614724273	0.2874325634060253	0.255676014322716	0.255676014322716	0.255676014322716	0.0	0.24026945560176316	0.24026945560176316	0.24026945560176316	0.0	0.33995729885948384	0.33995729885948384	0.33995729885948384	0.0	0.7807755038871851	0.824101437596297	0.2523448614724273	0.2874325634060253	16	IRF4	6960
12	IRF4	BaggingClassifier_LogisticRegression	mono+di	0.0	0.7807755038871851	0.824101437596297	0.0	0.7807755038871851	0.824101437596297	0.8497031237611545	0.8497031237611545	0.8497031237611545	0.0	0.8458869936357897	0.8458869936357897	0.8458869936357897	0.0	0.8755471903505775	0.8755471903505775	0.8755471903505775	0.0	0.0	0.2523448614724273	0.2874325634060253	0.0	0.2523448614724273	0.2874325634060253	0.2720397463493311	0.2720397463493311	0.2720397463493311	0.0	0.2503833504571476	0.2503833504571476	0.2503833504571476	0.0	0.3505728417970876	0.3505728417970876	0.3505728417970876	0.0	0.7807755038871851	0.824101437596297	0.2523448614724273	0.2874325634060253	16	IRF4	6960
33	JUND	Single best mono PWM	mono	0.8547937621971302	0.856309952340368	0.8478882606940981	0.0	0.0	0.0	0.8478882606940981	0.8478882606940981	0.8478882606940981	0.0	0.856309952340368	0.856309952340368	0.856309952340368	0.0	0.8547937621971302	0.8547937621971302	0.8547937621971302	0.0	0.2855330252393226	0.24197735876780263	0.11722401992728441	0.0	0.0	0.0	0.11722401992728441	0.11722401992728441	0.11722401992728441	0.0	0.24197735876780263	0.24197735876780263	0.24197735876780263	0.0	0.2855330252393226	0.2855330252393226	0.2855330252393226	0.0	0.856309952340368	0.8478882606940981	0.24197735876780263	0.11722401992728441	17	JUND	10000
33	JUND	RandomForestClassifier	mono	0.8547937621971302	0.856309952340368	0.8478882606940981	0.8547937621971302	0.856309952340368	0.8478882606940981	0.8601836572243501	0.8601836572243501	0.8601836572243501	0.0	0.8670447837153181	0.8670447837153181	0.8670447837153181	0.0	0.8810756942225544	0.8810756942225544	0.8810756942225544	0.0	0.2855330252393226	0.24197735876780263	0.11722401992728441	0.2855330252393226	0.24197735876780263	0.11722401992728441	0.1289156831703297	0.1289156831703297	0.1289156831703297	0.0	0.22769204536472382	0.22769204536472382	0.22769204536472382	0.0	0.38202528471803665	0.38202528471803665	0.38202528471803665	0.0	0.856309952340368	0.8478882606940981	0.24197735876780263	0.11722401992728441	17	JUND	10000
17	JUND	Single best di PWM	di	0.0	0.0	0.0	0.8551543187057892	0.8558352297653022	0.8470243946062299	0.8470243946062299	0.8470243946062299	0.8470243946062299	0.0	0.8558352297653022	0.8558352297653022	0.8558352297653022	0.0	0.8551543187057892	0.8551543187057892	0.8551543187057892	0.0	0.0	0.0	0.0	0.285202101789512	0.23885675872016893	0.12586496895236202	0.12586496895236202	0.12586496895236202	0.12586496895236202	0.0	0.23885675872016893	0.23885675872016893	0.23885675872016893	0.0	0.285202101789512	0.285202101789512	0.285202101789512	0.0	0.8558352297653022	0.8470243946062299	0.23885675872016893	0.12586496895236202	17	JUND	10000
17	JUND	RandomForestClassifier	di	0.8551543187057892	0.8558352297653022	0.8470243946062299	0.8551543187057892	0.8558352297653022	0.8470243946062299	0.8557607730916557	0.8557607730916557	0.8557607730916557	0.0	0.8664118944111033	0.8664118944111033	0.8664118944111033	0.0	0.880029410015288	0.880029410015288	0.880029410015288	0.0	0.285202101789512	0.23885675872016893	0.12586496895236202	0.285202101789512	0.23885675872016893	0.12586496895236202	0.12887664224951462	0.12887664224951462	0.12887664224951462	0.0	0.23646357110007862	0.23646357110007862	0.23646357110007862	0.0	0.38679183546517654	0.38679183546517654	0.38679183546517654	0.0	0.8558352297653022	0.8470243946062299	0.23885675872016893	0.12586496895236202	17	JUND	10000
33	JUND	RandomForestClassifier	mono+di	0.0	0.856309952340368	0.8478882606940981	0.0	0.856309952340368	0.8478882606940981	0.8597299714939591	0.8597299714939591	0.8597299714939591	0.0	0.8691262671801676	0.8691262671801676	0.8691262671801676	0.0	0.8829601273663047	0.8829601273663047	0.8829601273663047	0.0	0.0	0.24197735876780263	0.12586496895236202	0.0	0.24197735876780263	0.12586496895236202	0.13796508884122882	0.13796508884122882	0.13796508884122882	0.0	0.24430501610895972	0.24430501610895972	0.24430501610895972	0.0	0.39356309335614603	0.39356309335614603	0.39356309335614603	0.0	0.856309952340368	0.8478882606940981	0.24197735876780263	0.12586496895236202	17	JUND	10000
33	JUND	Single best mono PWM	mono	0.8547937621971302	0.856309952340368	0.8478882606940981	0.0	0.0	0.0	0.8478882606940981	0.8478882606940981	0.8478882606940981	0.0	0.856309952340368	0.856309952340368	0.856309952340368	0.0	0.8547937621971302	0.8547937621971302	0.8547937621971302	0.0	0.2855330252393226	0.24197735876780263	0.11722401992728441	0.0	0.0	0.0	0.11722401992728441	0.11722401992728441	0.11722401992728441	0.0	0.24197735876780263	0.24197735876780263	0.24197735876780263	0.0	0.2855330252393226	0.2855330252393226	0.2855330252393226	0.0	0.856309952340368	0.8478882606940981	0.24197735876780263	0.11722401992728441	17	JUND	10000
33	JUND	LogisticRegression	mono	0.8547937621971302	0.856309952340368	0.8478882606940981	0.8547937621971302	0.856309952340368	0.8478882606940981	0.853818487360628	0.853818487360628	0.853818487360628	0.0	0.8669866345247945	0.8669866345247945	0.8669866345247945	0.0	0.8644804587841459	0.8644804587841459	0.8644804587841459	0.0	0.2855330252393226	0.24197735876780263	0.11722401992728441	0.2855330252393226	0.24197735876780263	0.11722401992728441	0.13062619399320613	0.13062619399320613	0.13062619399320613	0.0	0.24810883878005105	0.24810883878005105	0.24810883878005105	0.0	0.3048999436867167	0.3048999436867167	0.3048999436867167	0.0	0.856309952340368	0.8478882606940981	0.24197735876780263	0.11722401992728441	17	JUND	10000
17	JUND	Single best di PWM	di	0.0	0.0	0.0	0.8551543187057892	0.8558352297653022	0.8470243946062299	0.8470243946062299	0.8470243946062299	0.8470243946062299	0.0	0.8558352297653022	0.8558352297653022	0.8558352297653022	0.0	0.8551543187057892	0.8551543187057892	0.8551543187057892	0.0	0.0	0.0	0.0	0.285202101789512	0.23885675872016893	0.12586496895236202	0.12586496895236202	0.12586496895236202	0.12586496895236202	0.0	0.23885675872016893	0.23885675872016893	0.23885675872016893	0.0	0.285202101789512	0.285202101789512	0.285202101789512	0.0	0.8558352297653022	0.8470243946062299	0.23885675872016893	0.12586496895236202	17	JUND	10000
17	JUND	LogisticRegression	di	0.8551543187057892	0.8558352297653022	0.8470243946062299	0.8551543187057892	0.8558352297653022	0.8470243946062299	0.8511963785962525	0.8511963785962525	0.8511963785962525	0.0	0.8663423258749421	0.8663423258749421	0.8663423258749421	0.0	0.863791254934154	0.863791254934154	0.863791254934154	0.0	0.285202101789512	0.23885675872016893	0.12586496895236202	0.285202101789512	0.23885675872016893	0.12586496895236202	0.12887298182091866	0.12887298182091866	0.12887298182091866	0.0	0.24323763471317555	0.24323763471317555	0.24323763471317555	0.0	0.29789888601062225	0.29789888601062225	0.29789888601062225	0.0	0.8558352297653022	0.8470243946062299	0.23885675872016893	0.12586496895236202	17	JUND	10000
33	JUND	LogisticRegression	mono+di	0.0	0.856309952340368	0.8478882606940981	0.0	0.856309952340368	0.8478882606940981	0.8543736598370304	0.8543736598370304	0.8543736598370304	0.0	0.8699730313120526	0.8699730313120526	0.8699730313120526	0.0	0.8679764057730217	0.8679764057730217	0.8679764057730217	0.0	0.0	0.24197735876780263	0.12586496895236202	0.0	0.24197735876780263	0.12586496895236202	0.13694871606865808	0.13694871606865808	0.13694871606865808	0.0	0.257931783507827	0.257931783507827	0.257931783507827	0.0	0.3137469687932209	0.3137469687932209	0.3137469687932209	0.0	0.856309952340368	0.8478882606940981	0.24197735876780263	0.12586496895236202	17	JUND	10000
33	JUND	Single best mono PWM	mono	0.8547937621971302	0.856309952340368	0.8478882606940981	0.0	0.0	0.0	0.8478882606940981	0.8478882606940981	0.8478882606940981	0.0	0.856309952340368	0.856309952340368	0.856309952340368	0.0	0.8547937621971302	0.8547937621971302	0.8547937621971302	0.0	0.2855330252393226	0.24197735876780263	0.11722401992728441	0.0	0.0	0.0	0.11722401992728441	0.11722401992728441	0.11722401992728441	0.0	0.24197735876780263	0.24197735876780263	0.24197735876780263	0.0	0.2855330252393226	0.2855330252393226	0.2855330252393226	0.0	0.856309952340368	0.8478882606940981	0.24197735876780263	0.11722401992728441	17	JUND	10000
33	JUND	XGBClassifier	mono	0.8547937621971302	0.856309952340368	0.8478882606940981	0.8547937621971302	0.856309952340368	0.8478882606940981	0.8519326539774817	0.8519326539774817	0.8519326539774817	0.0	0.8644035816446597	0.8644035816446597	0.8644035816446597	0.0	0.9039244977363109	0.9039244977363109	0.9039244977363109	0.0	0.2855330252393226	0.24197735876780263	0.11722401992728441	0.2855330252393226	0.24197735876780263	0.11722401992728441	0.13537333122140113	0.13537333122140113	0.13537333122140113	0.0	0.2290357524158475	0.2290357524158475	0.2290357524158475	0.0	0.41701984368966477	0.41701984368966477	0.41701984368966477	0.0	0.856309952340368	0.8478882606940981	0.24197735876780263	0.11722401992728441	17	JUND	10000
17	JUND	Single best di PWM	di	0.0	0.0	0.0	0.8551543187057892	0.8558352297653022	0.8470243946062299	0.8470243946062299	0.8470243946062299	0.8470243946062299	0.0	0.8558352297653022	0.8558352297653022	0.8558352297653022	0.0	0.8551543187057892	0.8551543187057892	0.8551543187057892	0.0	0.0	0.0	0.0	0.285202101789512	0.23885675872016893	0.12586496895236202	0.12586496895236202	0.12586496895236202	0.12586496895236202	0.0	0.23885675872016893	0.23885675872016893	0.23885675872016893	0.0	0.285202101789512	0.285202101789512	0.285202101789512	0.0	0.8558352297653022	0.8470243946062299	0.23885675872016893	0.12586496895236202	17	JUND	10000
17	JUND	XGBClassifier	di	0.8551543187057892	0.8558352297653022	0.8470243946062299	0.8551543187057892	0.8558352297653022	0.8470243946062299	0.8566530606265645	0.8566530606265645	0.8566530606265645	0.0	0.8685825501393056	0.8685825501393056	0.8685825501393056	0.0	0.9031818147855027	0.9031818147855027	0.9031818147855027	0.0	0.285202101789512	0.23885675872016893	0.12586496895236202	0.285202101789512	0.23885675872016893	0.12586496895236202	0.12792174866321776	0.12792174866321776	0.12792174866321776	0.0	0.22560302925139558	0.22560302925139558	0.22560302925139558	0.0	0.4331819073595123	0.4331819073595123	0.4331819073595123	0.0	0.8558352297653022	0.8470243946062299	0.23885675872016893	0.12586496895236202	17	JUND	10000
33	JUND	XGBClassifier	mono+di	0.0	0.856309952340368	0.8478882606940981	0.0	0.856309952340368	0.8478882606940981	0.8567303114017915	0.8567303114017915	0.8567303114017915	0.0	0.8694381528860886	0.8694381528860886	0.8694381528860886	0.0	0.907544569604137	0.907544569604137	0.907544569604137	0.0	0.0	0.24197735876780263	0.12586496895236202	0.0	0.24197735876780263	0.12586496895236202	0.15078435831798034	0.15078435831798034	0.15078435831798034	0.0	0.24777653600749094	0.24777653600749094	0.24777653600749094	0.0	0.4453802497278799	0.4453802497278799	0.4453802497278799	0.0	0.856309952340368	0.8478882606940981	0.24197735876780263	0.12586496895236202	17	JUND	10000
33	JUND	Single best mono PWM	mono	0.8547937621971302	0.856309952340368	0.8478882606940981	0.0	0.0	0.0	0.8478882606940981	0.8478882606940981	0.8478882606940981	0.0	0.856309952340368	0.856309952340368	0.856309952340368	0.0	0.8547937621971302	0.8547937621971302	0.8547937621971302	0.0	0.2855330252393226	0.24197735876780263	0.11722401992728441	0.0	0.0	0.0	0.11722401992728441	0.11722401992728441	0.11722401992728441	0.0	0.24197735876780263	0.24197735876780263	0.24197735876780263	0.0	0.2855330252393226	0.2855330252393226	0.2855330252393226	0.0	0.856309952340368	0.8478882606940981	0.24197735876780263	0.11722401992728441	17	JUND	10000
33	JUND	BaggingClassifier_XGBClassifier	mono	0.8547937621971302	0.856309952340368	0.8478882606940981	0.8547937621971302	0.856309952340368	0.8478882606940981	0.8557863317613627	0.8557863317613627	0.8557863317613627	0.0	0.8697193930609518	0.8697193930609518	0.8697193930609518	0.0	0.9174655899601335	0.9174655899601335	0.9174655899601335	0.0	0.2855330252393226	0.24197735876780263	0.11722401992728441	0.2855330252393226	0.24197735876780263	0.11722401992728441	0.14753519459169434	0.14753519459169434	0.14753519459169434	0.0	0.23517543070707958	0.23517543070707958	0.23517543070707958	0.0	0.42154630277000116	0.42154630277000116	0.42154630277000116	0.0	0.856309952340368	0.8478882606940981	0.24197735876780263	0.11722401992728441	17	JUND	10000
17	JUND	Single best di PWM	di	0.0	0.0	0.0	0.8551543187057892	0.8558352297653022	0.8470243946062299	0.8470243946062299	0.8470243946062299	0.8470243946062299	0.0	0.8558352297653022	0.8558352297653022	0.8558352297653022	0.0	0.8551543187057892	0.8551543187057892	0.8551543187057892	0.0	0.0	0.0	0.0	0.285202101789512	0.23885675872016893	0.12586496895236202	0.12586496895236202	0.12586496895236202	0.12586496895236202	0.0	0.23885675872016893	0.23885675872016893	0.23885675872016893	0.0	0.285202101789512	0.285202101789512	0.285202101789512	0.0	0.8558352297653022	0.8470243946062299	0.23885675872016893	0.12586496895236202	17	JUND	10000
17	JUND	BaggingClassifier_XGBClassifier	di	0.8551543187057892	0.8558352297653022	0.8470243946062299	0.8551543187057892	0.8558352297653022	0.8470243946062299	0.8599835870380398	0.8599835870380398	0.8599835870380398	0.0	0.8698354897416004	0.8698354897416004	0.8698354897416004	0.0	0.9128428436948517	0.9128428436948517	0.9128428436948517	0.0	0.285202101789512	0.23885675872016893	0.12586496895236202	0.285202101789512	0.23885675872016893	0.12586496895236202	0.13099687885547556	0.13099687885547556	0.13099687885547556	0.0	0.23588104637416077	0.23588104637416077	0.23588104637416077	0.0	0.44403296543101334	0.44403296543101334	0.44403296543101334	0.0	0.8558352297653022	0.8470243946062299	0.23885675872016893	0.12586496895236202	17	JUND	10000
33	JUND	BaggingClassifier_XGBClassifier	mono+di	0.0	0.856309952340368	0.8478882606940981	0.0	0.856309952340368	0.8478882606940981	0.8614534076614966	0.8614534076614966	0.8614534076614966	0.0	0.8731224640829514	0.8731224640829514	0.8731224640829514	0.0	0.9213492786180928	0.9213492786180928	0.9213492786180928	0.0	0.0	0.24197735876780263	0.12586496895236202	0.0	0.24197735876780263	0.12586496895236202	0.15137418077640494	0.15137418077640494	0.15137418077640494	0.0	0.25233241585616206	0.25233241585616206	0.25233241585616206	0.0	0.4598266584014635	0.4598266584014635	0.4598266584014635	0.0	0.856309952340368	0.8478882606940981	0.24197735876780263	0.12586496895236202	17	JUND	10000
33	JUND	Single best mono PWM	mono	0.8547937621971302	0.856309952340368	0.8478882606940981	0.0	0.0	0.0	0.8478882606940981	0.8478882606940981	0.8478882606940981	0.0	0.856309952340368	0.856309952340368	0.856309952340368	0.0	0.8547937621971302	0.8547937621971302	0.8547937621971302	0.0	0.2855330252393226	0.24197735876780263	0.11722401992728441	0.0	0.0	0.0	0.11722401992728441	0.11722401992728441	0.11722401992728441	0.0	0.24197735876780263	0.24197735876780263	0.24197735876780263	0.0	0.2855330252393226	0.2855330252393226	0.2855330252393226	0.0	0.856309952340368	0.8478882606940981	0.24197735876780263	0.11722401992728441	17	JUND	10000
33	JUND	BaggingClassifier_LogisticRegression	mono	0.8547937621971302	0.856309952340368	0.8478882606940981	0.8547937621971302	0.856309952340368	0.8478882606940981	0.8538381030961795	0.8538381030961795	0.8538381030961795	0.0	0.8669368248699777	0.8669368248699777	0.8669368248699777	0.0	0.8644424243839374	0.8644424243839374	0.8644424243839374	0.0	0.2855330252393226	0.24197735876780263	0.11722401992728441	0.2855330252393226	0.24197735876780263	0.11722401992728441	0.13084412421072908	0.13084412421072908	0.13084412421072908	0.0	0.24803504721790687	0.24803504721790687	0.24803504721790687	0.0	0.30499986693195436	0.30499986693195436	0.30499986693195436	0.0	0.856309952340368	0.8478882606940981	0.24197735876780263	0.11722401992728441	17	JUND	10000
17	JUND	Single best di PWM	di	0.0	0.0	0.0	0.8551543187057892	0.8558352297653022	0.8470243946062299	0.8470243946062299	0.8470243946062299	0.8470243946062299	0.0	0.8558352297653022	0.8558352297653022	0.8558352297653022	0.0	0.8551543187057892	0.8551543187057892	0.8551543187057892	0.0	0.0	0.0	0.0	0.285202101789512	0.23885675872016893	0.12586496895236202	0.12586496895236202	0.12586496895236202	0.12586496895236202	0.0	0.23885675872016893	0.23885675872016893	0.23885675872016893	0.0	0.285202101789512	0.285202101789512	0.285202101789512	0.0	0.8558352297653022	0.8470243946062299	0.23885675872016893	0.12586496895236202	17	JUND	10000
17	JUND	BaggingClassifier_LogisticRegression	di	0.8551543187057892	0.8558352297653022	0.8470243946062299	0.8551543187057892	0.8558352297653022	0.8470243946062299	0.8512338415562616	0.8512338415562616	0.8512338415562616	0.0	0.8663409915492292	0.8663409915492292	0.8663409915492292	0.0	0.8637470178784735	0.8637470178784735	0.8637470178784735	0.0	0.285202101789512	0.23885675872016893	0.12586496895236202	0.285202101789512	0.23885675872016893	0.12586496895236202	0.1287710749770573	0.1287710749770573	0.1287710749770573	0.0	0.2436572474130495	0.2436572474130495	0.2436572474130495	0.0	0.2978684392034671	0.2978684392034671	0.2978684392034671	0.0	0.8558352297653022	0.8470243946062299	0.23885675872016893	0.12586496895236202	17	JUND	10000
33	JUND	BaggingClassifier_LogisticRegression	mono+di	0.0	0.856309952340368	0.8478882606940981	0.0	0.856309952340368	0.8478882606940981	0.8544091553284473	0.8544091553284473	0.8544091553284473	0.0	0.8700422714385905	0.8700422714385905	0.8700422714385905	0.0	0.8679294188635839	0.8679294188635839	0.8679294188635839	0.0	0.0	0.24197735876780263	0.12586496895236202	0.0	0.24197735876780263	0.12586496895236202	0.13703167943099684	0.13703167943099684	0.13703167943099684	0.0	0.25815991642525105	0.25815991642525105	0.25815991642525105	0.0	0.31345996330266934	0.31345996330266934	0.31345996330266934	0.0	0.856309952340368	0.8478882606940981	0.24197735876780263	0.12586496895236202	17	JUND	10000
6	MAFK	Single best mono PWM	mono	0.8177727405895269	0.8082991042005166	0.9087750398307273	0.0	0.0	0.0	0.9087750398307273	0.9087750398307273	0.9087750398307273	0.0	0.8082991042005166	0.8082991042005166	0.8082991042005166	0.0	0.8177727405895269	0.8177727405895269	0.8177727405895269	0.0	0.3245221568145856	0.27085184463710876	0.5334027439052422	0.0	0.0	0.0	0.5334027439052422	0.5334027439052422	0.5334027439052422	0.0	0.27085184463710876	0.27085184463710876	0.27085184463710876	0.0	0.3245221568145856	0.3245221568145856	0.3245221568145856	0.0	0.8082991042005166	0.9087750398307273	0.27085184463710876	0.5334027439052422	19	MAFK	2458
6	MAFK	RandomForestClassifier	mono	0.8177727405895269	0.8082991042005166	0.9087750398307273	0.8177727405895269	0.8082991042005166	0.9087750398307273	0.9284438198074791	0.9284438198074791	0.9284438198074791	0.0	0.8397338530265698	0.8397338530265698	0.8397338530265698	0.0	0.8717796105668959	0.8717796105668959	0.8717796105668959	0.0	0.3245221568145856	0.27085184463710876	0.5334027439052422	0.3245221568145856	0.27085184463710876	0.5334027439052422	0.5814502347440149	0.5814502347440149	0.5814502347440149	0.0	0.346651952076255	0.346651952076255	0.346651952076255	0.0	0.4666121409020074	0.4666121409020074	0.4666121409020074	0.0	0.8082991042005166	0.9087750398307273	0.27085184463710876	0.5334027439052422	19	MAFK	2458
3	MAFK	Single best di PWM	di	0.0	0.0	0.0	0.8741140921213512	0.8540467732519796	0.940349306407072	0.940349306407072	0.940349306407072	0.940349306407072	0.0	0.8540467732519796	0.8540467732519796	0.8540467732519796	0.0	0.8741140921213512	0.8741140921213512	0.8741140921213512	0.0	0.0	0.0	0.0	0.418387244609129	0.38313424771611576	0.6290363875893248	0.6290363875893248	0.6290363875893248	0.6290363875893248	0.0	0.38313424771611576	0.38313424771611576	0.38313424771611576	0.0	0.418387244609129	0.418387244609129	0.418387244609129	0.0	0.8540467732519796	0.940349306407072	0.38313424771611576	0.6290363875893248	19	MAFK	2458
3	MAFK	RandomForestClassifier	di	0.8741140921213512	0.8540467732519796	0.940349306407072	0.8741140921213512	0.8540467732519796	0.940349306407072	0.9338645996171011	0.9338645996171011	0.9338645996171011	0.0	0.8596055779661429	0.8596055779661429	0.8596055779661429	0.0	0.8808170007250187	0.8808170007250187	0.8808170007250187	0.0	0.418387244609129	0.38313424771611576	0.6290363875893248	0.418387244609129	0.38313424771611576	0.6290363875893248	0.6367009940103753	0.6367009940103753	0.6367009940103753	0.0	0.42348142637488256	0.42348142637488256	0.42348142637488256	0.0	0.5356782307707354	0.5356782307707354	0.5356782307707354	0.0	0.8540467732519796	0.940349306407072	0.38313424771611576	0.6290363875893248	19	MAFK	2458
6	MAFK	RandomForestClassifier	mono+di	0.0	0.8540467732519796	0.940349306407072	0.0	0.8540467732519796	0.940349306407072	0.940991286069436	0.940991286069436	0.940991286069436	0.0	0.8578873970732181	0.8578873970732181	0.8578873970732181	0.0	0.8901331901942447	0.8901331901942447	0.8901331901942447	0.0	0.0	0.38313424771611576	0.6290363875893248	0.0	0.38313424771611576	0.6290363875893248	0.6580669071382138	0.6580669071382138	0.6580669071382138	0.0	0.45359623179403086	0.45359623179403086	0.45359623179403086	0.0	0.576041372436898	0.576041372436898	0.576041372436898	0.0	0.8540467732519796	0.940349306407072	0.38313424771611576	0.6290363875893248	19	MAFK	2458
6	MAFK	Single best mono PWM	mono	0.8177727405895269	0.8082991042005166	0.9087750398307273	0.0	0.0	0.0	0.9087750398307273	0.9087750398307273	0.9087750398307273	0.0	0.8082991042005166	0.8082991042005166	0.8082991042005166	0.0	0.8177727405895269	0.8177727405895269	0.8177727405895269	0.0	0.3245221568145856	0.27085184463710876	0.5334027439052422	0.0	0.0	0.0	0.5334027439052422	0.5334027439052422	0.5334027439052422	0.0	0.27085184463710876	0.27085184463710876	0.27085184463710876	0.0	0.3245221568145856	0.3245221568145856	0.3245221568145856	0.0	0.8082991042005166	0.9087750398307273	0.27085184463710876	0.5334027439052422	19	MAFK	2458
6	MAFK	LogisticRegression	mono	0.8177727405895269	0.8082991042005166	0.9087750398307273	0.8177727405895269	0.8082991042005166	0.9087750398307273	0.9180241450325268	0.9180241450325268	0.9180241450325268	0.0	0.8313602225953375	0.8313602225953375	0.8313602225953375	0.0	0.8354587864002636	0.8354587864002636	0.8354587864002636	0.0	0.3245221568145856	0.27085184463710876	0.5334027439052422	0.3245221568145856	0.27085184463710876	0.5334027439052422	0.5726366170510963	0.5726366170510963	0.5726366170510963	0.0	0.31863372167399745	0.31863372167399745	0.31863372167399745	0.0	0.3669267171152343	0.3669267171152343	0.3669267171152343	0.0	0.8082991042005166	0.9087750398307273	0.27085184463710876	0.5334027439052422	19	MAFK	2458
3	MAFK	Single best di PWM	di	0.0	0.0	0.0	0.8741140921213512	0.8540467732519796	0.940349306407072	0.940349306407072	0.940349306407072	0.940349306407072	0.0	0.8540467732519796	0.8540467732519796	0.8540467732519796	0.0	0.8741140921213512	0.8741140921213512	0.8741140921213512	0.0	0.0	0.0	0.0	0.418387244609129	0.38313424771611576	0.6290363875893248	0.6290363875893248	0.6290363875893248	0.6290363875893248	0.0	0.38313424771611576	0.38313424771611576	0.38313424771611576	0.0	0.418387244609129	0.418387244609129	0.418387244609129	0.0	0.8540467732519796	0.940349306407072	0.38313424771611576	0.6290363875893248	19	MAFK	2458
3	MAFK	LogisticRegression	di	0.8741140921213512	0.8540467732519796	0.940349306407072	0.8741140921213512	0.8540467732519796	0.940349306407072	0.9394322925616022	0.9394322925616022	0.9394322925616022	0.0	0.8620001110308504	0.8620001110308504	0.8620001110308504	0.0	0.8766415113859722	0.8766415113859722	0.8766415113859722	0.0	0.418387244609129	0.38313424771611576	0.6290363875893248	0.418387244609129	0.38313424771611576	0.6290363875893248	0.64895322259427	0.64895322259427	0.64895322259427	0.0	0.4213560146579087	0.4213560146579087	0.4213560146579087	0.0	0.4568208566152216	0.4568208566152216	0.4568208566152216	0.0	0.8540467732519796	0.940349306407072	0.38313424771611576	0.6290363875893248	19	MAFK	2458
6	MAFK	LogisticRegression	mono+di	0.0	0.8540467732519796	0.940349306407072	0.0	0.8540467732519796	0.940349306407072	0.9435850063538244	0.9435850063538244	0.9435850063538244	0.0	0.8629020215145942	0.8629020215145942	0.8629020215145942	0.0	0.8800683150967742	0.8800683150967742	0.8800683150967742	0.0	0.0	0.38313424771611576	0.6290363875893248	0.0	0.38313424771611576	0.6290363875893248	0.6654530657274419	0.6654530657274419	0.6654530657274419	0.0	0.4569531290696234	0.4569531290696234	0.4569531290696234	0.0	0.48202324348393893	0.48202324348393893	0.48202324348393893	0.0	0.8540467732519796	0.940349306407072	0.38313424771611576	0.6290363875893248	19	MAFK	2458
6	MAFK	Single best mono PWM	mono	0.8177727405895269	0.8082991042005166	0.9087750398307273	0.0	0.0	0.0	0.9087750398307273	0.9087750398307273	0.9087750398307273	0.0	0.8082991042005166	0.8082991042005166	0.8082991042005166	0.0	0.8177727405895269	0.8177727405895269	0.8177727405895269	0.0	0.3245221568145856	0.27085184463710876	0.5334027439052422	0.0	0.0	0.0	0.5334027439052422	0.5334027439052422	0.5334027439052422	0.0	0.27085184463710876	0.27085184463710876	0.27085184463710876	0.0	0.3245221568145856	0.3245221568145856	0.3245221568145856	0.0	0.8082991042005166	0.9087750398307273	0.27085184463710876	0.5334027439052422	19	MAFK	2458
6	MAFK	XGBClassifier	mono	0.8177727405895269	0.8082991042005166	0.9087750398307273	0.8177727405895269	0.8082991042005166	0.9087750398307273	0.9323465013882654	0.9323465013882654	0.9323465013882654	0.0	0.8479563760649332	0.8479563760649332	0.8479563760649332	0.0	0.9240028181145842	0.9240028181145842	0.9240028181145842	0.0	0.3245221568145856	0.27085184463710876	0.5334027439052422	0.3245221568145856	0.27085184463710876	0.5334027439052422	0.5931962716026911	0.5931962716026911	0.5931962716026911	0.0	0.35335876690420726	0.35335876690420726	0.35335876690420726	0.0	0.5101145549630248	0.5101145549630248	0.5101145549630248	0.0	0.8082991042005166	0.9087750398307273	0.27085184463710876	0.5334027439052422	19	MAFK	2458
3	MAFK	Single best di PWM	di	0.0	0.0	0.0	0.8741140921213512	0.8540467732519796	0.940349306407072	0.940349306407072	0.940349306407072	0.940349306407072	0.0	0.8540467732519796	0.8540467732519796	0.8540467732519796	0.0	0.8741140921213512	0.8741140921213512	0.8741140921213512	0.0	0.0	0.0	0.0	0.418387244609129	0.38313424771611576	0.6290363875893248	0.6290363875893248	0.6290363875893248	0.6290363875893248	0.0	0.38313424771611576	0.38313424771611576	0.38313424771611576	0.0	0.418387244609129	0.418387244609129	0.418387244609129	0.0	0.8540467732519796	0.940349306407072	0.38313424771611576	0.6290363875893248	19	MAFK	2458
3	MAFK	XGBClassifier	di	0.8741140921213512	0.8540467732519796	0.940349306407072	0.8741140921213512	0.8540467732519796	0.940349306407072	0.9361984793203583	0.9361984793203583	0.9361984793203583	0.0	0.8582444279619578	0.8582444279619578	0.8582444279619578	0.0	0.9275474941097912	0.9275474941097912	0.9275474941097912	0.0	0.418387244609129	0.38313424771611576	0.6290363875893248	0.418387244609129	0.38313424771611576	0.6290363875893248	0.606187750932597	0.606187750932597	0.606187750932597	0.0	0.4088496546857771	0.4088496546857771	0.4088496546857771	0.0	0.5714277415230419	0.5714277415230419	0.5714277415230419	0.0	0.8540467732519796	0.940349306407072	0.38313424771611576	0.6290363875893248	19	MAFK	2458
6	MAFK	XGBClassifier	mono+di	0.0	0.8540467732519796	0.940349306407072	0.0	0.8540467732519796	0.940349306407072	0.9483871841567516	0.9483871841567516	0.9483871841567516	0.0	0.8568589630622309	0.8568589630622309	0.8568589630622309	0.0	0.9421879403469493	0.9421879403469493	0.9421879403469493	0.0	0.0	0.38313424771611576	0.6290363875893248	0.0	0.38313424771611576	0.6290363875893248	0.6614768821299105	0.6614768821299105	0.6614768821299105	0.0	0.44699596689026916	0.44699596689026916	0.44699596689026916	0.0	0.6379061362178355	0.6379061362178355	0.6379061362178355	0.0	0.8540467732519796	0.940349306407072	0.38313424771611576	0.6290363875893248	19	MAFK	2458
6	MAFK	Single best mono PWM	mono	0.8177727405895269	0.8082991042005166	0.9087750398307273	0.0	0.0	0.0	0.9087750398307273	0.9087750398307273	0.9087750398307273	0.0	0.8082991042005166	0.8082991042005166	0.8082991042005166	0.0	0.8177727405895269	0.8177727405895269	0.8177727405895269	0.0	0.3245221568145856	0.27085184463710876	0.5334027439052422	0.0	0.0	0.0	0.5334027439052422	0.5334027439052422	0.5334027439052422	0.0	0.27085184463710876	0.27085184463710876	0.27085184463710876	0.0	0.3245221568145856	0.3245221568145856	0.3245221568145856	0.0	0.8082991042005166	0.9087750398307273	0.27085184463710876	0.5334027439052422	19	MAFK	2458
6	MAFK	BaggingClassifier_XGBClassifier	mono	0.8177727405895269	0.8082991042005166	0.9087750398307273	0.8177727405895269	0.8082991042005166	0.9087750398307273	0.9319807678986379	0.9319807678986379	0.9319807678986379	0.0	0.8473162810603962	0.8473162810603962	0.8473162810603962	0.0	0.9481985171426921	0.9481985171426921	0.9481985171426921	0.0	0.3245221568145856	0.27085184463710876	0.5334027439052422	0.3245221568145856	0.27085184463710876	0.5334027439052422	0.6033011353178066	0.6033011353178066	0.6033011353178066	0.0	0.3564752261292862	0.3564752261292862	0.3564752261292862	0.0	0.5302273557382283	0.5302273557382283	0.5302273557382283	0.0	0.8082991042005166	0.9087750398307273	0.27085184463710876	0.5334027439052422	19	MAFK	2458
3	MAFK	Single best di PWM	di	0.0	0.0	0.0	0.8741140921213512	0.8540467732519796	0.940349306407072	0.940349306407072	0.940349306407072	0.940349306407072	0.0	0.8540467732519796	0.8540467732519796	0.8540467732519796	0.0	0.8741140921213512	0.8741140921213512	0.8741140921213512	0.0	0.0	0.0	0.0	0.418387244609129	0.38313424771611576	0.6290363875893248	0.6290363875893248	0.6290363875893248	0.6290363875893248	0.0	0.38313424771611576	0.38313424771611576	0.38313424771611576	0.0	0.418387244609129	0.418387244609129	0.418387244609129	0.0	0.8540467732519796	0.940349306407072	0.38313424771611576	0.6290363875893248	19	MAFK	2458
3	MAFK	BaggingClassifier_XGBClassifier	di	0.8741140921213512	0.8540467732519796	0.940349306407072	0.8741140921213512	0.8540467732519796	0.940349306407072	0.9347993185069767	0.9347993185069767	0.9347993185069767	0.0	0.8570290059489728	0.8570290059489728	0.8570290059489728	0.0	0.947647014532908	0.947647014532908	0.947647014532908	0.0	0.418387244609129	0.38313424771611576	0.6290363875893248	0.418387244609129	0.38313424771611576	0.6290363875893248	0.6230668190901438	0.6230668190901438	0.6230668190901438	0.0	0.4092045537874685	0.4092045537874685	0.4092045537874685	0.0	0.582810599501112	0.582810599501112	0.582810599501112	0.0	0.8540467732519796	0.940349306407072	0.38313424771611576	0.6290363875893248	19	MAFK	2458
6	MAFK	BaggingClassifier_XGBClassifier	mono+di	0.0	0.8540467732519796	0.940349306407072	0.0	0.8540467732519796	0.940349306407072	0.9423678439009333	0.9423678439009333	0.9423678439009333	0.0	0.8595511922152741	0.8595511922152741	0.8595511922152741	0.0	0.9695603621783212	0.9695603621783212	0.9695603621783212	0.0	0.0	0.38313424771611576	0.6290363875893248	0.0	0.38313424771611576	0.6290363875893248	0.6702703034302239	0.6702703034302239	0.6702703034302239	0.0	0.4704091653862821	0.4704091653862821	0.4704091653862821	0.0	0.6627785931930118	0.6627785931930118	0.6627785931930118	0.0	0.8540467732519796	0.940349306407072	0.38313424771611576	0.6290363875893248	19	MAFK	2458
6	MAFK	Single best mono PWM	mono	0.8177727405895269	0.8082991042005166	0.9087750398307273	0.0	0.0	0.0	0.9087750398307273	0.9087750398307273	0.9087750398307273	0.0	0.8082991042005166	0.8082991042005166	0.8082991042005166	0.0	0.8177727405895269	0.8177727405895269	0.8177727405895269	0.0	0.3245221568145856	0.27085184463710876	0.5334027439052422	0.0	0.0	0.0	0.5334027439052422	0.5334027439052422	0.5334027439052422	0.0	0.27085184463710876	0.27085184463710876	0.27085184463710876	0.0	0.3245221568145856	0.3245221568145856	0.3245221568145856	0.0	0.8082991042005166	0.9087750398307273	0.27085184463710876	0.5334027439052422	19	MAFK	2458
6	MAFK	BaggingClassifier_LogisticRegression	mono	0.8177727405895269	0.8082991042005166	0.9087750398307273	0.8177727405895269	0.8082991042005166	0.9087750398307273	0.9181985216025532	0.9181985216025532	0.9181985216025532	0.0	0.8313555963099026	0.8313555963099026	0.8313555963099026	0.0	0.835434339778005	0.835434339778005	0.835434339778005	0.0	0.3245221568145856	0.27085184463710876	0.5334027439052422	0.3245221568145856	0.27085184463710876	0.5334027439052422	0.5731911227960877	0.5731911227960877	0.5731911227960877	0.0	0.3176395008221623	0.3176395008221623	0.3176395008221623	0.0	0.36703179864785	0.36703179864785	0.36703179864785	0.0	0.8082991042005166	0.9087750398307273	0.27085184463710876	0.5334027439052422	19	MAFK	2458
3	MAFK	Single best di PWM	di	0.0	0.0	0.0	0.8741140921213512	0.8540467732519796	0.940349306407072	0.940349306407072	0.940349306407072	0.940349306407072	0.0	0.8540467732519796	0.8540467732519796	0.8540467732519796	0.0	0.8741140921213512	0.8741140921213512	0.8741140921213512	0.0	0.0	0.0	0.0	0.418387244609129	0.38313424771611576	0.6290363875893248	0.6290363875893248	0.6290363875893248	0.6290363875893248	0.0	0.38313424771611576	0.38313424771611576	0.38313424771611576	0.0	0.418387244609129	0.418387244609129	0.418387244609129	0.0	0.8540467732519796	0.940349306407072	0.38313424771611576	0.6290363875893248	19	MAFK	2458
3	MAFK	BaggingClassifier_LogisticRegression	di	0.8741140921213512	0.8540467732519796	0.940349306407072	0.8741140921213512	0.8540467732519796	0.940349306407072	0.9394616302075196	0.9394616302075196	0.9394616302075196	0.0	0.8619004845119496	0.8619004845119496	0.8619004845119496	0.0	0.8766701696236033	0.8766701696236033	0.8766701696236033	0.0	0.418387244609129	0.38313424771611576	0.6290363875893248	0.418387244609129	0.38313424771611576	0.6290363875893248	0.649344730546954	0.649344730546954	0.649344730546954	0.0	0.4209544318004704	0.4209544318004704	0.4209544318004704	0.0	0.45645069302055047	0.45645069302055047	0.45645069302055047	0.0	0.8540467732519796	0.940349306407072	0.38313424771611576	0.6290363875893248	19	MAFK	2458
6	MAFK	BaggingClassifier_LogisticRegression	mono+di	0.0	0.8540467732519796	0.940349306407072	0.0	0.8540467732519796	0.940349306407072	0.9436694457963751	0.9436694457963751	0.9436694457963751	0.0	0.862881902552354	0.862881902552354	0.862881902552354	0.0	0.8800072683336104	0.8800072683336104	0.8800072683336104	0.0	0.0	0.38313424771611576	0.6290363875893248	0.0	0.38313424771611576	0.6290363875893248	0.6660656414081978	0.6660656414081978	0.6660656414081978	0.0	0.45768508887531306	0.45768508887531306	0.45768508887531306	0.0	0.48211270602551004	0.48211270602551004	0.48211270602551004	0.0	0.8540467732519796	0.940349306407072	0.38313424771611576	0.6290363875893248	19	MAFK	2458
42	MAX	Single best mono PWM	mono	0.8956154186052019	0.8892363480838157	0.8608015164539937	0.0	0.0	0.0	0.8608015164539937	0.8608015164539937	0.8608015164539937	0.0	0.8892363480838157	0.8892363480838157	0.8892363480838157	0.0	0.8956154186052019	0.8956154186052019	0.8956154186052019	0.0	0.3941668621238269	0.4490968831687415	0.14709680709941153	0.0	0.0	0.0	0.14709680709941153	0.14709680709941153	0.14709680709941153	0.0	0.4490968831687415	0.4490968831687415	0.4490968831687415	0.0	0.3941668621238269	0.3941668621238269	0.3941668621238269	0.0	0.8892363480838157	0.8608015164539937	0.4490968831687415	0.14709680709941153	20	MAX	10000
42	MAX	RandomForestClassifier	mono	0.8956154186052019	0.8892363480838157	0.8608015164539937	0.8956154186052019	0.8892363480838157	0.8608015164539937	0.8655876890978083	0.8655876890978083	0.8655876890978083	0.0	0.9109682324918127	0.9109682324918127	0.9109682324918127	0.0	0.9262078695647027	0.9262078695647027	0.9262078695647027	0.0	0.3941668621238269	0.4490968831687415	0.14709680709941153	0.3941668621238269	0.4490968831687415	0.14709680709941153	0.16199096963696186	0.16199096963696186	0.16199096963696186	0.0	0.5199730461003397	0.5199730461003397	0.5199730461003397	0.0	0.5149998338742896	0.5149998338742896	0.5149998338742896	0.0	0.8892363480838157	0.8608015164539937	0.4490968831687415	0.14709680709941153	20	MAX	10000
21	MAX	Single best di PWM	di	0.0	0.0	0.0	0.8970726278841259	0.8978638973920323	0.8598502056621746	0.8598502056621746	0.8598502056621746	0.8598502056621746	0.0	0.8978638973920323	0.8978638973920323	0.8978638973920323	0.0	0.8970726278841259	0.8970726278841259	0.8970726278841259	0.0	0.0	0.0	0.0	0.39980227515310296	0.5072778269235289	0.13374831238009044	0.13374831238009044	0.13374831238009044	0.13374831238009044	0.0	0.5072778269235289	0.5072778269235289	0.5072778269235289	0.0	0.39980227515310296	0.39980227515310296	0.39980227515310296	0.0	0.8978638973920323	0.8598502056621746	0.5072778269235289	0.13374831238009044	20	MAX	10000
21	MAX	RandomForestClassifier	di	0.8970726278841259	0.8978638973920323	0.8598502056621746	0.8970726278841259	0.8978638973920323	0.8598502056621746	0.8681715687596561	0.8681715687596561	0.8681715687596561	0.0	0.9097665816741478	0.9097665816741478	0.9097665816741478	0.0	0.9225295172307656	0.9225295172307656	0.9225295172307656	0.0	0.39980227515310296	0.5072778269235289	0.13374831238009044	0.39980227515310296	0.5072778269235289	0.13374831238009044	0.15094158152318882	0.15094158152318882	0.15094158152318882	0.0	0.5358955527871626	0.5358955527871626	0.5358955527871626	0.0	0.5251771128225332	0.5251771128225332	0.5251771128225332	0.0	0.8978638973920323	0.8598502056621746	0.5072778269235289	0.13374831238009044	20	MAX	10000
42	MAX	RandomForestClassifier	mono+di	0.0	0.8978638973920323	0.8608015164539937	0.0	0.8978638973920323	0.8608015164539937	0.8690437122492796	0.8690437122492796	0.8690437122492796	0.0	0.9133180306116604	0.9133180306116604	0.9133180306116604	0.0	0.9281417835706929	0.9281417835706929	0.9281417835706929	0.0	0.0	0.5072778269235289	0.14709680709941153	0.0	0.5072778269235289	0.14709680709941153	0.16186913105352618	0.16186913105352618	0.16186913105352618	0.0	0.5363358761785604	0.5363358761785604	0.5363358761785604	0.0	0.5337180599174477	0.5337180599174477	0.5337180599174477	0.0	0.8978638973920323	0.8608015164539937	0.5072778269235289	0.14709680709941153	20	MAX	10000
42	MAX	Single best mono PWM	mono	0.8956154186052019	0.8892363480838157	0.8608015164539937	0.0	0.0	0.0	0.8608015164539937	0.8608015164539937	0.8608015164539937	0.0	0.8892363480838157	0.8892363480838157	0.8892363480838157	0.0	0.8956154186052019	0.8956154186052019	0.8956154186052019	0.0	0.3941668621238269	0.4490968831687415	0.14709680709941153	0.0	0.0	0.0	0.14709680709941153	0.14709680709941153	0.14709680709941153	0.0	0.4490968831687415	0.4490968831687415	0.4490968831687415	0.0	0.3941668621238269	0.3941668621238269	0.3941668621238269	0.0	0.8892363480838157	0.8608015164539937	0.4490968831687415	0.14709680709941153	20	MAX	10000
42	MAX	LogisticRegression	mono	0.8956154186052019	0.8892363480838157	0.8608015164539937	0.8956154186052019	0.8892363480838157	0.8608015164539937	0.8680900359288386	0.8680900359288386	0.8680900359288386	0.0	0.911885441753602	0.911885441753602	0.911885441753602	0.0	0.9176782934379847	0.9176782934379847	0.9176782934379847	0.0	0.3941668621238269	0.4490968831687415	0.14709680709941153	0.3941668621238269	0.4490968831687415	0.14709680709941153	0.16083546196800283	0.16083546196800283	0.16083546196800283	0.0	0.5123659250799508	0.5123659250799508	0.5123659250799508	0.0	0.44688640449138695	0.44688640449138695	0.44688640449138695	0.0	0.8892363480838157	0.8608015164539937	0.4490968831687415	0.14709680709941153	20	MAX	10000
21	MAX	Single best di PWM	di	0.0	0.0	0.0	0.8970726278841259	0.8978638973920323	0.8598502056621746	0.8598502056621746	0.8598502056621746	0.8598502056621746	0.0	0.8978638973920323	0.8978638973920323	0.8978638973920323	0.0	0.8970726278841259	0.8970726278841259	0.8970726278841259	0.0	0.0	0.0	0.0	0.39980227515310296	0.5072778269235289	0.13374831238009044	0.13374831238009044	0.13374831238009044	0.13374831238009044	0.0	0.5072778269235289	0.5072778269235289	0.5072778269235289	0.0	0.39980227515310296	0.39980227515310296	0.39980227515310296	0.0	0.8978638973920323	0.8598502056621746	0.5072778269235289	0.13374831238009044	20	MAX	10000
21	MAX	LogisticRegression	di	0.8970726278841259	0.8978638973920323	0.8598502056621746	0.8970726278841259	0.8978638973920323	0.8598502056621746	0.8658765810513396	0.8658765810513396	0.8658765810513396	0.0	0.9114279329778436	0.9114279329778436	0.9114279329778436	0.0	0.914244986445052	0.914244986445052	0.914244986445052	0.0	0.39980227515310296	0.5072778269235289	0.13374831238009044	0.39980227515310296	0.5072778269235289	0.13374831238009044	0.1441833062442384	0.1441833062442384	0.1441833062442384	0.0	0.5350340200668013	0.5350340200668013	0.5350340200668013	0.0	0.4400996198182961	0.4400996198182961	0.4400996198182961	0.0	0.8978638973920323	0.8598502056621746	0.5072778269235289	0.13374831238009044	20	MAX	10000
42	MAX	LogisticRegression	mono+di	0.0	0.8978638973920323	0.8608015164539937	0.0	0.8978638973920323	0.8608015164539937	0.8737742312286947	0.8737742312286947	0.8737742312286947	0.0	0.9165849654734723	0.9165849654734723	0.9165849654734723	0.0	0.9224044379136035	0.9224044379136035	0.9224044379136035	0.0	0.0	0.5072778269235289	0.14709680709941153	0.0	0.5072778269235289	0.14709680709941153	0.1720146850671526	0.1720146850671526	0.1720146850671526	0.0	0.5415438136819344	0.5415438136819344	0.5415438136819344	0.0	0.4663706971687897	0.4663706971687897	0.4663706971687897	0.0	0.8978638973920323	0.8608015164539937	0.5072778269235289	0.14709680709941153	20	MAX	10000
42	MAX	Single best mono PWM	mono	0.8956154186052019	0.8892363480838157	0.8608015164539937	0.0	0.0	0.0	0.8608015164539937	0.8608015164539937	0.8608015164539937	0.0	0.8892363480838157	0.8892363480838157	0.8892363480838157	0.0	0.8956154186052019	0.8956154186052019	0.8956154186052019	0.0	0.3941668621238269	0.4490968831687415	0.14709680709941153	0.0	0.0	0.0	0.14709680709941153	0.14709680709941153	0.14709680709941153	0.0	0.4490968831687415	0.4490968831687415	0.4490968831687415	0.0	0.3941668621238269	0.3941668621238269	0.3941668621238269	0.0	0.8892363480838157	0.8608015164539937	0.4490968831687415	0.14709680709941153	20	MAX	10000
42	MAX	XGBClassifier	mono	0.8956154186052019	0.8892363480838157	0.8608015164539937	0.8956154186052019	0.8892363480838157	0.8608015164539937	0.8653688989475635	0.8653688989475635	0.8653688989475635	0.0	0.913597041238404	0.913597041238404	0.913597041238404	0.0	0.944794023096684	0.944794023096684	0.944794023096684	0.0	0.3941668621238269	0.4490968831687415	0.14709680709941153	0.3941668621238269	0.4490968831687415	0.14709680709941153	0.1387202676229304	0.1387202676229304	0.1387202676229304	0.0	0.5065082748649522	0.5065082748649522	0.5065082748649522	0.0	0.5785194153897217	0.5785194153897217	0.5785194153897217	0.0	0.8892363480838157	0.8608015164539937	0.4490968831687415	0.14709680709941153	20	MAX	10000
21	MAX	Single best di PWM	di	0.0	0.0	0.0	0.8970726278841259	0.8978638973920323	0.8598502056621746	0.8598502056621746	0.8598502056621746	0.8598502056621746	0.0	0.8978638973920323	0.8978638973920323	0.8978638973920323	0.0	0.8970726278841259	0.8970726278841259	0.8970726278841259	0.0	0.0	0.0	0.0	0.39980227515310296	0.5072778269235289	0.13374831238009044	0.13374831238009044	0.13374831238009044	0.13374831238009044	0.0	0.5072778269235289	0.5072778269235289	0.5072778269235289	0.0	0.39980227515310296	0.39980227515310296	0.39980227515310296	0.0	0.8978638973920323	0.8598502056621746	0.5072778269235289	0.13374831238009044	20	MAX	10000
21	MAX	XGBClassifier	di	0.8970726278841259	0.8978638973920323	0.8598502056621746	0.8970726278841259	0.8978638973920323	0.8598502056621746	0.8632297811611227	0.8632297811611227	0.8632297811611227	0.0	0.9094554098478871	0.9094554098478871	0.9094554098478871	0.0	0.9412095204271289	0.9412095204271289	0.9412095204271289	0.0	0.39980227515310296	0.5072778269235289	0.13374831238009044	0.39980227515310296	0.5072778269235289	0.13374831238009044	0.1291785384367149	0.1291785384367149	0.1291785384367149	0.0	0.5233548218269493	0.5233548218269493	0.5233548218269493	0.0	0.6023961989208684	0.6023961989208684	0.6023961989208684	0.0	0.8978638973920323	0.8598502056621746	0.5072778269235289	0.13374831238009044	20	MAX	10000
42	MAX	XGBClassifier	mono+di	0.0	0.8978638973920323	0.8608015164539937	0.0	0.8978638973920323	0.8608015164539937	0.8676495235060454	0.8676495235060454	0.8676495235060454	0.0	0.9124633280673555	0.9124633280673555	0.9124633280673555	0.0	0.9491517648068568	0.9491517648068568	0.9491517648068568	0.0	0.0	0.5072778269235289	0.14709680709941153	0.0	0.5072778269235289	0.14709680709941153	0.15498620620447698	0.15498620620447698	0.15498620620447698	0.0	0.5356088876672657	0.5356088876672657	0.5356088876672657	0.0	0.6122755803486954	0.6122755803486954	0.6122755803486954	0.0	0.8978638973920323	0.8608015164539937	0.5072778269235289	0.14709680709941153	20	MAX	10000
42	MAX	Single best mono PWM	mono	0.8956154186052019	0.8892363480838157	0.8608015164539937	0.0	0.0	0.0	0.8608015164539937	0.8608015164539937	0.8608015164539937	0.0	0.8892363480838157	0.8892363480838157	0.8892363480838157	0.0	0.8956154186052019	0.8956154186052019	0.8956154186052019	0.0	0.3941668621238269	0.4490968831687415	0.14709680709941153	0.0	0.0	0.0	0.14709680709941153	0.14709680709941153	0.14709680709941153	0.0	0.4490968831687415	0.4490968831687415	0.4490968831687415	0.0	0.3941668621238269	0.3941668621238269	0.3941668621238269	0.0	0.8892363480838157	0.8608015164539937	0.4490968831687415	0.14709680709941153	20	MAX	10000
42	MAX	BaggingClassifier_XGBClassifier	mono	0.8956154186052019	0.8892363480838157	0.8608015164539937	0.8956154186052019	0.8892363480838157	0.8608015164539937	0.8688366505882489	0.8688366505882489	0.8688366505882489	0.0	0.916094570299945	0.916094570299945	0.916094570299945	0.0	0.9507741609546472	0.9507741609546472	0.9507741609546472	0.0	0.3941668621238269	0.4490968831687415	0.14709680709941153	0.3941668621238269	0.4490968831687415	0.14709680709941153	0.1564049900840782	0.1564049900840782	0.1564049900840782	0.0	0.5143811093531123	0.5143811093531123	0.5143811093531123	0.0	0.5900155646923282	0.5900155646923282	0.5900155646923282	0.0	0.8892363480838157	0.8608015164539937	0.4490968831687415	0.14709680709941153	20	MAX	10000
21	MAX	Single best di PWM	di	0.0	0.0	0.0	0.8970726278841259	0.8978638973920323	0.8598502056621746	0.8598502056621746	0.8598502056621746	0.8598502056621746	0.0	0.8978638973920323	0.8978638973920323	0.8978638973920323	0.0	0.8970726278841259	0.8970726278841259	0.8970726278841259	0.0	0.0	0.0	0.0	0.39980227515310296	0.5072778269235289	0.13374831238009044	0.13374831238009044	0.13374831238009044	0.13374831238009044	0.0	0.5072778269235289	0.5072778269235289	0.5072778269235289	0.0	0.39980227515310296	0.39980227515310296	0.39980227515310296	0.0	0.8978638973920323	0.8598502056621746	0.5072778269235289	0.13374831238009044	20	MAX	10000
21	MAX	BaggingClassifier_XGBClassifier	di	0.8970726278841259	0.8978638973920323	0.8598502056621746	0.8970726278841259	0.8978638973920323	0.8598502056621746	0.8669327400039843	0.8669327400039843	0.8669327400039843	0.0	0.9122298303457242	0.9122298303457242	0.9122298303457242	0.0	0.9473177661564324	0.9473177661564324	0.9473177661564324	0.0	0.39980227515310296	0.5072778269235289	0.13374831238009044	0.39980227515310296	0.5072778269235289	0.13374831238009044	0.1523313095416939	0.1523313095416939	0.1523313095416939	0.0	0.5386517525110652	0.5386517525110652	0.5386517525110652	0.0	0.6133547649559591	0.6133547649559591	0.6133547649559591	0.0	0.8978638973920323	0.8598502056621746	0.5072778269235289	0.13374831238009044	20	MAX	10000
42	MAX	BaggingClassifier_XGBClassifier	mono+di	0.0	0.8978638973920323	0.8608015164539937	0.0	0.8978638973920323	0.8608015164539937	0.8694154968584646	0.8694154968584646	0.8694154968584646	0.0	0.9177869386014714	0.9177869386014714	0.9177869386014714	0.0	0.9543819310769376	0.9543819310769376	0.9543819310769376	0.0	0.0	0.5072778269235289	0.14709680709941153	0.0	0.5072778269235289	0.14709680709941153	0.15242692451379353	0.15242692451379353	0.15242692451379353	0.0	0.545833305964478	0.545833305964478	0.545833305964478	0.0	0.6273773535989803	0.6273773535989803	0.6273773535989803	0.0	0.8978638973920323	0.8608015164539937	0.5072778269235289	0.14709680709941153	20	MAX	10000
42	MAX	Single best mono PWM	mono	0.8956154186052019	0.8892363480838157	0.8608015164539937	0.0	0.0	0.0	0.8608015164539937	0.8608015164539937	0.8608015164539937	0.0	0.8892363480838157	0.8892363480838157	0.8892363480838157	0.0	0.8956154186052019	0.8956154186052019	0.8956154186052019	0.0	0.3941668621238269	0.4490968831687415	0.14709680709941153	0.0	0.0	0.0	0.14709680709941153	0.14709680709941153	0.14709680709941153	0.0	0.4490968831687415	0.4490968831687415	0.4490968831687415	0.0	0.3941668621238269	0.3941668621238269	0.3941668621238269	0.0	0.8892363480838157	0.8608015164539937	0.4490968831687415	0.14709680709941153	20	MAX	10000
42	MAX	BaggingClassifier_LogisticRegression	mono	0.8956154186052019	0.8892363480838157	0.8608015164539937	0.8956154186052019	0.8892363480838157	0.8608015164539937	0.8681559307740372	0.8681559307740372	0.8681559307740372	0.0	0.9118355346842663	0.9118355346842663	0.9118355346842663	0.0	0.9176453128884469	0.9176453128884469	0.9176453128884469	0.0	0.3941668621238269	0.4490968831687415	0.14709680709941153	0.3941668621238269	0.4490968831687415	0.14709680709941153	0.16100376407666264	0.16100376407666264	0.16100376407666264	0.0	0.5121462289143733	0.5121462289143733	0.5121462289143733	0.0	0.4468265151860091	0.4468265151860091	0.4468265151860091	0.0	0.8892363480838157	0.8608015164539937	0.4490968831687415	0.14709680709941153	20	MAX	10000
21	MAX	Single best di PWM	di	0.0	0.0	0.0	0.8970726278841259	0.8978638973920323	0.8598502056621746	0.8598502056621746	0.8598502056621746	0.8598502056621746	0.0	0.8978638973920323	0.8978638973920323	0.8978638973920323	0.0	0.8970726278841259	0.8970726278841259	0.8970726278841259	0.0	0.0	0.0	0.0	0.39980227515310296	0.5072778269235289	0.13374831238009044	0.13374831238009044	0.13374831238009044	0.13374831238009044	0.0	0.5072778269235289	0.5072778269235289	0.5072778269235289	0.0	0.39980227515310296	0.39980227515310296	0.39980227515310296	0.0	0.8978638973920323	0.8598502056621746	0.5072778269235289	0.13374831238009044	20	MAX	10000
21	MAX	BaggingClassifier_LogisticRegression	di	0.8970726278841259	0.8978638973920323	0.8598502056621746	0.8970726278841259	0.8978638973920323	0.8598502056621746	0.8658141424276	0.8658141424276	0.8658141424276	0.0	0.9112274935528264	0.9112274935528264	0.9112274935528264	0.0	0.9141880177812504	0.9141880177812504	0.9141880177812504	0.0	0.39980227515310296	0.5072778269235289	0.13374831238009044	0.39980227515310296	0.5072778269235289	0.13374831238009044	0.14366408296104094	0.14366408296104094	0.14366408296104094	0.0	0.5340985747141108	0.5340985747141108	0.5340985747141108	0.0	0.4396774436322858	0.4396774436322858	0.4396774436322858	0.0	0.8978638973920323	0.8598502056621746	0.5072778269235289	0.13374831238009044	20	MAX	10000
42	MAX	BaggingClassifier_LogisticRegression	mono+di	0.0	0.8978638973920323	0.8608015164539937	0.0	0.8978638973920323	0.8608015164539937	0.8737211697303897	0.8737211697303897	0.8737211697303897	0.0	0.916308149242921	0.916308149242921	0.916308149242921	0.0	0.922339456440672	0.922339456440672	0.922339456440672	0.0	0.0	0.5072778269235289	0.14709680709941153	0.0	0.5072778269235289	0.14709680709941153	0.1727532806059236	0.1727532806059236	0.1727532806059236	0.0	0.5404671819266904	0.5404671819266904	0.5404671819266904	0.0	0.46610672255343133	0.46610672255343133	0.46610672255343133	0.0	0.8978638973920323	0.8608015164539937	0.5072778269235289	0.14709680709941153	20	MAX	10000
110	MYC	Single best mono PWM	mono	0.8818548405905676	0.8924913912407535	0.8745789474851673	0.0	0.0	0.0	0.8745789474851673	0.8745789474851673	0.8745789474851673	0.0	0.8924913912407535	0.8924913912407535	0.8924913912407535	0.0	0.8818548405905676	0.8818548405905676	0.8818548405905676	0.0	0.3963173912834628	0.5366777692136396	0.16734428235979315	0.0	0.0	0.0	0.16734428235979315	0.16734428235979315	0.16734428235979315	0.0	0.5366777692136396	0.5366777692136396	0.5366777692136396	0.0	0.3963173912834628	0.3963173912834628	0.3963173912834628	0.0	0.8924913912407535	0.8745789474851673	0.5366777692136396	0.16734428235979315	21	MYC	10000
110	MYC	RandomForestClassifier	mono	0.8818548405905676	0.8924913912407535	0.8745789474851673	0.8818548405905676	0.8924913912407535	0.8745789474851673	0.886290464180629	0.886290464180629	0.886290464180629	0.0	0.9104742462024908	0.9104742462024908	0.9104742462024908	0.0	0.9212955343449407	0.9212955343449407	0.9212955343449407	0.0	0.3963173912834628	0.5366777692136396	0.16734428235979315	0.3963173912834628	0.5366777692136396	0.16734428235979315	0.21292505524490085	0.21292505524490085	0.21292505524490085	0.0	0.618698580575412	0.618698580575412	0.618698580575412	0.0	0.5525549221033883	0.5525549221033883	0.5525549221033883	0.0	0.8924913912407535	0.8745789474851673	0.5366777692136396	0.16734428235979315	21	MYC	10000
55	MYC	Single best di PWM	di	0.0	0.0	0.0	0.8874620145450947	0.8980845180329705	0.861960102639862	0.861960102639862	0.861960102639862	0.861960102639862	0.0	0.8980845180329705	0.8980845180329705	0.8980845180329705	0.0	0.8874620145450947	0.8874620145450947	0.8874620145450947	0.0	0.0	0.0	0.0	0.42101558884133017	0.6015623872967518	0.16362220449746287	0.16362220449746287	0.16362220449746287	0.16362220449746287	0.0	0.6015623872967518	0.6015623872967518	0.6015623872967518	0.0	0.42101558884133017	0.42101558884133017	0.42101558884133017	0.0	0.8980845180329705	0.861960102639862	0.6015623872967518	0.16362220449746287	21	MYC	10000
55	MYC	RandomForestClassifier	di	0.8874620145450947	0.8980845180329705	0.861960102639862	0.8874620145450947	0.8980845180329705	0.861960102639862	0.8871586545439347	0.8871586545439347	0.8871586545439347	0.0	0.913036536333206	0.913036536333206	0.913036536333206	0.0	0.9202936794566439	0.9202936794566439	0.9202936794566439	0.0	0.42101558884133017	0.6015623872967518	0.16362220449746287	0.42101558884133017	0.6015623872967518	0.16362220449746287	0.2116450882592011	0.2116450882592011	0.2116450882592011	0.0	0.6242842366478807	0.6242842366478807	0.6242842366478807	0.0	0.5578725134045703	0.5578725134045703	0.5578725134045703	0.0	0.8980845180329705	0.861960102639862	0.6015623872967518	0.16362220449746287	21	MYC	10000
110	MYC	RandomForestClassifier	mono+di	0.0	0.8980845180329705	0.8745789474851673	0.0	0.8980845180329705	0.8745789474851673	0.8883664413737618	0.8883664413737618	0.8883664413737618	0.0	0.9137892912105731	0.9137892912105731	0.9137892912105731	0.0	0.9241107006806086	0.9241107006806086	0.9241107006806086	0.0	0.0	0.6015623872967518	0.16734428235979315	0.0	0.6015623872967518	0.16734428235979315	0.21417380179299628	0.21417380179299628	0.21417380179299628	0.0	0.6247101522665274	0.6247101522665274	0.6247101522665274	0.0	0.5659333299624455	0.5659333299624455	0.5659333299624455	0.0	0.8980845180329705	0.8745789474851673	0.6015623872967518	0.16734428235979315	21	MYC	10000
110	MYC	Single best mono PWM	mono	0.8818548405905676	0.8924913912407535	0.8745789474851673	0.0	0.0	0.0	0.8745789474851673	0.8745789474851673	0.8745789474851673	0.0	0.8924913912407535	0.8924913912407535	0.8924913912407535	0.0	0.8818548405905676	0.8818548405905676	0.8818548405905676	0.0	0.3963173912834628	0.5366777692136396	0.16734428235979315	0.0	0.0	0.0	0.16734428235979315	0.16734428235979315	0.16734428235979315	0.0	0.5366777692136396	0.5366777692136396	0.5366777692136396	0.0	0.3963173912834628	0.3963173912834628	0.3963173912834628	0.0	0.8924913912407535	0.8745789474851673	0.5366777692136396	0.16734428235979315	21	MYC	10000
110	MYC	LogisticRegression	mono	0.8818548405905676	0.8924913912407535	0.8745789474851673	0.8818548405905676	0.8924913912407535	0.8745789474851673	0.8943309904593573	0.8943309904593573	0.8943309904593573	0.0	0.9115068750544271	0.9115068750544271	0.9115068750544271	0.0	0.912815316521899	0.912815316521899	0.912815316521899	0.0	0.3963173912834628	0.5366777692136396	0.16734428235979315	0.3963173912834628	0.5366777692136396	0.16734428235979315	0.23298266594326011	0.23298266594326011	0.23298266594326011	0.0	0.6156480096716951	0.6156480096716951	0.6156480096716951	0.0	0.47200437382237587	0.47200437382237587	0.47200437382237587	0.0	0.8924913912407535	0.8745789474851673	0.5366777692136396	0.16734428235979315	21	MYC	10000
55	MYC	Single best di PWM	di	0.0	0.0	0.0	0.8874620145450947	0.8980845180329705	0.861960102639862	0.861960102639862	0.861960102639862	0.861960102639862	0.0	0.8980845180329705	0.8980845180329705	0.8980845180329705	0.0	0.8874620145450947	0.8874620145450947	0.8874620145450947	0.0	0.0	0.0	0.0	0.42101558884133017	0.6015623872967518	0.16362220449746287	0.16362220449746287	0.16362220449746287	0.16362220449746287	0.0	0.6015623872967518	0.6015623872967518	0.6015623872967518	0.0	0.42101558884133017	0.42101558884133017	0.42101558884133017	0.0	0.8980845180329705	0.861960102639862	0.6015623872967518	0.16362220449746287	21	MYC	10000
55	MYC	LogisticRegression	di	0.8874620145450947	0.8980845180329705	0.861960102639862	0.8874620145450947	0.8980845180329705	0.861960102639862	0.889923049679306	0.889923049679306	0.889923049679306	0.0	0.9163924985461618	0.9163924985461618	0.9163924985461618	0.0	0.9105001614943706	0.9105001614943706	0.9105001614943706	0.0	0.42101558884133017	0.6015623872967518	0.16362220449746287	0.42101558884133017	0.6015623872967518	0.16362220449746287	0.20975981071243407	0.20975981071243407	0.20975981071243407	0.0	0.6281927356376611	0.6281927356376611	0.6281927356376611	0.0	0.46311766738626636	0.46311766738626636	0.46311766738626636	0.0	0.8980845180329705	0.861960102639862	0.6015623872967518	0.16362220449746287	21	MYC	10000
110	MYC	LogisticRegression	mono+di	0.0	0.8980845180329705	0.8745789474851673	0.0	0.8980845180329705	0.8745789474851673	0.8944026680414149	0.8944026680414149	0.8944026680414149	0.0	0.916929172607933	0.916929172607933	0.916929172607933	0.0	0.9188014955014807	0.9188014955014807	0.9188014955014807	0.0	0.0	0.6015623872967518	0.16734428235979315	0.0	0.6015623872967518	0.16734428235979315	0.23557901710693785	0.23557901710693785	0.23557901710693785	0.0	0.637473737970254	0.637473737970254	0.637473737970254	0.0	0.49844665533901905	0.49844665533901905	0.49844665533901905	0.0	0.8980845180329705	0.8745789474851673	0.6015623872967518	0.16734428235979315	21	MYC	10000
110	MYC	Single best mono PWM	mono	0.8818548405905676	0.8924913912407535	0.8745789474851673	0.0	0.0	0.0	0.8745789474851673	0.8745789474851673	0.8745789474851673	0.0	0.8924913912407535	0.8924913912407535	0.8924913912407535	0.0	0.8818548405905676	0.8818548405905676	0.8818548405905676	0.0	0.3963173912834628	0.5366777692136396	0.16734428235979315	0.0	0.0	0.0	0.16734428235979315	0.16734428235979315	0.16734428235979315	0.0	0.5366777692136396	0.5366777692136396	0.5366777692136396	0.0	0.3963173912834628	0.3963173912834628	0.3963173912834628	0.0	0.8924913912407535	0.8745789474851673	0.5366777692136396	0.16734428235979315	21	MYC	10000
110	MYC	XGBClassifier	mono	0.8818548405905676	0.8924913912407535	0.8745789474851673	0.8818548405905676	0.8924913912407535	0.8745789474851673	0.8869696549389876	0.8869696549389876	0.8869696549389876	0.0	0.9135527572906867	0.9135527572906867	0.9135527572906867	0.0	0.9502996575753935	0.9502996575753935	0.9502996575753935	0.0	0.3963173912834628	0.5366777692136396	0.16734428235979315	0.3963173912834628	0.5366777692136396	0.16734428235979315	0.1966749432780606	0.1966749432780606	0.1966749432780606	0.0	0.6265629744266938	0.6265629744266938	0.6265629744266938	0.0	0.654832399388907	0.654832399388907	0.654832399388907	0.0	0.8924913912407535	0.8745789474851673	0.5366777692136396	0.16734428235979315	21	MYC	10000
55	MYC	Single best di PWM	di	0.0	0.0	0.0	0.8874620145450947	0.8980845180329705	0.861960102639862	0.861960102639862	0.861960102639862	0.861960102639862	0.0	0.8980845180329705	0.8980845180329705	0.8980845180329705	0.0	0.8874620145450947	0.8874620145450947	0.8874620145450947	0.0	0.0	0.0	0.0	0.42101558884133017	0.6015623872967518	0.16362220449746287	0.16362220449746287	0.16362220449746287	0.16362220449746287	0.0	0.6015623872967518	0.6015623872967518	0.6015623872967518	0.0	0.42101558884133017	0.42101558884133017	0.42101558884133017	0.0	0.8980845180329705	0.861960102639862	0.6015623872967518	0.16362220449746287	21	MYC	10000
55	MYC	XGBClassifier	di	0.8874620145450947	0.8980845180329705	0.861960102639862	0.8874620145450947	0.8980845180329705	0.861960102639862	0.8898287031920489	0.8898287031920489	0.8898287031920489	0.0	0.9145154570523628	0.9145154570523628	0.9145154570523628	0.0	0.9474356644592236	0.9474356644592236	0.9474356644592236	0.0	0.42101558884133017	0.6015623872967518	0.16362220449746287	0.42101558884133017	0.6015623872967518	0.16362220449746287	0.215748791916166	0.215748791916166	0.215748791916166	0.0	0.6249277954987573	0.6249277954987573	0.6249277954987573	0.0	0.6521871938066579	0.6521871938066579	0.6521871938066579	0.0	0.8980845180329705	0.861960102639862	0.6015623872967518	0.16362220449746287	21	MYC	10000
110	MYC	XGBClassifier	mono+di	0.0	0.8980845180329705	0.8745789474851673	0.0	0.8980845180329705	0.8745789474851673	0.8927223680637749	0.8927223680637749	0.8927223680637749	0.0	0.916517925925322	0.916517925925322	0.916517925925322	0.0	0.9529862365804187	0.9529862365804187	0.9529862365804187	0.0	0.0	0.6015623872967518	0.16734428235979315	0.0	0.6015623872967518	0.16734428235979315	0.21394817494399232	0.21394817494399232	0.21394817494399232	0.0	0.6187761315114618	0.6187761315114618	0.6187761315114618	0.0	0.6719723233209473	0.6719723233209473	0.6719723233209473	0.0	0.8980845180329705	0.8745789474851673	0.6015623872967518	0.16734428235979315	21	MYC	10000
110	MYC	Single best mono PWM	mono	0.8818548405905676	0.8924913912407535	0.8745789474851673	0.0	0.0	0.0	0.8745789474851673	0.8745789474851673	0.8745789474851673	0.0	0.8924913912407535	0.8924913912407535	0.8924913912407535	0.0	0.8818548405905676	0.8818548405905676	0.8818548405905676	0.0	0.3963173912834628	0.5366777692136396	0.16734428235979315	0.0	0.0	0.0	0.16734428235979315	0.16734428235979315	0.16734428235979315	0.0	0.5366777692136396	0.5366777692136396	0.5366777692136396	0.0	0.3963173912834628	0.3963173912834628	0.3963173912834628	0.0	0.8924913912407535	0.8745789474851673	0.5366777692136396	0.16734428235979315	21	MYC	10000
110	MYC	BaggingClassifier_XGBClassifier	mono	0.8818548405905676	0.8924913912407535	0.8745789474851673	0.8818548405905676	0.8924913912407535	0.8745789474851673	0.8932856655665811	0.8932856655665811	0.8932856655665811	0.0	0.9168672836403001	0.9168672836403001	0.9168672836403001	0.0	0.9559164264864902	0.9559164264864902	0.9559164264864902	0.0	0.3963173912834628	0.5366777692136396	0.16734428235979315	0.3963173912834628	0.5366777692136396	0.16734428235979315	0.22696752538578455	0.22696752538578455	0.22696752538578455	0.0	0.6281525190786502	0.6281525190786502	0.6281525190786502	0.0	0.6617286833250663	0.6617286833250663	0.6617286833250663	0.0	0.8924913912407535	0.8745789474851673	0.5366777692136396	0.16734428235979315	21	MYC	10000
55	MYC	Single best di PWM	di	0.0	0.0	0.0	0.8874620145450947	0.8980845180329705	0.861960102639862	0.861960102639862	0.861960102639862	0.861960102639862	0.0	0.8980845180329705	0.8980845180329705	0.8980845180329705	0.0	0.8874620145450947	0.8874620145450947	0.8874620145450947	0.0	0.0	0.0	0.0	0.42101558884133017	0.6015623872967518	0.16362220449746287	0.16362220449746287	0.16362220449746287	0.16362220449746287	0.0	0.6015623872967518	0.6015623872967518	0.6015623872967518	0.0	0.42101558884133017	0.42101558884133017	0.42101558884133017	0.0	0.8980845180329705	0.861960102639862	0.6015623872967518	0.16362220449746287	21	MYC	10000
55	MYC	BaggingClassifier_XGBClassifier	di	0.8874620145450947	0.8980845180329705	0.861960102639862	0.8874620145450947	0.8980845180329705	0.861960102639862	0.8922144271401944	0.8922144271401944	0.8922144271401944	0.0	0.9177409409224105	0.9177409409224105	0.9177409409224105	0.0	0.9536892480793832	0.9536892480793832	0.9536892480793832	0.0	0.42101558884133017	0.6015623872967518	0.16362220449746287	0.42101558884133017	0.6015623872967518	0.16362220449746287	0.21242020867640063	0.21242020867640063	0.21242020867640063	0.0	0.6305050408784992	0.6305050408784992	0.6305050408784992	0.0	0.6679608980627131	0.6679608980627131	0.6679608980627131	0.0	0.8980845180329705	0.861960102639862	0.6015623872967518	0.16362220449746287	21	MYC	10000
110	MYC	BaggingClassifier_XGBClassifier	mono+di	0.0	0.8980845180329705	0.8745789474851673	0.0	0.8980845180329705	0.8745789474851673	0.896695169813891	0.896695169813891	0.896695169813891	0.0	0.9188441274860024	0.9188441274860024	0.9188441274860024	0.0	0.9599262822370328	0.9599262822370328	0.9599262822370328	0.0	0.0	0.6015623872967518	0.16734428235979315	0.0	0.6015623872967518	0.16734428235979315	0.2298780204696611	0.2298780204696611	0.2298780204696611	0.0	0.6278587186421817	0.6278587186421817	0.6278587186421817	0.0	0.6920756204364454	0.6920756204364454	0.6920756204364454	0.0	0.8980845180329705	0.8745789474851673	0.6015623872967518	0.16734428235979315	21	MYC	10000
110	MYC	Single best mono PWM	mono	0.8818548405905676	0.8924913912407535	0.8745789474851673	0.0	0.0	0.0	0.8745789474851673	0.8745789474851673	0.8745789474851673	0.0	0.8924913912407535	0.8924913912407535	0.8924913912407535	0.0	0.8818548405905676	0.8818548405905676	0.8818548405905676	0.0	0.3963173912834628	0.5366777692136396	0.16734428235979315	0.0	0.0	0.0	0.16734428235979315	0.16734428235979315	0.16734428235979315	0.0	0.5366777692136396	0.5366777692136396	0.5366777692136396	0.0	0.3963173912834628	0.3963173912834628	0.3963173912834628	0.0	0.8924913912407535	0.8745789474851673	0.5366777692136396	0.16734428235979315	21	MYC	10000
110	MYC	BaggingClassifier_LogisticRegression	mono	0.8818548405905676	0.8924913912407535	0.8745789474851673	0.8818548405905676	0.8924913912407535	0.8745789474851673	0.894396918177126	0.894396918177126	0.894396918177126	0.0	0.9116586788741741	0.9116586788741741	0.9116586788741741	0.0	0.9127925186054237	0.9127925186054237	0.9127925186054237	0.0	0.3963173912834628	0.5366777692136396	0.16734428235979315	0.3963173912834628	0.5366777692136396	0.16734428235979315	0.23236765674846946	0.23236765674846946	0.23236765674846946	0.0	0.6152823751731745	0.6152823751731745	0.6152823751731745	0.0	0.47196897145164785	0.47196897145164785	0.47196897145164785	0.0	0.8924913912407535	0.8745789474851673	0.5366777692136396	0.16734428235979315	21	MYC	10000
55	MYC	Single best di PWM	di	0.0	0.0	0.0	0.8874620145450947	0.8980845180329705	0.861960102639862	0.861960102639862	0.861960102639862	0.861960102639862	0.0	0.8980845180329705	0.8980845180329705	0.8980845180329705	0.0	0.8874620145450947	0.8874620145450947	0.8874620145450947	0.0	0.0	0.0	0.0	0.42101558884133017	0.6015623872967518	0.16362220449746287	0.16362220449746287	0.16362220449746287	0.16362220449746287	0.0	0.6015623872967518	0.6015623872967518	0.6015623872967518	0.0	0.42101558884133017	0.42101558884133017	0.42101558884133017	0.0	0.8980845180329705	0.861960102639862	0.6015623872967518	0.16362220449746287	21	MYC	10000
55	MYC	BaggingClassifier_LogisticRegression	di	0.8874620145450947	0.8980845180329705	0.861960102639862	0.8874620145450947	0.8980845180329705	0.861960102639862	0.8901630651943708	0.8901630651943708	0.8901630651943708	0.0	0.9166868692998471	0.9166868692998471	0.9166868692998471	0.0	0.9106040804715493	0.9106040804715493	0.9106040804715493	0.0	0.42101558884133017	0.6015623872967518	0.16362220449746287	0.42101558884133017	0.6015623872967518	0.16362220449746287	0.21011939446116623	0.21011939446116623	0.21011939446116623	0.0	0.628286412271106	0.628286412271106	0.628286412271106	0.0	0.46280433520714753	0.46280433520714753	0.46280433520714753	0.0	0.8980845180329705	0.861960102639862	0.6015623872967518	0.16362220449746287	21	MYC	10000
110	MYC	BaggingClassifier_LogisticRegression	mono+di	0.0	0.8980845180329705	0.8745789474851673	0.0	0.8980845180329705	0.8745789474851673	0.8946818278670696	0.8946818278670696	0.8946818278670696	0.0	0.9173306912369978	0.9173306912369978	0.9173306912369978	0.0	0.9188664890346382	0.9188664890346382	0.9188664890346382	0.0	0.0	0.6015623872967518	0.16734428235979315	0.0	0.6015623872967518	0.16734428235979315	0.234975356652219	0.234975356652219	0.234975356652219	0.0	0.6382708496172309	0.6382708496172309	0.6382708496172309	0.0	0.49825804363582726	0.49825804363582726	0.49825804363582726	0.0	0.8980845180329705	0.8745789474851673	0.6015623872967518	0.16734428235979315	21	MYC	10000
48	P53	Single best mono PWM	mono	0.873650926023126	0.8879167284958204	0.8065754518453041	0.0	0.0	0.0	0.8065754518453041	0.8065754518453041	0.8065754518453041	0.0	0.8879167284958204	0.8879167284958204	0.8879167284958204	0.0	0.873650926023126	0.873650926023126	0.873650926023126	0.0	0.43465333038964227	0.3409618674656116	0.5392436981111457	0.0	0.0	0.0	0.5392436981111457	0.5392436981111457	0.5392436981111457	0.0	0.3409618674656116	0.3409618674656116	0.3409618674656116	0.0	0.43465333038964227	0.43465333038964227	0.43465333038964227	0.0	0.8879167284958204	0.8065754518453041	0.3409618674656116	0.5392436981111457	23	P53	662
48	P53	RandomForestClassifier	mono	0.873650926023126	0.8879167284958204	0.8065754518453041	0.873650926023126	0.8879167284958204	0.8065754518453041	0.8488030942104505	0.8488030942104505	0.8488030942104505	0.0	0.9337665496034689	0.9337665496034689	0.9337665496034689	0.0	0.9122596513753338	0.9122596513753338	0.9122596513753338	0.0	0.43465333038964227	0.3409618674656116	0.5392436981111457	0.43465333038964227	0.3409618674656116	0.5392436981111457	0.5381049433334997	0.5381049433334997	0.5381049433334997	0.0	0.5723994048711447	0.5723994048711447	0.5723994048711447	0.0	0.7370329299274929	0.7370329299274929	0.7370329299274929	0.0	0.8879167284958204	0.8065754518453041	0.3409618674656116	0.5392436981111457	23	P53	662
26	P53	Single best di PWM	di	0.0	0.0	0.0	0.8808766316761512	0.9245406093881388	0.8371902924876455	0.8371902924876455	0.8371902924876455	0.8371902924876455	0.0	0.9245406093881388	0.9245406093881388	0.9245406093881388	0.0	0.8808766316761512	0.8808766316761512	0.8808766316761512	0.0	0.0	0.0	0.0	0.4460238334423736	0.3606703726664809	0.5436966313124825	0.5436966313124825	0.5436966313124825	0.5436966313124825	0.0	0.3606703726664809	0.3606703726664809	0.3606703726664809	0.0	0.4460238334423736	0.4460238334423736	0.4460238334423736	0.0	0.9245406093881388	0.8371902924876455	0.3606703726664809	0.5436966313124825	23	P53	662
26	P53	RandomForestClassifier	di	0.8808766316761512	0.9245406093881388	0.8371902924876455	0.8808766316761512	0.9245406093881388	0.8371902924876455	0.8580536230381539	0.8580536230381539	0.8580536230381539	0.0	0.9187917346787358	0.9187917346787358	0.9187917346787358	0.0	0.9134369304389541	0.9134369304389541	0.9134369304389541	0.0	0.4460238334423736	0.3606703726664809	0.5436966313124825	0.4460238334423736	0.3606703726664809	0.5436966313124825	0.5129522615167198	0.5129522615167198	0.5129522615167198	0.0	0.6011623332406738	0.6011623332406738	0.6011623332406738	0.0	0.7408662365145123	0.7408662365145123	0.7408662365145123	0.0	0.9245406093881388	0.8371902924876455	0.3606703726664809	0.5436966313124825	23	P53	662
48	P53	RandomForestClassifier	mono+di	0.0	0.9245406093881388	0.8371902924876455	0.0	0.9245406093881388	0.8371902924876455	0.8662581552234354	0.8662581552234354	0.8662581552234354	0.0	0.9249501244826962	0.9249501244826962	0.9249501244826962	0.0	0.9107421652604663	0.9107421652604663	0.9107421652604663	0.0	0.0	0.3606703726664809	0.5436966313124825	0.0	0.3606703726664809	0.5436966313124825	0.5191393699078622	0.5191393699078622	0.5191393699078622	0.0	0.5965787366274611	0.5965787366274611	0.5965787366274611	0.0	0.7571952242609796	0.7571952242609796	0.7571952242609796	0.0	0.9245406093881388	0.8371902924876455	0.3606703726664809	0.5436966313124825	23	P53	662
48	P53	Single best mono PWM	mono	0.873650926023126	0.8879167284958204	0.8065754518453041	0.0	0.0	0.0	0.8065754518453041	0.8065754518453041	0.8065754518453041	0.0	0.8879167284958204	0.8879167284958204	0.8879167284958204	0.0	0.873650926023126	0.873650926023126	0.873650926023126	0.0	0.43465333038964227	0.3409618674656116	0.5392436981111457	0.0	0.0	0.0	0.5392436981111457	0.5392436981111457	0.5392436981111457	0.0	0.3409618674656116	0.3409618674656116	0.3409618674656116	0.0	0.43465333038964227	0.43465333038964227	0.43465333038964227	0.0	0.8879167284958204	0.8065754518453041	0.3409618674656116	0.5392436981111457	23	P53	662
48	P53	LogisticRegression	mono	0.873650926023126	0.8879167284958204	0.8065754518453041	0.873650926023126	0.8879167284958204	0.8065754518453041	0.8416695131511219	0.8416695131511219	0.8416695131511219	0.0	0.924854907586025	0.924854907586025	0.924854907586025	0.0	0.902069388951597	0.902069388951597	0.902069388951597	0.0	0.43465333038964227	0.3409618674656116	0.5392436981111457	0.43465333038964227	0.3409618674656116	0.5392436981111457	0.5051346829288688	0.5051346829288688	0.5051346829288688	0.0	0.568744688693025	0.568744688693025	0.568744688693025	0.0	0.49757492748035187	0.49757492748035187	0.49757492748035187	0.0	0.8879167284958204	0.8065754518453041	0.3409618674656116	0.5392436981111457	23	P53	662
26	P53	Single best di PWM	di	0.0	0.0	0.0	0.8808766316761512	0.9245406093881388	0.8371902924876455	0.8371902924876455	0.8371902924876455	0.8371902924876455	0.0	0.9245406093881388	0.9245406093881388	0.9245406093881388	0.0	0.8808766316761512	0.8808766316761512	0.8808766316761512	0.0	0.0	0.0	0.0	0.4460238334423736	0.3606703726664809	0.5436966313124825	0.5436966313124825	0.5436966313124825	0.5436966313124825	0.0	0.3606703726664809	0.3606703726664809	0.3606703726664809	0.0	0.4460238334423736	0.4460238334423736	0.4460238334423736	0.0	0.9245406093881388	0.8371902924876455	0.3606703726664809	0.5436966313124825	23	P53	662
26	P53	LogisticRegression	di	0.8808766316761512	0.9245406093881388	0.8371902924876455	0.8808766316761512	0.9245406093881388	0.8371902924876455	0.8549189070227228	0.8549189070227228	0.8549189070227228	0.0	0.9448663253697382	0.9448663253697382	0.9448663253697382	0.0	0.905539212666752	0.905539212666752	0.905539212666752	0.0	0.4460238334423736	0.3606703726664809	0.5436966313124825	0.4460238334423736	0.3606703726664809	0.5436966313124825	0.5427221332575434	0.5427221332575434	0.5427221332575434	0.0	0.6082984068180038	0.6082984068180038	0.6082984068180038	0.0	0.5481130527647566	0.5481130527647566	0.5481130527647566	0.0	0.9245406093881388	0.8371902924876455	0.3606703726664809	0.5436966313124825	23	P53	662
48	P53	LogisticRegression	mono+di	0.0	0.9245406093881388	0.8371902924876455	0.0	0.9245406093881388	0.8371902924876455	0.8536777670466223	0.8536777670466223	0.8536777670466223	0.0	0.9416439959769831	0.9416439959769831	0.9416439959769831	0.0	0.9123286013721514	0.9123286013721514	0.9123286013721514	0.0	0.0	0.3606703726664809	0.5436966313124825	0.0	0.3606703726664809	0.5436966313124825	0.541863073690293	0.541863073690293	0.541863073690293	0.0	0.6041776953204606	0.6041776953204606	0.6041776953204606	0.0	0.5679987939763229	0.5679987939763229	0.5679987939763229	0.0	0.9245406093881388	0.8371902924876455	0.3606703726664809	0.5436966313124825	23	P53	662
48	P53	Single best mono PWM	mono	0.873650926023126	0.8879167284958204	0.8065754518453041	0.0	0.0	0.0	0.8065754518453041	0.8065754518453041	0.8065754518453041	0.0	0.8879167284958204	0.8879167284958204	0.8879167284958204	0.0	0.873650926023126	0.873650926023126	0.873650926023126	0.0	0.43465333038964227	0.3409618674656116	0.5392436981111457	0.0	0.0	0.0	0.5392436981111457	0.5392436981111457	0.5392436981111457	0.0	0.3409618674656116	0.3409618674656116	0.3409618674656116	0.0	0.43465333038964227	0.43465333038964227	0.43465333038964227	0.0	0.8879167284958204	0.8065754518453041	0.3409618674656116	0.5392436981111457	23	P53	662
48	P53	XGBClassifier	mono	0.873650926023126	0.8879167284958204	0.8065754518453041	0.873650926023126	0.8879167284958204	0.8065754518453041	0.8531469022428115	0.8531469022428115	0.8531469022428115	0.0	0.9273025176831379	0.9273025176831379	0.9273025176831379	0.0	0.9992269931104225	0.9992269931104225	0.9992269931104225	0.0	0.43465333038964227	0.3409618674656116	0.5392436981111457	0.43465333038964227	0.3409618674656116	0.5392436981111457	0.5247412685760504	0.5247412685760504	0.5247412685760504	0.0	0.5418150478577731	0.5418150478577731	0.5418150478577731	0.0	0.9426980754382135	0.9426980754382135	0.9426980754382135	0.0	0.8879167284958204	0.8065754518453041	0.3409618674656116	0.5392436981111457	23	P53	662
26	P53	Single best di PWM	di	0.0	0.0	0.0	0.8808766316761512	0.9245406093881388	0.8371902924876455	0.8371902924876455	0.8371902924876455	0.8371902924876455	0.0	0.9245406093881388	0.9245406093881388	0.9245406093881388	0.0	0.8808766316761512	0.8808766316761512	0.8808766316761512	0.0	0.0	0.0	0.0	0.4460238334423736	0.3606703726664809	0.5436966313124825	0.5436966313124825	0.5436966313124825	0.5436966313124825	0.0	0.3606703726664809	0.3606703726664809	0.3606703726664809	0.0	0.4460238334423736	0.4460238334423736	0.4460238334423736	0.0	0.9245406093881388	0.8371902924876455	0.3606703726664809	0.5436966313124825	23	P53	662
26	P53	XGBClassifier	di	0.8808766316761512	0.9245406093881388	0.8371902924876455	0.8808766316761512	0.9245406093881388	0.8371902924876455	0.857327360263077	0.857327360263077	0.857327360263077	0.0	0.9376795106428584	0.9376795106428584	0.9376795106428584	0.0	0.9983834730643406	0.9983834730643406	0.9983834730643406	0.0	0.4460238334423736	0.3606703726664809	0.5436966313124825	0.4460238334423736	0.3606703726664809	0.5436966313124825	0.4745479562272486	0.4745479562272486	0.4745479562272486	0.0	0.5900749614106898	0.5900749614106898	0.5900749614106898	0.0	0.9175151193169222	0.9175151193169222	0.9175151193169222	0.0	0.9245406093881388	0.8371902924876455	0.3606703726664809	0.5436966313124825	23	P53	662
48	P53	XGBClassifier	mono+di	0.0	0.9245406093881388	0.8371902924876455	0.0	0.9245406093881388	0.8371902924876455	0.8435918814261887	0.8435918814261887	0.8435918814261887	0.0	0.9291569800992564	0.9291569800992564	0.9291569800992564	0.0	0.9996127516119229	0.9996127516119229	0.9996127516119229	0.0	0.0	0.3606703726664809	0.5436966313124825	0.0	0.3606703726664809	0.5436966313124825	0.5065927394398236	0.5065927394398236	0.5065927394398236	0.0	0.5830978427666402	0.5830978427666402	0.5830978427666402	0.0	0.969028735148778	0.969028735148778	0.969028735148778	0.0	0.9245406093881388	0.8371902924876455	0.3606703726664809	0.5436966313124825	23	P53	662
48	P53	Single best mono PWM	mono	0.873650926023126	0.8879167284958204	0.8065754518453041	0.0	0.0	0.0	0.8065754518453041	0.8065754518453041	0.8065754518453041	0.0	0.8879167284958204	0.8879167284958204	0.8879167284958204	0.0	0.873650926023126	0.873650926023126	0.873650926023126	0.0	0.43465333038964227	0.3409618674656116	0.5392436981111457	0.0	0.0	0.0	0.5392436981111457	0.5392436981111457	0.5392436981111457	0.0	0.3409618674656116	0.3409618674656116	0.3409618674656116	0.0	0.43465333038964227	0.43465333038964227	0.43465333038964227	0.0	0.8879167284958204	0.8065754518453041	0.3409618674656116	0.5392436981111457	23	P53	662
48	P53	BaggingClassifier_XGBClassifier	mono	0.873650926023126	0.8879167284958204	0.8065754518453041	0.873650926023126	0.8879167284958204	0.8065754518453041	0.8410663494609867	0.8410663494609867	0.8410663494609867	0.0	0.9216834841964683	0.9216834841964683	0.9216834841964683	0.0	0.9994124229282896	0.9994124229282896	0.9994124229282896	0.0	0.43465333038964227	0.3409618674656116	0.5392436981111457	0.43465333038964227	0.3409618674656116	0.5392436981111457	0.5504098708164442	0.5504098708164442	0.5504098708164442	0.0	0.5651994367428532	0.5651994367428532	0.5651994367428532	0.0	0.946453564470782	0.946453564470782	0.946453564470782	0.0	0.8879167284958204	0.8065754518453041	0.3409618674656116	0.5392436981111457	23	P53	662
26	P53	Single best di PWM	di	0.0	0.0	0.0	0.8808766316761512	0.9245406093881388	0.8371902924876455	0.8371902924876455	0.8371902924876455	0.8371902924876455	0.0	0.9245406093881388	0.9245406093881388	0.9245406093881388	0.0	0.8808766316761512	0.8808766316761512	0.8808766316761512	0.0	0.0	0.0	0.0	0.4460238334423736	0.3606703726664809	0.5436966313124825	0.5436966313124825	0.5436966313124825	0.5436966313124825	0.0	0.3606703726664809	0.3606703726664809	0.3606703726664809	0.0	0.4460238334423736	0.4460238334423736	0.4460238334423736	0.0	0.9245406093881388	0.8371902924876455	0.3606703726664809	0.5436966313124825	23	P53	662
26	P53	BaggingClassifier_XGBClassifier	di	0.8808766316761512	0.9245406093881388	0.8371902924876455	0.8808766316761512	0.9245406093881388	0.8371902924876455	0.8596456172324167	0.8596456172324167	0.8596456172324167	0.0	0.94333708430199	0.94333708430199	0.94333708430199	0.0	0.9992576945436494	0.9992576945436494	0.9992576945436494	0.0	0.4460238334423736	0.3606703726664809	0.5436966313124825	0.4460238334423736	0.3606703726664809	0.5436966313124825	0.46844008159295025	0.46844008159295025	0.46844008159295025	0.0	0.6034717912101529	0.6034717912101529	0.6034717912101529	0.0	0.9330469228637083	0.9330469228637083	0.9330469228637083	0.0	0.9245406093881388	0.8371902924876455	0.3606703726664809	0.5436966313124825	23	P53	662
48	P53	BaggingClassifier_XGBClassifier	mono+di	0.0	0.9245406093881388	0.8371902924876455	0.0	0.9245406093881388	0.8371902924876455	0.8506640766386382	0.8506640766386382	0.8506640766386382	0.0	0.9292802262122637	0.9292802262122637	0.9292802262122637	0.0	0.9996177830321653	0.9996177830321653	0.9996177830321653	0.0	0.0	0.3606703726664809	0.5436966313124825	0.0	0.3606703726664809	0.5436966313124825	0.5354488765343305	0.5354488765343305	0.5354488765343305	0.0	0.6039174091838426	0.6039174091838426	0.6039174091838426	0.0	0.9633200209835999	0.9633200209835999	0.9633200209835999	0.0	0.9245406093881388	0.8371902924876455	0.3606703726664809	0.5436966313124825	23	P53	662
48	P53	Single best mono PWM	mono	0.873650926023126	0.8879167284958204	0.8065754518453041	0.0	0.0	0.0	0.8065754518453041	0.8065754518453041	0.8065754518453041	0.0	0.8879167284958204	0.8879167284958204	0.8879167284958204	0.0	0.873650926023126	0.873650926023126	0.873650926023126	0.0	0.43465333038964227	0.3409618674656116	0.5392436981111457	0.0	0.0	0.0	0.5392436981111457	0.5392436981111457	0.5392436981111457	0.0	0.3409618674656116	0.3409618674656116	0.3409618674656116	0.0	0.43465333038964227	0.43465333038964227	0.43465333038964227	0.0	0.8879167284958204	0.8065754518453041	0.3409618674656116	0.5392436981111457	23	P53	662
48	P53	BaggingClassifier_LogisticRegression	mono	0.873650926023126	0.8879167284958204	0.8065754518453041	0.873650926023126	0.8879167284958204	0.8065754518453041	0.8426798059661587	0.8426798059661587	0.8426798059661587	0.0	0.9259933884024996	0.9259933884024996	0.9259933884024996	0.0	0.902773201600656	0.902773201600656	0.902773201600656	0.0	0.43465333038964227	0.3409618674656116	0.5392436981111457	0.43465333038964227	0.3409618674656116	0.5392436981111457	0.5095879334476966	0.5095879334476966	0.5095879334476966	0.0	0.5662318278956691	0.5662318278956691	0.5662318278956691	0.0	0.4968671245203034	0.4968671245203034	0.4968671245203034	0.0	0.8879167284958204	0.8065754518453041	0.3409618674656116	0.5392436981111457	23	P53	662
26	P53	Single best di PWM	di	0.0	0.0	0.0	0.8808766316761512	0.9245406093881388	0.8371902924876455	0.8371902924876455	0.8371902924876455	0.8371902924876455	0.0	0.9245406093881388	0.9245406093881388	0.9245406093881388	0.0	0.8808766316761512	0.8808766316761512	0.8808766316761512	0.0	0.0	0.0	0.0	0.4460238334423736	0.3606703726664809	0.5436966313124825	0.5436966313124825	0.5436966313124825	0.5436966313124825	0.0	0.3606703726664809	0.3606703726664809	0.3606703726664809	0.0	0.4460238334423736	0.4460238334423736	0.4460238334423736	0.0	0.9245406093881388	0.8371902924876455	0.3606703726664809	0.5436966313124825	23	P53	662
26	P53	BaggingClassifier_LogisticRegression	di	0.8808766316761512	0.9245406093881388	0.8371902924876455	0.8808766316761512	0.9245406093881388	0.8371902924876455	0.8549801291740102	0.8549801291740102	0.8549801291740102	0.0	0.9446903183789219	0.9446903183789219	0.9446903183789219	0.0	0.9061378051293816	0.9061378051293816	0.9061378051293816	0.0	0.4460238334423736	0.3606703726664809	0.5436966313124825	0.4460238334423736	0.3606703726664809	0.5436966313124825	0.5432128491135038	0.5432128491135038	0.5432128491135038	0.0	0.6066469897438965	0.6066469897438965	0.6066469897438965	0.0	0.5476774181933195	0.5476774181933195	0.5476774181933195	0.0	0.9245406093881388	0.8371902924876455	0.3606703726664809	0.5436966313124825	23	P53	662
48	P53	BaggingClassifier_LogisticRegression	mono+di	0.0	0.9245406093881388	0.8371902924876455	0.0	0.9245406093881388	0.8371902924876455	0.8537890800489631	0.8537890800489631	0.8537890800489631	0.0	0.9417779591432953	0.9417779591432953	0.9417779591432953	0.0	0.9140304914813415	0.9140304914813415	0.9140304914813415	0.0	0.0	0.3606703726664809	0.5436966313124825	0.0	0.3606703726664809	0.5436966313124825	0.5397211944964192	0.5397211944964192	0.5397211944964192	0.0	0.6018739348035773	0.6018739348035773	0.6018739348035773	0.0	0.5676563366073181	0.5676563366073181	0.5676563366073181	0.0	0.9245406093881388	0.8371902924876455	0.3606703726664809	0.5436966313124825	23	P53	662
17	PPARG	Single best mono PWM	mono	0.8908295525351525	0.8865259459192375	0.8682635952537061	0.0	0.0	0.0	0.8682635952537061	0.8682635952537061	0.8682635952537061	0.0	0.8865259459192375	0.8865259459192375	0.8865259459192375	0.0	0.8908295525351525	0.8908295525351525	0.8908295525351525	0.0	0.3055614671048225	0.2675307260896571	0.4214953332285007	0.0	0.0	0.0	0.4214953332285007	0.4214953332285007	0.4214953332285007	0.0	0.2675307260896571	0.2675307260896571	0.2675307260896571	0.0	0.3055614671048225	0.3055614671048225	0.3055614671048225	0.0	0.8865259459192375	0.8682635952537061	0.2675307260896571	0.4214953332285007	24	PPARG	5435
17	PPARG	RandomForestClassifier	mono	0.8908295525351525	0.8865259459192375	0.8682635952537061	0.8908295525351525	0.8865259459192375	0.8682635952537061	0.8692826372261999	0.8692826372261999	0.8692826372261999	0.0	0.8883368529923394	0.8883368529923394	0.8883368529923394	0.0	0.9133188482795791	0.9133188482795791	0.9133188482795791	0.0	0.3055614671048225	0.2675307260896571	0.4214953332285007	0.3055614671048225	0.2675307260896571	0.4214953332285007	0.41451363890456017	0.41451363890456017	0.41451363890456017	0.0	0.27010325540865193	0.27010325540865193	0.27010325540865193	0.0	0.44711685255645844	0.44711685255645844	0.44711685255645844	0.0	0.8865259459192375	0.8682635952537061	0.2675307260896571	0.4214953332285007	24	PPARG	5435
11	PPARG	Single best di PWM	di	0.0	0.0	0.0	0.8943951721851581	0.895876589252915	0.8672077500200711	0.8672077500200711	0.8672077500200711	0.8672077500200711	0.0	0.895876589252915	0.895876589252915	0.895876589252915	0.0	0.8943951721851581	0.8943951721851581	0.8943951721851581	0.0	0.0	0.0	0.0	0.31531567260545584	0.2620699081692281	0.4147504557240602	0.4147504557240602	0.4147504557240602	0.4147504557240602	0.0	0.2620699081692281	0.2620699081692281	0.2620699081692281	0.0	0.31531567260545584	0.31531567260545584	0.31531567260545584	0.0	0.895876589252915	0.8672077500200711	0.2620699081692281	0.4147504557240602	24	PPARG	5435
11	PPARG	RandomForestClassifier	di	0.8943951721851581	0.895876589252915	0.8672077500200711	0.8943951721851581	0.895876589252915	0.8672077500200711	0.8765230653789352	0.8765230653789352	0.8765230653789352	0.0	0.8993176400863787	0.8993176400863787	0.8993176400863787	0.0	0.9183025377806531	0.9183025377806531	0.9183025377806531	0.0	0.31531567260545584	0.2620699081692281	0.4147504557240602	0.31531567260545584	0.2620699081692281	0.4147504557240602	0.4292876448423677	0.4292876448423677	0.4292876448423677	0.0	0.284048427134912	0.284048427134912	0.284048427134912	0.0	0.4594914757357797	0.4594914757357797	0.4594914757357797	0.0	0.895876589252915	0.8672077500200711	0.2620699081692281	0.4147504557240602	24	PPARG	5435
17	PPARG	RandomForestClassifier	mono+di	0.0	0.895876589252915	0.8682635952537061	0.0	0.895876589252915	0.8682635952537061	0.8780757521889633	0.8780757521889633	0.8780757521889633	0.0	0.9002556221815781	0.9002556221815781	0.9002556221815781	0.0	0.9211339590226311	0.9211339590226311	0.9211339590226311	0.0	0.0	0.2675307260896571	0.4214953332285007	0.0	0.2675307260896571	0.4214953332285007	0.43370322948872453	0.43370322948872453	0.43370322948872453	0.0	0.29474382212558065	0.29474382212558065	0.29474382212558065	0.0	0.4834270011635287	0.4834270011635287	0.4834270011635287	0.0	0.895876589252915	0.8682635952537061	0.2675307260896571	0.4214953332285007	24	PPARG	5435
17	PPARG	Single best mono PWM	mono	0.8908295525351525	0.8865259459192375	0.8682635952537061	0.0	0.0	0.0	0.8682635952537061	0.8682635952537061	0.8682635952537061	0.0	0.8865259459192375	0.8865259459192375	0.8865259459192375	0.0	0.8908295525351525	0.8908295525351525	0.8908295525351525	0.0	0.3055614671048225	0.2675307260896571	0.4214953332285007	0.0	0.0	0.0	0.4214953332285007	0.4214953332285007	0.4214953332285007	0.0	0.2675307260896571	0.2675307260896571	0.2675307260896571	0.0	0.3055614671048225	0.3055614671048225	0.3055614671048225	0.0	0.8865259459192375	0.8682635952537061	0.2675307260896571	0.4214953332285007	24	PPARG	5435
17	PPARG	LogisticRegression	mono	0.8908295525351525	0.8865259459192375	0.8682635952537061	0.8908295525351525	0.8865259459192375	0.8682635952537061	0.8731900247630249	0.8731900247630249	0.8731900247630249	0.0	0.8898266924458087	0.8898266924458087	0.8898266924458087	0.0	0.8963047297347665	0.8963047297347665	0.8963047297347665	0.0	0.3055614671048225	0.2675307260896571	0.4214953332285007	0.3055614671048225	0.2675307260896571	0.4214953332285007	0.42263303028572025	0.42263303028572025	0.42263303028572025	0.0	0.2650879569110517	0.2650879569110517	0.2650879569110517	0.0	0.31511229903542065	0.31511229903542065	0.31511229903542065	0.0	0.8865259459192375	0.8682635952537061	0.2675307260896571	0.4214953332285007	24	PPARG	5435
11	PPARG	Single best di PWM	di	0.0	0.0	0.0	0.8943951721851581	0.895876589252915	0.8672077500200711	0.8672077500200711	0.8672077500200711	0.8672077500200711	0.0	0.895876589252915	0.895876589252915	0.895876589252915	0.0	0.8943951721851581	0.8943951721851581	0.8943951721851581	0.0	0.0	0.0	0.0	0.31531567260545584	0.2620699081692281	0.4147504557240602	0.4147504557240602	0.4147504557240602	0.4147504557240602	0.0	0.2620699081692281	0.2620699081692281	0.2620699081692281	0.0	0.31531567260545584	0.31531567260545584	0.31531567260545584	0.0	0.895876589252915	0.8672077500200711	0.2620699081692281	0.4147504557240602	24	PPARG	5435
11	PPARG	LogisticRegression	di	0.8943951721851581	0.895876589252915	0.8672077500200711	0.8943951721851581	0.895876589252915	0.8672077500200711	0.876791838322008	0.876791838322008	0.876791838322008	0.0	0.903326924701793	0.903326924701793	0.903326924701793	0.0	0.905189944644653	0.905189944644653	0.905189944644653	0.0	0.31531567260545584	0.2620699081692281	0.4147504557240602	0.31531567260545584	0.2620699081692281	0.4147504557240602	0.4404374799561403	0.4404374799561403	0.4404374799561403	0.0	0.2991269789809508	0.2991269789809508	0.2991269789809508	0.0	0.3371735918602707	0.3371735918602707	0.3371735918602707	0.0	0.895876589252915	0.8672077500200711	0.2620699081692281	0.4147504557240602	24	PPARG	5435
17	PPARG	LogisticRegression	mono+di	0.0	0.895876589252915	0.8682635952537061	0.0	0.895876589252915	0.8682635952537061	0.8819845329892404	0.8819845329892404	0.8819845329892404	0.0	0.9082910364990714	0.9082910364990714	0.9082910364990714	0.0	0.9098643019462802	0.9098643019462802	0.9098643019462802	0.0	0.0	0.2675307260896571	0.4214953332285007	0.0	0.2675307260896571	0.4214953332285007	0.44518259370214847	0.44518259370214847	0.44518259370214847	0.0	0.30068406079755305	0.30068406079755305	0.30068406079755305	0.0	0.33982642323324885	0.33982642323324885	0.33982642323324885	0.0	0.895876589252915	0.8682635952537061	0.2675307260896571	0.4214953332285007	24	PPARG	5435
17	PPARG	Single best mono PWM	mono	0.8908295525351525	0.8865259459192375	0.8682635952537061	0.0	0.0	0.0	0.8682635952537061	0.8682635952537061	0.8682635952537061	0.0	0.8865259459192375	0.8865259459192375	0.8865259459192375	0.0	0.8908295525351525	0.8908295525351525	0.8908295525351525	0.0	0.3055614671048225	0.2675307260896571	0.4214953332285007	0.0	0.0	0.0	0.4214953332285007	0.4214953332285007	0.4214953332285007	0.0	0.2675307260896571	0.2675307260896571	0.2675307260896571	0.0	0.3055614671048225	0.3055614671048225	0.3055614671048225	0.0	0.8865259459192375	0.8682635952537061	0.2675307260896571	0.4214953332285007	24	PPARG	5435
17	PPARG	XGBClassifier	mono	0.8908295525351525	0.8865259459192375	0.8682635952537061	0.8908295525351525	0.8865259459192375	0.8682635952537061	0.8660316504323318	0.8660316504323318	0.8660316504323318	0.0	0.884132852297647	0.884132852297647	0.884132852297647	0.0	0.9390974038993978	0.9390974038993978	0.9390974038993978	0.0	0.3055614671048225	0.2675307260896571	0.4214953332285007	0.3055614671048225	0.2675307260896571	0.4214953332285007	0.39826623301936204	0.39826623301936204	0.39826623301936204	0.0	0.27551995948399244	0.27551995948399244	0.27551995948399244	0.0	0.5346097942960448	0.5346097942960448	0.5346097942960448	0.0	0.8865259459192375	0.8682635952537061	0.2675307260896571	0.4214953332285007	24	PPARG	5435
11	PPARG	Single best di PWM	di	0.0	0.0	0.0	0.8943951721851581	0.895876589252915	0.8672077500200711	0.8672077500200711	0.8672077500200711	0.8672077500200711	0.0	0.895876589252915	0.895876589252915	0.895876589252915	0.0	0.8943951721851581	0.8943951721851581	0.8943951721851581	0.0	0.0	0.0	0.0	0.31531567260545584	0.2620699081692281	0.4147504557240602	0.4147504557240602	0.4147504557240602	0.4147504557240602	0.0	0.2620699081692281	0.2620699081692281	0.2620699081692281	0.0	0.31531567260545584	0.31531567260545584	0.31531567260545584	0.0	0.895876589252915	0.8672077500200711	0.2620699081692281	0.4147504557240602	24	PPARG	5435
11	PPARG	XGBClassifier	di	0.8943951721851581	0.895876589252915	0.8672077500200711	0.8943951721851581	0.895876589252915	0.8672077500200711	0.8739072027835902	0.8739072027835902	0.8739072027835902	0.0	0.8981735868773293	0.8981735868773293	0.8981735868773293	0.0	0.9449979972484932	0.9449979972484932	0.9449979972484932	0.0	0.31531567260545584	0.2620699081692281	0.4147504557240602	0.31531567260545584	0.2620699081692281	0.4147504557240602	0.41426026345934414	0.41426026345934414	0.41426026345934414	0.0	0.25866314831661574	0.25866314831661574	0.25866314831661574	0.0	0.5356670907844153	0.5356670907844153	0.5356670907844153	0.0	0.895876589252915	0.8672077500200711	0.2620699081692281	0.4147504557240602	24	PPARG	5435
17	PPARG	XGBClassifier	mono+di	0.0	0.895876589252915	0.8682635952537061	0.0	0.895876589252915	0.8682635952537061	0.8772810145004057	0.8772810145004057	0.8772810145004057	0.0	0.8999440617253253	0.8999440617253253	0.8999440617253253	0.0	0.9542462752767679	0.9542462752767679	0.9542462752767679	0.0	0.0	0.2675307260896571	0.4214953332285007	0.0	0.2675307260896571	0.4214953332285007	0.4157823379087506	0.4157823379087506	0.4157823379087506	0.0	0.27261936044520396	0.27261936044520396	0.27261936044520396	0.0	0.5840838253069537	0.5840838253069537	0.5840838253069537	0.0	0.895876589252915	0.8682635952537061	0.2675307260896571	0.4214953332285007	24	PPARG	5435
17	PPARG	Single best mono PWM	mono	0.8908295525351525	0.8865259459192375	0.8682635952537061	0.0	0.0	0.0	0.8682635952537061	0.8682635952537061	0.8682635952537061	0.0	0.8865259459192375	0.8865259459192375	0.8865259459192375	0.0	0.8908295525351525	0.8908295525351525	0.8908295525351525	0.0	0.3055614671048225	0.2675307260896571	0.4214953332285007	0.0	0.0	0.0	0.4214953332285007	0.4214953332285007	0.4214953332285007	0.0	0.2675307260896571	0.2675307260896571	0.2675307260896571	0.0	0.3055614671048225	0.3055614671048225	0.3055614671048225	0.0	0.8865259459192375	0.8682635952537061	0.2675307260896571	0.4214953332285007	24	PPARG	5435
17	PPARG	BaggingClassifier_XGBClassifier	mono	0.8908295525351525	0.8865259459192375	0.8682635952537061	0.8908295525351525	0.8865259459192375	0.8682635952537061	0.8692948925122315	0.8692948925122315	0.8692948925122315	0.0	0.8885069776553541	0.8885069776553541	0.8885069776553541	0.0	0.9536089724141288	0.9536089724141288	0.9536089724141288	0.0	0.3055614671048225	0.2675307260896571	0.4214953332285007	0.3055614671048225	0.2675307260896571	0.4214953332285007	0.4008889297456925	0.4008889297456925	0.4008889297456925	0.0	0.2635569580882429	0.2635569580882429	0.2635569580882429	0.0	0.5544876613914537	0.5544876613914537	0.5544876613914537	0.0	0.8865259459192375	0.8682635952537061	0.2675307260896571	0.4214953332285007	24	PPARG	5435
11	PPARG	Single best di PWM	di	0.0	0.0	0.0	0.8943951721851581	0.895876589252915	0.8672077500200711	0.8672077500200711	0.8672077500200711	0.8672077500200711	0.0	0.895876589252915	0.895876589252915	0.895876589252915	0.0	0.8943951721851581	0.8943951721851581	0.8943951721851581	0.0	0.0	0.0	0.0	0.31531567260545584	0.2620699081692281	0.4147504557240602	0.4147504557240602	0.4147504557240602	0.4147504557240602	0.0	0.2620699081692281	0.2620699081692281	0.2620699081692281	0.0	0.31531567260545584	0.31531567260545584	0.31531567260545584	0.0	0.895876589252915	0.8672077500200711	0.2620699081692281	0.4147504557240602	24	PPARG	5435
11	PPARG	BaggingClassifier_XGBClassifier	di	0.8943951721851581	0.895876589252915	0.8672077500200711	0.8943951721851581	0.895876589252915	0.8672077500200711	0.875151449384763	0.875151449384763	0.875151449384763	0.0	0.897904353383673	0.897904353383673	0.897904353383673	0.0	0.9544687757946926	0.9544687757946926	0.9544687757946926	0.0	0.31531567260545584	0.2620699081692281	0.4147504557240602	0.31531567260545584	0.2620699081692281	0.4147504557240602	0.41457005716391715	0.41457005716391715	0.41457005716391715	0.0	0.26519794719831435	0.26519794719831435	0.26519794719831435	0.0	0.5600252388836784	0.5600252388836784	0.5600252388836784	0.0	0.895876589252915	0.8672077500200711	0.2620699081692281	0.4147504557240602	24	PPARG	5435
17	PPARG	BaggingClassifier_XGBClassifier	mono+di	0.0	0.895876589252915	0.8682635952537061	0.0	0.895876589252915	0.8682635952537061	0.8809112272123814	0.8809112272123814	0.8809112272123814	0.0	0.9035128299169811	0.9035128299169811	0.9035128299169811	0.0	0.9651442509454055	0.9651442509454055	0.9651442509454055	0.0	0.0	0.2675307260896571	0.4214953332285007	0.0	0.2675307260896571	0.4214953332285007	0.42255813716778956	0.42255813716778956	0.42255813716778956	0.0	0.29181314346034193	0.29181314346034193	0.29181314346034193	0.0	0.6098027915778803	0.6098027915778803	0.6098027915778803	0.0	0.895876589252915	0.8682635952537061	0.2675307260896571	0.4214953332285007	24	PPARG	5435
17	PPARG	Single best mono PWM	mono	0.8908295525351525	0.8865259459192375	0.8682635952537061	0.0	0.0	0.0	0.8682635952537061	0.8682635952537061	0.8682635952537061	0.0	0.8865259459192375	0.8865259459192375	0.8865259459192375	0.0	0.8908295525351525	0.8908295525351525	0.8908295525351525	0.0	0.3055614671048225	0.2675307260896571	0.4214953332285007	0.0	0.0	0.0	0.4214953332285007	0.4214953332285007	0.4214953332285007	0.0	0.2675307260896571	0.2675307260896571	0.2675307260896571	0.0	0.3055614671048225	0.3055614671048225	0.3055614671048225	0.0	0.8865259459192375	0.8682635952537061	0.2675307260896571	0.4214953332285007	24	PPARG	5435
17	PPARG	BaggingClassifier_LogisticRegression	mono	0.8908295525351525	0.8865259459192375	0.8682635952537061	0.8908295525351525	0.8865259459192375	0.8682635952537061	0.8729986315971056	0.8729986315971056	0.8729986315971056	0.0	0.8898924793383228	0.8898924793383228	0.8898924793383228	0.0	0.8962676974681719	0.8962676974681719	0.8962676974681719	0.0	0.3055614671048225	0.2675307260896571	0.4214953332285007	0.3055614671048225	0.2675307260896571	0.4214953332285007	0.42252986119078356	0.42252986119078356	0.42252986119078356	0.0	0.2648014350381564	0.2648014350381564	0.2648014350381564	0.0	0.3152663903543416	0.3152663903543416	0.3152663903543416	0.0	0.8865259459192375	0.8682635952537061	0.2675307260896571	0.4214953332285007	24	PPARG	5435
11	PPARG	Single best di PWM	di	0.0	0.0	0.0	0.8943951721851581	0.895876589252915	0.8672077500200711	0.8672077500200711	0.8672077500200711	0.8672077500200711	0.0	0.895876589252915	0.895876589252915	0.895876589252915	0.0	0.8943951721851581	0.8943951721851581	0.8943951721851581	0.0	0.0	0.0	0.0	0.31531567260545584	0.2620699081692281	0.4147504557240602	0.4147504557240602	0.4147504557240602	0.4147504557240602	0.0	0.2620699081692281	0.2620699081692281	0.2620699081692281	0.0	0.31531567260545584	0.31531567260545584	0.31531567260545584	0.0	0.895876589252915	0.8672077500200711	0.2620699081692281	0.4147504557240602	24	PPARG	5435
11	PPARG	BaggingClassifier_LogisticRegression	di	0.8943951721851581	0.895876589252915	0.8672077500200711	0.8943951721851581	0.895876589252915	0.8672077500200711	0.8767516977295874	0.8767516977295874	0.8767516977295874	0.0	0.9033690240280834	0.9033690240280834	0.9033690240280834	0.0	0.9051398787241054	0.9051398787241054	0.9051398787241054	0.0	0.31531567260545584	0.2620699081692281	0.4147504557240602	0.31531567260545584	0.2620699081692281	0.4147504557240602	0.4404923705136527	0.4404923705136527	0.4404923705136527	0.0	0.29952249168424144	0.29952249168424144	0.29952249168424144	0.0	0.33712215841405757	0.33712215841405757	0.33712215841405757	0.0	0.895876589252915	0.8672077500200711	0.2620699081692281	0.4147504557240602	24	PPARG	5435
17	PPARG	BaggingClassifier_LogisticRegression	mono+di	0.0	0.895876589252915	0.8682635952537061	0.0	0.895876589252915	0.8682635952537061	0.8818791427836048	0.8818791427836048	0.8818791427836048	0.0	0.9084087244694167	0.9084087244694167	0.9084087244694167	0.0	0.9097892980900039	0.9097892980900039	0.9097892980900039	0.0	0.0	0.2675307260896571	0.4214953332285007	0.0	0.2675307260896571	0.4214953332285007	0.4452540790402171	0.4452540790402171	0.4452540790402171	0.0	0.3010360735241256	0.3010360735241256	0.3010360735241256	0.0	0.33983987806873645	0.33983987806873645	0.33983987806873645	0.0	0.895876589252915	0.8682635952537061	0.2675307260896571	0.4214953332285007	24	PPARG	5435
19	PRGR	Single best mono PWM	mono	0.8502398531148992	0.8254313139152667	0.861836282548721	0.0	0.0	0.0	0.861836282548721	0.861836282548721	0.861836282548721	0.0	0.8254313139152667	0.8254313139152667	0.8254313139152667	0.0	0.8502398531148992	0.8502398531148992	0.8502398531148992	0.0	0.07193417101775605	0.059772176848223973	0.1127229094166115	0.0	0.0	0.0	0.1127229094166115	0.1127229094166115	0.1127229094166115	0.0	0.059772176848223973	0.059772176848223973	0.059772176848223973	0.0	0.07193417101775605	0.07193417101775605	0.07193417101775605	0.0	0.8254313139152667	0.861836282548721	0.059772176848223973	0.1127229094166115	25	PRGR	1260
19	PRGR	RandomForestClassifier	mono	0.8502398531148992	0.8254313139152667	0.861836282548721	0.8502398531148992	0.8254313139152667	0.861836282548721	0.8743101896788112	0.8743101896788112	0.8743101896788112	0.0	0.857293530861943	0.857293530861943	0.857293530861943	0.0	0.9206998237868124	0.9206998237868124	0.9206998237868124	0.0	0.07193417101775605	0.059772176848223973	0.1127229094166115	0.07193417101775605	0.059772176848223973	0.1127229094166115	0.11543839231964972	0.11543839231964972	0.11543839231964972	0.0	0.07350814827695179	0.07350814827695179	0.07350814827695179	0.0	0.24427305077378997	0.24427305077378997	0.24427305077378997	0.0	0.8254313139152667	0.861836282548721	0.059772176848223973	0.1127229094166115	25	PRGR	1260
9	PRGR	Single best di PWM	di	0.0	0.0	0.0	0.8636217534462097	0.8312616987764792	0.8435870209839105	0.8435870209839105	0.8435870209839105	0.8435870209839105	0.0	0.8312616987764792	0.8312616987764792	0.8312616987764792	0.0	0.8636217534462097	0.8636217534462097	0.8636217534462097	0.0	0.0	0.0	0.0	0.08332164388044963	0.05325806706703445	0.12321004205272167	0.12321004205272167	0.12321004205272167	0.12321004205272167	0.0	0.05325806706703445	0.05325806706703445	0.05325806706703445	0.0	0.08332164388044963	0.08332164388044963	0.08332164388044963	0.0	0.8312616987764792	0.8435870209839105	0.05325806706703445	0.12321004205272167	25	PRGR	1260
9	PRGR	RandomForestClassifier	di	0.8636217534462097	0.8312616987764792	0.8435870209839105	0.8636217534462097	0.8312616987764792	0.8435870209839105	0.8708349800650611	0.8708349800650611	0.8708349800650611	0.0	0.8589799808254199	0.8589799808254199	0.8589799808254199	0.0	0.9155233021064204	0.9155233021064204	0.9155233021064204	0.0	0.08332164388044963	0.05325806706703445	0.12321004205272167	0.08332164388044963	0.05325806706703445	0.12321004205272167	0.11683785940378871	0.11683785940378871	0.11683785940378871	0.0	0.06889938795140074	0.06889938795140074	0.06889938795140074	0.0	0.22317616907952334	0.22317616907952334	0.22317616907952334	0.0	0.8312616987764792	0.8435870209839105	0.05325806706703445	0.12321004205272167	25	PRGR	1260
19	PRGR	RandomForestClassifier	mono+di	0.0	0.8312616987764792	0.861836282548721	0.0	0.8312616987764792	0.861836282548721	0.8809387934157793	0.8809387934157793	0.8809387934157793	0.0	0.8637348201241783	0.8637348201241783	0.8637348201241783	0.0	0.9264151672855138	0.9264151672855138	0.9264151672855138	0.0	0.0	0.059772176848223973	0.12321004205272167	0.0	0.059772176848223973	0.12321004205272167	0.11946212358626283	0.11946212358626283	0.11946212358626283	0.0	0.06907955834333104	0.06907955834333104	0.06907955834333104	0.0	0.2607437924260995	0.2607437924260995	0.2607437924260995	0.0	0.8312616987764792	0.861836282548721	0.059772176848223973	0.12321004205272167	25	PRGR	1260
19	PRGR	Single best mono PWM	mono	0.8502398531148992	0.8254313139152667	0.861836282548721	0.0	0.0	0.0	0.861836282548721	0.861836282548721	0.861836282548721	0.0	0.8254313139152667	0.8254313139152667	0.8254313139152667	0.0	0.8502398531148992	0.8502398531148992	0.8502398531148992	0.0	0.07193417101775605	0.059772176848223973	0.1127229094166115	0.0	0.0	0.0	0.1127229094166115	0.1127229094166115	0.1127229094166115	0.0	0.059772176848223973	0.059772176848223973	0.059772176848223973	0.0	0.07193417101775605	0.07193417101775605	0.07193417101775605	0.0	0.8254313139152667	0.861836282548721	0.059772176848223973	0.1127229094166115	25	PRGR	1260
19	PRGR	LogisticRegression	mono	0.8502398531148992	0.8254313139152667	0.861836282548721	0.8502398531148992	0.8254313139152667	0.861836282548721	0.8828389115599241	0.8828389115599241	0.8828389115599241	0.0	0.8629258354638423	0.8629258354638423	0.8629258354638423	0.0	0.8912564610615662	0.8912564610615662	0.8912564610615662	0.0	0.07193417101775605	0.059772176848223973	0.1127229094166115	0.07193417101775605	0.059772176848223973	0.1127229094166115	0.11560232941884005	0.11560232941884005	0.11560232941884005	0.0	0.08921592826646615	0.08921592826646615	0.08921592826646615	0.0	0.10068480378957925	0.10068480378957925	0.10068480378957925	0.0	0.8254313139152667	0.861836282548721	0.059772176848223973	0.1127229094166115	25	PRGR	1260
9	PRGR	Single best di PWM	di	0.0	0.0	0.0	0.8636217534462097	0.8312616987764792	0.8435870209839105	0.8435870209839105	0.8435870209839105	0.8435870209839105	0.0	0.8312616987764792	0.8312616987764792	0.8312616987764792	0.0	0.8636217534462097	0.8636217534462097	0.8636217534462097	0.0	0.0	0.0	0.0	0.08332164388044963	0.05325806706703445	0.12321004205272167	0.12321004205272167	0.12321004205272167	0.12321004205272167	0.0	0.05325806706703445	0.05325806706703445	0.05325806706703445	0.0	0.08332164388044963	0.08332164388044963	0.08332164388044963	0.0	0.8312616987764792	0.8435870209839105	0.05325806706703445	0.12321004205272167	25	PRGR	1260
9	PRGR	LogisticRegression	di	0.8636217534462097	0.8312616987764792	0.8435870209839105	0.8636217534462097	0.8312616987764792	0.8435870209839105	0.8737354105968432	0.8737354105968432	0.8737354105968432	0.0	0.8609668896092039	0.8609668896092039	0.8609668896092039	0.0	0.8869387492959185	0.8869387492959185	0.8869387492959185	0.0	0.08332164388044963	0.05325806706703445	0.12321004205272167	0.08332164388044963	0.05325806706703445	0.12321004205272167	0.12697483652580566	0.12697483652580566	0.12697483652580566	0.0	0.07132859330465778	0.07132859330465778	0.07132859330465778	0.0	0.09011825603677573	0.09011825603677573	0.09011825603677573	0.0	0.8312616987764792	0.8435870209839105	0.05325806706703445	0.12321004205272167	25	PRGR	1260
19	PRGR	LogisticRegression	mono+di	0.0	0.8312616987764792	0.861836282548721	0.0	0.8312616987764792	0.861836282548721	0.8906203760664445	0.8906203760664445	0.8906203760664445	0.0	0.8686036796932067	0.8686036796932067	0.8686036796932067	0.0	0.9002419141656148	0.9002419141656148	0.9002419141656148	0.0	0.0	0.059772176848223973	0.12321004205272167	0.0	0.059772176848223973	0.12321004205272167	0.1279839554007002	0.1279839554007002	0.1279839554007002	0.0	0.08427403361346009	0.08427403361346009	0.08427403361346009	0.0	0.11006692946173266	0.11006692946173266	0.11006692946173266	0.0	0.8312616987764792	0.861836282548721	0.059772176848223973	0.12321004205272167	25	PRGR	1260
19	PRGR	Single best mono PWM	mono	0.8502398531148992	0.8254313139152667	0.861836282548721	0.0	0.0	0.0	0.861836282548721	0.861836282548721	0.861836282548721	0.0	0.8254313139152667	0.8254313139152667	0.8254313139152667	0.0	0.8502398531148992	0.8502398531148992	0.8502398531148992	0.0	0.07193417101775605	0.059772176848223973	0.1127229094166115	0.0	0.0	0.0	0.1127229094166115	0.1127229094166115	0.1127229094166115	0.0	0.059772176848223973	0.059772176848223973	0.059772176848223973	0.0	0.07193417101775605	0.07193417101775605	0.07193417101775605	0.0	0.8254313139152667	0.861836282548721	0.059772176848223973	0.1127229094166115	25	PRGR	1260
19	PRGR	XGBClassifier	mono	0.8502398531148992	0.8254313139152667	0.861836282548721	0.8502398531148992	0.8254313139152667	0.861836282548721	0.8697964191618595	0.8697964191618595	0.8697964191618595	0.0	0.8586106989590943	0.8586106989590943	0.8586106989590943	0.0	0.9451345972494148	0.9451345972494148	0.9451345972494148	0.0	0.07193417101775605	0.059772176848223973	0.1127229094166115	0.07193417101775605	0.059772176848223973	0.1127229094166115	0.10289600092652328	0.10289600092652328	0.10289600092652328	0.0	0.07737630292643305	0.07737630292643305	0.07737630292643305	0.0	0.3224879024635802	0.3224879024635802	0.3224879024635802	0.0	0.8254313139152667	0.861836282548721	0.059772176848223973	0.1127229094166115	25	PRGR	1260
9	PRGR	Single best di PWM	di	0.0	0.0	0.0	0.8636217534462097	0.8312616987764792	0.8435870209839105	0.8435870209839105	0.8435870209839105	0.8435870209839105	0.0	0.8312616987764792	0.8312616987764792	0.8312616987764792	0.0	0.8636217534462097	0.8636217534462097	0.8636217534462097	0.0	0.0	0.0	0.0	0.08332164388044963	0.05325806706703445	0.12321004205272167	0.12321004205272167	0.12321004205272167	0.12321004205272167	0.0	0.05325806706703445	0.05325806706703445	0.05325806706703445	0.0	0.08332164388044963	0.08332164388044963	0.08332164388044963	0.0	0.8312616987764792	0.8435870209839105	0.05325806706703445	0.12321004205272167	25	PRGR	1260
9	PRGR	XGBClassifier	di	0.8636217534462097	0.8312616987764792	0.8435870209839105	0.8636217534462097	0.8312616987764792	0.8435870209839105	0.8645666117497063	0.8645666117497063	0.8645666117497063	0.0	0.8458639974433892	0.8458639974433892	0.8458639974433892	0.0	0.9348128619138572	0.9348128619138572	0.9348128619138572	0.0	0.08332164388044963	0.05325806706703445	0.12321004205272167	0.08332164388044963	0.05325806706703445	0.12321004205272167	0.12102118583292736	0.12102118583292736	0.12102118583292736	0.0	0.05940742086232581	0.05940742086232581	0.05940742086232581	0.0	0.28266159817201336	0.28266159817201336	0.28266159817201336	0.0	0.8312616987764792	0.8435870209839105	0.05325806706703445	0.12321004205272167	25	PRGR	1260
19	PRGR	XGBClassifier	mono+di	0.0	0.8312616987764792	0.861836282548721	0.0	0.8312616987764792	0.861836282548721	0.876295707033238	0.876295707033238	0.876295707033238	0.0	0.8652557181336742	0.8652557181336742	0.8652557181336742	0.0	0.9569646793084868	0.9569646793084868	0.9569646793084868	0.0	0.0	0.059772176848223973	0.12321004205272167	0.0	0.059772176848223973	0.12321004205272167	0.10091600371066742	0.10091600371066742	0.10091600371066742	0.0	0.08603928662334408	0.08603928662334408	0.08603928662334408	0.0	0.36485053568589915	0.36485053568589915	0.36485053568589915	0.0	0.8312616987764792	0.861836282548721	0.059772176848223973	0.12321004205272167	25	PRGR	1260
19	PRGR	Single best mono PWM	mono	0.8502398531148992	0.8254313139152667	0.861836282548721	0.0	0.0	0.0	0.861836282548721	0.861836282548721	0.861836282548721	0.0	0.8254313139152667	0.8254313139152667	0.8254313139152667	0.0	0.8502398531148992	0.8502398531148992	0.8502398531148992	0.0	0.07193417101775605	0.059772176848223973	0.1127229094166115	0.0	0.0	0.0	0.1127229094166115	0.1127229094166115	0.1127229094166115	0.0	0.059772176848223973	0.059772176848223973	0.059772176848223973	0.0	0.07193417101775605	0.07193417101775605	0.07193417101775605	0.0	0.8254313139152667	0.861836282548721	0.059772176848223973	0.1127229094166115	25	PRGR	1260
19	PRGR	BaggingClassifier_XGBClassifier	mono	0.8502398531148992	0.8254313139152667	0.861836282548721	0.8502398531148992	0.8254313139152667	0.861836282548721	0.8707684251338846	0.8707684251338846	0.8707684251338846	0.0	0.8617950488495252	0.8617950488495252	0.8617950488495252	0.0	0.9666462223732774	0.9666462223732774	0.9666462223732774	0.0	0.07193417101775605	0.059772176848223973	0.1127229094166115	0.07193417101775605	0.059772176848223973	0.1127229094166115	0.10280093692510792	0.10280093692510792	0.10280093692510792	0.0	0.08765510028482869	0.08765510028482869	0.08765510028482869	0.0	0.3869960498632866	0.3869960498632866	0.3869960498632866	0.0	0.8254313139152667	0.861836282548721	0.059772176848223973	0.1127229094166115	25	PRGR	1260
9	PRGR	Single best di PWM	di	0.0	0.0	0.0	0.8636217534462097	0.8312616987764792	0.8435870209839105	0.8435870209839105	0.8435870209839105	0.8435870209839105	0.0	0.8312616987764792	0.8312616987764792	0.8312616987764792	0.0	0.8636217534462097	0.8636217534462097	0.8636217534462097	0.0	0.0	0.0	0.0	0.08332164388044963	0.05325806706703445	0.12321004205272167	0.12321004205272167	0.12321004205272167	0.12321004205272167	0.0	0.05325806706703445	0.05325806706703445	0.05325806706703445	0.0	0.08332164388044963	0.08332164388044963	0.08332164388044963	0.0	0.8312616987764792	0.8435870209839105	0.05325806706703445	0.12321004205272167	25	PRGR	1260
9	PRGR	BaggingClassifier_XGBClassifier	di	0.8636217534462097	0.8312616987764792	0.8435870209839105	0.8636217534462097	0.8312616987764792	0.8435870209839105	0.8706775863378816	0.8706775863378816	0.8706775863378816	0.0	0.8553885705807158	0.8553885705807158	0.8553885705807158	0.0	0.9548274195804606	0.9548274195804606	0.9548274195804606	0.0	0.08332164388044963	0.05325806706703445	0.12321004205272167	0.08332164388044963	0.05325806706703445	0.12321004205272167	0.13128535592596144	0.13128535592596144	0.13128535592596144	0.0	0.07228701656706368	0.07228701656706368	0.07228701656706368	0.0	0.3177052659101601	0.3177052659101601	0.3177052659101601	0.0	0.8312616987764792	0.8435870209839105	0.05325806706703445	0.12321004205272167	25	PRGR	1260
19	PRGR	BaggingClassifier_XGBClassifier	mono+di	0.0	0.8312616987764792	0.861836282548721	0.0	0.8312616987764792	0.861836282548721	0.880996343318493	0.880996343318493	0.880996343318493	0.0	0.8707515750547845	0.8707515750547845	0.8707515750547845	0.0	0.9740675407649237	0.9740675407649237	0.9740675407649237	0.0	0.0	0.059772176848223973	0.12321004205272167	0.0	0.059772176848223973	0.12321004205272167	0.11523713836159795	0.11523713836159795	0.11523713836159795	0.0	0.09118705468004695	0.09118705468004695	0.09118705468004695	0.0	0.44282752917895973	0.44282752917895973	0.44282752917895973	0.0	0.8312616987764792	0.861836282548721	0.059772176848223973	0.12321004205272167	25	PRGR	1260
19	PRGR	Single best mono PWM	mono	0.8502398531148992	0.8254313139152667	0.861836282548721	0.0	0.0	0.0	0.861836282548721	0.861836282548721	0.861836282548721	0.0	0.8254313139152667	0.8254313139152667	0.8254313139152667	0.0	0.8502398531148992	0.8502398531148992	0.8502398531148992	0.0	0.07193417101775605	0.059772176848223973	0.1127229094166115	0.0	0.0	0.0	0.1127229094166115	0.1127229094166115	0.1127229094166115	0.0	0.059772176848223973	0.059772176848223973	0.059772176848223973	0.0	0.07193417101775605	0.07193417101775605	0.07193417101775605	0.0	0.8254313139152667	0.861836282548721	0.059772176848223973	0.1127229094166115	25	PRGR	1260
19	PRGR	BaggingClassifier_LogisticRegression	mono	0.8502398531148992	0.8254313139152667	0.861836282548721	0.8502398531148992	0.8254313139152667	0.861836282548721	0.8821253887589636	0.8821253887589636	0.8821253887589636	0.0	0.8624566289262235	0.8624566289262235	0.8624566289262235	0.0	0.8909096527116248	0.8909096527116248	0.8909096527116248	0.0	0.07193417101775605	0.059772176848223973	0.1127229094166115	0.07193417101775605	0.059772176848223973	0.1127229094166115	0.11536138322605823	0.11536138322605823	0.11536138322605823	0.0	0.08889682040242045	0.08889682040242045	0.08889682040242045	0.0	0.10089352584140845	0.10089352584140845	0.10089352584140845	0.0	0.8254313139152667	0.861836282548721	0.059772176848223973	0.1127229094166115	25	PRGR	1260
9	PRGR	Single best di PWM	di	0.0	0.0	0.0	0.8636217534462097	0.8312616987764792	0.8435870209839105	0.8435870209839105	0.8435870209839105	0.8435870209839105	0.0	0.8312616987764792	0.8312616987764792	0.8312616987764792	0.0	0.8636217534462097	0.8636217534462097	0.8636217534462097	0.0	0.0	0.0	0.0	0.08332164388044963	0.05325806706703445	0.12321004205272167	0.12321004205272167	0.12321004205272167	0.12321004205272167	0.0	0.05325806706703445	0.05325806706703445	0.05325806706703445	0.0	0.08332164388044963	0.08332164388044963	0.08332164388044963	0.0	0.8312616987764792	0.8435870209839105	0.05325806706703445	0.12321004205272167	25	PRGR	1260
9	PRGR	BaggingClassifier_LogisticRegression	di	0.8636217534462097	0.8312616987764792	0.8435870209839105	0.8636217534462097	0.8312616987764792	0.8435870209839105	0.8733259789220167	0.8733259789220167	0.8733259789220167	0.0	0.8605929852994887	0.8605929852994887	0.8605929852994887	0.0	0.8869283443140796	0.8869283443140796	0.8869283443140796	0.0	0.08332164388044963	0.05325806706703445	0.12321004205272167	0.08332164388044963	0.05325806706703445	0.12321004205272167	0.12696463617385867	0.12696463617385867	0.12696463617385867	0.0	0.07097273706737722	0.07097273706737722	0.07097273706737722	0.0	0.09007993021417388	0.09007993021417388	0.09007993021417388	0.0	0.8312616987764792	0.8435870209839105	0.05325806706703445	0.12321004205272167	25	PRGR	1260
19	PRGR	BaggingClassifier_LogisticRegression	mono+di	0.0	0.8312616987764792	0.861836282548721	0.0	0.8312616987764792	0.861836282548721	0.8901588569300277	0.8901588569300277	0.8901588569300277	0.0	0.8676847836011687	0.8676847836011687	0.8676847836011687	0.0	0.8998433269028551	0.8998433269028551	0.8998433269028551	0.0	0.0	0.059772176848223973	0.12321004205272167	0.0	0.059772176848223973	0.12321004205272167	0.12655608824551148	0.12655608824551148	0.12655608824551148	0.0	0.08386938269358629	0.08386938269358629	0.08386938269358629	0.0	0.10993877784110753	0.10993877784110753	0.10993877784110753	0.0	0.8312616987764792	0.861836282548721	0.059772176848223973	0.12321004205272167	25	PRGR	1260
70	REST	Single best mono PWM	mono	0.9712898300020372	0.9780809275327595	0.9557608616998972	0.0	0.0	0.0	0.9557608616998972	0.9557608616998972	0.9557608616998972	0.0	0.9780809275327595	0.9780809275327595	0.9780809275327595	0.0	0.9712898300020372	0.9712898300020372	0.9712898300020372	0.0	0.8714039823057559	0.9309415356973773	0.7424425004165226	0.0	0.0	0.0	0.7424425004165226	0.7424425004165226	0.7424425004165226	0.0	0.9309415356973773	0.9309415356973773	0.9309415356973773	0.0	0.8714039823057559	0.8714039823057559	0.8714039823057559	0.0	0.9780809275327595	0.9557608616998972	0.9309415356973773	0.7424425004165226	26	REST	10000
70	REST	RandomForestClassifier	mono	0.9712898300020372	0.9780809275327595	0.9557608616998972	0.9712898300020372	0.9780809275327595	0.9557608616998972	0.9682631989854469	0.9682631989854469	0.9682631989854469	0.0	0.986434991075051	0.986434991075051	0.986434991075051	0.0	0.9888927582226044	0.9888927582226044	0.9888927582226044	0.0	0.8714039823057559	0.9309415356973773	0.7424425004165226	0.8714039823057559	0.9309415356973773	0.7424425004165226	0.7765287570998298	0.7765287570998298	0.7765287570998298	0.0	0.9637766393982143	0.9637766393982143	0.9637766393982143	0.0	0.9526545974588966	0.9526545974588966	0.9526545974588966	0.0	0.9780809275327595	0.9557608616998972	0.9309415356973773	0.7424425004165226	26	REST	10000
36	REST	Single best di PWM	di	0.0	0.0	0.0	0.9816145795323359	0.9862440180621431	0.9577990996000636	0.9577990996000636	0.9577990996000636	0.9577990996000636	0.0	0.9862440180621431	0.9862440180621431	0.9862440180621431	0.0	0.9816145795323359	0.9816145795323359	0.9816145795323359	0.0	0.0	0.0	0.0	0.9017174131639795	0.9565888376390396	0.7742951633980247	0.7742951633980247	0.7742951633980247	0.7742951633980247	0.0	0.9565888376390396	0.9565888376390396	0.9565888376390396	0.0	0.9017174131639795	0.9017174131639795	0.9017174131639795	0.0	0.9862440180621431	0.9577990996000636	0.9565888376390396	0.7742951633980247	26	REST	10000
36	REST	RandomForestClassifier	di	0.9816145795323359	0.9862440180621431	0.9577990996000636	0.9816145795323359	0.9862440180621431	0.9577990996000636	0.9683009618177061	0.9683009618177061	0.9683009618177061	0.0	0.98991962815158	0.98991962815158	0.98991962815158	0.0	0.9892480041650633	0.9892480041650633	0.9892480041650633	0.0	0.9017174131639795	0.9565888376390396	0.7742951633980247	0.9017174131639795	0.9565888376390396	0.7742951633980247	0.805760947534583	0.805760947534583	0.805760947534583	0.0	0.9663608620751684	0.9663608620751684	0.9663608620751684	0.0	0.9536993646321891	0.9536993646321891	0.9536993646321891	0.0	0.9862440180621431	0.9577990996000636	0.9565888376390396	0.7742951633980247	26	REST	10000
70	REST	RandomForestClassifier	mono+di	0.0	0.9862440180621431	0.9577990996000636	0.0	0.9862440180621431	0.9577990996000636	0.9709033734499569	0.9709033734499569	0.9709033734499569	0.0	0.9904928905613426	0.9904928905613426	0.9904928905613426	0.0	0.9909251169160423	0.9909251169160423	0.9909251169160423	0.0	0.0	0.9565888376390396	0.7742951633980247	0.0	0.9565888376390396	0.7742951633980247	0.819279506637987	0.819279506637987	0.819279506637987	0.0	0.970748897304193	0.970748897304193	0.970748897304193	0.0	0.9628273231797744	0.9628273231797744	0.9628273231797744	0.0	0.9862440180621431	0.9577990996000636	0.9565888376390396	0.7742951633980247	26	REST	10000
70	REST	Single best mono PWM	mono	0.9712898300020372	0.9780809275327595	0.9557608616998972	0.0	0.0	0.0	0.9557608616998972	0.9557608616998972	0.9557608616998972	0.0	0.9780809275327595	0.9780809275327595	0.9780809275327595	0.0	0.9712898300020372	0.9712898300020372	0.9712898300020372	0.0	0.8714039823057559	0.9309415356973773	0.7424425004165226	0.0	0.0	0.0	0.7424425004165226	0.7424425004165226	0.7424425004165226	0.0	0.9309415356973773	0.9309415356973773	0.9309415356973773	0.0	0.8714039823057559	0.8714039823057559	0.8714039823057559	0.0	0.9780809275327595	0.9557608616998972	0.9309415356973773	0.7424425004165226	26	REST	10000
70	REST	LogisticRegression	mono	0.9712898300020372	0.9780809275327595	0.9557608616998972	0.9712898300020372	0.9780809275327595	0.9557608616998972	0.9700939832333644	0.9700939832333644	0.9700939832333644	0.0	0.9932913080477606	0.9932913080477606	0.9932913080477606	0.0	0.989923653711207	0.989923653711207	0.989923653711207	0.0	0.8714039823057559	0.9309415356973773	0.7424425004165226	0.8714039823057559	0.9309415356973773	0.7424425004165226	0.8413843996600895	0.8413843996600895	0.8413843996600895	0.0	0.9774777289554577	0.9774777289554577	0.9774777289554577	0.0	0.9398377186656817	0.9398377186656817	0.9398377186656817	0.0	0.9780809275327595	0.9557608616998972	0.9309415356973773	0.7424425004165226	26	REST	10000
36	REST	Single best di PWM	di	0.0	0.0	0.0	0.9816145795323359	0.9862440180621431	0.9577990996000636	0.9577990996000636	0.9577990996000636	0.9577990996000636	0.0	0.9862440180621431	0.9862440180621431	0.9862440180621431	0.0	0.9816145795323359	0.9816145795323359	0.9816145795323359	0.0	0.0	0.0	0.0	0.9017174131639795	0.9565888376390396	0.7742951633980247	0.7742951633980247	0.7742951633980247	0.7742951633980247	0.0	0.9565888376390396	0.9565888376390396	0.9565888376390396	0.0	0.9017174131639795	0.9017174131639795	0.9017174131639795	0.0	0.9862440180621431	0.9577990996000636	0.9565888376390396	0.7742951633980247	26	REST	10000
36	REST	LogisticRegression	di	0.9816145795323359	0.9862440180621431	0.9577990996000636	0.9816145795323359	0.9862440180621431	0.9577990996000636	0.969940665965607	0.969940665965607	0.969940665965607	0.0	0.9932732312719552	0.9932732312719552	0.9932732312719552	0.0	0.9885477126106346	0.9885477126106346	0.9885477126106346	0.0	0.9017174131639795	0.9565888376390396	0.7742951633980247	0.9017174131639795	0.9565888376390396	0.7742951633980247	0.8028196288304771	0.8028196288304771	0.8028196288304771	0.0	0.9755803783400459	0.9755803783400459	0.9755803783400459	0.0	0.9287049329709256	0.9287049329709256	0.9287049329709256	0.0	0.9862440180621431	0.9577990996000636	0.9565888376390396	0.7742951633980247	26	REST	10000
70	REST	LogisticRegression	mono+di	0.0	0.9862440180621431	0.9577990996000636	0.0	0.9862440180621431	0.9577990996000636	0.972306293330997	0.972306293330997	0.972306293330997	0.0	0.9956187587083113	0.9956187587083113	0.9956187587083113	0.0	0.9921261690472416	0.9921261690472416	0.9921261690472416	0.0	0.0	0.9565888376390396	0.7742951633980247	0.0	0.9565888376390396	0.7742951633980247	0.8546248605905312	0.8546248605905312	0.8546248605905312	0.0	0.985600150443975	0.985600150443975	0.985600150443975	0.0	0.9524845250837661	0.9524845250837661	0.9524845250837661	0.0	0.9862440180621431	0.9577990996000636	0.9565888376390396	0.7742951633980247	26	REST	10000
70	REST	Single best mono PWM	mono	0.9712898300020372	0.9780809275327595	0.9557608616998972	0.0	0.0	0.0	0.9557608616998972	0.9557608616998972	0.9557608616998972	0.0	0.9780809275327595	0.9780809275327595	0.9780809275327595	0.0	0.9712898300020372	0.9712898300020372	0.9712898300020372	0.0	0.8714039823057559	0.9309415356973773	0.7424425004165226	0.0	0.0	0.0	0.7424425004165226	0.7424425004165226	0.7424425004165226	0.0	0.9309415356973773	0.9309415356973773	0.9309415356973773	0.0	0.8714039823057559	0.8714039823057559	0.8714039823057559	0.0	0.9780809275327595	0.9557608616998972	0.9309415356973773	0.7424425004165226	26	REST	10000
70	REST	XGBClassifier	mono	0.9712898300020372	0.9780809275327595	0.9557608616998972	0.9712898300020372	0.9780809275327595	0.9557608616998972	0.9713408487164482	0.9713408487164482	0.9713408487164482	0.0	0.9891201421985392	0.9891201421985392	0.9891201421985392	0.0	0.9978041809086176	0.9978041809086176	0.9978041809086176	0.0	0.8714039823057559	0.9309415356973773	0.7424425004165226	0.8714039823057559	0.9309415356973773	0.7424425004165226	0.8252467788185744	0.8252467788185744	0.8252467788185744	0.0	0.9668044869205557	0.9668044869205557	0.9668044869205557	0.0	0.9872236282140219	0.9872236282140219	0.9872236282140219	0.0	0.9780809275327595	0.9557608616998972	0.9309415356973773	0.7424425004165226	26	REST	10000
36	REST	Single best di PWM	di	0.0	0.0	0.0	0.9816145795323359	0.9862440180621431	0.9577990996000636	0.9577990996000636	0.9577990996000636	0.9577990996000636	0.0	0.9862440180621431	0.9862440180621431	0.9862440180621431	0.0	0.9816145795323359	0.9816145795323359	0.9816145795323359	0.0	0.0	0.0	0.0	0.9017174131639795	0.9565888376390396	0.7742951633980247	0.7742951633980247	0.7742951633980247	0.7742951633980247	0.0	0.9565888376390396	0.9565888376390396	0.9565888376390396	0.0	0.9017174131639795	0.9017174131639795	0.9017174131639795	0.0	0.9862440180621431	0.9577990996000636	0.9565888376390396	0.7742951633980247	26	REST	10000
36	REST	XGBClassifier	di	0.9816145795323359	0.9862440180621431	0.9577990996000636	0.9816145795323359	0.9862440180621431	0.9577990996000636	0.9733767714489335	0.9733767714489335	0.9733767714489335	0.0	0.9879396437132446	0.9879396437132446	0.9879396437132446	0.0	0.9972630361953053	0.9972630361953053	0.9972630361953053	0.0	0.9017174131639795	0.9565888376390396	0.7742951633980247	0.9017174131639795	0.9565888376390396	0.7742951633980247	0.7949529891936691	0.7949529891936691	0.7949529891936691	0.0	0.9622619590192136	0.9622619590192136	0.9622619590192136	0.0	0.9832825098699732	0.9832825098699732	0.9832825098699732	0.0	0.9862440180621431	0.9577990996000636	0.9565888376390396	0.7742951633980247	26	REST	10000
70	REST	XGBClassifier	mono+di	0.0	0.9862440180621431	0.9577990996000636	0.0	0.9862440180621431	0.9577990996000636	0.9754008961094214	0.9754008961094214	0.9754008961094214	0.0	0.9928337089091575	0.9928337089091575	0.9928337089091575	0.0	0.9987867664169138	0.9987867664169138	0.9987867664169138	0.0	0.0	0.9565888376390396	0.7742951633980247	0.0	0.9565888376390396	0.7742951633980247	0.844787094408019	0.844787094408019	0.844787094408019	0.0	0.979677698418208	0.979677698418208	0.979677698418208	0.0	0.9907845051141958	0.9907845051141958	0.9907845051141958	0.0	0.9862440180621431	0.9577990996000636	0.9565888376390396	0.7742951633980247	26	REST	10000
70	REST	Single best mono PWM	mono	0.9712898300020372	0.9780809275327595	0.9557608616998972	0.0	0.0	0.0	0.9557608616998972	0.9557608616998972	0.9557608616998972	0.0	0.9780809275327595	0.9780809275327595	0.9780809275327595	0.0	0.9712898300020372	0.9712898300020372	0.9712898300020372	0.0	0.8714039823057559	0.9309415356973773	0.7424425004165226	0.0	0.0	0.0	0.7424425004165226	0.7424425004165226	0.7424425004165226	0.0	0.9309415356973773	0.9309415356973773	0.9309415356973773	0.0	0.8714039823057559	0.8714039823057559	0.8714039823057559	0.0	0.9780809275327595	0.9557608616998972	0.9309415356973773	0.7424425004165226	26	REST	10000
70	REST	BaggingClassifier_XGBClassifier	mono	0.9712898300020372	0.9780809275327595	0.9557608616998972	0.9712898300020372	0.9780809275327595	0.9557608616998972	0.9715684510789218	0.9715684510789218	0.9715684510789218	0.0	0.9910262097031955	0.9910262097031955	0.9910262097031955	0.0	0.9991434549652534	0.9991434549652534	0.9991434549652534	0.0	0.8714039823057559	0.9309415356973773	0.7424425004165226	0.8714039823057559	0.9309415356973773	0.7424425004165226	0.8248359826589148	0.8248359826589148	0.8248359826589148	0.0	0.971604677674593	0.971604677674593	0.971604677674593	0.0	0.991522038586678	0.991522038586678	0.991522038586678	0.0	0.9780809275327595	0.9557608616998972	0.9309415356973773	0.7424425004165226	26	REST	10000
36	REST	Single best di PWM	di	0.0	0.0	0.0	0.9816145795323359	0.9862440180621431	0.9577990996000636	0.9577990996000636	0.9577990996000636	0.9577990996000636	0.0	0.9862440180621431	0.9862440180621431	0.9862440180621431	0.0	0.9816145795323359	0.9816145795323359	0.9816145795323359	0.0	0.0	0.0	0.0	0.9017174131639795	0.9565888376390396	0.7742951633980247	0.7742951633980247	0.7742951633980247	0.7742951633980247	0.0	0.9565888376390396	0.9565888376390396	0.9565888376390396	0.0	0.9017174131639795	0.9017174131639795	0.9017174131639795	0.0	0.9862440180621431	0.9577990996000636	0.9565888376390396	0.7742951633980247	26	REST	10000
36	REST	BaggingClassifier_XGBClassifier	di	0.9816145795323359	0.9862440180621431	0.9577990996000636	0.9816145795323359	0.9862440180621431	0.9577990996000636	0.9742593271530284	0.9742593271530284	0.9742593271530284	0.0	0.9908081408504913	0.9908081408504913	0.9908081408504913	0.0	0.9986485793512462	0.9986485793512462	0.9986485793512462	0.0	0.9017174131639795	0.9565888376390396	0.7742951633980247	0.9017174131639795	0.9565888376390396	0.7742951633980247	0.8162649567827789	0.8162649567827789	0.8162649567827789	0.0	0.9695321194432768	0.9695321194432768	0.9695321194432768	0.0	0.9873389016106594	0.9873389016106594	0.9873389016106594	0.0	0.9862440180621431	0.9577990996000636	0.9565888376390396	0.7742951633980247	26	REST	10000
70	REST	BaggingClassifier_XGBClassifier	mono+di	0.0	0.9862440180621431	0.9577990996000636	0.0	0.9862440180621431	0.9577990996000636	0.9780818743494023	0.9780818743494023	0.9780818743494023	0.0	0.9940578132867828	0.9940578132867828	0.9940578132867828	0.0	0.9995706818027481	0.9995706818027481	0.9995706818027481	0.0	0.0	0.9565888376390396	0.7742951633980247	0.0	0.9565888376390396	0.7742951633980247	0.8525640111126371	0.8525640111126371	0.8525640111126371	0.0	0.9821757577526978	0.9821757577526978	0.9821757577526978	0.0	0.9942576083346321	0.9942576083346321	0.9942576083346321	0.0	0.9862440180621431	0.9577990996000636	0.9565888376390396	0.7742951633980247	26	REST	10000
70	REST	Single best mono PWM	mono	0.9712898300020372	0.9780809275327595	0.9557608616998972	0.0	0.0	0.0	0.9557608616998972	0.9557608616998972	0.9557608616998972	0.0	0.9780809275327595	0.9780809275327595	0.9780809275327595	0.0	0.9712898300020372	0.9712898300020372	0.9712898300020372	0.0	0.8714039823057559	0.9309415356973773	0.7424425004165226	0.0	0.0	0.0	0.7424425004165226	0.7424425004165226	0.7424425004165226	0.0	0.9309415356973773	0.9309415356973773	0.9309415356973773	0.0	0.8714039823057559	0.8714039823057559	0.8714039823057559	0.0	0.9780809275327595	0.9557608616998972	0.9309415356973773	0.7424425004165226	26	REST	10000
70	REST	BaggingClassifier_LogisticRegression	mono	0.9712898300020372	0.9780809275327595	0.9557608616998972	0.9712898300020372	0.9780809275327595	0.9557608616998972	0.9700939494763631	0.9700939494763631	0.9700939494763631	0.0	0.9932203967255181	0.9932203967255181	0.9932203967255181	0.0	0.9899408884713764	0.9899408884713764	0.9899408884713764	0.0	0.8714039823057559	0.9309415356973773	0.7424425004165226	0.8714039823057559	0.9309415356973773	0.7424425004165226	0.8420147200007683	0.8420147200007683	0.8420147200007683	0.0	0.977320950516263	0.977320950516263	0.977320950516263	0.0	0.9397188326539364	0.9397188326539364	0.9397188326539364	0.0	0.9780809275327595	0.9557608616998972	0.9309415356973773	0.7424425004165226	26	REST	10000
36	REST	Single best di PWM	di	0.0	0.0	0.0	0.9816145795323359	0.9862440180621431	0.9577990996000636	0.9577990996000636	0.9577990996000636	0.9577990996000636	0.0	0.9862440180621431	0.9862440180621431	0.9862440180621431	0.0	0.9816145795323359	0.9816145795323359	0.9816145795323359	0.0	0.0	0.0	0.0	0.9017174131639795	0.9565888376390396	0.7742951633980247	0.7742951633980247	0.7742951633980247	0.7742951633980247	0.0	0.9565888376390396	0.9565888376390396	0.9565888376390396	0.0	0.9017174131639795	0.9017174131639795	0.9017174131639795	0.0	0.9862440180621431	0.9577990996000636	0.9565888376390396	0.7742951633980247	26	REST	10000
36	REST	BaggingClassifier_LogisticRegression	di	0.9816145795323359	0.9862440180621431	0.9577990996000636	0.9816145795323359	0.9862440180621431	0.9577990996000636	0.9701633355862475	0.9701633355862475	0.9701633355862475	0.0	0.9932652445507644	0.9932652445507644	0.9932652445507644	0.0	0.9885828616700998	0.9885828616700998	0.9885828616700998	0.0	0.9017174131639795	0.9565888376390396	0.7742951633980247	0.9017174131639795	0.9565888376390396	0.7742951633980247	0.8034645469648961	0.8034645469648961	0.8034645469648961	0.0	0.9755500347576446	0.9755500347576446	0.9755500347576446	0.0	0.9287511143024824	0.9287511143024824	0.9287511143024824	0.0	0.9862440180621431	0.9577990996000636	0.9565888376390396	0.7742951633980247	26	REST	10000
70	REST	BaggingClassifier_LogisticRegression	mono+di	0.0	0.9862440180621431	0.9577990996000636	0.0	0.9862440180621431	0.9577990996000636	0.9724120146332889	0.9724120146332889	0.9724120146332889	0.0	0.9955756648996303	0.9955756648996303	0.9955756648996303	0.0	0.9921566260723907	0.9921566260723907	0.9921566260723907	0.0	0.0	0.9565888376390396	0.7742951633980247	0.0	0.9565888376390396	0.7742951633980247	0.8551977327758613	0.8551977327758613	0.8551977327758613	0.0	0.9854831115977737	0.9854831115977737	0.9854831115977737	0.0	0.9524901697002993	0.9524901697002993	0.9524901697002993	0.0	0.9862440180621431	0.9577990996000636	0.9565888376390396	0.7742951633980247	26	REST	10000
39	RUNX1	Single best mono PWM	mono	0.8652312176278942	0.8704972544023477	0.7940336559307262	0.0	0.0	0.0	0.7940336559307262	0.7940336559307262	0.7940336559307262	0.0	0.8704972544023477	0.8704972544023477	0.8704972544023477	0.0	0.8652312176278942	0.8652312176278942	0.8652312176278942	0.0	0.21927707644286829	0.1692612746452011	0.09637752161602524	0.0	0.0	0.0	0.09637752161602524	0.09637752161602524	0.09637752161602524	0.0	0.1692612746452011	0.1692612746452011	0.1692612746452011	0.0	0.21927707644286829	0.21927707644286829	0.21927707644286829	0.0	0.8704972544023477	0.7940336559307262	0.1692612746452011	0.09637752161602524	27	RUNX1	10000
39	RUNX1	RandomForestClassifier	mono	0.8652312176278942	0.8704972544023477	0.7940336559307262	0.8652312176278942	0.8704972544023477	0.7940336559307262	0.8014407307503455	0.8014407307503455	0.8014407307503455	0.0	0.8822057001780298	0.8822057001780298	0.8822057001780298	0.0	0.893913333158644	0.893913333158644	0.893913333158644	0.0	0.21927707644286829	0.1692612746452011	0.09637752161602524	0.21927707644286829	0.1692612746452011	0.09637752161602524	0.11163901265129697	0.11163901265129697	0.11163901265129697	0.0	0.1856927285146226	0.1856927285146226	0.1856927285146226	0.0	0.315587087447593	0.315587087447593	0.315587087447593	0.0	0.8704972544023477	0.7940336559307262	0.1692612746452011	0.09637752161602524	27	RUNX1	10000
20	RUNX1	Single best di PWM	di	0.0	0.0	0.0	0.8709337484387146	0.8745876036791479	0.7798282084081933	0.7798282084081933	0.7798282084081933	0.7798282084081933	0.0	0.8745876036791479	0.8745876036791479	0.8745876036791479	0.0	0.8709337484387146	0.8709337484387146	0.8709337484387146	0.0	0.0	0.0	0.0	0.23512099870972505	0.17216718983654322	0.10567937415332797	0.10567937415332797	0.10567937415332797	0.10567937415332797	0.0	0.17216718983654322	0.17216718983654322	0.17216718983654322	0.0	0.23512099870972505	0.23512099870972505	0.23512099870972505	0.0	0.8745876036791479	0.7798282084081933	0.17216718983654322	0.10567937415332797	27	RUNX1	10000
20	RUNX1	RandomForestClassifier	di	0.8709337484387146	0.8745876036791479	0.7798282084081933	0.8709337484387146	0.8745876036791479	0.7798282084081933	0.8093101681325988	0.8093101681325988	0.8093101681325988	0.0	0.8936328485255316	0.8936328485255316	0.8936328485255316	0.0	0.899990334005887	0.899990334005887	0.899990334005887	0.0	0.23512099870972505	0.17216718983654322	0.10567937415332797	0.23512099870972505	0.17216718983654322	0.10567937415332797	0.11845057334467295	0.11845057334467295	0.11845057334467295	0.0	0.19889267724512424	0.19889267724512424	0.19889267724512424	0.0	0.33186818090454484	0.33186818090454484	0.33186818090454484	0.0	0.8745876036791479	0.7798282084081933	0.17216718983654322	0.10567937415332797	27	RUNX1	10000
39	RUNX1	RandomForestClassifier	mono+di	0.0	0.8745876036791479	0.7940336559307262	0.0	0.8745876036791479	0.7940336559307262	0.8081593709532187	0.8081593709532187	0.8081593709532187	0.0	0.8922754853780717	0.8922754853780717	0.8922754853780717	0.0	0.9005305197442548	0.9005305197442548	0.9005305197442548	0.0	0.0	0.17216718983654322	0.10567937415332797	0.0	0.17216718983654322	0.10567937415332797	0.11656185613692377	0.11656185613692377	0.11656185613692377	0.0	0.20184829318334743	0.20184829318334743	0.20184829318334743	0.0	0.3368649975164004	0.3368649975164004	0.3368649975164004	0.0	0.8745876036791479	0.7940336559307262	0.17216718983654322	0.10567937415332797	27	RUNX1	10000
39	RUNX1	Single best mono PWM	mono	0.8652312176278942	0.8704972544023477	0.7940336559307262	0.0	0.0	0.0	0.7940336559307262	0.7940336559307262	0.7940336559307262	0.0	0.8704972544023477	0.8704972544023477	0.8704972544023477	0.0	0.8652312176278942	0.8652312176278942	0.8652312176278942	0.0	0.21927707644286829	0.1692612746452011	0.09637752161602524	0.0	0.0	0.0	0.09637752161602524	0.09637752161602524	0.09637752161602524	0.0	0.1692612746452011	0.1692612746452011	0.1692612746452011	0.0	0.21927707644286829	0.21927707644286829	0.21927707644286829	0.0	0.8704972544023477	0.7940336559307262	0.1692612746452011	0.09637752161602524	27	RUNX1	10000
39	RUNX1	LogisticRegression	mono	0.8652312176278942	0.8704972544023477	0.7940336559307262	0.8652312176278942	0.8704972544023477	0.7940336559307262	0.814914495389349	0.814914495389349	0.814914495389349	0.0	0.8887687597603735	0.8887687597603735	0.8887687597603735	0.0	0.8853870950484325	0.8853870950484325	0.8853870950484325	0.0	0.21927707644286829	0.1692612746452011	0.09637752161602524	0.21927707644286829	0.1692612746452011	0.09637752161602524	0.12756396383070476	0.12756396383070476	0.12756396383070476	0.0	0.1997611466871471	0.1997611466871471	0.1997611466871471	0.0	0.26694662938471037	0.26694662938471037	0.26694662938471037	0.0	0.8704972544023477	0.7940336559307262	0.1692612746452011	0.09637752161602524	27	RUNX1	10000
20	RUNX1	Single best di PWM	di	0.0	0.0	0.0	0.8709337484387146	0.8745876036791479	0.7798282084081933	0.7798282084081933	0.7798282084081933	0.7798282084081933	0.0	0.8745876036791479	0.8745876036791479	0.8745876036791479	0.0	0.8709337484387146	0.8709337484387146	0.8709337484387146	0.0	0.0	0.0	0.0	0.23512099870972505	0.17216718983654322	0.10567937415332797	0.10567937415332797	0.10567937415332797	0.10567937415332797	0.0	0.17216718983654322	0.17216718983654322	0.17216718983654322	0.0	0.23512099870972505	0.23512099870972505	0.23512099870972505	0.0	0.8745876036791479	0.7798282084081933	0.17216718983654322	0.10567937415332797	27	RUNX1	10000
20	RUNX1	LogisticRegression	di	0.8709337484387146	0.8745876036791479	0.7798282084081933	0.8709337484387146	0.8745876036791479	0.7798282084081933	0.8151973255070984	0.8151973255070984	0.8151973255070984	0.0	0.8964002859955564	0.8964002859955564	0.8964002859955564	0.0	0.8879897204098212	0.8879897204098212	0.8879897204098212	0.0	0.23512099870972505	0.17216718983654322	0.10567937415332797	0.23512099870972505	0.17216718983654322	0.10567937415332797	0.13106543690091255	0.13106543690091255	0.13106543690091255	0.0	0.1995077734586508	0.1995077734586508	0.1995077734586508	0.0	0.26394872981024825	0.26394872981024825	0.26394872981024825	0.0	0.8745876036791479	0.7798282084081933	0.17216718983654322	0.10567937415332797	27	RUNX1	10000
39	RUNX1	LogisticRegression	mono+di	0.0	0.8745876036791479	0.7940336559307262	0.0	0.8745876036791479	0.7940336559307262	0.8212584280290809	0.8212584280290809	0.8212584280290809	0.0	0.8998404891888823	0.8998404891888823	0.8998404891888823	0.0	0.8931221475425588	0.8931221475425588	0.8931221475425588	0.0	0.0	0.17216718983654322	0.10567937415332797	0.0	0.17216718983654322	0.10567937415332797	0.13841400727301378	0.13841400727301378	0.13841400727301378	0.0	0.20664010702329147	0.20664010702329147	0.20664010702329147	0.0	0.2883419118888254	0.2883419118888254	0.2883419118888254	0.0	0.8745876036791479	0.7940336559307262	0.17216718983654322	0.10567937415332797	27	RUNX1	10000
39	RUNX1	Single best mono PWM	mono	0.8652312176278942	0.8704972544023477	0.7940336559307262	0.0	0.0	0.0	0.7940336559307262	0.7940336559307262	0.7940336559307262	0.0	0.8704972544023477	0.8704972544023477	0.8704972544023477	0.0	0.8652312176278942	0.8652312176278942	0.8652312176278942	0.0	0.21927707644286829	0.1692612746452011	0.09637752161602524	0.0	0.0	0.0	0.09637752161602524	0.09637752161602524	0.09637752161602524	0.0	0.1692612746452011	0.1692612746452011	0.1692612746452011	0.0	0.21927707644286829	0.21927707644286829	0.21927707644286829	0.0	0.8704972544023477	0.7940336559307262	0.1692612746452011	0.09637752161602524	27	RUNX1	10000
39	RUNX1	XGBClassifier	mono	0.8652312176278942	0.8704972544023477	0.7940336559307262	0.8652312176278942	0.8704972544023477	0.7940336559307262	0.8012334438437647	0.8012334438437647	0.8012334438437647	0.0	0.885779144975215	0.885779144975215	0.885779144975215	0.0	0.9163698331280734	0.9163698331280734	0.9163698331280734	0.0	0.21927707644286829	0.1692612746452011	0.09637752161602524	0.21927707644286829	0.1692612746452011	0.09637752161602524	0.11185196020025134	0.11185196020025134	0.11185196020025134	0.0	0.19151386629620257	0.19151386629620257	0.19151386629620257	0.0	0.35532343104460945	0.35532343104460945	0.35532343104460945	0.0	0.8704972544023477	0.7940336559307262	0.1692612746452011	0.09637752161602524	27	RUNX1	10000
20	RUNX1	Single best di PWM	di	0.0	0.0	0.0	0.8709337484387146	0.8745876036791479	0.7798282084081933	0.7798282084081933	0.7798282084081933	0.7798282084081933	0.0	0.8745876036791479	0.8745876036791479	0.8745876036791479	0.0	0.8709337484387146	0.8709337484387146	0.8709337484387146	0.0	0.0	0.0	0.0	0.23512099870972505	0.17216718983654322	0.10567937415332797	0.10567937415332797	0.10567937415332797	0.10567937415332797	0.0	0.17216718983654322	0.17216718983654322	0.17216718983654322	0.0	0.23512099870972505	0.23512099870972505	0.23512099870972505	0.0	0.8745876036791479	0.7798282084081933	0.17216718983654322	0.10567937415332797	27	RUNX1	10000
20	RUNX1	XGBClassifier	di	0.8709337484387146	0.8745876036791479	0.7798282084081933	0.8709337484387146	0.8745876036791479	0.7798282084081933	0.8115791941706687	0.8115791941706687	0.8115791941706687	0.0	0.8964647640862984	0.8964647640862984	0.8964647640862984	0.0	0.9169957081029618	0.9169957081029618	0.9169957081029618	0.0	0.23512099870972505	0.17216718983654322	0.10567937415332797	0.23512099870972505	0.17216718983654322	0.10567937415332797	0.11888701242372508	0.11888701242372508	0.11888701242372508	0.0	0.19790425838604073	0.19790425838604073	0.19790425838604073	0.0	0.39177360475688894	0.39177360475688894	0.39177360475688894	0.0	0.8745876036791479	0.7798282084081933	0.17216718983654322	0.10567937415332797	27	RUNX1	10000
39	RUNX1	XGBClassifier	mono+di	0.0	0.8745876036791479	0.7940336559307262	0.0	0.8745876036791479	0.7940336559307262	0.8111261135455978	0.8111261135455978	0.8111261135455978	0.0	0.896160868613365	0.896160868613365	0.896160868613365	0.0	0.9239098926534427	0.9239098926534427	0.9239098926534427	0.0	0.0	0.17216718983654322	0.10567937415332797	0.0	0.17216718983654322	0.10567937415332797	0.1262884299991372	0.1262884299991372	0.1262884299991372	0.0	0.19924096692882115	0.19924096692882115	0.19924096692882115	0.0	0.3952249537300799	0.3952249537300799	0.3952249537300799	0.0	0.8745876036791479	0.7940336559307262	0.17216718983654322	0.10567937415332797	27	RUNX1	10000
39	RUNX1	Single best mono PWM	mono	0.8652312176278942	0.8704972544023477	0.7940336559307262	0.0	0.0	0.0	0.7940336559307262	0.7940336559307262	0.7940336559307262	0.0	0.8704972544023477	0.8704972544023477	0.8704972544023477	0.0	0.8652312176278942	0.8652312176278942	0.8652312176278942	0.0	0.21927707644286829	0.1692612746452011	0.09637752161602524	0.0	0.0	0.0	0.09637752161602524	0.09637752161602524	0.09637752161602524	0.0	0.1692612746452011	0.1692612746452011	0.1692612746452011	0.0	0.21927707644286829	0.21927707644286829	0.21927707644286829	0.0	0.8704972544023477	0.7940336559307262	0.1692612746452011	0.09637752161602524	27	RUNX1	10000
39	RUNX1	BaggingClassifier_XGBClassifier	mono	0.8652312176278942	0.8704972544023477	0.7940336559307262	0.8652312176278942	0.8704972544023477	0.7940336559307262	0.8046168139549629	0.8046168139549629	0.8046168139549629	0.0	0.8878907568574197	0.8878907568574197	0.8878907568574197	0.0	0.9242405639406407	0.9242405639406407	0.9242405639406407	0.0	0.21927707644286829	0.1692612746452011	0.09637752161602524	0.21927707644286829	0.1692612746452011	0.09637752161602524	0.11392317579034847	0.11392317579034847	0.11392317579034847	0.0	0.1954138320081967	0.1954138320081967	0.1954138320081967	0.0	0.36840925384063294	0.36840925384063294	0.36840925384063294	0.0	0.8704972544023477	0.7940336559307262	0.1692612746452011	0.09637752161602524	27	RUNX1	10000
20	RUNX1	Single best di PWM	di	0.0	0.0	0.0	0.8709337484387146	0.8745876036791479	0.7798282084081933	0.7798282084081933	0.7798282084081933	0.7798282084081933	0.0	0.8745876036791479	0.8745876036791479	0.8745876036791479	0.0	0.8709337484387146	0.8709337484387146	0.8709337484387146	0.0	0.0	0.0	0.0	0.23512099870972505	0.17216718983654322	0.10567937415332797	0.10567937415332797	0.10567937415332797	0.10567937415332797	0.0	0.17216718983654322	0.17216718983654322	0.17216718983654322	0.0	0.23512099870972505	0.23512099870972505	0.23512099870972505	0.0	0.8745876036791479	0.7798282084081933	0.17216718983654322	0.10567937415332797	27	RUNX1	10000
20	RUNX1	BaggingClassifier_XGBClassifier	di	0.8709337484387146	0.8745876036791479	0.7798282084081933	0.8709337484387146	0.8745876036791479	0.7798282084081933	0.8125521695370926	0.8125521695370926	0.8125521695370926	0.0	0.8987343151381562	0.8987343151381562	0.8987343151381562	0.0	0.9256616712085878	0.9256616712085878	0.9256616712085878	0.0	0.23512099870972505	0.17216718983654322	0.10567937415332797	0.23512099870972505	0.17216718983654322	0.10567937415332797	0.12207190205715393	0.12207190205715393	0.12207190205715393	0.0	0.2047744128286711	0.2047744128286711	0.2047744128286711	0.0	0.3870989926889229	0.3870989926889229	0.3870989926889229	0.0	0.8745876036791479	0.7798282084081933	0.17216718983654322	0.10567937415332797	27	RUNX1	10000
39	RUNX1	BaggingClassifier_XGBClassifier	mono+di	0.0	0.8745876036791479	0.7940336559307262	0.0	0.8745876036791479	0.7940336559307262	0.814186603910366	0.814186603910366	0.814186603910366	0.0	0.9004957964949372	0.9004957964949372	0.9004957964949372	0.0	0.9320855732865165	0.9320855732865165	0.9320855732865165	0.0	0.0	0.17216718983654322	0.10567937415332797	0.0	0.17216718983654322	0.10567937415332797	0.12710267842630268	0.12710267842630268	0.12710267842630268	0.0	0.20835365155507976	0.20835365155507976	0.20835365155507976	0.0	0.41079571025349243	0.41079571025349243	0.41079571025349243	0.0	0.8745876036791479	0.7940336559307262	0.17216718983654322	0.10567937415332797	27	RUNX1	10000
39	RUNX1	Single best mono PWM	mono	0.8652312176278942	0.8704972544023477	0.7940336559307262	0.0	0.0	0.0	0.7940336559307262	0.7940336559307262	0.7940336559307262	0.0	0.8704972544023477	0.8704972544023477	0.8704972544023477	0.0	0.8652312176278942	0.8652312176278942	0.8652312176278942	0.0	0.21927707644286829	0.1692612746452011	0.09637752161602524	0.0	0.0	0.0	0.09637752161602524	0.09637752161602524	0.09637752161602524	0.0	0.1692612746452011	0.1692612746452011	0.1692612746452011	0.0	0.21927707644286829	0.21927707644286829	0.21927707644286829	0.0	0.8704972544023477	0.7940336559307262	0.1692612746452011	0.09637752161602524	27	RUNX1	10000
39	RUNX1	BaggingClassifier_LogisticRegression	mono	0.8652312176278942	0.8704972544023477	0.7940336559307262	0.8652312176278942	0.8704972544023477	0.7940336559307262	0.814855504301438	0.814855504301438	0.814855504301438	0.0	0.8885700658880091	0.8885700658880091	0.8885700658880091	0.0	0.8853570467468491	0.8853570467468491	0.8853570467468491	0.0	0.21927707644286829	0.1692612746452011	0.09637752161602524	0.21927707644286829	0.1692612746452011	0.09637752161602524	0.1273255890248551	0.1273255890248551	0.1273255890248551	0.0	0.19960132781633985	0.19960132781633985	0.19960132781633985	0.0	0.26708774393722146	0.26708774393722146	0.26708774393722146	0.0	0.8704972544023477	0.7940336559307262	0.1692612746452011	0.09637752161602524	27	RUNX1	10000
20	RUNX1	Single best di PWM	di	0.0	0.0	0.0	0.8709337484387146	0.8745876036791479	0.7798282084081933	0.7798282084081933	0.7798282084081933	0.7798282084081933	0.0	0.8745876036791479	0.8745876036791479	0.8745876036791479	0.0	0.8709337484387146	0.8709337484387146	0.8709337484387146	0.0	0.0	0.0	0.0	0.23512099870972505	0.17216718983654322	0.10567937415332797	0.10567937415332797	0.10567937415332797	0.10567937415332797	0.0	0.17216718983654322	0.17216718983654322	0.17216718983654322	0.0	0.23512099870972505	0.23512099870972505	0.23512099870972505	0.0	0.8745876036791479	0.7798282084081933	0.17216718983654322	0.10567937415332797	27	RUNX1	10000
20	RUNX1	BaggingClassifier_LogisticRegression	di	0.8709337484387146	0.8745876036791479	0.7798282084081933	0.8709337484387146	0.8745876036791479	0.7798282084081933	0.8152087328777654	0.8152087328777654	0.8152087328777654	0.0	0.8964351596399016	0.8964351596399016	0.8964351596399016	0.0	0.8879693040379425	0.8879693040379425	0.8879693040379425	0.0	0.23512099870972505	0.17216718983654322	0.10567937415332797	0.23512099870972505	0.17216718983654322	0.10567937415332797	0.1308927890408085	0.1308927890408085	0.1308927890408085	0.0	0.19940156854684873	0.19940156854684873	0.19940156854684873	0.0	0.26396797282339973	0.26396797282339973	0.26396797282339973	0.0	0.8745876036791479	0.7798282084081933	0.17216718983654322	0.10567937415332797	27	RUNX1	10000
39	RUNX1	BaggingClassifier_LogisticRegression	mono+di	0.0	0.8745876036791479	0.7940336559307262	0.0	0.8745876036791479	0.7940336559307262	0.8212602712891175	0.8212602712891175	0.8212602712891175	0.0	0.8997833918143922	0.8997833918143922	0.8997833918143922	0.0	0.8931116146529361	0.8931116146529361	0.8931116146529361	0.0	0.0	0.17216718983654322	0.10567937415332797	0.0	0.17216718983654322	0.10567937415332797	0.1381542810990679	0.1381542810990679	0.1381542810990679	0.0	0.20649588128244362	0.20649588128244362	0.20649588128244362	0.0	0.28828403212022574	0.28828403212022574	0.28828403212022574	0.0	0.8745876036791479	0.7940336559307262	0.17216718983654322	0.10567937415332797	27	RUNX1	10000
9	RXRA	Single best mono PWM	mono	0.7527212937650865	0.7474783442899975	0.7636988056377928	0.0	0.0	0.0	0.7636988056377928	0.7636988056377928	0.7636988056377928	0.0	0.7474783442899975	0.7474783442899975	0.7474783442899975	0.0	0.7527212937650865	0.7527212937650865	0.7527212937650865	0.0	0.11823805916489591	0.09186924044888903	0.1817188797956739	0.0	0.0	0.0	0.1817188797956739	0.1817188797956739	0.1817188797956739	0.0	0.09186924044888903	0.09186924044888903	0.09186924044888903	0.0	0.11823805916489591	0.11823805916489591	0.11823805916489591	0.0	0.7474783442899975	0.7636988056377928	0.09186924044888903	0.1817188797956739	28	RXRA	3918
9	RXRA	RandomForestClassifier	mono	0.7527212937650865	0.7474783442899975	0.7636988056377928	0.7527212937650865	0.7474783442899975	0.7636988056377928	0.8181744949340298	0.8181744949340298	0.8181744949340298	0.0	0.826751632708223	0.826751632708223	0.826751632708223	0.0	0.8470684931963587	0.8470684931963587	0.8470684931963587	0.0	0.11823805916489591	0.09186924044888903	0.1817188797956739	0.11823805916489591	0.09186924044888903	0.1817188797956739	0.25425876707644385	0.25425876707644385	0.25425876707644385	0.0	0.09115256620291683	0.09115256620291683	0.09115256620291683	0.0	0.237715216516508	0.237715216516508	0.237715216516508	0.0	0.7474783442899975	0.7636988056377928	0.09186924044888903	0.1817188797956739	28	RXRA	3918
4	RXRA	Single best di PWM	di	0.0	0.0	0.0	0.7718587134520329	0.7812152360624633	0.7685059103376845	0.7685059103376845	0.7685059103376845	0.7685059103376845	0.0	0.7812152360624633	0.7812152360624633	0.7812152360624633	0.0	0.7718587134520329	0.7718587134520329	0.7718587134520329	0.0	0.0	0.0	0.0	0.11726458679591084	0.0866801308010546	0.17824419550433174	0.17824419550433174	0.17824419550433174	0.17824419550433174	0.0	0.0866801308010546	0.0866801308010546	0.0866801308010546	0.0	0.11726458679591084	0.11726458679591084	0.11726458679591084	0.0	0.7812152360624633	0.7685059103376845	0.0866801308010546	0.17824419550433174	28	RXRA	3918
4	RXRA	RandomForestClassifier	di	0.7718587134520329	0.7812152360624633	0.7685059103376845	0.7718587134520329	0.7812152360624633	0.7685059103376845	0.7817359192157604	0.7817359192157604	0.7817359192157604	0.0	0.800720207960157	0.800720207960157	0.800720207960157	0.0	0.8176944106627241	0.8176944106627241	0.8176944106627241	0.0	0.11726458679591084	0.0866801308010546	0.17824419550433174	0.11726458679591084	0.0866801308010546	0.17824419550433174	0.2167134191026164	0.2167134191026164	0.2167134191026164	0.0	0.09081116915219009	0.09081116915219009	0.09081116915219009	0.0	0.21496284565725185	0.21496284565725185	0.21496284565725185	0.0	0.7812152360624633	0.7685059103376845	0.0866801308010546	0.17824419550433174	28	RXRA	3918
9	RXRA	RandomForestClassifier	mono+di	0.0	0.7812152360624633	0.7685059103376845	0.0	0.7812152360624633	0.7685059103376845	0.8175789431273885	0.8175789431273885	0.8175789431273885	0.0	0.8246230593081794	0.8246230593081794	0.8246230593081794	0.0	0.8483724273510395	0.8483724273510395	0.8483724273510395	0.0	0.0	0.09186924044888903	0.1817188797956739	0.0	0.09186924044888903	0.1817188797956739	0.25440487757485253	0.25440487757485253	0.25440487757485253	0.0	0.10221985220566321	0.10221985220566321	0.10221985220566321	0.0	0.24668058885001476	0.24668058885001476	0.24668058885001476	0.0	0.7812152360624633	0.7685059103376845	0.09186924044888903	0.1817188797956739	28	RXRA	3918
9	RXRA	Single best mono PWM	mono	0.7527212937650865	0.7474783442899975	0.7636988056377928	0.0	0.0	0.0	0.7636988056377928	0.7636988056377928	0.7636988056377928	0.0	0.7474783442899975	0.7474783442899975	0.7474783442899975	0.0	0.7527212937650865	0.7527212937650865	0.7527212937650865	0.0	0.11823805916489591	0.09186924044888903	0.1817188797956739	0.0	0.0	0.0	0.1817188797956739	0.1817188797956739	0.1817188797956739	0.0	0.09186924044888903	0.09186924044888903	0.09186924044888903	0.0	0.11823805916489591	0.11823805916489591	0.11823805916489591	0.0	0.7474783442899975	0.7636988056377928	0.09186924044888903	0.1817188797956739	28	RXRA	3918
9	RXRA	LogisticRegression	mono	0.7527212937650865	0.7474783442899975	0.7636988056377928	0.7527212937650865	0.7474783442899975	0.7636988056377928	0.8179294653829617	0.8179294653829617	0.8179294653829617	0.0	0.8213671858518639	0.8213671858518639	0.8213671858518639	0.0	0.8227445837412303	0.8227445837412303	0.8227445837412303	0.0	0.11823805916489591	0.09186924044888903	0.1817188797956739	0.11823805916489591	0.09186924044888903	0.1817188797956739	0.2582945598194813	0.2582945598194813	0.2582945598194813	0.0	0.09277619222014558	0.09277619222014558	0.09277619222014558	0.0	0.13543389957842722	0.13543389957842722	0.13543389957842722	0.0	0.7474783442899975	0.7636988056377928	0.09186924044888903	0.1817188797956739	28	RXRA	3918
4	RXRA	Single best di PWM	di	0.0	0.0	0.0	0.7718587134520329	0.7812152360624633	0.7685059103376845	0.7685059103376845	0.7685059103376845	0.7685059103376845	0.0	0.7812152360624633	0.7812152360624633	0.7812152360624633	0.0	0.7718587134520329	0.7718587134520329	0.7718587134520329	0.0	0.0	0.0	0.0	0.11726458679591084	0.0866801308010546	0.17824419550433174	0.17824419550433174	0.17824419550433174	0.17824419550433174	0.0	0.0866801308010546	0.0866801308010546	0.0866801308010546	0.0	0.11726458679591084	0.11726458679591084	0.11726458679591084	0.0	0.7812152360624633	0.7685059103376845	0.0866801308010546	0.17824419550433174	28	RXRA	3918
4	RXRA	LogisticRegression	di	0.7718587134520329	0.7812152360624633	0.7685059103376845	0.7718587134520329	0.7812152360624633	0.7685059103376845	0.7778258998527778	0.7778258998527778	0.7778258998527778	0.0	0.7987192165048781	0.7987192165048781	0.7987192165048781	0.0	0.7971513676355453	0.7971513676355453	0.7971513676355453	0.0	0.11726458679591084	0.0866801308010546	0.17824419550433174	0.11726458679591084	0.0866801308010546	0.17824419550433174	0.22064070664794225	0.22064070664794225	0.22064070664794225	0.0	0.07975839789955101	0.07975839789955101	0.07975839789955101	0.0	0.12567176604754948	0.12567176604754948	0.12567176604754948	0.0	0.7812152360624633	0.7685059103376845	0.0866801308010546	0.17824419550433174	28	RXRA	3918
9	RXRA	LogisticRegression	mono+di	0.0	0.7812152360624633	0.7685059103376845	0.0	0.7812152360624633	0.7685059103376845	0.8167265867541931	0.8167265867541931	0.8167265867541931	0.0	0.8259381192760311	0.8259381192760311	0.8259381192760311	0.0	0.82590655942574	0.82590655942574	0.82590655942574	0.0	0.0	0.09186924044888903	0.1817188797956739	0.0	0.09186924044888903	0.1817188797956739	0.2596067450202998	0.2596067450202998	0.2596067450202998	0.0	0.0972281404681857	0.0972281404681857	0.0972281404681857	0.0	0.13890070046746925	0.13890070046746925	0.13890070046746925	0.0	0.7812152360624633	0.7685059103376845	0.09186924044888903	0.1817188797956739	28	RXRA	3918
9	RXRA	Single best mono PWM	mono	0.7527212937650865	0.7474783442899975	0.7636988056377928	0.0	0.0	0.0	0.7636988056377928	0.7636988056377928	0.7636988056377928	0.0	0.7474783442899975	0.7474783442899975	0.7474783442899975	0.0	0.7527212937650865	0.7527212937650865	0.7527212937650865	0.0	0.11823805916489591	0.09186924044888903	0.1817188797956739	0.0	0.0	0.0	0.1817188797956739	0.1817188797956739	0.1817188797956739	0.0	0.09186924044888903	0.09186924044888903	0.09186924044888903	0.0	0.11823805916489591	0.11823805916489591	0.11823805916489591	0.0	0.7474783442899975	0.7636988056377928	0.09186924044888903	0.1817188797956739	28	RXRA	3918
9	RXRA	XGBClassifier	mono	0.7527212937650865	0.7474783442899975	0.7636988056377928	0.7527212937650865	0.7474783442899975	0.7636988056377928	0.8109597883233721	0.8109597883233721	0.8109597883233721	0.0	0.8165168713500444	0.8165168713500444	0.8165168713500444	0.0	0.8828905506881785	0.8828905506881785	0.8828905506881785	0.0	0.11823805916489591	0.09186924044888903	0.1817188797956739	0.11823805916489591	0.09186924044888903	0.1817188797956739	0.24537247957509922	0.24537247957509922	0.24537247957509922	0.0	0.09412486283113847	0.09412486283113847	0.09412486283113847	0.0	0.278064224050437	0.278064224050437	0.278064224050437	0.0	0.7474783442899975	0.7636988056377928	0.09186924044888903	0.1817188797956739	28	RXRA	3918
4	RXRA	Single best di PWM	di	0.0	0.0	0.0	0.7718587134520329	0.7812152360624633	0.7685059103376845	0.7685059103376845	0.7685059103376845	0.7685059103376845	0.0	0.7812152360624633	0.7812152360624633	0.7812152360624633	0.0	0.7718587134520329	0.7718587134520329	0.7718587134520329	0.0	0.0	0.0	0.0	0.11726458679591084	0.0866801308010546	0.17824419550433174	0.17824419550433174	0.17824419550433174	0.17824419550433174	0.0	0.0866801308010546	0.0866801308010546	0.0866801308010546	0.0	0.11726458679591084	0.11726458679591084	0.11726458679591084	0.0	0.7812152360624633	0.7685059103376845	0.0866801308010546	0.17824419550433174	28	RXRA	3918
4	RXRA	XGBClassifier	di	0.7718587134520329	0.7812152360624633	0.7685059103376845	0.7718587134520329	0.7812152360624633	0.7685059103376845	0.7719996776848856	0.7719996776848856	0.7719996776848856	0.0	0.7902933489677554	0.7902933489677554	0.7902933489677554	0.0	0.8465671827196175	0.8465671827196175	0.8465671827196175	0.0	0.11726458679591084	0.0866801308010546	0.17824419550433174	0.11726458679591084	0.0866801308010546	0.17824419550433174	0.20718012180887616	0.20718012180887616	0.20718012180887616	0.0	0.09020954546046679	0.09020954546046679	0.09020954546046679	0.0	0.22959948035047967	0.22959948035047967	0.22959948035047967	0.0	0.7812152360624633	0.7685059103376845	0.0866801308010546	0.17824419550433174	28	RXRA	3918
9	RXRA	XGBClassifier	mono+di	0.0	0.7812152360624633	0.7685059103376845	0.0	0.7812152360624633	0.7685059103376845	0.8125835744015535	0.8125835744015535	0.8125835744015535	0.0	0.8218932669699857	0.8218932669699857	0.8218932669699857	0.0	0.8886146897216671	0.8886146897216671	0.8886146897216671	0.0	0.0	0.09186924044888903	0.1817188797956739	0.0	0.09186924044888903	0.1817188797956739	0.24267809204467738	0.24267809204467738	0.24267809204467738	0.0	0.10528205429885382	0.10528205429885382	0.10528205429885382	0.0	0.2982391927138739	0.2982391927138739	0.2982391927138739	0.0	0.7812152360624633	0.7685059103376845	0.09186924044888903	0.1817188797956739	28	RXRA	3918
9	RXRA	Single best mono PWM	mono	0.7527212937650865	0.7474783442899975	0.7636988056377928	0.0	0.0	0.0	0.7636988056377928	0.7636988056377928	0.7636988056377928	0.0	0.7474783442899975	0.7474783442899975	0.7474783442899975	0.0	0.7527212937650865	0.7527212937650865	0.7527212937650865	0.0	0.11823805916489591	0.09186924044888903	0.1817188797956739	0.0	0.0	0.0	0.1817188797956739	0.1817188797956739	0.1817188797956739	0.0	0.09186924044888903	0.09186924044888903	0.09186924044888903	0.0	0.11823805916489591	0.11823805916489591	0.11823805916489591	0.0	0.7474783442899975	0.7636988056377928	0.09186924044888903	0.1817188797956739	28	RXRA	3918
9	RXRA	BaggingClassifier_XGBClassifier	mono	0.7527212937650865	0.7474783442899975	0.7636988056377928	0.7527212937650865	0.7474783442899975	0.7636988056377928	0.8155141445142633	0.8155141445142633	0.8155141445142633	0.0	0.8228115628535376	0.8228115628535376	0.8228115628535376	0.0	0.9039332411798843	0.9039332411798843	0.9039332411798843	0.0	0.11823805916489591	0.09186924044888903	0.1817188797956739	0.11823805916489591	0.09186924044888903	0.1817188797956739	0.2565004050422318	0.2565004050422318	0.2565004050422318	0.0	0.09320041570660756	0.09320041570660756	0.09320041570660756	0.0	0.2976590089662842	0.2976590089662842	0.2976590089662842	0.0	0.7474783442899975	0.7636988056377928	0.09186924044888903	0.1817188797956739	28	RXRA	3918
4	RXRA	Single best di PWM	di	0.0	0.0	0.0	0.7718587134520329	0.7812152360624633	0.7685059103376845	0.7685059103376845	0.7685059103376845	0.7685059103376845	0.0	0.7812152360624633	0.7812152360624633	0.7812152360624633	0.0	0.7718587134520329	0.7718587134520329	0.7718587134520329	0.0	0.0	0.0	0.0	0.11726458679591084	0.0866801308010546	0.17824419550433174	0.17824419550433174	0.17824419550433174	0.17824419550433174	0.0	0.0866801308010546	0.0866801308010546	0.0866801308010546	0.0	0.11726458679591084	0.11726458679591084	0.11726458679591084	0.0	0.7812152360624633	0.7685059103376845	0.0866801308010546	0.17824419550433174	28	RXRA	3918
4	RXRA	BaggingClassifier_XGBClassifier	di	0.7718587134520329	0.7812152360624633	0.7685059103376845	0.7718587134520329	0.7812152360624633	0.7685059103376845	0.7767740015430673	0.7767740015430673	0.7767740015430673	0.0	0.79879702043736	0.79879702043736	0.79879702043736	0.0	0.8673622190097122	0.8673622190097122	0.8673622190097122	0.0	0.11726458679591084	0.0866801308010546	0.17824419550433174	0.11726458679591084	0.0866801308010546	0.17824419550433174	0.21526901502667775	0.21526901502667775	0.21526901502667775	0.0	0.09058463894644052	0.09058463894644052	0.09058463894644052	0.0	0.25525509712916233	0.25525509712916233	0.25525509712916233	0.0	0.7812152360624633	0.7685059103376845	0.0866801308010546	0.17824419550433174	28	RXRA	3918
9	RXRA	BaggingClassifier_XGBClassifier	mono+di	0.0	0.7812152360624633	0.7685059103376845	0.0	0.7812152360624633	0.7685059103376845	0.8161638891394811	0.8161638891394811	0.8161638891394811	0.0	0.8248642366871377	0.8248642366871377	0.8248642366871377	0.0	0.9115639094954867	0.9115639094954867	0.9115639094954867	0.0	0.0	0.09186924044888903	0.1817188797956739	0.0	0.09186924044888903	0.1817188797956739	0.25014064766260813	0.25014064766260813	0.25014064766260813	0.0	0.10409735098792931	0.10409735098792931	0.10409735098792931	0.0	0.33022696348814756	0.33022696348814756	0.33022696348814756	0.0	0.7812152360624633	0.7685059103376845	0.09186924044888903	0.1817188797956739	28	RXRA	3918
9	RXRA	Single best mono PWM	mono	0.7527212937650865	0.7474783442899975	0.7636988056377928	0.0	0.0	0.0	0.7636988056377928	0.7636988056377928	0.7636988056377928	0.0	0.7474783442899975	0.7474783442899975	0.7474783442899975	0.0	0.7527212937650865	0.7527212937650865	0.7527212937650865	0.0	0.11823805916489591	0.09186924044888903	0.1817188797956739	0.0	0.0	0.0	0.1817188797956739	0.1817188797956739	0.1817188797956739	0.0	0.09186924044888903	0.09186924044888903	0.09186924044888903	0.0	0.11823805916489591	0.11823805916489591	0.11823805916489591	0.0	0.7474783442899975	0.7636988056377928	0.09186924044888903	0.1817188797956739	28	RXRA	3918
9	RXRA	BaggingClassifier_LogisticRegression	mono	0.7527212937650865	0.7474783442899975	0.7636988056377928	0.7527212937650865	0.7474783442899975	0.7636988056377928	0.8178881168164963	0.8178881168164963	0.8178881168164963	0.0	0.8213936776994208	0.8213936776994208	0.8213936776994208	0.0	0.8227458945701548	0.8227458945701548	0.8227458945701548	0.0	0.11823805916489591	0.09186924044888903	0.1817188797956739	0.11823805916489591	0.09186924044888903	0.1817188797956739	0.25799639457138485	0.25799639457138485	0.25799639457138485	0.0	0.0925933175194547	0.0925933175194547	0.0925933175194547	0.0	0.135537892535767	0.135537892535767	0.135537892535767	0.0	0.7474783442899975	0.7636988056377928	0.09186924044888903	0.1817188797956739	28	RXRA	3918
4	RXRA	Single best di PWM	di	0.0	0.0	0.0	0.7718587134520329	0.7812152360624633	0.7685059103376845	0.7685059103376845	0.7685059103376845	0.7685059103376845	0.0	0.7812152360624633	0.7812152360624633	0.7812152360624633	0.0	0.7718587134520329	0.7718587134520329	0.7718587134520329	0.0	0.0	0.0	0.0	0.11726458679591084	0.0866801308010546	0.17824419550433174	0.17824419550433174	0.17824419550433174	0.17824419550433174	0.0	0.0866801308010546	0.0866801308010546	0.0866801308010546	0.0	0.11726458679591084	0.11726458679591084	0.11726458679591084	0.0	0.7812152360624633	0.7685059103376845	0.0866801308010546	0.17824419550433174	28	RXRA	3918
4	RXRA	BaggingClassifier_LogisticRegression	di	0.7718587134520329	0.7812152360624633	0.7685059103376845	0.7718587134520329	0.7812152360624633	0.7685059103376845	0.7780207834216527	0.7780207834216527	0.7780207834216527	0.0	0.7987036853418534	0.7987036853418534	0.7987036853418534	0.0	0.7972065053970159	0.7972065053970159	0.7972065053970159	0.0	0.11726458679591084	0.0866801308010546	0.17824419550433174	0.11726458679591084	0.0866801308010546	0.17824419550433174	0.22077983786817898	0.22077983786817898	0.22077983786817898	0.0	0.07957473234553811	0.07957473234553811	0.07957473234553811	0.0	0.12564350515209155	0.12564350515209155	0.12564350515209155	0.0	0.7812152360624633	0.7685059103376845	0.0866801308010546	0.17824419550433174	28	RXRA	3918
9	RXRA	BaggingClassifier_LogisticRegression	mono+di	0.0	0.7812152360624633	0.7685059103376845	0.0	0.7812152360624633	0.7685059103376845	0.8168236052030792	0.8168236052030792	0.8168236052030792	0.0	0.825995588811147	0.825995588811147	0.825995588811147	0.0	0.8259080986978794	0.8259080986978794	0.8259080986978794	0.0	0.0	0.09186924044888903	0.1817188797956739	0.0	0.09186924044888903	0.1817188797956739	0.25969738870191333	0.25969738870191333	0.25969738870191333	0.0	0.09701063006491924	0.09701063006491924	0.09701063006491924	0.0	0.13893033103941627	0.13893033103941627	0.13893033103941627	0.0	0.7812152360624633	0.7685059103376845	0.09186924044888903	0.1817188797956739	28	RXRA	3918
30	SOX2	Single best mono PWM	mono	0.8379770188236918	0.8497995234641386	0.8084722883529287	0.0	0.0	0.0	0.8084722883529287	0.8084722883529287	0.8084722883529287	0.0	0.8497995234641386	0.8497995234641386	0.8497995234641386	0.0	0.8379770188236918	0.8379770188236918	0.8379770188236918	0.0	0.1471085355927531	0.09099442962320449	0.13048767670047323	0.0	0.0	0.0	0.13048767670047323	0.13048767670047323	0.13048767670047323	0.0	0.09099442962320449	0.09099442962320449	0.09099442962320449	0.0	0.1471085355927531	0.1471085355927531	0.1471085355927531	0.0	0.8497995234641386	0.8084722883529287	0.09099442962320449	0.13048767670047323	29	SOX2	6374
30	SOX2	RandomForestClassifier	mono	0.8379770188236918	0.8497995234641386	0.8084722883529287	0.8379770188236918	0.8497995234641386	0.8084722883529287	0.8412791129270826	0.8412791129270826	0.8412791129270826	0.0	0.8663858751475337	0.8663858751475337	0.8663858751475337	0.0	0.874925935726595	0.874925935726595	0.874925935726595	0.0	0.1471085355927531	0.09099442962320449	0.13048767670047323	0.1471085355927531	0.09099442962320449	0.13048767670047323	0.18118732635623427	0.18118732635623427	0.18118732635623427	0.0	0.14324277646631414	0.14324277646631414	0.14324277646631414	0.0	0.2965440581664835	0.2965440581664835	0.2965440581664835	0.0	0.8497995234641386	0.8084722883529287	0.09099442962320449	0.13048767670047323	29	SOX2	6374
16	SOX2	Single best di PWM	di	0.0	0.0	0.0	0.8515961921585822	0.8624832223230404	0.8191066281234521	0.8191066281234521	0.8191066281234521	0.8191066281234521	0.0	0.8624832223230404	0.8624832223230404	0.8624832223230404	0.0	0.8515961921585822	0.8515961921585822	0.8515961921585822	0.0	0.0	0.0	0.0	0.16473692468421042	0.09982525126807537	0.1330963688715425	0.1330963688715425	0.1330963688715425	0.1330963688715425	0.0	0.09982525126807537	0.09982525126807537	0.09982525126807537	0.0	0.16473692468421042	0.16473692468421042	0.16473692468421042	0.0	0.8624832223230404	0.8191066281234521	0.09982525126807537	0.1330963688715425	29	SOX2	6374
16	SOX2	RandomForestClassifier	di	0.8515961921585822	0.8624832223230404	0.8191066281234521	0.8515961921585822	0.8624832223230404	0.8191066281234521	0.8503919100778301	0.8503919100778301	0.8503919100778301	0.0	0.8750405411830061	0.8750405411830061	0.8750405411830061	0.0	0.8833377735202916	0.8833377735202916	0.8833377735202916	0.0	0.16473692468421042	0.09982525126807537	0.1330963688715425	0.16473692468421042	0.09982525126807537	0.1330963688715425	0.1841907425694537	0.1841907425694537	0.1841907425694537	0.0	0.1537157610010123	0.1537157610010123	0.1537157610010123	0.0	0.3064701628968515	0.3064701628968515	0.3064701628968515	0.0	0.8624832223230404	0.8191066281234521	0.09982525126807537	0.1330963688715425	29	SOX2	6374
30	SOX2	RandomForestClassifier	mono+di	0.0	0.8624832223230404	0.8191066281234521	0.0	0.8624832223230404	0.8191066281234521	0.8480469035501155	0.8480469035501155	0.8480469035501155	0.0	0.8729323732052174	0.8729323732052174	0.8729323732052174	0.0	0.8823265616122926	0.8823265616122926	0.8823265616122926	0.0	0.0	0.09982525126807537	0.1330963688715425	0.0	0.09982525126807537	0.1330963688715425	0.1849765888353647	0.1849765888353647	0.1849765888353647	0.0	0.15488843883622233	0.15488843883622233	0.15488843883622233	0.0	0.310049852393911	0.310049852393911	0.310049852393911	0.0	0.8624832223230404	0.8191066281234521	0.09982525126807537	0.1330963688715425	29	SOX2	6374
30	SOX2	Single best mono PWM	mono	0.8379770188236918	0.8497995234641386	0.8084722883529287	0.0	0.0	0.0	0.8084722883529287	0.8084722883529287	0.8084722883529287	0.0	0.8497995234641386	0.8497995234641386	0.8497995234641386	0.0	0.8379770188236918	0.8379770188236918	0.8379770188236918	0.0	0.1471085355927531	0.09099442962320449	0.13048767670047323	0.0	0.0	0.0	0.13048767670047323	0.13048767670047323	0.13048767670047323	0.0	0.09099442962320449	0.09099442962320449	0.09099442962320449	0.0	0.1471085355927531	0.1471085355927531	0.1471085355927531	0.0	0.8497995234641386	0.8084722883529287	0.09099442962320449	0.13048767670047323	29	SOX2	6374
30	SOX2	LogisticRegression	mono	0.8379770188236918	0.8497995234641386	0.8084722883529287	0.8379770188236918	0.8497995234641386	0.8084722883529287	0.8486125456682684	0.8486125456682684	0.8486125456682684	0.0	0.8611442541070633	0.8611442541070633	0.8611442541070633	0.0	0.8651865247264731	0.8651865247264731	0.8651865247264731	0.0	0.1471085355927531	0.09099442962320449	0.13048767670047323	0.1471085355927531	0.09099442962320449	0.13048767670047323	0.19594522170040404	0.19594522170040404	0.19594522170040404	0.0	0.114530073310133	0.114530073310133	0.114530073310133	0.0	0.19471584136257447	0.19471584136257447	0.19471584136257447	0.0	0.8497995234641386	0.8084722883529287	0.09099442962320449	0.13048767670047323	29	SOX2	6374
16	SOX2	Single best di PWM	di	0.0	0.0	0.0	0.8515961921585822	0.8624832223230404	0.8191066281234521	0.8191066281234521	0.8191066281234521	0.8191066281234521	0.0	0.8624832223230404	0.8624832223230404	0.8624832223230404	0.0	0.8515961921585822	0.8515961921585822	0.8515961921585822	0.0	0.0	0.0	0.0	0.16473692468421042	0.09982525126807537	0.1330963688715425	0.1330963688715425	0.1330963688715425	0.1330963688715425	0.0	0.09982525126807537	0.09982525126807537	0.09982525126807537	0.0	0.16473692468421042	0.16473692468421042	0.16473692468421042	0.0	0.8624832223230404	0.8191066281234521	0.09982525126807537	0.1330963688715425	29	SOX2	6374
16	SOX2	LogisticRegression	di	0.8515961921585822	0.8624832223230404	0.8191066281234521	0.8515961921585822	0.8624832223230404	0.8191066281234521	0.854124521266743	0.854124521266743	0.854124521266743	0.0	0.8733395359027954	0.8733395359027954	0.8733395359027954	0.0	0.8737563459900277	0.8737563459900277	0.8737563459900277	0.0	0.16473692468421042	0.09982525126807537	0.1330963688715425	0.16473692468421042	0.09982525126807537	0.1330963688715425	0.19573933350373815	0.19573933350373815	0.19573933350373815	0.0	0.12119554858134819	0.12119554858134819	0.12119554858134819	0.0	0.20684346081576802	0.20684346081576802	0.20684346081576802	0.0	0.8624832223230404	0.8191066281234521	0.09982525126807537	0.1330963688715425	29	SOX2	6374
30	SOX2	LogisticRegression	mono+di	0.0	0.8624832223230404	0.8191066281234521	0.0	0.8624832223230404	0.8191066281234521	0.8570399769819534	0.8570399769819534	0.8570399769819534	0.0	0.8740809246556281	0.8740809246556281	0.8740809246556281	0.0	0.8768555537928133	0.8768555537928133	0.8768555537928133	0.0	0.0	0.09982525126807537	0.1330963688715425	0.0	0.09982525126807537	0.1330963688715425	0.1996200477421845	0.1996200477421845	0.1996200477421845	0.0	0.13404624782067778	0.13404624782067778	0.13404624782067778	0.0	0.2191216820923612	0.2191216820923612	0.2191216820923612	0.0	0.8624832223230404	0.8191066281234521	0.09982525126807537	0.1330963688715425	29	SOX2	6374
30	SOX2	Single best mono PWM	mono	0.8379770188236918	0.8497995234641386	0.8084722883529287	0.0	0.0	0.0	0.8084722883529287	0.8084722883529287	0.8084722883529287	0.0	0.8497995234641386	0.8497995234641386	0.8497995234641386	0.0	0.8379770188236918	0.8379770188236918	0.8379770188236918	0.0	0.1471085355927531	0.09099442962320449	0.13048767670047323	0.0	0.0	0.0	0.13048767670047323	0.13048767670047323	0.13048767670047323	0.0	0.09099442962320449	0.09099442962320449	0.09099442962320449	0.0	0.1471085355927531	0.1471085355927531	0.1471085355927531	0.0	0.8497995234641386	0.8084722883529287	0.09099442962320449	0.13048767670047323	29	SOX2	6374
30	SOX2	XGBClassifier	mono	0.8379770188236918	0.8497995234641386	0.8084722883529287	0.8379770188236918	0.8497995234641386	0.8084722883529287	0.8444865377994104	0.8444865377994104	0.8444865377994104	0.0	0.8618791245168467	0.8618791245168467	0.8618791245168467	0.0	0.9126088721595706	0.9126088721595706	0.9126088721595706	0.0	0.1471085355927531	0.09099442962320449	0.13048767670047323	0.1471085355927531	0.09099442962320449	0.13048767670047323	0.1816471221273105	0.1816471221273105	0.1816471221273105	0.0	0.1548606054845481	0.1548606054845481	0.1548606054845481	0.0	0.3839213537548534	0.3839213537548534	0.3839213537548534	0.0	0.8497995234641386	0.8084722883529287	0.09099442962320449	0.13048767670047323	29	SOX2	6374
16	SOX2	Single best di PWM	di	0.0	0.0	0.0	0.8515961921585822	0.8624832223230404	0.8191066281234521	0.8191066281234521	0.8191066281234521	0.8191066281234521	0.0	0.8624832223230404	0.8624832223230404	0.8624832223230404	0.0	0.8515961921585822	0.8515961921585822	0.8515961921585822	0.0	0.0	0.0	0.0	0.16473692468421042	0.09982525126807537	0.1330963688715425	0.1330963688715425	0.1330963688715425	0.1330963688715425	0.0	0.09982525126807537	0.09982525126807537	0.09982525126807537	0.0	0.16473692468421042	0.16473692468421042	0.16473692468421042	0.0	0.8624832223230404	0.8191066281234521	0.09982525126807537	0.1330963688715425	29	SOX2	6374
16	SOX2	XGBClassifier	di	0.8515961921585822	0.8624832223230404	0.8191066281234521	0.8515961921585822	0.8624832223230404	0.8191066281234521	0.853171176269567	0.853171176269567	0.853171176269567	0.0	0.8724544084242042	0.8724544084242042	0.8724544084242042	0.0	0.9133046523771114	0.9133046523771114	0.9133046523771114	0.0	0.16473692468421042	0.09982525126807537	0.1330963688715425	0.16473692468421042	0.09982525126807537	0.1330963688715425	0.18952049973300525	0.18952049973300525	0.18952049973300525	0.0	0.13892765509033467	0.13892765509033467	0.13892765509033467	0.0	0.37401873228425164	0.37401873228425164	0.37401873228425164	0.0	0.8624832223230404	0.8191066281234521	0.09982525126807537	0.1330963688715425	29	SOX2	6374
30	SOX2	XGBClassifier	mono+di	0.0	0.8624832223230404	0.8191066281234521	0.0	0.8624832223230404	0.8191066281234521	0.852073298367021	0.852073298367021	0.852073298367021	0.0	0.8723205574691612	0.8723205574691612	0.8723205574691612	0.0	0.9220864822314571	0.9220864822314571	0.9220864822314571	0.0	0.0	0.09982525126807537	0.1330963688715425	0.0	0.09982525126807537	0.1330963688715425	0.1894110015821818	0.1894110015821818	0.1894110015821818	0.0	0.15581641038941524	0.15581641038941524	0.15581641038941524	0.0	0.4068449409252241	0.4068449409252241	0.4068449409252241	0.0	0.8624832223230404	0.8191066281234521	0.09982525126807537	0.1330963688715425	29	SOX2	6374
30	SOX2	Single best mono PWM	mono	0.8379770188236918	0.8497995234641386	0.8084722883529287	0.0	0.0	0.0	0.8084722883529287	0.8084722883529287	0.8084722883529287	0.0	0.8497995234641386	0.8497995234641386	0.8497995234641386	0.0	0.8379770188236918	0.8379770188236918	0.8379770188236918	0.0	0.1471085355927531	0.09099442962320449	0.13048767670047323	0.0	0.0	0.0	0.13048767670047323	0.13048767670047323	0.13048767670047323	0.0	0.09099442962320449	0.09099442962320449	0.09099442962320449	0.0	0.1471085355927531	0.1471085355927531	0.1471085355927531	0.0	0.8497995234641386	0.8084722883529287	0.09099442962320449	0.13048767670047323	29	SOX2	6374
30	SOX2	BaggingClassifier_XGBClassifier	mono	0.8379770188236918	0.8497995234641386	0.8084722883529287	0.8379770188236918	0.8497995234641386	0.8084722883529287	0.8492988074033405	0.8492988074033405	0.8492988074033405	0.0	0.8662498808131117	0.8662498808131117	0.8662498808131117	0.0	0.9252778857077272	0.9252778857077272	0.9252778857077272	0.0	0.1471085355927531	0.09099442962320449	0.13048767670047323	0.1471085355927531	0.09099442962320449	0.13048767670047323	0.1901169406782547	0.1901169406782547	0.1901169406782547	0.0	0.15225546901159223	0.15225546901159223	0.15225546901159223	0.0	0.39899767662609054	0.39899767662609054	0.39899767662609054	0.0	0.8497995234641386	0.8084722883529287	0.09099442962320449	0.13048767670047323	29	SOX2	6374
16	SOX2	Single best di PWM	di	0.0	0.0	0.0	0.8515961921585822	0.8624832223230404	0.8191066281234521	0.8191066281234521	0.8191066281234521	0.8191066281234521	0.0	0.8624832223230404	0.8624832223230404	0.8624832223230404	0.0	0.8515961921585822	0.8515961921585822	0.8515961921585822	0.0	0.0	0.0	0.0	0.16473692468421042	0.09982525126807537	0.1330963688715425	0.1330963688715425	0.1330963688715425	0.1330963688715425	0.0	0.09982525126807537	0.09982525126807537	0.09982525126807537	0.0	0.16473692468421042	0.16473692468421042	0.16473692468421042	0.0	0.8624832223230404	0.8191066281234521	0.09982525126807537	0.1330963688715425	29	SOX2	6374
16	SOX2	BaggingClassifier_XGBClassifier	di	0.8515961921585822	0.8624832223230404	0.8191066281234521	0.8515961921585822	0.8624832223230404	0.8191066281234521	0.8526352927281182	0.8526352927281182	0.8526352927281182	0.0	0.8755266031750063	0.8755266031750063	0.8755266031750063	0.0	0.9265772127187465	0.9265772127187465	0.9265772127187465	0.0	0.16473692468421042	0.09982525126807537	0.1330963688715425	0.16473692468421042	0.09982525126807537	0.1330963688715425	0.1919351999909137	0.1919351999909137	0.1919351999909137	0.0	0.15445110078640598	0.15445110078640598	0.15445110078640598	0.0	0.3975605463284738	0.3975605463284738	0.3975605463284738	0.0	0.8624832223230404	0.8191066281234521	0.09982525126807537	0.1330963688715425	29	SOX2	6374
30	SOX2	BaggingClassifier_XGBClassifier	mono+di	0.0	0.8624832223230404	0.8191066281234521	0.0	0.8624832223230404	0.8191066281234521	0.8560316922574955	0.8560316922574955	0.8560316922574955	0.0	0.8740091434976618	0.8740091434976618	0.8740091434976618	0.0	0.9363109786593155	0.9363109786593155	0.9363109786593155	0.0	0.0	0.09982525126807537	0.1330963688715425	0.0	0.09982525126807537	0.1330963688715425	0.19662364764967125	0.19662364764967125	0.19662364764967125	0.0	0.15848497658345492	0.15848497658345492	0.15848497658345492	0.0	0.42976861234199826	0.42976861234199826	0.42976861234199826	0.0	0.8624832223230404	0.8191066281234521	0.09982525126807537	0.1330963688715425	29	SOX2	6374
30	SOX2	Single best mono PWM	mono	0.8379770188236918	0.8497995234641386	0.8084722883529287	0.0	0.0	0.0	0.8084722883529287	0.8084722883529287	0.8084722883529287	0.0	0.8497995234641386	0.8497995234641386	0.8497995234641386	0.0	0.8379770188236918	0.8379770188236918	0.8379770188236918	0.0	0.1471085355927531	0.09099442962320449	0.13048767670047323	0.0	0.0	0.0	0.13048767670047323	0.13048767670047323	0.13048767670047323	0.0	0.09099442962320449	0.09099442962320449	0.09099442962320449	0.0	0.1471085355927531	0.1471085355927531	0.1471085355927531	0.0	0.8497995234641386	0.8084722883529287	0.09099442962320449	0.13048767670047323	29	SOX2	6374
30	SOX2	BaggingClassifier_LogisticRegression	mono	0.8379770188236918	0.8497995234641386	0.8084722883529287	0.8379770188236918	0.8497995234641386	0.8084722883529287	0.8485370311631595	0.8485370311631595	0.8485370311631595	0.0	0.861168104715461	0.861168104715461	0.861168104715461	0.0	0.8652053622645849	0.8652053622645849	0.8652053622645849	0.0	0.1471085355927531	0.09099442962320449	0.13048767670047323	0.1471085355927531	0.09099442962320449	0.13048767670047323	0.19552114088403966	0.19552114088403966	0.19552114088403966	0.0	0.11437410672359224	0.11437410672359224	0.11437410672359224	0.0	0.1945233199609619	0.1945233199609619	0.1945233199609619	0.0	0.8497995234641386	0.8084722883529287	0.09099442962320449	0.13048767670047323	29	SOX2	6374
16	SOX2	Single best di PWM	di	0.0	0.0	0.0	0.8515961921585822	0.8624832223230404	0.8191066281234521	0.8191066281234521	0.8191066281234521	0.8191066281234521	0.0	0.8624832223230404	0.8624832223230404	0.8624832223230404	0.0	0.8515961921585822	0.8515961921585822	0.8515961921585822	0.0	0.0	0.0	0.0	0.16473692468421042	0.09982525126807537	0.1330963688715425	0.1330963688715425	0.1330963688715425	0.1330963688715425	0.0	0.09982525126807537	0.09982525126807537	0.09982525126807537	0.0	0.16473692468421042	0.16473692468421042	0.16473692468421042	0.0	0.8624832223230404	0.8191066281234521	0.09982525126807537	0.1330963688715425	29	SOX2	6374
16	SOX2	BaggingClassifier_LogisticRegression	di	0.8515961921585822	0.8624832223230404	0.8191066281234521	0.8515961921585822	0.8624832223230404	0.8191066281234521	0.8540910676534976	0.8540910676534976	0.8540910676534976	0.0	0.8734747893159506	0.8734747893159506	0.8734747893159506	0.0	0.8737322139334388	0.8737322139334388	0.8737322139334388	0.0	0.16473692468421042	0.09982525126807537	0.1330963688715425	0.16473692468421042	0.09982525126807537	0.1330963688715425	0.1952320844111862	0.1952320844111862	0.1952320844111862	0.0	0.12092035210446829	0.12092035210446829	0.12092035210446829	0.0	0.20693473207588958	0.20693473207588958	0.20693473207588958	0.0	0.8624832223230404	0.8191066281234521	0.09982525126807537	0.1330963688715425	29	SOX2	6374
30	SOX2	BaggingClassifier_LogisticRegression	mono+di	0.0	0.8624832223230404	0.8191066281234521	0.0	0.8624832223230404	0.8191066281234521	0.8569687171481146	0.8569687171481146	0.8569687171481146	0.0	0.8741970728846896	0.8741970728846896	0.8741970728846896	0.0	0.8768143638681889	0.8768143638681889	0.8768143638681889	0.0	0.0	0.09982525126807537	0.1330963688715425	0.0	0.09982525126807537	0.1330963688715425	0.19917417314066396	0.19917417314066396	0.19917417314066396	0.0	0.13424297227420962	0.13424297227420962	0.13424297227420962	0.0	0.2189441325734034	0.2189441325734034	0.2189441325734034	0.0	0.8624832223230404	0.8191066281234521	0.09982525126807537	0.1330963688715425	29	SOX2	6374
42	SPI1	Single best mono PWM	mono	0.9245346363349607	0.937466751383131	0.9381160405252345	0.0	0.0	0.0	0.9381160405252345	0.9381160405252345	0.9381160405252345	0.0	0.937466751383131	0.937466751383131	0.937466751383131	0.0	0.9245346363349607	0.9245346363349607	0.9245346363349607	0.0	0.5728433458212626	0.5520927910784146	0.5622423042891276	0.0	0.0	0.0	0.5622423042891276	0.5622423042891276	0.5622423042891276	0.0	0.5520927910784146	0.5520927910784146	0.5520927910784146	0.0	0.5728433458212626	0.5728433458212626	0.5728433458212626	0.0	0.937466751383131	0.9381160405252345	0.5520927910784146	0.5622423042891276	30	SPI1	10000
42	SPI1	RandomForestClassifier	mono	0.9245346363349607	0.937466751383131	0.9381160405252345	0.9245346363349607	0.937466751383131	0.9381160405252345	0.9564043587345908	0.9564043587345908	0.9564043587345908	0.0	0.9559460386132643	0.9559460386132643	0.9559460386132643	0.0	0.9493623672948632	0.9493623672948632	0.9493623672948632	0.0	0.5728433458212626	0.5520927910784146	0.5622423042891276	0.5728433458212626	0.5520927910784146	0.5622423042891276	0.6305471467897248	0.6305471467897248	0.6305471467897248	0.0	0.6365614812391126	0.6365614812391126	0.6365614812391126	0.0	0.7070628518749884	0.7070628518749884	0.7070628518749884	0.0	0.937466751383131	0.9381160405252345	0.5520927910784146	0.5622423042891276	30	SPI1	10000
21	SPI1	Single best di PWM	di	0.0	0.0	0.0	0.9360763913147873	0.943832697065642	0.940978713386366	0.940978713386366	0.940978713386366	0.940978713386366	0.0	0.943832697065642	0.943832697065642	0.943832697065642	0.0	0.9360763913147873	0.9360763913147873	0.9360763913147873	0.0	0.0	0.0	0.0	0.6166773873213237	0.6022624667270297	0.5915352359568401	0.5915352359568401	0.5915352359568401	0.5915352359568401	0.0	0.6022624667270297	0.6022624667270297	0.6022624667270297	0.0	0.6166773873213237	0.6166773873213237	0.6166773873213237	0.0	0.943832697065642	0.940978713386366	0.6022624667270297	0.5915352359568401	30	SPI1	10000
21	SPI1	RandomForestClassifier	di	0.9360763913147873	0.943832697065642	0.940978713386366	0.9360763913147873	0.943832697065642	0.940978713386366	0.9607726313086081	0.9607726313086081	0.9607726313086081	0.0	0.9634311587888675	0.9634311587888675	0.9634311587888675	0.0	0.9553106545452833	0.9553106545452833	0.9553106545452833	0.0	0.6166773873213237	0.6022624667270297	0.5915352359568401	0.6166773873213237	0.6022624667270297	0.5915352359568401	0.6354030816235188	0.6354030816235188	0.6354030816235188	0.0	0.6542380195488519	0.6542380195488519	0.6542380195488519	0.0	0.7209371162840306	0.7209371162840306	0.7209371162840306	0.0	0.943832697065642	0.940978713386366	0.6022624667270297	0.5915352359568401	30	SPI1	10000
42	SPI1	RandomForestClassifier	mono+di	0.0	0.943832697065642	0.940978713386366	0.0	0.943832697065642	0.940978713386366	0.9608775036877041	0.9608775036877041	0.9608775036877041	0.0	0.9618762701785428	0.9618762701785428	0.9618762701785428	0.0	0.9547839861680641	0.9547839861680641	0.9547839861680641	0.0	0.0	0.6022624667270297	0.5915352359568401	0.0	0.6022624667270297	0.5915352359568401	0.6419347151256162	0.6419347151256162	0.6419347151256162	0.0	0.6652768175828543	0.6652768175828543	0.6652768175828543	0.0	0.7265989187560256	0.7265989187560256	0.7265989187560256	0.0	0.943832697065642	0.940978713386366	0.6022624667270297	0.5915352359568401	30	SPI1	10000
42	SPI1	Single best mono PWM	mono	0.9245346363349607	0.937466751383131	0.9381160405252345	0.0	0.0	0.0	0.9381160405252345	0.9381160405252345	0.9381160405252345	0.0	0.937466751383131	0.937466751383131	0.937466751383131	0.0	0.9245346363349607	0.9245346363349607	0.9245346363349607	0.0	0.5728433458212626	0.5520927910784146	0.5622423042891276	0.0	0.0	0.0	0.5622423042891276	0.5622423042891276	0.5622423042891276	0.0	0.5520927910784146	0.5520927910784146	0.5520927910784146	0.0	0.5728433458212626	0.5728433458212626	0.5728433458212626	0.0	0.937466751383131	0.9381160405252345	0.5520927910784146	0.5622423042891276	30	SPI1	10000
42	SPI1	LogisticRegression	mono	0.9245346363349607	0.937466751383131	0.9381160405252345	0.9245346363349607	0.937466751383131	0.9381160405252345	0.9569759640712254	0.9569759640712254	0.9569759640712254	0.0	0.9522555873134155	0.9522555873134155	0.9522555873134155	0.0	0.9414946884989667	0.9414946884989667	0.9414946884989667	0.0	0.5728433458212626	0.5520927910784146	0.5622423042891276	0.5728433458212626	0.5520927910784146	0.5622423042891276	0.6214796667318443	0.6214796667318443	0.6214796667318443	0.0	0.6085938267838448	0.6085938267838448	0.6085938267838448	0.0	0.6160394935786924	0.6160394935786924	0.6160394935786924	0.0	0.937466751383131	0.9381160405252345	0.5520927910784146	0.5622423042891276	30	SPI1	10000
21	SPI1	Single best di PWM	di	0.0	0.0	0.0	0.9360763913147873	0.943832697065642	0.940978713386366	0.940978713386366	0.940978713386366	0.940978713386366	0.0	0.943832697065642	0.943832697065642	0.943832697065642	0.0	0.9360763913147873	0.9360763913147873	0.9360763913147873	0.0	0.0	0.0	0.0	0.6166773873213237	0.6022624667270297	0.5915352359568401	0.5915352359568401	0.5915352359568401	0.5915352359568401	0.0	0.6022624667270297	0.6022624667270297	0.6022624667270297	0.0	0.6166773873213237	0.6166773873213237	0.6166773873213237	0.0	0.943832697065642	0.940978713386366	0.6022624667270297	0.5915352359568401	30	SPI1	10000
21	SPI1	LogisticRegression	di	0.9360763913147873	0.943832697065642	0.940978713386366	0.9360763913147873	0.943832697065642	0.940978713386366	0.9600153951770098	0.9600153951770098	0.9600153951770098	0.0	0.9566852616285223	0.9566852616285223	0.9566852616285223	0.0	0.9472710084884208	0.9472710084884208	0.9472710084884208	0.0	0.6166773873213237	0.6022624667270297	0.5915352359568401	0.6166773873213237	0.6022624667270297	0.5915352359568401	0.6256837921632915	0.6256837921632915	0.6256837921632915	0.0	0.6353232330046352	0.6353232330046352	0.6353232330046352	0.0	0.6437051560949408	0.6437051560949408	0.6437051560949408	0.0	0.943832697065642	0.940978713386366	0.6022624667270297	0.5915352359568401	30	SPI1	10000
42	SPI1	LogisticRegression	mono+di	0.0	0.943832697065642	0.940978713386366	0.0	0.943832697065642	0.940978713386366	0.9605839449873566	0.9605839449873566	0.9605839449873566	0.0	0.9590984884022706	0.9590984884022706	0.9590984884022706	0.0	0.9495851391432486	0.9495851391432486	0.9495851391432486	0.0	0.0	0.6022624667270297	0.5915352359568401	0.0	0.6022624667270297	0.5915352359568401	0.6371502775310979	0.6371502775310979	0.6371502775310979	0.0	0.6556281747284967	0.6556281747284967	0.6556281747284967	0.0	0.6596754905896178	0.6596754905896178	0.6596754905896178	0.0	0.943832697065642	0.940978713386366	0.6022624667270297	0.5915352359568401	30	SPI1	10000
42	SPI1	Single best mono PWM	mono	0.9245346363349607	0.937466751383131	0.9381160405252345	0.0	0.0	0.0	0.9381160405252345	0.9381160405252345	0.9381160405252345	0.0	0.937466751383131	0.937466751383131	0.937466751383131	0.0	0.9245346363349607	0.9245346363349607	0.9245346363349607	0.0	0.5728433458212626	0.5520927910784146	0.5622423042891276	0.0	0.0	0.0	0.5622423042891276	0.5622423042891276	0.5622423042891276	0.0	0.5520927910784146	0.5520927910784146	0.5520927910784146	0.0	0.5728433458212626	0.5728433458212626	0.5728433458212626	0.0	0.937466751383131	0.9381160405252345	0.5520927910784146	0.5622423042891276	30	SPI1	10000
42	SPI1	XGBClassifier	mono	0.9245346363349607	0.937466751383131	0.9381160405252345	0.9245346363349607	0.937466751383131	0.9381160405252345	0.9569791503134548	0.9569791503134548	0.9569791503134548	0.0	0.9608546435000735	0.9608546435000735	0.9608546435000735	0.0	0.9674567966215804	0.9674567966215804	0.9674567966215804	0.0	0.5728433458212626	0.5520927910784146	0.5622423042891276	0.5728433458212626	0.5520927910784146	0.5622423042891276	0.6151824236101726	0.6151824236101726	0.6151824236101726	0.0	0.6413104499508347	0.6413104499508347	0.6413104499508347	0.0	0.760407434582379	0.760407434582379	0.760407434582379	0.0	0.937466751383131	0.9381160405252345	0.5520927910784146	0.5622423042891276	30	SPI1	10000
21	SPI1	Single best di PWM	di	0.0	0.0	0.0	0.9360763913147873	0.943832697065642	0.940978713386366	0.940978713386366	0.940978713386366	0.940978713386366	0.0	0.943832697065642	0.943832697065642	0.943832697065642	0.0	0.9360763913147873	0.9360763913147873	0.9360763913147873	0.0	0.0	0.0	0.0	0.6166773873213237	0.6022624667270297	0.5915352359568401	0.5915352359568401	0.5915352359568401	0.5915352359568401	0.0	0.6022624667270297	0.6022624667270297	0.6022624667270297	0.0	0.6166773873213237	0.6166773873213237	0.6166773873213237	0.0	0.943832697065642	0.940978713386366	0.6022624667270297	0.5915352359568401	30	SPI1	10000
21	SPI1	XGBClassifier	di	0.9360763913147873	0.943832697065642	0.940978713386366	0.9360763913147873	0.943832697065642	0.940978713386366	0.9589716438599727	0.9589716438599727	0.9589716438599727	0.0	0.9641403208506044	0.9641403208506044	0.9641403208506044	0.0	0.9686095573592207	0.9686095573592207	0.9686095573592207	0.0	0.6166773873213237	0.6022624667270297	0.5915352359568401	0.6166773873213237	0.6022624667270297	0.5915352359568401	0.6292735277249182	0.6292735277249182	0.6292735277249182	0.0	0.6562155276707492	0.6562155276707492	0.6562155276707492	0.0	0.768991981967094	0.768991981967094	0.768991981967094	0.0	0.943832697065642	0.940978713386366	0.6022624667270297	0.5915352359568401	30	SPI1	10000
42	SPI1	XGBClassifier	mono+di	0.0	0.943832697065642	0.940978713386366	0.0	0.943832697065642	0.940978713386366	0.9601706755083763	0.9601706755083763	0.9601706755083763	0.0	0.9652647460938426	0.9652647460938426	0.9652647460938426	0.0	0.9719627093269054	0.9719627093269054	0.9719627093269054	0.0	0.0	0.6022624667270297	0.5915352359568401	0.0	0.6022624667270297	0.5915352359568401	0.6293455303228783	0.6293455303228783	0.6293455303228783	0.0	0.6788466080154062	0.6788466080154062	0.6788466080154062	0.0	0.7844069987661109	0.7844069987661109	0.7844069987661109	0.0	0.943832697065642	0.940978713386366	0.6022624667270297	0.5915352359568401	30	SPI1	10000
42	SPI1	Single best mono PWM	mono	0.9245346363349607	0.937466751383131	0.9381160405252345	0.0	0.0	0.0	0.9381160405252345	0.9381160405252345	0.9381160405252345	0.0	0.937466751383131	0.937466751383131	0.937466751383131	0.0	0.9245346363349607	0.9245346363349607	0.9245346363349607	0.0	0.5728433458212626	0.5520927910784146	0.5622423042891276	0.0	0.0	0.0	0.5622423042891276	0.5622423042891276	0.5622423042891276	0.0	0.5520927910784146	0.5520927910784146	0.5520927910784146	0.0	0.5728433458212626	0.5728433458212626	0.5728433458212626	0.0	0.937466751383131	0.9381160405252345	0.5520927910784146	0.5622423042891276	30	SPI1	10000
42	SPI1	BaggingClassifier_XGBClassifier	mono	0.9245346363349607	0.937466751383131	0.9381160405252345	0.9245346363349607	0.937466751383131	0.9381160405252345	0.9585221496022548	0.9585221496022548	0.9585221496022548	0.0	0.9611048147546799	0.9611048147546799	0.9611048147546799	0.0	0.9735403513066895	0.9735403513066895	0.9735403513066895	0.0	0.5728433458212626	0.5520927910784146	0.5622423042891276	0.5728433458212626	0.5520927910784146	0.5622423042891276	0.6271068190933224	0.6271068190933224	0.6271068190933224	0.0	0.635853688188146	0.635853688188146	0.635853688188146	0.0	0.7710015653708351	0.7710015653708351	0.7710015653708351	0.0	0.937466751383131	0.9381160405252345	0.5520927910784146	0.5622423042891276	30	SPI1	10000
21	SPI1	Single best di PWM	di	0.0	0.0	0.0	0.9360763913147873	0.943832697065642	0.940978713386366	0.940978713386366	0.940978713386366	0.940978713386366	0.0	0.943832697065642	0.943832697065642	0.943832697065642	0.0	0.9360763913147873	0.9360763913147873	0.9360763913147873	0.0	0.0	0.0	0.0	0.6166773873213237	0.6022624667270297	0.5915352359568401	0.5915352359568401	0.5915352359568401	0.5915352359568401	0.0	0.6022624667270297	0.6022624667270297	0.6022624667270297	0.0	0.6166773873213237	0.6166773873213237	0.6166773873213237	0.0	0.943832697065642	0.940978713386366	0.6022624667270297	0.5915352359568401	30	SPI1	10000
21	SPI1	BaggingClassifier_XGBClassifier	di	0.9360763913147873	0.943832697065642	0.940978713386366	0.9360763913147873	0.943832697065642	0.940978713386366	0.9600429367295331	0.9600429367295331	0.9600429367295331	0.0	0.9661364932991103	0.9661364932991103	0.9661364932991103	0.0	0.974392991285598	0.974392991285598	0.974392991285598	0.0	0.6166773873213237	0.6022624667270297	0.5915352359568401	0.6166773873213237	0.6022624667270297	0.5915352359568401	0.6324065527189181	0.6324065527189181	0.6324065527189181	0.0	0.6750624298528888	0.6750624298528888	0.6750624298528888	0.0	0.7761032915225121	0.7761032915225121	0.7761032915225121	0.0	0.943832697065642	0.940978713386366	0.6022624667270297	0.5915352359568401	30	SPI1	10000
42	SPI1	BaggingClassifier_XGBClassifier	mono+di	0.0	0.943832697065642	0.940978713386366	0.0	0.943832697065642	0.940978713386366	0.9617004481219049	0.9617004481219049	0.9617004481219049	0.0	0.966049373376132	0.966049373376132	0.966049373376132	0.0	0.9785727395989774	0.9785727395989774	0.9785727395989774	0.0	0.0	0.6022624667270297	0.5915352359568401	0.0	0.6022624667270297	0.5915352359568401	0.6434313030025999	0.6434313030025999	0.6434313030025999	0.0	0.6749325696368046	0.6749325696368046	0.6749325696368046	0.0	0.7909442327205467	0.7909442327205467	0.7909442327205467	0.0	0.943832697065642	0.940978713386366	0.6022624667270297	0.5915352359568401	30	SPI1	10000
42	SPI1	Single best mono PWM	mono	0.9245346363349607	0.937466751383131	0.9381160405252345	0.0	0.0	0.0	0.9381160405252345	0.9381160405252345	0.9381160405252345	0.0	0.937466751383131	0.937466751383131	0.937466751383131	0.0	0.9245346363349607	0.9245346363349607	0.9245346363349607	0.0	0.5728433458212626	0.5520927910784146	0.5622423042891276	0.0	0.0	0.0	0.5622423042891276	0.5622423042891276	0.5622423042891276	0.0	0.5520927910784146	0.5520927910784146	0.5520927910784146	0.0	0.5728433458212626	0.5728433458212626	0.5728433458212626	0.0	0.937466751383131	0.9381160405252345	0.5520927910784146	0.5622423042891276	30	SPI1	10000
42	SPI1	BaggingClassifier_LogisticRegression	mono	0.9245346363349607	0.937466751383131	0.9381160405252345	0.9245346363349607	0.937466751383131	0.9381160405252345	0.9568718489885155	0.9568718489885155	0.9568718489885155	0.0	0.952134533804215	0.952134533804215	0.952134533804215	0.0	0.9414851530316798	0.9414851530316798	0.9414851530316798	0.0	0.5728433458212626	0.5520927910784146	0.5622423042891276	0.5728433458212626	0.5520927910784146	0.5622423042891276	0.6212016749853616	0.6212016749853616	0.6212016749853616	0.0	0.6078647693362073	0.6078647693362073	0.6078647693362073	0.0	0.6159332005406591	0.6159332005406591	0.6159332005406591	0.0	0.937466751383131	0.9381160405252345	0.5520927910784146	0.5622423042891276	30	SPI1	10000
21	SPI1	Single best di PWM	di	0.0	0.0	0.0	0.9360763913147873	0.943832697065642	0.940978713386366	0.940978713386366	0.940978713386366	0.940978713386366	0.0	0.943832697065642	0.943832697065642	0.943832697065642	0.0	0.9360763913147873	0.9360763913147873	0.9360763913147873	0.0	0.0	0.0	0.0	0.6166773873213237	0.6022624667270297	0.5915352359568401	0.5915352359568401	0.5915352359568401	0.5915352359568401	0.0	0.6022624667270297	0.6022624667270297	0.6022624667270297	0.0	0.6166773873213237	0.6166773873213237	0.6166773873213237	0.0	0.943832697065642	0.940978713386366	0.6022624667270297	0.5915352359568401	30	SPI1	10000
21	SPI1	BaggingClassifier_LogisticRegression	di	0.9360763913147873	0.943832697065642	0.940978713386366	0.9360763913147873	0.943832697065642	0.940978713386366	0.959991303932673	0.959991303932673	0.959991303932673	0.0	0.9566894000702258	0.9566894000702258	0.9566894000702258	0.0	0.9472834511103683	0.9472834511103683	0.9472834511103683	0.0	0.6166773873213237	0.6022624667270297	0.5915352359568401	0.6166773873213237	0.6022624667270297	0.5915352359568401	0.6254700703625485	0.6254700703625485	0.6254700703625485	0.0	0.6349803474010982	0.6349803474010982	0.6349803474010982	0.0	0.643606943553511	0.643606943553511	0.643606943553511	0.0	0.943832697065642	0.940978713386366	0.6022624667270297	0.5915352359568401	30	SPI1	10000
42	SPI1	BaggingClassifier_LogisticRegression	mono+di	0.0	0.943832697065642	0.940978713386366	0.0	0.943832697065642	0.940978713386366	0.9604958233458012	0.9604958233458012	0.9604958233458012	0.0	0.9590274069855783	0.9590274069855783	0.9590274069855783	0.0	0.949637510769419	0.949637510769419	0.949637510769419	0.0	0.0	0.6022624667270297	0.5915352359568401	0.0	0.6022624667270297	0.5915352359568401	0.636333907134515	0.636333907134515	0.636333907134515	0.0	0.6546438602790168	0.6546438602790168	0.6546438602790168	0.0	0.6594980687785919	0.6594980687785919	0.6594980687785919	0.0	0.943832697065642	0.940978713386366	0.6022624667270297	0.5915352359568401	30	SPI1	10000
14	SRF	Single best mono PWM	mono	0.7884837460653273	0.7726668020245329	0.7768163819964249	0.0	0.0	0.0	0.7768163819964249	0.7768163819964249	0.7768163819964249	0.0	0.7726668020245329	0.7726668020245329	0.7726668020245329	0.0	0.7884837460653273	0.7884837460653273	0.7884837460653273	0.0	0.3725475172698892	0.26876097751034494	0.1031616904712961	0.0	0.0	0.0	0.1031616904712961	0.1031616904712961	0.1031616904712961	0.0	0.26876097751034494	0.26876097751034494	0.26876097751034494	0.0	0.3725475172698892	0.3725475172698892	0.3725475172698892	0.0	0.7726668020245329	0.7768163819964249	0.26876097751034494	0.1031616904712961	31	SRF	8305
14	SRF	RandomForestClassifier	mono	0.7884837460653273	0.7726668020245329	0.7768163819964249	0.7884837460653273	0.7726668020245329	0.7768163819964249	0.7773297579239256	0.7773297579239256	0.7773297579239256	0.0	0.8440747428465112	0.8440747428465112	0.8440747428465112	0.0	0.8524440084986582	0.8524440084986582	0.8524440084986582	0.0	0.3725475172698892	0.26876097751034494	0.1031616904712961	0.3725475172698892	0.26876097751034494	0.1031616904712961	0.13081373658923381	0.13081373658923381	0.13081373658923381	0.0	0.3320576375881109	0.3320576375881109	0.3320576375881109	0.0	0.4864813109749307	0.4864813109749307	0.4864813109749307	0.0	0.7726668020245329	0.7768163819964249	0.26876097751034494	0.1031616904712961	31	SRF	8305
11	SRF	Single best di PWM	di	0.0	0.0	0.0	0.8080286745700429	0.7994406290739325	0.7544998141805992	0.7544998141805992	0.7544998141805992	0.7544998141805992	0.0	0.7994406290739325	0.7994406290739325	0.7994406290739325	0.0	0.8080286745700429	0.8080286745700429	0.8080286745700429	0.0	0.0	0.0	0.0	0.4342977459207985	0.35070178130764995	0.15486964010179158	0.15486964010179158	0.15486964010179158	0.15486964010179158	0.0	0.35070178130764995	0.35070178130764995	0.35070178130764995	0.0	0.4342977459207985	0.4342977459207985	0.4342977459207985	0.0	0.7994406290739325	0.7544998141805992	0.35070178130764995	0.15486964010179158	31	SRF	8305
11	SRF	RandomForestClassifier	di	0.8080286745700429	0.7994406290739325	0.7544998141805992	0.8080286745700429	0.7994406290739325	0.7544998141805992	0.8294629484158711	0.8294629484158711	0.8294629484158711	0.0	0.8666226857856054	0.8666226857856054	0.8666226857856054	0.0	0.8829142679186119	0.8829142679186119	0.8829142679186119	0.0	0.4342977459207985	0.35070178130764995	0.15486964010179158	0.4342977459207985	0.35070178130764995	0.15486964010179158	0.17835701879576998	0.17835701879576998	0.17835701879576998	0.0	0.36866878841175127	0.36866878841175127	0.36866878841175127	0.0	0.5400366467878698	0.5400366467878698	0.5400366467878698	0.0	0.7994406290739325	0.7544998141805992	0.35070178130764995	0.15486964010179158	31	SRF	8305
14	SRF	RandomForestClassifier	mono+di	0.0	0.7994406290739325	0.7768163819964249	0.0	0.7994406290739325	0.7768163819964249	0.8296138583241202	0.8296138583241202	0.8296138583241202	0.0	0.8677825259777164	0.8677825259777164	0.8677825259777164	0.0	0.8860013047424182	0.8860013047424182	0.8860013047424182	0.0	0.0	0.35070178130764995	0.15486964010179158	0.0	0.35070178130764995	0.15486964010179158	0.16667794848882628	0.16667794848882628	0.16667794848882628	0.0	0.3651732554959572	0.3651732554959572	0.3651732554959572	0.0	0.5488306053518757	0.5488306053518757	0.5488306053518757	0.0	0.7994406290739325	0.7768163819964249	0.35070178130764995	0.15486964010179158	31	SRF	8305
14	SRF	Single best mono PWM	mono	0.7884837460653273	0.7726668020245329	0.7768163819964249	0.0	0.0	0.0	0.7768163819964249	0.7768163819964249	0.7768163819964249	0.0	0.7726668020245329	0.7726668020245329	0.7726668020245329	0.0	0.7884837460653273	0.7884837460653273	0.7884837460653273	0.0	0.3725475172698892	0.26876097751034494	0.1031616904712961	0.0	0.0	0.0	0.1031616904712961	0.1031616904712961	0.1031616904712961	0.0	0.26876097751034494	0.26876097751034494	0.26876097751034494	0.0	0.3725475172698892	0.3725475172698892	0.3725475172698892	0.0	0.7726668020245329	0.7768163819964249	0.26876097751034494	0.1031616904712961	31	SRF	8305
14	SRF	LogisticRegression	mono	0.7884837460653273	0.7726668020245329	0.7768163819964249	0.7884837460653273	0.7726668020245329	0.7768163819964249	0.8049928759233729	0.8049928759233729	0.8049928759233729	0.0	0.7963026524386139	0.7963026524386139	0.7963026524386139	0.0	0.8138036746959311	0.8138036746959311	0.8138036746959311	0.0	0.3725475172698892	0.26876097751034494	0.1031616904712961	0.3725475172698892	0.26876097751034494	0.1031616904712961	0.12919049524439816	0.12919049524439816	0.12919049524439816	0.0	0.3305819466367178	0.3305819466367178	0.3305819466367178	0.0	0.41467927269824145	0.41467927269824145	0.41467927269824145	0.0	0.7726668020245329	0.7768163819964249	0.26876097751034494	0.1031616904712961	31	SRF	8305
11	SRF	Single best di PWM	di	0.0	0.0	0.0	0.8080286745700429	0.7994406290739325	0.7544998141805992	0.7544998141805992	0.7544998141805992	0.7544998141805992	0.0	0.7994406290739325	0.7994406290739325	0.7994406290739325	0.0	0.8080286745700429	0.8080286745700429	0.8080286745700429	0.0	0.0	0.0	0.0	0.4342977459207985	0.35070178130764995	0.15486964010179158	0.15486964010179158	0.15486964010179158	0.15486964010179158	0.0	0.35070178130764995	0.35070178130764995	0.35070178130764995	0.0	0.4342977459207985	0.4342977459207985	0.4342977459207985	0.0	0.7994406290739325	0.7544998141805992	0.35070178130764995	0.15486964010179158	31	SRF	8305
11	SRF	LogisticRegression	di	0.8080286745700429	0.7994406290739325	0.7544998141805992	0.8080286745700429	0.7994406290739325	0.7544998141805992	0.8283919555264002	0.8283919555264002	0.8283919555264002	0.0	0.8427973152782636	0.8427973152782636	0.8427973152782636	0.0	0.8566991787922016	0.8566991787922016	0.8566991787922016	0.0	0.4342977459207985	0.35070178130764995	0.15486964010179158	0.4342977459207985	0.35070178130764995	0.15486964010179158	0.15226519871740354	0.15226519871740354	0.15226519871740354	0.0	0.3626892511114393	0.3626892511114393	0.3626892511114393	0.0	0.4505075160696056	0.4505075160696056	0.4505075160696056	0.0	0.7994406290739325	0.7544998141805992	0.35070178130764995	0.15486964010179158	31	SRF	8305
14	SRF	LogisticRegression	mono+di	0.0	0.7994406290739325	0.7768163819964249	0.0	0.7994406290739325	0.7768163819964249	0.8267230383528844	0.8267230383528844	0.8267230383528844	0.0	0.8590898470352645	0.8590898470352645	0.8590898470352645	0.0	0.8648212118537023	0.8648212118537023	0.8648212118537023	0.0	0.0	0.35070178130764995	0.15486964010179158	0.0	0.35070178130764995	0.15486964010179158	0.15707381618217542	0.15707381618217542	0.15707381618217542	0.0	0.38109196897416625	0.38109196897416625	0.38109196897416625	0.0	0.4719287379989412	0.4719287379989412	0.4719287379989412	0.0	0.7994406290739325	0.7768163819964249	0.35070178130764995	0.15486964010179158	31	SRF	8305
14	SRF	Single best mono PWM	mono	0.7884837460653273	0.7726668020245329	0.7768163819964249	0.0	0.0	0.0	0.7768163819964249	0.7768163819964249	0.7768163819964249	0.0	0.7726668020245329	0.7726668020245329	0.7726668020245329	0.0	0.7884837460653273	0.7884837460653273	0.7884837460653273	0.0	0.3725475172698892	0.26876097751034494	0.1031616904712961	0.0	0.0	0.0	0.1031616904712961	0.1031616904712961	0.1031616904712961	0.0	0.26876097751034494	0.26876097751034494	0.26876097751034494	0.0	0.3725475172698892	0.3725475172698892	0.3725475172698892	0.0	0.7726668020245329	0.7768163819964249	0.26876097751034494	0.1031616904712961	31	SRF	8305
14	SRF	XGBClassifier	mono	0.7884837460653273	0.7726668020245329	0.7768163819964249	0.7884837460653273	0.7726668020245329	0.7768163819964249	0.785564499723864	0.785564499723864	0.785564499723864	0.0	0.827033625752511	0.827033625752511	0.827033625752511	0.0	0.9144484876982438	0.9144484876982438	0.9144484876982438	0.0	0.3725475172698892	0.26876097751034494	0.1031616904712961	0.3725475172698892	0.26876097751034494	0.1031616904712961	0.12399980662093009	0.12399980662093009	0.12399980662093009	0.0	0.29216907155970523	0.29216907155970523	0.29216907155970523	0.0	0.5979436396318891	0.5979436396318891	0.5979436396318891	0.0	0.7726668020245329	0.7768163819964249	0.26876097751034494	0.1031616904712961	31	SRF	8305
11	SRF	Single best di PWM	di	0.0	0.0	0.0	0.8080286745700429	0.7994406290739325	0.7544998141805992	0.7544998141805992	0.7544998141805992	0.7544998141805992	0.0	0.7994406290739325	0.7994406290739325	0.7994406290739325	0.0	0.8080286745700429	0.8080286745700429	0.8080286745700429	0.0	0.0	0.0	0.0	0.4342977459207985	0.35070178130764995	0.15486964010179158	0.15486964010179158	0.15486964010179158	0.15486964010179158	0.0	0.35070178130764995	0.35070178130764995	0.35070178130764995	0.0	0.4342977459207985	0.4342977459207985	0.4342977459207985	0.0	0.7994406290739325	0.7544998141805992	0.35070178130764995	0.15486964010179158	31	SRF	8305
11	SRF	XGBClassifier	di	0.8080286745700429	0.7994406290739325	0.7544998141805992	0.8080286745700429	0.7994406290739325	0.7544998141805992	0.8255280188631917	0.8255280188631917	0.8255280188631917	0.0	0.8551940349268379	0.8551940349268379	0.8551940349268379	0.0	0.9290942646615794	0.9290942646615794	0.9290942646615794	0.0	0.4342977459207985	0.35070178130764995	0.15486964010179158	0.4342977459207985	0.35070178130764995	0.15486964010179158	0.15807407440046603	0.15807407440046603	0.15807407440046603	0.0	0.3822745461246146	0.3822745461246146	0.3822745461246146	0.0	0.6294900831269384	0.6294900831269384	0.6294900831269384	0.0	0.7994406290739325	0.7544998141805992	0.35070178130764995	0.15486964010179158	31	SRF	8305
14	SRF	XGBClassifier	mono+di	0.0	0.7994406290739325	0.7768163819964249	0.0	0.7994406290739325	0.7768163819964249	0.8237675149867387	0.8237675149867387	0.8237675149867387	0.0	0.8704747788296882	0.8704747788296882	0.8704747788296882	0.0	0.9365785455817605	0.9365785455817605	0.9365785455817605	0.0	0.0	0.35070178130764995	0.15486964010179158	0.0	0.35070178130764995	0.15486964010179158	0.15888828379332764	0.15888828379332764	0.15888828379332764	0.0	0.38322098228746604	0.38322098228746604	0.38322098228746604	0.0	0.6625300381276605	0.6625300381276605	0.6625300381276605	0.0	0.7994406290739325	0.7768163819964249	0.35070178130764995	0.15486964010179158	31	SRF	8305
14	SRF	Single best mono PWM	mono	0.7884837460653273	0.7726668020245329	0.7768163819964249	0.0	0.0	0.0	0.7768163819964249	0.7768163819964249	0.7768163819964249	0.0	0.7726668020245329	0.7726668020245329	0.7726668020245329	0.0	0.7884837460653273	0.7884837460653273	0.7884837460653273	0.0	0.3725475172698892	0.26876097751034494	0.1031616904712961	0.0	0.0	0.0	0.1031616904712961	0.1031616904712961	0.1031616904712961	0.0	0.26876097751034494	0.26876097751034494	0.26876097751034494	0.0	0.3725475172698892	0.3725475172698892	0.3725475172698892	0.0	0.7726668020245329	0.7768163819964249	0.26876097751034494	0.1031616904712961	31	SRF	8305
14	SRF	BaggingClassifier_XGBClassifier	mono	0.7884837460653273	0.7726668020245329	0.7768163819964249	0.7884837460653273	0.7726668020245329	0.7768163819964249	0.792828866999808	0.792828866999808	0.792828866999808	0.0	0.8382620399328995	0.8382620399328995	0.8382620399328995	0.0	0.9289045853292326	0.9289045853292326	0.9289045853292326	0.0	0.3725475172698892	0.26876097751034494	0.1031616904712961	0.3725475172698892	0.26876097751034494	0.1031616904712961	0.13208327522301164	0.13208327522301164	0.13208327522301164	0.0	0.31610701345985087	0.31610701345985087	0.31610701345985087	0.0	0.6160240027143223	0.6160240027143223	0.6160240027143223	0.0	0.7726668020245329	0.7768163819964249	0.26876097751034494	0.1031616904712961	31	SRF	8305
11	SRF	Single best di PWM	di	0.0	0.0	0.0	0.8080286745700429	0.7994406290739325	0.7544998141805992	0.7544998141805992	0.7544998141805992	0.7544998141805992	0.0	0.7994406290739325	0.7994406290739325	0.7994406290739325	0.0	0.8080286745700429	0.8080286745700429	0.8080286745700429	0.0	0.0	0.0	0.0	0.4342977459207985	0.35070178130764995	0.15486964010179158	0.15486964010179158	0.15486964010179158	0.15486964010179158	0.0	0.35070178130764995	0.35070178130764995	0.35070178130764995	0.0	0.4342977459207985	0.4342977459207985	0.4342977459207985	0.0	0.7994406290739325	0.7544998141805992	0.35070178130764995	0.15486964010179158	31	SRF	8305
11	SRF	BaggingClassifier_XGBClassifier	di	0.8080286745700429	0.7994406290739325	0.7544998141805992	0.8080286745700429	0.7994406290739325	0.7544998141805992	0.8328966736175188	0.8328966736175188	0.8328966736175188	0.0	0.8633967871229324	0.8633967871229324	0.8633967871229324	0.0	0.9389173602865786	0.9389173602865786	0.9389173602865786	0.0	0.4342977459207985	0.35070178130764995	0.15486964010179158	0.4342977459207985	0.35070178130764995	0.15486964010179158	0.1705175884022233	0.1705175884022233	0.1705175884022233	0.0	0.37516341378172485	0.37516341378172485	0.37516341378172485	0.0	0.646909572387903	0.646909572387903	0.646909572387903	0.0	0.7994406290739325	0.7544998141805992	0.35070178130764995	0.15486964010179158	31	SRF	8305
14	SRF	BaggingClassifier_XGBClassifier	mono+di	0.0	0.7994406290739325	0.7768163819964249	0.0	0.7994406290739325	0.7768163819964249	0.8321712829399022	0.8321712829399022	0.8321712829399022	0.0	0.8743034529486382	0.8743034529486382	0.8743034529486382	0.0	0.9482723907354522	0.9482723907354522	0.9482723907354522	0.0	0.0	0.35070178130764995	0.15486964010179158	0.0	0.35070178130764995	0.15486964010179158	0.15443328469195833	0.15443328469195833	0.15443328469195833	0.0	0.3928730021412965	0.3928730021412965	0.3928730021412965	0.0	0.6832626754251845	0.6832626754251845	0.6832626754251845	0.0	0.7994406290739325	0.7768163819964249	0.35070178130764995	0.15486964010179158	31	SRF	8305
14	SRF	Single best mono PWM	mono	0.7884837460653273	0.7726668020245329	0.7768163819964249	0.0	0.0	0.0	0.7768163819964249	0.7768163819964249	0.7768163819964249	0.0	0.7726668020245329	0.7726668020245329	0.7726668020245329	0.0	0.7884837460653273	0.7884837460653273	0.7884837460653273	0.0	0.3725475172698892	0.26876097751034494	0.1031616904712961	0.0	0.0	0.0	0.1031616904712961	0.1031616904712961	0.1031616904712961	0.0	0.26876097751034494	0.26876097751034494	0.26876097751034494	0.0	0.3725475172698892	0.3725475172698892	0.3725475172698892	0.0	0.7726668020245329	0.7768163819964249	0.26876097751034494	0.1031616904712961	31	SRF	8305
14	SRF	BaggingClassifier_LogisticRegression	mono	0.7884837460653273	0.7726668020245329	0.7768163819964249	0.7884837460653273	0.7726668020245329	0.7768163819964249	0.8047988715784375	0.8047988715784375	0.8047988715784375	0.0	0.7962653509328144	0.7962653509328144	0.7962653509328144	0.0	0.8138360660498195	0.8138360660498195	0.8138360660498195	0.0	0.3725475172698892	0.26876097751034494	0.1031616904712961	0.3725475172698892	0.26876097751034494	0.1031616904712961	0.12900179524363975	0.12900179524363975	0.12900179524363975	0.0	0.3305828263727794	0.3305828263727794	0.3305828263727794	0.0	0.41459655398134826	0.41459655398134826	0.41459655398134826	0.0	0.7726668020245329	0.7768163819964249	0.26876097751034494	0.1031616904712961	31	SRF	8305
11	SRF	Single best di PWM	di	0.0	0.0	0.0	0.8080286745700429	0.7994406290739325	0.7544998141805992	0.7544998141805992	0.7544998141805992	0.7544998141805992	0.0	0.7994406290739325	0.7994406290739325	0.7994406290739325	0.0	0.8080286745700429	0.8080286745700429	0.8080286745700429	0.0	0.0	0.0	0.0	0.4342977459207985	0.35070178130764995	0.15486964010179158	0.15486964010179158	0.15486964010179158	0.15486964010179158	0.0	0.35070178130764995	0.35070178130764995	0.35070178130764995	0.0	0.4342977459207985	0.4342977459207985	0.4342977459207985	0.0	0.7994406290739325	0.7544998141805992	0.35070178130764995	0.15486964010179158	31	SRF	8305
11	SRF	BaggingClassifier_LogisticRegression	di	0.8080286745700429	0.7994406290739325	0.7544998141805992	0.8080286745700429	0.7994406290739325	0.7544998141805992	0.8282179196228603	0.8282179196228603	0.8282179196228603	0.0	0.8428696876350306	0.8428696876350306	0.8428696876350306	0.0	0.8567384512591476	0.8567384512591476	0.8567384512591476	0.0	0.4342977459207985	0.35070178130764995	0.15486964010179158	0.4342977459207985	0.35070178130764995	0.15486964010179158	0.15315384038764565	0.15315384038764565	0.15315384038764565	0.0	0.36225222130070206	0.36225222130070206	0.36225222130070206	0.0	0.4505279115461541	0.4505279115461541	0.4505279115461541	0.0	0.7994406290739325	0.7544998141805992	0.35070178130764995	0.15486964010179158	31	SRF	8305
14	SRF	BaggingClassifier_LogisticRegression	mono+di	0.0	0.7994406290739325	0.7768163819964249	0.0	0.7994406290739325	0.7768163819964249	0.8265259293739513	0.8265259293739513	0.8265259293739513	0.0	0.858964670711737	0.858964670711737	0.858964670711737	0.0	0.8647568558856288	0.8647568558856288	0.8647568558856288	0.0	0.0	0.35070178130764995	0.15486964010179158	0.0	0.35070178130764995	0.15486964010179158	0.15678182890628878	0.15678182890628878	0.15678182890628878	0.0	0.38127830325065104	0.38127830325065104	0.38127830325065104	0.0	0.4720202764337467	0.4720202764337467	0.4720202764337467	0.0	0.7994406290739325	0.7768163819964249	0.35070178130764995	0.15486964010179158	31	SRF	8305
9	STA5A	Single best mono PWM	mono	0.742385810749207	0.7460946159420668	0.8759811068556771	0.0	0.0	0.0	0.8759811068556771	0.8759811068556771	0.8759811068556771	0.0	0.7460946159420668	0.7460946159420668	0.7460946159420668	0.0	0.742385810749207	0.742385810749207	0.742385810749207	0.0	0.07185293819488878	0.06147081623500864	0.3854019872115097	0.0	0.0	0.0	0.3854019872115097	0.3854019872115097	0.3854019872115097	0.0	0.06147081623500864	0.06147081623500864	0.06147081623500864	0.0	0.07185293819488878	0.07185293819488878	0.07185293819488878	0.0	0.7460946159420668	0.8759811068556771	0.06147081623500864	0.3854019872115097	32	STA5A	2550
9	STA5A	RandomForestClassifier	mono	0.742385810749207	0.7460946159420668	0.8759811068556771	0.742385810749207	0.7460946159420668	0.8759811068556771	0.8724506575544662	0.8724506575544662	0.8724506575544662	0.0	0.77065607615989	0.77065607615989	0.77065607615989	0.0	0.8048721850795311	0.8048721850795311	0.8048721850795311	0.0	0.07185293819488878	0.06147081623500864	0.3854019872115097	0.07185293819488878	0.06147081623500864	0.3854019872115097	0.3658473284787867	0.3658473284787867	0.3658473284787867	0.0	0.08591796103737567	0.08591796103737567	0.08591796103737567	0.0	0.18962900487484444	0.18962900487484444	0.18962900487484444	0.0	0.7460946159420668	0.8759811068556771	0.06147081623500864	0.3854019872115097	32	STA5A	2550
5	STA5A	Single best di PWM	di	0.0	0.0	0.0	0.7463582865990596	0.7564524582870629	0.8717372821995583	0.8717372821995583	0.8717372821995583	0.8717372821995583	0.0	0.7564524582870629	0.7564524582870629	0.7564524582870629	0.0	0.7463582865990596	0.7463582865990596	0.7463582865990596	0.0	0.0	0.0	0.0	0.07972263958177277	0.06815278398406381	0.4096340155636729	0.4096340155636729	0.4096340155636729	0.4096340155636729	0.0	0.06815278398406381	0.06815278398406381	0.06815278398406381	0.0	0.07972263958177277	0.07972263958177277	0.07972263958177277	0.0	0.7564524582870629	0.8717372821995583	0.06815278398406381	0.4096340155636729	32	STA5A	2550
5	STA5A	RandomForestClassifier	di	0.7463582865990596	0.7564524582870629	0.8717372821995583	0.7463582865990596	0.7564524582870629	0.8717372821995583	0.8643425541482805	0.8643425541482805	0.8643425541482805	0.0	0.7799792499752356	0.7799792499752356	0.7799792499752356	0.0	0.8036507570832486	0.8036507570832486	0.8036507570832486	0.0	0.07972263958177277	0.06815278398406381	0.4096340155636729	0.07972263958177277	0.06815278398406381	0.4096340155636729	0.4071473761698724	0.4071473761698724	0.4071473761698724	0.0	0.10743873334654326	0.10743873334654326	0.10743873334654326	0.0	0.18268056976358993	0.18268056976358993	0.18268056976358993	0.0	0.7564524582870629	0.8717372821995583	0.06815278398406381	0.4096340155636729	32	STA5A	2550
9	STA5A	RandomForestClassifier	mono+di	0.0	0.7564524582870629	0.8759811068556771	0.0	0.7564524582870629	0.8759811068556771	0.8697022477984121	0.8697022477984121	0.8697022477984121	0.0	0.77170089378038	0.77170089378038	0.77170089378038	0.0	0.8108990283123985	0.8108990283123985	0.8108990283123985	0.0	0.0	0.06815278398406381	0.4096340155636729	0.0	0.06815278398406381	0.4096340155636729	0.4012367770583024	0.4012367770583024	0.4012367770583024	0.0	0.0978697510644702	0.0978697510644702	0.0978697510644702	0.0	0.19856050723744623	0.19856050723744623	0.19856050723744623	0.0	0.7564524582870629	0.8759811068556771	0.06815278398406381	0.4096340155636729	32	STA5A	2550
9	STA5A	Single best mono PWM	mono	0.742385810749207	0.7460946159420668	0.8759811068556771	0.0	0.0	0.0	0.8759811068556771	0.8759811068556771	0.8759811068556771	0.0	0.7460946159420668	0.7460946159420668	0.7460946159420668	0.0	0.742385810749207	0.742385810749207	0.742385810749207	0.0	0.07185293819488878	0.06147081623500864	0.3854019872115097	0.0	0.0	0.0	0.3854019872115097	0.3854019872115097	0.3854019872115097	0.0	0.06147081623500864	0.06147081623500864	0.06147081623500864	0.0	0.07185293819488878	0.07185293819488878	0.07185293819488878	0.0	0.7460946159420668	0.8759811068556771	0.06147081623500864	0.3854019872115097	32	STA5A	2550
9	STA5A	LogisticRegression	mono	0.742385810749207	0.7460946159420668	0.8759811068556771	0.742385810749207	0.7460946159420668	0.8759811068556771	0.9008029610854379	0.9008029610854379	0.9008029610854379	0.0	0.7466144440331514	0.7466144440331514	0.7466144440331514	0.0	0.7423945952035548	0.7423945952035548	0.7423945952035548	0.0	0.07185293819488878	0.06147081623500864	0.3854019872115097	0.07185293819488878	0.06147081623500864	0.3854019872115097	0.39254908533895694	0.39254908533895694	0.39254908533895694	0.0	0.08562583455378718	0.08562583455378718	0.08562583455378718	0.0	0.0771079096259669	0.0771079096259669	0.0771079096259669	0.0	0.7460946159420668	0.8759811068556771	0.06147081623500864	0.3854019872115097	32	STA5A	2550
5	STA5A	Single best di PWM	di	0.0	0.0	0.0	0.7463582865990596	0.7564524582870629	0.8717372821995583	0.8717372821995583	0.8717372821995583	0.8717372821995583	0.0	0.7564524582870629	0.7564524582870629	0.7564524582870629	0.0	0.7463582865990596	0.7463582865990596	0.7463582865990596	0.0	0.0	0.0	0.0	0.07972263958177277	0.06815278398406381	0.4096340155636729	0.4096340155636729	0.4096340155636729	0.4096340155636729	0.0	0.06815278398406381	0.06815278398406381	0.06815278398406381	0.0	0.07972263958177277	0.07972263958177277	0.07972263958177277	0.0	0.7564524582870629	0.8717372821995583	0.06815278398406381	0.4096340155636729	32	STA5A	2550
5	STA5A	LogisticRegression	di	0.7463582865990596	0.7564524582870629	0.8717372821995583	0.7463582865990596	0.7564524582870629	0.8717372821995583	0.9026512576245704	0.9026512576245704	0.9026512576245704	0.0	0.7539477009007318	0.7539477009007318	0.7539477009007318	0.0	0.7428806209965593	0.7428806209965593	0.7428806209965593	0.0	0.07972263958177277	0.06815278398406381	0.4096340155636729	0.07972263958177277	0.06815278398406381	0.4096340155636729	0.40244754761091994	0.40244754761091994	0.40244754761091994	0.0	0.10008638857647716	0.10008638857647716	0.10008638857647716	0.0	0.08446121112488493	0.08446121112488493	0.08446121112488493	0.0	0.7564524582870629	0.8717372821995583	0.06815278398406381	0.4096340155636729	32	STA5A	2550
9	STA5A	LogisticRegression	mono+di	0.0	0.7564524582870629	0.8759811068556771	0.0	0.7564524582870629	0.8759811068556771	0.902893282707151	0.902893282707151	0.902893282707151	0.0	0.7572402467063246	0.7572402467063246	0.7572402467063246	0.0	0.7472091890630304	0.7472091890630304	0.7472091890630304	0.0	0.0	0.06815278398406381	0.4096340155636729	0.0	0.06815278398406381	0.4096340155636729	0.4008601063431498	0.4008601063431498	0.4008601063431498	0.0	0.09785414772145491	0.09785414772145491	0.09785414772145491	0.0	0.08508716914873336	0.08508716914873336	0.08508716914873336	0.0	0.7564524582870629	0.8759811068556771	0.06815278398406381	0.4096340155636729	32	STA5A	2550
9	STA5A	Single best mono PWM	mono	0.742385810749207	0.7460946159420668	0.8759811068556771	0.0	0.0	0.0	0.8759811068556771	0.8759811068556771	0.8759811068556771	0.0	0.7460946159420668	0.7460946159420668	0.7460946159420668	0.0	0.742385810749207	0.742385810749207	0.742385810749207	0.0	0.07185293819488878	0.06147081623500864	0.3854019872115097	0.0	0.0	0.0	0.3854019872115097	0.3854019872115097	0.3854019872115097	0.0	0.06147081623500864	0.06147081623500864	0.06147081623500864	0.0	0.07185293819488878	0.07185293819488878	0.07185293819488878	0.0	0.7460946159420668	0.8759811068556771	0.06147081623500864	0.3854019872115097	32	STA5A	2550
9	STA5A	XGBClassifier	mono	0.742385810749207	0.7460946159420668	0.8759811068556771	0.742385810749207	0.7460946159420668	0.8759811068556771	0.8658492533266371	0.8658492533266371	0.8658492533266371	0.0	0.7694378898232772	0.7694378898232772	0.7694378898232772	0.0	0.8637001790714792	0.8637001790714792	0.8637001790714792	0.0	0.07185293819488878	0.06147081623500864	0.3854019872115097	0.07185293819488878	0.06147081623500864	0.3854019872115097	0.3840210317576023	0.3840210317576023	0.3840210317576023	0.0	0.08981266142339743	0.08981266142339743	0.08981266142339743	0.0	0.18940714154309468	0.18940714154309468	0.18940714154309468	0.0	0.7460946159420668	0.8759811068556771	0.06147081623500864	0.3854019872115097	32	STA5A	2550
5	STA5A	Single best di PWM	di	0.0	0.0	0.0	0.7463582865990596	0.7564524582870629	0.8717372821995583	0.8717372821995583	0.8717372821995583	0.8717372821995583	0.0	0.7564524582870629	0.7564524582870629	0.7564524582870629	0.0	0.7463582865990596	0.7463582865990596	0.7463582865990596	0.0	0.0	0.0	0.0	0.07972263958177277	0.06815278398406381	0.4096340155636729	0.4096340155636729	0.4096340155636729	0.4096340155636729	0.0	0.06815278398406381	0.06815278398406381	0.06815278398406381	0.0	0.07972263958177277	0.07972263958177277	0.07972263958177277	0.0	0.7564524582870629	0.8717372821995583	0.06815278398406381	0.4096340155636729	32	STA5A	2550
5	STA5A	XGBClassifier	di	0.7463582865990596	0.7564524582870629	0.8717372821995583	0.7463582865990596	0.7564524582870629	0.8717372821995583	0.8633612645893267	0.8633612645893267	0.8633612645893267	0.0	0.7652933417445661	0.7652933417445661	0.7652933417445661	0.0	0.847909913312217	0.847909913312217	0.847909913312217	0.0	0.07972263958177277	0.06815278398406381	0.4096340155636729	0.07972263958177277	0.06815278398406381	0.4096340155636729	0.3864946961004413	0.3864946961004413	0.3864946961004413	0.0	0.09529947340801495	0.09529947340801495	0.09529947340801495	0.0	0.20628426192904828	0.20628426192904828	0.20628426192904828	0.0	0.7564524582870629	0.8717372821995583	0.06815278398406381	0.4096340155636729	32	STA5A	2550
9	STA5A	XGBClassifier	mono+di	0.0	0.7564524582870629	0.8759811068556771	0.0	0.7564524582870629	0.8759811068556771	0.8646146728786498	0.8646146728786498	0.8646146728786498	0.0	0.7725611856362558	0.7725611856362558	0.7725611856362558	0.0	0.869681644982514	0.869681644982514	0.869681644982514	0.0	0.0	0.06815278398406381	0.4096340155636729	0.0	0.06815278398406381	0.4096340155636729	0.40174341628481164	0.40174341628481164	0.40174341628481164	0.0	0.09520646324373337	0.09520646324373337	0.09520646324373337	0.0	0.23516213092148358	0.23516213092148358	0.23516213092148358	0.0	0.7564524582870629	0.8759811068556771	0.06815278398406381	0.4096340155636729	32	STA5A	2550
9	STA5A	Single best mono PWM	mono	0.742385810749207	0.7460946159420668	0.8759811068556771	0.0	0.0	0.0	0.8759811068556771	0.8759811068556771	0.8759811068556771	0.0	0.7460946159420668	0.7460946159420668	0.7460946159420668	0.0	0.742385810749207	0.742385810749207	0.742385810749207	0.0	0.07185293819488878	0.06147081623500864	0.3854019872115097	0.0	0.0	0.0	0.3854019872115097	0.3854019872115097	0.3854019872115097	0.0	0.06147081623500864	0.06147081623500864	0.06147081623500864	0.0	0.07185293819488878	0.07185293819488878	0.07185293819488878	0.0	0.7460946159420668	0.8759811068556771	0.06147081623500864	0.3854019872115097	32	STA5A	2550
9	STA5A	BaggingClassifier_XGBClassifier	mono	0.742385810749207	0.7460946159420668	0.8759811068556771	0.742385810749207	0.7460946159420668	0.8759811068556771	0.8650409166003068	0.8650409166003068	0.8650409166003068	0.0	0.7664041979698343	0.7664041979698343	0.7664041979698343	0.0	0.8953368414333637	0.8953368414333637	0.8953368414333637	0.0	0.07185293819488878	0.06147081623500864	0.3854019872115097	0.07185293819488878	0.06147081623500864	0.3854019872115097	0.38302307835708616	0.38302307835708616	0.38302307835708616	0.0	0.09394044935777708	0.09394044935777708	0.09394044935777708	0.0	0.21454546442656078	0.21454546442656078	0.21454546442656078	0.0	0.7460946159420668	0.8759811068556771	0.06147081623500864	0.3854019872115097	32	STA5A	2550
5	STA5A	Single best di PWM	di	0.0	0.0	0.0	0.7463582865990596	0.7564524582870629	0.8717372821995583	0.8717372821995583	0.8717372821995583	0.8717372821995583	0.0	0.7564524582870629	0.7564524582870629	0.7564524582870629	0.0	0.7463582865990596	0.7463582865990596	0.7463582865990596	0.0	0.0	0.0	0.0	0.07972263958177277	0.06815278398406381	0.4096340155636729	0.4096340155636729	0.4096340155636729	0.4096340155636729	0.0	0.06815278398406381	0.06815278398406381	0.06815278398406381	0.0	0.07972263958177277	0.07972263958177277	0.07972263958177277	0.0	0.7564524582870629	0.8717372821995583	0.06815278398406381	0.4096340155636729	32	STA5A	2550
5	STA5A	BaggingClassifier_XGBClassifier	di	0.7463582865990596	0.7564524582870629	0.8717372821995583	0.7463582865990596	0.7564524582870629	0.8717372821995583	0.8660126511809161	0.8660126511809161	0.8660126511809161	0.0	0.7697714890488877	0.7697714890488877	0.7697714890488877	0.0	0.8808628251746216	0.8808628251746216	0.8808628251746216	0.0	0.07972263958177277	0.06815278398406381	0.4096340155636729	0.07972263958177277	0.06815278398406381	0.4096340155636729	0.40715688498463554	0.40715688498463554	0.40715688498463554	0.0	0.10062136364200418	0.10062136364200418	0.10062136364200418	0.0	0.21936716051091845	0.21936716051091845	0.21936716051091845	0.0	0.7564524582870629	0.8717372821995583	0.06815278398406381	0.4096340155636729	32	STA5A	2550
9	STA5A	BaggingClassifier_XGBClassifier	mono+di	0.0	0.7564524582870629	0.8759811068556771	0.0	0.7564524582870629	0.8759811068556771	0.8691601782598255	0.8691601782598255	0.8691601782598255	0.0	0.7696137262977889	0.7696137262977889	0.7696137262977889	0.0	0.9055619356409772	0.9055619356409772	0.9055619356409772	0.0	0.0	0.06815278398406381	0.4096340155636729	0.0	0.06815278398406381	0.4096340155636729	0.41530617408716	0.41530617408716	0.41530617408716	0.0	0.10235933640546989	0.10235933640546989	0.10235933640546989	0.0	0.24784147002016832	0.24784147002016832	0.24784147002016832	0.0	0.7564524582870629	0.8759811068556771	0.06815278398406381	0.4096340155636729	32	STA5A	2550
9	STA5A	Single best mono PWM	mono	0.742385810749207	0.7460946159420668	0.8759811068556771	0.0	0.0	0.0	0.8759811068556771	0.8759811068556771	0.8759811068556771	0.0	0.7460946159420668	0.7460946159420668	0.7460946159420668	0.0	0.742385810749207	0.742385810749207	0.742385810749207	0.0	0.07185293819488878	0.06147081623500864	0.3854019872115097	0.0	0.0	0.0	0.3854019872115097	0.3854019872115097	0.3854019872115097	0.0	0.06147081623500864	0.06147081623500864	0.06147081623500864	0.0	0.07185293819488878	0.07185293819488878	0.07185293819488878	0.0	0.7460946159420668	0.8759811068556771	0.06147081623500864	0.3854019872115097	32	STA5A	2550
9	STA5A	BaggingClassifier_LogisticRegression	mono	0.742385810749207	0.7460946159420668	0.8759811068556771	0.742385810749207	0.7460946159420668	0.8759811068556771	0.9006589660504533	0.9006589660504533	0.9006589660504533	0.0	0.7465978301104756	0.7465978301104756	0.7465978301104756	0.0	0.7421657768134261	0.7421657768134261	0.7421657768134261	0.0	0.07185293819488878	0.06147081623500864	0.3854019872115097	0.07185293819488878	0.06147081623500864	0.3854019872115097	0.3924742403036842	0.3924742403036842	0.3924742403036842	0.0	0.08481650044536347	0.08481650044536347	0.08481650044536347	0.0	0.07733324748249866	0.07733324748249866	0.07733324748249866	0.0	0.7460946159420668	0.8759811068556771	0.06147081623500864	0.3854019872115097	32	STA5A	2550
5	STA5A	Single best di PWM	di	0.0	0.0	0.0	0.7463582865990596	0.7564524582870629	0.8717372821995583	0.8717372821995583	0.8717372821995583	0.8717372821995583	0.0	0.7564524582870629	0.7564524582870629	0.7564524582870629	0.0	0.7463582865990596	0.7463582865990596	0.7463582865990596	0.0	0.0	0.0	0.0	0.07972263958177277	0.06815278398406381	0.4096340155636729	0.4096340155636729	0.4096340155636729	0.4096340155636729	0.0	0.06815278398406381	0.06815278398406381	0.06815278398406381	0.0	0.07972263958177277	0.07972263958177277	0.07972263958177277	0.0	0.7564524582870629	0.8717372821995583	0.06815278398406381	0.4096340155636729	32	STA5A	2550
5	STA5A	BaggingClassifier_LogisticRegression	di	0.7463582865990596	0.7564524582870629	0.8717372821995583	0.7463582865990596	0.7564524582870629	0.8717372821995583	0.9028835346141298	0.9028835346141298	0.9028835346141298	0.0	0.7541099473255234	0.7541099473255234	0.7541099473255234	0.0	0.7429568038328807	0.7429568038328807	0.7429568038328807	0.0	0.07972263958177277	0.06815278398406381	0.4096340155636729	0.07972263958177277	0.06815278398406381	0.4096340155636729	0.4033429305684182	0.4033429305684182	0.4033429305684182	0.0	0.09981175778000381	0.09981175778000381	0.09981175778000381	0.0	0.08441738124168444	0.08441738124168444	0.08441738124168444	0.0	0.7564524582870629	0.8717372821995583	0.06815278398406381	0.4096340155636729	32	STA5A	2550
9	STA5A	BaggingClassifier_LogisticRegression	mono+di	0.0	0.7564524582870629	0.8759811068556771	0.0	0.7564524582870629	0.8759811068556771	0.9028299881124651	0.9028299881124651	0.9028299881124651	0.0	0.7573075713260378	0.7573075713260378	0.7573075713260378	0.0	0.7469702359249648	0.7469702359249648	0.7469702359249648	0.0	0.0	0.06815278398406381	0.4096340155636729	0.0	0.06815278398406381	0.4096340155636729	0.40168614655428625	0.40168614655428625	0.40168614655428625	0.0	0.09733540416714621	0.09733540416714621	0.09733540416714621	0.0	0.08530603856254095	0.08530603856254095	0.08530603856254095	0.0	0.7564524582870629	0.8759811068556771	0.06815278398406381	0.4096340155636729	32	STA5A	2550
11	STAT1	Single best mono PWM	mono	0.9022378518937624	0.9131343828630953	0.7241026626661141	0.0	0.0	0.0	0.7241026626661141	0.7241026626661141	0.7241026626661141	0.0	0.9131343828630953	0.9131343828630953	0.9131343828630953	0.0	0.9022378518937624	0.9022378518937624	0.9022378518937624	0.0	0.3769059327431528	0.3650866780206494	0.07275465203925333	0.0	0.0	0.0	0.07275465203925333	0.07275465203925333	0.07275465203925333	0.0	0.3650866780206494	0.3650866780206494	0.3650866780206494	0.0	0.3769059327431528	0.3769059327431528	0.3769059327431528	0.0	0.9131343828630953	0.7241026626661141	0.3650866780206494	0.07275465203925333	33	STAT1	4588
11	STAT1	RandomForestClassifier	mono	0.9022378518937624	0.9131343828630953	0.7241026626661141	0.9022378518937624	0.9131343828630953	0.7241026626661141	0.79780809720756	0.79780809720756	0.79780809720756	0.0	0.9351024171589535	0.9351024171589535	0.9351024171589535	0.0	0.9394363437623571	0.9394363437623571	0.9394363437623571	0.0	0.3769059327431528	0.3650866780206494	0.07275465203925333	0.3769059327431528	0.3650866780206494	0.07275465203925333	0.09482502739173641	0.09482502739173641	0.09482502739173641	0.0	0.367366600431256	0.367366600431256	0.367366600431256	0.0	0.5138795279636726	0.5138795279636726	0.5138795279636726	0.0	0.9131343828630953	0.7241026626661141	0.3650866780206494	0.07275465203925333	33	STAT1	4588
6	STAT1	Single best di PWM	di	0.0	0.0	0.0	0.9035143056701609	0.9181621599274896	0.7270187798291892	0.7270187798291892	0.7270187798291892	0.7270187798291892	0.0	0.9181621599274896	0.9181621599274896	0.9181621599274896	0.0	0.9035143056701609	0.9035143056701609	0.9035143056701609	0.0	0.0	0.0	0.0	0.38817494728200586	0.36194796446473004	0.08116175714589131	0.08116175714589131	0.08116175714589131	0.08116175714589131	0.0	0.36194796446473004	0.36194796446473004	0.36194796446473004	0.0	0.38817494728200586	0.38817494728200586	0.38817494728200586	0.0	0.9181621599274896	0.7270187798291892	0.36194796446473004	0.08116175714589131	33	STAT1	4588
6	STAT1	RandomForestClassifier	di	0.9035143056701609	0.9181621599274896	0.7270187798291892	0.9035143056701609	0.9181621599274896	0.7270187798291892	0.8014630777760947	0.8014630777760947	0.8014630777760947	0.0	0.9401792214153681	0.9401792214153681	0.9401792214153681	0.0	0.9416652097003504	0.9416652097003504	0.9416652097003504	0.0	0.38817494728200586	0.36194796446473004	0.08116175714589131	0.38817494728200586	0.36194796446473004	0.08116175714589131	0.10146905256769566	0.10146905256769566	0.10146905256769566	0.0	0.3996585005302695	0.3996585005302695	0.3996585005302695	0.0	0.5352126845777029	0.5352126845777029	0.5352126845777029	0.0	0.9181621599274896	0.7270187798291892	0.36194796446473004	0.08116175714589131	33	STAT1	4588
11	STAT1	RandomForestClassifier	mono+di	0.0	0.9181621599274896	0.7270187798291892	0.0	0.9181621599274896	0.7270187798291892	0.8048394433712877	0.8048394433712877	0.8048394433712877	0.0	0.9408718033199684	0.9408718033199684	0.9408718033199684	0.0	0.9436264857561563	0.9436264857561563	0.9436264857561563	0.0	0.0	0.3650866780206494	0.08116175714589131	0.0	0.3650866780206494	0.08116175714589131	0.10175715455656816	0.10175715455656816	0.10175715455656816	0.0	0.4061040423520591	0.4061040423520591	0.4061040423520591	0.0	0.5517212148375895	0.5517212148375895	0.5517212148375895	0.0	0.9181621599274896	0.7270187798291892	0.3650866780206494	0.08116175714589131	33	STAT1	4588
11	STAT1	Single best mono PWM	mono	0.9022378518937624	0.9131343828630953	0.7241026626661141	0.0	0.0	0.0	0.7241026626661141	0.7241026626661141	0.7241026626661141	0.0	0.9131343828630953	0.9131343828630953	0.9131343828630953	0.0	0.9022378518937624	0.9022378518937624	0.9022378518937624	0.0	0.3769059327431528	0.3650866780206494	0.07275465203925333	0.0	0.0	0.0	0.07275465203925333	0.07275465203925333	0.07275465203925333	0.0	0.3650866780206494	0.3650866780206494	0.3650866780206494	0.0	0.3769059327431528	0.3769059327431528	0.3769059327431528	0.0	0.9131343828630953	0.7241026626661141	0.3650866780206494	0.07275465203925333	33	STAT1	4588
11	STAT1	LogisticRegression	mono	0.9022378518937624	0.9131343828630953	0.7241026626661141	0.9022378518937624	0.9131343828630953	0.7241026626661141	0.7682383647457661	0.7682383647457661	0.7682383647457661	0.0	0.9216735454232832	0.9216735454232832	0.9216735454232832	0.0	0.9150039348324126	0.9150039348324126	0.9150039348324126	0.0	0.3769059327431528	0.3650866780206494	0.07275465203925333	0.3769059327431528	0.3650866780206494	0.07275465203925333	0.09846516152866024	0.09846516152866024	0.09846516152866024	0.0	0.37276005478832025	0.37276005478832025	0.37276005478832025	0.0	0.3740782977019098	0.3740782977019098	0.3740782977019098	0.0	0.9131343828630953	0.7241026626661141	0.3650866780206494	0.07275465203925333	33	STAT1	4588
6	STAT1	Single best di PWM	di	0.0	0.0	0.0	0.9035143056701609	0.9181621599274896	0.7270187798291892	0.7270187798291892	0.7270187798291892	0.7270187798291892	0.0	0.9181621599274896	0.9181621599274896	0.9181621599274896	0.0	0.9035143056701609	0.9035143056701609	0.9035143056701609	0.0	0.0	0.0	0.0	0.38817494728200586	0.36194796446473004	0.08116175714589131	0.08116175714589131	0.08116175714589131	0.08116175714589131	0.0	0.36194796446473004	0.36194796446473004	0.36194796446473004	0.0	0.38817494728200586	0.38817494728200586	0.38817494728200586	0.0	0.9181621599274896	0.7270187798291892	0.36194796446473004	0.08116175714589131	33	STAT1	4588
6	STAT1	LogisticRegression	di	0.9035143056701609	0.9181621599274896	0.7270187798291892	0.9035143056701609	0.9181621599274896	0.7270187798291892	0.782465284361718	0.782465284361718	0.782465284361718	0.0	0.9312895084815727	0.9312895084815727	0.9312895084815727	0.0	0.9233750221103343	0.9233750221103343	0.9233750221103343	0.0	0.38817494728200586	0.36194796446473004	0.08116175714589131	0.38817494728200586	0.36194796446473004	0.08116175714589131	0.10545799375969701	0.10545799375969701	0.10545799375969701	0.0	0.42486092992241004	0.42486092992241004	0.42486092992241004	0.0	0.41289025976738136	0.41289025976738136	0.41289025976738136	0.0	0.9181621599274896	0.7270187798291892	0.36194796446473004	0.08116175714589131	33	STAT1	4588
11	STAT1	LogisticRegression	mono+di	0.0	0.9181621599274896	0.7270187798291892	0.0	0.9181621599274896	0.7270187798291892	0.7828257828784615	0.7828257828784615	0.7828257828784615	0.0	0.9312417152689605	0.9312417152689605	0.9312417152689605	0.0	0.9242648935567455	0.9242648935567455	0.9242648935567455	0.0	0.0	0.3650866780206494	0.08116175714589131	0.0	0.3650866780206494	0.08116175714589131	0.10596260787989877	0.10596260787989877	0.10596260787989877	0.0	0.4354873521582193	0.4354873521582193	0.4354873521582193	0.0	0.4193912773995029	0.4193912773995029	0.4193912773995029	0.0	0.9181621599274896	0.7270187798291892	0.3650866780206494	0.08116175714589131	33	STAT1	4588
11	STAT1	Single best mono PWM	mono	0.9022378518937624	0.9131343828630953	0.7241026626661141	0.0	0.0	0.0	0.7241026626661141	0.7241026626661141	0.7241026626661141	0.0	0.9131343828630953	0.9131343828630953	0.9131343828630953	0.0	0.9022378518937624	0.9022378518937624	0.9022378518937624	0.0	0.3769059327431528	0.3650866780206494	0.07275465203925333	0.0	0.0	0.0	0.07275465203925333	0.07275465203925333	0.07275465203925333	0.0	0.3650866780206494	0.3650866780206494	0.3650866780206494	0.0	0.3769059327431528	0.3769059327431528	0.3769059327431528	0.0	0.9131343828630953	0.7241026626661141	0.3650866780206494	0.07275465203925333	33	STAT1	4588
11	STAT1	XGBClassifier	mono	0.9022378518937624	0.9131343828630953	0.7241026626661141	0.9022378518937624	0.9131343828630953	0.7241026626661141	0.8101206700611432	0.8101206700611432	0.8101206700611432	0.0	0.9289875856660451	0.9289875856660451	0.9289875856660451	0.0	0.9582641020102514	0.9582641020102514	0.9582641020102514	0.0	0.3769059327431528	0.3650866780206494	0.07275465203925333	0.3769059327431528	0.3650866780206494	0.07275465203925333	0.10098783763121374	0.10098783763121374	0.10098783763121374	0.0	0.3481287585563638	0.3481287585563638	0.3481287585563638	0.0	0.5982390667476848	0.5982390667476848	0.5982390667476848	0.0	0.9131343828630953	0.7241026626661141	0.3650866780206494	0.07275465203925333	33	STAT1	4588
6	STAT1	Single best di PWM	di	0.0	0.0	0.0	0.9035143056701609	0.9181621599274896	0.7270187798291892	0.7270187798291892	0.7270187798291892	0.7270187798291892	0.0	0.9181621599274896	0.9181621599274896	0.9181621599274896	0.0	0.9035143056701609	0.9035143056701609	0.9035143056701609	0.0	0.0	0.0	0.0	0.38817494728200586	0.36194796446473004	0.08116175714589131	0.08116175714589131	0.08116175714589131	0.08116175714589131	0.0	0.36194796446473004	0.36194796446473004	0.36194796446473004	0.0	0.38817494728200586	0.38817494728200586	0.38817494728200586	0.0	0.9181621599274896	0.7270187798291892	0.36194796446473004	0.08116175714589131	33	STAT1	4588
6	STAT1	XGBClassifier	di	0.9035143056701609	0.9181621599274896	0.7270187798291892	0.9035143056701609	0.9181621599274896	0.7270187798291892	0.8155688960356295	0.8155688960356295	0.8155688960356295	0.0	0.9348905172127601	0.9348905172127601	0.9348905172127601	0.0	0.9555250397692526	0.9555250397692526	0.9555250397692526	0.0	0.38817494728200586	0.36194796446473004	0.08116175714589131	0.38817494728200586	0.36194796446473004	0.08116175714589131	0.12726650891483865	0.12726650891483865	0.12726650891483865	0.0	0.35294105829896394	0.35294105829896394	0.35294105829896394	0.0	0.6075800243103546	0.6075800243103546	0.6075800243103546	0.0	0.9181621599274896	0.7270187798291892	0.36194796446473004	0.08116175714589131	33	STAT1	4588
11	STAT1	XGBClassifier	mono+di	0.0	0.9181621599274896	0.7270187798291892	0.0	0.9181621599274896	0.7270187798291892	0.817665221408044	0.817665221408044	0.817665221408044	0.0	0.9344718160982323	0.9344718160982323	0.9344718160982323	0.0	0.962032937481822	0.962032937481822	0.962032937481822	0.0	0.0	0.3650866780206494	0.08116175714589131	0.0	0.3650866780206494	0.08116175714589131	0.11430018660608311	0.11430018660608311	0.11430018660608311	0.0	0.4075799211593641	0.4075799211593641	0.4075799211593641	0.0	0.6456862580295846	0.6456862580295846	0.6456862580295846	0.0	0.9181621599274896	0.7270187798291892	0.3650866780206494	0.08116175714589131	33	STAT1	4588
11	STAT1	Single best mono PWM	mono	0.9022378518937624	0.9131343828630953	0.7241026626661141	0.0	0.0	0.0	0.7241026626661141	0.7241026626661141	0.7241026626661141	0.0	0.9131343828630953	0.9131343828630953	0.9131343828630953	0.0	0.9022378518937624	0.9022378518937624	0.9022378518937624	0.0	0.3769059327431528	0.3650866780206494	0.07275465203925333	0.0	0.0	0.0	0.07275465203925333	0.07275465203925333	0.07275465203925333	0.0	0.3650866780206494	0.3650866780206494	0.3650866780206494	0.0	0.3769059327431528	0.3769059327431528	0.3769059327431528	0.0	0.9131343828630953	0.7241026626661141	0.3650866780206494	0.07275465203925333	33	STAT1	4588
11	STAT1	BaggingClassifier_XGBClassifier	mono	0.9022378518937624	0.9131343828630953	0.7241026626661141	0.9022378518937624	0.9131343828630953	0.7241026626661141	0.8099630761486106	0.8099630761486106	0.8099630761486106	0.0	0.929953396919812	0.929953396919812	0.929953396919812	0.0	0.9678272382003184	0.9678272382003184	0.9678272382003184	0.0	0.3769059327431528	0.3650866780206494	0.07275465203925333	0.3769059327431528	0.3650866780206494	0.07275465203925333	0.10678239440400487	0.10678239440400487	0.10678239440400487	0.0	0.3667860654935193	0.3667860654935193	0.3667860654935193	0.0	0.6027305023110965	0.6027305023110965	0.6027305023110965	0.0	0.9131343828630953	0.7241026626661141	0.3650866780206494	0.07275465203925333	33	STAT1	4588
6	STAT1	Single best di PWM	di	0.0	0.0	0.0	0.9035143056701609	0.9181621599274896	0.7270187798291892	0.7270187798291892	0.7270187798291892	0.7270187798291892	0.0	0.9181621599274896	0.9181621599274896	0.9181621599274896	0.0	0.9035143056701609	0.9035143056701609	0.9035143056701609	0.0	0.0	0.0	0.0	0.38817494728200586	0.36194796446473004	0.08116175714589131	0.08116175714589131	0.08116175714589131	0.08116175714589131	0.0	0.36194796446473004	0.36194796446473004	0.36194796446473004	0.0	0.38817494728200586	0.38817494728200586	0.38817494728200586	0.0	0.9181621599274896	0.7270187798291892	0.36194796446473004	0.08116175714589131	33	STAT1	4588
6	STAT1	BaggingClassifier_XGBClassifier	di	0.9035143056701609	0.9181621599274896	0.7270187798291892	0.9035143056701609	0.9181621599274896	0.7270187798291892	0.8149703569947999	0.8149703569947999	0.8149703569947999	0.0	0.9373393274248478	0.9373393274248478	0.9373393274248478	0.0	0.9647029389594742	0.9647029389594742	0.9647029389594742	0.0	0.38817494728200586	0.36194796446473004	0.08116175714589131	0.38817494728200586	0.36194796446473004	0.08116175714589131	0.12028265484357042	0.12028265484357042	0.12028265484357042	0.0	0.38466370853695764	0.38466370853695764	0.38466370853695764	0.0	0.6126587347189487	0.6126587347189487	0.6126587347189487	0.0	0.9181621599274896	0.7270187798291892	0.36194796446473004	0.08116175714589131	33	STAT1	4588
11	STAT1	BaggingClassifier_XGBClassifier	mono+di	0.0	0.9181621599274896	0.7270187798291892	0.0	0.9181621599274896	0.7270187798291892	0.8176570192716218	0.8176570192716218	0.8176570192716218	0.0	0.9358970873701267	0.9358970873701267	0.9358970873701267	0.0	0.9728178912114241	0.9728178912114241	0.9728178912114241	0.0	0.0	0.3650866780206494	0.08116175714589131	0.0	0.3650866780206494	0.08116175714589131	0.11109871199266035	0.11109871199266035	0.11109871199266035	0.0	0.4012830607186997	0.4012830607186997	0.4012830607186997	0.0	0.657799265509597	0.657799265509597	0.657799265509597	0.0	0.9181621599274896	0.7270187798291892	0.3650866780206494	0.08116175714589131	33	STAT1	4588
11	STAT1	Single best mono PWM	mono	0.9022378518937624	0.9131343828630953	0.7241026626661141	0.0	0.0	0.0	0.7241026626661141	0.7241026626661141	0.7241026626661141	0.0	0.9131343828630953	0.9131343828630953	0.9131343828630953	0.0	0.9022378518937624	0.9022378518937624	0.9022378518937624	0.0	0.3769059327431528	0.3650866780206494	0.07275465203925333	0.0	0.0	0.0	0.07275465203925333	0.07275465203925333	0.07275465203925333	0.0	0.3650866780206494	0.3650866780206494	0.3650866780206494	0.0	0.3769059327431528	0.3769059327431528	0.3769059327431528	0.0	0.9131343828630953	0.7241026626661141	0.3650866780206494	0.07275465203925333	33	STAT1	4588
11	STAT1	BaggingClassifier_LogisticRegression	mono	0.9022378518937624	0.9131343828630953	0.7241026626661141	0.9022378518937624	0.9131343828630953	0.7241026626661141	0.7695880715951307	0.7695880715951307	0.7695880715951307	0.0	0.9217732785204273	0.9217732785204273	0.9217732785204273	0.0	0.9153629897864813	0.9153629897864813	0.9153629897864813	0.0	0.3769059327431528	0.3650866780206494	0.07275465203925333	0.3769059327431528	0.3650866780206494	0.07275465203925333	0.09912344567592833	0.09912344567592833	0.09912344567592833	0.0	0.3711197910068006	0.3711197910068006	0.3711197910068006	0.0	0.37326626559350223	0.37326626559350223	0.37326626559350223	0.0	0.9131343828630953	0.7241026626661141	0.3650866780206494	0.07275465203925333	33	STAT1	4588
6	STAT1	Single best di PWM	di	0.0	0.0	0.0	0.9035143056701609	0.9181621599274896	0.7270187798291892	0.7270187798291892	0.7270187798291892	0.7270187798291892	0.0	0.9181621599274896	0.9181621599274896	0.9181621599274896	0.0	0.9035143056701609	0.9035143056701609	0.9035143056701609	0.0	0.0	0.0	0.0	0.38817494728200586	0.36194796446473004	0.08116175714589131	0.08116175714589131	0.08116175714589131	0.08116175714589131	0.0	0.36194796446473004	0.36194796446473004	0.36194796446473004	0.0	0.38817494728200586	0.38817494728200586	0.38817494728200586	0.0	0.9181621599274896	0.7270187798291892	0.36194796446473004	0.08116175714589131	33	STAT1	4588
6	STAT1	BaggingClassifier_LogisticRegression	di	0.9035143056701609	0.9181621599274896	0.7270187798291892	0.9035143056701609	0.9181621599274896	0.7270187798291892	0.7830443283480211	0.7830443283480211	0.7830443283480211	0.0	0.9314278770355179	0.9314278770355179	0.9314278770355179	0.0	0.923554076042744	0.923554076042744	0.923554076042744	0.0	0.38817494728200586	0.36194796446473004	0.08116175714589131	0.38817494728200586	0.36194796446473004	0.08116175714589131	0.10554876436804173	0.10554876436804173	0.10554876436804173	0.0	0.4244024125247639	0.4244024125247639	0.4244024125247639	0.0	0.41194899485652037	0.41194899485652037	0.41194899485652037	0.0	0.9181621599274896	0.7270187798291892	0.36194796446473004	0.08116175714589131	33	STAT1	4588
11	STAT1	BaggingClassifier_LogisticRegression	mono+di	0.0	0.9181621599274896	0.7270187798291892	0.0	0.9181621599274896	0.7270187798291892	0.7837217428430618	0.7837217428430618	0.7837217428430618	0.0	0.9312944068160762	0.9312944068160762	0.9312944068160762	0.0	0.9245602975482944	0.9245602975482944	0.9245602975482944	0.0	0.0	0.3650866780206494	0.08116175714589131	0.0	0.3650866780206494	0.08116175714589131	0.10605101546603779	0.10605101546603779	0.10605101546603779	0.0	0.4347608928025025	0.4347608928025025	0.4347608928025025	0.0	0.41890868500881673	0.41890868500881673	0.41890868500881673	0.0	0.9181621599274896	0.7270187798291892	0.3650866780206494	0.08116175714589131	33	STAT1	4588
5	STAT3	Single best mono PWM	mono	0.7989497053481808	0.820615325942236	0.7935345210150767	0.0	0.0	0.0	0.7935345210150767	0.7935345210150767	0.7935345210150767	0.0	0.820615325942236	0.820615325942236	0.820615325942236	0.0	0.7989497053481808	0.7989497053481808	0.7989497053481808	0.0	0.06962832901791992	0.08672130757821674	0.06185134767883926	0.0	0.0	0.0	0.06185134767883926	0.06185134767883926	0.06185134767883926	0.0	0.08672130757821674	0.08672130757821674	0.08672130757821674	0.0	0.06962832901791992	0.06962832901791992	0.06962832901791992	0.0	0.820615325942236	0.7935345210150767	0.08672130757821674	0.06185134767883926	34	STAT3	3000
5	STAT3	RandomForestClassifier	mono	0.7989497053481808	0.820615325942236	0.7935345210150767	0.7989497053481808	0.820615325942236	0.7935345210150767	0.8055546970990521	0.8055546970990521	0.8055546970990521	0.0	0.8304890525090756	0.8304890525090756	0.8304890525090756	0.0	0.8387884018744683	0.8387884018744683	0.8387884018744683	0.0	0.06962832901791992	0.08672130757821674	0.06185134767883926	0.06962832901791992	0.08672130757821674	0.06185134767883926	0.07606188140796546	0.07606188140796546	0.07606188140796546	0.0	0.08738070428206335	0.08738070428206335	0.08738070428206335	0.0	0.1574362484129828	0.1574362484129828	0.1574362484129828	0.0	0.820615325942236	0.7935345210150767	0.08672130757821674	0.06185134767883926	34	STAT3	3000
5	STAT3	Single best di PWM	di	0.0	0.0	0.0	0.796809995937867	0.8256303389881179	0.7908270900598727	0.7908270900598727	0.7908270900598727	0.7908270900598727	0.0	0.8256303389881179	0.8256303389881179	0.8256303389881179	0.0	0.796809995937867	0.796809995937867	0.796809995937867	0.0	0.0	0.0	0.0	0.06877141551027839	0.07117970163507173	0.06404804729292346	0.06404804729292346	0.06404804729292346	0.06404804729292346	0.0	0.07117970163507173	0.07117970163507173	0.07117970163507173	0.0	0.06877141551027839	0.06877141551027839	0.06877141551027839	0.0	0.8256303389881179	0.7908270900598727	0.07117970163507173	0.06404804729292346	34	STAT3	3000
5	STAT3	RandomForestClassifier	di	0.796809995937867	0.8256303389881179	0.7908270900598727	0.796809995937867	0.8256303389881179	0.7908270900598727	0.7996420159549981	0.7996420159549981	0.7996420159549981	0.0	0.8368499625313883	0.8368499625313883	0.8368499625313883	0.0	0.8408185543810693	0.8408185543810693	0.8408185543810693	0.0	0.06877141551027839	0.07117970163507173	0.06404804729292346	0.06877141551027839	0.07117970163507173	0.06404804729292346	0.06684641263394886	0.06684641263394886	0.06684641263394886	0.0	0.07880589990061515	0.07880589990061515	0.07880589990061515	0.0	0.1865596234392785	0.1865596234392785	0.1865596234392785	0.0	0.8256303389881179	0.7908270900598727	0.07117970163507173	0.06404804729292346	34	STAT3	3000
5	STAT3	RandomForestClassifier	mono+di	0.0	0.8256303389881179	0.7935345210150767	0.0	0.8256303389881179	0.7935345210150767	0.8065584827078383	0.8065584827078383	0.8065584827078383	0.0	0.8358837480371716	0.8358837480371716	0.8358837480371716	0.0	0.8423912952611392	0.8423912952611392	0.8423912952611392	0.0	0.0	0.08672130757821674	0.06404804729292346	0.0	0.08672130757821674	0.06404804729292346	0.07265202278600844	0.07265202278600844	0.07265202278600844	0.0	0.08620081631265707	0.08620081631265707	0.08620081631265707	0.0	0.2044593793644481	0.2044593793644481	0.2044593793644481	0.0	0.8256303389881179	0.7935345210150767	0.08672130757821674	0.06404804729292346	34	STAT3	3000
5	STAT3	Single best mono PWM	mono	0.7989497053481808	0.820615325942236	0.7935345210150767	0.0	0.0	0.0	0.7935345210150767	0.7935345210150767	0.7935345210150767	0.0	0.820615325942236	0.820615325942236	0.820615325942236	0.0	0.7989497053481808	0.7989497053481808	0.7989497053481808	0.0	0.06962832901791992	0.08672130757821674	0.06185134767883926	0.0	0.0	0.0	0.06185134767883926	0.06185134767883926	0.06185134767883926	0.0	0.08672130757821674	0.08672130757821674	0.08672130757821674	0.0	0.06962832901791992	0.06962832901791992	0.06962832901791992	0.0	0.820615325942236	0.7935345210150767	0.08672130757821674	0.06185134767883926	34	STAT3	3000
5	STAT3	LogisticRegression	mono	0.7989497053481808	0.820615325942236	0.7935345210150767	0.7989497053481808	0.820615325942236	0.7935345210150767	0.805551161344134	0.805551161344134	0.805551161344134	0.0	0.8313745240858674	0.8313745240858674	0.8313745240858674	0.0	0.8082875254251257	0.8082875254251257	0.8082875254251257	0.0	0.06962832901791992	0.08672130757821674	0.06185134767883926	0.06962832901791992	0.08672130757821674	0.06185134767883926	0.07064569184234269	0.07064569184234269	0.07064569184234269	0.0	0.09650025781855096	0.09650025781855096	0.09650025781855096	0.0	0.07463453507987078	0.07463453507987078	0.07463453507987078	0.0	0.820615325942236	0.7935345210150767	0.08672130757821674	0.06185134767883926	34	STAT3	3000
5	STAT3	Single best di PWM	di	0.0	0.0	0.0	0.796809995937867	0.8256303389881179	0.7908270900598727	0.7908270900598727	0.7908270900598727	0.7908270900598727	0.0	0.8256303389881179	0.8256303389881179	0.8256303389881179	0.0	0.796809995937867	0.796809995937867	0.796809995937867	0.0	0.0	0.0	0.0	0.06877141551027839	0.07117970163507173	0.06404804729292346	0.06404804729292346	0.06404804729292346	0.06404804729292346	0.0	0.07117970163507173	0.07117970163507173	0.07117970163507173	0.0	0.06877141551027839	0.06877141551027839	0.06877141551027839	0.0	0.8256303389881179	0.7908270900598727	0.07117970163507173	0.06404804729292346	34	STAT3	3000
5	STAT3	LogisticRegression	di	0.796809995937867	0.8256303389881179	0.7908270900598727	0.796809995937867	0.8256303389881179	0.7908270900598727	0.7999913826538108	0.7999913826538108	0.7999913826538108	0.0	0.836798826176198	0.836798826176198	0.836798826176198	0.0	0.80788400402681	0.80788400402681	0.80788400402681	0.0	0.06877141551027839	0.07117970163507173	0.06404804729292346	0.06877141551027839	0.07117970163507173	0.06404804729292346	0.06830016302504824	0.06830016302504824	0.06830016302504824	0.0	0.07915357847522732	0.07915357847522732	0.07915357847522732	0.0	0.07371588245271858	0.07371588245271858	0.07371588245271858	0.0	0.8256303389881179	0.7908270900598727	0.07117970163507173	0.06404804729292346	34	STAT3	3000
5	STAT3	LogisticRegression	mono+di	0.0	0.8256303389881179	0.7935345210150767	0.0	0.8256303389881179	0.7935345210150767	0.8045948203111218	0.8045948203111218	0.8045948203111218	0.0	0.8393962672773079	0.8393962672773079	0.8393962672773079	0.0	0.812267531194532	0.812267531194532	0.812267531194532	0.0	0.0	0.08672130757821674	0.06404804729292346	0.0	0.08672130757821674	0.06404804729292346	0.06859646198713694	0.06859646198713694	0.06859646198713694	0.0	0.09399333692148461	0.09399333692148461	0.09399333692148461	0.0	0.0767017051867973	0.0767017051867973	0.0767017051867973	0.0	0.8256303389881179	0.7935345210150767	0.08672130757821674	0.06404804729292346	34	STAT3	3000
5	STAT3	Single best mono PWM	mono	0.7989497053481808	0.820615325942236	0.7935345210150767	0.0	0.0	0.0	0.7935345210150767	0.7935345210150767	0.7935345210150767	0.0	0.820615325942236	0.820615325942236	0.820615325942236	0.0	0.7989497053481808	0.7989497053481808	0.7989497053481808	0.0	0.06962832901791992	0.08672130757821674	0.06185134767883926	0.0	0.0	0.0	0.06185134767883926	0.06185134767883926	0.06185134767883926	0.0	0.08672130757821674	0.08672130757821674	0.08672130757821674	0.0	0.06962832901791992	0.06962832901791992	0.06962832901791992	0.0	0.820615325942236	0.7935345210150767	0.08672130757821674	0.06185134767883926	34	STAT3	3000
5	STAT3	XGBClassifier	mono	0.7989497053481808	0.820615325942236	0.7935345210150767	0.7989497053481808	0.820615325942236	0.7935345210150767	0.7989758388543969	0.7989758388543969	0.7989758388543969	0.0	0.8254046601802556	0.8254046601802556	0.8254046601802556	0.0	0.8694487067404916	0.8694487067404916	0.8694487067404916	0.0	0.06962832901791992	0.08672130757821674	0.06185134767883926	0.06962832901791992	0.08672130757821674	0.06185134767883926	0.0719024463592363	0.0719024463592363	0.0719024463592363	0.0	0.079503349119413	0.079503349119413	0.079503349119413	0.0	0.15930540717630157	0.15930540717630157	0.15930540717630157	0.0	0.820615325942236	0.7935345210150767	0.08672130757821674	0.06185134767883926	34	STAT3	3000
5	STAT3	Single best di PWM	di	0.0	0.0	0.0	0.796809995937867	0.8256303389881179	0.7908270900598727	0.7908270900598727	0.7908270900598727	0.7908270900598727	0.0	0.8256303389881179	0.8256303389881179	0.8256303389881179	0.0	0.796809995937867	0.796809995937867	0.796809995937867	0.0	0.0	0.0	0.0	0.06877141551027839	0.07117970163507173	0.06404804729292346	0.06404804729292346	0.06404804729292346	0.06404804729292346	0.0	0.07117970163507173	0.07117970163507173	0.07117970163507173	0.0	0.06877141551027839	0.06877141551027839	0.06877141551027839	0.0	0.8256303389881179	0.7908270900598727	0.07117970163507173	0.06404804729292346	34	STAT3	3000
5	STAT3	XGBClassifier	di	0.796809995937867	0.8256303389881179	0.7908270900598727	0.796809995937867	0.8256303389881179	0.7908270900598727	0.790456444293651	0.790456444293651	0.790456444293651	0.0	0.8213307972167685	0.8213307972167685	0.8213307972167685	0.0	0.8743191453036738	0.8743191453036738	0.8743191453036738	0.0	0.06877141551027839	0.07117970163507173	0.06404804729292346	0.06877141551027839	0.07117970163507173	0.06404804729292346	0.06675142519123474	0.06675142519123474	0.06675142519123474	0.0	0.07235029298226357	0.07235029298226357	0.07235029298226357	0.0	0.18618281151934984	0.18618281151934984	0.18618281151934984	0.0	0.8256303389881179	0.7908270900598727	0.07117970163507173	0.06404804729292346	34	STAT3	3000
5	STAT3	XGBClassifier	mono+di	0.0	0.8256303389881179	0.7935345210150767	0.0	0.8256303389881179	0.7935345210150767	0.7946096471252053	0.7946096471252053	0.7946096471252053	0.0	0.8332322470876969	0.8332322470876969	0.8332322470876969	0.0	0.8874009781498456	0.8874009781498456	0.8874009781498456	0.0	0.0	0.08672130757821674	0.06404804729292346	0.0	0.08672130757821674	0.06404804729292346	0.0671381871060559	0.0671381871060559	0.0671381871060559	0.0	0.0915537208429643	0.0915537208429643	0.0915537208429643	0.0	0.20528853290479368	0.20528853290479368	0.20528853290479368	0.0	0.8256303389881179	0.7935345210150767	0.08672130757821674	0.06404804729292346	34	STAT3	3000
5	STAT3	Single best mono PWM	mono	0.7989497053481808	0.820615325942236	0.7935345210150767	0.0	0.0	0.0	0.7935345210150767	0.7935345210150767	0.7935345210150767	0.0	0.820615325942236	0.820615325942236	0.820615325942236	0.0	0.7989497053481808	0.7989497053481808	0.7989497053481808	0.0	0.06962832901791992	0.08672130757821674	0.06185134767883926	0.0	0.0	0.0	0.06185134767883926	0.06185134767883926	0.06185134767883926	0.0	0.08672130757821674	0.08672130757821674	0.08672130757821674	0.0	0.06962832901791992	0.06962832901791992	0.06962832901791992	0.0	0.820615325942236	0.7935345210150767	0.08672130757821674	0.06185134767883926	34	STAT3	3000
5	STAT3	BaggingClassifier_XGBClassifier	mono	0.7989497053481808	0.820615325942236	0.7935345210150767	0.7989497053481808	0.820615325942236	0.7935345210150767	0.8006027593947205	0.8006027593947205	0.8006027593947205	0.0	0.8268260476965434	0.8268260476965434	0.8268260476965434	0.0	0.8920960768037489	0.8920960768037489	0.8920960768037489	0.0	0.06962832901791992	0.08672130757821674	0.06185134767883926	0.06962832901791992	0.08672130757821674	0.06185134767883926	0.07700677338007175	0.07700677338007175	0.07700677338007175	0.0	0.08337010049599637	0.08337010049599637	0.08337010049599637	0.0	0.17481512680615774	0.17481512680615774	0.17481512680615774	0.0	0.820615325942236	0.7935345210150767	0.08672130757821674	0.06185134767883926	34	STAT3	3000
5	STAT3	Single best di PWM	di	0.0	0.0	0.0	0.796809995937867	0.8256303389881179	0.7908270900598727	0.7908270900598727	0.7908270900598727	0.7908270900598727	0.0	0.8256303389881179	0.8256303389881179	0.8256303389881179	0.0	0.796809995937867	0.796809995937867	0.796809995937867	0.0	0.0	0.0	0.0	0.06877141551027839	0.07117970163507173	0.06404804729292346	0.06404804729292346	0.06404804729292346	0.06404804729292346	0.0	0.07117970163507173	0.07117970163507173	0.07117970163507173	0.0	0.06877141551027839	0.06877141551027839	0.06877141551027839	0.0	0.8256303389881179	0.7908270900598727	0.07117970163507173	0.06404804729292346	34	STAT3	3000
5	STAT3	BaggingClassifier_XGBClassifier	di	0.796809995937867	0.8256303389881179	0.7908270900598727	0.796809995937867	0.8256303389881179	0.7908270900598727	0.790046952858445	0.790046952858445	0.790046952858445	0.0	0.8259232581389968	0.8259232581389968	0.8259232581389968	0.0	0.900797278959623	0.900797278959623	0.900797278959623	0.0	0.06877141551027839	0.07117970163507173	0.06404804729292346	0.06877141551027839	0.07117970163507173	0.06404804729292346	0.06897330681938375	0.06897330681938375	0.06897330681938375	0.0	0.07825021427710376	0.07825021427710376	0.07825021427710376	0.0	0.21846346197612207	0.21846346197612207	0.21846346197612207	0.0	0.8256303389881179	0.7908270900598727	0.07117970163507173	0.06404804729292346	34	STAT3	3000
5	STAT3	BaggingClassifier_XGBClassifier	mono+di	0.0	0.8256303389881179	0.7935345210150767	0.0	0.8256303389881179	0.7935345210150767	0.797988573411246	0.797988573411246	0.797988573411246	0.0	0.8321800868492193	0.8321800868492193	0.8321800868492193	0.0	0.9151902366045278	0.9151902366045278	0.9151902366045278	0.0	0.0	0.08672130757821674	0.06404804729292346	0.0	0.08672130757821674	0.06404804729292346	0.07302539344846812	0.07302539344846812	0.07302539344846812	0.0	0.08928299834791488	0.08928299834791488	0.08928299834791488	0.0	0.2479652528263481	0.2479652528263481	0.2479652528263481	0.0	0.8256303389881179	0.7935345210150767	0.08672130757821674	0.06404804729292346	34	STAT3	3000
5	STAT3	Single best mono PWM	mono	0.7989497053481808	0.820615325942236	0.7935345210150767	0.0	0.0	0.0	0.7935345210150767	0.7935345210150767	0.7935345210150767	0.0	0.820615325942236	0.820615325942236	0.820615325942236	0.0	0.7989497053481808	0.7989497053481808	0.7989497053481808	0.0	0.06962832901791992	0.08672130757821674	0.06185134767883926	0.0	0.0	0.0	0.06185134767883926	0.06185134767883926	0.06185134767883926	0.0	0.08672130757821674	0.08672130757821674	0.08672130757821674	0.0	0.06962832901791992	0.06962832901791992	0.06962832901791992	0.0	0.820615325942236	0.7935345210150767	0.08672130757821674	0.06185134767883926	34	STAT3	3000
5	STAT3	BaggingClassifier_LogisticRegression	mono	0.7989497053481808	0.820615325942236	0.7935345210150767	0.7989497053481808	0.820615325942236	0.7935345210150767	0.8054360503174344	0.8054360503174344	0.8054360503174344	0.0	0.8312325116886048	0.8312325116886048	0.8312325116886048	0.0	0.8082422120374539	0.8082422120374539	0.8082422120374539	0.0	0.06962832901791992	0.08672130757821674	0.06185134767883926	0.06962832901791992	0.08672130757821674	0.06185134767883926	0.07038833395838158	0.07038833395838158	0.07038833395838158	0.0	0.09636868727757676	0.09636868727757676	0.09636868727757676	0.0	0.07460999631911552	0.07460999631911552	0.07460999631911552	0.0	0.820615325942236	0.7935345210150767	0.08672130757821674	0.06185134767883926	34	STAT3	3000
5	STAT3	Single best di PWM	di	0.0	0.0	0.0	0.796809995937867	0.8256303389881179	0.7908270900598727	0.7908270900598727	0.7908270900598727	0.7908270900598727	0.0	0.8256303389881179	0.8256303389881179	0.8256303389881179	0.0	0.796809995937867	0.796809995937867	0.796809995937867	0.0	0.0	0.0	0.0	0.06877141551027839	0.07117970163507173	0.06404804729292346	0.06404804729292346	0.06404804729292346	0.06404804729292346	0.0	0.07117970163507173	0.07117970163507173	0.07117970163507173	0.0	0.06877141551027839	0.06877141551027839	0.06877141551027839	0.0	0.8256303389881179	0.7908270900598727	0.07117970163507173	0.06404804729292346	34	STAT3	3000
5	STAT3	BaggingClassifier_LogisticRegression	di	0.796809995937867	0.8256303389881179	0.7908270900598727	0.796809995937867	0.8256303389881179	0.7908270900598727	0.8000198039154223	0.8000198039154223	0.8000198039154223	0.0	0.8367431807044164	0.8367431807044164	0.8367431807044164	0.0	0.8078395295579045	0.8078395295579045	0.8078395295579045	0.0	0.06877141551027839	0.07117970163507173	0.06404804729292346	0.06877141551027839	0.07117970163507173	0.06404804729292346	0.06825677330475187	0.06825677330475187	0.06825677330475187	0.0	0.07918673633131752	0.07918673633131752	0.07918673633131752	0.0	0.07370990940394453	0.07370990940394453	0.07370990940394453	0.0	0.8256303389881179	0.7908270900598727	0.07117970163507173	0.06404804729292346	34	STAT3	3000
5	STAT3	BaggingClassifier_LogisticRegression	mono+di	0.0	0.8256303389881179	0.7935345210150767	0.0	0.8256303389881179	0.7935345210150767	0.8046318005274897	0.8046318005274897	0.8046318005274897	0.0	0.8392263578180565	0.8392263578180565	0.8392263578180565	0.0	0.8122208961418569	0.8122208961418569	0.8122208961418569	0.0	0.0	0.08672130757821674	0.06404804729292346	0.0	0.08672130757821674	0.06404804729292346	0.0685496020274475	0.0685496020274475	0.0685496020274475	0.0	0.09357799001265124	0.09357799001265124	0.09357799001265124	0.0	0.07673737881653117	0.07673737881653117	0.07673737881653117	0.0	0.8256303389881179	0.7935345210150767	0.08672130757821674	0.06404804729292346	34	STAT3	3000
16	TAL1	Single best mono PWM	mono	0.811854983552185	0.8432209564450064	0.8919793398191032	0.0	0.0	0.0	0.8919793398191032	0.8919793398191032	0.8919793398191032	0.0	0.8432209564450064	0.8432209564450064	0.8432209564450064	0.0	0.811854983552185	0.811854983552185	0.811854983552185	0.0	0.14516925672430536	0.13112324201844078	0.1609775312146371	0.0	0.0	0.0	0.1609775312146371	0.1609775312146371	0.1609775312146371	0.0	0.13112324201844078	0.13112324201844078	0.13112324201844078	0.0	0.14516925672430536	0.14516925672430536	0.14516925672430536	0.0	0.8432209564450064	0.8919793398191032	0.13112324201844078	0.1609775312146371	35	TAL1	7020
16	TAL1	RandomForestClassifier	mono	0.811854983552185	0.8432209564450064	0.8919793398191032	0.811854983552185	0.8432209564450064	0.8919793398191032	0.8963375163676369	0.8963375163676369	0.8963375163676369	0.0	0.8765899647194527	0.8765899647194527	0.8765899647194527	0.0	0.8716519767744387	0.8716519767744387	0.8716519767744387	0.0	0.14516925672430536	0.13112324201844078	0.1609775312146371	0.14516925672430536	0.13112324201844078	0.1609775312146371	0.16385985303049125	0.16385985303049125	0.16385985303049125	0.0	0.1478949569816975	0.1478949569816975	0.1478949569816975	0.0	0.2299472632076219	0.2299472632076219	0.2299472632076219	0.0	0.8432209564450064	0.8919793398191032	0.13112324201844078	0.1609775312146371	35	TAL1	7020
14	TAL1	Single best di PWM	di	0.0	0.0	0.0	0.8367046048842208	0.8627158735441924	0.9123615838397421	0.9123615838397421	0.9123615838397421	0.9123615838397421	0.0	0.8627158735441924	0.8627158735441924	0.8627158735441924	0.0	0.8367046048842208	0.8367046048842208	0.8367046048842208	0.0	0.0	0.0	0.0	0.16151288258172972	0.1473577519835652	0.181555335132498	0.181555335132498	0.181555335132498	0.181555335132498	0.0	0.1473577519835652	0.1473577519835652	0.1473577519835652	0.0	0.16151288258172972	0.16151288258172972	0.16151288258172972	0.0	0.8627158735441924	0.9123615838397421	0.1473577519835652	0.181555335132498	35	TAL1	7020
14	TAL1	RandomForestClassifier	di	0.8367046048842208	0.8627158735441924	0.9123615838397421	0.8367046048842208	0.8627158735441924	0.9123615838397421	0.9136278064466175	0.9136278064466175	0.9136278064466175	0.0	0.8649384139638687	0.8649384139638687	0.8649384139638687	0.0	0.8621236873763631	0.8621236873763631	0.8621236873763631	0.0	0.16151288258172972	0.1473577519835652	0.181555335132498	0.16151288258172972	0.1473577519835652	0.181555335132498	0.19687724717029648	0.19687724717029648	0.19687724717029648	0.0	0.14746776207859708	0.14746776207859708	0.14746776207859708	0.0	0.22292073234605078	0.22292073234605078	0.22292073234605078	0.0	0.8627158735441924	0.9123615838397421	0.1473577519835652	0.181555335132498	35	TAL1	7020
16	TAL1	RandomForestClassifier	mono+di	0.0	0.8627158735441924	0.9123615838397421	0.0	0.8627158735441924	0.9123615838397421	0.9177135629066228	0.9177135629066228	0.9177135629066228	0.0	0.890090053926317	0.890090053926317	0.890090053926317	0.0	0.8909494345243378	0.8909494345243378	0.8909494345243378	0.0	0.0	0.1473577519835652	0.181555335132498	0.0	0.1473577519835652	0.181555335132498	0.19499027987987436	0.19499027987987436	0.19499027987987436	0.0	0.16070826981202682	0.16070826981202682	0.16070826981202682	0.0	0.25492588658875254	0.25492588658875254	0.25492588658875254	0.0	0.8627158735441924	0.9123615838397421	0.1473577519835652	0.181555335132498	35	TAL1	7020
16	TAL1	Single best mono PWM	mono	0.811854983552185	0.8432209564450064	0.8919793398191032	0.0	0.0	0.0	0.8919793398191032	0.8919793398191032	0.8919793398191032	0.0	0.8432209564450064	0.8432209564450064	0.8432209564450064	0.0	0.811854983552185	0.811854983552185	0.811854983552185	0.0	0.14516925672430536	0.13112324201844078	0.1609775312146371	0.0	0.0	0.0	0.1609775312146371	0.1609775312146371	0.1609775312146371	0.0	0.13112324201844078	0.13112324201844078	0.13112324201844078	0.0	0.14516925672430536	0.14516925672430536	0.14516925672430536	0.0	0.8432209564450064	0.8919793398191032	0.13112324201844078	0.1609775312146371	35	TAL1	7020
16	TAL1	LogisticRegression	mono	0.811854983552185	0.8432209564450064	0.8919793398191032	0.811854983552185	0.8432209564450064	0.8919793398191032	0.8953379536367594	0.8953379536367594	0.8953379536367594	0.0	0.8760058969318787	0.8760058969318787	0.8760058969318787	0.0	0.8500629426252793	0.8500629426252793	0.8500629426252793	0.0	0.14516925672430536	0.13112324201844078	0.1609775312146371	0.14516925672430536	0.13112324201844078	0.1609775312146371	0.15970019284769799	0.15970019284769799	0.15970019284769799	0.0	0.14580300260099868	0.14580300260099868	0.14580300260099868	0.0	0.1667411544661765	0.1667411544661765	0.1667411544661765	0.0	0.8432209564450064	0.8919793398191032	0.13112324201844078	0.1609775312146371	35	TAL1	7020
14	TAL1	Single best di PWM	di	0.0	0.0	0.0	0.8367046048842208	0.8627158735441924	0.9123615838397421	0.9123615838397421	0.9123615838397421	0.9123615838397421	0.0	0.8627158735441924	0.8627158735441924	0.8627158735441924	0.0	0.8367046048842208	0.8367046048842208	0.8367046048842208	0.0	0.0	0.0	0.0	0.16151288258172972	0.1473577519835652	0.181555335132498	0.181555335132498	0.181555335132498	0.181555335132498	0.0	0.1473577519835652	0.1473577519835652	0.1473577519835652	0.0	0.16151288258172972	0.16151288258172972	0.16151288258172972	0.0	0.8627158735441924	0.9123615838397421	0.1473577519835652	0.181555335132498	35	TAL1	7020
14	TAL1	LogisticRegression	di	0.8367046048842208	0.8627158735441924	0.9123615838397421	0.8367046048842208	0.8627158735441924	0.9123615838397421	0.917032066826941	0.917032066826941	0.917032066826941	0.0	0.8669422254305592	0.8669422254305592	0.8669422254305592	0.0	0.8438061992023312	0.8438061992023312	0.8438061992023312	0.0	0.16151288258172972	0.1473577519835652	0.181555335132498	0.16151288258172972	0.1473577519835652	0.181555335132498	0.19136196687044926	0.19136196687044926	0.19136196687044926	0.0	0.15285166448905346	0.15285166448905346	0.15285166448905346	0.0	0.16512403644689425	0.16512403644689425	0.16512403644689425	0.0	0.8627158735441924	0.9123615838397421	0.1473577519835652	0.181555335132498	35	TAL1	7020
16	TAL1	LogisticRegression	mono+di	0.0	0.8627158735441924	0.9123615838397421	0.0	0.8627158735441924	0.9123615838397421	0.9164101530638686	0.9164101530638686	0.9164101530638686	0.0	0.890583527360648	0.890583527360648	0.890583527360648	0.0	0.8731167398333454	0.8731167398333454	0.8731167398333454	0.0	0.0	0.1473577519835652	0.181555335132498	0.0	0.1473577519835652	0.181555335132498	0.1859232490150856	0.1859232490150856	0.1859232490150856	0.0	0.16522732453823813	0.16522732453823813	0.16522732453823813	0.0	0.18816966740232366	0.18816966740232366	0.18816966740232366	0.0	0.8627158735441924	0.9123615838397421	0.1473577519835652	0.181555335132498	35	TAL1	7020
16	TAL1	Single best mono PWM	mono	0.811854983552185	0.8432209564450064	0.8919793398191032	0.0	0.0	0.0	0.8919793398191032	0.8919793398191032	0.8919793398191032	0.0	0.8432209564450064	0.8432209564450064	0.8432209564450064	0.0	0.811854983552185	0.811854983552185	0.811854983552185	0.0	0.14516925672430536	0.13112324201844078	0.1609775312146371	0.0	0.0	0.0	0.1609775312146371	0.1609775312146371	0.1609775312146371	0.0	0.13112324201844078	0.13112324201844078	0.13112324201844078	0.0	0.14516925672430536	0.14516925672430536	0.14516925672430536	0.0	0.8432209564450064	0.8919793398191032	0.13112324201844078	0.1609775312146371	35	TAL1	7020
16	TAL1	XGBClassifier	mono	0.811854983552185	0.8432209564450064	0.8919793398191032	0.811854983552185	0.8432209564450064	0.8919793398191032	0.8891244828847084	0.8891244828847084	0.8891244828847084	0.0	0.8712641362788821	0.8712641362788821	0.8712641362788821	0.0	0.8933186040851535	0.8933186040851535	0.8933186040851535	0.0	0.14516925672430536	0.13112324201844078	0.1609775312146371	0.14516925672430536	0.13112324201844078	0.1609775312146371	0.14177133930945934	0.14177133930945934	0.14177133930945934	0.0	0.13772395887409944	0.13772395887409944	0.13772395887409944	0.0	0.2638669141740922	0.2638669141740922	0.2638669141740922	0.0	0.8432209564450064	0.8919793398191032	0.13112324201844078	0.1609775312146371	35	TAL1	7020
14	TAL1	Single best di PWM	di	0.0	0.0	0.0	0.8367046048842208	0.8627158735441924	0.9123615838397421	0.9123615838397421	0.9123615838397421	0.9123615838397421	0.0	0.8627158735441924	0.8627158735441924	0.8627158735441924	0.0	0.8367046048842208	0.8367046048842208	0.8367046048842208	0.0	0.0	0.0	0.0	0.16151288258172972	0.1473577519835652	0.181555335132498	0.181555335132498	0.181555335132498	0.181555335132498	0.0	0.1473577519835652	0.1473577519835652	0.1473577519835652	0.0	0.16151288258172972	0.16151288258172972	0.16151288258172972	0.0	0.8627158735441924	0.9123615838397421	0.1473577519835652	0.181555335132498	35	TAL1	7020
14	TAL1	XGBClassifier	di	0.8367046048842208	0.8627158735441924	0.9123615838397421	0.8367046048842208	0.8627158735441924	0.9123615838397421	0.9100218288973706	0.9100218288973706	0.9100218288973706	0.0	0.8570968730353482	0.8570968730353482	0.8570968730353482	0.0	0.8930035267746328	0.8930035267746328	0.8930035267746328	0.0	0.16151288258172972	0.1473577519835652	0.181555335132498	0.16151288258172972	0.1473577519835652	0.181555335132498	0.16801355944652355	0.16801355944652355	0.16801355944652355	0.0	0.1368779339198671	0.1368779339198671	0.1368779339198671	0.0	0.2489198981440867	0.2489198981440867	0.2489198981440867	0.0	0.8627158735441924	0.9123615838397421	0.1473577519835652	0.181555335132498	35	TAL1	7020
16	TAL1	XGBClassifier	mono+di	0.0	0.8627158735441924	0.9123615838397421	0.0	0.8627158735441924	0.9123615838397421	0.9127661873733441	0.9127661873733441	0.9127661873733441	0.0	0.8868212428157776	0.8868212428157776	0.8868212428157776	0.0	0.9151776105093189	0.9151776105093189	0.9151776105093189	0.0	0.0	0.1473577519835652	0.181555335132498	0.0	0.1473577519835652	0.181555335132498	0.1718453884936386	0.1718453884936386	0.1718453884936386	0.0	0.14908537687019674	0.14908537687019674	0.14908537687019674	0.0	0.3055466504527473	0.3055466504527473	0.3055466504527473	0.0	0.8627158735441924	0.9123615838397421	0.1473577519835652	0.181555335132498	35	TAL1	7020
16	TAL1	Single best mono PWM	mono	0.811854983552185	0.8432209564450064	0.8919793398191032	0.0	0.0	0.0	0.8919793398191032	0.8919793398191032	0.8919793398191032	0.0	0.8432209564450064	0.8432209564450064	0.8432209564450064	0.0	0.811854983552185	0.811854983552185	0.811854983552185	0.0	0.14516925672430536	0.13112324201844078	0.1609775312146371	0.0	0.0	0.0	0.1609775312146371	0.1609775312146371	0.1609775312146371	0.0	0.13112324201844078	0.13112324201844078	0.13112324201844078	0.0	0.14516925672430536	0.14516925672430536	0.14516925672430536	0.0	0.8432209564450064	0.8919793398191032	0.13112324201844078	0.1609775312146371	35	TAL1	7020
16	TAL1	BaggingClassifier_XGBClassifier	mono	0.811854983552185	0.8432209564450064	0.8919793398191032	0.811854983552185	0.8432209564450064	0.8919793398191032	0.8935706896573687	0.8935706896573687	0.8935706896573687	0.0	0.8767662495198638	0.8767662495198638	0.8767662495198638	0.0	0.904727141787009	0.904727141787009	0.904727141787009	0.0	0.14516925672430536	0.13112324201844078	0.1609775312146371	0.14516925672430536	0.13112324201844078	0.1609775312146371	0.1585137436206105	0.1585137436206105	0.1585137436206105	0.0	0.14946456253057	0.14946456253057	0.14946456253057	0.0	0.2742881452502391	0.2742881452502391	0.2742881452502391	0.0	0.8432209564450064	0.8919793398191032	0.13112324201844078	0.1609775312146371	35	TAL1	7020
14	TAL1	Single best di PWM	di	0.0	0.0	0.0	0.8367046048842208	0.8627158735441924	0.9123615838397421	0.9123615838397421	0.9123615838397421	0.9123615838397421	0.0	0.8627158735441924	0.8627158735441924	0.8627158735441924	0.0	0.8367046048842208	0.8367046048842208	0.8367046048842208	0.0	0.0	0.0	0.0	0.16151288258172972	0.1473577519835652	0.181555335132498	0.181555335132498	0.181555335132498	0.181555335132498	0.0	0.1473577519835652	0.1473577519835652	0.1473577519835652	0.0	0.16151288258172972	0.16151288258172972	0.16151288258172972	0.0	0.8627158735441924	0.9123615838397421	0.1473577519835652	0.181555335132498	35	TAL1	7020
14	TAL1	BaggingClassifier_XGBClassifier	di	0.8367046048842208	0.8627158735441924	0.9123615838397421	0.8367046048842208	0.8627158735441924	0.9123615838397421	0.9138026800413579	0.9138026800413579	0.9138026800413579	0.0	0.8602603086999769	0.8602603086999769	0.8602603086999769	0.0	0.9020334031236111	0.9020334031236111	0.9020334031236111	0.0	0.16151288258172972	0.1473577519835652	0.181555335132498	0.16151288258172972	0.1473577519835652	0.181555335132498	0.1904959070133241	0.1904959070133241	0.1904959070133241	0.0	0.14216793710492054	0.14216793710492054	0.14216793710492054	0.0	0.26685915695977097	0.26685915695977097	0.26685915695977097	0.0	0.8627158735441924	0.9123615838397421	0.1473577519835652	0.181555335132498	35	TAL1	7020
16	TAL1	BaggingClassifier_XGBClassifier	mono+di	0.0	0.8627158735441924	0.9123615838397421	0.0	0.8627158735441924	0.9123615838397421	0.9137631531526997	0.9137631531526997	0.9137631531526997	0.0	0.8905344622844877	0.8905344622844877	0.8905344622844877	0.0	0.9232960437103624	0.9232960437103624	0.9232960437103624	0.0	0.0	0.1473577519835652	0.181555335132498	0.0	0.1473577519835652	0.181555335132498	0.17840706989840274	0.17840706989840274	0.17840706989840274	0.0	0.1531584137065755	0.1531584137065755	0.1531584137065755	0.0	0.3171111783799675	0.3171111783799675	0.3171111783799675	0.0	0.8627158735441924	0.9123615838397421	0.1473577519835652	0.181555335132498	35	TAL1	7020
16	TAL1	Single best mono PWM	mono	0.811854983552185	0.8432209564450064	0.8919793398191032	0.0	0.0	0.0	0.8919793398191032	0.8919793398191032	0.8919793398191032	0.0	0.8432209564450064	0.8432209564450064	0.8432209564450064	0.0	0.811854983552185	0.811854983552185	0.811854983552185	0.0	0.14516925672430536	0.13112324201844078	0.1609775312146371	0.0	0.0	0.0	0.1609775312146371	0.1609775312146371	0.1609775312146371	0.0	0.13112324201844078	0.13112324201844078	0.13112324201844078	0.0	0.14516925672430536	0.14516925672430536	0.14516925672430536	0.0	0.8432209564450064	0.8919793398191032	0.13112324201844078	0.1609775312146371	35	TAL1	7020
16	TAL1	BaggingClassifier_LogisticRegression	mono	0.811854983552185	0.8432209564450064	0.8919793398191032	0.811854983552185	0.8432209564450064	0.8919793398191032	0.8953955204465535	0.8953955204465535	0.8953955204465535	0.0	0.8757770913407702	0.8757770913407702	0.8757770913407702	0.0	0.849973442518636	0.849973442518636	0.849973442518636	0.0	0.14516925672430536	0.13112324201844078	0.1609775312146371	0.14516925672430536	0.13112324201844078	0.1609775312146371	0.1596718217362689	0.1596718217362689	0.1596718217362689	0.0	0.14577813744393953	0.14577813744393953	0.14577813744393953	0.0	0.16675959403111554	0.16675959403111554	0.16675959403111554	0.0	0.8432209564450064	0.8919793398191032	0.13112324201844078	0.1609775312146371	35	TAL1	7020
14	TAL1	Single best di PWM	di	0.0	0.0	0.0	0.8367046048842208	0.8627158735441924	0.9123615838397421	0.9123615838397421	0.9123615838397421	0.9123615838397421	0.0	0.8627158735441924	0.8627158735441924	0.8627158735441924	0.0	0.8367046048842208	0.8367046048842208	0.8367046048842208	0.0	0.0	0.0	0.0	0.16151288258172972	0.1473577519835652	0.181555335132498	0.181555335132498	0.181555335132498	0.181555335132498	0.0	0.1473577519835652	0.1473577519835652	0.1473577519835652	0.0	0.16151288258172972	0.16151288258172972	0.16151288258172972	0.0	0.8627158735441924	0.9123615838397421	0.1473577519835652	0.181555335132498	35	TAL1	7020
14	TAL1	BaggingClassifier_LogisticRegression	di	0.8367046048842208	0.8627158735441924	0.9123615838397421	0.8367046048842208	0.8627158735441924	0.9123615838397421	0.9171044030890529	0.9171044030890529	0.9171044030890529	0.0	0.8669081452344986	0.8669081452344986	0.8669081452344986	0.0	0.8437431206716063	0.8437431206716063	0.8437431206716063	0.0	0.16151288258172972	0.1473577519835652	0.181555335132498	0.16151288258172972	0.1473577519835652	0.181555335132498	0.19129522156563256	0.19129522156563256	0.19129522156563256	0.0	0.1527088509088563	0.1527088509088563	0.1527088509088563	0.0	0.1650524846509385	0.1650524846509385	0.1650524846509385	0.0	0.8627158735441924	0.9123615838397421	0.1473577519835652	0.181555335132498	35	TAL1	7020
16	TAL1	BaggingClassifier_LogisticRegression	mono+di	0.0	0.8627158735441924	0.9123615838397421	0.0	0.8627158735441924	0.9123615838397421	0.9164729213443168	0.9164729213443168	0.9164729213443168	0.0	0.8903623442866737	0.8903623442866737	0.8903623442866737	0.0	0.8729057841442683	0.8729057841442683	0.8729057841442683	0.0	0.0	0.1473577519835652	0.181555335132498	0.0	0.1473577519835652	0.181555335132498	0.18557810108282466	0.18557810108282466	0.18557810108282466	0.0	0.16516276829782078	0.16516276829782078	0.16516276829782078	0.0	0.18814941253567927	0.18814941253567927	0.18814941253567927	0.0	0.8627158735441924	0.9123615838397421	0.1473577519835652	0.181555335132498	35	TAL1	7020
72	TF65	Single best mono PWM	mono	0.8045980351608254	0.8011993074350411	0.8032373142160594	0.0	0.0	0.0	0.8032373142160594	0.8032373142160594	0.8032373142160594	0.0	0.8011993074350411	0.8011993074350411	0.8011993074350411	0.0	0.8045980351608254	0.8045980351608254	0.8045980351608254	0.0	0.17015082172193374	0.14929943099248433	0.11379375164828756	0.0	0.0	0.0	0.11379375164828756	0.11379375164828756	0.11379375164828756	0.0	0.14929943099248433	0.14929943099248433	0.14929943099248433	0.0	0.17015082172193374	0.17015082172193374	0.17015082172193374	0.0	0.8011993074350411	0.8032373142160594	0.14929943099248433	0.11379375164828756	36	TF65	2008
72	TF65	RandomForestClassifier	mono	0.8045980351608254	0.8011993074350411	0.8032373142160594	0.8045980351608254	0.8011993074350411	0.8032373142160594	0.81468584399161	0.81468584399161	0.81468584399161	0.0	0.8201509180656427	0.8201509180656427	0.8201509180656427	0.0	0.8403778158850392	0.8403778158850392	0.8403778158850392	0.0	0.17015082172193374	0.14929943099248433	0.11379375164828756	0.17015082172193374	0.14929943099248433	0.11379375164828756	0.11782920117873442	0.11782920117873442	0.11782920117873442	0.0	0.17846118707634184	0.17846118707634184	0.17846118707634184	0.0	0.3140104111599078	0.3140104111599078	0.3140104111599078	0.0	0.8011993074350411	0.8032373142160594	0.14929943099248433	0.11379375164828756	36	TF65	2008
36	TF65	Single best di PWM	di	0.0	0.0	0.0	0.8100252243556059	0.802448776231856	0.8050886357257394	0.8050886357257394	0.8050886357257394	0.8050886357257394	0.0	0.802448776231856	0.802448776231856	0.802448776231856	0.0	0.8100252243556059	0.8100252243556059	0.8100252243556059	0.0	0.0	0.0	0.0	0.17300546418957255	0.15789728725269064	0.09690976727965228	0.09690976727965228	0.09690976727965228	0.09690976727965228	0.0	0.15789728725269064	0.15789728725269064	0.15789728725269064	0.0	0.17300546418957255	0.17300546418957255	0.17300546418957255	0.0	0.802448776231856	0.8050886357257394	0.15789728725269064	0.09690976727965228	36	TF65	2008
36	TF65	RandomForestClassifier	di	0.8100252243556059	0.802448776231856	0.8050886357257394	0.8100252243556059	0.802448776231856	0.8050886357257394	0.8073758885551978	0.8073758885551978	0.8073758885551978	0.0	0.8382573942919752	0.8382573942919752	0.8382573942919752	0.0	0.8516822891003833	0.8516822891003833	0.8516822891003833	0.0	0.17300546418957255	0.15789728725269064	0.09690976727965228	0.17300546418957255	0.15789728725269064	0.09690976727965228	0.11370753570059136	0.11370753570059136	0.11370753570059136	0.0	0.19980596789584734	0.19980596789584734	0.19980596789584734	0.0	0.32653981382183705	0.32653981382183705	0.32653981382183705	0.0	0.802448776231856	0.8050886357257394	0.15789728725269064	0.09690976727965228	36	TF65	2008
72	TF65	RandomForestClassifier	mono+di	0.0	0.802448776231856	0.8050886357257394	0.0	0.802448776231856	0.8050886357257394	0.8034303526214456	0.8034303526214456	0.8034303526214456	0.0	0.8369896081439506	0.8369896081439506	0.8369896081439506	0.0	0.8513362529928574	0.8513362529928574	0.8513362529928574	0.0	0.0	0.15789728725269064	0.11379375164828756	0.0	0.15789728725269064	0.11379375164828756	0.11512711372065373	0.11512711372065373	0.11512711372065373	0.0	0.20104329534852214	0.20104329534852214	0.20104329534852214	0.0	0.33569761323981495	0.33569761323981495	0.33569761323981495	0.0	0.802448776231856	0.8050886357257394	0.15789728725269064	0.11379375164828756	36	TF65	2008
72	TF65	Single best mono PWM	mono	0.8045980351608254	0.8011993074350411	0.8032373142160594	0.0	0.0	0.0	0.8032373142160594	0.8032373142160594	0.8032373142160594	0.0	0.8011993074350411	0.8011993074350411	0.8011993074350411	0.0	0.8045980351608254	0.8045980351608254	0.8045980351608254	0.0	0.17015082172193374	0.14929943099248433	0.11379375164828756	0.0	0.0	0.0	0.11379375164828756	0.11379375164828756	0.11379375164828756	0.0	0.14929943099248433	0.14929943099248433	0.14929943099248433	0.0	0.17015082172193374	0.17015082172193374	0.17015082172193374	0.0	0.8011993074350411	0.8032373142160594	0.14929943099248433	0.11379375164828756	36	TF65	2008
72	TF65	LogisticRegression	mono	0.8045980351608254	0.8011993074350411	0.8032373142160594	0.8045980351608254	0.8011993074350411	0.8032373142160594	0.8284524465194594	0.8284524465194594	0.8284524465194594	0.0	0.8164860669772538	0.8164860669772538	0.8164860669772538	0.0	0.8218736187116853	0.8218736187116853	0.8218736187116853	0.0	0.17015082172193374	0.14929943099248433	0.11379375164828756	0.17015082172193374	0.14929943099248433	0.11379375164828756	0.13092397876808826	0.13092397876808826	0.13092397876808826	0.0	0.18419312891121634	0.18419312891121634	0.18419312891121634	0.0	0.2043749483990681	0.2043749483990681	0.2043749483990681	0.0	0.8011993074350411	0.8032373142160594	0.14929943099248433	0.11379375164828756	36	TF65	2008
36	TF65	Single best di PWM	di	0.0	0.0	0.0	0.8100252243556059	0.802448776231856	0.8050886357257394	0.8050886357257394	0.8050886357257394	0.8050886357257394	0.0	0.802448776231856	0.802448776231856	0.802448776231856	0.0	0.8100252243556059	0.8100252243556059	0.8100252243556059	0.0	0.0	0.0	0.0	0.17300546418957255	0.15789728725269064	0.09690976727965228	0.09690976727965228	0.09690976727965228	0.09690976727965228	0.0	0.15789728725269064	0.15789728725269064	0.15789728725269064	0.0	0.17300546418957255	0.17300546418957255	0.17300546418957255	0.0	0.802448776231856	0.8050886357257394	0.15789728725269064	0.09690976727965228	36	TF65	2008
36	TF65	LogisticRegression	di	0.8100252243556059	0.802448776231856	0.8050886357257394	0.8100252243556059	0.802448776231856	0.8050886357257394	0.8284294859134504	0.8284294859134504	0.8284294859134504	0.0	0.8102012146940101	0.8102012146940101	0.8102012146940101	0.0	0.8201525922129715	0.8201525922129715	0.8201525922129715	0.0	0.17300546418957255	0.15789728725269064	0.09690976727965228	0.17300546418957255	0.15789728725269064	0.09690976727965228	0.11873347214953221	0.11873347214953221	0.11873347214953221	0.0	0.16678474584591452	0.16678474584591452	0.16678474584591452	0.0	0.19100374811257373	0.19100374811257373	0.19100374811257373	0.0	0.802448776231856	0.8050886357257394	0.15789728725269064	0.09690976727965228	36	TF65	2008
72	TF65	LogisticRegression	mono+di	0.0	0.802448776231856	0.8050886357257394	0.0	0.802448776231856	0.8050886357257394	0.8254483912478144	0.8254483912478144	0.8254483912478144	0.0	0.8180248653815589	0.8180248653815589	0.8180248653815589	0.0	0.834840042661611	0.834840042661611	0.834840042661611	0.0	0.0	0.15789728725269064	0.11379375164828756	0.0	0.15789728725269064	0.11379375164828756	0.12543279512391356	0.12543279512391356	0.12543279512391356	0.0	0.18146399053418585	0.18146399053418585	0.18146399053418585	0.0	0.20253225155780522	0.20253225155780522	0.20253225155780522	0.0	0.802448776231856	0.8050886357257394	0.15789728725269064	0.11379375164828756	36	TF65	2008
72	TF65	Single best mono PWM	mono	0.8045980351608254	0.8011993074350411	0.8032373142160594	0.0	0.0	0.0	0.8032373142160594	0.8032373142160594	0.8032373142160594	0.0	0.8011993074350411	0.8011993074350411	0.8011993074350411	0.0	0.8045980351608254	0.8045980351608254	0.8045980351608254	0.0	0.17015082172193374	0.14929943099248433	0.11379375164828756	0.0	0.0	0.0	0.11379375164828756	0.11379375164828756	0.11379375164828756	0.0	0.14929943099248433	0.14929943099248433	0.14929943099248433	0.0	0.17015082172193374	0.17015082172193374	0.17015082172193374	0.0	0.8011993074350411	0.8032373142160594	0.14929943099248433	0.11379375164828756	36	TF65	2008
72	TF65	XGBClassifier	mono	0.8045980351608254	0.8011993074350411	0.8032373142160594	0.8045980351608254	0.8011993074350411	0.8032373142160594	0.7899875442441938	0.7899875442441938	0.7899875442441938	0.0	0.8097139449712953	0.8097139449712953	0.8097139449712953	0.0	0.9385290490281366	0.9385290490281366	0.9385290490281366	0.0	0.17015082172193374	0.14929943099248433	0.11379375164828756	0.17015082172193374	0.14929943099248433	0.11379375164828756	0.11412734254376394	0.11412734254376394	0.11412734254376394	0.0	0.20503966401565127	0.20503966401565127	0.20503966401565127	0.0	0.4030734725845978	0.4030734725845978	0.4030734725845978	0.0	0.8011993074350411	0.8032373142160594	0.14929943099248433	0.11379375164828756	36	TF65	2008
36	TF65	Single best di PWM	di	0.0	0.0	0.0	0.8100252243556059	0.802448776231856	0.8050886357257394	0.8050886357257394	0.8050886357257394	0.8050886357257394	0.0	0.802448776231856	0.802448776231856	0.802448776231856	0.0	0.8100252243556059	0.8100252243556059	0.8100252243556059	0.0	0.0	0.0	0.0	0.17300546418957255	0.15789728725269064	0.09690976727965228	0.09690976727965228	0.09690976727965228	0.09690976727965228	0.0	0.15789728725269064	0.15789728725269064	0.15789728725269064	0.0	0.17300546418957255	0.17300546418957255	0.17300546418957255	0.0	0.802448776231856	0.8050886357257394	0.15789728725269064	0.09690976727965228	36	TF65	2008
36	TF65	XGBClassifier	di	0.8100252243556059	0.802448776231856	0.8050886357257394	0.8100252243556059	0.802448776231856	0.8050886357257394	0.7794778595913254	0.7794778595913254	0.7794778595913254	0.0	0.825899241041688	0.825899241041688	0.825899241041688	0.0	0.9331283021550283	0.9331283021550283	0.9331283021550283	0.0	0.17300546418957255	0.15789728725269064	0.09690976727965228	0.17300546418957255	0.15789728725269064	0.09690976727965228	0.1132643009322533	0.1132643009322533	0.1132643009322533	0.0	0.1944257487296412	0.1944257487296412	0.1944257487296412	0.0	0.39485264236175216	0.39485264236175216	0.39485264236175216	0.0	0.802448776231856	0.8050886357257394	0.15789728725269064	0.09690976727965228	36	TF65	2008
72	TF65	XGBClassifier	mono+di	0.0	0.802448776231856	0.8050886357257394	0.0	0.802448776231856	0.8050886357257394	0.7953276395396719	0.7953276395396719	0.7953276395396719	0.0	0.8152063886412133	0.8152063886412133	0.8152063886412133	0.0	0.9467477928809429	0.9467477928809429	0.9467477928809429	0.0	0.0	0.15789728725269064	0.11379375164828756	0.0	0.15789728725269064	0.11379375164828756	0.11762681804657162	0.11762681804657162	0.11762681804657162	0.0	0.20254598712086996	0.20254598712086996	0.20254598712086996	0.0	0.4470218628141018	0.4470218628141018	0.4470218628141018	0.0	0.802448776231856	0.8050886357257394	0.15789728725269064	0.11379375164828756	36	TF65	2008
72	TF65	Single best mono PWM	mono	0.8045980351608254	0.8011993074350411	0.8032373142160594	0.0	0.0	0.0	0.8032373142160594	0.8032373142160594	0.8032373142160594	0.0	0.8011993074350411	0.8011993074350411	0.8011993074350411	0.0	0.8045980351608254	0.8045980351608254	0.8045980351608254	0.0	0.17015082172193374	0.14929943099248433	0.11379375164828756	0.0	0.0	0.0	0.11379375164828756	0.11379375164828756	0.11379375164828756	0.0	0.14929943099248433	0.14929943099248433	0.14929943099248433	0.0	0.17015082172193374	0.17015082172193374	0.17015082172193374	0.0	0.8011993074350411	0.8032373142160594	0.14929943099248433	0.11379375164828756	36	TF65	2008
72	TF65	BaggingClassifier_XGBClassifier	mono	0.8045980351608254	0.8011993074350411	0.8032373142160594	0.8045980351608254	0.8011993074350411	0.8032373142160594	0.7965976614767716	0.7965976614767716	0.7965976614767716	0.0	0.8284619511980674	0.8284619511980674	0.8284619511980674	0.0	0.9665166875407695	0.9665166875407695	0.9665166875407695	0.0	0.17015082172193374	0.14929943099248433	0.11379375164828756	0.17015082172193374	0.14929943099248433	0.11379375164828756	0.11781630095428394	0.11781630095428394	0.11781630095428394	0.0	0.21696239269304465	0.21696239269304465	0.21696239269304465	0.0	0.4407850933651783	0.4407850933651783	0.4407850933651783	0.0	0.8011993074350411	0.8032373142160594	0.14929943099248433	0.11379375164828756	36	TF65	2008
36	TF65	Single best di PWM	di	0.0	0.0	0.0	0.8100252243556059	0.802448776231856	0.8050886357257394	0.8050886357257394	0.8050886357257394	0.8050886357257394	0.0	0.802448776231856	0.802448776231856	0.802448776231856	0.0	0.8100252243556059	0.8100252243556059	0.8100252243556059	0.0	0.0	0.0	0.0	0.17300546418957255	0.15789728725269064	0.09690976727965228	0.09690976727965228	0.09690976727965228	0.09690976727965228	0.0	0.15789728725269064	0.15789728725269064	0.15789728725269064	0.0	0.17300546418957255	0.17300546418957255	0.17300546418957255	0.0	0.802448776231856	0.8050886357257394	0.15789728725269064	0.09690976727965228	36	TF65	2008
36	TF65	BaggingClassifier_XGBClassifier	di	0.8100252243556059	0.802448776231856	0.8050886357257394	0.8100252243556059	0.802448776231856	0.8050886357257394	0.7865946007580089	0.7865946007580089	0.7865946007580089	0.0	0.8285665573637442	0.8285665573637442	0.8285665573637442	0.0	0.9591419722599754	0.9591419722599754	0.9591419722599754	0.0	0.17300546418957255	0.15789728725269064	0.09690976727965228	0.17300546418957255	0.15789728725269064	0.09690976727965228	0.11853274269087204	0.11853274269087204	0.11853274269087204	0.0	0.2076196735567822	0.2076196735567822	0.2076196735567822	0.0	0.42780642202797275	0.42780642202797275	0.42780642202797275	0.0	0.802448776231856	0.8050886357257394	0.15789728725269064	0.09690976727965228	36	TF65	2008
72	TF65	BaggingClassifier_XGBClassifier	mono+di	0.0	0.802448776231856	0.8050886357257394	0.0	0.802448776231856	0.8050886357257394	0.8010853677732866	0.8010853677732866	0.8010853677732866	0.0	0.8288371187313797	0.8288371187313797	0.8288371187313797	0.0	0.971066902925624	0.971066902925624	0.971066902925624	0.0	0.0	0.15789728725269064	0.11379375164828756	0.0	0.15789728725269064	0.11379375164828756	0.11945645819522165	0.11945645819522165	0.11945645819522165	0.0	0.23215724136191396	0.23215724136191396	0.23215724136191396	0.0	0.48331192044458254	0.48331192044458254	0.48331192044458254	0.0	0.802448776231856	0.8050886357257394	0.15789728725269064	0.11379375164828756	36	TF65	2008
72	TF65	Single best mono PWM	mono	0.8045980351608254	0.8011993074350411	0.8032373142160594	0.0	0.0	0.0	0.8032373142160594	0.8032373142160594	0.8032373142160594	0.0	0.8011993074350411	0.8011993074350411	0.8011993074350411	0.0	0.8045980351608254	0.8045980351608254	0.8045980351608254	0.0	0.17015082172193374	0.14929943099248433	0.11379375164828756	0.0	0.0	0.0	0.11379375164828756	0.11379375164828756	0.11379375164828756	0.0	0.14929943099248433	0.14929943099248433	0.14929943099248433	0.0	0.17015082172193374	0.17015082172193374	0.17015082172193374	0.0	0.8011993074350411	0.8032373142160594	0.14929943099248433	0.11379375164828756	36	TF65	2008
72	TF65	BaggingClassifier_LogisticRegression	mono	0.8045980351608254	0.8011993074350411	0.8032373142160594	0.8045980351608254	0.8011993074350411	0.8032373142160594	0.8287218100495687	0.8287218100495687	0.8287218100495687	0.0	0.8166030725806723	0.8166030725806723	0.8166030725806723	0.0	0.8222518937801293	0.8222518937801293	0.8222518937801293	0.0	0.17015082172193374	0.14929943099248433	0.11379375164828756	0.17015082172193374	0.14929943099248433	0.11379375164828756	0.12945836780884618	0.12945836780884618	0.12945836780884618	0.0	0.18414533237637143	0.18414533237637143	0.18414533237637143	0.0	0.20492660496733336	0.20492660496733336	0.20492660496733336	0.0	0.8011993074350411	0.8032373142160594	0.14929943099248433	0.11379375164828756	36	TF65	2008
36	TF65	Single best di PWM	di	0.0	0.0	0.0	0.8100252243556059	0.802448776231856	0.8050886357257394	0.8050886357257394	0.8050886357257394	0.8050886357257394	0.0	0.802448776231856	0.802448776231856	0.802448776231856	0.0	0.8100252243556059	0.8100252243556059	0.8100252243556059	0.0	0.0	0.0	0.0	0.17300546418957255	0.15789728725269064	0.09690976727965228	0.09690976727965228	0.09690976727965228	0.09690976727965228	0.0	0.15789728725269064	0.15789728725269064	0.15789728725269064	0.0	0.17300546418957255	0.17300546418957255	0.17300546418957255	0.0	0.802448776231856	0.8050886357257394	0.15789728725269064	0.09690976727965228	36	TF65	2008
36	TF65	BaggingClassifier_LogisticRegression	di	0.8100252243556059	0.802448776231856	0.8050886357257394	0.8100252243556059	0.802448776231856	0.8050886357257394	0.8265890570772989	0.8265890570772989	0.8265890570772989	0.0	0.8089659488895176	0.8089659488895176	0.8089659488895176	0.0	0.8204080749965017	0.8204080749965017	0.8204080749965017	0.0	0.17300546418957255	0.15789728725269064	0.09690976727965228	0.17300546418957255	0.15789728725269064	0.09690976727965228	0.1150871391426326	0.1150871391426326	0.1150871391426326	0.0	0.16704551470559437	0.16704551470559437	0.16704551470559437	0.0	0.1908002769309435	0.1908002769309435	0.1908002769309435	0.0	0.802448776231856	0.8050886357257394	0.15789728725269064	0.09690976727965228	36	TF65	2008
72	TF65	BaggingClassifier_LogisticRegression	mono+di	0.0	0.802448776231856	0.8050886357257394	0.0	0.802448776231856	0.8050886357257394	0.8232756394468737	0.8232756394468737	0.8232756394468737	0.0	0.8175724549872229	0.8175724549872229	0.8175724549872229	0.0	0.8357967654801242	0.8357967654801242	0.8357967654801242	0.0	0.0	0.15789728725269064	0.11379375164828756	0.0	0.15789728725269064	0.11379375164828756	0.12338434828837104	0.12338434828837104	0.12338434828837104	0.0	0.1845202457644115	0.1845202457644115	0.1845202457644115	0.0	0.20213216182542318	0.20213216182542318	0.20213216182542318	0.0	0.802448776231856	0.8050886357257394	0.15789728725269064	0.11379375164828756	36	TF65	2008
5	TFE2	Single best mono PWM	mono	0.7569200440945193	0.7323898784896467	0.8820453020135994	0.0	0.0	0.0	0.8820453020135994	0.8820453020135994	0.8820453020135994	0.0	0.7323898784896467	0.7323898784896467	0.7323898784896467	0.0	0.7569200440945193	0.7569200440945193	0.7569200440945193	0.0	0.04394486385691628	0.03321278170645205	0.18483454831521318	0.0	0.0	0.0	0.18483454831521318	0.18483454831521318	0.18483454831521318	0.0	0.03321278170645205	0.03321278170645205	0.03321278170645205	0.0	0.04394486385691628	0.04394486385691628	0.04394486385691628	0.0	0.7323898784896467	0.8820453020135994	0.03321278170645205	0.18483454831521318	37	TFE2	1939
5	TFE2	RandomForestClassifier	mono	0.7569200440945193	0.7323898784896467	0.8820453020135994	0.7569200440945193	0.7323898784896467	0.8820453020135994	0.8911904613403587	0.8911904613403587	0.8911904613403587	0.0	0.7708360320089701	0.7708360320089701	0.7708360320089701	0.0	0.8314615391937107	0.8314615391937107	0.8314615391937107	0.0	0.04394486385691628	0.03321278170645205	0.18483454831521318	0.04394486385691628	0.03321278170645205	0.18483454831521318	0.23797917608563435	0.23797917608563435	0.23797917608563435	0.0	0.0475642137678373	0.0475642137678373	0.0475642137678373	0.0	0.14120010799019503	0.14120010799019503	0.14120010799019503	0.0	0.7323898784896467	0.8820453020135994	0.03321278170645205	0.18483454831521318	37	TFE2	1939
3	TFE2	Single best di PWM	di	0.0	0.0	0.0	0.7613660909030084	0.7343145631591137	0.8782066468314174	0.8782066468314174	0.8782066468314174	0.8782066468314174	0.0	0.7343145631591137	0.7343145631591137	0.7343145631591137	0.0	0.7613660909030084	0.7613660909030084	0.7613660909030084	0.0	0.0	0.0	0.0	0.04777333044696369	0.029792531792518704	0.18526681491680275	0.18526681491680275	0.18526681491680275	0.18526681491680275	0.0	0.029792531792518704	0.029792531792518704	0.029792531792518704	0.0	0.04777333044696369	0.04777333044696369	0.04777333044696369	0.0	0.7343145631591137	0.8782066468314174	0.029792531792518704	0.18526681491680275	37	TFE2	1939
3	TFE2	RandomForestClassifier	di	0.7613660909030084	0.7343145631591137	0.8782066468314174	0.7613660909030084	0.7343145631591137	0.8782066468314174	0.8902569661813141	0.8902569661813141	0.8902569661813141	0.0	0.76405981940549	0.76405981940549	0.76405981940549	0.0	0.820072885088738	0.820072885088738	0.820072885088738	0.0	0.04777333044696369	0.029792531792518704	0.18526681491680275	0.04777333044696369	0.029792531792518704	0.18526681491680275	0.21203376497521512	0.21203376497521512	0.21203376497521512	0.0	0.05360912785490279	0.05360912785490279	0.05360912785490279	0.0	0.12579706533974827	0.12579706533974827	0.12579706533974827	0.0	0.7343145631591137	0.8782066468314174	0.029792531792518704	0.18526681491680275	37	TFE2	1939
5	TFE2	RandomForestClassifier	mono+di	0.0	0.7343145631591137	0.8820453020135994	0.0	0.7343145631591137	0.8820453020135994	0.8957814465097192	0.8957814465097192	0.8957814465097192	0.0	0.7732600148500564	0.7732600148500564	0.7732600148500564	0.0	0.835309661651525	0.835309661651525	0.835309661651525	0.0	0.0	0.03321278170645205	0.18526681491680275	0.0	0.03321278170645205	0.18526681491680275	0.2417624224712317	0.2417624224712317	0.2417624224712317	0.0	0.060533464379201124	0.060533464379201124	0.060533464379201124	0.0	0.15907261610299903	0.15907261610299903	0.15907261610299903	0.0	0.7343145631591137	0.8820453020135994	0.03321278170645205	0.18526681491680275	37	TFE2	1939
5	TFE2	Single best mono PWM	mono	0.7569200440945193	0.7323898784896467	0.8820453020135994	0.0	0.0	0.0	0.8820453020135994	0.8820453020135994	0.8820453020135994	0.0	0.7323898784896467	0.7323898784896467	0.7323898784896467	0.0	0.7569200440945193	0.7569200440945193	0.7569200440945193	0.0	0.04394486385691628	0.03321278170645205	0.18483454831521318	0.0	0.0	0.0	0.18483454831521318	0.18483454831521318	0.18483454831521318	0.0	0.03321278170645205	0.03321278170645205	0.03321278170645205	0.0	0.04394486385691628	0.04394486385691628	0.04394486385691628	0.0	0.7323898784896467	0.8820453020135994	0.03321278170645205	0.18483454831521318	37	TFE2	1939
5	TFE2	LogisticRegression	mono	0.7569200440945193	0.7323898784896467	0.8820453020135994	0.7569200440945193	0.7323898784896467	0.8820453020135994	0.8946604867740272	0.8946604867740272	0.8946604867740272	0.0	0.7538125162244379	0.7538125162244379	0.7538125162244379	0.0	0.7719597172850949	0.7719597172850949	0.7719597172850949	0.0	0.04394486385691628	0.03321278170645205	0.18483454831521318	0.04394486385691628	0.03321278170645205	0.18483454831521318	0.26822064702512155	0.26822064702512155	0.26822064702512155	0.0	0.040146675774523695	0.040146675774523695	0.040146675774523695	0.0	0.055296957404945626	0.055296957404945626	0.055296957404945626	0.0	0.7323898784896467	0.8820453020135994	0.03321278170645205	0.18483454831521318	37	TFE2	1939
3	TFE2	Single best di PWM	di	0.0	0.0	0.0	0.7613660909030084	0.7343145631591137	0.8782066468314174	0.8782066468314174	0.8782066468314174	0.8782066468314174	0.0	0.7343145631591137	0.7343145631591137	0.7343145631591137	0.0	0.7613660909030084	0.7613660909030084	0.7613660909030084	0.0	0.0	0.0	0.0	0.04777333044696369	0.029792531792518704	0.18526681491680275	0.18526681491680275	0.18526681491680275	0.18526681491680275	0.0	0.029792531792518704	0.029792531792518704	0.029792531792518704	0.0	0.04777333044696369	0.04777333044696369	0.04777333044696369	0.0	0.7343145631591137	0.8782066468314174	0.029792531792518704	0.18526681491680275	37	TFE2	1939
3	TFE2	LogisticRegression	di	0.7613660909030084	0.7343145631591137	0.8782066468314174	0.7613660909030084	0.7343145631591137	0.8782066468314174	0.8964075166916948	0.8964075166916948	0.8964075166916948	0.0	0.7493121939377987	0.7493121939377987	0.7493121939377987	0.0	0.7690880266427925	0.7690880266427925	0.7690880266427925	0.0	0.04777333044696369	0.029792531792518704	0.18526681491680275	0.04777333044696369	0.029792531792518704	0.18526681491680275	0.23287955445623312	0.23287955445623312	0.23287955445623312	0.0	0.03614077954286892	0.03614077954286892	0.03614077954286892	0.0	0.052186540932349604	0.052186540932349604	0.052186540932349604	0.0	0.7343145631591137	0.8782066468314174	0.029792531792518704	0.18526681491680275	37	TFE2	1939
5	TFE2	LogisticRegression	mono+di	0.0	0.7343145631591137	0.8820453020135994	0.0	0.7343145631591137	0.8820453020135994	0.9000038382419833	0.9000038382419833	0.9000038382419833	0.0	0.7535684372051427	0.7535684372051427	0.7535684372051427	0.0	0.7781006184477293	0.7781006184477293	0.7781006184477293	0.0	0.0	0.03321278170645205	0.18526681491680275	0.0	0.03321278170645205	0.18526681491680275	0.2829019016602606	0.2829019016602606	0.2829019016602606	0.0	0.0481375851751153	0.0481375851751153	0.0481375851751153	0.0	0.06192031192085567	0.06192031192085567	0.06192031192085567	0.0	0.7343145631591137	0.8820453020135994	0.03321278170645205	0.18526681491680275	37	TFE2	1939
5	TFE2	Single best mono PWM	mono	0.7569200440945193	0.7323898784896467	0.8820453020135994	0.0	0.0	0.0	0.8820453020135994	0.8820453020135994	0.8820453020135994	0.0	0.7323898784896467	0.7323898784896467	0.7323898784896467	0.0	0.7569200440945193	0.7569200440945193	0.7569200440945193	0.0	0.04394486385691628	0.03321278170645205	0.18483454831521318	0.0	0.0	0.0	0.18483454831521318	0.18483454831521318	0.18483454831521318	0.0	0.03321278170645205	0.03321278170645205	0.03321278170645205	0.0	0.04394486385691628	0.04394486385691628	0.04394486385691628	0.0	0.7323898784896467	0.8820453020135994	0.03321278170645205	0.18483454831521318	37	TFE2	1939
5	TFE2	XGBClassifier	mono	0.7569200440945193	0.7323898784896467	0.8820453020135994	0.7569200440945193	0.7323898784896467	0.8820453020135994	0.8806833421514983	0.8806833421514983	0.8806833421514983	0.0	0.7602741172221793	0.7602741172221793	0.7602741172221793	0.0	0.8577774265160903	0.8577774265160903	0.8577774265160903	0.0	0.04394486385691628	0.03321278170645205	0.18483454831521318	0.04394486385691628	0.03321278170645205	0.18483454831521318	0.2244535542684164	0.2244535542684164	0.2244535542684164	0.0	0.03906076712795615	0.03906076712795615	0.03906076712795615	0.0	0.15512765277642646	0.15512765277642646	0.15512765277642646	0.0	0.7323898784896467	0.8820453020135994	0.03321278170645205	0.18483454831521318	37	TFE2	1939
3	TFE2	Single best di PWM	di	0.0	0.0	0.0	0.7613660909030084	0.7343145631591137	0.8782066468314174	0.8782066468314174	0.8782066468314174	0.8782066468314174	0.0	0.7343145631591137	0.7343145631591137	0.7343145631591137	0.0	0.7613660909030084	0.7613660909030084	0.7613660909030084	0.0	0.0	0.0	0.0	0.04777333044696369	0.029792531792518704	0.18526681491680275	0.18526681491680275	0.18526681491680275	0.18526681491680275	0.0	0.029792531792518704	0.029792531792518704	0.029792531792518704	0.0	0.04777333044696369	0.04777333044696369	0.04777333044696369	0.0	0.7343145631591137	0.8782066468314174	0.029792531792518704	0.18526681491680275	37	TFE2	1939
3	TFE2	XGBClassifier	di	0.7613660909030084	0.7343145631591137	0.8782066468314174	0.7613660909030084	0.7343145631591137	0.8782066468314174	0.8814346278724103	0.8814346278724103	0.8814346278724103	0.0	0.7595790895039738	0.7595790895039738	0.7595790895039738	0.0	0.8453012764152061	0.8453012764152061	0.8453012764152061	0.0	0.04777333044696369	0.029792531792518704	0.18526681491680275	0.04777333044696369	0.029792531792518704	0.18526681491680275	0.19078206084371077	0.19078206084371077	0.19078206084371077	0.0	0.04269270543750671	0.04269270543750671	0.04269270543750671	0.0	0.14730827040097746	0.14730827040097746	0.14730827040097746	0.0	0.7343145631591137	0.8782066468314174	0.029792531792518704	0.18526681491680275	37	TFE2	1939
5	TFE2	XGBClassifier	mono+di	0.0	0.7343145631591137	0.8820453020135994	0.0	0.7343145631591137	0.8820453020135994	0.8836850667534815	0.8836850667534815	0.8836850667534815	0.0	0.7772155392938399	0.7772155392938399	0.7772155392938399	0.0	0.8755258712154563	0.8755258712154563	0.8755258712154563	0.0	0.0	0.03321278170645205	0.18526681491680275	0.0	0.03321278170645205	0.18526681491680275	0.2091780306666296	0.2091780306666296	0.2091780306666296	0.0	0.05962194995084	0.05962194995084	0.05962194995084	0.0	0.20726570599112545	0.20726570599112545	0.20726570599112545	0.0	0.7343145631591137	0.8820453020135994	0.03321278170645205	0.18526681491680275	37	TFE2	1939
5	TFE2	Single best mono PWM	mono	0.7569200440945193	0.7323898784896467	0.8820453020135994	0.0	0.0	0.0	0.8820453020135994	0.8820453020135994	0.8820453020135994	0.0	0.7323898784896467	0.7323898784896467	0.7323898784896467	0.0	0.7569200440945193	0.7569200440945193	0.7569200440945193	0.0	0.04394486385691628	0.03321278170645205	0.18483454831521318	0.0	0.0	0.0	0.18483454831521318	0.18483454831521318	0.18483454831521318	0.0	0.03321278170645205	0.03321278170645205	0.03321278170645205	0.0	0.04394486385691628	0.04394486385691628	0.04394486385691628	0.0	0.7323898784896467	0.8820453020135994	0.03321278170645205	0.18483454831521318	37	TFE2	1939
5	TFE2	BaggingClassifier_XGBClassifier	mono	0.7569200440945193	0.7323898784896467	0.8820453020135994	0.7569200440945193	0.7323898784896467	0.8820453020135994	0.8826417571047582	0.8826417571047582	0.8826417571047582	0.0	0.7635932939508041	0.7635932939508041	0.7635932939508041	0.0	0.8791609102474393	0.8791609102474393	0.8791609102474393	0.0	0.04394486385691628	0.03321278170645205	0.18483454831521318	0.04394486385691628	0.03321278170645205	0.18483454831521318	0.23127954346912044	0.23127954346912044	0.23127954346912044	0.0	0.04362343594377646	0.04362343594377646	0.04362343594377646	0.0	0.1690464689468126	0.1690464689468126	0.1690464689468126	0.0	0.7323898784896467	0.8820453020135994	0.03321278170645205	0.18483454831521318	37	TFE2	1939
3	TFE2	Single best di PWM	di	0.0	0.0	0.0	0.7613660909030084	0.7343145631591137	0.8782066468314174	0.8782066468314174	0.8782066468314174	0.8782066468314174	0.0	0.7343145631591137	0.7343145631591137	0.7343145631591137	0.0	0.7613660909030084	0.7613660909030084	0.7613660909030084	0.0	0.0	0.0	0.0	0.04777333044696369	0.029792531792518704	0.18526681491680275	0.18526681491680275	0.18526681491680275	0.18526681491680275	0.0	0.029792531792518704	0.029792531792518704	0.029792531792518704	0.0	0.04777333044696369	0.04777333044696369	0.04777333044696369	0.0	0.7343145631591137	0.8782066468314174	0.029792531792518704	0.18526681491680275	37	TFE2	1939
3	TFE2	BaggingClassifier_XGBClassifier	di	0.7613660909030084	0.7343145631591137	0.8782066468314174	0.7613660909030084	0.7343145631591137	0.8782066468314174	0.8818017989036567	0.8818017989036567	0.8818017989036567	0.0	0.7663367783978831	0.7663367783978831	0.7663367783978831	0.0	0.8693136474314753	0.8693136474314753	0.8693136474314753	0.0	0.04777333044696369	0.029792531792518704	0.18526681491680275	0.04777333044696369	0.029792531792518704	0.18526681491680275	0.1999890508500958	0.1999890508500958	0.1999890508500958	0.0	0.046973311509747255	0.046973311509747255	0.046973311509747255	0.0	0.16923530103160744	0.16923530103160744	0.16923530103160744	0.0	0.7343145631591137	0.8782066468314174	0.029792531792518704	0.18526681491680275	37	TFE2	1939
5	TFE2	BaggingClassifier_XGBClassifier	mono+di	0.0	0.7343145631591137	0.8820453020135994	0.0	0.7343145631591137	0.8820453020135994	0.8859843883144731	0.8859843883144731	0.8859843883144731	0.0	0.7800207478500839	0.7800207478500839	0.7800207478500839	0.0	0.901719856479705	0.901719856479705	0.901719856479705	0.0	0.0	0.03321278170645205	0.18526681491680275	0.0	0.03321278170645205	0.18526681491680275	0.22836870686495728	0.22836870686495728	0.22836870686495728	0.0	0.05903458273757242	0.05903458273757242	0.05903458273757242	0.0	0.22946990821546337	0.22946990821546337	0.22946990821546337	0.0	0.7343145631591137	0.8820453020135994	0.03321278170645205	0.18526681491680275	37	TFE2	1939
5	TFE2	Single best mono PWM	mono	0.7569200440945193	0.7323898784896467	0.8820453020135994	0.0	0.0	0.0	0.8820453020135994	0.8820453020135994	0.8820453020135994	0.0	0.7323898784896467	0.7323898784896467	0.7323898784896467	0.0	0.7569200440945193	0.7569200440945193	0.7569200440945193	0.0	0.04394486385691628	0.03321278170645205	0.18483454831521318	0.0	0.0	0.0	0.18483454831521318	0.18483454831521318	0.18483454831521318	0.0	0.03321278170645205	0.03321278170645205	0.03321278170645205	0.0	0.04394486385691628	0.04394486385691628	0.04394486385691628	0.0	0.7323898784896467	0.8820453020135994	0.03321278170645205	0.18483454831521318	37	TFE2	1939
5	TFE2	BaggingClassifier_LogisticRegression	mono	0.7569200440945193	0.7323898784896467	0.8820453020135994	0.7569200440945193	0.7323898784896467	0.8820453020135994	0.8944939300608352	0.8944939300608352	0.8944939300608352	0.0	0.7532782432165657	0.7532782432165657	0.7532782432165657	0.0	0.7720611649548135	0.7720611649548135	0.7720611649548135	0.0	0.04394486385691628	0.03321278170645205	0.18483454831521318	0.04394486385691628	0.03321278170645205	0.18483454831521318	0.26819748286609985	0.26819748286609985	0.26819748286609985	0.0	0.040015135998069634	0.040015135998069634	0.040015135998069634	0.0	0.05537058893638792	0.05537058893638792	0.05537058893638792	0.0	0.7323898784896467	0.8820453020135994	0.03321278170645205	0.18483454831521318	37	TFE2	1939
3	TFE2	Single best di PWM	di	0.0	0.0	0.0	0.7613660909030084	0.7343145631591137	0.8782066468314174	0.8782066468314174	0.8782066468314174	0.8782066468314174	0.0	0.7343145631591137	0.7343145631591137	0.7343145631591137	0.0	0.7613660909030084	0.7613660909030084	0.7613660909030084	0.0	0.0	0.0	0.0	0.04777333044696369	0.029792531792518704	0.18526681491680275	0.18526681491680275	0.18526681491680275	0.18526681491680275	0.0	0.029792531792518704	0.029792531792518704	0.029792531792518704	0.0	0.04777333044696369	0.04777333044696369	0.04777333044696369	0.0	0.7343145631591137	0.8782066468314174	0.029792531792518704	0.18526681491680275	37	TFE2	1939
3	TFE2	BaggingClassifier_LogisticRegression	di	0.7613660909030084	0.7343145631591137	0.8782066468314174	0.7613660909030084	0.7343145631591137	0.8782066468314174	0.8963973019144715	0.8963973019144715	0.8963973019144715	0.0	0.749522561101039	0.749522561101039	0.749522561101039	0.0	0.7691395045564873	0.7691395045564873	0.7691395045564873	0.0	0.04777333044696369	0.029792531792518704	0.18526681491680275	0.04777333044696369	0.029792531792518704	0.18526681491680275	0.2329662517260256	0.2329662517260256	0.2329662517260256	0.0	0.0358888133570257	0.0358888133570257	0.0358888133570257	0.0	0.051847801497715694	0.051847801497715694	0.051847801497715694	0.0	0.7343145631591137	0.8782066468314174	0.029792531792518704	0.18526681491680275	37	TFE2	1939
5	TFE2	BaggingClassifier_LogisticRegression	mono+di	0.0	0.7343145631591137	0.8820453020135994	0.0	0.7343145631591137	0.8820453020135994	0.8999501324041977	0.8999501324041977	0.8999501324041977	0.0	0.7536306794600299	0.7536306794600299	0.7536306794600299	0.0	0.778158754717099	0.778158754717099	0.778158754717099	0.0	0.0	0.03321278170645205	0.18526681491680275	0.0	0.03321278170645205	0.18526681491680275	0.2838692843133356	0.2838692843133356	0.2838692843133356	0.0	0.04551059283762219	0.04551059283762219	0.04551059283762219	0.0	0.061864790097074324	0.061864790097074324	0.061864790097074324	0.0	0.7343145631591137	0.8820453020135994	0.03321278170645205	0.18526681491680275	37	TFE2	1939
12	USF2	Single best mono PWM	mono	0.9728803718991181	0.9759833901717894	0.9793799627046236	0.0	0.0	0.0	0.9793799627046236	0.9793799627046236	0.9793799627046236	0.0	0.9759833901717894	0.9759833901717894	0.9759833901717894	0.0	0.9728803718991181	0.9728803718991181	0.9728803718991181	0.0	0.6808240597557215	0.6224121685542724	0.34102472499909703	0.0	0.0	0.0	0.34102472499909703	0.34102472499909703	0.34102472499909703	0.0	0.6224121685542724	0.6224121685542724	0.6224121685542724	0.0	0.6808240597557215	0.6808240597557215	0.6808240597557215	0.0	0.9759833901717894	0.9793799627046236	0.6224121685542724	0.34102472499909703	38	USF2	6522
12	USF2	RandomForestClassifier	mono	0.9728803718991181	0.9759833901717894	0.9793799627046236	0.9728803718991181	0.9759833901717894	0.9793799627046236	0.9811567324697037	0.9811567324697037	0.9811567324697037	0.0	0.9779703042225145	0.9779703042225145	0.9779703042225145	0.0	0.9791419866365694	0.9791419866365694	0.9791419866365694	0.0	0.6808240597557215	0.6224121685542724	0.34102472499909703	0.6808240597557215	0.6224121685542724	0.34102472499909703	0.3544809597740156	0.3544809597740156	0.3544809597740156	0.0	0.6193265752931492	0.6193265752931492	0.6193265752931492	0.0	0.7473611455439986	0.7473611455439986	0.7473611455439986	0.0	0.9759833901717894	0.9793799627046236	0.6224121685542724	0.34102472499909703	38	USF2	6522
6	USF2	Single best di PWM	di	0.0	0.0	0.0	0.9721904830307226	0.9760589341706774	0.9775948817328588	0.9775948817328588	0.9775948817328588	0.9775948817328588	0.0	0.9760589341706774	0.9760589341706774	0.9760589341706774	0.0	0.9721904830307226	0.9721904830307226	0.9721904830307226	0.0	0.0	0.0	0.0	0.6874102508671369	0.6500021306181215	0.3539882416385283	0.3539882416385283	0.3539882416385283	0.3539882416385283	0.0	0.6500021306181215	0.6500021306181215	0.6500021306181215	0.0	0.6874102508671369	0.6874102508671369	0.6874102508671369	0.0	0.9760589341706774	0.9775948817328588	0.6500021306181215	0.3539882416385283	38	USF2	6522
6	USF2	RandomForestClassifier	di	0.9721904830307226	0.9760589341706774	0.9775948817328588	0.9721904830307226	0.9760589341706774	0.9775948817328588	0.981075482113153	0.981075482113153	0.981075482113153	0.0	0.9800414210983281	0.9800414210983281	0.9800414210983281	0.0	0.9793930917859575	0.9793930917859575	0.9793930917859575	0.0	0.6874102508671369	0.6500021306181215	0.3539882416385283	0.6874102508671369	0.6500021306181215	0.3539882416385283	0.34097233922837117	0.34097233922837117	0.34097233922837117	0.0	0.640066677755099	0.640066677755099	0.640066677755099	0.0	0.7684689135617245	0.7684689135617245	0.7684689135617245	0.0	0.9760589341706774	0.9775948817328588	0.6500021306181215	0.3539882416385283	38	USF2	6522
12	USF2	RandomForestClassifier	mono+di	0.0	0.9760589341706774	0.9793799627046236	0.0	0.9760589341706774	0.9793799627046236	0.9813329134290083	0.9813329134290083	0.9813329134290083	0.0	0.980175857507258	0.980175857507258	0.980175857507258	0.0	0.9803319615475398	0.9803319615475398	0.9803319615475398	0.0	0.0	0.6500021306181215	0.3539882416385283	0.0	0.6500021306181215	0.3539882416385283	0.35342297005437656	0.35342297005437656	0.35342297005437656	0.0	0.6353991153596191	0.6353991153596191	0.6353991153596191	0.0	0.7702454489792788	0.7702454489792788	0.7702454489792788	0.0	0.9760589341706774	0.9793799627046236	0.6500021306181215	0.3539882416385283	38	USF2	6522
12	USF2	Single best mono PWM	mono	0.9728803718991181	0.9759833901717894	0.9793799627046236	0.0	0.0	0.0	0.9793799627046236	0.9793799627046236	0.9793799627046236	0.0	0.9759833901717894	0.9759833901717894	0.9759833901717894	0.0	0.9728803718991181	0.9728803718991181	0.9728803718991181	0.0	0.6808240597557215	0.6224121685542724	0.34102472499909703	0.0	0.0	0.0	0.34102472499909703	0.34102472499909703	0.34102472499909703	0.0	0.6224121685542724	0.6224121685542724	0.6224121685542724	0.0	0.6808240597557215	0.6808240597557215	0.6808240597557215	0.0	0.9759833901717894	0.9793799627046236	0.6224121685542724	0.34102472499909703	38	USF2	6522
12	USF2	LogisticRegression	mono	0.9728803718991181	0.9759833901717894	0.9793799627046236	0.9728803718991181	0.9759833901717894	0.9793799627046236	0.9794596505543176	0.9794596505543176	0.9794596505543176	0.0	0.9783320232018127	0.9783320232018127	0.9783320232018127	0.0	0.9735817300026426	0.9735817300026426	0.9735817300026426	0.0	0.6808240597557215	0.6224121685542724	0.34102472499909703	0.6808240597557215	0.6224121685542724	0.34102472499909703	0.3380243463088666	0.3380243463088666	0.3380243463088666	0.0	0.6321505749300026	0.6321505749300026	0.6321505749300026	0.0	0.687352061478473	0.687352061478473	0.687352061478473	0.0	0.9759833901717894	0.9793799627046236	0.6224121685542724	0.34102472499909703	38	USF2	6522
6	USF2	Single best di PWM	di	0.0	0.0	0.0	0.9721904830307226	0.9760589341706774	0.9775948817328588	0.9775948817328588	0.9775948817328588	0.9775948817328588	0.0	0.9760589341706774	0.9760589341706774	0.9760589341706774	0.0	0.9721904830307226	0.9721904830307226	0.9721904830307226	0.0	0.0	0.0	0.0	0.6874102508671369	0.6500021306181215	0.3539882416385283	0.3539882416385283	0.3539882416385283	0.3539882416385283	0.0	0.6500021306181215	0.6500021306181215	0.6500021306181215	0.0	0.6874102508671369	0.6874102508671369	0.6874102508671369	0.0	0.9760589341706774	0.9775948817328588	0.6500021306181215	0.3539882416385283	38	USF2	6522
6	USF2	LogisticRegression	di	0.9721904830307226	0.9760589341706774	0.9775948817328588	0.9721904830307226	0.9760589341706774	0.9775948817328588	0.9812291895695818	0.9812291895695818	0.9812291895695818	0.0	0.9791444968187255	0.9791444968187255	0.9791444968187255	0.0	0.9742497498137104	0.9742497498137104	0.9742497498137104	0.0	0.6874102508671369	0.6500021306181215	0.3539882416385283	0.6874102508671369	0.6500021306181215	0.3539882416385283	0.3553640672543103	0.3553640672543103	0.3553640672543103	0.0	0.6666441519149281	0.6666441519149281	0.6666441519149281	0.0	0.6990383657266769	0.6990383657266769	0.6990383657266769	0.0	0.9760589341706774	0.9775948817328588	0.6500021306181215	0.3539882416385283	38	USF2	6522
12	USF2	LogisticRegression	mono+di	0.0	0.9760589341706774	0.9793799627046236	0.0	0.9760589341706774	0.9793799627046236	0.9813740705245116	0.9813740705245116	0.9813740705245116	0.0	0.9803965414014881	0.9803965414014881	0.9803965414014881	0.0	0.9748513892895867	0.9748513892895867	0.9748513892895867	0.0	0.0	0.6500021306181215	0.3539882416385283	0.0	0.6500021306181215	0.3539882416385283	0.3674642958998064	0.3674642958998064	0.3674642958998064	0.0	0.6741048173709492	0.6741048173709492	0.6741048173709492	0.0	0.7026895202643333	0.7026895202643333	0.7026895202643333	0.0	0.9760589341706774	0.9793799627046236	0.6500021306181215	0.3539882416385283	38	USF2	6522
12	USF2	Single best mono PWM	mono	0.9728803718991181	0.9759833901717894	0.9793799627046236	0.0	0.0	0.0	0.9793799627046236	0.9793799627046236	0.9793799627046236	0.0	0.9759833901717894	0.9759833901717894	0.9759833901717894	0.0	0.9728803718991181	0.9728803718991181	0.9728803718991181	0.0	0.6808240597557215	0.6224121685542724	0.34102472499909703	0.0	0.0	0.0	0.34102472499909703	0.34102472499909703	0.34102472499909703	0.0	0.6224121685542724	0.6224121685542724	0.6224121685542724	0.0	0.6808240597557215	0.6808240597557215	0.6808240597557215	0.0	0.9759833901717894	0.9793799627046236	0.6224121685542724	0.34102472499909703	38	USF2	6522
12	USF2	XGBClassifier	mono	0.9728803718991181	0.9759833901717894	0.9793799627046236	0.9728803718991181	0.9759833901717894	0.9793799627046236	0.9793458535123891	0.9793458535123891	0.9793458535123891	0.0	0.9765966333368464	0.9765966333368464	0.9765966333368464	0.0	0.987823972285044	0.987823972285044	0.987823972285044	0.0	0.6808240597557215	0.6224121685542724	0.34102472499909703	0.6808240597557215	0.6224121685542724	0.34102472499909703	0.34867774560838877	0.34867774560838877	0.34867774560838877	0.0	0.5845602410093197	0.5845602410093197	0.5845602410093197	0.0	0.7745067133486434	0.7745067133486434	0.7745067133486434	0.0	0.9759833901717894	0.9793799627046236	0.6224121685542724	0.34102472499909703	38	USF2	6522
6	USF2	Single best di PWM	di	0.0	0.0	0.0	0.9721904830307226	0.9760589341706774	0.9775948817328588	0.9775948817328588	0.9775948817328588	0.9775948817328588	0.0	0.9760589341706774	0.9760589341706774	0.9760589341706774	0.0	0.9721904830307226	0.9721904830307226	0.9721904830307226	0.0	0.0	0.0	0.0	0.6874102508671369	0.6500021306181215	0.3539882416385283	0.3539882416385283	0.3539882416385283	0.3539882416385283	0.0	0.6500021306181215	0.6500021306181215	0.6500021306181215	0.0	0.6874102508671369	0.6874102508671369	0.6874102508671369	0.0	0.9760589341706774	0.9775948817328588	0.6500021306181215	0.3539882416385283	38	USF2	6522
6	USF2	XGBClassifier	di	0.9721904830307226	0.9760589341706774	0.9775948817328588	0.9721904830307226	0.9760589341706774	0.9775948817328588	0.9791236118456372	0.9791236118456372	0.9791236118456372	0.0	0.9778832667548596	0.9778832667548596	0.9778832667548596	0.0	0.9878301915865794	0.9878301915865794	0.9878301915865794	0.0	0.6874102508671369	0.6500021306181215	0.3539882416385283	0.6874102508671369	0.6500021306181215	0.3539882416385283	0.34060378926513263	0.34060378926513263	0.34060378926513263	0.0	0.6157042040131713	0.6157042040131713	0.6157042040131713	0.0	0.8072524112052072	0.8072524112052072	0.8072524112052072	0.0	0.9760589341706774	0.9775948817328588	0.6500021306181215	0.3539882416385283	38	USF2	6522
12	USF2	XGBClassifier	mono+di	0.0	0.9760589341706774	0.9793799627046236	0.0	0.9760589341706774	0.9793799627046236	0.9807785891879578	0.9807785891879578	0.9807785891879578	0.0	0.979769527759701	0.979769527759701	0.979769527759701	0.0	0.9901691783281436	0.9901691783281436	0.9901691783281436	0.0	0.0	0.6500021306181215	0.3539882416385283	0.0	0.6500021306181215	0.3539882416385283	0.3817337273336708	0.3817337273336708	0.3817337273336708	0.0	0.6075055837774532	0.6075055837774532	0.6075055837774532	0.0	0.8128065191179128	0.8128065191179128	0.8128065191179128	0.0	0.9760589341706774	0.9793799627046236	0.6500021306181215	0.3539882416385283	38	USF2	6522
12	USF2	Single best mono PWM	mono	0.9728803718991181	0.9759833901717894	0.9793799627046236	0.0	0.0	0.0	0.9793799627046236	0.9793799627046236	0.9793799627046236	0.0	0.9759833901717894	0.9759833901717894	0.9759833901717894	0.0	0.9728803718991181	0.9728803718991181	0.9728803718991181	0.0	0.6808240597557215	0.6224121685542724	0.34102472499909703	0.0	0.0	0.0	0.34102472499909703	0.34102472499909703	0.34102472499909703	0.0	0.6224121685542724	0.6224121685542724	0.6224121685542724	0.0	0.6808240597557215	0.6808240597557215	0.6808240597557215	0.0	0.9759833901717894	0.9793799627046236	0.6224121685542724	0.34102472499909703	38	USF2	6522
12	USF2	BaggingClassifier_XGBClassifier	mono	0.9728803718991181	0.9759833901717894	0.9793799627046236	0.9728803718991181	0.9759833901717894	0.9793799627046236	0.9806968401590062	0.9806968401590062	0.9806968401590062	0.0	0.9791985099259889	0.9791985099259889	0.9791985099259889	0.0	0.989574528403079	0.989574528403079	0.989574528403079	0.0	0.6808240597557215	0.6224121685542724	0.34102472499909703	0.6808240597557215	0.6224121685542724	0.34102472499909703	0.3767415924414169	0.3767415924414169	0.3767415924414169	0.0	0.6233651059943529	0.6233651059943529	0.6233651059943529	0.0	0.7816137730942916	0.7816137730942916	0.7816137730942916	0.0	0.9759833901717894	0.9793799627046236	0.6224121685542724	0.34102472499909703	38	USF2	6522
6	USF2	Single best di PWM	di	0.0	0.0	0.0	0.9721904830307226	0.9760589341706774	0.9775948817328588	0.9775948817328588	0.9775948817328588	0.9775948817328588	0.0	0.9760589341706774	0.9760589341706774	0.9760589341706774	0.0	0.9721904830307226	0.9721904830307226	0.9721904830307226	0.0	0.0	0.0	0.0	0.6874102508671369	0.6500021306181215	0.3539882416385283	0.3539882416385283	0.3539882416385283	0.3539882416385283	0.0	0.6500021306181215	0.6500021306181215	0.6500021306181215	0.0	0.6874102508671369	0.6874102508671369	0.6874102508671369	0.0	0.9760589341706774	0.9775948817328588	0.6500021306181215	0.3539882416385283	38	USF2	6522
6	USF2	BaggingClassifier_XGBClassifier	di	0.9721904830307226	0.9760589341706774	0.9775948817328588	0.9721904830307226	0.9760589341706774	0.9775948817328588	0.9803184807858865	0.9803184807858865	0.9803184807858865	0.0	0.9793746450113606	0.9793746450113606	0.9793746450113606	0.0	0.9898478619947032	0.9898478619947032	0.9898478619947032	0.0	0.6874102508671369	0.6500021306181215	0.3539882416385283	0.6874102508671369	0.6500021306181215	0.3539882416385283	0.36590247911154417	0.36590247911154417	0.36590247911154417	0.0	0.6352409662231894	0.6352409662231894	0.6352409662231894	0.0	0.8176877825240406	0.8176877825240406	0.8176877825240406	0.0	0.9760589341706774	0.9775948817328588	0.6500021306181215	0.3539882416385283	38	USF2	6522
12	USF2	BaggingClassifier_XGBClassifier	mono+di	0.0	0.9760589341706774	0.9793799627046236	0.0	0.9760589341706774	0.9793799627046236	0.9813914243240695	0.9813914243240695	0.9813914243240695	0.0	0.9817424234960952	0.9817424234960952	0.9817424234960952	0.0	0.9918325768067324	0.9918325768067324	0.9918325768067324	0.0	0.0	0.6500021306181215	0.3539882416385283	0.0	0.6500021306181215	0.3539882416385283	0.3785442937939181	0.3785442937939181	0.3785442937939181	0.0	0.645077505616818	0.645077505616818	0.645077505616818	0.0	0.8318813592836539	0.8318813592836539	0.8318813592836539	0.0	0.9760589341706774	0.9793799627046236	0.6500021306181215	0.3539882416385283	38	USF2	6522
12	USF2	Single best mono PWM	mono	0.9728803718991181	0.9759833901717894	0.9793799627046236	0.0	0.0	0.0	0.9793799627046236	0.9793799627046236	0.9793799627046236	0.0	0.9759833901717894	0.9759833901717894	0.9759833901717894	0.0	0.9728803718991181	0.9728803718991181	0.9728803718991181	0.0	0.6808240597557215	0.6224121685542724	0.34102472499909703	0.0	0.0	0.0	0.34102472499909703	0.34102472499909703	0.34102472499909703	0.0	0.6224121685542724	0.6224121685542724	0.6224121685542724	0.0	0.6808240597557215	0.6808240597557215	0.6808240597557215	0.0	0.9759833901717894	0.9793799627046236	0.6224121685542724	0.34102472499909703	38	USF2	6522
12	USF2	BaggingClassifier_LogisticRegression	mono	0.9728803718991181	0.9759833901717894	0.9793799627046236	0.9728803718991181	0.9759833901717894	0.9793799627046236	0.9794461531546615	0.9794461531546615	0.9794461531546615	0.0	0.9783424633607734	0.9783424633607734	0.9783424633607734	0.0	0.9735664357465164	0.9735664357465164	0.9735664357465164	0.0	0.6808240597557215	0.6224121685542724	0.34102472499909703	0.6808240597557215	0.6224121685542724	0.34102472499909703	0.33792994176811275	0.33792994176811275	0.33792994176811275	0.0	0.632310086287337	0.632310086287337	0.632310086287337	0.0	0.6872574395459674	0.6872574395459674	0.6872574395459674	0.0	0.9759833901717894	0.9793799627046236	0.6224121685542724	0.34102472499909703	38	USF2	6522
6	USF2	Single best di PWM	di	0.0	0.0	0.0	0.9721904830307226	0.9760589341706774	0.9775948817328588	0.9775948817328588	0.9775948817328588	0.9775948817328588	0.0	0.9760589341706774	0.9760589341706774	0.9760589341706774	0.0	0.9721904830307226	0.9721904830307226	0.9721904830307226	0.0	0.0	0.0	0.0	0.6874102508671369	0.6500021306181215	0.3539882416385283	0.3539882416385283	0.3539882416385283	0.3539882416385283	0.0	0.6500021306181215	0.6500021306181215	0.6500021306181215	0.0	0.6874102508671369	0.6874102508671369	0.6874102508671369	0.0	0.9760589341706774	0.9775948817328588	0.6500021306181215	0.3539882416385283	38	USF2	6522
6	USF2	BaggingClassifier_LogisticRegression	di	0.9721904830307226	0.9760589341706774	0.9775948817328588	0.9721904830307226	0.9760589341706774	0.9775948817328588	0.9812168557388617	0.9812168557388617	0.9812168557388617	0.0	0.9791487410376501	0.9791487410376501	0.9791487410376501	0.0	0.9742493457485162	0.9742493457485162	0.9742493457485162	0.0	0.6874102508671369	0.6500021306181215	0.3539882416385283	0.6874102508671369	0.6500021306181215	0.3539882416385283	0.35537381797810563	0.35537381797810563	0.35537381797810563	0.0	0.6666610064537785	0.6666610064537785	0.6666610064537785	0.0	0.6989839771196686	0.6989839771196686	0.6989839771196686	0.0	0.9760589341706774	0.9775948817328588	0.6500021306181215	0.3539882416385283	38	USF2	6522
12	USF2	BaggingClassifier_LogisticRegression	mono+di	0.0	0.9760589341706774	0.9793799627046236	0.0	0.9760589341706774	0.9793799627046236	0.9813361381772021	0.9813361381772021	0.9813361381772021	0.0	0.9804461089217756	0.9804461089217756	0.9804461089217756	0.0	0.9748276524020464	0.9748276524020464	0.9748276524020464	0.0	0.0	0.6500021306181215	0.3539882416385283	0.0	0.6500021306181215	0.3539882416385283	0.3635244789724559	0.3635244789724559	0.3635244789724559	0.0	0.675198767514292	0.675198767514292	0.675198767514292	0.0	0.7022902988025704	0.7022902988025704	0.7022902988025704	0.0	0.9760589341706774	0.9793799627046236	0.6500021306181215	0.3539882416385283	38	USF2	6522
