Count	TF_name	Model	PWM	roc_auc_train_H_PWM_mono	roc_auc_test_H_PWM_mono	roc_auc_test_M_PWM_mono	roc_auc_train_H_PWM_di	roc_auc_test_H_PWM_di	roc_auc_test_M_PWM_di	roc_auc_test_M	mean_auc_test_M	median_auc_test_M	std_auc_test_M	roc_auc_test_H	mean_auc_test_H	median_auc_test_H	std_auc_test_H	roc_auc_train_H	mean_auc_train_H	median_auc_train_H	std_auc_train_H	pr_auc_train_H_PWM_mono	pr_auc_test_H_PWM_mono	pr_auc_test_M_PWM_mono	pr_auc_train_H_PWM_di	pr_auc_test_H_PWM_di	pr_auc_test_M_PWM_di	pr_auc_test_M	mean_pr_auc_test_M	median_pr_auc_test_M	std_pr_auc_test_M	pr_auc_test_H	mean_pr_auc_test_H	median_pr_auc_test_H	std_pr_auc_test_H	pr_auc_train_H	mean_pr_auc_train_H	median_pr_auc_train_H	std_pr_auc_train_H	roc_auc_test_H_PWM	roc_auc_test_M_PWM	pr_auc_test_H_PWM	pr_auc_test_M_PWM	Unnamed: 0	Names	Seq_count
195	ANDR	Single best mono PWM	mono	0.873007736236854	0.8779521091470112	0.919557209177338	0.8800389417303838	0.8866636853106442	0.9126371729826062	0.919557209177338	0.919557209177338	0.919557209177338	0.0	0.8779521091470112	0.8779521091470112	0.8779521091470112	0.0017339473682988	0.873007736236854	0.873007736236854	0.873007736236854	0.0054826376251008	0.429337716273405	0.5415163927881678	0.5459057740863315	0.4404412731234325	0.5504227470448627	0.5346276244802707	0.5459057740863315	0.5459057740863315	0.5459057740863315	0.0	0.5415163927881678	0.5415163927881678	0.5415163927881678	0.0093654087637511	0.429337716273405	0.429337716273405	0.429337716273405	0.014660372674978	0.8779521091470112	0.919557209177338	0.5415163927881678	0.5459057740863315	0	ANDR	10000
195	ANDR	RandomForestClassifier	mono	0.873007736236854	0.8779521091470112	0.919557209177338	0.8800389417303838	0.8866636853106442	0.9126371729826062	0.9454995229292752	0.9454995229292752	0.9454995229292752	0.0	0.9245973818520802	0.925733862028361	0.9257110806534036	0.0017339473682988	0.9395981920948132	0.9394523977057446	0.9389626598610454	0.0054826376251008	0.429337716273405	0.5415163927881678	0.5459057740863315	0.4404412731234325	0.5504227470448627	0.5346276244802707	0.5649290370424818	0.5649290370424818	0.5649290370424818	0.0	0.6834136154407512	0.6830946920638153	0.6823231765870685	0.0093654087637511	0.6680724887528361	0.6667574405354589	0.6665502014030757	0.014660372674978	0.8779521091470112	0.919557209177338	0.5415163927881678	0.5459057740863315	0	ANDR	10000
108	ANDR	Single best di PWM	di	0.873007736236854	0.8779521091470112	0.919557209177338	0.8800389417303838	0.8866636853106442	0.9126371729826062	0.9126371729826062	0.9126371729826062	0.9126371729826062	0.0	0.8866636853106442	0.8866636853106442	0.8866636853106442	0.0	0.8800389417303838	0.8800389417303838	0.8800389417303838	0.0	0.429337716273405	0.5415163927881678	0.5459057740863315	0.4404412731234325	0.5504227470448627	0.5346276244802707	0.5346276244802707	0.5346276244802707	0.5346276244802707	0.0	0.5504227470448627	0.5504227470448627	0.5504227470448627	0.0	0.4404412731234325	0.4404412731234325	0.4404412731234325	0.0	0.8779521091470112	0.919557209177338	0.5415163927881678	0.5459057740863315	0	ANDR	10000
108	ANDR	RandomForestClassifier	di	0.873007736236854	0.8779521091470112	0.919557209177338	0.8800389417303838	0.8866636853106442	0.9126371729826062	0.9482269669522876	0.9482269669522876	0.9482269669522876	0.0	0.938248952552616	0.9383986057077988	0.9382212470272032	0.0020423877984346	0.9477759211268548	0.9477100711823871	0.9462418116382272	0.0051023532893071	0.429337716273405	0.5415163927881678	0.5459057740863315	0.4404412731234325	0.5504227470448627	0.5346276244802707	0.5755073835013057	0.5755073835013057	0.5755073835013057	0.0	0.7213420491480234	0.7220824759606309	0.7226018017153192	0.0066733163281772	0.7006065135539592	0.6993042499186775	0.6997228961412058	0.0158941775279132	0.8779521091470112	0.919557209177338	0.5415163927881678	0.5459057740863315	0	ANDR	10000
195	ANDR	RandomForestClassifier	mono+di	0.873007736236854	0.8779521091470112	0.919557209177338	0.8800389417303838	0.8866636853106442	0.9126371729826062	0.948447865148413	0.948447865148413	0.948447865148413	0.0	0.9375366122556492	0.9374554650893366	0.9367527650994428	0.0020753839748397	0.9483019293816708	0.9474431502399976	0.945993856468128	0.0050996441501118	0.429337716273405	0.5415163927881678	0.5459057740863315	0.4404412731234325	0.5504227470448627	0.5346276244802707	0.5789182264206497	0.5789182264206497	0.5789182264206497	0.0	0.720667439958371	0.7182578716878103	0.7130894678310772	0.0085829032275514	0.7054585428255532	0.7027473908237228	0.7036383822867198	0.0152058833018605	0.8779521091470112	0.919557209177338	0.5415163927881678	0.5459057740863315	0	ANDR	10000
195	ANDR	Single best mono PWM	mono	0.873007736236854	0.8779521091470112	0.919557209177338	0.8800389417303838	0.8866636853106442	0.9126371729826062	0.919557209177338	0.919557209177338	0.919557209177338	0.0	0.8779521091470112	0.8779521091470112	0.8779521091470112	0.0023572337605214	0.873007736236854	0.873007736236854	0.873007736236854	0.00520960695845	0.429337716273405	0.5415163927881678	0.5459057740863315	0.4404412731234325	0.5504227470448627	0.5346276244802707	0.5459057740863315	0.5459057740863315	0.5459057740863315	0.0	0.5415163927881678	0.5415163927881678	0.5415163927881678	0.011722037929224	0.429337716273405	0.429337716273405	0.429337716273405	0.0190570616014147	0.8779521091470112	0.919557209177338	0.5415163927881678	0.5459057740863315	0	ANDR	10000
195	ANDR	LogisticRegression	mono	0.873007736236854	0.8779521091470112	0.919557209177338	0.8800389417303838	0.8866636853106442	0.9126371729826062	0.9486788667683016	0.9486788667683016	0.9486788667683016	0.0	0.9372833370117988	0.93730456906681	0.9365987544207484	0.0023572337605214	0.9428593763090138	0.9427599937282	0.9418061007532442	0.00520960695845	0.429337716273405	0.5415163927881678	0.5459057740863315	0.4404412731234325	0.5504227470448627	0.5346276244802707	0.5808929495965545	0.5808929495965545	0.5808929495965545	0.0	0.72061801797759	0.7210422114909987	0.716646925066207	0.011722037929224	0.6245384974209134	0.6243074498894812	0.6167161807918057	0.0190570616014147	0.8779521091470112	0.919557209177338	0.5415163927881678	0.5459057740863315	0	ANDR	10000
108	ANDR	Single best di PWM	di	0.873007736236854	0.8779521091470112	0.919557209177338	0.8800389417303838	0.8866636853106442	0.9126371729826062	0.9126371729826062	0.9126371729826062	0.9126371729826062	0.0	0.8866636853106442	0.8866636853106442	0.8866636853106442	0.0	0.8800389417303838	0.8800389417303838	0.8800389417303838	0.0	0.429337716273405	0.5415163927881678	0.5459057740863315	0.4404412731234325	0.5504227470448627	0.5346276244802707	0.5346276244802707	0.5346276244802707	0.5346276244802707	0.0	0.5504227470448627	0.5504227470448627	0.5504227470448627	0.0	0.4404412731234325	0.4404412731234325	0.4404412731234325	0.0	0.8779521091470112	0.919557209177338	0.5415163927881678	0.5459057740863315	0	ANDR	10000
108	ANDR	LogisticRegression	di	0.873007736236854	0.8779521091470112	0.919557209177338	0.8800389417303838	0.8866636853106442	0.9126371729826062	0.949757067608717	0.949757067608717	0.949757067608717	0.0	0.94245985290765	0.9424251808317546	0.9433523482652644	0.0027272573075742	0.943743434126235	0.9436178920572512	0.9435673813455306	0.004009649792367	0.429337716273405	0.5415163927881678	0.5459057740863315	0.4404412731234325	0.5504227470448627	0.5346276244802707	0.5702189731410597	0.5702189731410597	0.5702189731410597	0.0	0.7378839650186555	0.7382989591804046	0.7386298819125333	0.0104554175889998	0.6309911948572547	0.631489154699396	0.6266771732153316	0.0127186539166002	0.8779521091470112	0.919557209177338	0.5415163927881678	0.5459057740863315	0	ANDR	10000
195	ANDR	LogisticRegression	mono+di	0.873007736236854	0.8779521091470112	0.919557209177338	0.8800389417303838	0.8866636853106442	0.9126371729826062	0.9531939054785904	0.9531939054785904	0.9531939054785904	0.0	0.941550175315834	0.9415567150329738	0.9407939179636612	0.0028926589151949	0.949177791864706	0.9490339657530138	0.9493565039409908	0.0044901378278493	0.429337716273405	0.5415163927881678	0.5459057740863315	0.4404412731234325	0.5504227470448627	0.5346276244802707	0.5899856235859936	0.5899856235859936	0.5899856235859936	0.0	0.7371384627158534	0.7373980735270228	0.7323599048713108	0.0111985011299569	0.6640293434757019	0.6639631836925375	0.6636233072668702	0.015183775972882	0.8779521091470112	0.919557209177338	0.5415163927881678	0.5459057740863315	0	ANDR	10000
195	ANDR	Single best mono PWM	mono	0.873007736236854	0.8779521091470112	0.919557209177338	0.8800389417303838	0.8866636853106442	0.9126371729826062	0.919557209177338	0.919557209177338	0.919557209177338	0.0	0.8779521091470112	0.8779521091470112	0.8779521091470112	0.0031769593783452	0.873007736236854	0.873007736236854	0.873007736236854	0.00517870194635	0.429337716273405	0.5415163927881678	0.5459057740863315	0.4404412731234325	0.5504227470448627	0.5346276244802707	0.5459057740863315	0.5459057740863315	0.5459057740863315	0.0	0.5415163927881678	0.5415163927881678	0.5415163927881678	0.0113308052186809	0.429337716273405	0.429337716273405	0.429337716273405	0.01835478844412	0.8779521091470112	0.919557209177338	0.5415163927881678	0.5459057740863315	0	ANDR	10000
195	ANDR	XGBClassifier	mono	0.873007736236854	0.8779521091470112	0.919557209177338	0.8800389417303838	0.8866636853106442	0.9126371729826062	0.947803187826737	0.947803187826737	0.947803187826737	0.0	0.934160145005472	0.9340367961866431	0.9343235727489044	0.0031769593783452	0.9695664060274676	0.9686442449747428	0.9700803497319715	0.00517870194635	0.429337716273405	0.5415163927881678	0.5459057740863315	0.4404412731234325	0.5504227470448627	0.5346276244802707	0.5516416331817312	0.5516416331817312	0.5516416331817312	0.0	0.6959474808283584	0.6956454333738359	0.6929233086717801	0.0113308052186809	0.7872989440506057	0.7844205729700846	0.7903942133051113	0.01835478844412	0.8779521091470112	0.919557209177338	0.5415163927881678	0.5459057740863315	0	ANDR	10000
108	ANDR	Single best di PWM	di	0.873007736236854	0.8779521091470112	0.919557209177338	0.8800389417303838	0.8866636853106442	0.9126371729826062	0.9126371729826062	0.9126371729826062	0.9126371729826062	0.0	0.8866636853106442	0.8866636853106442	0.8866636853106442	0.0	0.8800389417303838	0.8800389417303838	0.8800389417303838	0.0	0.429337716273405	0.5415163927881678	0.5459057740863315	0.4404412731234325	0.5504227470448627	0.5346276244802707	0.5346276244802707	0.5346276244802707	0.5346276244802707	0.0	0.5504227470448627	0.5504227470448627	0.5504227470448627	0.0	0.4404412731234325	0.4404412731234325	0.4404412731234325	0.0	0.8779521091470112	0.919557209177338	0.5415163927881678	0.5459057740863315	0	ANDR	10000
108	ANDR	XGBClassifier	di	0.873007736236854	0.8779521091470112	0.919557209177338	0.8800389417303838	0.8866636853106442	0.9126371729826062	0.9493012285699244	0.9493012285699244	0.9493012285699244	0.0	0.94290415098879	0.941753010106238	0.941867722221193	0.0029614973076996	0.9697480142085596	0.9689545359192768	0.9689650627629268	0.0048273213797498	0.429337716273405	0.5415163927881678	0.5459057740863315	0.4404412731234325	0.5504227470448627	0.5346276244802707	0.5642880913989557	0.5642880913989557	0.5642880913989557	0.0	0.7308746946327634	0.7230512301998516	0.7171411661915555	0.01151284460491	0.7994366657435505	0.7929638160992164	0.7993086795111319	0.0204714086922224	0.8779521091470112	0.919557209177338	0.5415163927881678	0.5459057740863315	0	ANDR	10000
195	ANDR	XGBClassifier	mono+di	0.873007736236854	0.8779521091470112	0.919557209177338	0.8800389417303838	0.8866636853106442	0.9126371729826062	0.9512305965086674	0.9512305965086674	0.9512305965086674	0.0	0.941592052680814	0.9410758135765724	0.9420292025127284	0.0022580692734979	0.9735807092551118	0.9736297850652902	0.9740454337180958	0.0054378272341356	0.429337716273405	0.5415163927881678	0.5459057740863315	0.4404412731234325	0.5504227470448627	0.5346276244802707	0.5600422167813587	0.5600422167813587	0.5600422167813587	0.0	0.7134350780076197	0.71798473486463	0.7162548148367458	0.0110066326435654	0.8147299104849134	0.8150751509209704	0.8221669182405527	0.0213904694809519	0.8779521091470112	0.919557209177338	0.5415163927881678	0.5459057740863315	0	ANDR	10000
195	ANDR	Single best mono PWM	mono	0.873007736236854	0.8779521091470112	0.919557209177338	0.8800389417303838	0.8866636853106442	0.9126371729826062	0.919557209177338	0.919557209177338	0.919557209177338	0.0	0.8779521091470112	0.8779521091470112	0.8779521091470112	0.0030941244853418	0.873007736236854	0.873007736236854	0.873007736236854	0.0055761283451107	0.429337716273405	0.5415163927881678	0.5459057740863315	0.4404412731234325	0.5504227470448627	0.5346276244802707	0.5459057740863315	0.5459057740863315	0.5459057740863315	0.0	0.5415163927881678	0.5415163927881678	0.5415163927881678	0.0082007540014403	0.429337716273405	0.429337716273405	0.429337716273405	0.0196636253751007	0.8779521091470112	0.919557209177338	0.5415163927881678	0.5459057740863315	0	ANDR	10000
195	ANDR	BaggingClassifier_XGBClassifier	mono	0.873007736236854	0.8779521091470112	0.919557209177338	0.8800389417303838	0.8866636853106442	0.9126371729826062	0.9496177114926656	0.9496177114926656	0.9496177114926656	0.0	0.9377733603304944	0.9379162389113784	0.93910236703	0.0030941244853418	0.9750293640775886	0.973779971406618	0.9751920346173104	0.0055761283451107	0.429337716273405	0.5415163927881678	0.5459057740863315	0.4404412731234325	0.5504227470448627	0.5346276244802707	0.5775533258049381	0.5775533258049381	0.5775533258049381	0.0	0.7145868609699136	0.7141960037438151	0.7145264252160899	0.0082007540014403	0.8015571477659406	0.7987501447318259	0.8029287069891216	0.0196636253751007	0.8779521091470112	0.919557209177338	0.5415163927881678	0.5459057740863315	0	ANDR	10000
108	ANDR	Single best di PWM	di	0.873007736236854	0.8779521091470112	0.919557209177338	0.8800389417303838	0.8866636853106442	0.9126371729826062	0.9126371729826062	0.9126371729826062	0.9126371729826062	0.0	0.8866636853106442	0.8866636853106442	0.8866636853106442	0.0	0.8800389417303838	0.8800389417303838	0.8800389417303838	0.0	0.429337716273405	0.5415163927881678	0.5459057740863315	0.4404412731234325	0.5504227470448627	0.5346276244802707	0.5346276244802707	0.5346276244802707	0.5346276244802707	0.0	0.5504227470448627	0.5504227470448627	0.5504227470448627	0.0	0.4404412731234325	0.4404412731234325	0.4404412731234325	0.0	0.8779521091470112	0.919557209177338	0.5415163927881678	0.5459057740863315	0	ANDR	10000
108	ANDR	BaggingClassifier_XGBClassifier	di	0.873007736236854	0.8779521091470112	0.919557209177338	0.8800389417303838	0.8866636853106442	0.9126371729826062	0.9515586189774682	0.9515586189774682	0.9515586189774682	0.0	0.9445488530625432	0.9449485361656274	0.9447002731939842	0.0030007520741996	0.9756053142470972	0.9745053491067274	0.9757807332129864	0.0051054325165597	0.429337716273405	0.5415163927881678	0.5459057740863315	0.4404412731234325	0.5504227470448627	0.5346276244802707	0.5872815316486328	0.5872815316486328	0.5872815316486328	0.0	0.7375168800241924	0.7385104071527494	0.7336770253298123	0.00935534003245	0.8087226662990966	0.8051331289065728	0.8142564395594302	0.0206596362950225	0.8779521091470112	0.919557209177338	0.5415163927881678	0.5459057740863315	0	ANDR	10000
195	ANDR	BaggingClassifier_XGBClassifier	mono+di	0.873007736236854	0.8779521091470112	0.919557209177338	0.8800389417303838	0.8866636853106442	0.9126371729826062	0.9534550454396344	0.9534550454396344	0.9534550454396344	0.0	0.9459828531492748	0.9451995621496996	0.944518076417948	0.0031995887691273	0.9795603955944528	0.9782754177706277	0.979690821817494	0.0054742945267314	0.429337716273405	0.5415163927881678	0.5459057740863315	0.4404412731234325	0.5504227470448627	0.5346276244802707	0.5845139926279614	0.5845139926279614	0.5845139926279614	0.0	0.741944943986082	0.7373873334291868	0.7311758175547354	0.0094679327880235	0.831928295833722	0.8263346401518116	0.8307182610264892	0.0202355991326507	0.8779521091470112	0.919557209177338	0.5415163927881678	0.5459057740863315	0	ANDR	10000
195	ANDR	Single best mono PWM	mono	0.873007736236854	0.8779521091470112	0.919557209177338	0.8800389417303838	0.8866636853106442	0.9126371729826062	0.919557209177338	0.919557209177338	0.919557209177338	0.0	0.8779521091470112	0.8779521091470112	0.8779521091470112	0.0024636580286389	0.873007736236854	0.873007736236854	0.873007736236854	0.0051993703547325	0.429337716273405	0.5415163927881678	0.5459057740863315	0.4404412731234325	0.5504227470448627	0.5346276244802707	0.5459057740863315	0.5459057740863315	0.5459057740863315	0.0	0.5415163927881678	0.5415163927881678	0.5415163927881678	0.0116480300070725	0.429337716273405	0.429337716273405	0.429337716273405	0.0191243350655575	0.8779521091470112	0.919557209177338	0.5415163927881678	0.5459057740863315	0	ANDR	10000
195	ANDR	BaggingClassifier_LogisticRegression	mono	0.873007736236854	0.8779521091470112	0.919557209177338	0.8800389417303838	0.8866636853106442	0.9126371729826062	0.948717463397819	0.948717463397819	0.948717463397819	0.0	0.937176362795446	0.9373614167054316	0.9367043913470956	0.0024636580286389	0.9428342320731428	0.9427981188579332	0.9418435826668528	0.0051993703547325	0.429337716273405	0.5415163927881678	0.5459057740863315	0.4404412731234325	0.5504227470448627	0.5346276244802707	0.5805164654494893	0.5805164654494893	0.5805164654494893	0.0	0.7200684683393305	0.7208466364446131	0.7161717410253186	0.0116480300070725	0.6242484522004115	0.6239770652387249	0.6163436745266392	0.0191243350655575	0.8779521091470112	0.919557209177338	0.5415163927881678	0.5459057740863315	0	ANDR	10000
108	ANDR	Single best di PWM	di	0.873007736236854	0.8779521091470112	0.919557209177338	0.8800389417303838	0.8866636853106442	0.9126371729826062	0.9126371729826062	0.9126371729826062	0.9126371729826062	0.0	0.8866636853106442	0.8866636853106442	0.8866636853106442	0.0	0.8800389417303838	0.8800389417303838	0.8800389417303838	0.0	0.429337716273405	0.5415163927881678	0.5459057740863315	0.4404412731234325	0.5504227470448627	0.5346276244802707	0.5346276244802707	0.5346276244802707	0.5346276244802707	0.0	0.5504227470448627	0.5504227470448627	0.5504227470448627	0.0	0.4404412731234325	0.4404412731234325	0.4404412731234325	0.0	0.8779521091470112	0.919557209177338	0.5415163927881678	0.5459057740863315	0	ANDR	10000
108	ANDR	BaggingClassifier_LogisticRegression	di	0.873007736236854	0.8779521091470112	0.919557209177338	0.8800389417303838	0.8866636853106442	0.9126371729826062	0.9495228246001236	0.9495228246001236	0.9495228246001236	0.0	0.9423836007944848	0.9422955524838704	0.9432557998455636	0.0028113395587667	0.9437582430870108	0.9436358362497522	0.9435397897324838	0.0039890231265944	0.429337716273405	0.5415163927881678	0.5459057740863315	0.4404412731234325	0.5504227470448627	0.5346276244802707	0.5703320108134144	0.5703320108134144	0.5703320108134144	0.0	0.7370365806395027	0.7379662814999681	0.7381784926692639	0.0104778718558012	0.6304898836237519	0.6313002597582777	0.6258678992389004	0.0127358233701189	0.8779521091470112	0.919557209177338	0.5415163927881678	0.5459057740863315	0	ANDR	10000
195	ANDR	BaggingClassifier_LogisticRegression	mono+di	0.873007736236854	0.8779521091470112	0.919557209177338	0.8800389417303838	0.8866636853106442	0.9126371729826062	0.9529584252472671	0.9529584252472671	0.9529584252472671	0.0	0.9414127120098544	0.9414207163017392	0.9406901721111818	0.0029573704426654	0.9491870827212966	0.9490963098130496	0.949403205858166	0.004484325034559	0.429337716273405	0.5415163927881678	0.5459057740863315	0.4404412731234325	0.5504227470448627	0.5346276244802707	0.5904569532269319	0.5904569532269319	0.5904569532269319	0.0	0.7360246835441289	0.7366036539736428	0.7312379480325981	0.011338158605833	0.6637202189786029	0.6636280451943918	0.6626410926107643	0.0152677393512553	0.8779521091470112	0.919557209177338	0.5415163927881678	0.5459057740863315	0	ANDR	10000
6	AP2A	Single best mono PWM	mono	0.8566678698264749	0.8762400859826925	0.86282188797258	0.8933310511371406	0.90418046372093	0.8829274217183471	0.86282188797258	0.86282188797258	0.86282188797258	0.0	0.8762400859826925	0.8762400859826925	0.8762400859826925	0.0121935243672875	0.8566678698264749	0.8566678698264749	0.8566678698264749	0.0077807006786058	0.0754171992757861	0.0774729890682353	0.0945449868751386	0.1044224352525288	0.1198442233070297	0.1118597717345642	0.0945449868751386	0.0945449868751386	0.0945449868751386	0.0	0.0774729890682353	0.0774729890682353	0.0774729890682353	0.0242045963653095	0.0754171992757861	0.0754171992757861	0.0754171992757861	0.0309923073387384	0.8762400859826925	0.86282188797258	0.0774729890682353	0.0945449868751386	1	AP2A	2406
6	AP2A	RandomForestClassifier	mono	0.8566678698264749	0.8762400859826925	0.86282188797258	0.8933310511371406	0.90418046372093	0.8829274217183471	0.8654846747845634	0.8654846747845634	0.8654846747845634	0.0	0.8891899049283652	0.8894504289647435	0.890235779124668	0.0121935243672875	0.8947221021912453	0.8933624675580526	0.8978298303115668	0.0077807006786058	0.0754171992757861	0.0774729890682353	0.0945449868751386	0.1044224352525288	0.1198442233070297	0.1118597717345642	0.0933697940198192	0.0933697940198192	0.0933697940198192	0.0	0.0973242077620281	0.1004244373940978	0.0988956655996665	0.0242045963653095	0.1674380387522635	0.1643811572949965	0.1652318071380757	0.0309923073387384	0.8762400859826925	0.86282188797258	0.0774729890682353	0.0945449868751386	1	AP2A	2406
3	AP2A	Single best di PWM	di	0.8566678698264749	0.8762400859826925	0.86282188797258	0.8933310511371406	0.90418046372093	0.8829274217183471	0.8829274217183471	0.8829274217183471	0.8829274217183471	0.0	0.90418046372093	0.90418046372093	0.90418046372093	0.0	0.8933310511371406	0.8933310511371406	0.8933310511371406	0.0	0.0754171992757861	0.0774729890682353	0.0945449868751386	0.1044224352525288	0.1198442233070297	0.1118597717345642	0.1118597717345642	0.1118597717345642	0.1118597717345642	0.0	0.1198442233070297	0.1198442233070297	0.1198442233070297	0.0	0.1044224352525288	0.1044224352525288	0.1044224352525288	0.0	0.8762400859826925	0.86282188797258	0.0774729890682353	0.0945449868751386	1	AP2A	2406
3	AP2A	RandomForestClassifier	di	0.8566678698264749	0.8762400859826925	0.86282188797258	0.8933310511371406	0.90418046372093	0.8829274217183471	0.8837933710475996	0.8837933710475996	0.8837933710475996	0.0	0.9057622844374223	0.9054641858279252	0.9025735136846248	0.0096460379377637	0.9122590828225168	0.9146757593725674	0.9164144323679364	0.0054242061830217	0.0754171992757861	0.0774729890682353	0.0945449868751386	0.1044224352525288	0.1198442233070297	0.1118597717345642	0.105770914764969	0.105770914764969	0.105770914764969	0.0	0.1084118172900028	0.1136078436183315	0.1132087229614731	0.0327844121504562	0.2046187711738155	0.2085517666873424	0.2097657100550922	0.0290333838585635	0.8762400859826925	0.86282188797258	0.0774729890682353	0.0945449868751386	1	AP2A	2406
6	AP2A	RandomForestClassifier	mono+di	0.8566678698264749	0.8762400859826925	0.86282188797258	0.8933310511371406	0.90418046372093	0.8829274217183471	0.8831321733799273	0.8831321733799273	0.8831321733799273	0.0	0.9081565386669784	0.9089640995752626	0.9075797409130744	0.0118122431147679	0.9175760536833338	0.916584037300426	0.9166660280584036	0.0061911438819304	0.0754171992757861	0.0774729890682353	0.0945449868751386	0.1044224352525288	0.1198442233070297	0.1118597717345642	0.1086630166356543	0.1086630166356543	0.1086630166356543	0.0	0.1043558276551064	0.1087661679389798	0.1020306139775807	0.0320976697703477	0.2290881874162576	0.2307918344169691	0.2265530900656799	0.0339284746385212	0.8762400859826925	0.86282188797258	0.0774729890682353	0.0945449868751386	1	AP2A	2406
6	AP2A	Single best mono PWM	mono	0.8566678698264749	0.8762400859826925	0.86282188797258	0.8933310511371406	0.90418046372093	0.8829274217183471	0.86282188797258	0.86282188797258	0.86282188797258	0.0	0.8762400859826925	0.8762400859826925	0.8762400859826925	0.0088625245670278	0.8566678698264749	0.8566678698264749	0.8566678698264749	0.0071103884770257	0.0754171992757861	0.0774729890682353	0.0945449868751386	0.1044224352525288	0.1198442233070297	0.1118597717345642	0.0945449868751386	0.0945449868751386	0.0945449868751386	0.0	0.0774729890682353	0.0774729890682353	0.0774729890682353	0.0300378216587002	0.0754171992757861	0.0754171992757861	0.0754171992757861	0.0113959552241199	0.8762400859826925	0.86282188797258	0.0774729890682353	0.0945449868751386	1	AP2A	2406
6	AP2A	LogisticRegression	mono	0.8566678698264749	0.8762400859826925	0.86282188797258	0.8933310511371406	0.90418046372093	0.8829274217183471	0.8677355720926461	0.8677355720926461	0.8677355720926461	0.0	0.8892682527095691	0.889219727544792	0.890164279053168	0.0088625245670278	0.8675473446632427	0.8673758316634907	0.8697118446250769	0.0071103884770257	0.0754171992757861	0.0774729890682353	0.0945449868751386	0.1044224352525288	0.1198442233070297	0.1118597717345642	0.0967059230938478	0.0967059230938478	0.0967059230938478	0.0	0.0921101562927613	0.098868456914226	0.0891023349647414	0.0300378216587002	0.082070621949076	0.084077536993657	0.0828622678337658	0.0113959552241199	0.8762400859826925	0.86282188797258	0.0774729890682353	0.0945449868751386	1	AP2A	2406
3	AP2A	Single best di PWM	di	0.8566678698264749	0.8762400859826925	0.86282188797258	0.8933310511371406	0.90418046372093	0.8829274217183471	0.8829274217183471	0.8829274217183471	0.8829274217183471	0.0	0.90418046372093	0.90418046372093	0.90418046372093	0.0	0.8933310511371406	0.8933310511371406	0.8933310511371406	0.0	0.0754171992757861	0.0774729890682353	0.0945449868751386	0.1044224352525288	0.1198442233070297	0.1118597717345642	0.1118597717345642	0.1118597717345642	0.1118597717345642	0.0	0.1198442233070297	0.1198442233070297	0.1198442233070297	0.0	0.1044224352525288	0.1044224352525288	0.1044224352525288	0.0	0.8762400859826925	0.86282188797258	0.0774729890682353	0.0945449868751386	1	AP2A	2406
3	AP2A	LogisticRegression	di	0.8566678698264749	0.8762400859826925	0.86282188797258	0.8933310511371406	0.90418046372093	0.8829274217183471	0.8762849279592078	0.8762849279592078	0.8762849279592078	0.0	0.9049585451296712	0.90507438045198	0.9073139073139074	0.010366736638668	0.8961217894495223	0.8961009220182163	0.8965478561537441	0.004613609526816	0.0754171992757861	0.0774729890682353	0.0945449868751386	0.1044224352525288	0.1198442233070297	0.1118597717345642	0.1109515455580323	0.1109515455580323	0.1109515455580323	0.0	0.1163557032806841	0.1280189962125721	0.1097242323558719	0.042380550180025	0.1102068783964278	0.1110453479544315	0.1072815567847459	0.0123470698128151	0.8762400859826925	0.86282188797258	0.0774729890682353	0.0945449868751386	1	AP2A	2406
6	AP2A	LogisticRegression	mono+di	0.8566678698264749	0.8762400859826925	0.86282188797258	0.8933310511371406	0.90418046372093	0.8829274217183471	0.8758585912155507	0.8758585912155507	0.8758585912155507	0.0	0.9076732857550442	0.907765168693439	0.905796516907628	0.0101133400105944	0.9008445624629156	0.9007951219177288	0.8997696508064473	0.0051922628533995	0.0754171992757861	0.0774729890682353	0.0945449868751386	0.1044224352525288	0.1198442233070297	0.1118597717345642	0.1131653696283128	0.1131653696283128	0.1131653696283128	0.0	0.1207651896407085	0.1299523649535278	0.11965164310149	0.0416111420995267	0.1137368126558393	0.1151215408889296	0.1123442778941412	0.0150966292930749	0.8762400859826925	0.86282188797258	0.0774729890682353	0.0945449868751386	1	AP2A	2406
6	AP2A	Single best mono PWM	mono	0.8566678698264749	0.8762400859826925	0.86282188797258	0.8933310511371406	0.90418046372093	0.8829274217183471	0.86282188797258	0.86282188797258	0.86282188797258	0.0	0.8762400859826925	0.8762400859826925	0.8762400859826925	0.0130262545756926	0.8566678698264749	0.8566678698264749	0.8566678698264749	0.0102657981854892	0.0754171992757861	0.0774729890682353	0.0945449868751386	0.1044224352525288	0.1198442233070297	0.1118597717345642	0.0945449868751386	0.0945449868751386	0.0945449868751386	0.0	0.0774729890682353	0.0774729890682353	0.0774729890682353	0.0271478342596781	0.0754171992757861	0.0754171992757861	0.0754171992757861	0.0387919846444233	0.8762400859826925	0.86282188797258	0.0774729890682353	0.0945449868751386	1	AP2A	2406
6	AP2A	XGBClassifier	mono	0.8566678698264749	0.8762400859826925	0.86282188797258	0.8933310511371406	0.90418046372093	0.8829274217183471	0.8601676653802	0.8601676653802	0.8601676653802	0.0	0.8857200925583099	0.8830158352138486	0.8825400492067159	0.0130262545756926	0.9221775989643942	0.9206635946069602	0.9219712342739522	0.0102657981854892	0.0754171992757861	0.0774729890682353	0.0945449868751386	0.1044224352525288	0.1198442233070297	0.1118597717345642	0.0890371863216045	0.0890371863216045	0.0890371863216045	0.0	0.0896213005072778	0.0984065919445972	0.0926513059896775	0.0271478342596781	0.1985138661896055	0.1990046624591614	0.2165142802802361	0.0387919846444233	0.8762400859826925	0.86282188797258	0.0774729890682353	0.0945449868751386	1	AP2A	2406
3	AP2A	Single best di PWM	di	0.8566678698264749	0.8762400859826925	0.86282188797258	0.8933310511371406	0.90418046372093	0.8829274217183471	0.8829274217183471	0.8829274217183471	0.8829274217183471	0.0	0.90418046372093	0.90418046372093	0.90418046372093	0.0	0.8933310511371406	0.8933310511371406	0.8933310511371406	0.0	0.0754171992757861	0.0774729890682353	0.0945449868751386	0.1044224352525288	0.1198442233070297	0.1118597717345642	0.1118597717345642	0.1118597717345642	0.1118597717345642	0.0	0.1198442233070297	0.1198442233070297	0.1198442233070297	0.0	0.1044224352525288	0.1044224352525288	0.1044224352525288	0.0	0.8762400859826925	0.86282188797258	0.0774729890682353	0.0945449868751386	1	AP2A	2406
3	AP2A	XGBClassifier	di	0.8566678698264749	0.8762400859826925	0.86282188797258	0.8933310511371406	0.90418046372093	0.8829274217183471	0.8712952938754255	0.8712952938754255	0.8712952938754255	0.0	0.8977069782989637	0.9012356500794564	0.903034903034903	0.0126413377879695	0.9270443152358212	0.9241149723945956	0.9261603767584397	0.0056121883577462	0.0754171992757861	0.0774729890682353	0.0945449868751386	0.1044224352525288	0.1198442233070297	0.1118597717345642	0.0982434953069372	0.0982434953069372	0.0982434953069372	0.0	0.0961717969563082	0.1005920942487322	0.1068764398433936	0.0212369373029096	0.2319423286384903	0.2153747245591549	0.2318861211063509	0.0344610904003606	0.8762400859826925	0.86282188797258	0.0774729890682353	0.0945449868751386	1	AP2A	2406
6	AP2A	XGBClassifier	mono+di	0.8566678698264749	0.8762400859826925	0.86282188797258	0.8933310511371406	0.90418046372093	0.8829274217183471	0.866765455127793	0.866765455127793	0.866765455127793	0.0	0.9019885496316704	0.90415656986087	0.9079806302028524	0.0122102640042653	0.9414044053570964	0.9396641117323558	0.9387545299677144	0.008542134411853	0.0754171992757861	0.0774729890682353	0.0945449868751386	0.1044224352525288	0.1198442233070297	0.1118597717345642	0.101812340782388	0.101812340782388	0.101812340782388	0.0	0.0882979905222393	0.0980256245610324	0.088998379055632	0.018860507873968	0.2793423817071604	0.2766073501834494	0.2958912702521391	0.0491039460298698	0.8762400859826925	0.86282188797258	0.0774729890682353	0.0945449868751386	1	AP2A	2406
6	AP2A	Single best mono PWM	mono	0.8566678698264749	0.8762400859826925	0.86282188797258	0.8933310511371406	0.90418046372093	0.8829274217183471	0.86282188797258	0.86282188797258	0.86282188797258	0.0	0.8762400859826925	0.8762400859826925	0.8762400859826925	0.0113882188620585	0.8566678698264749	0.8566678698264749	0.8566678698264749	0.0112589519133253	0.0754171992757861	0.0774729890682353	0.0945449868751386	0.1044224352525288	0.1198442233070297	0.1118597717345642	0.0945449868751386	0.0945449868751386	0.0945449868751386	0.0	0.0774729890682353	0.0774729890682353	0.0774729890682353	0.0233250139542988	0.0754171992757861	0.0754171992757861	0.0754171992757861	0.040240804741857	0.8762400859826925	0.86282188797258	0.0774729890682353	0.0945449868751386	1	AP2A	2406
6	AP2A	BaggingClassifier_XGBClassifier	mono	0.8566678698264749	0.8762400859826925	0.86282188797258	0.8933310511371406	0.90418046372093	0.8829274217183471	0.8611354135183543	0.8611354135183543	0.8611354135183543	0.0	0.8896845752306088	0.8906863035425439	0.8901483901483901	0.0113882188620585	0.9385523136032928	0.93659970254491	0.9376820033549924	0.0112589519133253	0.0754171992757861	0.0774729890682353	0.0945449868751386	0.1044224352525288	0.1198442233070297	0.1118597717345642	0.0975568599747659	0.0975568599747659	0.0975568599747659	0.0	0.0949066647666522	0.102866977473044	0.0921259142981823	0.0233250139542988	0.2157770635501527	0.2169592006150381	0.2422142124233073	0.040240804741857	0.8762400859826925	0.86282188797258	0.0774729890682353	0.0945449868751386	1	AP2A	2406
3	AP2A	Single best di PWM	di	0.8566678698264749	0.8762400859826925	0.86282188797258	0.8933310511371406	0.90418046372093	0.8829274217183471	0.8829274217183471	0.8829274217183471	0.8829274217183471	0.0	0.90418046372093	0.90418046372093	0.90418046372093	0.0	0.8933310511371406	0.8933310511371406	0.8933310511371406	0.0	0.0754171992757861	0.0774729890682353	0.0945449868751386	0.1044224352525288	0.1198442233070297	0.1118597717345642	0.1118597717345642	0.1118597717345642	0.1118597717345642	0.0	0.1198442233070297	0.1198442233070297	0.1198442233070297	0.0	0.1044224352525288	0.1044224352525288	0.1044224352525288	0.0	0.8762400859826925	0.86282188797258	0.0774729890682353	0.0945449868751386	1	AP2A	2406
3	AP2A	BaggingClassifier_XGBClassifier	di	0.8566678698264749	0.8762400859826925	0.86282188797258	0.8933310511371406	0.90418046372093	0.8829274217183471	0.8722741919854037	0.8722741919854037	0.8722741919854037	0.0	0.9011658729456816	0.9026542402591236	0.903336181113959	0.0130178881767212	0.9369880415024746	0.9354514011120244	0.9364584139576266	0.0071642021479096	0.0754171992757861	0.0774729890682353	0.0945449868751386	0.1044224352525288	0.1198442233070297	0.1118597717345642	0.1028308742996337	0.1028308742996337	0.1028308742996337	0.0	0.0990774138947707	0.1039921913217802	0.1106770843004955	0.023007526527816	0.2435804982246884	0.2395444909341912	0.24439137924527	0.0325379473328001	0.8762400859826925	0.86282188797258	0.0774729890682353	0.0945449868751386	1	AP2A	2406
6	AP2A	BaggingClassifier_XGBClassifier	mono+di	0.8566678698264749	0.8762400859826925	0.86282188797258	0.8933310511371406	0.90418046372093	0.8829274217183471	0.8699068143490992	0.8699068143490992	0.8699068143490992	0.0	0.9071167067149744	0.9066986565891876	0.9029597362930696	0.0110401257350506	0.9558970222771064	0.9542615171904169	0.9555247980529088	0.0073622966852129	0.0754171992757861	0.0774729890682353	0.0945449868751386	0.1044224352525288	0.1198442233070297	0.1118597717345642	0.1037951930647669	0.1037951930647669	0.1037951930647669	0.0	0.0982795607769403	0.1064542420775539	0.0995192294578723	0.0250153717848447	0.3140246023980038	0.3053327616037631	0.3220306177669021	0.0518122820453359	0.8762400859826925	0.86282188797258	0.0774729890682353	0.0945449868751386	1	AP2A	2406
6	AP2A	Single best mono PWM	mono	0.8566678698264749	0.8762400859826925	0.86282188797258	0.8933310511371406	0.90418046372093	0.8829274217183471	0.86282188797258	0.86282188797258	0.86282188797258	0.0	0.8762400859826925	0.8762400859826925	0.8762400859826925	0.0088545200069766	0.8566678698264749	0.8566678698264749	0.8566678698264749	0.0070721165765344	0.0754171992757861	0.0774729890682353	0.0945449868751386	0.1044224352525288	0.1198442233070297	0.1118597717345642	0.0945449868751386	0.0945449868751386	0.0945449868751386	0.0	0.0774729890682353	0.0774729890682353	0.0774729890682353	0.0297742361168502	0.0754171992757861	0.0754171992757861	0.0754171992757861	0.0113930425541483	0.8762400859826925	0.86282188797258	0.0774729890682353	0.0945449868751386	1	AP2A	2406
6	AP2A	BaggingClassifier_LogisticRegression	mono	0.8566678698264749	0.8762400859826925	0.86282188797258	0.8933310511371406	0.90418046372093	0.8829274217183471	0.8673177735375298	0.8673177735375298	0.8673177735375298	0.0	0.888976547131337	0.8893997592454431	0.8903415014526126	0.0088545200069766	0.8674277526052839	0.8674273761075836	0.8697703251767731	0.0070721165765344	0.0754171992757861	0.0774729890682353	0.0945449868751386	0.1044224352525288	0.1198442233070297	0.1118597717345642	0.0961609077179948	0.0961609077179948	0.0961609077179948	0.0	0.091533848106782	0.0987993351610852	0.089201224556616	0.0297742361168502	0.0820262735170238	0.0841016017537883	0.0831071079030472	0.0113930425541483	0.8762400859826925	0.86282188797258	0.0774729890682353	0.0945449868751386	1	AP2A	2406
3	AP2A	Single best di PWM	di	0.8566678698264749	0.8762400859826925	0.86282188797258	0.8933310511371406	0.90418046372093	0.8829274217183471	0.8829274217183471	0.8829274217183471	0.8829274217183471	0.0	0.90418046372093	0.90418046372093	0.90418046372093	0.0	0.8933310511371406	0.8933310511371406	0.8933310511371406	0.0	0.0754171992757861	0.0774729890682353	0.0945449868751386	0.1044224352525288	0.1198442233070297	0.1118597717345642	0.1118597717345642	0.1118597717345642	0.1118597717345642	0.0	0.1198442233070297	0.1198442233070297	0.1198442233070297	0.0	0.1044224352525288	0.1044224352525288	0.1044224352525288	0.0	0.8762400859826925	0.86282188797258	0.0774729890682353	0.0945449868751386	1	AP2A	2406
3	AP2A	BaggingClassifier_LogisticRegression	di	0.8566678698264749	0.8762400859826925	0.86282188797258	0.8933310511371406	0.90418046372093	0.8829274217183471	0.8762502025216672	0.8762502025216672	0.8762502025216672	0.0	0.9049489515238094	0.905081543052108	0.9072381294603516	0.0103282829073652	0.8961248260124755	0.8960783535862387	0.8965634701257778	0.0046107996915222	0.0754171992757861	0.0774729890682353	0.0945449868751386	0.1044224352525288	0.1198442233070297	0.1118597717345642	0.1108174492466309	0.1108174492466309	0.1108174492466309	0.0	0.116383644256585	0.1279981525683882	0.1094745334724952	0.0424684901118957	0.1101365457420853	0.1109101343517168	0.1071218177986981	0.0123659754572869	0.8762400859826925	0.86282188797258	0.0774729890682353	0.0945449868751386	1	AP2A	2406
6	AP2A	BaggingClassifier_LogisticRegression	mono+di	0.8566678698264749	0.8762400859826925	0.86282188797258	0.8933310511371406	0.90418046372093	0.8829274217183471	0.8757877346630879	0.8757877346630879	0.8757877346630879	0.0	0.9074432390811524	0.9078257945110788	0.9054921832699612	0.0101351616892966	0.9007858464485948	0.90084664603461	0.8998705189816089	0.0051872299133822	0.0754171992757861	0.0774729890682353	0.0945449868751386	0.1044224352525288	0.1198442233070297	0.1118597717345642	0.1128933720570662	0.1128933720570662	0.1128933720570662	0.0	0.1204754735757799	0.1301180357502056	0.1201696053386025	0.0412247905963322	0.1137493701818942	0.1147797942324617	0.1123997098832525	0.0153058839371699	0.8762400859826925	0.86282188797258	0.0774729890682353	0.0945449868751386	1	AP2A	2406
20	CEBPB	Single best mono PWM	mono	0.9398572112640324	0.9389172460942248	0.9219528732727826	0.9406920905884246	0.94318367716896	0.9221863625979564	0.9219528732727826	0.9219528732727826	0.9219528732727826	0.0	0.9389172460942248	0.9389172460942248	0.9389172460942248	0.005068844150763	0.9398572112640324	0.9398572112640324	0.9398572112640324	0.0021733676191898	0.4634512128702822	0.2811573402952807	0.449919191386473	0.4808114701183536	0.3241791272320455	0.4760651477103992	0.449919191386473	0.449919191386473	0.449919191386473	0.0	0.2811573402952807	0.2811573402952807	0.2811573402952807	0.0223718626606399	0.4634512128702822	0.4634512128702822	0.4634512128702822	0.0097420977084571	0.9389172460942248	0.9219528732727826	0.2811573402952807	0.449919191386473	3	CEBPB	10000
20	CEBPB	RandomForestClassifier	mono	0.9398572112640324	0.9389172460942248	0.9219528732727826	0.9406920905884246	0.94318367716896	0.9221863625979564	0.9249148308780772	0.9249148308780772	0.9249148308780772	0.0	0.9439996490034644	0.944303596400566	0.9433796776857624	0.005068844150763	0.9520369964531568	0.9520015540165956	0.9506068093509312	0.0021733676191898	0.4634512128702822	0.2811573402952807	0.449919191386473	0.4808114701183536	0.3241791272320455	0.4760651477103992	0.4847823814729828	0.4847823814729828	0.4847823814729828	0.0	0.365563528393385	0.3701571022050559	0.3727059712073979	0.0223718626606399	0.5749097353696873	0.5772742106565725	0.5752171236590007	0.0097420977084571	0.9389172460942248	0.9219528732727826	0.2811573402952807	0.449919191386473	3	CEBPB	10000
10	CEBPB	Single best di PWM	di	0.9398572112640324	0.9389172460942248	0.9219528732727826	0.9406920905884246	0.94318367716896	0.9221863625979564	0.9221863625979564	0.9221863625979564	0.9221863625979564	0.0	0.94318367716896	0.94318367716896	0.94318367716896	0.0	0.9406920905884246	0.9406920905884246	0.9406920905884246	0.0	0.4634512128702822	0.2811573402952807	0.449919191386473	0.4808114701183536	0.3241791272320455	0.4760651477103992	0.4760651477103992	0.4760651477103992	0.4760651477103992	0.0	0.3241791272320455	0.3241791272320455	0.3241791272320455	0.0	0.4808114701183536	0.4808114701183536	0.4808114701183536	0.0	0.9389172460942248	0.9219528732727826	0.2811573402952807	0.449919191386473	3	CEBPB	10000
10	CEBPB	RandomForestClassifier	di	0.9398572112640324	0.9389172460942248	0.9219528732727826	0.9406920905884246	0.94318367716896	0.9221863625979564	0.9284803457203776	0.9284803457203776	0.9284803457203776	0.0	0.9479064432667264	0.948166263276485	0.948634899949236	0.0045818453685559	0.9531747983861132	0.9529691543975264	0.951706013417108	0.0018626193037634	0.4634512128702822	0.2811573402952807	0.449919191386473	0.4808114701183536	0.3241791272320455	0.4760651477103992	0.4820820839130409	0.4820820839130409	0.4820820839130409	0.0	0.3451709111175803	0.3482891793364785	0.3388087892137858	0.0234385434803437	0.5765142648846531	0.5774301382890996	0.576297062589947	0.0072912327810722	0.9389172460942248	0.9219528732727826	0.2811573402952807	0.449919191386473	3	CEBPB	10000
20	CEBPB	RandomForestClassifier	mono+di	0.9398572112640324	0.9389172460942248	0.9219528732727826	0.9406920905884246	0.94318367716896	0.9221863625979564	0.9293309268822862	0.9293309268822862	0.9293309268822862	0.0	0.9484493354485354	0.9487157490973374	0.9487036209208762	0.0046710797988453	0.95484103702475	0.9550226666870204	0.953590466470468	0.0022685097405115	0.4634512128702822	0.2811573402952807	0.449919191386473	0.4808114701183536	0.3241791272320455	0.4760651477103992	0.4954125579268775	0.4954125579268775	0.4954125579268775	0.0	0.372775249096431	0.3744088128784121	0.3697356642535027	0.0232103018957553	0.5950998114244223	0.5964127461272514	0.5976208641868421	0.00858723637175	0.9389172460942248	0.9219528732727826	0.2811573402952807	0.449919191386473	3	CEBPB	10000
20	CEBPB	Single best mono PWM	mono	0.9398572112640324	0.9389172460942248	0.9219528732727826	0.9406920905884246	0.94318367716896	0.9221863625979564	0.9219528732727826	0.9219528732727826	0.9219528732727826	0.0	0.9389172460942248	0.9389172460942248	0.9389172460942248	0.0044199598265515	0.9398572112640324	0.9398572112640324	0.9398572112640324	0.0024954181098849	0.4634512128702822	0.2811573402952807	0.449919191386473	0.4808114701183536	0.3241791272320455	0.4760651477103992	0.449919191386473	0.449919191386473	0.449919191386473	0.0	0.2811573402952807	0.2811573402952807	0.2811573402952807	0.01815742366691	0.4634512128702822	0.4634512128702822	0.4634512128702822	0.0141330514819326	0.9389172460942248	0.9219528732727826	0.2811573402952807	0.449919191386473	3	CEBPB	10000
20	CEBPB	LogisticRegression	mono	0.9398572112640324	0.9389172460942248	0.9219528732727826	0.9406920905884246	0.94318367716896	0.9221863625979564	0.9247550241602748	0.9247550241602748	0.9247550241602748	0.0	0.9430926670874936	0.943095521392622	0.942898252047612	0.0044199598265515	0.9447734035546492	0.9447831962768782	0.9447968962873724	0.0024954181098849	0.4634512128702822	0.2811573402952807	0.449919191386473	0.4808114701183536	0.3241791272320455	0.4760651477103992	0.4927567215910567	0.4927567215910567	0.4927567215910567	0.0	0.3441955305743335	0.3459233289578654	0.3413068084418473	0.01815742366691	0.5090606629213732	0.5090330808520223	0.5139006139704166	0.0141330514819326	0.9389172460942248	0.9219528732727826	0.2811573402952807	0.449919191386473	3	CEBPB	10000
10	CEBPB	Single best di PWM	di	0.9398572112640324	0.9389172460942248	0.9219528732727826	0.9406920905884246	0.94318367716896	0.9221863625979564	0.9221863625979564	0.9221863625979564	0.9221863625979564	0.0	0.94318367716896	0.94318367716896	0.94318367716896	0.0	0.9406920905884246	0.9406920905884246	0.9406920905884246	0.0	0.4634512128702822	0.2811573402952807	0.449919191386473	0.4808114701183536	0.3241791272320455	0.4760651477103992	0.4760651477103992	0.4760651477103992	0.4760651477103992	0.0	0.3241791272320455	0.3241791272320455	0.3241791272320455	0.0	0.4808114701183536	0.4808114701183536	0.4808114701183536	0.0	0.9389172460942248	0.9219528732727826	0.2811573402952807	0.449919191386473	3	CEBPB	10000
10	CEBPB	LogisticRegression	di	0.9398572112640324	0.9389172460942248	0.9219528732727826	0.9406920905884246	0.94318367716896	0.9221863625979564	0.9270910745437932	0.9270910745437932	0.9270910745437932	0.0	0.9467674708723272	0.9467115019932232	0.9471063697597418	0.0044213832525227	0.9447610579057524	0.944796381301747	0.9442363158636858	0.0022092323131002	0.4634512128702822	0.2811573402952807	0.449919191386473	0.4808114701183536	0.3241791272320455	0.4760651477103992	0.4805600199774542	0.4805600199774542	0.4805600199774542	0.0	0.3328909095854052	0.3343913903577758	0.3218571104679231	0.0236542972307007	0.4955126199634874	0.4952412652328526	0.4890441356603823	0.0148207054068151	0.9389172460942248	0.9219528732727826	0.2811573402952807	0.449919191386473	3	CEBPB	10000
20	CEBPB	LogisticRegression	mono+di	0.9398572112640324	0.9389172460942248	0.9219528732727826	0.9406920905884246	0.94318367716896	0.9221863625979564	0.930948000027691	0.930948000027691	0.930948000027691	0.0	0.9504519463311276	0.9504260607395648	0.950638491320852	0.0037877215236777	0.9496266708461196	0.9496231916807032	0.949168086741561	0.0022932786751455	0.4634512128702822	0.2811573402952807	0.449919191386473	0.4808114701183536	0.3241791272320455	0.4760651477103992	0.5182767682813356	0.5182767682813356	0.5182767682813356	0.0	0.3747724413290799	0.3764337323960231	0.3734404028681873	0.0166872506858014	0.5407018479494307	0.5407275587842659	0.5427381730772205	0.0149042915307691	0.9389172460942248	0.9219528732727826	0.2811573402952807	0.449919191386473	3	CEBPB	10000
20	CEBPB	Single best mono PWM	mono	0.9398572112640324	0.9389172460942248	0.9219528732727826	0.9406920905884246	0.94318367716896	0.9221863625979564	0.9219528732727826	0.9219528732727826	0.9219528732727826	0.0	0.9389172460942248	0.9389172460942248	0.9389172460942248	0.0058594222624703	0.9398572112640324	0.9398572112640324	0.9398572112640324	0.0020632582808517	0.4634512128702822	0.2811573402952807	0.449919191386473	0.4808114701183536	0.3241791272320455	0.4760651477103992	0.449919191386473	0.449919191386473	0.449919191386473	0.0	0.2811573402952807	0.2811573402952807	0.2811573402952807	0.0178066080457435	0.4634512128702822	0.4634512128702822	0.4634512128702822	0.0095832822742616	0.9389172460942248	0.9219528732727826	0.2811573402952807	0.449919191386473	3	CEBPB	10000
20	CEBPB	XGBClassifier	mono	0.9398572112640324	0.9389172460942248	0.9219528732727826	0.9406920905884246	0.94318367716896	0.9221863625979564	0.9227967740148976	0.9227967740148976	0.9227967740148976	0.0	0.9436948121684332	0.9430722638357172	0.9414083171235608	0.0058594222624703	0.9638213349693372	0.9636110471191832	0.9640181815883158	0.0020632582808517	0.4634512128702822	0.2811573402952807	0.449919191386473	0.4808114701183536	0.3241791272320455	0.4760651477103992	0.475564688396538	0.475564688396538	0.475564688396538	0.0	0.3793070682050976	0.3835692568575589	0.3852998757243531	0.0178066080457435	0.6213999016758169	0.6211132058187047	0.6161292590234841	0.0095832822742616	0.9389172460942248	0.9219528732727826	0.2811573402952807	0.449919191386473	3	CEBPB	10000
10	CEBPB	Single best di PWM	di	0.9398572112640324	0.9389172460942248	0.9219528732727826	0.9406920905884246	0.94318367716896	0.9221863625979564	0.9221863625979564	0.9221863625979564	0.9221863625979564	0.0	0.94318367716896	0.94318367716896	0.94318367716896	0.0	0.9406920905884246	0.9406920905884246	0.9406920905884246	0.0	0.4634512128702822	0.2811573402952807	0.449919191386473	0.4808114701183536	0.3241791272320455	0.4760651477103992	0.4760651477103992	0.4760651477103992	0.4760651477103992	0.0	0.3241791272320455	0.3241791272320455	0.3241791272320455	0.0	0.4808114701183536	0.4808114701183536	0.4808114701183536	0.0	0.9389172460942248	0.9219528732727826	0.2811573402952807	0.449919191386473	3	CEBPB	10000
10	CEBPB	XGBClassifier	di	0.9398572112640324	0.9389172460942248	0.9219528732727826	0.9406920905884246	0.94318367716896	0.9221863625979564	0.9281699505718164	0.9281699505718164	0.9281699505718164	0.0	0.9455914546079066	0.946332509214198	0.9453690247986484	0.0044389193268718	0.9619462326377878	0.9619421478343028	0.9619635044100284	0.0017942951526825	0.4634512128702822	0.2811573402952807	0.449919191386473	0.4808114701183536	0.3241791272320455	0.4760651477103992	0.4711098722425291	0.4711098722425291	0.4711098722425291	0.0	0.3446268013731243	0.3450274313782278	0.3453476140857691	0.0188523784745286	0.6338017421233361	0.6313137166406948	0.6273827380711168	0.0086434645196214	0.9389172460942248	0.9219528732727826	0.2811573402952807	0.449919191386473	3	CEBPB	10000
20	CEBPB	XGBClassifier	mono+di	0.9398572112640324	0.9389172460942248	0.9219528732727826	0.9406920905884246	0.94318367716896	0.9221863625979564	0.929795100448592	0.929795100448592	0.929795100448592	0.0	0.9487125766742645	0.9486190686247078	0.9480779337674732	0.0040297410106897	0.9678349549448458	0.96698914139601	0.9674156801489316	0.0021385455415978	0.4634512128702822	0.2811573402952807	0.449919191386473	0.4808114701183536	0.3241791272320455	0.4760651477103992	0.5046910786613397	0.5046910786613397	0.5046910786613397	0.0	0.3833669335187201	0.3929102200014721	0.3939333387320304	0.0166390535783839	0.658430350275727	0.6573730104430988	0.6582442825146503	0.011105429711214	0.9389172460942248	0.9219528732727826	0.2811573402952807	0.449919191386473	3	CEBPB	10000
20	CEBPB	Single best mono PWM	mono	0.9398572112640324	0.9389172460942248	0.9219528732727826	0.9406920905884246	0.94318367716896	0.9221863625979564	0.9219528732727826	0.9219528732727826	0.9219528732727826	0.0	0.9389172460942248	0.9389172460942248	0.9389172460942248	0.0049869532239609	0.9398572112640324	0.9398572112640324	0.9398572112640324	0.0024012440482886	0.4634512128702822	0.2811573402952807	0.449919191386473	0.4808114701183536	0.3241791272320455	0.4760651477103992	0.449919191386473	0.449919191386473	0.449919191386473	0.0	0.2811573402952807	0.2811573402952807	0.2811573402952807	0.0146145547777398	0.4634512128702822	0.4634512128702822	0.4634512128702822	0.0086275088580223	0.9389172460942248	0.9219528732727826	0.2811573402952807	0.449919191386473	3	CEBPB	10000
20	CEBPB	BaggingClassifier_XGBClassifier	mono	0.9398572112640324	0.9389172460942248	0.9219528732727826	0.9406920905884246	0.94318367716896	0.9221863625979564	0.9246956712264282	0.9246956712264282	0.9246956712264282	0.0	0.9446097055878214	0.94523843912821	0.9447595114112772	0.0049869532239609	0.967797081294427	0.966835337756738	0.9673190975727768	0.0024012440482886	0.4634512128702822	0.2811573402952807	0.449919191386473	0.4808114701183536	0.3241791272320455	0.4760651477103992	0.4973839247137184	0.4973839247137184	0.4973839247137184	0.0	0.3817300798531579	0.3878951192512624	0.3918164139907632	0.0146145547777398	0.6284100871887464	0.6275557333840844	0.6259336840249922	0.0086275088580223	0.9389172460942248	0.9219528732727826	0.2811573402952807	0.449919191386473	3	CEBPB	10000
10	CEBPB	Single best di PWM	di	0.9398572112640324	0.9389172460942248	0.9219528732727826	0.9406920905884246	0.94318367716896	0.9221863625979564	0.9221863625979564	0.9221863625979564	0.9221863625979564	0.0	0.94318367716896	0.94318367716896	0.94318367716896	0.0	0.9406920905884246	0.9406920905884246	0.9406920905884246	0.0	0.4634512128702822	0.2811573402952807	0.449919191386473	0.4808114701183536	0.3241791272320455	0.4760651477103992	0.4760651477103992	0.4760651477103992	0.4760651477103992	0.0	0.3241791272320455	0.3241791272320455	0.3241791272320455	0.0	0.4808114701183536	0.4808114701183536	0.4808114701183536	0.0	0.9389172460942248	0.9219528732727826	0.2811573402952807	0.449919191386473	3	CEBPB	10000
10	CEBPB	BaggingClassifier_XGBClassifier	di	0.9398572112640324	0.9389172460942248	0.9219528732727826	0.9406920905884246	0.94318367716896	0.9221863625979564	0.9275808901918976	0.9275808901918976	0.9275808901918976	0.0	0.947420932644832	0.947188663658915	0.9463299967379092	0.0040473904876442	0.9659715981773032	0.9652642968535972	0.9655581570807266	0.0017551798635764	0.4634512128702822	0.2811573402952807	0.449919191386473	0.4808114701183536	0.3241791272320455	0.4760651477103992	0.4738043773091459	0.4738043773091459	0.4738043773091459	0.0	0.3541064201305587	0.3529150507092476	0.3499738158374122	0.0231815810213146	0.6428347518178877	0.6421607131793119	0.6429427615384227	0.0065149666442223	0.9389172460942248	0.9219528732727826	0.2811573402952807	0.449919191386473	3	CEBPB	10000
20	CEBPB	BaggingClassifier_XGBClassifier	mono+di	0.9398572112640324	0.9389172460942248	0.9219528732727826	0.9406920905884246	0.94318367716896	0.9221863625979564	0.9306529788441836	0.9306529788441836	0.9306529788441836	0.0	0.9496946344962004	0.950165196523411	0.9506577039712936	0.0042327331981964	0.9713568170619258	0.9707752779608858	0.9714651585877332	0.0020111580067971	0.4634512128702822	0.2811573402952807	0.449919191386473	0.4808114701183536	0.3241791272320455	0.4760651477103992	0.5143165179425516	0.5143165179425516	0.5143165179425516	0.0	0.3962756748931712	0.3946975151415702	0.3984882385884362	0.0160124606658373	0.6700392243920847	0.6682332123358555	0.6685714291352158	0.0095534236515279	0.9389172460942248	0.9219528732727826	0.2811573402952807	0.449919191386473	3	CEBPB	10000
20	CEBPB	Single best mono PWM	mono	0.9398572112640324	0.9389172460942248	0.9219528732727826	0.9406920905884246	0.94318367716896	0.9221863625979564	0.9219528732727826	0.9219528732727826	0.9219528732727826	0.0	0.9389172460942248	0.9389172460942248	0.9389172460942248	0.0044187095349076	0.9398572112640324	0.9398572112640324	0.9398572112640324	0.0024844482817862	0.4634512128702822	0.2811573402952807	0.449919191386473	0.4808114701183536	0.3241791272320455	0.4760651477103992	0.449919191386473	0.449919191386473	0.449919191386473	0.0	0.2811573402952807	0.2811573402952807	0.2811573402952807	0.0177800033714406	0.4634512128702822	0.4634512128702822	0.4634512128702822	0.0142477745693151	0.9389172460942248	0.9219528732727826	0.2811573402952807	0.449919191386473	3	CEBPB	10000
20	CEBPB	BaggingClassifier_LogisticRegression	mono	0.9398572112640324	0.9389172460942248	0.9219528732727826	0.9406920905884246	0.94318367716896	0.9221863625979564	0.9247582051477308	0.9247582051477308	0.9247582051477308	0.0	0.9431375545245252	0.9430563698799111	0.9429168908116954	0.0044187095349076	0.944753781754492	0.944788310409604	0.9447735552113066	0.0024844482817862	0.4634512128702822	0.2811573402952807	0.449919191386473	0.4808114701183536	0.3241791272320455	0.4760651477103992	0.4928085684349413	0.4928085684349413	0.4928085684349413	0.0	0.3452619651864212	0.3456732196027093	0.3412293705272542	0.0177800033714406	0.5085089130630669	0.5088761689702295	0.5134106338101593	0.0142477745693151	0.9389172460942248	0.9219528732727826	0.2811573402952807	0.449919191386473	3	CEBPB	10000
10	CEBPB	Single best di PWM	di	0.9398572112640324	0.9389172460942248	0.9219528732727826	0.9406920905884246	0.94318367716896	0.9221863625979564	0.9221863625979564	0.9221863625979564	0.9221863625979564	0.0	0.94318367716896	0.94318367716896	0.94318367716896	0.0	0.9406920905884246	0.9406920905884246	0.9406920905884246	0.0	0.4634512128702822	0.2811573402952807	0.449919191386473	0.4808114701183536	0.3241791272320455	0.4760651477103992	0.4760651477103992	0.4760651477103992	0.4760651477103992	0.0	0.3241791272320455	0.3241791272320455	0.3241791272320455	0.0	0.4808114701183536	0.4808114701183536	0.4808114701183536	0.0	0.9389172460942248	0.9219528732727826	0.2811573402952807	0.449919191386473	3	CEBPB	10000
10	CEBPB	BaggingClassifier_LogisticRegression	di	0.9398572112640324	0.9389172460942248	0.9219528732727826	0.9406920905884246	0.94318367716896	0.9221863625979564	0.9270917079721984	0.9270917079721984	0.9270917079721984	0.0	0.9467151845429506	0.9466773317121192	0.9471712265973647	0.0044149350936542	0.9447384888593996	0.9447782038217272	0.9442333025690298	0.0022228188076869	0.4634512128702822	0.2811573402952807	0.449919191386473	0.4808114701183536	0.3241791272320455	0.4760651477103992	0.4803825974213704	0.4803825974213704	0.4803825974213704	0.0	0.332471549292698	0.3347003898978173	0.3219816644864425	0.0234949653241116	0.4954704179820871	0.4957362970143719	0.4893742175071661	0.0149332587610113	0.9389172460942248	0.9219528732727826	0.2811573402952807	0.449919191386473	3	CEBPB	10000
20	CEBPB	BaggingClassifier_LogisticRegression	mono+di	0.9398572112640324	0.9389172460942248	0.9219528732727826	0.9406920905884246	0.94318367716896	0.9221863625979564	0.930945052335724	0.930945052335724	0.930945052335724	0.0	0.9504819248148028	0.9503993500385184	0.9506554632035944	0.0037664540827837	0.9495969646925664	0.9496194874813292	0.9491321543985396	0.0022942384536172	0.4634512128702822	0.2811573402952807	0.449919191386473	0.4808114701183536	0.3241791272320455	0.4760651477103992	0.5180479188303561	0.5180479188303561	0.5180479188303561	0.0	0.3759456012177059	0.3768181388343181	0.3739545082557396	0.0167312741301903	0.5408188984183785	0.5408682599127871	0.5428342084186706	0.0148719096282952	0.9389172460942248	0.9219528732727826	0.2811573402952807	0.449919191386473	3	CEBPB	10000
10	COE1	Single best mono PWM	mono	0.9410033747128956	0.9288641005844028	0.95201799705504	0.9423754037070848	0.927123424488726	0.9524347528587594	0.95201799705504	0.95201799705504	0.95201799705504	0.0	0.9288641005844028	0.9288641005844028	0.9288641005844028	0.0075510861527164	0.9410033747128956	0.9410033747128956	0.9410033747128956	0.0035341473363388	0.295137426051143	0.1982420935920943	0.4397704639865851	0.2965486917686787	0.1886338883283478	0.4172134641525712	0.4397704639865851	0.4397704639865851	0.4397704639865851	0.0	0.1982420935920943	0.1982420935920943	0.1982420935920943	0.0281958233020795	0.295137426051143	0.295137426051143	0.295137426051143	0.0166657518506604	0.9288641005844028	0.95201799705504	0.1982420935920943	0.4397704639865851	4	COE1	3924
10	COE1	RandomForestClassifier	mono	0.9410033747128956	0.9288641005844028	0.95201799705504	0.9423754037070848	0.927123424488726	0.9524347528587594	0.9554704503441304	0.9554704503441304	0.9554704503441304	0.0	0.9313877893368436	0.9310228454134548	0.930418436828164	0.0075510861527164	0.9546868333348628	0.954783193108718	0.9550458995295884	0.0035341473363388	0.295137426051143	0.1982420935920943	0.4397704639865851	0.2965486917686787	0.1886338883283478	0.4172134641525712	0.4584330409419274	0.4584330409419274	0.4584330409419274	0.0	0.2247334775693937	0.2232203727589621	0.2302529063239226	0.0281958233020795	0.4233549085564812	0.4199992665036207	0.421106305397912	0.0166657518506604	0.9288641005844028	0.95201799705504	0.1982420935920943	0.4397704639865851	4	COE1	3924
5	COE1	Single best di PWM	di	0.9410033747128956	0.9288641005844028	0.95201799705504	0.9423754037070848	0.927123424488726	0.9524347528587594	0.9524347528587594	0.9524347528587594	0.9524347528587594	0.0	0.927123424488726	0.927123424488726	0.927123424488726	0.0	0.9423754037070848	0.9423754037070848	0.9423754037070848	0.0	0.295137426051143	0.1982420935920943	0.4397704639865851	0.2965486917686787	0.1886338883283478	0.4172134641525712	0.4172134641525712	0.4172134641525712	0.4172134641525712	0.0	0.1886338883283478	0.1886338883283478	0.1886338883283478	0.0	0.2965486917686787	0.2965486917686787	0.2965486917686787	0.0	0.9288641005844028	0.95201799705504	0.1982420935920943	0.4397704639865851	4	COE1	3924
5	COE1	RandomForestClassifier	di	0.9410033747128956	0.9288641005844028	0.95201799705504	0.9423754037070848	0.927123424488726	0.9524347528587594	0.9550950705595296	0.9550950705595296	0.9550950705595296	0.0	0.9301740190745592	0.9299104096106434	0.9275751722468026	0.0072538237265512	0.957031845813383	0.9568456061265632	0.957913411253322	0.003643095996669	0.295137426051143	0.1982420935920943	0.4397704639865851	0.2965486917686787	0.1886338883283478	0.4172134641525712	0.4178514764227907	0.4178514764227907	0.4178514764227907	0.0	0.1973720396998893	0.2061915315876428	0.1990048200490106	0.021978514195092	0.4233930659538849	0.4235044563121456	0.4227151289965561	0.0202345828023548	0.9288641005844028	0.95201799705504	0.1982420935920943	0.4397704639865851	4	COE1	3924
10	COE1	RandomForestClassifier	mono+di	0.9410033747128956	0.9288641005844028	0.95201799705504	0.9423754037070848	0.927123424488726	0.9524347528587594	0.956082382258701	0.956082382258701	0.956082382258701	0.0	0.9319481241275692	0.9314568919391978	0.9307981502270944	0.0077145411248373	0.9571534032604504	0.9575673197263956	0.9575764593132596	0.0033158372752269	0.295137426051143	0.1982420935920943	0.4397704639865851	0.2965486917686787	0.1886338883283478	0.4172134641525712	0.4487212693602342	0.4487212693602342	0.4487212693602342	0.0	0.2234514582052179	0.2222841879470553	0.2339366470376217	0.0282941145240036	0.4362485483594687	0.4363428893965583	0.4373427511740671	0.0168750663282634	0.9288641005844028	0.95201799705504	0.1982420935920943	0.4397704639865851	4	COE1	3924
10	COE1	Single best mono PWM	mono	0.9410033747128956	0.9288641005844028	0.95201799705504	0.9423754037070848	0.927123424488726	0.9524347528587594	0.95201799705504	0.95201799705504	0.95201799705504	0.0	0.9288641005844028	0.9288641005844028	0.9288641005844028	0.0065694187114329	0.9410033747128956	0.9410033747128956	0.9410033747128956	0.0030741420805384	0.295137426051143	0.1982420935920943	0.4397704639865851	0.2965486917686787	0.1886338883283478	0.4172134641525712	0.4397704639865851	0.4397704639865851	0.4397704639865851	0.0	0.1982420935920943	0.1982420935920943	0.1982420935920943	0.0216720746683404	0.295137426051143	0.295137426051143	0.295137426051143	0.0125336206507695	0.9288641005844028	0.95201799705504	0.1982420935920943	0.4397704639865851	4	COE1	3924
10	COE1	LogisticRegression	mono	0.9410033747128956	0.9288641005844028	0.95201799705504	0.9423754037070848	0.927123424488726	0.9524347528587594	0.9552959383341936	0.9552959383341936	0.9552959383341936	0.0	0.9349794363941756	0.9349887052614464	0.9341270627425948	0.0065694187114329	0.9450123388113372	0.9449822949765108	0.9441725948743204	0.0030741420805384	0.295137426051143	0.1982420935920943	0.4397704639865851	0.2965486917686787	0.1886338883283478	0.4172134641525712	0.4694489768752752	0.4694489768752752	0.4694489768752752	0.0	0.2287653755232561	0.2301864333460877	0.2365803907969512	0.0216720746683404	0.3095597073669242	0.3103251544982975	0.3078097435446694	0.0125336206507695	0.9288641005844028	0.95201799705504	0.1982420935920943	0.4397704639865851	4	COE1	3924
5	COE1	Single best di PWM	di	0.9410033747128956	0.9288641005844028	0.95201799705504	0.9423754037070848	0.927123424488726	0.9524347528587594	0.9524347528587594	0.9524347528587594	0.9524347528587594	0.0	0.927123424488726	0.927123424488726	0.927123424488726	0.0	0.9423754037070848	0.9423754037070848	0.9423754037070848	0.0	0.295137426051143	0.1982420935920943	0.4397704639865851	0.2965486917686787	0.1886338883283478	0.4172134641525712	0.4172134641525712	0.4172134641525712	0.4172134641525712	0.0	0.1886338883283478	0.1886338883283478	0.1886338883283478	0.0	0.2965486917686787	0.2965486917686787	0.2965486917686787	0.0	0.9288641005844028	0.95201799705504	0.1982420935920943	0.4397704639865851	4	COE1	3924
5	COE1	LogisticRegression	di	0.9410033747128956	0.9288641005844028	0.95201799705504	0.9423754037070848	0.927123424488726	0.9524347528587594	0.9574657223730886	0.9574657223730886	0.9574657223730886	0.0	0.9319545766500033	0.9319808910774564	0.931316816717662	0.0072271671005719	0.9468353982165312	0.9469153009618728	0.9465967279627214	0.0027566410152035	0.295137426051143	0.1982420935920943	0.4397704639865851	0.2965486917686787	0.1886338883283478	0.4172134641525712	0.4414151691704753	0.4414151691704753	0.4414151691704753	0.0	0.2100765233664477	0.2139544037244485	0.2205404152097319	0.0206058655178689	0.3151017030117761	0.3152091984345507	0.3122229569804879	0.0157235216088098	0.9288641005844028	0.95201799705504	0.1982420935920943	0.4397704639865851	4	COE1	3924
10	COE1	LogisticRegression	mono+di	0.9410033747128956	0.9288641005844028	0.95201799705504	0.9423754037070848	0.927123424488726	0.9524347528587594	0.9575790634125438	0.9575790634125438	0.9575790634125438	0.0	0.9359921626119933	0.9359529638689364	0.935717456543911	0.0070607917322786	0.9481659529838162	0.948204558529146	0.9485121042053064	0.0028274527188877	0.295137426051143	0.1982420935920943	0.4397704639865851	0.2965486917686787	0.1886338883283478	0.4172134641525712	0.4568818329879357	0.4568818329879357	0.4568818329879357	0.0	0.2284869425491115	0.2290151579658585	0.2334086189573717	0.0214294387517319	0.3219139492686624	0.3227529853487925	0.3220238010112813	0.0136967195207244	0.9288641005844028	0.95201799705504	0.1982420935920943	0.4397704639865851	4	COE1	3924
10	COE1	Single best mono PWM	mono	0.9410033747128956	0.9288641005844028	0.95201799705504	0.9423754037070848	0.927123424488726	0.9524347528587594	0.95201799705504	0.95201799705504	0.95201799705504	0.0	0.9288641005844028	0.9288641005844028	0.9288641005844028	0.0092566188850593	0.9410033747128956	0.9410033747128956	0.9410033747128956	0.0049779257543179	0.295137426051143	0.1982420935920943	0.4397704639865851	0.2965486917686787	0.1886338883283478	0.4172134641525712	0.4397704639865851	0.4397704639865851	0.4397704639865851	0.0	0.1982420935920943	0.1982420935920943	0.1982420935920943	0.0266912372151683	0.295137426051143	0.295137426051143	0.295137426051143	0.029192873875623	0.9288641005844028	0.95201799705504	0.1982420935920943	0.4397704639865851	4	COE1	3924
10	COE1	XGBClassifier	mono	0.9410033747128956	0.9288641005844028	0.95201799705504	0.9423754037070848	0.927123424488726	0.9524347528587594	0.952837806196324	0.952837806196324	0.952837806196324	0.0	0.9314442630171552	0.9292879850771624	0.9303097507465862	0.0092566188850593	0.9687302033612528	0.9680644077085016	0.9699594982891926	0.0049779257543179	0.295137426051143	0.1982420935920943	0.4397704639865851	0.2965486917686787	0.1886338883283478	0.4172134641525712	0.4215633355703743	0.4215633355703743	0.4215633355703743	0.0	0.2299786934113125	0.2191064921112451	0.2198260126473065	0.0266912372151683	0.477951777624789	0.4797560793602585	0.4878812311940755	0.029192873875623	0.9288641005844028	0.95201799705504	0.1982420935920943	0.4397704639865851	4	COE1	3924
5	COE1	Single best di PWM	di	0.9410033747128956	0.9288641005844028	0.95201799705504	0.9423754037070848	0.927123424488726	0.9524347528587594	0.9524347528587594	0.9524347528587594	0.9524347528587594	0.0	0.927123424488726	0.927123424488726	0.927123424488726	0.0	0.9423754037070848	0.9423754037070848	0.9423754037070848	0.0	0.295137426051143	0.1982420935920943	0.4397704639865851	0.2965486917686787	0.1886338883283478	0.4172134641525712	0.4172134641525712	0.4172134641525712	0.4172134641525712	0.0	0.1886338883283478	0.1886338883283478	0.1886338883283478	0.0	0.2965486917686787	0.2965486917686787	0.2965486917686787	0.0	0.9288641005844028	0.95201799705504	0.1982420935920943	0.4397704639865851	4	COE1	3924
5	COE1	XGBClassifier	di	0.9410033747128956	0.9288641005844028	0.95201799705504	0.9423754037070848	0.927123424488726	0.9524347528587594	0.9520357991505534	0.9520357991505534	0.9520357991505534	0.0	0.927438638675035	0.928169343876546	0.928663684432088	0.0050972945962448	0.966462222189463	0.9651253521606808	0.9659749841764752	0.0043703597025797	0.295137426051143	0.1982420935920943	0.4397704639865851	0.2965486917686787	0.1886338883283478	0.4172134641525712	0.4005885059485189	0.4005885059485189	0.4005885059485189	0.0	0.2082758558984673	0.1927672545571907	0.2001089697840656	0.0249607079451996	0.4870403290164402	0.4665561001592874	0.4674555368753457	0.0261142443143954	0.9288641005844028	0.95201799705504	0.1982420935920943	0.4397704639865851	4	COE1	3924
10	COE1	XGBClassifier	mono+di	0.9410033747128956	0.9288641005844028	0.95201799705504	0.9423754037070848	0.927123424488726	0.9524347528587594	0.9541740730022168	0.9541740730022168	0.9541740730022168	0.0	0.9330651441773812	0.931460724857257	0.932113847982566	0.0047932019053141	0.972829680660256	0.9716156398235004	0.9733843684392376	0.0046411355192051	0.295137426051143	0.1982420935920943	0.4397704639865851	0.2965486917686787	0.1886338883283478	0.4172134641525712	0.4237670540583281	0.4237670540583281	0.4237670540583281	0.0	0.2131726858122206	0.2172955565495614	0.2174955122454074	0.0280410780516127	0.5143628285465435	0.5169585374831388	0.5241171354351611	0.0275780034468582	0.9288641005844028	0.95201799705504	0.1982420935920943	0.4397704639865851	4	COE1	3924
10	COE1	Single best mono PWM	mono	0.9410033747128956	0.9288641005844028	0.95201799705504	0.9423754037070848	0.927123424488726	0.9524347528587594	0.95201799705504	0.95201799705504	0.95201799705504	0.0	0.9288641005844028	0.9288641005844028	0.9288641005844028	0.0085199457077143	0.9410033747128956	0.9410033747128956	0.9410033747128956	0.0052807099392327	0.295137426051143	0.1982420935920943	0.4397704639865851	0.2965486917686787	0.1886338883283478	0.4172134641525712	0.4397704639865851	0.4397704639865851	0.4397704639865851	0.0	0.1982420935920943	0.1982420935920943	0.1982420935920943	0.0313172169048677	0.295137426051143	0.295137426051143	0.295137426051143	0.0249281363822688	0.9288641005844028	0.95201799705504	0.1982420935920943	0.4397704639865851	4	COE1	3924
10	COE1	BaggingClassifier_XGBClassifier	mono	0.9410033747128956	0.9288641005844028	0.95201799705504	0.9423754037070848	0.927123424488726	0.9524347528587594	0.9540018956011086	0.9540018956011086	0.9540018956011086	0.0	0.931150362848099	0.931557006821964	0.9360375531048448	0.0085199457077143	0.9744659362259932	0.9729653333891064	0.9750100427229248	0.0052807099392327	0.295137426051143	0.1982420935920943	0.4397704639865851	0.2965486917686787	0.1886338883283478	0.4172134641525712	0.4619123646096544	0.4619123646096544	0.4619123646096544	0.0	0.2225400394107228	0.2251624225783342	0.2290515223852613	0.0313172169048677	0.4936557502007551	0.491590995911705	0.4948520253912044	0.0249281363822688	0.9288641005844028	0.95201799705504	0.1982420935920943	0.4397704639865851	4	COE1	3924
5	COE1	Single best di PWM	di	0.9410033747128956	0.9288641005844028	0.95201799705504	0.9423754037070848	0.927123424488726	0.9524347528587594	0.9524347528587594	0.9524347528587594	0.9524347528587594	0.0	0.927123424488726	0.927123424488726	0.927123424488726	0.0	0.9423754037070848	0.9423754037070848	0.9423754037070848	0.0	0.295137426051143	0.1982420935920943	0.4397704639865851	0.2965486917686787	0.1886338883283478	0.4172134641525712	0.4172134641525712	0.4172134641525712	0.4172134641525712	0.0	0.1886338883283478	0.1886338883283478	0.1886338883283478	0.0	0.2965486917686787	0.2965486917686787	0.2965486917686787	0.0	0.9288641005844028	0.95201799705504	0.1982420935920943	0.4397704639865851	4	COE1	3924
5	COE1	BaggingClassifier_XGBClassifier	di	0.9410033747128956	0.9288641005844028	0.95201799705504	0.9423754037070848	0.927123424488726	0.9524347528587594	0.9525103210524808	0.9525103210524808	0.9525103210524808	0.0	0.9288026605311392	0.9287406179360872	0.926449331190796	0.0049877075017172	0.971856533379466	0.9701085756045256	0.9718008259037612	0.0043078342539921	0.295137426051143	0.1982420935920943	0.4397704639865851	0.2965486917686787	0.1886338883283478	0.4172134641525712	0.4024606792210219	0.4024606792210219	0.4024606792210219	0.0	0.1920192031809922	0.1991960797151799	0.2101686929209112	0.0182805882545835	0.4936884550658938	0.4801311461912712	0.4830499198306548	0.0225886702309023	0.9288641005844028	0.95201799705504	0.1982420935920943	0.4397704639865851	4	COE1	3924
10	COE1	BaggingClassifier_XGBClassifier	mono+di	0.9410033747128956	0.9288641005844028	0.95201799705504	0.9423754037070848	0.927123424488726	0.9524347528587594	0.9542329726514585	0.9542329726514585	0.9542329726514585	0.0	0.9330888661330348	0.9326628758818236	0.9329695058534402	0.0061965210611843	0.9781591477227028	0.9775072993514116	0.979409759636288	0.0045806327759281	0.295137426051143	0.1982420935920943	0.4397704639865851	0.2965486917686787	0.1886338883283478	0.4172134641525712	0.4404131357951608	0.4404131357951608	0.4404131357951608	0.0	0.2193957370552484	0.2258519748852933	0.2168992352684793	0.031394301107034	0.5378525379389426	0.5324373120945864	0.5412948595916377	0.0286040686025617	0.9288641005844028	0.95201799705504	0.1982420935920943	0.4397704639865851	4	COE1	3924
10	COE1	Single best mono PWM	mono	0.9410033747128956	0.9288641005844028	0.95201799705504	0.9423754037070848	0.927123424488726	0.9524347528587594	0.95201799705504	0.95201799705504	0.95201799705504	0.0	0.9288641005844028	0.9288641005844028	0.9288641005844028	0.0065760209344001	0.9410033747128956	0.9410033747128956	0.9410033747128956	0.0030422990884648	0.295137426051143	0.1982420935920943	0.4397704639865851	0.2965486917686787	0.1886338883283478	0.4172134641525712	0.4397704639865851	0.4397704639865851	0.4397704639865851	0.0	0.1982420935920943	0.1982420935920943	0.1982420935920943	0.0217124868226311	0.295137426051143	0.295137426051143	0.295137426051143	0.0124358704682782	0.9288641005844028	0.95201799705504	0.1982420935920943	0.4397704639865851	4	COE1	3924
10	COE1	BaggingClassifier_LogisticRegression	mono	0.9410033747128956	0.9288641005844028	0.95201799705504	0.9423754037070848	0.927123424488726	0.9524347528587594	0.9553148739807408	0.9553148739807408	0.9553148739807408	0.0	0.9350112287058764	0.935018410596853	0.934232538686742	0.0065760209344001	0.9450020172256548	0.9450068014378288	0.9441825607262404	0.0030422990884648	0.295137426051143	0.1982420935920943	0.4397704639865851	0.2965486917686787	0.1886338883283478	0.4172134641525712	0.4704584219801429	0.4704584219801429	0.4704584219801429	0.0	0.2288203265909695	0.2300771546543372	0.2351574538251626	0.0217124868226311	0.3096326951795036	0.3101975528725773	0.3075778084832772	0.0124358704682782	0.9288641005844028	0.95201799705504	0.1982420935920943	0.4397704639865851	4	COE1	3924
5	COE1	Single best di PWM	di	0.9410033747128956	0.9288641005844028	0.95201799705504	0.9423754037070848	0.927123424488726	0.9524347528587594	0.9524347528587594	0.9524347528587594	0.9524347528587594	0.0	0.927123424488726	0.927123424488726	0.927123424488726	0.0	0.9423754037070848	0.9423754037070848	0.9423754037070848	0.0	0.295137426051143	0.1982420935920943	0.4397704639865851	0.2965486917686787	0.1886338883283478	0.4172134641525712	0.4172134641525712	0.4172134641525712	0.4172134641525712	0.0	0.1886338883283478	0.1886338883283478	0.1886338883283478	0.0	0.2965486917686787	0.2965486917686787	0.2965486917686787	0.0	0.9288641005844028	0.95201799705504	0.1982420935920943	0.4397704639865851	4	COE1	3924
5	COE1	BaggingClassifier_LogisticRegression	di	0.9410033747128956	0.9288641005844028	0.95201799705504	0.9423754037070848	0.927123424488726	0.9524347528587594	0.9574401485616796	0.9574401485616796	0.9574401485616796	0.0	0.9319992363825346	0.9319707009607298	0.9313553383668288	0.0072246387701158	0.9468218922349856	0.9469561280485276	0.9467382122062798	0.002761190032824	0.295137426051143	0.1982420935920943	0.4397704639865851	0.2965486917686787	0.1886338883283478	0.4172134641525712	0.441415314175591	0.441415314175591	0.441415314175591	0.0	0.2103965584316981	0.2138587542042569	0.2203729764667588	0.0204527820197345	0.3148240994951254	0.315167177749462	0.3122002398047687	0.0157182357718811	0.9288641005844028	0.95201799705504	0.1982420935920943	0.4397704639865851	4	COE1	3924
10	COE1	BaggingClassifier_LogisticRegression	mono+di	0.9410033747128956	0.9288641005844028	0.95201799705504	0.9423754037070848	0.927123424488726	0.9524347528587594	0.957562707086835	0.957562707086835	0.957562707086835	0.0	0.9360217727295184	0.9359113269025918	0.9355881338645652	0.0070141169919244	0.9481535959862544	0.9482262734656132	0.9485249595645878	0.0028057013543779	0.295137426051143	0.1982420935920943	0.4397704639865851	0.2965486917686787	0.1886338883283478	0.4172134641525712	0.4579170758171554	0.4579170758171554	0.4579170758171554	0.0	0.2286578930611914	0.2285161565476011	0.231987516014684	0.0206246591219985	0.3220512148679115	0.3225583219712855	0.3211579587446252	0.0137513367165418	0.9288641005844028	0.95201799705504	0.1982420935920943	0.4397704639865851	4	COE1	3924
198	CTCF	Single best mono PWM	mono	0.973937892639104	0.9683369357475168	0.9780461863731668	0.978203253408408	0.9737303023317548	0.9802296317657782	0.9780461863731668	0.9780461863731668	0.9780461863731668	0.0	0.9683369357475168	0.9683369357475168	0.9683369357475168	0.0016571265310875	0.973937892639104	0.973937892639104	0.973937892639104	0.0013601466915181	0.6384490192674902	0.8174315028254594	0.7461634625553875	0.6643900346605278	0.8414612763624256	0.7610480653667139	0.7461634625553875	0.7461634625553875	0.7461634625553875	0.0	0.8174315028254594	0.8174315028254594	0.8174315028254594	0.0086846846319062	0.6384490192674902	0.6384490192674902	0.6384490192674902	0.0136526401449651	0.9683369357475168	0.9780461863731668	0.8174315028254594	0.7461634625553875	5	CTCF	10000
198	CTCF	RandomForestClassifier	mono	0.973937892639104	0.9683369357475168	0.9780461863731668	0.978203253408408	0.9737303023317548	0.9802296317657782	0.9791001580513794	0.9791001580513794	0.9791001580513794	0.0	0.9704126933232744	0.970360716760937	0.9712599220617342	0.0016571265310875	0.9812252156662494	0.9811409147381042	0.9812750762440898	0.0013601466915181	0.6384490192674902	0.8174315028254594	0.7461634625553875	0.6643900346605278	0.8414612763624256	0.7610480653667139	0.7339018474048262	0.7339018474048262	0.7339018474048262	0.0	0.8229194386439241	0.8227388017699055	0.8257677471307757	0.0086846846319062	0.7570034020593828	0.7575094532933232	0.7540782849746449	0.0136526401449651	0.9683369357475168	0.9780461863731668	0.8174315028254594	0.7461634625553875	5	CTCF	10000
99	CTCF	Single best di PWM	di	0.973937892639104	0.9683369357475168	0.9780461863731668	0.978203253408408	0.9737303023317548	0.9802296317657782	0.9802296317657782	0.9802296317657782	0.9802296317657782	0.0	0.9737303023317548	0.9737303023317548	0.9737303023317548	0.0	0.978203253408408	0.978203253408408	0.978203253408408	0.0	0.6384490192674902	0.8174315028254594	0.7461634625553875	0.6643900346605278	0.8414612763624256	0.7610480653667139	0.7610480653667139	0.7610480653667139	0.7610480653667139	0.0	0.8414612763624256	0.8414612763624256	0.8414612763624256	0.0	0.6643900346605278	0.6643900346605278	0.6643900346605278	0.0	0.9683369357475168	0.9780461863731668	0.8174315028254594	0.7461634625553875	5	CTCF	10000
99	CTCF	RandomForestClassifier	di	0.973937892639104	0.9683369357475168	0.9780461863731668	0.978203253408408	0.9737303023317548	0.9802296317657782	0.9802142418313567	0.9802142418313567	0.9802142418313567	0.0	0.97574615798371	0.9758570235974282	0.9763344359748788	0.0015813071849478	0.98442546511155	0.9845323080219444	0.9850196603309838	0.001135034033208	0.6384490192674902	0.8174315028254594	0.7461634625553875	0.6643900346605278	0.8414612763624256	0.7610480653667139	0.7672569295652348	0.7672569295652348	0.7672569295652348	0.0	0.842576546425505	0.8403629541318389	0.8422816426971368	0.0105685692736237	0.7787446457545827	0.7792853739523211	0.7850523282677515	0.0113448191432154	0.9683369357475168	0.9780461863731668	0.8174315028254594	0.7461634625553875	5	CTCF	10000
198	CTCF	RandomForestClassifier	mono+di	0.973937892639104	0.9683369357475168	0.9780461863731668	0.978203253408408	0.9737303023317548	0.9802296317657782	0.9799376522359806	0.9799376522359806	0.9799376522359806	0.0	0.975913528088632	0.9759477988393728	0.9764001835453008	0.0015851717008084	0.9848849246015428	0.984630301199358	0.9849682225719818	0.0012866731693768	0.6384490192674902	0.8174315028254594	0.7461634625553875	0.6643900346605278	0.8414612763624256	0.7610480653667139	0.7486518327721627	0.7486518327721627	0.7486518327721627	0.0	0.8443233651609332	0.8423746161588649	0.8431280252033058	0.0095554163995837	0.7833257275314666	0.7862845659049355	0.7897051541128247	0.0122303143080129	0.9683369357475168	0.9780461863731668	0.8174315028254594	0.7461634625553875	5	CTCF	10000
198	CTCF	Single best mono PWM	mono	0.973937892639104	0.9683369357475168	0.9780461863731668	0.978203253408408	0.9737303023317548	0.9802296317657782	0.9780461863731668	0.9780461863731668	0.9780461863731668	0.0	0.9683369357475168	0.9683369357475168	0.9683369357475168	0.0015419380443194	0.973937892639104	0.973937892639104	0.973937892639104	0.0016103689298205	0.6384490192674902	0.8174315028254594	0.7461634625553875	0.6643900346605278	0.8414612763624256	0.7610480653667139	0.7461634625553875	0.7461634625553875	0.7461634625553875	0.0	0.8174315028254594	0.8174315028254594	0.8174315028254594	0.0127454807354215	0.6384490192674902	0.6384490192674902	0.6384490192674902	0.0239529764000773	0.9683369357475168	0.9780461863731668	0.8174315028254594	0.7461634625553875	5	CTCF	10000
198	CTCF	LogisticRegression	mono	0.973937892639104	0.9683369357475168	0.9780461863731668	0.978203253408408	0.9737303023317548	0.9802296317657782	0.9782894564434615	0.9782894564434615	0.9782894564434615	0.0	0.9716823406960337	0.971731151285094	0.9726989710415752	0.0015419380443194	0.9779675427378428	0.9778761502333084	0.9776808962182758	0.0016103689298205	0.6384490192674902	0.8174315028254594	0.7461634625553875	0.6643900346605278	0.8414612763624256	0.7610480653667139	0.7564408868492858	0.7564408868492858	0.7564408868492858	0.0	0.8273772184693431	0.8274081465343703	0.8303549472183789	0.0127454807354215	0.664324086295538	0.6647981615033273	0.662577344979256	0.0239529764000773	0.9683369357475168	0.9780461863731668	0.8174315028254594	0.7461634625553875	5	CTCF	10000
99	CTCF	Single best di PWM	di	0.973937892639104	0.9683369357475168	0.9780461863731668	0.978203253408408	0.9737303023317548	0.9802296317657782	0.9802296317657782	0.9802296317657782	0.9802296317657782	0.0	0.9737303023317548	0.9737303023317548	0.9737303023317548	0.0	0.978203253408408	0.978203253408408	0.978203253408408	0.0	0.6384490192674902	0.8174315028254594	0.7461634625553875	0.6643900346605278	0.8414612763624256	0.7610480653667139	0.7610480653667139	0.7610480653667139	0.7610480653667139	0.0	0.8414612763624256	0.8414612763624256	0.8414612763624256	0.0	0.6643900346605278	0.6643900346605278	0.6643900346605278	0.0	0.9683369357475168	0.9780461863731668	0.8174315028254594	0.7461634625553875	5	CTCF	10000
99	CTCF	LogisticRegression	di	0.973937892639104	0.9683369357475168	0.9780461863731668	0.978203253408408	0.9737303023317548	0.9802296317657782	0.981483459094646	0.981483459094646	0.981483459094646	0.0	0.97656621959568	0.9765653544740592	0.9774134668535904	0.0012046212995152	0.9813886436863676	0.9813956907726464	0.9810873863985856	0.001587245640804	0.6384490192674902	0.8174315028254594	0.7461634625553875	0.6643900346605278	0.8414612763624256	0.7610480653667139	0.7744726255195423	0.7744726255195423	0.7744726255195423	0.0	0.8457828831297297	0.8458722289484449	0.8498066195270365	0.0100756855265907	0.687036481849204	0.6876848819802472	0.6892729409806533	0.0186367200369204	0.9683369357475168	0.9780461863731668	0.8174315028254594	0.7461634625553875	5	CTCF	10000
198	CTCF	LogisticRegression	mono+di	0.973937892639104	0.9683369357475168	0.9780461863731668	0.978203253408408	0.9737303023317548	0.9802296317657782	0.9808479048632666	0.9808479048632666	0.9808479048632666	0.0	0.976454201070176	0.9764705064185504	0.9771833193318288	0.0012070965963299	0.9827002964422412	0.9826642946749984	0.9826460318730346	0.0014716506925218	0.6384490192674902	0.8174315028254594	0.7461634625553875	0.6643900346605278	0.8414612763624256	0.7610480653667139	0.7782345222759243	0.7782345222759243	0.7782345222759243	0.0	0.8444250674665912	0.844649602518122	0.8488379156402502	0.009707063956897	0.7029788236068895	0.7031687682168692	0.7045565476109859	0.0196944689225079	0.9683369357475168	0.9780461863731668	0.8174315028254594	0.7461634625553875	5	CTCF	10000
198	CTCF	Single best mono PWM	mono	0.973937892639104	0.9683369357475168	0.9780461863731668	0.978203253408408	0.9737303023317548	0.9802296317657782	0.9780461863731668	0.9780461863731668	0.9780461863731668	0.0	0.9683369357475168	0.9683369357475168	0.9683369357475168	0.0017689308683965	0.973937892639104	0.973937892639104	0.973937892639104	0.0013174098317332	0.6384490192674902	0.8174315028254594	0.7461634625553875	0.6643900346605278	0.8414612763624256	0.7610480653667139	0.7461634625553875	0.7461634625553875	0.7461634625553875	0.0	0.8174315028254594	0.8174315028254594	0.8174315028254594	0.0100673936115493	0.6384490192674902	0.6384490192674902	0.6384490192674902	0.0155280185762793	0.9683369357475168	0.9780461863731668	0.8174315028254594	0.7461634625553875	5	CTCF	10000
198	CTCF	XGBClassifier	mono	0.973937892639104	0.9683369357475168	0.9780461863731668	0.978203253408408	0.9737303023317548	0.9802296317657782	0.9783372708095672	0.9783372708095672	0.9783372708095672	0.0	0.969541469326739	0.969887549276547	0.970162252057879	0.0017689308683965	0.9902114064738284	0.9895908306905468	0.9901725019140576	0.0013174098317332	0.6384490192674902	0.8174315028254594	0.7461634625553875	0.6643900346605278	0.8414612763624256	0.7610480653667139	0.7367830316936512	0.7367830316936512	0.7367830316936512	0.0	0.8068417045380819	0.81166210355994	0.8134873757749285	0.0100673936115493	0.8527856754734923	0.849060091642947	0.8497973890353686	0.0155280185762793	0.9683369357475168	0.9780461863731668	0.8174315028254594	0.7461634625553875	5	CTCF	10000
99	CTCF	Single best di PWM	di	0.973937892639104	0.9683369357475168	0.9780461863731668	0.978203253408408	0.9737303023317548	0.9802296317657782	0.9802296317657782	0.9802296317657782	0.9802296317657782	0.0	0.9737303023317548	0.9737303023317548	0.9737303023317548	0.0	0.978203253408408	0.978203253408408	0.978203253408408	0.0	0.6384490192674902	0.8174315028254594	0.7461634625553875	0.6643900346605278	0.8414612763624256	0.7610480653667139	0.7610480653667139	0.7610480653667139	0.7610480653667139	0.0	0.8414612763624256	0.8414612763624256	0.8414612763624256	0.0	0.6643900346605278	0.6643900346605278	0.6643900346605278	0.0	0.9683369357475168	0.9780461863731668	0.8174315028254594	0.7461634625553875	5	CTCF	10000
99	CTCF	XGBClassifier	di	0.973937892639104	0.9683369357475168	0.9780461863731668	0.978203253408408	0.9737303023317548	0.9802296317657782	0.9791667719280356	0.9791667719280356	0.9791667719280356	0.0	0.974293123489389	0.9750922517842738	0.9748402031957648	0.0015157683296603	0.9913085895946966	0.9909370600090786	0.9911586341261446	0.0009200167835234	0.6384490192674902	0.8174315028254594	0.7461634625553875	0.6643900346605278	0.8414612763624256	0.7610480653667139	0.7535193409409322	0.7535193409409322	0.7535193409409322	0.0	0.8376416451134643	0.8327831443280617	0.8364534388087125	0.0175847216168651	0.8604615620580215	0.8644099708262195	0.867300171638112	0.0159177813334645	0.9683369357475168	0.9780461863731668	0.8174315028254594	0.7461634625553875	5	CTCF	10000
198	CTCF	XGBClassifier	mono+di	0.973937892639104	0.9683369357475168	0.9780461863731668	0.978203253408408	0.9737303023317548	0.9802296317657782	0.979749987253921	0.979749987253921	0.979749987253921	0.0	0.975974721628456	0.9755322349300558	0.9768518556566882	0.0017240960815591	0.9921487907325648	0.9918582835107572	0.9921621432148156	0.0009396930761355	0.6384490192674902	0.8174315028254594	0.7461634625553875	0.6643900346605278	0.8414612763624256	0.7610480653667139	0.7459488033569581	0.7459488033569581	0.7459488033569581	0.0	0.8332742793381311	0.8324122224967958	0.830551097073797	0.0164879468747617	0.8855528403145609	0.8753789766886376	0.8773260925172595	0.0164917056132856	0.9683369357475168	0.9780461863731668	0.8174315028254594	0.7461634625553875	5	CTCF	10000
198	CTCF	Single best mono PWM	mono	0.973937892639104	0.9683369357475168	0.9780461863731668	0.978203253408408	0.9737303023317548	0.9802296317657782	0.9780461863731668	0.9780461863731668	0.9780461863731668	0.0	0.9683369357475168	0.9683369357475168	0.9683369357475168	0.0014934254105096	0.973937892639104	0.973937892639104	0.973937892639104	0.0013508979569083	0.6384490192674902	0.8174315028254594	0.7461634625553875	0.6643900346605278	0.8414612763624256	0.7610480653667139	0.7461634625553875	0.7461634625553875	0.7461634625553875	0.0	0.8174315028254594	0.8174315028254594	0.8174315028254594	0.0099599386069026	0.6384490192674902	0.6384490192674902	0.6384490192674902	0.0157594010998571	0.9683369357475168	0.9780461863731668	0.8174315028254594	0.7461634625553875	5	CTCF	10000
198	CTCF	BaggingClassifier_XGBClassifier	mono	0.973937892639104	0.9683369357475168	0.9780461863731668	0.978203253408408	0.9737303023317548	0.9802296317657782	0.9787754924766268	0.9787754924766268	0.9787754924766268	0.0	0.9710922251561256	0.9712999375524763	0.972240999089122	0.0014934254105096	0.9920527332788048	0.9916822226404152	0.992021921782052	0.0013508979569083	0.6384490192674902	0.8174315028254594	0.7461634625553875	0.6643900346605278	0.8414612763624256	0.7610480653667139	0.7431362415108723	0.7431362415108723	0.7431362415108723	0.0	0.8155731705853766	0.8183233843150334	0.8190507191328968	0.0099599386069026	0.8669920011839785	0.8648592227984436	0.868666407221465	0.0157594010998571	0.9683369357475168	0.9780461863731668	0.8174315028254594	0.7461634625553875	5	CTCF	10000
99	CTCF	Single best di PWM	di	0.973937892639104	0.9683369357475168	0.9780461863731668	0.978203253408408	0.9737303023317548	0.9802296317657782	0.9802296317657782	0.9802296317657782	0.9802296317657782	0.0	0.9737303023317548	0.9737303023317548	0.9737303023317548	0.0	0.978203253408408	0.978203253408408	0.978203253408408	0.0	0.6384490192674902	0.8174315028254594	0.7461634625553875	0.6643900346605278	0.8414612763624256	0.7610480653667139	0.7610480653667139	0.7610480653667139	0.7610480653667139	0.0	0.8414612763624256	0.8414612763624256	0.8414612763624256	0.0	0.6643900346605278	0.6643900346605278	0.6643900346605278	0.0	0.9683369357475168	0.9780461863731668	0.8174315028254594	0.7461634625553875	5	CTCF	10000
99	CTCF	BaggingClassifier_XGBClassifier	di	0.973937892639104	0.9683369357475168	0.9780461863731668	0.978203253408408	0.9737303023317548	0.9802296317657782	0.9812195072365864	0.9812195072365864	0.9812195072365864	0.0	0.976155672213141	0.9762416560823468	0.9765584701117782	0.0012467533144702	0.9931268723084083	0.9928126955809023	0.9931488841709868	0.0009492122814981	0.6384490192674902	0.8174315028254594	0.7461634625553875	0.6643900346605278	0.8414612763624256	0.7610480653667139	0.7694111886428397	0.7694111886428397	0.7694111886428397	0.0	0.839709747035155	0.8423285220550546	0.8476227718163422	0.0125965376352009	0.8829965803478934	0.8766806703523973	0.8803458356844857	0.0143681574578393	0.9683369357475168	0.9780461863731668	0.8174315028254594	0.7461634625553875	5	CTCF	10000
198	CTCF	BaggingClassifier_XGBClassifier	mono+di	0.973937892639104	0.9683369357475168	0.9780461863731668	0.978203253408408	0.9737303023317548	0.9802296317657782	0.9802415187590418	0.9802415187590418	0.9802415187590418	0.0	0.9773824363971668	0.9773095594991856	0.9777846939316738	0.0011118436511561	0.9937861880962172	0.9936006690949598	0.9940469655739436	0.0010002711356862	0.6384490192674902	0.8174315028254594	0.7461634625553875	0.6643900346605278	0.8414612763624256	0.7610480653667139	0.7682634999208291	0.7682634999208291	0.7682634999208291	0.0	0.8395742574125248	0.8399407871121858	0.8405123950674331	0.0099161218386457	0.8946292670215512	0.890115493288197	0.8929266724926499	0.0153440377417783	0.9683369357475168	0.9780461863731668	0.8174315028254594	0.7461634625553875	5	CTCF	10000
198	CTCF	Single best mono PWM	mono	0.973937892639104	0.9683369357475168	0.9780461863731668	0.978203253408408	0.9737303023317548	0.9802296317657782	0.9780461863731668	0.9780461863731668	0.9780461863731668	0.0	0.9683369357475168	0.9683369357475168	0.9683369357475168	0.0015227723904358	0.973937892639104	0.973937892639104	0.973937892639104	0.0016015769031725	0.6384490192674902	0.8174315028254594	0.7461634625553875	0.6643900346605278	0.8414612763624256	0.7610480653667139	0.7461634625553875	0.7461634625553875	0.7461634625553875	0.0	0.8174315028254594	0.8174315028254594	0.8174315028254594	0.0126994225662285	0.6384490192674902	0.6384490192674902	0.6384490192674902	0.0236808675414498	0.9683369357475168	0.9780461863731668	0.8174315028254594	0.7461634625553875	5	CTCF	10000
198	CTCF	BaggingClassifier_LogisticRegression	mono	0.973937892639104	0.9683369357475168	0.9780461863731668	0.978203253408408	0.9737303023317548	0.9802296317657782	0.9782411029182148	0.9782411029182148	0.9782411029182148	0.0	0.9716926442851754	0.9717644204279866	0.9727458458446944	0.0015227723904358	0.9779612537337714	0.9778814804599768	0.9776533145772272	0.0016015769031725	0.6384490192674902	0.8174315028254594	0.7461634625553875	0.6643900346605278	0.8414612763624256	0.7610480653667139	0.7560601275614837	0.7560601275614837	0.7560601275614837	0.0	0.827220628981321	0.8276148383279679	0.8303207014588396	0.0126994225662285	0.6644562086062812	0.6652597611369508	0.662873197060667	0.0236808675414498	0.9683369357475168	0.9780461863731668	0.8174315028254594	0.7461634625553875	5	CTCF	10000
99	CTCF	Single best di PWM	di	0.973937892639104	0.9683369357475168	0.9780461863731668	0.978203253408408	0.9737303023317548	0.9802296317657782	0.9802296317657782	0.9802296317657782	0.9802296317657782	0.0	0.9737303023317548	0.9737303023317548	0.9737303023317548	0.0	0.978203253408408	0.978203253408408	0.978203253408408	0.0	0.6384490192674902	0.8174315028254594	0.7461634625553875	0.6643900346605278	0.8414612763624256	0.7610480653667139	0.7610480653667139	0.7610480653667139	0.7610480653667139	0.0	0.8414612763624256	0.8414612763624256	0.8414612763624256	0.0	0.6643900346605278	0.6643900346605278	0.6643900346605278	0.0	0.9683369357475168	0.9780461863731668	0.8174315028254594	0.7461634625553875	5	CTCF	10000
99	CTCF	BaggingClassifier_LogisticRegression	di	0.973937892639104	0.9683369357475168	0.9780461863731668	0.978203253408408	0.9737303023317548	0.9802296317657782	0.9814696213139932	0.9814696213139932	0.9814696213139932	0.0	0.9766107799991616	0.9765802569376392	0.9774532196997712	0.00121921983545	0.9814229519049578	0.9813898586637302	0.9810673391553186	0.001595307545145	0.6384490192674902	0.8174315028254594	0.7461634625553875	0.6643900346605278	0.8414612763624256	0.7610480653667139	0.77503839079016	0.77503839079016	0.77503839079016	0.0	0.8462010499343541	0.8460238030641468	0.8501145486718508	0.010013212517353	0.6873961887831814	0.6877215580861596	0.6895332625291177	0.0185814055930177	0.9683369357475168	0.9780461863731668	0.8174315028254594	0.7461634625553875	5	CTCF	10000
198	CTCF	BaggingClassifier_LogisticRegression	mono+di	0.973937892639104	0.9683369357475168	0.9780461863731668	0.978203253408408	0.9737303023317548	0.9802296317657782	0.9807859997068402	0.9807859997068402	0.9807859997068402	0.0	0.9764510813529486	0.9764755541993272	0.9771988207938596	0.0012366269326438	0.9827410003118068	0.9826934900868924	0.9826329402478734	0.0014762559809664	0.6384490192674902	0.8174315028254594	0.7461634625553875	0.6643900346605278	0.8414612763624256	0.7610480653667139	0.7788385657314074	0.7788385657314074	0.7788385657314074	0.0	0.8444299816303134	0.8447466707302362	0.8493593269906223	0.0096755081113105	0.7032440403348794	0.7033159493118472	0.7044860926122066	0.0198392443547553	0.9683369357475168	0.9780461863731668	0.8174315028254594	0.7461634625553875	5	CTCF	10000
7	E2F4	Single best mono PWM	mono	0.8176400670347485	0.7528403450827513	0.8281590168717711	0.8524113814010982	0.7956979463084288	0.8536315534730446	0.8281590168717711	0.8281590168717711	0.8281590168717711	0.0	0.7528403450827513	0.7528403450827513	0.7528403450827513	0.0194032222726426	0.8176400670347485	0.8176400670347485	0.8176400670347485	0.0095623904471554	0.1559332168468887	0.1079416010783942	0.1556118417378499	0.180844763192913	0.1311370267470643	0.1690276036359228	0.1556118417378499	0.1556118417378499	0.1556118417378499	0.0	0.1079416010783942	0.1079416010783942	0.1079416010783942	0.0388726370427511	0.1559332168468887	0.1559332168468887	0.1559332168468887	0.0330582408379157	0.7528403450827513	0.8281590168717711	0.1079416010783942	0.1556118417378499	6	E2F4	2686
7	E2F4	RandomForestClassifier	mono	0.8176400670347485	0.7528403450827513	0.8281590168717711	0.8524113814010982	0.7956979463084288	0.8536315534730446	0.8679954962840911	0.8679954962840911	0.8679954962840911	0.0	0.8314510083296067	0.8327831891611652	0.8359931324857949	0.0194032222726426	0.9080189297845028	0.907966772012304	0.9120224226114346	0.0095623904471554	0.1559332168468887	0.1079416010783942	0.1556118417378499	0.180844763192913	0.1311370267470643	0.1690276036359228	0.167716291431363	0.167716291431363	0.167716291431363	0.0	0.1610018480336741	0.1603249342831169	0.1515894209749318	0.0388726370427511	0.3639192713779932	0.3625260620281694	0.3749464406825273	0.0330582408379157	0.7528403450827513	0.8281590168717711	0.1079416010783942	0.1556118417378499	6	E2F4	2686
4	E2F4	Single best di PWM	di	0.8176400670347485	0.7528403450827513	0.8281590168717711	0.8524113814010982	0.7956979463084288	0.8536315534730446	0.8536315534730446	0.8536315534730446	0.8536315534730446	0.0	0.7956979463084288	0.7956979463084288	0.7956979463084288	0.0	0.8524113814010982	0.8524113814010982	0.8524113814010982	0.0	0.1559332168468887	0.1079416010783942	0.1556118417378499	0.180844763192913	0.1311370267470643	0.1690276036359228	0.1690276036359228	0.1690276036359228	0.1690276036359228	0.0	0.1311370267470643	0.1311370267470643	0.1311370267470643	0.0	0.180844763192913	0.180844763192913	0.180844763192913	0.0	0.7528403450827513	0.8281590168717711	0.1079416010783942	0.1556118417378499	6	E2F4	2686
4	E2F4	RandomForestClassifier	di	0.8176400670347485	0.7528403450827513	0.8281590168717711	0.8524113814010982	0.7956979463084288	0.8536315534730446	0.8713774299298012	0.8713774299298012	0.8713774299298012	0.0	0.8324245699667577	0.832362609077735	0.8382690185177615	0.0212491132657875	0.9069544877259812	0.9063346726953968	0.9065483812834592	0.0064302611981067	0.1559332168468887	0.1079416010783942	0.1556118417378499	0.180844763192913	0.1311370267470643	0.1690276036359228	0.1795520662705633	0.1795520662705633	0.1795520662705633	0.0	0.135902254887507	0.1439541920419019	0.1479180609103741	0.0132441745925956	0.3360676706194203	0.333462534775281	0.3293893624428292	0.0347385396876779	0.7528403450827513	0.8281590168717711	0.1079416010783942	0.1556118417378499	6	E2F4	2686
7	E2F4	RandomForestClassifier	mono+di	0.8176400670347485	0.7528403450827513	0.8281590168717711	0.8524113814010982	0.7956979463084288	0.8536315534730446	0.879072056021832	0.879072056021832	0.879072056021832	0.0	0.8438065052617365	0.8435956724904285	0.8487828557413237	0.019433960652074	0.9161363733202184	0.9160979755891988	0.9197170598134152	0.0092257617905751	0.1559332168468887	0.1079416010783942	0.1556118417378499	0.180844763192913	0.1311370267470643	0.1690276036359228	0.1979832375306015	0.1979832375306015	0.1979832375306015	0.0	0.1660918614675668	0.165960195450092	0.1502843905361802	0.0299724907252879	0.3800595641307862	0.3778210535094898	0.3949321358458711	0.0376579544336101	0.7528403450827513	0.8281590168717711	0.1079416010783942	0.1556118417378499	6	E2F4	2686
7	E2F4	Single best mono PWM	mono	0.8176400670347485	0.7528403450827513	0.8281590168717711	0.8524113814010982	0.7956979463084288	0.8536315534730446	0.8281590168717711	0.8281590168717711	0.8281590168717711	0.0	0.7528403450827513	0.7528403450827513	0.7528403450827513	0.0166631867675402	0.8176400670347485	0.8176400670347485	0.8176400670347485	0.0033125720680515	0.1559332168468887	0.1079416010783942	0.1556118417378499	0.180844763192913	0.1311370267470643	0.1690276036359228	0.1556118417378499	0.1556118417378499	0.1556118417378499	0.0	0.1079416010783942	0.1079416010783942	0.1079416010783942	0.0147063072237305	0.1559332168468887	0.1559332168468887	0.1559332168468887	0.008330926229196	0.7528403450827513	0.8281590168717711	0.1079416010783942	0.1556118417378499	6	E2F4	2686
7	E2F4	LogisticRegression	mono	0.8176400670347485	0.7528403450827513	0.8281590168717711	0.8524113814010982	0.7956979463084288	0.8536315534730446	0.8845379880884952	0.8845379880884952	0.8845379880884952	0.0	0.8382033139949558	0.8380972958589047	0.8379358623226915	0.0166631867675402	0.8907109896750147	0.8905399973203362	0.8908855550553063	0.0033125720680515	0.1559332168468887	0.1079416010783942	0.1556118417378499	0.180844763192913	0.1311370267470643	0.1690276036359228	0.2105977385759714	0.2105977385759714	0.2105977385759714	0.0	0.1386539807394585	0.1398526768386697	0.1355816216659699	0.0147063072237305	0.1949537258704371	0.1961607991052623	0.1945330712638751	0.008330926229196	0.7528403450827513	0.8281590168717711	0.1079416010783942	0.1556118417378499	6	E2F4	2686
4	E2F4	Single best di PWM	di	0.8176400670347485	0.7528403450827513	0.8281590168717711	0.8524113814010982	0.7956979463084288	0.8536315534730446	0.8536315534730446	0.8536315534730446	0.8536315534730446	0.0	0.7956979463084288	0.7956979463084288	0.7956979463084288	0.0	0.8524113814010982	0.8524113814010982	0.8524113814010982	0.0	0.1559332168468887	0.1079416010783942	0.1556118417378499	0.180844763192913	0.1311370267470643	0.1690276036359228	0.1690276036359228	0.1690276036359228	0.1690276036359228	0.0	0.1311370267470643	0.1311370267470643	0.1311370267470643	0.0	0.180844763192913	0.180844763192913	0.180844763192913	0.0	0.7528403450827513	0.8281590168717711	0.1079416010783942	0.1556118417378499	6	E2F4	2686
4	E2F4	LogisticRegression	di	0.8176400670347485	0.7528403450827513	0.8281590168717711	0.8524113814010982	0.7956979463084288	0.8536315534730446	0.8795190635566312	0.8795190635566312	0.8795190635566312	0.0	0.8261930318337902	0.8262237294125164	0.8295047622940767	0.0143359919026002	0.8828093168110388	0.8828650678386766	0.8832724884614627	0.0032069676044403	0.1559332168468887	0.1079416010783942	0.1556118417378499	0.180844763192913	0.1311370267470643	0.1690276036359228	0.185005342847647	0.185005342847647	0.185005342847647	0.0	0.1289999010950882	0.132326354491833	0.1318757437028056	0.0087659568270279	0.1845603439954818	0.1861001987166174	0.1854996987811029	0.0063318996787472	0.7528403450827513	0.8281590168717711	0.1079416010783942	0.1556118417378499	6	E2F4	2686
7	E2F4	LogisticRegression	mono+di	0.8176400670347485	0.7528403450827513	0.8281590168717711	0.8524113814010982	0.7956979463084288	0.8536315534730446	0.8909218268884198	0.8909218268884198	0.8909218268884198	0.0	0.8512388794302632	0.8511246391177026	0.8519234895625785	0.0134850788051259	0.8996938115308188	0.8996416252367707	0.8989526132695638	0.002382177293338	0.1559332168468887	0.1079416010783942	0.1556118417378499	0.180844763192913	0.1311370267470643	0.1690276036359228	0.2160031458181476	0.2160031458181476	0.2160031458181476	0.0	0.1470919166400615	0.1510829596923338	0.1529370171745756	0.0139408628038061	0.218105343927231	0.2190435509691619	0.2163439636770161	0.0073357174632516	0.7528403450827513	0.8281590168717711	0.1079416010783942	0.1556118417378499	6	E2F4	2686
7	E2F4	Single best mono PWM	mono	0.8176400670347485	0.7528403450827513	0.8281590168717711	0.8524113814010982	0.7956979463084288	0.8536315534730446	0.8281590168717711	0.8281590168717711	0.8281590168717711	0.0	0.7528403450827513	0.7528403450827513	0.7528403450827513	0.0159018289099298	0.8176400670347485	0.8176400670347485	0.8176400670347485	0.0100781325292691	0.1559332168468887	0.1079416010783942	0.1556118417378499	0.180844763192913	0.1311370267470643	0.1690276036359228	0.1556118417378499	0.1556118417378499	0.1556118417378499	0.0	0.1079416010783942	0.1079416010783942	0.1079416010783942	0.0408322015079115	0.1559332168468887	0.1559332168468887	0.1559332168468887	0.0555077089305495	0.7528403450827513	0.8281590168717711	0.1079416010783942	0.1556118417378499	6	E2F4	2686
7	E2F4	XGBClassifier	mono	0.8176400670347485	0.7528403450827513	0.8281590168717711	0.8524113814010982	0.7956979463084288	0.8536315534730446	0.8680400254020563	0.8680400254020563	0.8680400254020563	0.0	0.8455136952878665	0.8436023655514057	0.843420286301076	0.0159018289099298	0.939987517910963	0.9400385367619656	0.9414609261591173	0.0100781325292691	0.1559332168468887	0.1079416010783942	0.1556118417378499	0.180844763192913	0.1311370267470643	0.1690276036359228	0.1567300527158866	0.1567300527158866	0.1567300527158866	0.0	0.1479092286300656	0.1505151906345322	0.1461406412654219	0.0408322015079115	0.4364428239656786	0.4348752719590979	0.452953940162179	0.0555077089305495	0.7528403450827513	0.8281590168717711	0.1079416010783942	0.1556118417378499	6	E2F4	2686
4	E2F4	Single best di PWM	di	0.8176400670347485	0.7528403450827513	0.8281590168717711	0.8524113814010982	0.7956979463084288	0.8536315534730446	0.8536315534730446	0.8536315534730446	0.8536315534730446	0.0	0.7956979463084288	0.7956979463084288	0.7956979463084288	0.0	0.8524113814010982	0.8524113814010982	0.8524113814010982	0.0	0.1559332168468887	0.1079416010783942	0.1556118417378499	0.180844763192913	0.1311370267470643	0.1690276036359228	0.1690276036359228	0.1690276036359228	0.1690276036359228	0.0	0.1311370267470643	0.1311370267470643	0.1311370267470643	0.0	0.180844763192913	0.180844763192913	0.180844763192913	0.0	0.7528403450827513	0.8281590168717711	0.1079416010783942	0.1556118417378499	6	E2F4	2686
4	E2F4	XGBClassifier	di	0.8176400670347485	0.7528403450827513	0.8281590168717711	0.8524113814010982	0.7956979463084288	0.8536315534730446	0.8715268077510598	0.8715268077510598	0.8715268077510598	0.0	0.8285219259633594	0.8267477171038842	0.8302640722724114	0.0199740345020189	0.9268321426021424	0.9270432785427972	0.9288690080794364	0.00723174394782	0.1559332168468887	0.1079416010783942	0.1556118417378499	0.180844763192913	0.1311370267470643	0.1690276036359228	0.1689047494814154	0.1689047494814154	0.1689047494814154	0.0	0.1198354394758246	0.1247260169866206	0.1153767383589166	0.0155482480117749	0.3894488415137019	0.3835377253212592	0.3933552927827743	0.0410805217173823	0.7528403450827513	0.8281590168717711	0.1079416010783942	0.1556118417378499	6	E2F4	2686
7	E2F4	XGBClassifier	mono+di	0.8176400670347485	0.7528403450827513	0.8281590168717711	0.8524113814010982	0.7956979463084288	0.8536315534730446	0.8790887115321903	0.8790887115321903	0.8790887115321903	0.0	0.8475517283215318	0.8499367472329916	0.8513898540653231	0.0226929891538194	0.950711390641414	0.9493426375129456	0.9508980052071322	0.0086751273722229	0.1559332168468887	0.1079416010783942	0.1556118417378499	0.180844763192913	0.1311370267470643	0.1690276036359228	0.1560676637207233	0.1560676637207233	0.1560676637207233	0.0	0.1594109103402773	0.1453033368173679	0.1488466465177995	0.0262656471070565	0.4843542277297961	0.4707408544298976	0.4840587921025749	0.0602527253332115	0.7528403450827513	0.8281590168717711	0.1079416010783942	0.1556118417378499	6	E2F4	2686
7	E2F4	Single best mono PWM	mono	0.8176400670347485	0.7528403450827513	0.8281590168717711	0.8524113814010982	0.7956979463084288	0.8536315534730446	0.8281590168717711	0.8281590168717711	0.8281590168717711	0.0	0.7528403450827513	0.7528403450827513	0.7528403450827513	0.0148914147933543	0.8176400670347485	0.8176400670347485	0.8176400670347485	0.0106491088854937	0.1559332168468887	0.1079416010783942	0.1556118417378499	0.180844763192913	0.1311370267470643	0.1690276036359228	0.1556118417378499	0.1556118417378499	0.1556118417378499	0.0	0.1079416010783942	0.1079416010783942	0.1079416010783942	0.0380879843486583	0.1559332168468887	0.1559332168468887	0.1559332168468887	0.0588354365593587	0.7528403450827513	0.8281590168717711	0.1079416010783942	0.1556118417378499	6	E2F4	2686
7	E2F4	BaggingClassifier_XGBClassifier	mono	0.8176400670347485	0.7528403450827513	0.8281590168717711	0.8524113814010982	0.7956979463084288	0.8536315534730446	0.8755789300242006	0.8755789300242006	0.8755789300242006	0.0	0.846372575266262	0.8455652164948667	0.8411866901034215	0.0148914147933543	0.9533472265510906	0.9513606709086389	0.9555152187131156	0.0106491088854937	0.1559332168468887	0.1079416010783942	0.1556118417378499	0.180844763192913	0.1311370267470643	0.1690276036359228	0.1614660466110127	0.1614660466110127	0.1614660466110127	0.0	0.1588784193753944	0.1669100152136664	0.1524934780691891	0.0380879843486583	0.4542566726541541	0.4585446653146179	0.4736816374828145	0.0588354365593587	0.7528403450827513	0.8281590168717711	0.1079416010783942	0.1556118417378499	6	E2F4	2686
4	E2F4	Single best di PWM	di	0.8176400670347485	0.7528403450827513	0.8281590168717711	0.8524113814010982	0.7956979463084288	0.8536315534730446	0.8536315534730446	0.8536315534730446	0.8536315534730446	0.0	0.7956979463084288	0.7956979463084288	0.7956979463084288	0.0	0.8524113814010982	0.8524113814010982	0.8524113814010982	0.0	0.1559332168468887	0.1079416010783942	0.1556118417378499	0.180844763192913	0.1311370267470643	0.1690276036359228	0.1690276036359228	0.1690276036359228	0.1690276036359228	0.0	0.1311370267470643	0.1311370267470643	0.1311370267470643	0.0	0.180844763192913	0.180844763192913	0.180844763192913	0.0	0.7528403450827513	0.8281590168717711	0.1079416010783942	0.1556118417378499	6	E2F4	2686
4	E2F4	BaggingClassifier_XGBClassifier	di	0.8176400670347485	0.7528403450827513	0.8281590168717711	0.8524113814010982	0.7956979463084288	0.8536315534730446	0.8738935241920258	0.8738935241920258	0.8738935241920258	0.0	0.8302763255612173	0.8287883410855027	0.8325736827044925	0.0188900636429562	0.9399006764021776	0.9381035866771192	0.9409088966058494	0.008907490338076	0.1559332168468887	0.1079416010783942	0.1556118417378499	0.180844763192913	0.1311370267470643	0.1690276036359228	0.1781073462922867	0.1781073462922867	0.1781073462922867	0.0	0.121090265049104	0.1340522816168459	0.1366399475920625	0.0092297109532755	0.4093430679928719	0.4020973692884519	0.4144451918207103	0.044433500000561	0.7528403450827513	0.8281590168717711	0.1079416010783942	0.1556118417378499	6	E2F4	2686
7	E2F4	BaggingClassifier_XGBClassifier	mono+di	0.8176400670347485	0.7528403450827513	0.8281590168717711	0.8524113814010982	0.7956979463084288	0.8536315534730446	0.8848971319705474	0.8848971319705474	0.8848971319705474	0.0	0.8579807405000973	0.8532453131799722	0.858403507337612	0.0161170403137252	0.9647048510452536	0.9615336249089572	0.9645114634998424	0.0091041415929283	0.1559332168468887	0.1079416010783942	0.1556118417378499	0.180844763192913	0.1311370267470643	0.1690276036359228	0.1899670951880981	0.1899670951880981	0.1899670951880981	0.0	0.1603613988011255	0.1556685140781792	0.1454577287766243	0.0312979946792065	0.5099089869119449	0.5039682502418666	0.509931479791371	0.0611471812176069	0.7528403450827513	0.8281590168717711	0.1079416010783942	0.1556118417378499	6	E2F4	2686
7	E2F4	Single best mono PWM	mono	0.8176400670347485	0.7528403450827513	0.8281590168717711	0.8524113814010982	0.7956979463084288	0.8536315534730446	0.8281590168717711	0.8281590168717711	0.8281590168717711	0.0	0.7528403450827513	0.7528403450827513	0.7528403450827513	0.0166428605662855	0.8176400670347485	0.8176400670347485	0.8176400670347485	0.00331326878792	0.1559332168468887	0.1079416010783942	0.1556118417378499	0.180844763192913	0.1311370267470643	0.1690276036359228	0.1556118417378499	0.1556118417378499	0.1556118417378499	0.0	0.1079416010783942	0.1079416010783942	0.1079416010783942	0.0140880975009693	0.1559332168468887	0.1559332168468887	0.1559332168468887	0.0082065597357408	0.7528403450827513	0.8281590168717711	0.1079416010783942	0.1556118417378499	6	E2F4	2686
7	E2F4	BaggingClassifier_LogisticRegression	mono	0.8176400670347485	0.7528403450827513	0.8281590168717711	0.8524113814010982	0.7956979463084288	0.8536315534730446	0.8844577999759711	0.8844577999759711	0.8844577999759711	0.0	0.8384398631941813	0.838238688921237	0.8379522135469892	0.0166428605662855	0.8907499118049783	0.8905684128457	0.8908781743278618	0.00331326878792	0.1559332168468887	0.1079416010783942	0.1556118417378499	0.180844763192913	0.1311370267470643	0.1690276036359228	0.2106806183503183	0.2106806183503183	0.2106806183503183	0.0	0.1386840291136755	0.1396109120938176	0.1364579185183466	0.0140880975009693	0.1948937519437698	0.1960241837073124	0.1949441602979333	0.0082065597357408	0.7528403450827513	0.8281590168717711	0.1079416010783942	0.1556118417378499	6	E2F4	2686
4	E2F4	Single best di PWM	di	0.8176400670347485	0.7528403450827513	0.8281590168717711	0.8524113814010982	0.7956979463084288	0.8536315534730446	0.8536315534730446	0.8536315534730446	0.8536315534730446	0.0	0.7956979463084288	0.7956979463084288	0.7956979463084288	0.0	0.8524113814010982	0.8524113814010982	0.8524113814010982	0.0	0.1559332168468887	0.1079416010783942	0.1556118417378499	0.180844763192913	0.1311370267470643	0.1690276036359228	0.1690276036359228	0.1690276036359228	0.1690276036359228	0.0	0.1311370267470643	0.1311370267470643	0.1311370267470643	0.0	0.180844763192913	0.180844763192913	0.180844763192913	0.0	0.7528403450827513	0.8281590168717711	0.1079416010783942	0.1556118417378499	6	E2F4	2686
4	E2F4	BaggingClassifier_LogisticRegression	di	0.8176400670347485	0.7528403450827513	0.8281590168717711	0.8524113814010982	0.7956979463084288	0.8536315534730446	0.8795483102483566	0.8795483102483566	0.8795483102483566	0.0	0.8262485970819304	0.8264064964389146	0.8294679720394065	0.0144315961089084	0.8828351937152586	0.882959176931301	0.8834899123907651	0.0031926730106107	0.1559332168468887	0.1079416010783942	0.1556118417378499	0.180844763192913	0.1311370267470643	0.1690276036359228	0.1849047337125279	0.1849047337125279	0.1849047337125279	0.0	0.1290278573674561	0.132403593617181	0.1315161818308621	0.0087531239138651	0.1845942881035689	0.1857889661616727	0.1852125220543187	0.0063145422206043	0.7528403450827513	0.8281590168717711	0.1079416010783942	0.1556118417378499	6	E2F4	2686
7	E2F4	BaggingClassifier_LogisticRegression	mono+di	0.8176400670347485	0.7528403450827513	0.8281590168717711	0.8524113814010982	0.7956979463084288	0.8536315534730446	0.8909033726378661	0.8909033726378661	0.8909033726378661	0.0	0.8512956144731011	0.8513022758902137	0.8524844434907888	0.0137785330078708	0.8997164349796053	0.8996015207492905	0.8990156569831523	0.0023368866590318	0.1559332168468887	0.1079416010783942	0.1556118417378499	0.180844763192913	0.1311370267470643	0.1690276036359228	0.2149535919541491	0.2149535919541491	0.2149535919541491	0.0	0.1475802831039756	0.1513133196220722	0.1535276366502045	0.0142415741188542	0.2180850052473334	0.2189043241241995	0.2168233133185604	0.0072705362457396	0.7528403450827513	0.8281590168717711	0.1079416010783942	0.1556118417378499	6	E2F4	2686
37	ERG	Single best mono PWM	mono	0.7544202662402125	0.7588901941025061	0.8003593877797115	0.7595148662317158	0.7554783031700688	0.8023990868585876	0.8003593877797115	0.8003593877797115	0.8003593877797115	0.0	0.7588901941025061	0.7588901941025061	0.7588901941025061	0.0132984221453766	0.7544202662402125	0.7544202662402125	0.7544202662402125	0.009775449898497	0.0887005434277112	0.072289405540921	0.0732963877583413	0.0957822179803226	0.0785688909201183	0.0687585782940645	0.0732963877583413	0.0732963877583413	0.0732963877583413	0.0	0.072289405540921	0.072289405540921	0.072289405540921	0.0069200070635689	0.0887005434277112	0.0887005434277112	0.0887005434277112	0.0150294854613469	0.7588901941025061	0.8003593877797115	0.072289405540921	0.0732963877583413	7	ERG	6048
37	ERG	RandomForestClassifier	mono	0.7544202662402125	0.7588901941025061	0.8003593877797115	0.7595148662317158	0.7554783031700688	0.8023990868585876	0.8120283751904332	0.8120283751904332	0.8120283751904332	0.0	0.7670228067346295	0.767620615347427	0.7703806708531643	0.0132984221453766	0.803600008137365	0.8034838410218667	0.804930991013495	0.009775449898497	0.0887005434277112	0.072289405540921	0.0732963877583413	0.0957822179803226	0.0785688909201183	0.0687585782940645	0.0660677822473746	0.0660677822473746	0.0660677822473746	0.0	0.0820273017217577	0.0798583047094179	0.0802515435696844	0.0069200070635689	0.1585975698915934	0.1604840542328032	0.1644788553355144	0.0150294854613469	0.7588901941025061	0.8003593877797115	0.072289405540921	0.0732963877583413	7	ERG	6048
17	ERG	Single best di PWM	di	0.7544202662402125	0.7588901941025061	0.8003593877797115	0.7595148662317158	0.7554783031700688	0.8023990868585876	0.8023990868585876	0.8023990868585876	0.8023990868585876	0.0	0.7554783031700688	0.7554783031700688	0.7554783031700688	0.0	0.7595148662317158	0.7595148662317158	0.7595148662317158	0.0	0.0887005434277112	0.072289405540921	0.0732963877583413	0.0957822179803226	0.0785688909201183	0.0687585782940645	0.0687585782940645	0.0687585782940645	0.0687585782940645	0.0	0.0785688909201183	0.0785688909201183	0.0785688909201183	0.0	0.0957822179803226	0.0957822179803226	0.0957822179803226	0.0	0.7588901941025061	0.8003593877797115	0.072289405540921	0.0732963877583413	7	ERG	6048
17	ERG	RandomForestClassifier	di	0.7544202662402125	0.7588901941025061	0.8003593877797115	0.7595148662317158	0.7554783031700688	0.8023990868585876	0.8140177490214175	0.8140177490214175	0.8140177490214175	0.0	0.7663917415938075	0.76571847171094	0.7694886010675485	0.0151384156225174	0.8024030353308456	0.803023921549346	0.8081053569438781	0.0109316567460801	0.0887005434277112	0.072289405540921	0.0732963877583413	0.0957822179803226	0.0785688909201183	0.0687585782940645	0.0651667180346437	0.0651667180346437	0.0651667180346437	0.0	0.0828759342870523	0.0839647252303142	0.088702127765549	0.009388817602583	0.167669815612553	0.1658273922857917	0.1717151759128535	0.0179068418429626	0.7588901941025061	0.8003593877797115	0.072289405540921	0.0732963877583413	7	ERG	6048
37	ERG	RandomForestClassifier	mono+di	0.7544202662402125	0.7588901941025061	0.8003593877797115	0.7595148662317158	0.7554783031700688	0.8023990868585876	0.8139492872739842	0.8139492872739842	0.8139492872739842	0.0	0.7681327272919454	0.7682994759736219	0.7714628451470558	0.0140662602021147	0.807466836333069	0.807686888056014	0.808985533000518	0.009842391219275	0.0887005434277112	0.072289405540921	0.0732963877583413	0.0957822179803226	0.0785688909201183	0.0687585782940645	0.065173343747252	0.065173343747252	0.065173343747252	0.0	0.0841216132586655	0.0840167674257856	0.087411810945928	0.0072472766356038	0.1701619474346301	0.1723363290884124	0.182004517544002	0.0168487632991303	0.7588901941025061	0.8003593877797115	0.072289405540921	0.0732963877583413	7	ERG	6048
37	ERG	Single best mono PWM	mono	0.7544202662402125	0.7588901941025061	0.8003593877797115	0.7595148662317158	0.7554783031700688	0.8023990868585876	0.8003593877797115	0.8003593877797115	0.8003593877797115	0.0	0.7588901941025061	0.7588901941025061	0.7588901941025061	0.01375148859596	0.7544202662402125	0.7544202662402125	0.7544202662402125	0.0061066761179735	0.0887005434277112	0.072289405540921	0.0732963877583413	0.0957822179803226	0.0785688909201183	0.0687585782940645	0.0732963877583413	0.0732963877583413	0.0732963877583413	0.0	0.072289405540921	0.072289405540921	0.072289405540921	0.0104212270233897	0.0887005434277112	0.0887005434277112	0.0887005434277112	0.0069780759623278	0.7588901941025061	0.8003593877797115	0.072289405540921	0.0732963877583413	7	ERG	6048
37	ERG	LogisticRegression	mono	0.7544202662402125	0.7588901941025061	0.8003593877797115	0.7595148662317158	0.7554783031700688	0.8023990868585876	0.7967040440309727	0.7967040440309727	0.7967040440309727	0.0	0.7721092980242614	0.7720594073297679	0.7715300056468077	0.01375148859596	0.7734781749155495	0.773368179799524	0.7751588885766448	0.0061066761179735	0.0887005434277112	0.072289405540921	0.0732963877583413	0.0957822179803226	0.0785688909201183	0.0687585782940645	0.069589253111378	0.069589253111378	0.069589253111378	0.0	0.0816463826697302	0.0834646160043708	0.0826650061011498	0.0104212270233897	0.1016996160400774	0.1025082407881968	0.1042187026117812	0.0069780759623278	0.7588901941025061	0.8003593877797115	0.072289405540921	0.0732963877583413	7	ERG	6048
17	ERG	Single best di PWM	di	0.7544202662402125	0.7588901941025061	0.8003593877797115	0.7595148662317158	0.7554783031700688	0.8023990868585876	0.8023990868585876	0.8023990868585876	0.8023990868585876	0.0	0.7554783031700688	0.7554783031700688	0.7554783031700688	0.0	0.7595148662317158	0.7595148662317158	0.7595148662317158	0.0	0.0887005434277112	0.072289405540921	0.0732963877583413	0.0957822179803226	0.0785688909201183	0.0687585782940645	0.0687585782940645	0.0687585782940645	0.0687585782940645	0.0	0.0785688909201183	0.0785688909201183	0.0785688909201183	0.0	0.0957822179803226	0.0957822179803226	0.0957822179803226	0.0	0.7588901941025061	0.8003593877797115	0.072289405540921	0.0732963877583413	7	ERG	6048
17	ERG	LogisticRegression	di	0.7544202662402125	0.7588901941025061	0.8003593877797115	0.7595148662317158	0.7554783031700688	0.8023990868585876	0.7931608250962892	0.7931608250962892	0.7931608250962892	0.0	0.7668386532279329	0.7667209268833054	0.7651150019571072	0.015237944965727	0.7725921193446875	0.7724793524523738	0.7725208093793201	0.0086976871603485	0.0887005434277112	0.072289405540921	0.0732963877583413	0.0957822179803226	0.0785688909201183	0.0687585782940645	0.0641038711278609	0.0641038711278609	0.0641038711278609	0.0	0.0816639608562534	0.084034150360841	0.0893411938567729	0.0107288565342977	0.1041869094896027	0.1045652461002046	0.1060018787354432	0.0068828680923762	0.7588901941025061	0.8003593877797115	0.072289405540921	0.0732963877583413	7	ERG	6048
37	ERG	LogisticRegression	mono+di	0.7544202662402125	0.7588901941025061	0.8003593877797115	0.7595148662317158	0.7554783031700688	0.8023990868585876	0.7940215405001176	0.7940215405001176	0.7940215405001176	0.0	0.7727119598813688	0.772814360594337	0.7745683166735798	0.0162073248158146	0.7777882798203969	0.7775945181138143	0.7778696172863997	0.0069996930136591	0.0887005434277112	0.072289405540921	0.0732963877583413	0.0957822179803226	0.0785688909201183	0.0687585782940645	0.0675857806020904	0.0675857806020904	0.0675857806020904	0.0	0.089429519738721	0.0918529938488706	0.0925792225420742	0.0122273545959295	0.1086508894392163	0.1099010374654238	0.1124650576050088	0.0076021423021545	0.7588901941025061	0.8003593877797115	0.072289405540921	0.0732963877583413	7	ERG	6048
37	ERG	Single best mono PWM	mono	0.7544202662402125	0.7588901941025061	0.8003593877797115	0.7595148662317158	0.7554783031700688	0.8023990868585876	0.8003593877797115	0.8003593877797115	0.8003593877797115	0.0	0.7588901941025061	0.7588901941025061	0.7588901941025061	0.0145483473033871	0.7544202662402125	0.7544202662402125	0.7544202662402125	0.0150653549654619	0.0887005434277112	0.072289405540921	0.0732963877583413	0.0957822179803226	0.0785688909201183	0.0687585782940645	0.0732963877583413	0.0732963877583413	0.0732963877583413	0.0	0.072289405540921	0.072289405540921	0.072289405540921	0.011144223463498	0.0887005434277112	0.0887005434277112	0.0887005434277112	0.021984839034754	0.7588901941025061	0.8003593877797115	0.072289405540921	0.0732963877583413	7	ERG	6048
37	ERG	XGBClassifier	mono	0.7544202662402125	0.7588901941025061	0.8003593877797115	0.7595148662317158	0.7554783031700688	0.8023990868585876	0.793280542168514	0.793280542168514	0.793280542168514	0.0	0.7741342689828553	0.7753923683581405	0.7757766599871863	0.0145483473033871	0.8367939379442361	0.8347250886658875	0.8424989002582441	0.0150653549654619	0.0887005434277112	0.072289405540921	0.0732963877583413	0.0957822179803226	0.0785688909201183	0.0687585782940645	0.0633123668780236	0.0633123668780236	0.0633123668780236	0.0	0.0834970012935168	0.0834962307063333	0.0827729250331001	0.011144223463498	0.2028986382857063	0.2048847126512744	0.2154960988290726	0.021984839034754	0.7588901941025061	0.8003593877797115	0.072289405540921	0.0732963877583413	7	ERG	6048
17	ERG	Single best di PWM	di	0.7544202662402125	0.7588901941025061	0.8003593877797115	0.7595148662317158	0.7554783031700688	0.8023990868585876	0.8023990868585876	0.8023990868585876	0.8023990868585876	0.0	0.7554783031700688	0.7554783031700688	0.7554783031700688	0.0	0.7595148662317158	0.7595148662317158	0.7595148662317158	0.0	0.0887005434277112	0.072289405540921	0.0732963877583413	0.0957822179803226	0.0785688909201183	0.0687585782940645	0.0687585782940645	0.0687585782940645	0.0687585782940645	0.0	0.0785688909201183	0.0785688909201183	0.0785688909201183	0.0	0.0957822179803226	0.0957822179803226	0.0957822179803226	0.0	0.7588901941025061	0.8003593877797115	0.072289405540921	0.0732963877583413	7	ERG	6048
17	ERG	XGBClassifier	di	0.7544202662402125	0.7588901941025061	0.8003593877797115	0.7595148662317158	0.7554783031700688	0.8023990868585876	0.7896141790304215	0.7896141790304215	0.7896141790304215	0.0	0.7679410685624581	0.7645622061802928	0.7601698773836044	0.015401775721698	0.8306405371348103	0.825520720868659	0.8300705051907691	0.015683901737607	0.0887005434277112	0.072289405540921	0.0732963877583413	0.0957822179803226	0.0785688909201183	0.0687585782940645	0.0615832174685209	0.0615832174685209	0.0615832174685209	0.0	0.0824172705201398	0.0789383406818346	0.0744572566303966	0.0097159923630981	0.1934769535214452	0.1925267647642591	0.2032508393806832	0.0255590111525122	0.7588901941025061	0.8003593877797115	0.072289405540921	0.0732963877583413	7	ERG	6048
37	ERG	XGBClassifier	mono+di	0.7544202662402125	0.7588901941025061	0.8003593877797115	0.7595148662317158	0.7554783031700688	0.8023990868585876	0.7834942427026773	0.7834942427026773	0.7834942427026773	0.0	0.7723931365899245	0.7724895532536298	0.771025271025271	0.0186417235264415	0.8464166488613	0.8410635016737051	0.8456488338604746	0.0155526915475917	0.0887005434277112	0.072289405540921	0.0732963877583413	0.0957822179803226	0.0785688909201183	0.0687585782940645	0.0609385410785695	0.0609385410785695	0.0609385410785695	0.0	0.0864643905161942	0.0852339670985548	0.0849119925160419	0.0085918845907886	0.2301822609730038	0.2243949898305813	0.2317923462198576	0.0241246209528498	0.7588901941025061	0.8003593877797115	0.072289405540921	0.0732963877583413	7	ERG	6048
37	ERG	Single best mono PWM	mono	0.7544202662402125	0.7588901941025061	0.8003593877797115	0.7595148662317158	0.7554783031700688	0.8023990868585876	0.8003593877797115	0.8003593877797115	0.8003593877797115	0.0	0.7588901941025061	0.7588901941025061	0.7588901941025061	0.0164903901163117	0.7544202662402125	0.7544202662402125	0.7544202662402125	0.0196174621015095	0.0887005434277112	0.072289405540921	0.0732963877583413	0.0957822179803226	0.0785688909201183	0.0687585782940645	0.0732963877583413	0.0732963877583413	0.0732963877583413	0.0	0.072289405540921	0.072289405540921	0.072289405540921	0.0073856362752182	0.0887005434277112	0.0887005434277112	0.0887005434277112	0.0244253514108628	0.7588901941025061	0.8003593877797115	0.072289405540921	0.0732963877583413	7	ERG	6048
37	ERG	BaggingClassifier_XGBClassifier	mono	0.7544202662402125	0.7588901941025061	0.8003593877797115	0.7595148662317158	0.7554783031700688	0.8023990868585876	0.7983789002269307	0.7983789002269307	0.7983789002269307	0.0	0.7768362483055661	0.7768901622564286	0.775793212635318	0.0164903901163117	0.8600641375861295	0.856536976819075	0.8645398449371777	0.0196174621015095	0.0887005434277112	0.072289405540921	0.0732963877583413	0.0957822179803226	0.0785688909201183	0.0687585782940645	0.0655959868614075	0.0655959868614075	0.0655959868614075	0.0	0.0834912858971153	0.085588276024261	0.0844707363944241	0.0073856362752182	0.2239801240598222	0.2199145206481497	0.2301335442530738	0.0244253514108628	0.7588901941025061	0.8003593877797115	0.072289405540921	0.0732963877583413	7	ERG	6048
17	ERG	Single best di PWM	di	0.7544202662402125	0.7588901941025061	0.8003593877797115	0.7595148662317158	0.7554783031700688	0.8023990868585876	0.8023990868585876	0.8023990868585876	0.8023990868585876	0.0	0.7554783031700688	0.7554783031700688	0.7554783031700688	0.0	0.7595148662317158	0.7595148662317158	0.7595148662317158	0.0	0.0887005434277112	0.072289405540921	0.0732963877583413	0.0957822179803226	0.0785688909201183	0.0687585782940645	0.0687585782940645	0.0687585782940645	0.0687585782940645	0.0	0.0785688909201183	0.0785688909201183	0.0785688909201183	0.0	0.0957822179803226	0.0957822179803226	0.0957822179803226	0.0	0.7588901941025061	0.8003593877797115	0.072289405540921	0.0732963877583413	7	ERG	6048
17	ERG	BaggingClassifier_XGBClassifier	di	0.7544202662402125	0.7588901941025061	0.8003593877797115	0.7595148662317158	0.7554783031700688	0.8023990868585876	0.7949893360617746	0.7949893360617746	0.7949893360617746	0.0	0.7688819768945552	0.7662238400220339	0.7679943837838574	0.0157656080822228	0.8476312169624544	0.8500014305726543	0.8601990410129441	0.0199738069401888	0.0887005434277112	0.072289405540921	0.0732963877583413	0.0957822179803226	0.0785688909201183	0.0687585782940645	0.0612385478993753	0.0612385478993753	0.0612385478993753	0.0	0.0829971994944268	0.0831592571482145	0.0818491886749456	0.0077615601345874	0.2167175022150316	0.2138366942545006	0.2248018506220521	0.0247013116452161	0.7588901941025061	0.8003593877797115	0.072289405540921	0.0732963877583413	7	ERG	6048
37	ERG	BaggingClassifier_XGBClassifier	mono+di	0.7544202662402125	0.7588901941025061	0.8003593877797115	0.7595148662317158	0.7554783031700688	0.8023990868585876	0.7937772133424141	0.7937772133424141	0.7937772133424141	0.0	0.7795123895210787	0.7814733836513438	0.7803455803455803	0.017029579974724	0.8669403214868293	0.8680589267110432	0.8755041415026414	0.0227342969873372	0.0887005434277112	0.072289405540921	0.0732963877583413	0.0957822179803226	0.0785688909201183	0.0687585782940645	0.0617217715974699	0.0617217715974699	0.0617217715974699	0.0	0.0902326446376415	0.0911092371256434	0.0902043323952955	0.0095206917059297	0.2476651352388298	0.243995671738922	0.264234001443876	0.0312286776147251	0.7588901941025061	0.8003593877797115	0.072289405540921	0.0732963877583413	7	ERG	6048
37	ERG	Single best mono PWM	mono	0.7544202662402125	0.7588901941025061	0.8003593877797115	0.7595148662317158	0.7554783031700688	0.8023990868585876	0.8003593877797115	0.8003593877797115	0.8003593877797115	0.0	0.7588901941025061	0.7588901941025061	0.7588901941025061	0.0135633621056218	0.7544202662402125	0.7544202662402125	0.7544202662402125	0.006070283868914	0.0887005434277112	0.072289405540921	0.0732963877583413	0.0957822179803226	0.0785688909201183	0.0687585782940645	0.0732963877583413	0.0732963877583413	0.0732963877583413	0.0	0.072289405540921	0.072289405540921	0.072289405540921	0.0105632368426123	0.0887005434277112	0.0887005434277112	0.0887005434277112	0.0069375965868744	0.7588901941025061	0.8003593877797115	0.072289405540921	0.0732963877583413	7	ERG	6048
37	ERG	BaggingClassifier_LogisticRegression	mono	0.7544202662402125	0.7588901941025061	0.8003593877797115	0.7595148662317158	0.7554783031700688	0.8023990868585876	0.7965750666278784	0.7965750666278784	0.7965750666278784	0.0	0.7721410871823886	0.7721535896224554	0.7719988923569527	0.0135633621056218	0.7735073085563846	0.7732332861355635	0.7751294243751141	0.006070283868914	0.0887005434277112	0.072289405540921	0.0732963877583413	0.0957822179803226	0.0785688909201183	0.0687585782940645	0.0697891655524217	0.0697891655524217	0.0697891655524217	0.0	0.0812167341630197	0.0833400742221882	0.0825404887784741	0.0105632368426123	0.1015495529095125	0.1026574838608624	0.1040631861718418	0.0069375965868744	0.7588901941025061	0.8003593877797115	0.072289405540921	0.0732963877583413	7	ERG	6048
17	ERG	Single best di PWM	di	0.7544202662402125	0.7588901941025061	0.8003593877797115	0.7595148662317158	0.7554783031700688	0.8023990868585876	0.8023990868585876	0.8023990868585876	0.8023990868585876	0.0	0.7554783031700688	0.7554783031700688	0.7554783031700688	0.0	0.7595148662317158	0.7595148662317158	0.7595148662317158	0.0	0.0887005434277112	0.072289405540921	0.0732963877583413	0.0957822179803226	0.0785688909201183	0.0687585782940645	0.0687585782940645	0.0687585782940645	0.0687585782940645	0.0	0.0785688909201183	0.0785688909201183	0.0785688909201183	0.0	0.0957822179803226	0.0957822179803226	0.0957822179803226	0.0	0.7588901941025061	0.8003593877797115	0.072289405540921	0.0732963877583413	7	ERG	6048
17	ERG	BaggingClassifier_LogisticRegression	di	0.7544202662402125	0.7588901941025061	0.8003593877797115	0.7595148662317158	0.7554783031700688	0.8023990868585876	0.7931667290626951	0.7931667290626951	0.7931667290626951	0.0	0.7668923752399838	0.766780919017097	0.765745171008329	0.0150536175320043	0.7725704186635229	0.7724703588905746	0.7725844826667843	0.0087109560474058	0.0887005434277112	0.072289405540921	0.0732963877583413	0.0957822179803226	0.0785688909201183	0.0687585782940645	0.0642790355585052	0.0642790355585052	0.0642790355585052	0.0	0.0817424489479941	0.0844379643910491	0.0900581759614853	0.010938352423136	0.1041779982951602	0.1046905982905913	0.1061913505111711	0.0069464189387115	0.7588901941025061	0.8003593877797115	0.072289405540921	0.0732963877583413	7	ERG	6048
37	ERG	BaggingClassifier_LogisticRegression	mono+di	0.7544202662402125	0.7588901941025061	0.8003593877797115	0.7595148662317158	0.7554783031700688	0.8023990868585876	0.7936783825623037	0.7936783825623037	0.7936783825623037	0.0	0.7727568326291469	0.7730174253031381	0.7750734645471488	0.0157135597772081	0.7777853434967615	0.777508393708935	0.7778246350604059	0.006927625756195	0.0887005434277112	0.072289405540921	0.0732963877583413	0.0957822179803226	0.0785688909201183	0.0687585782940645	0.0675125787633857	0.0675125787633857	0.0675125787633857	0.0	0.0892419533029074	0.0918435892317354	0.0917474756610488	0.0128148366558369	0.1086284130436015	0.1100002527665181	0.1114585079268399	0.0076939723522086	0.7588901941025061	0.8003593877797115	0.072289405540921	0.0732963877583413	7	ERG	6048
190	ESR1	Single best mono PWM	mono	0.8934173068858509	0.8537285780143842	0.8691397574230324	0.8975277032835696	0.8593224621046647	0.8725425969891776	0.8691397574230324	0.8691397574230324	0.8691397574230324	0.0	0.8537285780143842	0.8537285780143842	0.8537285780143842	0.006225579013807	0.8934173068858509	0.8934173068858509	0.8934173068858509	0.0044438494789452	0.5493751635667876	0.5841917697210154	0.371448478866594	0.5640398857834648	0.6041033434510055	0.3872292664768628	0.371448478866594	0.371448478866594	0.371448478866594	0.0	0.5841917697210154	0.5841917697210154	0.5841917697210154	0.0134445935158937	0.5493751635667876	0.5493751635667876	0.5493751635667876	0.016268709472575	0.8537285780143842	0.8691397574230324	0.5841917697210154	0.371448478866594	8	ESR1	10000
190	ESR1	RandomForestClassifier	mono	0.8934173068858509	0.8537285780143842	0.8691397574230324	0.8975277032835696	0.8593224621046647	0.8725425969891776	0.891551957455482	0.891551957455482	0.891551957455482	0.0	0.8698266133771372	0.8693439368357446	0.8694997434375948	0.006225579013807	0.9206657112303952	0.9208451178901376	0.9233207152893816	0.0044438494789452	0.5493751635667876	0.5841917697210154	0.371448478866594	0.5640398857834648	0.6041033434510055	0.3872292664768628	0.4002201208885176	0.4002201208885176	0.4002201208885176	0.0	0.6161411238742163	0.6154338929287443	0.6214691481175733	0.0134445935158937	0.6569245820766997	0.6553687035104439	0.6529433348558626	0.016268709472575	0.8537285780143842	0.8691397574230324	0.5841917697210154	0.371448478866594	8	ESR1	10000
100	ESR1	Single best di PWM	di	0.8934173068858509	0.8537285780143842	0.8691397574230324	0.8975277032835696	0.8593224621046647	0.8725425969891776	0.8725425969891776	0.8725425969891776	0.8725425969891776	0.0	0.8593224621046647	0.8593224621046647	0.8593224621046647	0.0	0.8975277032835696	0.8975277032835696	0.8975277032835696	0.0	0.5493751635667876	0.5841917697210154	0.371448478866594	0.5640398857834648	0.6041033434510055	0.3872292664768628	0.3872292664768628	0.3872292664768628	0.3872292664768628	0.0	0.6041033434510055	0.6041033434510055	0.6041033434510055	0.0	0.5640398857834648	0.5640398857834648	0.5640398857834648	0.0	0.8537285780143842	0.8691397574230324	0.5841917697210154	0.371448478866594	8	ESR1	10000
100	ESR1	RandomForestClassifier	di	0.8934173068858509	0.8537285780143842	0.8691397574230324	0.8975277032835696	0.8593224621046647	0.8725425969891776	0.883014470306549	0.883014470306549	0.883014470306549	0.0	0.868204244490454	0.8679155478136958	0.8682872816260784	0.008064135241365	0.9198283276021136	0.9199441227698816	0.9226771140094931	0.0050902248492789	0.5493751635667876	0.5841917697210154	0.371448478866594	0.5640398857834648	0.6041033434510055	0.3872292664768628	0.3913973861816869	0.3913973861816869	0.3913973861816869	0.0	0.6234700138397878	0.6223512737739235	0.6258590431757871	0.007509825389007	0.6568532702579755	0.6573823073634774	0.6562547906107021	0.0160699837827632	0.8537285780143842	0.8691397574230324	0.5841917697210154	0.371448478866594	8	ESR1	10000
190	ESR1	RandomForestClassifier	mono+di	0.8934173068858509	0.8537285780143842	0.8691397574230324	0.8975277032835696	0.8593224621046647	0.8725425969891776	0.8935513422737892	0.8935513422737892	0.8935513422737892	0.0	0.8733956265815667	0.8744146193801355	0.8746013276228262	0.0065862168872165	0.925859946898851	0.92562545426324	0.9279880280741843	0.0043001278190879	0.5493751635667876	0.5841917697210154	0.371448478866594	0.5640398857834648	0.6041033434510055	0.3872292664768628	0.3882835755133371	0.3882835755133371	0.3882835755133371	0.0	0.6257570655134885	0.6286051992139382	0.6318770584886498	0.0101869493124087	0.6707567623481988	0.6704475896024732	0.6711781682167257	0.0157527460256628	0.8537285780143842	0.8691397574230324	0.5841917697210154	0.371448478866594	8	ESR1	10000
190	ESR1	Single best mono PWM	mono	0.8934173068858509	0.8537285780143842	0.8691397574230324	0.8975277032835696	0.8593224621046647	0.8725425969891776	0.8691397574230324	0.8691397574230324	0.8691397574230324	0.0	0.8537285780143842	0.8537285780143842	0.8537285780143842	0.0074600308542031	0.8934173068858509	0.8934173068858509	0.8934173068858509	0.0064514555847007	0.5493751635667876	0.5841917697210154	0.371448478866594	0.5640398857834648	0.6041033434510055	0.3872292664768628	0.371448478866594	0.371448478866594	0.371448478866594	0.0	0.5841917697210154	0.5841917697210154	0.5841917697210154	0.0113614669123694	0.5493751635667876	0.5493751635667876	0.5493751635667876	0.0158245899365329	0.8537285780143842	0.8691397574230324	0.5841917697210154	0.371448478866594	8	ESR1	10000
190	ESR1	LogisticRegression	mono	0.8934173068858509	0.8537285780143842	0.8691397574230324	0.8975277032835696	0.8593224621046647	0.8725425969891776	0.8984323748624004	0.8984323748624004	0.8984323748624004	0.0	0.8771285656232345	0.8771310623726709	0.8783531019974483	0.0074600308542031	0.9209764944854484	0.9208178793438928	0.9247149287190752	0.0064514555847007	0.5493751635667876	0.5841917697210154	0.371448478866594	0.5640398857834648	0.6041033434510055	0.3872292664768628	0.4151342104326877	0.4151342104326877	0.4151342104326877	0.0	0.6241785671791769	0.6238846252966281	0.6265033574524093	0.0113614669123694	0.626455243677407	0.6260101711493127	0.6233561349365075	0.0158245899365329	0.8537285780143842	0.8691397574230324	0.5841917697210154	0.371448478866594	8	ESR1	10000
100	ESR1	Single best di PWM	di	0.8934173068858509	0.8537285780143842	0.8691397574230324	0.8975277032835696	0.8593224621046647	0.8725425969891776	0.8725425969891776	0.8725425969891776	0.8725425969891776	0.0	0.8593224621046647	0.8593224621046647	0.8593224621046647	0.0	0.8975277032835696	0.8975277032835696	0.8975277032835696	0.0	0.5493751635667876	0.5841917697210154	0.371448478866594	0.5640398857834648	0.6041033434510055	0.3872292664768628	0.3872292664768628	0.3872292664768628	0.3872292664768628	0.0	0.6041033434510055	0.6041033434510055	0.6041033434510055	0.0	0.5640398857834648	0.5640398857834648	0.5640398857834648	0.0	0.8537285780143842	0.8691397574230324	0.5841917697210154	0.371448478866594	8	ESR1	10000
100	ESR1	LogisticRegression	di	0.8934173068858509	0.8537285780143842	0.8691397574230324	0.8975277032835696	0.8593224621046647	0.8725425969891776	0.8880429690730594	0.8880429690730594	0.8880429690730594	0.0	0.8713680509738068	0.8712808655971592	0.8709238146293701	0.006686206190416	0.913684317600436	0.9136060091476784	0.9147716731722594	0.0061664583456443	0.5493751635667876	0.5841917697210154	0.371448478866594	0.5640398857834648	0.6041033434510055	0.3872292664768628	0.4024218459407345	0.4024218459407345	0.4024218459407345	0.0	0.6229023570513774	0.6231362152478856	0.6271760722990573	0.0097899133413464	0.6045849409181348	0.6046214020847043	0.6034672613112062	0.0164047284964195	0.8537285780143842	0.8691397574230324	0.5841917697210154	0.371448478866594	8	ESR1	10000
190	ESR1	LogisticRegression	mono+di	0.8934173068858509	0.8537285780143842	0.8691397574230324	0.8975277032835696	0.8593224621046647	0.8725425969891776	0.899666134526606	0.899666134526606	0.899666134526606	0.0	0.8796142620537575	0.8795123941178237	0.8821472388836249	0.0074463435899195	0.9256768207980374	0.9254700680660513	0.9282335195847684	0.0057893332569221	0.5493751635667876	0.5841917697210154	0.371448478866594	0.5640398857834648	0.6041033434510055	0.3872292664768628	0.419501828001995	0.419501828001995	0.419501828001995	0.0	0.6318014208991036	0.6319823380867137	0.6315386142786171	0.0101340431915258	0.6446559785806767	0.6439058066137642	0.6440018955131622	0.0171987625776186	0.8537285780143842	0.8691397574230324	0.5841917697210154	0.371448478866594	8	ESR1	10000
190	ESR1	Single best mono PWM	mono	0.8934173068858509	0.8537285780143842	0.8691397574230324	0.8975277032835696	0.8593224621046647	0.8725425969891776	0.8691397574230324	0.8691397574230324	0.8691397574230324	0.0	0.8537285780143842	0.8537285780143842	0.8537285780143842	0.0060915795229025	0.8934173068858509	0.8934173068858509	0.8934173068858509	0.005783080249422	0.5493751635667876	0.5841917697210154	0.371448478866594	0.5640398857834648	0.6041033434510055	0.3872292664768628	0.371448478866594	0.371448478866594	0.371448478866594	0.0	0.5841917697210154	0.5841917697210154	0.5841917697210154	0.0147611649841571	0.5493751635667876	0.5493751635667876	0.5493751635667876	0.0211585488947193	0.8537285780143842	0.8691397574230324	0.5841917697210154	0.371448478866594	8	ESR1	10000
190	ESR1	XGBClassifier	mono	0.8934173068858509	0.8537285780143842	0.8691397574230324	0.8975277032835696	0.8593224621046647	0.8725425969891776	0.8928830227192753	0.8928830227192753	0.8928830227192753	0.0	0.8783680350086934	0.8763848892338363	0.8767237707227096	0.0060915795229025	0.951053899763063	0.9494181664893658	0.950771045289965	0.005783080249422	0.5493751635667876	0.5841917697210154	0.371448478866594	0.5640398857834648	0.6041033434510055	0.3872292664768628	0.3799955972242536	0.3799955972242536	0.3799955972242536	0.0	0.6335283009559991	0.6249748918062492	0.6282066223769148	0.0147611649841571	0.7452283174099779	0.7410566712807034	0.746224638189257	0.0211585488947193	0.8537285780143842	0.8691397574230324	0.5841917697210154	0.371448478866594	8	ESR1	10000
100	ESR1	Single best di PWM	di	0.8934173068858509	0.8537285780143842	0.8691397574230324	0.8975277032835696	0.8593224621046647	0.8725425969891776	0.8725425969891776	0.8725425969891776	0.8725425969891776	0.0	0.8593224621046647	0.8593224621046647	0.8593224621046647	0.0	0.8975277032835696	0.8975277032835696	0.8975277032835696	0.0	0.5493751635667876	0.5841917697210154	0.371448478866594	0.5640398857834648	0.6041033434510055	0.3872292664768628	0.3872292664768628	0.3872292664768628	0.3872292664768628	0.0	0.6041033434510055	0.6041033434510055	0.6041033434510055	0.0	0.5640398857834648	0.5640398857834648	0.5640398857834648	0.0	0.8537285780143842	0.8691397574230324	0.5841917697210154	0.371448478866594	8	ESR1	10000
100	ESR1	XGBClassifier	di	0.8934173068858509	0.8537285780143842	0.8691397574230324	0.8975277032835696	0.8593224621046647	0.8725425969891776	0.8830871659794177	0.8830871659794177	0.8830871659794177	0.0	0.8697533941715863	0.8708009662403845	0.86964135816447	0.0076737414220523	0.949860961744108	0.9495660753413008	0.952920275731472	0.0074054588032054	0.5493751635667876	0.5841917697210154	0.371448478866594	0.5640398857834648	0.6041033434510055	0.3872292664768628	0.3814633241482129	0.3814633241482129	0.3814633241482129	0.0	0.6230729644699066	0.6119476755102022	0.6164537255916294	0.0113413773354487	0.7395400304450622	0.7325030916658267	0.7387229877540094	0.0230187675694505	0.8537285780143842	0.8691397574230324	0.5841917697210154	0.371448478866594	8	ESR1	10000
190	ESR1	XGBClassifier	mono+di	0.8934173068858509	0.8537285780143842	0.8691397574230324	0.8975277032835696	0.8593224621046647	0.8725425969891776	0.8939581906735141	0.8939581906735141	0.8939581906735141	0.0	0.8813188648493966	0.8816090320312	0.8839290040878299	0.0063456211230473	0.956060299159188	0.9553302261733244	0.956596427794104	0.0063037319079496	0.5493751635667876	0.5841917697210154	0.371448478866594	0.5640398857834648	0.6041033434510055	0.3872292664768628	0.3936297662607796	0.3936297662607796	0.3936297662607796	0.0	0.62918645831364	0.6333199630041488	0.6345892154940045	0.0061275645903243	0.7639080878414842	0.7595134132537588	0.7638774811776667	0.0220454636360937	0.8537285780143842	0.8691397574230324	0.5841917697210154	0.371448478866594	8	ESR1	10000
190	ESR1	Single best mono PWM	mono	0.8934173068858509	0.8537285780143842	0.8691397574230324	0.8975277032835696	0.8593224621046647	0.8725425969891776	0.8691397574230324	0.8691397574230324	0.8691397574230324	0.0	0.8537285780143842	0.8537285780143842	0.8537285780143842	0.0062704327723509	0.8934173068858509	0.8934173068858509	0.8934173068858509	0.0072738469935864	0.5493751635667876	0.5841917697210154	0.371448478866594	0.5640398857834648	0.6041033434510055	0.3872292664768628	0.371448478866594	0.371448478866594	0.371448478866594	0.0	0.5841917697210154	0.5841917697210154	0.5841917697210154	0.0111553835188402	0.5493751635667876	0.5493751635667876	0.5493751635667876	0.0220996224084769	0.8537285780143842	0.8691397574230324	0.5841917697210154	0.371448478866594	8	ESR1	10000
190	ESR1	BaggingClassifier_XGBClassifier	mono	0.8934173068858509	0.8537285780143842	0.8691397574230324	0.8975277032835696	0.8593224621046647	0.8725425969891776	0.8996996440732189	0.8996996440732189	0.8996996440732189	0.0	0.8812365148757456	0.8810193296062329	0.8801904870459605	0.0062704327723509	0.9621798855153904	0.9615011363902424	0.965123786168006	0.0072738469935864	0.5493751635667876	0.5841917697210154	0.371448478866594	0.5640398857834648	0.6041033434510055	0.3872292664768628	0.3815130304241009	0.3815130304241009	0.3815130304241009	0.0	0.6382617331213919	0.6376778831622646	0.6379092403651105	0.0111553835188402	0.7573658047446306	0.7538391387166697	0.7582251621376814	0.0220996224084769	0.8537285780143842	0.8691397574230324	0.5841917697210154	0.371448478866594	8	ESR1	10000
100	ESR1	Single best di PWM	di	0.8934173068858509	0.8537285780143842	0.8691397574230324	0.8975277032835696	0.8593224621046647	0.8725425969891776	0.8725425969891776	0.8725425969891776	0.8725425969891776	0.0	0.8593224621046647	0.8593224621046647	0.8593224621046647	0.0	0.8975277032835696	0.8975277032835696	0.8975277032835696	0.0	0.5493751635667876	0.5841917697210154	0.371448478866594	0.5640398857834648	0.6041033434510055	0.3872292664768628	0.3872292664768628	0.3872292664768628	0.3872292664768628	0.0	0.6041033434510055	0.6041033434510055	0.6041033434510055	0.0	0.5640398857834648	0.5640398857834648	0.5640398857834648	0.0	0.8537285780143842	0.8691397574230324	0.5841917697210154	0.371448478866594	8	ESR1	10000
100	ESR1	BaggingClassifier_XGBClassifier	di	0.8934173068858509	0.8537285780143842	0.8691397574230324	0.8975277032835696	0.8593224621046647	0.8725425969891776	0.8857762169507035	0.8857762169507035	0.8857762169507035	0.0	0.8737362246466492	0.8737851120583888	0.8743723973595456	0.0075981432561034	0.9624832039440576	0.9607513942263308	0.9639770271244976	0.0072168069916444	0.5493751635667876	0.5841917697210154	0.371448478866594	0.5640398857834648	0.6041033434510055	0.3872292664768628	0.3835899772886099	0.3835899772886099	0.3835899772886099	0.0	0.6240796251533973	0.6235619567238818	0.6239129276455075	0.00877966189246	0.750482745458409	0.7477686143260297	0.758600867633814	0.0228488658562583	0.8537285780143842	0.8691397574230324	0.5841917697210154	0.371448478866594	8	ESR1	10000
190	ESR1	BaggingClassifier_XGBClassifier	mono+di	0.8934173068858509	0.8537285780143842	0.8691397574230324	0.8975277032835696	0.8593224621046647	0.8725425969891776	0.8981724991125358	0.8981724991125358	0.8981724991125358	0.0	0.8848150681835834	0.8847296265408001	0.8829140308193875	0.0074255589865992	0.9674460040468004	0.9667271600472012	0.96887888352414	0.0075192376223671	0.5493751635667876	0.5841917697210154	0.371448478866594	0.5640398857834648	0.6041033434510055	0.3872292664768628	0.397454329217241	0.397454329217241	0.397454329217241	0.0	0.6415749963183601	0.6409880445014065	0.6422435691016442	0.0056499905905176	0.7768093686351393	0.7745362134670409	0.7817972805690492	0.0235807433788508	0.8537285780143842	0.8691397574230324	0.5841917697210154	0.371448478866594	8	ESR1	10000
190	ESR1	Single best mono PWM	mono	0.8934173068858509	0.8537285780143842	0.8691397574230324	0.8975277032835696	0.8593224621046647	0.8725425969891776	0.8691397574230324	0.8691397574230324	0.8691397574230324	0.0	0.8537285780143842	0.8537285780143842	0.8537285780143842	0.0073781723194459	0.8934173068858509	0.8934173068858509	0.8934173068858509	0.006399633686468	0.5493751635667876	0.5841917697210154	0.371448478866594	0.5640398857834648	0.6041033434510055	0.3872292664768628	0.371448478866594	0.371448478866594	0.371448478866594	0.0	0.5841917697210154	0.5841917697210154	0.5841917697210154	0.0115160585267996	0.5493751635667876	0.5493751635667876	0.5493751635667876	0.0156215258863405	0.8537285780143842	0.8691397574230324	0.5841917697210154	0.371448478866594	8	ESR1	10000
190	ESR1	BaggingClassifier_LogisticRegression	mono	0.8934173068858509	0.8537285780143842	0.8691397574230324	0.8975277032835696	0.8593224621046647	0.8725425969891776	0.8987492238919075	0.8987492238919075	0.8987492238919075	0.0	0.8771956157829904	0.8772521622585571	0.8779772235975647	0.0073781723194459	0.9210518671894656	0.9207508568106828	0.9245143967451186	0.006399633686468	0.5493751635667876	0.5841917697210154	0.371448478866594	0.5640398857834648	0.6041033434510055	0.3872292664768628	0.4166425900429454	0.4166425900429454	0.4166425900429454	0.0	0.6242232497759566	0.6238756350541239	0.6258736449750418	0.0115160585267996	0.6262103113847896	0.6257886796039632	0.623390081312098	0.0156215258863405	0.8537285780143842	0.8691397574230324	0.5841917697210154	0.371448478866594	8	ESR1	10000
100	ESR1	Single best di PWM	di	0.8934173068858509	0.8537285780143842	0.8691397574230324	0.8975277032835696	0.8593224621046647	0.8725425969891776	0.8725425969891776	0.8725425969891776	0.8725425969891776	0.0	0.8593224621046647	0.8593224621046647	0.8593224621046647	0.0	0.8975277032835696	0.8975277032835696	0.8975277032835696	0.0	0.5493751635667876	0.5841917697210154	0.371448478866594	0.5640398857834648	0.6041033434510055	0.3872292664768628	0.3872292664768628	0.3872292664768628	0.3872292664768628	0.0	0.6041033434510055	0.6041033434510055	0.6041033434510055	0.0	0.5640398857834648	0.5640398857834648	0.5640398857834648	0.0	0.8537285780143842	0.8691397574230324	0.5841917697210154	0.371448478866594	8	ESR1	10000
100	ESR1	BaggingClassifier_LogisticRegression	di	0.8934173068858509	0.8537285780143842	0.8691397574230324	0.8975277032835696	0.8593224621046647	0.8725425969891776	0.8880947391570964	0.8880947391570964	0.8880947391570964	0.0	0.8713077760906185	0.8713996385036469	0.8711034235512605	0.0067911199885906	0.9137858791830916	0.9135509765911732	0.9146489256547295	0.0061270120967696	0.5493751635667876	0.5841917697210154	0.371448478866594	0.5640398857834648	0.6041033434510055	0.3872292664768628	0.403278710483913	0.403278710483913	0.403278710483913	0.0	0.6227486789518567	0.6229839024384146	0.6274515278701625	0.0100741830180408	0.6044614538454858	0.6044946620611432	0.6037095901973614	0.0162688381319558	0.8537285780143842	0.8691397574230324	0.5841917697210154	0.371448478866594	8	ESR1	10000
190	ESR1	BaggingClassifier_LogisticRegression	mono+di	0.8934173068858509	0.8537285780143842	0.8691397574230324	0.8975277032835696	0.8593224621046647	0.8725425969891776	0.8998968961510002	0.8998968961510002	0.8998968961510002	0.0	0.8794778715291042	0.8797799103550034	0.8819121625005625	0.0074005236114355	0.9258386734148284	0.9255731294949348	0.928271548960097	0.0056955918054428	0.5493751635667876	0.5841917697210154	0.371448478866594	0.5640398857834648	0.6041033434510055	0.3872292664768628	0.4207019852183205	0.4207019852183205	0.4207019852183205	0.0	0.6317258543077385	0.631791457869466	0.6316081179403865	0.0103283549689059	0.6443680686482659	0.6434967325700784	0.6438357065043647	0.0169031837907163	0.8537285780143842	0.8691397574230324	0.5841917697210154	0.371448478866594	8	ESR1	10000
18	FLI1	Single best mono PWM	mono	0.866369927641549	0.8629455278051181	0.8216431351210289	0.8729613558651999	0.8698968073326772	0.8239335038811468	0.8216431351210289	0.8216431351210289	0.8216431351210289	0.0	0.8629455278051181	0.8629455278051181	0.8629455278051181	0.0186867553915257	0.866369927641549	0.866369927641549	0.866369927641549	0.0100823036335531	0.0714523871963277	0.0591874948051516	0.1383334145100635	0.0758932313035893	0.0691006853756855	0.1350654775829451	0.1383334145100635	0.1383334145100635	0.1383334145100635	0.0	0.0591874948051516	0.0591874948051516	0.0591874948051516	0.0220735108610492	0.0714523871963277	0.0714523871963277	0.0714523871963277	0.0368442582348566	0.8629455278051181	0.8216431351210289	0.0591874948051516	0.1383334145100635	9	FLI1	1346
18	FLI1	RandomForestClassifier	mono	0.866369927641549	0.8629455278051181	0.8216431351210289	0.8729613558651999	0.8698968073326772	0.8239335038811468	0.8306373729998875	0.8306373729998875	0.8306373729998875	0.0	0.8707257320374016	0.8674734723720933	0.8687578457487524	0.0186867553915257	0.9296012871516056	0.929335006281942	0.930713416732504	0.0100823036335531	0.0714523871963277	0.0591874948051516	0.1383334145100635	0.0758932313035893	0.0691006853756855	0.1350654775829451	0.1494564866126532	0.1494564866126532	0.1494564866126532	0.0	0.062931956820981	0.066600507764293	0.0639058660016994	0.0220735108610492	0.2377894626163792	0.2412253616717501	0.2400342515492331	0.0368442582348566	0.8629455278051181	0.8216431351210289	0.0591874948051516	0.1383334145100635	9	FLI1	1346
8	FLI1	Single best di PWM	di	0.866369927641549	0.8629455278051181	0.8216431351210289	0.8729613558651999	0.8698968073326772	0.8239335038811468	0.8239335038811468	0.8239335038811468	0.8239335038811468	0.0	0.8698968073326772	0.8698968073326772	0.8698968073326772	0.0	0.8729613558651999	0.8729613558651999	0.8729613558651999	0.0	0.0714523871963277	0.0591874948051516	0.1383334145100635	0.0758932313035893	0.0691006853756855	0.1350654775829451	0.1350654775829451	0.1350654775829451	0.1350654775829451	0.0	0.0691006853756855	0.0691006853756855	0.0691006853756855	0.0	0.0758932313035893	0.0758932313035893	0.0758932313035893	0.0	0.8629455278051181	0.8216431351210289	0.0591874948051516	0.1383334145100635	9	FLI1	1346
8	FLI1	RandomForestClassifier	di	0.866369927641549	0.8629455278051181	0.8216431351210289	0.8729613558651999	0.8698968073326772	0.8239335038811468	0.8320079205461454	0.8320079205461454	0.8320079205461454	0.0	0.8774910802165354	0.8763757378725222	0.8802930100119408	0.0191200600817632	0.9280758100161824	0.9290882804883684	0.9296330750391734	0.0089260001991043	0.0714523871963277	0.0591874948051516	0.1383334145100635	0.0758932313035893	0.0691006853756855	0.1350654775829451	0.1499174624769814	0.1499174624769814	0.1499174624769814	0.0	0.0648400865014597	0.0723383804183043	0.060538263425188	0.0298169241515766	0.2125639657305371	0.2196799557527898	0.2234076387606474	0.04132246345152	0.8629455278051181	0.8216431351210289	0.0591874948051516	0.1383334145100635	9	FLI1	1346
18	FLI1	RandomForestClassifier	mono+di	0.866369927641549	0.8629455278051181	0.8216431351210289	0.8729613558651999	0.8698968073326772	0.8239335038811468	0.8307406686799241	0.8307406686799241	0.8307406686799241	0.0	0.877015717273622	0.8753492964024597	0.8809168427176143	0.020626739428098	0.9325102724173804	0.9319287703548804	0.9335834800677736	0.008962324683424	0.0714523871963277	0.0591874948051516	0.1383334145100635	0.0758932313035893	0.0691006853756855	0.1350654775829451	0.1469110824263817	0.1469110824263817	0.1469110824263817	0.0	0.0671398273298297	0.0659106153278188	0.0689152356181117	0.0191310235707825	0.2492650091936744	0.2445578613572749	0.2514510420210901	0.0347454827936884	0.8629455278051181	0.8216431351210289	0.0591874948051516	0.1383334145100635	9	FLI1	1346
18	FLI1	Single best mono PWM	mono	0.866369927641549	0.8629455278051181	0.8216431351210289	0.8729613558651999	0.8698968073326772	0.8239335038811468	0.8216431351210289	0.8216431351210289	0.8216431351210289	0.0	0.8629455278051181	0.8629455278051181	0.8629455278051181	0.02053049824666	0.866369927641549	0.866369927641549	0.866369927641549	0.0069830140385744	0.0714523871963277	0.0591874948051516	0.1383334145100635	0.0758932313035893	0.0691006853756855	0.1350654775829451	0.1383334145100635	0.1383334145100635	0.1383334145100635	0.0	0.0591874948051516	0.0591874948051516	0.0591874948051516	0.0245121816475724	0.0714523871963277	0.0714523871963277	0.0714523871963277	0.0098532134182333	0.8629455278051181	0.8216431351210289	0.0591874948051516	0.1383334145100635	9	FLI1	1346
18	FLI1	LogisticRegression	mono	0.866369927641549	0.8629455278051181	0.8216431351210289	0.8729613558651999	0.8698968073326772	0.8239335038811468	0.8325874590154327	0.8325874590154327	0.8325874590154327	0.0	0.8693091781496063	0.8693579343482671	0.8647568759169751	0.02053049824666	0.8716230148557491	0.8715673122792451	0.8709112182057108	0.0069830140385744	0.0714523871963277	0.0591874948051516	0.1383334145100635	0.0758932313035893	0.0691006853756855	0.1350654775829451	0.1614164081347415	0.1614164081347415	0.1614164081347415	0.0	0.0597365587286218	0.0688666185299425	0.0720968038739545	0.0245121816475724	0.0760031123097051	0.0788386178060339	0.0760861961313268	0.0098532134182333	0.8629455278051181	0.8216431351210289	0.0591874948051516	0.1383334145100635	9	FLI1	1346
8	FLI1	Single best di PWM	di	0.866369927641549	0.8629455278051181	0.8216431351210289	0.8729613558651999	0.8698968073326772	0.8239335038811468	0.8239335038811468	0.8239335038811468	0.8239335038811468	0.0	0.8698968073326772	0.8698968073326772	0.8698968073326772	0.0	0.8729613558651999	0.8729613558651999	0.8729613558651999	0.0	0.0714523871963277	0.0591874948051516	0.1383334145100635	0.0758932313035893	0.0691006853756855	0.1350654775829451	0.1350654775829451	0.1350654775829451	0.1350654775829451	0.0	0.0691006853756855	0.0691006853756855	0.0691006853756855	0.0	0.0758932313035893	0.0758932313035893	0.0758932313035893	0.0	0.8629455278051181	0.8216431351210289	0.0591874948051516	0.1383334145100635	9	FLI1	1346
8	FLI1	LogisticRegression	di	0.866369927641549	0.8629455278051181	0.8216431351210289	0.8729613558651999	0.8698968073326772	0.8239335038811468	0.8343083734464837	0.8343083734464837	0.8343083734464837	0.0	0.8806329970472441	0.8812692411591987	0.8850770031536083	0.0182730430528037	0.8789157851407222	0.8786077747576224	0.8755482914049624	0.0069824967226511	0.0714523871963277	0.0591874948051516	0.1383334145100635	0.0758932313035893	0.0691006853756855	0.1350654775829451	0.1647068649529875	0.1647068649529875	0.1647068649529875	0.0	0.0650908385562612	0.0763561170895812	0.0695998849100924	0.0257983521502199	0.0803347400559795	0.0813503625613647	0.0818727605298329	0.0059989519141045	0.8629455278051181	0.8216431351210289	0.0591874948051516	0.1383334145100635	9	FLI1	1346
18	FLI1	LogisticRegression	mono+di	0.866369927641549	0.8629455278051181	0.8216431351210289	0.8729613558651999	0.8698968073326772	0.8239335038811468	0.8330054634525716	0.8330054634525716	0.8330054634525716	0.0	0.8815543491633858	0.8818390916913614	0.8840245246624414	0.018482772744837	0.8803941803927011	0.8801095294937212	0.8777066559200855	0.0064814031142091	0.0714523871963277	0.0591874948051516	0.1383334145100635	0.0758932313035893	0.0691006853756855	0.1350654775829451	0.1610783589082536	0.1610783589082536	0.1610783589082536	0.0	0.0671268201472767	0.0826740079201728	0.0723606834201434	0.0319184174912831	0.0833891796079639	0.0854181839097611	0.0860873294169611	0.0074887924908283	0.8629455278051181	0.8216431351210289	0.0591874948051516	0.1383334145100635	9	FLI1	1346
18	FLI1	Single best mono PWM	mono	0.866369927641549	0.8629455278051181	0.8216431351210289	0.8729613558651999	0.8698968073326772	0.8239335038811468	0.8216431351210289	0.8216431351210289	0.8216431351210289	0.0	0.8629455278051181	0.8629455278051181	0.8629455278051181	0.0203640045484222	0.866369927641549	0.866369927641549	0.866369927641549	0.0137364849257739	0.0714523871963277	0.0591874948051516	0.1383334145100635	0.0758932313035893	0.0691006853756855	0.1350654775829451	0.1383334145100635	0.1383334145100635	0.1383334145100635	0.0	0.0591874948051516	0.0591874948051516	0.0591874948051516	0.0191959328775196	0.0714523871963277	0.0714523871963277	0.0714523871963277	0.0568637118960914	0.8629455278051181	0.8216431351210289	0.0591874948051516	0.1383334145100635	9	FLI1	1346
18	FLI1	XGBClassifier	mono	0.866369927641549	0.8629455278051181	0.8216431351210289	0.8729613558651999	0.8698968073326772	0.8239335038811468	0.81645309300738	0.81645309300738	0.81645309300738	0.0	0.8556632935531496	0.85003655996258	0.8518225100272496	0.0203640045484222	0.9536052468238132	0.9481431767792834	0.9519099194284822	0.0137364849257739	0.0714523871963277	0.0591874948051516	0.1383334145100635	0.0758932313035893	0.0691006853756855	0.1350654775829451	0.1360857723078024	0.1360857723078024	0.1360857723078024	0.0	0.0657301597878557	0.062162414745633	0.0669157823517212	0.0191959328775196	0.3128297870052221	0.2909097515358906	0.3006499543799218	0.0568637118960914	0.8629455278051181	0.8216431351210289	0.0591874948051516	0.1383334145100635	9	FLI1	1346
8	FLI1	Single best di PWM	di	0.866369927641549	0.8629455278051181	0.8216431351210289	0.8729613558651999	0.8698968073326772	0.8239335038811468	0.8239335038811468	0.8239335038811468	0.8239335038811468	0.0	0.8698968073326772	0.8698968073326772	0.8698968073326772	0.0	0.8729613558651999	0.8729613558651999	0.8729613558651999	0.0	0.0714523871963277	0.0591874948051516	0.1383334145100635	0.0758932313035893	0.0691006853756855	0.1350654775829451	0.1350654775829451	0.1350654775829451	0.1350654775829451	0.0	0.0691006853756855	0.0691006853756855	0.0691006853756855	0.0	0.0758932313035893	0.0758932313035893	0.0758932313035893	0.0	0.8629455278051181	0.8216431351210289	0.0591874948051516	0.1383334145100635	9	FLI1	1346
8	FLI1	XGBClassifier	di	0.866369927641549	0.8629455278051181	0.8216431351210289	0.8729613558651999	0.8698968073326772	0.8239335038811468	0.8212078421907475	0.8212078421907475	0.8212078421907475	0.0	0.869089720718504	0.8632241133267259	0.859908544532408	0.0206799928342332	0.9457916824019962	0.9439950083551912	0.9476784684317268	0.0133506364444886	0.0714523871963277	0.0591874948051516	0.1383334145100635	0.0758932313035893	0.0691006853756855	0.1350654775829451	0.1435296525616677	0.1435296525616677	0.1435296525616677	0.0	0.0571173208086969	0.0534877912446742	0.0566760092630376	0.0084994345434068	0.2707060970190564	0.2770706095304147	0.2991011158667621	0.04460954430992	0.8629455278051181	0.8216431351210289	0.0591874948051516	0.1383334145100635	9	FLI1	1346
18	FLI1	XGBClassifier	mono+di	0.866369927641549	0.8629455278051181	0.8216431351210289	0.8729613558651999	0.8698968073326772	0.8239335038811468	0.8171676666895407	0.8171676666895407	0.8171676666895407	0.0	0.8743211737204725	0.8634791105778525	0.8694352591776124	0.0237990966768526	0.9640474114495368	0.9581291610993142	0.9632841384916924	0.0149072657731478	0.0714523871963277	0.0591874948051516	0.1383334145100635	0.0758932313035893	0.0691006853756855	0.1350654775829451	0.1306899850448893	0.1306899850448893	0.1306899850448893	0.0	0.0584082827896886	0.0557892041485365	0.0556085690696421	0.0103470368990306	0.3568767382765742	0.3591232731879187	0.4022904260966783	0.0659363078126875	0.8629455278051181	0.8216431351210289	0.0591874948051516	0.1383334145100635	9	FLI1	1346
18	FLI1	Single best mono PWM	mono	0.866369927641549	0.8629455278051181	0.8216431351210289	0.8729613558651999	0.8698968073326772	0.8239335038811468	0.8216431351210289	0.8216431351210289	0.8216431351210289	0.0	0.8629455278051181	0.8629455278051181	0.8629455278051181	0.0231329688658071	0.866369927641549	0.866369927641549	0.866369927641549	0.0149463767617844	0.0714523871963277	0.0591874948051516	0.1383334145100635	0.0758932313035893	0.0691006853756855	0.1350654775829451	0.1383334145100635	0.1383334145100635	0.1383334145100635	0.0	0.0591874948051516	0.0591874948051516	0.0591874948051516	0.0214387373085495	0.0714523871963277	0.0714523871963277	0.0714523871963277	0.073920138901423	0.8629455278051181	0.8216431351210289	0.0591874948051516	0.1383334145100635	9	FLI1	1346
18	FLI1	BaggingClassifier_XGBClassifier	mono	0.866369927641549	0.8629455278051181	0.8216431351210289	0.8729613558651999	0.8698968073326772	0.8239335038811468	0.8238151351794628	0.8238151351794628	0.8238151351794628	0.0	0.8585059362696851	0.859221920799223	0.8713087398313419	0.0231329688658071	0.9714747540827916	0.966977100866908	0.9722431293314934	0.0149463767617844	0.0714523871963277	0.0591874948051516	0.1383334145100635	0.0758932313035893	0.0691006853756855	0.1350654775829451	0.1451583411471282	0.1451583411471282	0.1451583411471282	0.0	0.0652852931799941	0.0713859828834014	0.0822778572959017	0.0214387373085495	0.3833697889145299	0.3954528932899793	0.4324391040945758	0.073920138901423	0.8629455278051181	0.8216431351210289	0.0591874948051516	0.1383334145100635	9	FLI1	1346
8	FLI1	Single best di PWM	di	0.866369927641549	0.8629455278051181	0.8216431351210289	0.8729613558651999	0.8698968073326772	0.8239335038811468	0.8239335038811468	0.8239335038811468	0.8239335038811468	0.0	0.8698968073326772	0.8698968073326772	0.8698968073326772	0.0	0.8729613558651999	0.8729613558651999	0.8729613558651999	0.0	0.0714523871963277	0.0591874948051516	0.1383334145100635	0.0758932313035893	0.0691006853756855	0.1350654775829451	0.1350654775829451	0.1350654775829451	0.1350654775829451	0.0	0.0691006853756855	0.0691006853756855	0.0691006853756855	0.0	0.0758932313035893	0.0758932313035893	0.0758932313035893	0.0	0.8629455278051181	0.8216431351210289	0.0591874948051516	0.1383334145100635	9	FLI1	1346
8	FLI1	BaggingClassifier_XGBClassifier	di	0.866369927641549	0.8629455278051181	0.8216431351210289	0.8729613558651999	0.8698968073326772	0.8239335038811468	0.8242777052205736	0.8242777052205736	0.8242777052205736	0.0	0.8728394131397638	0.8695806832664069	0.8664002939285386	0.0178429867324637	0.9650362941112712	0.962894079544154	0.9650163860190178	0.0120850825362784	0.0714523871963277	0.0591874948051516	0.1383334145100635	0.0758932313035893	0.0691006853756855	0.1350654775829451	0.1588959076111748	0.1588959076111748	0.1588959076111748	0.0	0.0610310404597085	0.0663823804743068	0.0595920475882506	0.0203299071206353	0.3482392991978769	0.3362650269461159	0.3726043798513884	0.0598207479440395	0.8629455278051181	0.8216431351210289	0.0591874948051516	0.1383334145100635	9	FLI1	1346
18	FLI1	BaggingClassifier_XGBClassifier	mono+di	0.866369927641549	0.8629455278051181	0.8216431351210289	0.8729613558651999	0.8698968073326772	0.8239335038811468	0.8239673568500447	0.8239673568500447	0.8239673568500447	0.0	0.8685932886318898	0.8716931165177072	0.8815034714979588	0.0207888742313122	0.978939427493942	0.9729173237146148	0.9779256123898108	0.0144323805321143	0.0714523871963277	0.0591874948051516	0.1383334145100635	0.0758932313035893	0.0691006853756855	0.1350654775829451	0.1553395802692686	0.1553395802692686	0.1553395802692686	0.0	0.0573399065164898	0.0702095099415838	0.0755166714986986	0.0191035479476354	0.4466166648310576	0.4327693630870302	0.4781768300222632	0.0815414763711292	0.8629455278051181	0.8216431351210289	0.0591874948051516	0.1383334145100635	9	FLI1	1346
18	FLI1	Single best mono PWM	mono	0.866369927641549	0.8629455278051181	0.8216431351210289	0.8729613558651999	0.8698968073326772	0.8239335038811468	0.8216431351210289	0.8216431351210289	0.8216431351210289	0.0	0.8629455278051181	0.8629455278051181	0.8629455278051181	0.0210690460744478	0.866369927641549	0.866369927641549	0.866369927641549	0.0070518053540534	0.0714523871963277	0.0591874948051516	0.1383334145100635	0.0758932313035893	0.0691006853756855	0.1350654775829451	0.1383334145100635	0.1383334145100635	0.1383334145100635	0.0	0.0591874948051516	0.0591874948051516	0.0591874948051516	0.0243518688168245	0.0714523871963277	0.0714523871963277	0.0714523871963277	0.0101408266658471	0.8629455278051181	0.8216431351210289	0.0591874948051516	0.1383334145100635	9	FLI1	1346
18	FLI1	BaggingClassifier_LogisticRegression	mono	0.866369927641549	0.8629455278051181	0.8216431351210289	0.8729613558651999	0.8698968073326772	0.8239335038811468	0.832051566745729	0.832051566745729	0.832051566745729	0.0	0.8686023622047244	0.8694412898441802	0.864310025098121	0.0210690460744478	0.8717096330398717	0.8714875684199509	0.8708151671566663	0.0070518053540534	0.0714523871963277	0.0591874948051516	0.1383334145100635	0.0758932313035893	0.0691006853756855	0.1350654775829451	0.1570331605241814	0.1570331605241814	0.1570331605241814	0.0	0.0596122332944588	0.0681379175603933	0.0717256398350133	0.0243518688168245	0.0757814207462251	0.0790171302009295	0.0755466118415225	0.0101408266658471	0.8629455278051181	0.8216431351210289	0.0591874948051516	0.1383334145100635	9	FLI1	1346
8	FLI1	Single best di PWM	di	0.866369927641549	0.8629455278051181	0.8216431351210289	0.8729613558651999	0.8698968073326772	0.8239335038811468	0.8239335038811468	0.8239335038811468	0.8239335038811468	0.0	0.8698968073326772	0.8698968073326772	0.8698968073326772	0.0	0.8729613558651999	0.8729613558651999	0.8729613558651999	0.0	0.0714523871963277	0.0591874948051516	0.1383334145100635	0.0758932313035893	0.0691006853756855	0.1350654775829451	0.1350654775829451	0.1350654775829451	0.1350654775829451	0.0	0.0691006853756855	0.0691006853756855	0.0691006853756855	0.0	0.0758932313035893	0.0758932313035893	0.0758932313035893	0.0	0.8629455278051181	0.8216431351210289	0.0591874948051516	0.1383334145100635	9	FLI1	1346
8	FLI1	BaggingClassifier_LogisticRegression	di	0.866369927641549	0.8629455278051181	0.8216431351210289	0.8729613558651999	0.8698968073326772	0.8239335038811468	0.833787258946959	0.833787258946959	0.833787258946959	0.0	0.8796087598425197	0.8811198698041046	0.8847631732035148	0.0180886786475754	0.8790504709564138	0.8784858593523804	0.8754024747761593	0.0069166388578677	0.0714523871963277	0.0591874948051516	0.1383334145100635	0.0758932313035893	0.0691006853756855	0.1350654775829451	0.1631863486830645	0.1631863486830645	0.1631863486830645	0.0	0.0649157543071207	0.0762728439806949	0.0690267628464043	0.0255900945195851	0.0801396621265986	0.0819299489731764	0.0823907773679717	0.0061138303301748	0.8629455278051181	0.8216431351210289	0.0591874948051516	0.1383334145100635	9	FLI1	1346
18	FLI1	BaggingClassifier_LogisticRegression	mono+di	0.866369927641549	0.8629455278051181	0.8216431351210289	0.8729613558651999	0.8698968073326772	0.8239335038811468	0.83261744657816	0.83261744657816	0.83261744657816	0.0	0.880611312746063	0.8816141448730194	0.8841776124429748	0.0187625124581669	0.8805298164979516	0.8797785588808026	0.877562927357566	0.0066255693327243	0.0714523871963277	0.0591874948051516	0.1383334145100635	0.0758932313035893	0.0691006853756855	0.1350654775829451	0.1562408887019001	0.1562408887019001	0.1562408887019001	0.0	0.0661935038881742	0.0810058132982563	0.0730393583416784	0.0291155772053978	0.0830649041227671	0.0858307751538884	0.0860347347109704	0.0081063452146962	0.8629455278051181	0.8216431351210289	0.0591874948051516	0.1383334145100635	9	FLI1	1346
28	GATA1	Single best mono PWM	mono	0.9051178315253964	0.9095333815491008	0.8978615143025425	0.914206411455624	0.9176898705554796	0.9084475096464338	0.8978615143025425	0.8978615143025425	0.8978615143025425	0.0	0.9095333815491008	0.9095333815491008	0.9095333815491008	0.0053449063339451	0.9051178315253964	0.9051178315253964	0.9051178315253964	0.0049818032970428	0.2882189526021076	0.3423246247558992	0.3425902577400975	0.310788200363559	0.3563214683523688	0.3464209757748217	0.3425902577400975	0.3425902577400975	0.3425902577400975	0.0	0.3423246247558992	0.3423246247558992	0.3423246247558992	0.0149570759731129	0.2882189526021076	0.2882189526021076	0.2882189526021076	0.0171235536589196	0.9095333815491008	0.8978615143025425	0.3423246247558992	0.3425902577400975	10	GATA1	10000
28	GATA1	RandomForestClassifier	mono	0.9051178315253964	0.9095333815491008	0.8978615143025425	0.914206411455624	0.9176898705554796	0.9084475096464338	0.9045459030578754	0.9045459030578754	0.9045459030578754	0.0	0.9175390401255892	0.917643866000429	0.9154429627448112	0.0053449063339451	0.9268947164966904	0.9267811072080484	0.9266009784156356	0.0049818032970428	0.2882189526021076	0.3423246247558992	0.3425902577400975	0.310788200363559	0.3563214683523688	0.3464209757748217	0.3428668712462345	0.3428668712462345	0.3428668712462345	0.0	0.3433128787785612	0.3461083127225469	0.3429949144177583	0.0149570759731129	0.3598139553531344	0.3615834075326313	0.3626899726006042	0.0171235536589196	0.9095333815491008	0.8978615143025425	0.3423246247558992	0.3425902577400975	10	GATA1	10000
14	GATA1	Single best di PWM	di	0.9051178315253964	0.9095333815491008	0.8978615143025425	0.914206411455624	0.9176898705554796	0.9084475096464338	0.9084475096464338	0.9084475096464338	0.9084475096464338	0.0	0.9176898705554796	0.9176898705554796	0.9176898705554796	0.0	0.914206411455624	0.914206411455624	0.914206411455624	0.0	0.2882189526021076	0.3423246247558992	0.3425902577400975	0.310788200363559	0.3563214683523688	0.3464209757748217	0.3464209757748217	0.3464209757748217	0.3464209757748217	0.0	0.3563214683523688	0.3563214683523688	0.3563214683523688	0.0	0.310788200363559	0.310788200363559	0.310788200363559	0.0	0.9095333815491008	0.8978615143025425	0.3423246247558992	0.3425902577400975	10	GATA1	10000
14	GATA1	RandomForestClassifier	di	0.9051178315253964	0.9095333815491008	0.8978615143025425	0.914206411455624	0.9176898705554796	0.9084475096464338	0.9109561314992358	0.9109561314992358	0.9109561314992358	0.0	0.9236041538711216	0.92379637748165	0.9222623407626148	0.0038205357448179	0.9339272307303176	0.9334114314264612	0.9339833731713852	0.0040063117067176	0.2882189526021076	0.3423246247558992	0.3425902577400975	0.310788200363559	0.3563214683523688	0.3464209757748217	0.3717232631064779	0.3717232631064779	0.3717232631064779	0.0	0.3556077071355096	0.3566553236607064	0.3542049239476614	0.0163074997493771	0.3914757340615006	0.3916924174413701	0.3933174500881348	0.0179113506685415	0.9095333815491008	0.8978615143025425	0.3423246247558992	0.3425902577400975	10	GATA1	10000
28	GATA1	RandomForestClassifier	mono+di	0.9051178315253964	0.9095333815491008	0.8978615143025425	0.914206411455624	0.9176898705554796	0.9084475096464338	0.9110460534155954	0.9110460534155954	0.9110460534155954	0.0	0.9238850126331308	0.924477021141198	0.9228025133996112	0.0046352020493248	0.9355624814473678	0.93481926122627	0.9359465795592384	0.0046186140783684	0.2882189526021076	0.3423246247558992	0.3425902577400975	0.310788200363559	0.3563214683523688	0.3464209757748217	0.368209913709365	0.368209913709365	0.368209913709365	0.0	0.3611788678606823	0.3641659524170219	0.3605613234071346	0.0181260240011983	0.3995085167785488	0.4004455565948555	0.3974949673159047	0.0168696265016243	0.9095333815491008	0.8978615143025425	0.3423246247558992	0.3425902577400975	10	GATA1	10000
28	GATA1	Single best mono PWM	mono	0.9051178315253964	0.9095333815491008	0.8978615143025425	0.914206411455624	0.9176898705554796	0.9084475096464338	0.8978615143025425	0.8978615143025425	0.8978615143025425	0.0	0.9095333815491008	0.9095333815491008	0.9095333815491008	0.0045054810224479	0.9051178315253964	0.9051178315253964	0.9051178315253964	0.0051270358638985	0.2882189526021076	0.3423246247558992	0.3425902577400975	0.310788200363559	0.3563214683523688	0.3464209757748217	0.3425902577400975	0.3425902577400975	0.3425902577400975	0.0	0.3423246247558992	0.3423246247558992	0.3423246247558992	0.0126841742139275	0.2882189526021076	0.2882189526021076	0.2882189526021076	0.0119054021622801	0.9095333815491008	0.8978615143025425	0.3423246247558992	0.3425902577400975	10	GATA1	10000
28	GATA1	LogisticRegression	mono	0.9051178315253964	0.9095333815491008	0.8978615143025425	0.914206411455624	0.9176898705554796	0.9084475096464338	0.905394602349424	0.905394602349424	0.905394602349424	0.0	0.9177487252711256	0.91774724756235	0.9163554135653288	0.0045054810224479	0.9123041801287588	0.9122705513942014	0.9114415722052944	0.0051270358638985	0.2882189526021076	0.3423246247558992	0.3425902577400975	0.310788200363559	0.3563214683523688	0.3464209757748217	0.3535579414816879	0.3535579414816879	0.3535579414816879	0.0	0.3511421492557287	0.3534703782403728	0.350613146708499	0.0126841742139275	0.3022861657261697	0.3030027857889093	0.2963977210122527	0.0119054021622801	0.9095333815491008	0.8978615143025425	0.3423246247558992	0.3425902577400975	10	GATA1	10000
14	GATA1	Single best di PWM	di	0.9051178315253964	0.9095333815491008	0.8978615143025425	0.914206411455624	0.9176898705554796	0.9084475096464338	0.9084475096464338	0.9084475096464338	0.9084475096464338	0.0	0.9176898705554796	0.9176898705554796	0.9176898705554796	0.0	0.914206411455624	0.914206411455624	0.914206411455624	0.0	0.2882189526021076	0.3423246247558992	0.3425902577400975	0.310788200363559	0.3563214683523688	0.3464209757748217	0.3464209757748217	0.3464209757748217	0.3464209757748217	0.0	0.3563214683523688	0.3563214683523688	0.3563214683523688	0.0	0.310788200363559	0.310788200363559	0.310788200363559	0.0	0.9095333815491008	0.8978615143025425	0.3423246247558992	0.3425902577400975	10	GATA1	10000
14	GATA1	LogisticRegression	di	0.9051178315253964	0.9095333815491008	0.8978615143025425	0.914206411455624	0.9176898705554796	0.9084475096464338	0.9102931736461092	0.9102931736461092	0.9102931736461092	0.0	0.9231952252183931	0.923139029319933	0.9210042011381808	0.0051678224412703	0.9183344725802832	0.9183340479524276	0.917416461772232	0.0048262444022084	0.2882189526021076	0.3423246247558992	0.3425902577400975	0.310788200363559	0.3563214683523688	0.3464209757748217	0.3589995005674594	0.3589995005674594	0.3589995005674594	0.0	0.359295016473906	0.3610629649802203	0.3592782845466509	0.0193126679328379	0.3171173235386643	0.3176366591912246	0.3136575584668545	0.0095633113486	0.9095333815491008	0.8978615143025425	0.3423246247558992	0.3425902577400975	10	GATA1	10000
28	GATA1	LogisticRegression	mono+di	0.9051178315253964	0.9095333815491008	0.8978615143025425	0.914206411455624	0.9176898705554796	0.9084475096464338	0.911607662334231	0.911607662334231	0.911607662334231	0.0	0.9272163485140842	0.9272660299242198	0.9255731458215392	0.0042758772296159	0.921524624055665	0.921517596936776	0.9211430647775	0.0046196344923315	0.2882189526021076	0.3423246247558992	0.3425902577400975	0.310788200363559	0.3563214683523688	0.3464209757748217	0.3686337431920445	0.3686337431920445	0.3686337431920445	0.0	0.3713377206637656	0.3733497678959341	0.371259111193815	0.0200371819994968	0.3313922312330281	0.3319688974117707	0.3298765854969642	0.008159761568459	0.9095333815491008	0.8978615143025425	0.3423246247558992	0.3425902577400975	10	GATA1	10000
28	GATA1	Single best mono PWM	mono	0.9051178315253964	0.9095333815491008	0.8978615143025425	0.914206411455624	0.9176898705554796	0.9084475096464338	0.8978615143025425	0.8978615143025425	0.8978615143025425	0.0	0.9095333815491008	0.9095333815491008	0.9095333815491008	0.0047441763708712	0.9051178315253964	0.9051178315253964	0.9051178315253964	0.0055914045576731	0.2882189526021076	0.3423246247558992	0.3425902577400975	0.310788200363559	0.3563214683523688	0.3464209757748217	0.3425902577400975	0.3425902577400975	0.3425902577400975	0.0	0.3423246247558992	0.3423246247558992	0.3423246247558992	0.0107275647350623	0.2882189526021076	0.2882189526021076	0.2882189526021076	0.0244883561174647	0.9095333815491008	0.8978615143025425	0.3423246247558992	0.3425902577400975	10	GATA1	10000
28	GATA1	XGBClassifier	mono	0.9051178315253964	0.9095333815491008	0.8978615143025425	0.914206411455624	0.9176898705554796	0.9084475096464338	0.902349844345814	0.902349844345814	0.902349844345814	0.0	0.9175388168835644	0.9171172131176356	0.9152771294539844	0.0047441763708712	0.9425926161716912	0.9426769052807178	0.9427001357733924	0.0055914045576731	0.2882189526021076	0.3423246247558992	0.3425902577400975	0.310788200363559	0.3563214683523688	0.3464209757748217	0.3305922267565879	0.3305922267565879	0.3305922267565879	0.0	0.3301904515380395	0.3332359382535693	0.3326139320658824	0.0107275647350623	0.4459277114804682	0.4493146081782853	0.4500429884306449	0.0244883561174647	0.9095333815491008	0.8978615143025425	0.3423246247558992	0.3425902577400975	10	GATA1	10000
14	GATA1	Single best di PWM	di	0.9051178315253964	0.9095333815491008	0.8978615143025425	0.914206411455624	0.9176898705554796	0.9084475096464338	0.9084475096464338	0.9084475096464338	0.9084475096464338	0.0	0.9176898705554796	0.9176898705554796	0.9176898705554796	0.0	0.914206411455624	0.914206411455624	0.914206411455624	0.0	0.2882189526021076	0.3423246247558992	0.3425902577400975	0.310788200363559	0.3563214683523688	0.3464209757748217	0.3464209757748217	0.3464209757748217	0.3464209757748217	0.0	0.3563214683523688	0.3563214683523688	0.3563214683523688	0.0	0.310788200363559	0.310788200363559	0.310788200363559	0.0	0.9095333815491008	0.8978615143025425	0.3423246247558992	0.3425902577400975	10	GATA1	10000
14	GATA1	XGBClassifier	di	0.9051178315253964	0.9095333815491008	0.8978615143025425	0.914206411455624	0.9176898705554796	0.9084475096464338	0.909034438461808	0.909034438461808	0.909034438461808	0.0	0.9213547841408596	0.9215240832425856	0.9211732067363876	0.0053343177494921	0.9479942165897518	0.9466744680697372	0.9488425435315264	0.0043686030345431	0.2882189526021076	0.3423246247558992	0.3425902577400975	0.310788200363559	0.3563214683523688	0.3464209757748217	0.3341413902003399	0.3341413902003399	0.3341413902003399	0.0	0.324755168441618	0.3340027249237554	0.3304446770146982	0.0219299771098405	0.4945253732598397	0.4792844063716881	0.4905570761034062	0.0272818282180297	0.9095333815491008	0.8978615143025425	0.3423246247558992	0.3425902577400975	10	GATA1	10000
28	GATA1	XGBClassifier	mono+di	0.9051178315253964	0.9095333815491008	0.8978615143025425	0.914206411455624	0.9176898705554796	0.9084475096464338	0.9088838075662714	0.9088838075662714	0.9088838075662714	0.0	0.9267590913454276	0.9256240050521898	0.9255992994792442	0.0055726694147566	0.9536764673879324	0.9525056428262464	0.9546535969054945	0.004726539254985	0.2882189526021076	0.3423246247558992	0.3425902577400975	0.310788200363559	0.3563214683523688	0.3464209757748217	0.3460602613956288	0.3460602613956288	0.3460602613956288	0.0	0.3557086400194824	0.3544897264765499	0.3530838532010336	0.0120786713249435	0.5024407371570175	0.5145655825678637	0.5166695656002336	0.0241612862910807	0.9095333815491008	0.8978615143025425	0.3423246247558992	0.3425902577400975	10	GATA1	10000
28	GATA1	Single best mono PWM	mono	0.9051178315253964	0.9095333815491008	0.8978615143025425	0.914206411455624	0.9176898705554796	0.9084475096464338	0.8978615143025425	0.8978615143025425	0.8978615143025425	0.0	0.9095333815491008	0.9095333815491008	0.9095333815491008	0.0042181977469102	0.9051178315253964	0.9051178315253964	0.9051178315253964	0.0052867042080324	0.2882189526021076	0.3423246247558992	0.3425902577400975	0.310788200363559	0.3563214683523688	0.3464209757748217	0.3425902577400975	0.3425902577400975	0.3425902577400975	0.0	0.3423246247558992	0.3423246247558992	0.3423246247558992	0.0092167800498927	0.2882189526021076	0.2882189526021076	0.2882189526021076	0.0263813400926893	0.9095333815491008	0.8978615143025425	0.3423246247558992	0.3425902577400975	10	GATA1	10000
28	GATA1	BaggingClassifier_XGBClassifier	mono	0.9051178315253964	0.9095333815491008	0.8978615143025425	0.914206411455624	0.9176898705554796	0.9084475096464338	0.9054586185547708	0.9054586185547708	0.9054586185547708	0.0	0.9199411107833136	0.9191332747566242	0.9174295435407768	0.0042181977469102	0.9479656918282516	0.9473340924263312	0.947527282204194	0.0052867042080324	0.2882189526021076	0.3423246247558992	0.3425902577400975	0.310788200363559	0.3563214683523688	0.3464209757748217	0.342058867939643	0.342058867939643	0.342058867939643	0.0	0.3437864630271924	0.3450772875195232	0.3461000219517962	0.0092167800498927	0.4595128286957513	0.4540963925084549	0.4527282067570242	0.0263813400926893	0.9095333815491008	0.8978615143025425	0.3423246247558992	0.3425902577400975	10	GATA1	10000
14	GATA1	Single best di PWM	di	0.9051178315253964	0.9095333815491008	0.8978615143025425	0.914206411455624	0.9176898705554796	0.9084475096464338	0.9084475096464338	0.9084475096464338	0.9084475096464338	0.0	0.9176898705554796	0.9176898705554796	0.9176898705554796	0.0	0.914206411455624	0.914206411455624	0.914206411455624	0.0	0.2882189526021076	0.3423246247558992	0.3425902577400975	0.310788200363559	0.3563214683523688	0.3464209757748217	0.3464209757748217	0.3464209757748217	0.3464209757748217	0.0	0.3563214683523688	0.3563214683523688	0.3563214683523688	0.0	0.310788200363559	0.310788200363559	0.310788200363559	0.0	0.9095333815491008	0.8978615143025425	0.3423246247558992	0.3425902577400975	10	GATA1	10000
14	GATA1	BaggingClassifier_XGBClassifier	di	0.9051178315253964	0.9095333815491008	0.8978615143025425	0.914206411455624	0.9176898705554796	0.9084475096464338	0.9117419969417812	0.9117419969417812	0.9117419969417812	0.0	0.924431150569778	0.9238098930980864	0.9230310268455708	0.0039047286623735	0.952317572623712	0.952097229559416	0.9539684530132374	0.0045536202058981	0.2882189526021076	0.3423246247558992	0.3425902577400975	0.310788200363559	0.3563214683523688	0.3464209757748217	0.3510061647565046	0.3510061647565046	0.3510061647565046	0.0	0.3418054527211213	0.3363732496034562	0.3369311074152736	0.0106749700709097	0.5016683474615953	0.4954371063589824	0.5047875822540584	0.0288298339916502	0.9095333815491008	0.8978615143025425	0.3423246247558992	0.3425902577400975	10	GATA1	10000
28	GATA1	BaggingClassifier_XGBClassifier	mono+di	0.9051178315253964	0.9095333815491008	0.8978615143025425	0.914206411455624	0.9176898705554796	0.9084475096464338	0.9138847212679592	0.9138847212679592	0.9138847212679592	0.0	0.928292337866928	0.927957873045	0.9281716275851568	0.0051314958630359	0.9584256591851636	0.957507367158396	0.9594232340306592	0.004744692976405	0.2882189526021076	0.3423246247558992	0.3425902577400975	0.310788200363559	0.3563214683523688	0.3464209757748217	0.3584999934772689	0.3584999934772689	0.3584999934772689	0.0	0.3582910251128651	0.356042322116869	0.3568622411684675	0.0114956941969261	0.529739447147187	0.5248278931899168	0.5284804814559881	0.0288875080599291	0.9095333815491008	0.8978615143025425	0.3423246247558992	0.3425902577400975	10	GATA1	10000
28	GATA1	Single best mono PWM	mono	0.9051178315253964	0.9095333815491008	0.8978615143025425	0.914206411455624	0.9176898705554796	0.9084475096464338	0.8978615143025425	0.8978615143025425	0.8978615143025425	0.0	0.9095333815491008	0.9095333815491008	0.9095333815491008	0.0044888782927098	0.9051178315253964	0.9051178315253964	0.9051178315253964	0.0051252904614544	0.2882189526021076	0.3423246247558992	0.3425902577400975	0.310788200363559	0.3563214683523688	0.3464209757748217	0.3425902577400975	0.3425902577400975	0.3425902577400975	0.0	0.3423246247558992	0.3423246247558992	0.3423246247558992	0.0125112453875211	0.2882189526021076	0.2882189526021076	0.2882189526021076	0.0119909363657622	0.9095333815491008	0.8978615143025425	0.3423246247558992	0.3425902577400975	10	GATA1	10000
28	GATA1	BaggingClassifier_LogisticRegression	mono	0.9051178315253964	0.9095333815491008	0.8978615143025425	0.914206411455624	0.9176898705554796	0.9084475096464338	0.9057071076366948	0.9057071076366948	0.9057071076366948	0.0	0.9177804391684762	0.9177550326975404	0.9163490293115186	0.0044888782927098	0.9123421744878042	0.9122951217522498	0.9114712619687736	0.0051252904614544	0.2882189526021076	0.3423246247558992	0.3425902577400975	0.310788200363559	0.3563214683523688	0.3464209757748217	0.3539244063166913	0.3539244063166913	0.3539244063166913	0.0	0.3511529111947173	0.353500556641276	0.3505226868985594	0.0125112453875211	0.302184443958872	0.3029780827094135	0.2963040754928087	0.0119909363657622	0.9095333815491008	0.8978615143025425	0.3423246247558992	0.3425902577400975	10	GATA1	10000
14	GATA1	Single best di PWM	di	0.9051178315253964	0.9095333815491008	0.8978615143025425	0.914206411455624	0.9176898705554796	0.9084475096464338	0.9084475096464338	0.9084475096464338	0.9084475096464338	0.0	0.9176898705554796	0.9176898705554796	0.9176898705554796	0.0	0.914206411455624	0.914206411455624	0.914206411455624	0.0	0.2882189526021076	0.3423246247558992	0.3425902577400975	0.310788200363559	0.3563214683523688	0.3464209757748217	0.3464209757748217	0.3464209757748217	0.3464209757748217	0.0	0.3563214683523688	0.3563214683523688	0.3563214683523688	0.0	0.310788200363559	0.310788200363559	0.310788200363559	0.0	0.9095333815491008	0.8978615143025425	0.3423246247558992	0.3425902577400975	10	GATA1	10000
14	GATA1	BaggingClassifier_LogisticRegression	di	0.9051178315253964	0.9095333815491008	0.8978615143025425	0.914206411455624	0.9176898705554796	0.9084475096464338	0.9103798235847708	0.9103798235847708	0.9103798235847708	0.0	0.9231707903640354	0.9231149616805472	0.9209590943551136	0.0051793226810231	0.9183559225251624	0.9183580868590748	0.9174375952731652	0.00483016905971	0.2882189526021076	0.3423246247558992	0.3425902577400975	0.310788200363559	0.3563214683523688	0.3464209757748217	0.3592049668556791	0.3592049668556791	0.3592049668556791	0.0	0.3591469143731239	0.3609991495961225	0.3594967041620664	0.0192727810746523	0.3172505832242631	0.3179120640382535	0.313922034559622	0.0094921478500128	0.9095333815491008	0.8978615143025425	0.3423246247558992	0.3425902577400975	10	GATA1	10000
28	GATA1	BaggingClassifier_LogisticRegression	mono+di	0.9051178315253964	0.9095333815491008	0.8978615143025425	0.914206411455624	0.9176898705554796	0.9084475096464338	0.9119100842597858	0.9119100842597858	0.9119100842597858	0.0	0.9272170723594376	0.9272481583956294	0.9255854777677356	0.0042633823398929	0.9215545674074992	0.9215442901996822	0.9210902310251672	0.004620412158993	0.2882189526021076	0.3423246247558992	0.3425902577400975	0.310788200363559	0.3563214683523688	0.3464209757748217	0.3689126307516511	0.3689126307516511	0.3689126307516511	0.0	0.3707348676966336	0.3729316771293992	0.3704022729884554	0.0194306068512206	0.3311057010242197	0.3320537405908083	0.3298363913884705	0.0082584889367956	0.9095333815491008	0.8978615143025425	0.3423246247558992	0.3425902577400975	10	GATA1	10000
37	GATA2	Single best mono PWM	mono	0.8514082089760225	0.8598215403820672	0.8089042505925435	0.8694269784529239	0.873019345259764	0.8278800449545257	0.8089042505925435	0.8089042505925435	0.8089042505925435	0.0	0.8598215403820672	0.8598215403820672	0.8598215403820672	0.0083064399948554	0.8514082089760225	0.8514082089760225	0.8514082089760225	0.0041899607342175	0.2136646468365929	0.1997043727279986	0.062152646828118	0.2377135130935014	0.2182406459827906	0.0719783290487826	0.062152646828118	0.062152646828118	0.062152646828118	0.0	0.1997043727279986	0.1997043727279986	0.1997043727279986	0.0186775310380947	0.2136646468365929	0.2136646468365929	0.2136646468365929	0.0071674586659179	0.8598215403820672	0.8089042505925435	0.1997043727279986	0.062152646828118	11	GATA2	9734
37	GATA2	RandomForestClassifier	mono	0.8514082089760225	0.8598215403820672	0.8089042505925435	0.8694269784529239	0.873019345259764	0.8278800449545257	0.8331022459665512	0.8331022459665512	0.8331022459665512	0.0	0.8826660165204822	0.8825896662080469	0.8863470724191063	0.0083064399948554	0.8901080719599085	0.8900982120231451	0.8907043135587992	0.0041899607342175	0.2136646468365929	0.1997043727279986	0.062152646828118	0.2377135130935014	0.2182406459827906	0.0719783290487826	0.071346705316867	0.071346705316867	0.071346705316867	0.0	0.2141568447943321	0.2142580219805838	0.2177914905412518	0.0186775310380947	0.2903124313568516	0.2893665626336393	0.2918608212191353	0.0071674586659179	0.8598215403820672	0.8089042505925435	0.1997043727279986	0.062152646828118	11	GATA2	9734
18	GATA2	Single best di PWM	di	0.8514082089760225	0.8598215403820672	0.8089042505925435	0.8694269784529239	0.873019345259764	0.8278800449545257	0.8278800449545257	0.8278800449545257	0.8278800449545257	0.0	0.873019345259764	0.873019345259764	0.873019345259764	0.0	0.8694269784529239	0.8694269784529239	0.8694269784529239	0.0	0.2136646468365929	0.1997043727279986	0.062152646828118	0.2377135130935014	0.2182406459827906	0.0719783290487826	0.0719783290487826	0.0719783290487826	0.0719783290487826	0.0	0.2182406459827906	0.2182406459827906	0.2182406459827906	0.0	0.2377135130935014	0.2377135130935014	0.2377135130935014	0.0	0.8598215403820672	0.8089042505925435	0.1997043727279986	0.062152646828118	11	GATA2	9734
18	GATA2	RandomForestClassifier	di	0.8514082089760225	0.8598215403820672	0.8089042505925435	0.8694269784529239	0.873019345259764	0.8278800449545257	0.8529677504840693	0.8529677504840693	0.8529677504840693	0.0	0.8922638638492091	0.8925286579417271	0.8931152459438578	0.0070839725685302	0.9012230280285538	0.9012745342090606	0.901872253153602	0.0031304623608942	0.2136646468365929	0.1997043727279986	0.062152646828118	0.2377135130935014	0.2182406459827906	0.0719783290487826	0.08226594291296	0.08226594291296	0.08226594291296	0.0	0.2289436132013524	0.2304810202976106	0.2367063128572702	0.012530494449937	0.3207220611521762	0.3212510671818105	0.3237878922258345	0.0097107343026906	0.8598215403820672	0.8089042505925435	0.1997043727279986	0.062152646828118	11	GATA2	9734
37	GATA2	RandomForestClassifier	mono+di	0.8514082089760225	0.8598215403820672	0.8089042505925435	0.8694269784529239	0.873019345259764	0.8278800449545257	0.8522770499997165	0.8522770499997165	0.8522770499997165	0.0	0.891841197990109	0.8923691907415429	0.8938098120010302	0.0074314488633157	0.9026086441990988	0.9023758216152225	0.9022907388105535	0.003332328470286	0.2136646468365929	0.1997043727279986	0.062152646828118	0.2377135130935014	0.2182406459827906	0.0719783290487826	0.0850391784547245	0.0850391784547245	0.0850391784547245	0.0	0.231237021865377	0.2302894780910114	0.236066385629604	0.0127780623854883	0.3205648561613041	0.3191146452133687	0.3186053995343818	0.0101034663451557	0.8598215403820672	0.8089042505925435	0.1997043727279986	0.062152646828118	11	GATA2	9734
37	GATA2	Single best mono PWM	mono	0.8514082089760225	0.8598215403820672	0.8089042505925435	0.8694269784529239	0.873019345259764	0.8278800449545257	0.8089042505925435	0.8089042505925435	0.8089042505925435	0.0	0.8598215403820672	0.8598215403820672	0.8598215403820672	0.0096473699499205	0.8514082089760225	0.8514082089760225	0.8514082089760225	0.0030487098977513	0.2136646468365929	0.1997043727279986	0.062152646828118	0.2377135130935014	0.2182406459827906	0.0719783290487826	0.062152646828118	0.062152646828118	0.062152646828118	0.0	0.1997043727279986	0.1997043727279986	0.1997043727279986	0.0160346216452266	0.2136646468365929	0.2136646468365929	0.2136646468365929	0.0057164165599125	0.8598215403820672	0.8089042505925435	0.1997043727279986	0.062152646828118	11	GATA2	9734
37	GATA2	LogisticRegression	mono	0.8514082089760225	0.8598215403820672	0.8089042505925435	0.8694269784529239	0.873019345259764	0.8278800449545257	0.8411071968582993	0.8411071968582993	0.8411071968582993	0.0	0.8826587961722184	0.8825871323904646	0.886364280195725	0.0096473699499205	0.8749311413045152	0.8747949325900395	0.8749182033795986	0.0030487098977513	0.2136646468365929	0.1997043727279986	0.062152646828118	0.2377135130935014	0.2182406459827906	0.0719783290487826	0.074833258165108	0.074833258165108	0.074833258165108	0.0	0.2140492791165777	0.2162966494450475	0.2105688491681426	0.0160346216452266	0.2361531785833159	0.2365422227838471	0.2385064504816689	0.0057164165599125	0.8598215403820672	0.8089042505925435	0.1997043727279986	0.062152646828118	11	GATA2	9734
18	GATA2	Single best di PWM	di	0.8514082089760225	0.8598215403820672	0.8089042505925435	0.8694269784529239	0.873019345259764	0.8278800449545257	0.8278800449545257	0.8278800449545257	0.8278800449545257	0.0	0.873019345259764	0.873019345259764	0.873019345259764	0.0	0.8694269784529239	0.8694269784529239	0.8694269784529239	0.0	0.2136646468365929	0.1997043727279986	0.062152646828118	0.2377135130935014	0.2182406459827906	0.0719783290487826	0.0719783290487826	0.0719783290487826	0.0719783290487826	0.0	0.2182406459827906	0.2182406459827906	0.2182406459827906	0.0	0.2377135130935014	0.2377135130935014	0.2377135130935014	0.0	0.8598215403820672	0.8089042505925435	0.1997043727279986	0.062152646828118	11	GATA2	9734
18	GATA2	LogisticRegression	di	0.8514082089760225	0.8598215403820672	0.8089042505925435	0.8694269784529239	0.873019345259764	0.8278800449545257	0.8568683704997331	0.8568683704997331	0.8568683704997331	0.0	0.8910057994981176	0.8909285264510232	0.8925674736028845	0.0075688654783446	0.8856889458418752	0.8856221431573348	0.8844109760423173	0.0026309734496111	0.2136646468365929	0.1997043727279986	0.062152646828118	0.2377135130935014	0.2182406459827906	0.0719783290487826	0.0890949490721869	0.0890949490721869	0.0890949490721869	0.0	0.2307630062963621	0.2331091345118124	0.236330561536728	0.0163367588217349	0.25265429252118	0.2530051271059644	0.2552780219318254	0.005576232418703	0.8598215403820672	0.8089042505925435	0.1997043727279986	0.062152646828118	11	GATA2	9734
37	GATA2	LogisticRegression	mono+di	0.8514082089760225	0.8598215403820672	0.8089042505925435	0.8694269784529239	0.873019345259764	0.8278800449545257	0.8612855653360802	0.8612855653360802	0.8612855653360802	0.0	0.8942254844973062	0.8941060582551016	0.8972803244913727	0.0080421076117819	0.8902669967584432	0.8901231492842742	0.889003379290137	0.0026425471555046	0.2136646468365929	0.1997043727279986	0.062152646828118	0.2377135130935014	0.2182406459827906	0.0719783290487826	0.0925545794306983	0.0925545794306983	0.0925545794306983	0.0	0.2386924817482698	0.2413408345967668	0.2453028961914796	0.0155248439182895	0.2629546588714455	0.2634072615949503	0.2659892789308096	0.005420192379957	0.8598215403820672	0.8089042505925435	0.1997043727279986	0.062152646828118	11	GATA2	9734
37	GATA2	Single best mono PWM	mono	0.8514082089760225	0.8598215403820672	0.8089042505925435	0.8694269784529239	0.873019345259764	0.8278800449545257	0.8089042505925435	0.8089042505925435	0.8089042505925435	0.0	0.8598215403820672	0.8598215403820672	0.8598215403820672	0.0084861301070454	0.8514082089760225	0.8514082089760225	0.8514082089760225	0.0053239728155019	0.2136646468365929	0.1997043727279986	0.062152646828118	0.2377135130935014	0.2182406459827906	0.0719783290487826	0.062152646828118	0.062152646828118	0.062152646828118	0.0	0.1997043727279986	0.1997043727279986	0.1997043727279986	0.020694005388325	0.2136646468365929	0.2136646468365929	0.2136646468365929	0.0110328296904067	0.8598215403820672	0.8089042505925435	0.1997043727279986	0.062152646828118	11	GATA2	9734
37	GATA2	XGBClassifier	mono	0.8514082089760225	0.8598215403820672	0.8089042505925435	0.8694269784529239	0.873019345259764	0.8278800449545257	0.8304539974412098	0.8304539974412098	0.8304539974412098	0.0	0.8792046256405533	0.880368246732927	0.8817487767190316	0.0084861301070454	0.9119315853888684	0.9111584361740424	0.912922005846374	0.0053239728155019	0.2136646468365929	0.1997043727279986	0.062152646828118	0.2377135130935014	0.2182406459827906	0.0719783290487826	0.069110455598211	0.069110455598211	0.069110455598211	0.0	0.1981209047992852	0.1990824854243238	0.1966407000228139	0.020694005388325	0.3415538571580741	0.3441240184862543	0.3464633827758899	0.0110328296904067	0.8598215403820672	0.8089042505925435	0.1997043727279986	0.062152646828118	11	GATA2	9734
18	GATA2	Single best di PWM	di	0.8514082089760225	0.8598215403820672	0.8089042505925435	0.8694269784529239	0.873019345259764	0.8278800449545257	0.8278800449545257	0.8278800449545257	0.8278800449545257	0.0	0.873019345259764	0.873019345259764	0.873019345259764	0.0	0.8694269784529239	0.8694269784529239	0.8694269784529239	0.0	0.2136646468365929	0.1997043727279986	0.062152646828118	0.2377135130935014	0.2182406459827906	0.0719783290487826	0.0719783290487826	0.0719783290487826	0.0719783290487826	0.0	0.2182406459827906	0.2182406459827906	0.2182406459827906	0.0	0.2377135130935014	0.2377135130935014	0.2377135130935014	0.0	0.8598215403820672	0.8089042505925435	0.1997043727279986	0.062152646828118	11	GATA2	9734
18	GATA2	XGBClassifier	di	0.8514082089760225	0.8598215403820672	0.8089042505925435	0.8694269784529239	0.873019345259764	0.8278800449545257	0.8539161484363986	0.8539161484363986	0.8539161484363986	0.0	0.8889304163860976	0.88953520121592	0.8932289466907031	0.0073130585660501	0.920262541020274	0.9184956238671576	0.9206088384919072	0.0055045985500507	0.2136646468365929	0.1997043727279986	0.062152646828118	0.2377135130935014	0.2182406459827906	0.0719783290487826	0.074291145724138	0.074291145724138	0.074291145724138	0.0	0.204866731446207	0.2163601937672702	0.2210933182202558	0.018185296438276	0.3996226277842936	0.3900101458244133	0.3983328217949081	0.0230985479053313	0.8598215403820672	0.8089042505925435	0.1997043727279986	0.062152646828118	11	GATA2	9734
37	GATA2	XGBClassifier	mono+di	0.8514082089760225	0.8598215403820672	0.8089042505925435	0.8694269784529239	0.873019345259764	0.8278800449545257	0.8566452181483006	0.8566452181483006	0.8566452181483006	0.0	0.8899633144914253	0.8900965403695104	0.8918400721091939	0.0058119285402889	0.9277005965629688	0.926473993165036	0.9283317486711772	0.0049264187179708	0.2136646468365929	0.1997043727279986	0.062152646828118	0.2377135130935014	0.2182406459827906	0.0719783290487826	0.0852748870422944	0.0852748870422944	0.0852748870422944	0.0	0.211597755934253	0.213444660167307	0.2168688302401484	0.013916374515321	0.4061045642345386	0.4024848235794345	0.4078984229544656	0.0234096562101775	0.8598215403820672	0.8089042505925435	0.1997043727279986	0.062152646828118	11	GATA2	9734
37	GATA2	Single best mono PWM	mono	0.8514082089760225	0.8598215403820672	0.8089042505925435	0.8694269784529239	0.873019345259764	0.8278800449545257	0.8089042505925435	0.8089042505925435	0.8089042505925435	0.0	0.8598215403820672	0.8598215403820672	0.8598215403820672	0.007351955019645	0.8514082089760225	0.8514082089760225	0.8514082089760225	0.0053892795572865	0.2136646468365929	0.1997043727279986	0.062152646828118	0.2377135130935014	0.2182406459827906	0.0719783290487826	0.062152646828118	0.062152646828118	0.062152646828118	0.0	0.1997043727279986	0.1997043727279986	0.1997043727279986	0.0168757457937885	0.2136646468365929	0.2136646468365929	0.2136646468365929	0.0126733898821751	0.8598215403820672	0.8089042505925435	0.1997043727279986	0.062152646828118	11	GATA2	9734
37	GATA2	BaggingClassifier_XGBClassifier	mono	0.8514082089760225	0.8598215403820672	0.8089042505925435	0.8694269784529239	0.873019345259764	0.8278800449545257	0.8327602298620972	0.8327602298620972	0.8327602298620972	0.0	0.8823752873085982	0.8833676292156879	0.8855197740112994	0.007351955019645	0.921854836261648	0.9214134864472951	0.92306776065144	0.0053892795572865	0.2136646468365929	0.1997043727279986	0.062152646828118	0.2377135130935014	0.2182406459827906	0.0719783290487826	0.0726353772847402	0.0726353772847402	0.0726353772847402	0.0	0.2083643006924942	0.2101731818606555	0.2083792737906556	0.0168757457937885	0.3535610939324043	0.3561964276028147	0.3571436632589878	0.0126733898821751	0.8598215403820672	0.8089042505925435	0.1997043727279986	0.062152646828118	11	GATA2	9734
18	GATA2	Single best di PWM	di	0.8514082089760225	0.8598215403820672	0.8089042505925435	0.8694269784529239	0.873019345259764	0.8278800449545257	0.8278800449545257	0.8278800449545257	0.8278800449545257	0.0	0.873019345259764	0.873019345259764	0.873019345259764	0.0	0.8694269784529239	0.8694269784529239	0.8694269784529239	0.0	0.2136646468365929	0.1997043727279986	0.062152646828118	0.2377135130935014	0.2182406459827906	0.0719783290487826	0.0719783290487826	0.0719783290487826	0.0719783290487826	0.0	0.2182406459827906	0.2182406459827906	0.2182406459827906	0.0	0.2377135130935014	0.2377135130935014	0.2377135130935014	0.0	0.8598215403820672	0.8089042505925435	0.1997043727279986	0.062152646828118	11	GATA2	9734
18	GATA2	BaggingClassifier_XGBClassifier	di	0.8514082089760225	0.8598215403820672	0.8089042505925435	0.8694269784529239	0.873019345259764	0.8278800449545257	0.8590317579645751	0.8590317579645751	0.8590317579645751	0.0	0.8919315809033858	0.8914191420040086	0.8933207571465361	0.0070340750690081	0.9277736454198298	0.9276022667420686	0.9292724381587976	0.0049185799795037	0.2136646468365929	0.1997043727279986	0.062152646828118	0.2377135130935014	0.2182406459827906	0.0719783290487826	0.0820373877364805	0.0820373877364805	0.0820373877364805	0.0	0.2211876708920082	0.226585537617857	0.2282277113591677	0.0183670447626775	0.4060600565127553	0.4021835293714791	0.411981576714879	0.0202428149579509	0.8598215403820672	0.8089042505925435	0.1997043727279986	0.062152646828118	11	GATA2	9734
37	GATA2	BaggingClassifier_XGBClassifier	mono+di	0.8514082089760225	0.8598215403820672	0.8089042505925435	0.8694269784529239	0.873019345259764	0.8278800449545257	0.8612284354275235	0.8612284354275235	0.8612284354275235	0.0	0.8953498385981925	0.8947283307807667	0.8978526912181304	0.0062131601366705	0.9364077248658952	0.9350446531469864	0.9367671278661626	0.0052316584732335	0.2136646468365929	0.1997043727279986	0.062152646828118	0.2377135130935014	0.2182406459827906	0.0719783290487826	0.0791417474855487	0.0791417474855487	0.0791417474855487	0.0	0.2288719536783734	0.2244447766077859	0.2285144842785712	0.0151266771873998	0.4257679474051326	0.4240014904871437	0.4307848201991092	0.0220066439395457	0.8598215403820672	0.8089042505925435	0.1997043727279986	0.062152646828118	11	GATA2	9734
37	GATA2	Single best mono PWM	mono	0.8514082089760225	0.8598215403820672	0.8089042505925435	0.8694269784529239	0.873019345259764	0.8278800449545257	0.8089042505925435	0.8089042505925435	0.8089042505925435	0.0	0.8598215403820672	0.8598215403820672	0.8598215403820672	0.0097352808390799	0.8514082089760225	0.8514082089760225	0.8514082089760225	0.0030613204216652	0.2136646468365929	0.1997043727279986	0.062152646828118	0.2377135130935014	0.2182406459827906	0.0719783290487826	0.062152646828118	0.062152646828118	0.062152646828118	0.0	0.1997043727279986	0.1997043727279986	0.1997043727279986	0.0163489751262372	0.2136646468365929	0.2136646468365929	0.2136646468365929	0.005502444174342	0.8598215403820672	0.8089042505925435	0.1997043727279986	0.062152646828118	11	GATA2	9734
37	GATA2	BaggingClassifier_LogisticRegression	mono	0.8514082089760225	0.8598215403820672	0.8089042505925435	0.8694269784529239	0.873019345259764	0.8278800449545257	0.8409127305690647	0.8409127305690647	0.8409127305690647	0.0	0.8825383748260669	0.8825870771622899	0.886252768477981	0.0097352808390799	0.8749536302407883	0.8747409918986392	0.874841436461228	0.0030613204216652	0.2136646468365929	0.1997043727279986	0.062152646828118	0.2377135130935014	0.2182406459827906	0.0719783290487826	0.0756059930203932	0.0756059930203932	0.0756059930203932	0.0	0.2141258874345397	0.2164469228177806	0.2120436420510538	0.0163489751262372	0.2361519855734308	0.2364699543511497	0.2380617022460127	0.005502444174342	0.8598215403820672	0.8089042505925435	0.1997043727279986	0.062152646828118	11	GATA2	9734
18	GATA2	Single best di PWM	di	0.8514082089760225	0.8598215403820672	0.8089042505925435	0.8694269784529239	0.873019345259764	0.8278800449545257	0.8278800449545257	0.8278800449545257	0.8278800449545257	0.0	0.873019345259764	0.873019345259764	0.873019345259764	0.0	0.8694269784529239	0.8694269784529239	0.8694269784529239	0.0	0.2136646468365929	0.1997043727279986	0.062152646828118	0.2377135130935014	0.2182406459827906	0.0719783290487826	0.0719783290487826	0.0719783290487826	0.0719783290487826	0.0	0.2182406459827906	0.2182406459827906	0.2182406459827906	0.0	0.2377135130935014	0.2377135130935014	0.2377135130935014	0.0	0.8598215403820672	0.8089042505925435	0.1997043727279986	0.062152646828118	11	GATA2	9734
18	GATA2	BaggingClassifier_LogisticRegression	di	0.8514082089760225	0.8598215403820672	0.8089042505925435	0.8694269784529239	0.873019345259764	0.8278800449545257	0.8569655577701383	0.8569655577701383	0.8569655577701383	0.0	0.8910803485444715	0.8909441934126949	0.8926498841102242	0.0075574259518515	0.885707513506762	0.8855648255058038	0.8842633610153678	0.0026082372963039	0.2136646468365929	0.1997043727279986	0.062152646828118	0.2377135130935014	0.2182406459827906	0.0719783290487826	0.0890384170291568	0.0890384170291568	0.0890384170291568	0.0	0.2306110686980374	0.2326387941593938	0.2359970282096088	0.0163451688125598	0.2525680464229912	0.2528394747856117	0.255196758040906	0.0055061798073129	0.8598215403820672	0.8089042505925435	0.1997043727279986	0.062152646828118	11	GATA2	9734
37	GATA2	BaggingClassifier_LogisticRegression	mono+di	0.8514082089760225	0.8598215403820672	0.8089042505925435	0.8694269784529239	0.873019345259764	0.8278800449545257	0.8612359918277109	0.8612359918277109	0.8612359918277109	0.0	0.8941909412177858	0.8940744103916568	0.8970723667267576	0.0080556759061335	0.890291188500794	0.8900859970192665	0.8889238850077495	0.0026117820066654	0.2136646468365929	0.1997043727279986	0.062152646828118	0.2377135130935014	0.2182406459827906	0.0719783290487826	0.0920764556451724	0.0920764556451724	0.0920764556451724	0.0	0.2381544622936309	0.2412704490419332	0.2451934876375596	0.0155153873812914	0.2627327899624046	0.2631272751831314	0.2656156154782018	0.0051819475687413	0.8598215403820672	0.8089042505925435	0.1997043727279986	0.062152646828118	11	GATA2	9734
44	GATA3	Single best mono PWM	mono	0.8047338610017798	0.8008362795720226	0.8231288005579259	0.8140111079185535	0.8133518282655667	0.8471890429139656	0.8231288005579259	0.8231288005579259	0.8231288005579259	0.0	0.8008362795720226	0.8008362795720226	0.8008362795720226	0.0109848117737748	0.8047338610017798	0.8047338610017798	0.8047338610017798	0.0046306034280484	0.1453070192220517	0.1182923649310322	0.166652115871246	0.1660853170890487	0.1249377164593558	0.2276322192444557	0.166652115871246	0.166652115871246	0.166652115871246	0.0	0.1182923649310322	0.1182923649310322	0.1182923649310322	0.0207104511607486	0.1453070192220517	0.1453070192220517	0.1453070192220517	0.0107618878479835	0.8008362795720226	0.8231288005579259	0.1182923649310322	0.166652115871246	12	GATA3	8900
44	GATA3	RandomForestClassifier	mono	0.8047338610017798	0.8008362795720226	0.8231288005579259	0.8140111079185535	0.8133518282655667	0.8471890429139656	0.8326468340238657	0.8326468340238657	0.8326468340238657	0.0	0.8230241425625755	0.8229850134974823	0.8268278487517629	0.0109848117737748	0.8528560609036204	0.852388889354633	0.8537173313340279	0.0046306034280484	0.1453070192220517	0.1182923649310322	0.166652115871246	0.1660853170890487	0.1249377164593558	0.2276322192444557	0.1820693707247809	0.1820693707247809	0.1820693707247809	0.0	0.1282289186919074	0.1349154525869909	0.1341428062975904	0.0207104511607486	0.2422569463194059	0.2443627248663482	0.2417652735428276	0.0107618878479835	0.8008362795720226	0.8231288005579259	0.1182923649310322	0.166652115871246	12	GATA3	8900
19	GATA3	Single best di PWM	di	0.8047338610017798	0.8008362795720226	0.8231288005579259	0.8140111079185535	0.8133518282655667	0.8471890429139656	0.8471890429139656	0.8471890429139656	0.8471890429139656	0.0	0.8133518282655667	0.8133518282655667	0.8133518282655667	0.0	0.8140111079185535	0.8140111079185535	0.8140111079185535	0.0	0.1453070192220517	0.1182923649310322	0.166652115871246	0.1660853170890487	0.1249377164593558	0.2276322192444557	0.2276322192444557	0.2276322192444557	0.2276322192444557	0.0	0.1249377164593558	0.1249377164593558	0.1249377164593558	0.0	0.1660853170890487	0.1660853170890487	0.1660853170890487	0.0	0.8008362795720226	0.8231288005579259	0.1182923649310322	0.166652115871246	12	GATA3	8900
19	GATA3	RandomForestClassifier	di	0.8047338610017798	0.8008362795720226	0.8231288005579259	0.8140111079185535	0.8133518282655667	0.8471890429139656	0.8541930944467004	0.8541930944467004	0.8541930944467004	0.0	0.8325261131551972	0.8329895016460036	0.8359748573735846	0.0107937862702574	0.8598314636229483	0.8591800213287427	0.8593244042811755	0.0053001906778563	0.1453070192220517	0.1182923649310322	0.166652115871246	0.1660853170890487	0.1249377164593558	0.2276322192444557	0.2650686183266515	0.2650686183266515	0.2650686183266515	0.0	0.1598798735263435	0.1609023694229791	0.1706968808251302	0.0179606704281939	0.2925424335717389	0.2942365171691752	0.2908764756368159	0.0131668664892667	0.8008362795720226	0.8231288005579259	0.1182923649310322	0.166652115871246	12	GATA3	8900
44	GATA3	RandomForestClassifier	mono+di	0.8047338610017798	0.8008362795720226	0.8231288005579259	0.8140111079185535	0.8133518282655667	0.8471890429139656	0.8561499374843762	0.8561499374843762	0.8561499374843762	0.0	0.8399159938050764	0.8393643785026307	0.8428423492804795	0.0094990715508076	0.8677874767443602	0.8679668812827837	0.8687900100820265	0.0045914109910106	0.1453070192220517	0.1182923649310322	0.166652115871246	0.1660853170890487	0.1249377164593558	0.2276322192444557	0.259731647234156	0.259731647234156	0.259731647234156	0.0	0.1585696776935884	0.1611811696405408	0.16873071269747	0.0191709203998985	0.3038667546809668	0.299692907453013	0.2975749434188397	0.0140860018474387	0.8008362795720226	0.8231288005579259	0.1182923649310322	0.166652115871246	12	GATA3	8900
44	GATA3	Single best mono PWM	mono	0.8047338610017798	0.8008362795720226	0.8231288005579259	0.8140111079185535	0.8133518282655667	0.8471890429139656	0.8231288005579259	0.8231288005579259	0.8231288005579259	0.0	0.8008362795720226	0.8008362795720226	0.8008362795720226	0.0094541945000332	0.8047338610017798	0.8047338610017798	0.8047338610017798	0.0028291200692496	0.1453070192220517	0.1182923649310322	0.166652115871246	0.1660853170890487	0.1249377164593558	0.2276322192444557	0.166652115871246	0.166652115871246	0.166652115871246	0.0	0.1182923649310322	0.1182923649310322	0.1182923649310322	0.0131507093843936	0.1453070192220517	0.1453070192220517	0.1453070192220517	0.0053510556625348	0.8008362795720226	0.8231288005579259	0.1182923649310322	0.166652115871246	12	GATA3	8900
44	GATA3	LogisticRegression	mono	0.8047338610017798	0.8008362795720226	0.8231288005579259	0.8140111079185535	0.8133518282655667	0.8471890429139656	0.8359541845989219	0.8359541845989219	0.8359541845989219	0.0	0.8265539403116121	0.8263890726904214	0.8310925232840005	0.0094541945000332	0.8265808170415582	0.8265067860003763	0.8264390918031024	0.0028291200692496	0.1453070192220517	0.1182923649310322	0.166652115871246	0.1660853170890487	0.1249377164593558	0.2276322192444557	0.1841749269864543	0.1841749269864543	0.1841749269864543	0.0	0.1351800017347045	0.1354603503566301	0.1380857528292818	0.0131507093843936	0.1675745119201729	0.1676606520356668	0.166039320988537	0.0053510556625348	0.8008362795720226	0.8231288005579259	0.1182923649310322	0.166652115871246	12	GATA3	8900
19	GATA3	Single best di PWM	di	0.8047338610017798	0.8008362795720226	0.8231288005579259	0.8140111079185535	0.8133518282655667	0.8471890429139656	0.8471890429139656	0.8471890429139656	0.8471890429139656	0.0	0.8133518282655667	0.8133518282655667	0.8133518282655667	0.0	0.8140111079185535	0.8140111079185535	0.8140111079185535	0.0	0.1453070192220517	0.1182923649310322	0.166652115871246	0.1660853170890487	0.1249377164593558	0.2276322192444557	0.2276322192444557	0.2276322192444557	0.2276322192444557	0.0	0.1249377164593558	0.1249377164593558	0.1249377164593558	0.0	0.1660853170890487	0.1660853170890487	0.1660853170890487	0.0	0.8008362795720226	0.8231288005579259	0.1182923649310322	0.166652115871246	12	GATA3	8900
19	GATA3	LogisticRegression	di	0.8047338610017798	0.8008362795720226	0.8231288005579259	0.8140111079185535	0.8133518282655667	0.8471890429139656	0.8565016248798365	0.8565016248798365	0.8565016248798365	0.0	0.8297820582159667	0.8299190372238036	0.8319731293386172	0.0094576077005467	0.8388846112744545	0.8388546456053593	0.8383815678464	0.0020704628452645	0.1453070192220517	0.1182923649310322	0.166652115871246	0.1660853170890487	0.1249377164593558	0.2276322192444557	0.2548561606427444	0.2548561606427444	0.2548561606427444	0.0	0.1436020226548179	0.1459972805382064	0.1439148594610067	0.0118137261734326	0.2024375166867919	0.2027571377334692	0.2011586792345173	0.0069138327963177	0.8008362795720226	0.8231288005579259	0.1182923649310322	0.166652115871246	12	GATA3	8900
44	GATA3	LogisticRegression	mono+di	0.8047338610017798	0.8008362795720226	0.8231288005579259	0.8140111079185535	0.8133518282655667	0.8471890429139656	0.8652346586942524	0.8652346586942524	0.8652346586942524	0.0	0.8457053409555431	0.8456987648717249	0.8471107297700612	0.0096030338552897	0.8522330435969305	0.8521716586863218	0.8516380298366651	0.0013350408193156	0.1453070192220517	0.1182923649310322	0.166652115871246	0.1660853170890487	0.1249377164593558	0.2276322192444557	0.266242720545551	0.266242720545551	0.266242720545551	0.0	0.15747816475996	0.1584742374905041	0.1575790254885475	0.0137667960179751	0.2189500663785455	0.2190459761599899	0.219198978623625	0.0066867681474582	0.8008362795720226	0.8231288005579259	0.1182923649310322	0.166652115871246	12	GATA3	8900
44	GATA3	Single best mono PWM	mono	0.8047338610017798	0.8008362795720226	0.8231288005579259	0.8140111079185535	0.8133518282655667	0.8471890429139656	0.8231288005579259	0.8231288005579259	0.8231288005579259	0.0	0.8008362795720226	0.8008362795720226	0.8008362795720226	0.0109496352113832	0.8047338610017798	0.8047338610017798	0.8047338610017798	0.0082138514247664	0.1453070192220517	0.1182923649310322	0.166652115871246	0.1660853170890487	0.1249377164593558	0.2276322192444557	0.166652115871246	0.166652115871246	0.166652115871246	0.0	0.1182923649310322	0.1182923649310322	0.1182923649310322	0.0164699139799438	0.1453070192220517	0.1453070192220517	0.1453070192220517	0.0228318808921229	0.8008362795720226	0.8231288005579259	0.1182923649310322	0.166652115871246	12	GATA3	8900
44	GATA3	XGBClassifier	mono	0.8047338610017798	0.8008362795720226	0.8231288005579259	0.8140111079185535	0.8133518282655667	0.8471890429139656	0.822095134086308	0.822095134086308	0.822095134086308	0.0	0.8209543740817696	0.818294201826283	0.8146631320069064	0.0109496352113832	0.8840902909170988	0.8832326637114193	0.8859187113667879	0.0082138514247664	0.1453070192220517	0.1182923649310322	0.166652115871246	0.1660853170890487	0.1249377164593558	0.2276322192444557	0.1719844384589794	0.1719844384589794	0.1719844384589794	0.0	0.1201471403473335	0.1283233063418629	0.1320864381408727	0.0164699139799438	0.313217275534918	0.3129249390925179	0.3175494795047134	0.0228318808921229	0.8008362795720226	0.8231288005579259	0.1182923649310322	0.166652115871246	12	GATA3	8900
19	GATA3	Single best di PWM	di	0.8047338610017798	0.8008362795720226	0.8231288005579259	0.8140111079185535	0.8133518282655667	0.8471890429139656	0.8471890429139656	0.8471890429139656	0.8471890429139656	0.0	0.8133518282655667	0.8133518282655667	0.8133518282655667	0.0	0.8140111079185535	0.8140111079185535	0.8140111079185535	0.0	0.1453070192220517	0.1182923649310322	0.166652115871246	0.1660853170890487	0.1249377164593558	0.2276322192444557	0.2276322192444557	0.2276322192444557	0.2276322192444557	0.0	0.1249377164593558	0.1249377164593558	0.1249377164593558	0.0	0.1660853170890487	0.1660853170890487	0.1660853170890487	0.0	0.8008362795720226	0.8231288005579259	0.1182923649310322	0.166652115871246	12	GATA3	8900
19	GATA3	XGBClassifier	di	0.8047338610017798	0.8008362795720226	0.8231288005579259	0.8140111079185535	0.8133518282655667	0.8471890429139656	0.8479864922927092	0.8479864922927092	0.8479864922927092	0.0	0.8320025856606971	0.83086949046492	0.8325087284119161	0.0092985976951717	0.8878488030444733	0.8888639170085328	0.8922600255851931	0.0094172724384389	0.1453070192220517	0.1182923649310322	0.166652115871246	0.1660853170890487	0.1249377164593558	0.2276322192444557	0.2423030734061824	0.2423030734061824	0.2423030734061824	0.0	0.1492283496047234	0.1534930744057017	0.1540845374704722	0.0140062270056474	0.3669055905233231	0.3660619607694265	0.3730176140439859	0.0231524915156345	0.8008362795720226	0.8231288005579259	0.1182923649310322	0.166652115871246	12	GATA3	8900
44	GATA3	XGBClassifier	mono+di	0.8047338610017798	0.8008362795720226	0.8231288005579259	0.8140111079185535	0.8133518282655667	0.8471890429139656	0.8546297244367584	0.8546297244367584	0.8546297244367584	0.0	0.8441709127017264	0.8406417382964328	0.8401179412101045	0.0092540298668496	0.90322866747322	0.9021549566309536	0.9049133538079172	0.0078785174618243	0.1453070192220517	0.1182923649310322	0.166652115871246	0.1660853170890487	0.1249377164593558	0.2276322192444557	0.2432503178761841	0.2432503178761841	0.2432503178761841	0.0	0.1585222704925929	0.1571178543003708	0.1652801227037102	0.0163183737050761	0.4006075468093534	0.3913827764034857	0.3932303797771902	0.0199158373634297	0.8008362795720226	0.8231288005579259	0.1182923649310322	0.166652115871246	12	GATA3	8900
44	GATA3	Single best mono PWM	mono	0.8047338610017798	0.8008362795720226	0.8231288005579259	0.8140111079185535	0.8133518282655667	0.8471890429139656	0.8231288005579259	0.8231288005579259	0.8231288005579259	0.0	0.8008362795720226	0.8008362795720226	0.8008362795720226	0.0106143584442106	0.8047338610017798	0.8047338610017798	0.8047338610017798	0.0095680444982111	0.1453070192220517	0.1182923649310322	0.166652115871246	0.1660853170890487	0.1249377164593558	0.2276322192444557	0.166652115871246	0.166652115871246	0.166652115871246	0.0	0.1182923649310322	0.1182923649310322	0.1182923649310322	0.0201812678569749	0.1453070192220517	0.1453070192220517	0.1453070192220517	0.0225460944082929	0.8008362795720226	0.8231288005579259	0.1182923649310322	0.166652115871246	12	GATA3	8900
44	GATA3	BaggingClassifier_XGBClassifier	mono	0.8047338610017798	0.8008362795720226	0.8231288005579259	0.8140111079185535	0.8133518282655667	0.8471890429139656	0.8301920487151664	0.8301920487151664	0.8301920487151664	0.0	0.8269262482787522	0.8252425393873025	0.823998438556639	0.0106143584442106	0.8979524772261926	0.8956225745721745	0.8986116391190805	0.0095680444982111	0.1453070192220517	0.1182923649310322	0.166652115871246	0.1660853170890487	0.1249377164593558	0.2276322192444557	0.1841003613301706	0.1841003613301706	0.1841003613301706	0.0	0.1343899400964122	0.1363345875595053	0.1350595890541515	0.0201812678569749	0.3415445019018934	0.3400209527836088	0.3478294615435424	0.0225460944082929	0.8008362795720226	0.8231288005579259	0.1182923649310322	0.166652115871246	12	GATA3	8900
19	GATA3	Single best di PWM	di	0.8047338610017798	0.8008362795720226	0.8231288005579259	0.8140111079185535	0.8133518282655667	0.8471890429139656	0.8471890429139656	0.8471890429139656	0.8471890429139656	0.0	0.8133518282655667	0.8133518282655667	0.8133518282655667	0.0	0.8140111079185535	0.8140111079185535	0.8140111079185535	0.0	0.1453070192220517	0.1182923649310322	0.166652115871246	0.1660853170890487	0.1249377164593558	0.2276322192444557	0.2276322192444557	0.2276322192444557	0.2276322192444557	0.0	0.1249377164593558	0.1249377164593558	0.1249377164593558	0.0	0.1660853170890487	0.1660853170890487	0.1660853170890487	0.0	0.8008362795720226	0.8231288005579259	0.1182923649310322	0.166652115871246	12	GATA3	8900
19	GATA3	BaggingClassifier_XGBClassifier	di	0.8047338610017798	0.8008362795720226	0.8231288005579259	0.8140111079185535	0.8133518282655667	0.8471890429139656	0.8531073020971672	0.8531073020971672	0.8531073020971672	0.0	0.8354767523841427	0.8338956208182385	0.8374307691873295	0.0091746765701084	0.902842101327298	0.9007190447147002	0.9042006767476256	0.0095819557260774	0.1453070192220517	0.1182923649310322	0.166652115871246	0.1660853170890487	0.1249377164593558	0.2276322192444557	0.2703429648532987	0.2703429648532987	0.2703429648532987	0.0	0.1594053736482878	0.1619708234076149	0.1645913885367598	0.0183160139069857	0.3838277114998583	0.384590469271641	0.3889334239907922	0.0230974072276782	0.8008362795720226	0.8231288005579259	0.1182923649310322	0.166652115871246	12	GATA3	8900
44	GATA3	BaggingClassifier_XGBClassifier	mono+di	0.8047338610017798	0.8008362795720226	0.8231288005579259	0.8140111079185535	0.8133518282655667	0.8471890429139656	0.8617421362998009	0.8617421362998009	0.8617421362998009	0.0	0.8472978685671126	0.8474928827097491	0.8483527549028049	0.0077806949833781	0.916802871025428	0.9156571699406176	0.919212973957274	0.0093221037085339	0.1453070192220517	0.1182923649310322	0.166652115871246	0.1660853170890487	0.1249377164593558	0.2276322192444557	0.2769981425224226	0.2769981425224226	0.2769981425224226	0.0	0.1634171407602558	0.1673370788740585	0.1778414858737291	0.017536508490808	0.4205355958483686	0.4195831074969977	0.4267183590163322	0.0217310213711235	0.8008362795720226	0.8231288005579259	0.1182923649310322	0.166652115871246	12	GATA3	8900
44	GATA3	Single best mono PWM	mono	0.8047338610017798	0.8008362795720226	0.8231288005579259	0.8140111079185535	0.8133518282655667	0.8471890429139656	0.8231288005579259	0.8231288005579259	0.8231288005579259	0.0	0.8008362795720226	0.8008362795720226	0.8008362795720226	0.0096350326170883	0.8047338610017798	0.8047338610017798	0.8047338610017798	0.0028836928532465	0.1453070192220517	0.1182923649310322	0.166652115871246	0.1660853170890487	0.1249377164593558	0.2276322192444557	0.166652115871246	0.166652115871246	0.166652115871246	0.0	0.1182923649310322	0.1182923649310322	0.1182923649310322	0.0132060702286573	0.1453070192220517	0.1453070192220517	0.1453070192220517	0.0054874412329931	0.8008362795720226	0.8231288005579259	0.1182923649310322	0.166652115871246	12	GATA3	8900
44	GATA3	BaggingClassifier_LogisticRegression	mono	0.8047338610017798	0.8008362795720226	0.8231288005579259	0.8140111079185535	0.8133518282655667	0.8471890429139656	0.8359597546466118	0.8359597546466118	0.8359597546466118	0.0	0.826587395927416	0.8263756465309956	0.8312746446163382	0.0096350326170883	0.8265107773590887	0.8264326271961628	0.8264277455136844	0.0028836928532465	0.1453070192220517	0.1182923649310322	0.166652115871246	0.1660853170890487	0.1249377164593558	0.2276322192444557	0.1841556834701712	0.1841556834701712	0.1841556834701712	0.0	0.1349808284375327	0.1350969423515524	0.1372474546318458	0.0132060702286573	0.1674910720711107	0.1678115603272293	0.1660483068166944	0.0054874412329931	0.8008362795720226	0.8231288005579259	0.1182923649310322	0.166652115871246	12	GATA3	8900
19	GATA3	Single best di PWM	di	0.8047338610017798	0.8008362795720226	0.8231288005579259	0.8140111079185535	0.8133518282655667	0.8471890429139656	0.8471890429139656	0.8471890429139656	0.8471890429139656	0.0	0.8133518282655667	0.8133518282655667	0.8133518282655667	0.0	0.8140111079185535	0.8140111079185535	0.8140111079185535	0.0	0.1453070192220517	0.1182923649310322	0.166652115871246	0.1660853170890487	0.1249377164593558	0.2276322192444557	0.2276322192444557	0.2276322192444557	0.2276322192444557	0.0	0.1249377164593558	0.1249377164593558	0.1249377164593558	0.0	0.1660853170890487	0.1660853170890487	0.1660853170890487	0.0	0.8008362795720226	0.8231288005579259	0.1182923649310322	0.166652115871246	12	GATA3	8900
19	GATA3	BaggingClassifier_LogisticRegression	di	0.8047338610017798	0.8008362795720226	0.8231288005579259	0.8140111079185535	0.8133518282655667	0.8471890429139656	0.8564887816303928	0.8564887816303928	0.8564887816303928	0.0	0.829681238001423	0.8299989242327495	0.8324785513306858	0.0093820361745088	0.8387578970095839	0.8387972497868413	0.8382450283685534	0.0020712638535754	0.1453070192220517	0.1182923649310322	0.166652115871246	0.1660853170890487	0.1249377164593558	0.2276322192444557	0.2556282582945643	0.2556282582945643	0.2556282582945643	0.0	0.1429670618512503	0.1462124774822839	0.1438445274733159	0.011877791569836	0.2027660853891388	0.2025876271376306	0.2009349621619844	0.0069503418316054	0.8008362795720226	0.8231288005579259	0.1182923649310322	0.166652115871246	12	GATA3	8900
44	GATA3	BaggingClassifier_LogisticRegression	mono+di	0.8047338610017798	0.8008362795720226	0.8231288005579259	0.8140111079185535	0.8133518282655667	0.8471890429139656	0.8651137499398329	0.8651137499398329	0.8651137499398329	0.0	0.8457770305327938	0.8456659895921677	0.8473726174223761	0.0095271025253818	0.8521411132700193	0.8520831105293327	0.8517066597065328	0.0014137144713845	0.1453070192220517	0.1182923649310322	0.166652115871246	0.1660853170890487	0.1249377164593558	0.2276322192444557	0.265251277008687	0.265251277008687	0.265251277008687	0.0	0.1575213658065249	0.1581628576897908	0.1573006246415129	0.014214271059626	0.219079789462076	0.218885787438322	0.2191092274089205	0.0064673959757821	0.8008362795720226	0.8231288005579259	0.1182923649310322	0.166652115871246	12	GATA3	8900
47	GCR	Single best mono PWM	mono	0.9240134292380896	0.906350032544391	0.8409362837306731	0.9295911456727994	0.9167054919177976	0.8475838399391421	0.8409362837306731	0.8409362837306731	0.8409362837306731	0.0	0.906350032544391	0.906350032544391	0.906350032544391	0.0121868107279611	0.9240134292380896	0.9240134292380896	0.9240134292380896	0.0047104409773182	0.4941035585898214	0.4051967733061211	0.4204938509527975	0.5084499026840525	0.414973296765177	0.4285992594314703	0.4204938509527975	0.4204938509527975	0.4204938509527975	0.0	0.4051967733061211	0.4051967733061211	0.4051967733061211	0.0420336082631412	0.4941035585898214	0.4941035585898214	0.4941035585898214	0.0246023522164056	0.906350032544391	0.8409362837306731	0.4051967733061211	0.4204938509527975	13	GCR	7758
47	GCR	RandomForestClassifier	mono	0.9240134292380896	0.906350032544391	0.8409362837306731	0.9295911456727994	0.9167054919177976	0.8475838399391421	0.861606287694118	0.861606287694118	0.861606287694118	0.0	0.9225627982372134	0.9225725158726136	0.9204272221901628	0.0121868107279611	0.9512950047394646	0.9507339562566736	0.95118828729782	0.0047104409773182	0.4941035585898214	0.4051967733061211	0.4204938509527975	0.5084499026840525	0.414973296765177	0.4285992594314703	0.426152260989477	0.426152260989477	0.426152260989477	0.0	0.4241372800420016	0.4297874895407388	0.4284897022779533	0.0420336082631412	0.6393876622905756	0.635396072601382	0.6316339027578507	0.0246023522164056	0.906350032544391	0.8409362837306731	0.4051967733061211	0.4204938509527975	13	GCR	7758
26	GCR	Single best di PWM	di	0.9240134292380896	0.906350032544391	0.8409362837306731	0.9295911456727994	0.9167054919177976	0.8475838399391421	0.8475838399391421	0.8475838399391421	0.8475838399391421	0.0	0.9167054919177976	0.9167054919177976	0.9167054919177976	0.0	0.9295911456727994	0.9295911456727994	0.9295911456727994	0.0	0.4941035585898214	0.4051967733061211	0.4204938509527975	0.5084499026840525	0.414973296765177	0.4285992594314703	0.4285992594314703	0.4285992594314703	0.4285992594314703	0.0	0.414973296765177	0.414973296765177	0.414973296765177	0.0	0.5084499026840525	0.5084499026840525	0.5084499026840525	0.0	0.906350032544391	0.8409362837306731	0.4051967733061211	0.4204938509527975	13	GCR	7758
26	GCR	RandomForestClassifier	di	0.9240134292380896	0.906350032544391	0.8409362837306731	0.9295911456727994	0.9167054919177976	0.8475838399391421	0.8554278729300444	0.8554278729300444	0.8554278729300444	0.0	0.9238030919244308	0.9231634956839448	0.9186606310838948	0.0130068743601034	0.9482893698140578	0.9482569190695193	0.9479859622194768	0.0054260406958343	0.4941035585898214	0.4051967733061211	0.4204938509527975	0.5084499026840525	0.414973296765177	0.4285992594314703	0.4394624974087427	0.4394624974087427	0.4394624974087427	0.0	0.4236124190280971	0.4249959006158794	0.4111894542366575	0.0423716133150478	0.6451908598686117	0.6458362320430995	0.6391647291718277	0.0213881552653297	0.906350032544391	0.8409362837306731	0.4051967733061211	0.4204938509527975	13	GCR	7758
47	GCR	RandomForestClassifier	mono+di	0.9240134292380896	0.906350032544391	0.8409362837306731	0.9295911456727994	0.9167054919177976	0.8475838399391421	0.8654090586979915	0.8654090586979915	0.8654090586979915	0.0	0.9244181290913688	0.9255977947997678	0.924935181163712	0.0125733735703225	0.9530476163798404	0.9531407626444208	0.9536183319968936	0.0049948564523067	0.4941035585898214	0.4051967733061211	0.4204938509527975	0.5084499026840525	0.414973296765177	0.4285992594314703	0.4346016385444837	0.4346016385444837	0.4346016385444837	0.0	0.4423663350386808	0.4439137328581722	0.4430699677382821	0.0397890198213624	0.6604742761545705	0.6608384843038503	0.6517908905375895	0.0234716442405542	0.906350032544391	0.8409362837306731	0.4051967733061211	0.4204938509527975	13	GCR	7758
47	GCR	Single best mono PWM	mono	0.9240134292380896	0.906350032544391	0.8409362837306731	0.9295911456727994	0.9167054919177976	0.8475838399391421	0.8409362837306731	0.8409362837306731	0.8409362837306731	0.0	0.906350032544391	0.906350032544391	0.906350032544391	0.0087469164650449	0.9240134292380896	0.9240134292380896	0.9240134292380896	0.0053778993002876	0.4941035585898214	0.4051967733061211	0.4204938509527975	0.5084499026840525	0.414973296765177	0.4285992594314703	0.4204938509527975	0.4204938509527975	0.4204938509527975	0.0	0.4051967733061211	0.4051967733061211	0.4051967733061211	0.0298001327934874	0.4941035585898214	0.4941035585898214	0.4941035585898214	0.0240776851954325	0.906350032544391	0.8409362837306731	0.4051967733061211	0.4204938509527975	13	GCR	7758
47	GCR	LogisticRegression	mono	0.9240134292380896	0.906350032544391	0.8409362837306731	0.9295911456727994	0.9167054919177976	0.8475838399391421	0.8687268150530123	0.8687268150530123	0.8687268150530123	0.0	0.9285132291912822	0.9284772446610068	0.9331584892946564	0.0087469164650449	0.9450764991044052	0.9450531460890866	0.945229393732384	0.0053778993002876	0.4941035585898214	0.4051967733061211	0.4204938509527975	0.5084499026840525	0.414973296765177	0.4285992594314703	0.4416570341020622	0.4416570341020622	0.4416570341020622	0.0	0.4547350769589819	0.4555233445879367	0.4613229344640925	0.0298001327934874	0.5730763254336646	0.5744407111118202	0.5761519944727501	0.0240776851954325	0.906350032544391	0.8409362837306731	0.4051967733061211	0.4204938509527975	13	GCR	7758
26	GCR	Single best di PWM	di	0.9240134292380896	0.906350032544391	0.8409362837306731	0.9295911456727994	0.9167054919177976	0.8475838399391421	0.8475838399391421	0.8475838399391421	0.8475838399391421	0.0	0.9167054919177976	0.9167054919177976	0.9167054919177976	0.0	0.9295911456727994	0.9295911456727994	0.9295911456727994	0.0	0.4941035585898214	0.4051967733061211	0.4204938509527975	0.5084499026840525	0.414973296765177	0.4285992594314703	0.4285992594314703	0.4285992594314703	0.4285992594314703	0.0	0.414973296765177	0.414973296765177	0.414973296765177	0.0	0.5084499026840525	0.5084499026840525	0.5084499026840525	0.0	0.906350032544391	0.8409362837306731	0.4051967733061211	0.4204938509527975	13	GCR	7758
26	GCR	LogisticRegression	di	0.9240134292380896	0.906350032544391	0.8409362837306731	0.9295911456727994	0.9167054919177976	0.8475838399391421	0.8589948278512392	0.8589948278512392	0.8589948278512392	0.0	0.9274380412837	0.9273287134424624	0.9307382513644604	0.0113615642029818	0.9402183677811624	0.9402072997681764	0.9403152528222972	0.0057625883523693	0.4941035585898214	0.4051967733061211	0.4204938509527975	0.5084499026840525	0.414973296765177	0.4285992594314703	0.45495363795038	0.45495363795038	0.45495363795038	0.0	0.446005765838912	0.4465655480079305	0.4456418008023883	0.0365708623570926	0.5457540994377835	0.5464340710097882	0.5523855613935926	0.0249804234698646	0.906350032544391	0.8409362837306731	0.4051967733061211	0.4204938509527975	13	GCR	7758
47	GCR	LogisticRegression	mono+di	0.9240134292380896	0.906350032544391	0.8409362837306731	0.9295911456727994	0.9167054919177976	0.8475838399391421	0.8718640417179664	0.8718640417179664	0.8718640417179664	0.0	0.9330642927917284	0.9330743362660342	0.937795532075886	0.0090482320708807	0.9490938654537632	0.9490710891877528	0.9488472812052966	0.0055777273248627	0.4941035585898214	0.4051967733061211	0.4204938509527975	0.5084499026840525	0.414973296765177	0.4285992594314703	0.4575982800506348	0.4575982800506348	0.4575982800506348	0.0	0.469888226662932	0.4711314389939085	0.4901772176891618	0.0341887449690578	0.585679315167249	0.5867840507095886	0.5933025430745742	0.025663142940138	0.906350032544391	0.8409362837306731	0.4051967733061211	0.4204938509527975	13	GCR	7758
47	GCR	Single best mono PWM	mono	0.9240134292380896	0.906350032544391	0.8409362837306731	0.9295911456727994	0.9167054919177976	0.8475838399391421	0.8409362837306731	0.8409362837306731	0.8409362837306731	0.0	0.906350032544391	0.906350032544391	0.906350032544391	0.0088076686831664	0.9240134292380896	0.9240134292380896	0.9240134292380896	0.0033839259595952	0.4941035585898214	0.4051967733061211	0.4204938509527975	0.5084499026840525	0.414973296765177	0.4285992594314703	0.4204938509527975	0.4204938509527975	0.4204938509527975	0.0	0.4051967733061211	0.4051967733061211	0.4051967733061211	0.0518259213861489	0.4941035585898214	0.4941035585898214	0.4941035585898214	0.0206736904966793	0.906350032544391	0.8409362837306731	0.4051967733061211	0.4204938509527975	13	GCR	7758
47	GCR	XGBClassifier	mono	0.9240134292380896	0.906350032544391	0.8409362837306731	0.9295911456727994	0.9167054919177976	0.8475838399391421	0.8638874209645185	0.8638874209645185	0.8638874209645185	0.0	0.9313022420390616	0.9312613705706572	0.9337898745941546	0.0088076686831664	0.9722733206000382	0.9721037876356418	0.9730451412668532	0.0033839259595952	0.4941035585898214	0.4051967733061211	0.4204938509527975	0.5084499026840525	0.414973296765177	0.4285992594314703	0.4066914932555392	0.4066914932555392	0.4066914932555392	0.0	0.4109056524474047	0.4380507105402645	0.4404550836052007	0.0518259213861489	0.7526658802305822	0.7579331036214595	0.7595612337208125	0.0206736904966793	0.906350032544391	0.8409362837306731	0.4051967733061211	0.4204938509527975	13	GCR	7758
26	GCR	Single best di PWM	di	0.9240134292380896	0.906350032544391	0.8409362837306731	0.9295911456727994	0.9167054919177976	0.8475838399391421	0.8475838399391421	0.8475838399391421	0.8475838399391421	0.0	0.9167054919177976	0.9167054919177976	0.9167054919177976	0.0	0.9295911456727994	0.9295911456727994	0.9295911456727994	0.0	0.4941035585898214	0.4051967733061211	0.4204938509527975	0.5084499026840525	0.414973296765177	0.4285992594314703	0.4285992594314703	0.4285992594314703	0.4285992594314703	0.0	0.414973296765177	0.414973296765177	0.414973296765177	0.0	0.5084499026840525	0.5084499026840525	0.5084499026840525	0.0	0.906350032544391	0.8409362837306731	0.4051967733061211	0.4204938509527975	13	GCR	7758
26	GCR	XGBClassifier	di	0.9240134292380896	0.906350032544391	0.8409362837306731	0.9295911456727994	0.9167054919177976	0.8475838399391421	0.8550435056324011	0.8550435056324011	0.8550435056324011	0.0	0.9235866613600654	0.9226652866566588	0.9243361383990496	0.0129721953896857	0.969373627998956	0.969990504397904	0.9695980549638128	0.0038674579388082	0.4941035585898214	0.4051967733061211	0.4204938509527975	0.5084499026840525	0.414973296765177	0.4285992594314703	0.4049507864985813	0.4049507864985813	0.4049507864985813	0.0	0.3884312250609674	0.4001002003342543	0.4063515476772217	0.0295812175486363	0.7427350916319625	0.735513815835806	0.7355209197803884	0.0203744387874153	0.906350032544391	0.8409362837306731	0.4051967733061211	0.4204938509527975	13	GCR	7758
47	GCR	XGBClassifier	mono+di	0.9240134292380896	0.906350032544391	0.8409362837306731	0.9295911456727994	0.9167054919177976	0.8475838399391421	0.8678851380029595	0.8678851380029595	0.8678851380029595	0.0	0.9322901612294732	0.932174422696816	0.9374164806163896	0.0090186621527246	0.977053246994296	0.9760889015810712	0.9772286675809522	0.0036734532467456	0.4941035585898214	0.4051967733061211	0.4204938509527975	0.5084499026840525	0.414973296765177	0.4285992594314703	0.4161699182087967	0.4161699182087967	0.4161699182087967	0.0	0.4178168299084064	0.4352724741556121	0.4391124996640807	0.0418947172326626	0.7823781534938673	0.7766714829428034	0.7764702265027768	0.0228574138701197	0.906350032544391	0.8409362837306731	0.4051967733061211	0.4204938509527975	13	GCR	7758
47	GCR	Single best mono PWM	mono	0.9240134292380896	0.906350032544391	0.8409362837306731	0.9295911456727994	0.9167054919177976	0.8475838399391421	0.8409362837306731	0.8409362837306731	0.8409362837306731	0.0	0.906350032544391	0.906350032544391	0.906350032544391	0.008876585805649	0.9240134292380896	0.9240134292380896	0.9240134292380896	0.003135120546528	0.4941035585898214	0.4051967733061211	0.4204938509527975	0.5084499026840525	0.414973296765177	0.4285992594314703	0.4204938509527975	0.4204938509527975	0.4204938509527975	0.0	0.4051967733061211	0.4051967733061211	0.4051967733061211	0.039624073308995	0.4941035585898214	0.4941035585898214	0.4941035585898214	0.022498311236295	0.906350032544391	0.8409362837306731	0.4051967733061211	0.4204938509527975	13	GCR	7758
47	GCR	BaggingClassifier_XGBClassifier	mono	0.9240134292380896	0.906350032544391	0.8409362837306731	0.9295911456727994	0.9167054919177976	0.8475838399391421	0.8681879137758546	0.8681879137758546	0.8681879137758546	0.0	0.9329577254580051	0.933005538373098	0.9381781174038448	0.008876585805649	0.9796212611129528	0.97835895340741	0.9788948438372916	0.003135120546528	0.4941035585898214	0.4051967733061211	0.4204938509527975	0.5084499026840525	0.414973296765177	0.4285992594314703	0.4170624410973066	0.4170624410973066	0.4170624410973066	0.0	0.4426531812734191	0.4490693574835624	0.4493753043399498	0.039624073308995	0.7715258729863096	0.771030781511589	0.7768827077769032	0.022498311236295	0.906350032544391	0.8409362837306731	0.4051967733061211	0.4204938509527975	13	GCR	7758
26	GCR	Single best di PWM	di	0.9240134292380896	0.906350032544391	0.8409362837306731	0.9295911456727994	0.9167054919177976	0.8475838399391421	0.8475838399391421	0.8475838399391421	0.8475838399391421	0.0	0.9167054919177976	0.9167054919177976	0.9167054919177976	0.0	0.9295911456727994	0.9295911456727994	0.9295911456727994	0.0	0.4941035585898214	0.4051967733061211	0.4204938509527975	0.5084499026840525	0.414973296765177	0.4285992594314703	0.4285992594314703	0.4285992594314703	0.4285992594314703	0.0	0.414973296765177	0.414973296765177	0.414973296765177	0.0	0.5084499026840525	0.5084499026840525	0.5084499026840525	0.0	0.906350032544391	0.8409362837306731	0.4051967733061211	0.4204938509527975	13	GCR	7758
26	GCR	BaggingClassifier_XGBClassifier	di	0.9240134292380896	0.906350032544391	0.8409362837306731	0.9295911456727994	0.9167054919177976	0.8475838399391421	0.8575612494131181	0.8575612494131181	0.8575612494131181	0.0	0.9291307434631376	0.9271338422366344	0.9315977779870068	0.0132244557887009	0.9768263215577936	0.9755040151068602	0.9762149736612372	0.0039538521416551	0.4941035585898214	0.4051967733061211	0.4204938509527975	0.5084499026840525	0.414973296765177	0.4285992594314703	0.4312284820696364	0.4312284820696364	0.4312284820696364	0.0	0.4067721185343712	0.4048675398746607	0.4048241593799877	0.042119287593212	0.7523161025696895	0.7499042146257084	0.7459635117399339	0.020125169529167	0.906350032544391	0.8409362837306731	0.4051967733061211	0.4204938509527975	13	GCR	7758
47	GCR	BaggingClassifier_XGBClassifier	mono+di	0.9240134292380896	0.906350032544391	0.8409362837306731	0.9295911456727994	0.9167054919177976	0.8475838399391421	0.8728820602159353	0.8728820602159353	0.8728820602159353	0.0	0.9348794510155094	0.934586241945836	0.9407007346600276	0.0091630484840836	0.982344166675089	0.9820449987428056	0.9831412487854456	0.0026487874409288	0.4941035585898214	0.4051967733061211	0.4204938509527975	0.5084499026840525	0.414973296765177	0.4285992594314703	0.4302337380368574	0.4302337380368574	0.4302337380368574	0.0	0.4407440219878775	0.4508760425193565	0.4614748004627013	0.0341552918412353	0.7935145107577368	0.7943137088372323	0.795871306221965	0.0193054664026286	0.906350032544391	0.8409362837306731	0.4051967733061211	0.4204938509527975	13	GCR	7758
47	GCR	Single best mono PWM	mono	0.9240134292380896	0.906350032544391	0.8409362837306731	0.9295911456727994	0.9167054919177976	0.8475838399391421	0.8409362837306731	0.8409362837306731	0.8409362837306731	0.0	0.906350032544391	0.906350032544391	0.906350032544391	0.0086777146436438	0.9240134292380896	0.9240134292380896	0.9240134292380896	0.0053851473420115	0.4941035585898214	0.4051967733061211	0.4204938509527975	0.5084499026840525	0.414973296765177	0.4285992594314703	0.4204938509527975	0.4204938509527975	0.4204938509527975	0.0	0.4051967733061211	0.4051967733061211	0.4051967733061211	0.0296522770070838	0.4941035585898214	0.4941035585898214	0.4941035585898214	0.0240615480407587	0.906350032544391	0.8409362837306731	0.4051967733061211	0.4204938509527975	13	GCR	7758
47	GCR	BaggingClassifier_LogisticRegression	mono	0.9240134292380896	0.906350032544391	0.8409362837306731	0.9295911456727994	0.9167054919177976	0.8475838399391421	0.8686040925591741	0.8686040925591741	0.8686040925591741	0.0	0.9284876289856514	0.9284019993288148	0.9329745320906228	0.0086777146436438	0.9450323027103756	0.945070112935112	0.9452543444332404	0.0053851473420115	0.4941035585898214	0.4051967733061211	0.4204938509527975	0.5084499026840525	0.414973296765177	0.4285992594314703	0.4408797042498515	0.4408797042498515	0.4408797042498515	0.0	0.4545941109790118	0.454921690356906	0.4606469344267948	0.0296522770070838	0.573518829024992	0.5743118080369766	0.5760023923522042	0.0240615480407587	0.906350032544391	0.8409362837306731	0.4051967733061211	0.4204938509527975	13	GCR	7758
26	GCR	Single best di PWM	di	0.9240134292380896	0.906350032544391	0.8409362837306731	0.9295911456727994	0.9167054919177976	0.8475838399391421	0.8475838399391421	0.8475838399391421	0.8475838399391421	0.0	0.9167054919177976	0.9167054919177976	0.9167054919177976	0.0	0.9295911456727994	0.9295911456727994	0.9295911456727994	0.0	0.4941035585898214	0.4051967733061211	0.4204938509527975	0.5084499026840525	0.414973296765177	0.4285992594314703	0.4285992594314703	0.4285992594314703	0.4285992594314703	0.0	0.414973296765177	0.414973296765177	0.414973296765177	0.0	0.5084499026840525	0.5084499026840525	0.5084499026840525	0.0	0.906350032544391	0.8409362837306731	0.4051967733061211	0.4204938509527975	13	GCR	7758
26	GCR	BaggingClassifier_LogisticRegression	di	0.9240134292380896	0.906350032544391	0.8409362837306731	0.9295911456727994	0.9167054919177976	0.8475838399391421	0.8590426740054131	0.8590426740054131	0.8590426740054131	0.0	0.92743990688573	0.9273384040059716	0.9307336955696414	0.0113949642540151	0.9402363824964334	0.9402050082838772	0.940337765811001	0.0057793040896984	0.4941035585898214	0.4051967733061211	0.4204938509527975	0.5084499026840525	0.414973296765177	0.4285992594314703	0.4545870891062645	0.4545870891062645	0.4545870891062645	0.0	0.4460235401423216	0.4471695032542088	0.4452138210629791	0.0361204701879602	0.5458058494967885	0.5463851427822795	0.5525991801763949	0.0250081012909352	0.906350032544391	0.8409362837306731	0.4051967733061211	0.4204938509527975	13	GCR	7758
47	GCR	BaggingClassifier_LogisticRegression	mono+di	0.9240134292380896	0.906350032544391	0.8409362837306731	0.9295911456727994	0.9167054919177976	0.8475838399391421	0.8718262284358573	0.8718262284358573	0.8718262284358573	0.0	0.932936830715272	0.9330473252832816	0.9375343331729212	0.0089412686810041	0.9490453376288022	0.949108371670406	0.9488984731605026	0.0055899583308389	0.4941035585898214	0.4051967733061211	0.4204938509527975	0.5084499026840525	0.414973296765177	0.4285992594314703	0.4570844044536035	0.4570844044536035	0.4570844044536035	0.0	0.4687756439653829	0.4718041918755223	0.4910609812993927	0.0341693719541112	0.5862236390976674	0.5865798733303025	0.5934249847086838	0.0257636748494514	0.906350032544391	0.8409362837306731	0.4051967733061211	0.4204938509527975	13	GCR	7758
26	HNF4A	Single best mono PWM	mono	0.9472225230423772	0.9418555647677528	0.9270591116764229	0.9521583203216796	0.948457614805262	0.93384687721821	0.9270591116764229	0.9270591116764229	0.9270591116764229	0.0	0.9418555647677528	0.9418555647677528	0.9418555647677528	0.0051865033181094	0.9472225230423772	0.9472225230423772	0.9472225230423772	0.0023528680296642	0.6179338061491009	0.4640210302460877	0.3125966486187171	0.6435122977836737	0.4821156997754067	0.3504666848161684	0.3125966486187171	0.3125966486187171	0.3125966486187171	0.0	0.4640210302460877	0.4640210302460877	0.4640210302460877	0.0365196441198756	0.6179338061491009	0.6179338061491009	0.6179338061491009	0.0123835463405519	0.9418555647677528	0.9270591116764229	0.4640210302460877	0.3125966486187171	14	HNF4A	10000
26	HNF4A	RandomForestClassifier	mono	0.9472225230423772	0.9418555647677528	0.9270591116764229	0.9521583203216796	0.948457614805262	0.93384687721821	0.9337173805526072	0.9337173805526072	0.9337173805526072	0.0	0.9474504616350437	0.9479501489004905	0.9469493269790202	0.0051865033181094	0.9593407927099924	0.9591610418659978	0.9591830869367644	0.0023528680296642	0.6179338061491009	0.4640210302460877	0.3125966486187171	0.6435122977836737	0.4821156997754067	0.3504666848161684	0.3528649628462926	0.3528649628462926	0.3528649628462926	0.0	0.4969069544379864	0.4995269859599728	0.5015146541648318	0.0365196441198756	0.7032437829937657	0.7029332796555365	0.7044459249526694	0.0123835463405519	0.9418555647677528	0.9270591116764229	0.4640210302460877	0.3125966486187171	14	HNF4A	10000
13	HNF4A	Single best di PWM	di	0.9472225230423772	0.9418555647677528	0.9270591116764229	0.9521583203216796	0.948457614805262	0.93384687721821	0.93384687721821	0.93384687721821	0.93384687721821	0.0	0.948457614805262	0.948457614805262	0.948457614805262	0.0	0.9521583203216796	0.9521583203216796	0.9521583203216796	0.0	0.6179338061491009	0.4640210302460877	0.3125966486187171	0.6435122977836737	0.4821156997754067	0.3504666848161684	0.3504666848161684	0.3504666848161684	0.3504666848161684	0.0	0.4821156997754067	0.4821156997754067	0.4821156997754067	0.0	0.6435122977836737	0.6435122977836737	0.6435122977836737	0.0	0.9418555647677528	0.9270591116764229	0.4640210302460877	0.3125966486187171	14	HNF4A	10000
13	HNF4A	RandomForestClassifier	di	0.9472225230423772	0.9418555647677528	0.9270591116764229	0.9521583203216796	0.948457614805262	0.93384687721821	0.9382471241216932	0.9382471241216932	0.9382471241216932	0.0	0.9530429094304296	0.95320182460022	0.952835532376176	0.0040837788324208	0.9619915807201233	0.9623690041839408	0.96249243199857	0.002547492129255	0.6179338061491009	0.4640210302460877	0.3125966486187171	0.6435122977836737	0.4821156997754067	0.3504666848161684	0.3748586011289157	0.3748586011289157	0.3748586011289157	0.0	0.505543845996603	0.5100252271101812	0.5119190493958556	0.0351367432817706	0.7220173315966544	0.7217982261570935	0.717658721204399	0.0115618331027982	0.9418555647677528	0.9270591116764229	0.4640210302460877	0.3125966486187171	14	HNF4A	10000
26	HNF4A	RandomForestClassifier	mono+di	0.9472225230423772	0.9418555647677528	0.9270591116764229	0.9521583203216796	0.948457614805262	0.93384687721821	0.9395065180403726	0.9395065180403726	0.9395065180403726	0.0	0.9541429061265524	0.9543833078539636	0.9538879480666104	0.0044460260948335	0.9630352330348052	0.9632134073243662	0.96341518293906	0.0024900613654068	0.6179338061491009	0.4640210302460877	0.3125966486187171	0.6435122977836737	0.4821156997754067	0.3504666848161684	0.3812100918334066	0.3812100918334066	0.3812100918334066	0.0	0.5188465301051339	0.5201460289726264	0.5101927988423967	0.0349468216143784	0.73165297219404	0.7314516338165689	0.7283373118530108	0.0117988916527408	0.9418555647677528	0.9270591116764229	0.4640210302460877	0.3125966486187171	14	HNF4A	10000
26	HNF4A	Single best mono PWM	mono	0.9472225230423772	0.9418555647677528	0.9270591116764229	0.9521583203216796	0.948457614805262	0.93384687721821	0.9270591116764229	0.9270591116764229	0.9270591116764229	0.0	0.9418555647677528	0.9418555647677528	0.9418555647677528	0.0051678160972545	0.9472225230423772	0.9472225230423772	0.9472225230423772	0.0026202779113833	0.6179338061491009	0.4640210302460877	0.3125966486187171	0.6435122977836737	0.4821156997754067	0.3504666848161684	0.3125966486187171	0.3125966486187171	0.3125966486187171	0.0	0.4640210302460877	0.4640210302460877	0.4640210302460877	0.0305418763022507	0.6179338061491009	0.6179338061491009	0.6179338061491009	0.0080778263214701	0.9418555647677528	0.9270591116764229	0.4640210302460877	0.3125966486187171	14	HNF4A	10000
26	HNF4A	LogisticRegression	mono	0.9472225230423772	0.9418555647677528	0.9270591116764229	0.9521583203216796	0.948457614805262	0.93384687721821	0.934462068394462	0.934462068394462	0.934462068394462	0.0	0.9444021729366778	0.9444643835273387	0.9444325970705566	0.0051678160972545	0.9530861996396772	0.9530723549840528	0.9530993184132786	0.0026202779113833	0.6179338061491009	0.4640210302460877	0.3125966486187171	0.6435122977836737	0.4821156997754067	0.3504666848161684	0.3426208859514342	0.3426208859514342	0.3426208859514342	0.0	0.4930549024726029	0.4947864753995495	0.5006859518828762	0.0305418763022507	0.6418054494553969	0.6422474627828253	0.6387980271726486	0.0080778263214701	0.9418555647677528	0.9270591116764229	0.4640210302460877	0.3125966486187171	14	HNF4A	10000
13	HNF4A	Single best di PWM	di	0.9472225230423772	0.9418555647677528	0.9270591116764229	0.9521583203216796	0.948457614805262	0.93384687721821	0.93384687721821	0.93384687721821	0.93384687721821	0.0	0.948457614805262	0.948457614805262	0.948457614805262	0.0	0.9521583203216796	0.9521583203216796	0.9521583203216796	0.0	0.6179338061491009	0.4640210302460877	0.3125966486187171	0.6435122977836737	0.4821156997754067	0.3504666848161684	0.3504666848161684	0.3504666848161684	0.3504666848161684	0.0	0.4821156997754067	0.4821156997754067	0.4821156997754067	0.0	0.6435122977836737	0.6435122977836737	0.6435122977836737	0.0	0.9418555647677528	0.9270591116764229	0.4640210302460877	0.3125966486187171	14	HNF4A	10000
13	HNF4A	LogisticRegression	di	0.9472225230423772	0.9418555647677528	0.9270591116764229	0.9521583203216796	0.948457614805262	0.93384687721821	0.9386756626935469	0.9386756626935469	0.9386756626935469	0.0	0.9524392053055556	0.9525115090850312	0.9523842478436042	0.0038860936128077	0.9566632791978904	0.9566384422157144	0.9565797404972882	0.0030909191914485	0.6179338061491009	0.4640210302460877	0.3125966486187171	0.6435122977836737	0.4821156997754067	0.3504666848161684	0.3765981127688574	0.3765981127688574	0.3765981127688574	0.0	0.5096076524319446	0.5143761081494632	0.5166885669172684	0.036509501954981	0.6684048580838439	0.6687225981398445	0.6639552832145247	0.0113847042214538	0.9418555647677528	0.9270591116764229	0.4640210302460877	0.3125966486187171	14	HNF4A	10000
26	HNF4A	LogisticRegression	mono+di	0.9472225230423772	0.9418555647677528	0.9270591116764229	0.9521583203216796	0.948457614805262	0.93384687721821	0.9410727586072902	0.9410727586072902	0.9410727586072902	0.0	0.953401240251094	0.9534766584484268	0.9533814160719324	0.0038888147445549	0.9587665341131624	0.9587529309313624	0.9587090735624758	0.0027983751685415	0.6179338061491009	0.4640210302460877	0.3125966486187171	0.6435122977836737	0.4821156997754067	0.3504666848161684	0.3976561295954826	0.3976561295954826	0.3976561295954826	0.0	0.526367290926267	0.5309048375529366	0.5363892060936909	0.0363695691523304	0.6791373280490056	0.679192891089062	0.6779219351441459	0.0109901642538268	0.9418555647677528	0.9270591116764229	0.4640210302460877	0.3125966486187171	14	HNF4A	10000
26	HNF4A	Single best mono PWM	mono	0.9472225230423772	0.9418555647677528	0.9270591116764229	0.9521583203216796	0.948457614805262	0.93384687721821	0.9270591116764229	0.9270591116764229	0.9270591116764229	0.0	0.9418555647677528	0.9418555647677528	0.9418555647677528	0.006318060911893	0.9472225230423772	0.9472225230423772	0.9472225230423772	0.0041966931394433	0.6179338061491009	0.4640210302460877	0.3125966486187171	0.6435122977836737	0.4821156997754067	0.3504666848161684	0.3125966486187171	0.3125966486187171	0.3125966486187171	0.0	0.4640210302460877	0.4640210302460877	0.4640210302460877	0.0414737116368275	0.6179338061491009	0.6179338061491009	0.6179338061491009	0.0121729070569378	0.9418555647677528	0.9270591116764229	0.4640210302460877	0.3125966486187171	14	HNF4A	10000
26	HNF4A	XGBClassifier	mono	0.9472225230423772	0.9418555647677528	0.9270591116764229	0.9521583203216796	0.948457614805262	0.93384687721821	0.9333386839938552	0.9333386839938552	0.9333386839938552	0.0	0.9464831335340972	0.9468781772000932	0.9468170098413043	0.006318060911893	0.9736378069923496	0.9721603621786876	0.9738551566566878	0.0041966931394433	0.6179338061491009	0.4640210302460877	0.3125966486187171	0.6435122977836737	0.4821156997754067	0.3504666848161684	0.3665551555361606	0.3665551555361606	0.3665551555361606	0.0	0.4764354000267881	0.4957876550772444	0.486227291208318	0.0414737116368275	0.7514964328874486	0.7563039604331342	0.760608900566117	0.0121729070569378	0.9418555647677528	0.9270591116764229	0.4640210302460877	0.3125966486187171	14	HNF4A	10000
13	HNF4A	Single best di PWM	di	0.9472225230423772	0.9418555647677528	0.9270591116764229	0.9521583203216796	0.948457614805262	0.93384687721821	0.93384687721821	0.93384687721821	0.93384687721821	0.0	0.948457614805262	0.948457614805262	0.948457614805262	0.0	0.9521583203216796	0.9521583203216796	0.9521583203216796	0.0	0.6179338061491009	0.4640210302460877	0.3125966486187171	0.6435122977836737	0.4821156997754067	0.3504666848161684	0.3504666848161684	0.3504666848161684	0.3504666848161684	0.0	0.4821156997754067	0.4821156997754067	0.4821156997754067	0.0	0.6435122977836737	0.6435122977836737	0.6435122977836737	0.0	0.9418555647677528	0.9270591116764229	0.4640210302460877	0.3125966486187171	14	HNF4A	10000
13	HNF4A	XGBClassifier	di	0.9472225230423772	0.9418555647677528	0.9270591116764229	0.9521583203216796	0.948457614805262	0.93384687721821	0.9347594344046658	0.9347594344046658	0.9347594344046658	0.0	0.9516168464609356	0.9530308110989952	0.951464038360736	0.0040363491203728	0.9740978670461368	0.9718488584850038	0.9733399069327308	0.0034089585846525	0.6179338061491009	0.4640210302460877	0.3125966486187171	0.6435122977836737	0.4821156997754067	0.3504666848161684	0.3640468881207079	0.3640468881207079	0.3640468881207079	0.0	0.4982771811718912	0.4942000315717304	0.5006992028473111	0.0366443326749923	0.7648699461490784	0.7691188360509934	0.7724823900194877	0.0165310231100887	0.9418555647677528	0.9270591116764229	0.4640210302460877	0.3125966486187171	14	HNF4A	10000
26	HNF4A	XGBClassifier	mono+di	0.9472225230423772	0.9418555647677528	0.9270591116764229	0.9521583203216796	0.948457614805262	0.93384687721821	0.9406989574960212	0.9406989574960212	0.9406989574960212	0.0	0.953701583369228	0.9525823428837354	0.950730507144563	0.0032702763244114	0.9777491783075276	0.9769640250017658	0.9787401292406548	0.0042918460675897	0.6179338061491009	0.4640210302460877	0.3125966486187171	0.6435122977836737	0.4821156997754067	0.3504666848161684	0.381735441190361	0.381735441190361	0.381735441190361	0.0	0.5282040904955042	0.5211582446289269	0.4970227515587269	0.0450809968870987	0.7874461768564891	0.7881315402227502	0.7911634410516554	0.0182013681455768	0.9418555647677528	0.9270591116764229	0.4640210302460877	0.3125966486187171	14	HNF4A	10000
26	HNF4A	Single best mono PWM	mono	0.9472225230423772	0.9418555647677528	0.9270591116764229	0.9521583203216796	0.948457614805262	0.93384687721821	0.9270591116764229	0.9270591116764229	0.9270591116764229	0.0	0.9418555647677528	0.9418555647677528	0.9418555647677528	0.0046520356439826	0.9472225230423772	0.9472225230423772	0.9472225230423772	0.003775635703396	0.6179338061491009	0.4640210302460877	0.3125966486187171	0.6435122977836737	0.4821156997754067	0.3504666848161684	0.3125966486187171	0.3125966486187171	0.3125966486187171	0.0	0.4640210302460877	0.4640210302460877	0.4640210302460877	0.0373641136124079	0.6179338061491009	0.6179338061491009	0.6179338061491009	0.0161117951651675	0.9418555647677528	0.9270591116764229	0.4640210302460877	0.3125966486187171	14	HNF4A	10000
26	HNF4A	BaggingClassifier_XGBClassifier	mono	0.9472225230423772	0.9418555647677528	0.9270591116764229	0.9521583203216796	0.948457614805262	0.93384687721821	0.9365233264385088	0.9365233264385088	0.9365233264385088	0.0	0.9473939117747284	0.949144994264682	0.9461230626556624	0.0046520356439826	0.9782067312462466	0.9781518503509906	0.9795460415099626	0.003775635703396	0.6179338061491009	0.4640210302460877	0.3125966486187171	0.6435122977836737	0.4821156997754067	0.3504666848161684	0.3717096472390204	0.3717096472390204	0.3717096472390204	0.0	0.5005680124293174	0.5070983052368316	0.502119764595993	0.0373641136124079	0.7632607846996903	0.7615556762907042	0.7650212973207777	0.0161117951651675	0.9418555647677528	0.9270591116764229	0.4640210302460877	0.3125966486187171	14	HNF4A	10000
13	HNF4A	Single best di PWM	di	0.9472225230423772	0.9418555647677528	0.9270591116764229	0.9521583203216796	0.948457614805262	0.93384687721821	0.93384687721821	0.93384687721821	0.93384687721821	0.0	0.948457614805262	0.948457614805262	0.948457614805262	0.0	0.9521583203216796	0.9521583203216796	0.9521583203216796	0.0	0.6179338061491009	0.4640210302460877	0.3125966486187171	0.6435122977836737	0.4821156997754067	0.3504666848161684	0.3504666848161684	0.3504666848161684	0.3504666848161684	0.0	0.4821156997754067	0.4821156997754067	0.4821156997754067	0.0	0.6435122977836737	0.6435122977836737	0.6435122977836737	0.0	0.9418555647677528	0.9270591116764229	0.4640210302460877	0.3125966486187171	14	HNF4A	10000
13	HNF4A	BaggingClassifier_XGBClassifier	di	0.9472225230423772	0.9418555647677528	0.9270591116764229	0.9521583203216796	0.948457614805262	0.93384687721821	0.9363755703895666	0.9363755703895666	0.9363755703895666	0.0	0.9528817130976728	0.9526677654458464	0.9509605644707044	0.0044345798315965	0.978436923418366	0.9779616603194348	0.9789437273219262	0.0032951875234907	0.6179338061491009	0.4640210302460877	0.3125966486187171	0.6435122977836737	0.4821156997754067	0.3504666848161684	0.362964764934618	0.362964764934618	0.362964764934618	0.0	0.4913235497213346	0.50034192521599	0.4989672505366371	0.0403965385835957	0.7761188896074287	0.7760878195522875	0.777960114713706	0.0162711443638919	0.9418555647677528	0.9270591116764229	0.4640210302460877	0.3125966486187171	14	HNF4A	10000
26	HNF4A	BaggingClassifier_XGBClassifier	mono+di	0.9472225230423772	0.9418555647677528	0.9270591116764229	0.9521583203216796	0.948457614805262	0.93384687721821	0.9409521678414724	0.9409521678414724	0.9409521678414724	0.0	0.954677601725322	0.9548181574722744	0.9529564952405764	0.004334030412607	0.982569278571242	0.9821541689141552	0.9833805487831644	0.0035686180602968	0.6179338061491009	0.4640210302460877	0.3125966486187171	0.6435122977836737	0.4821156997754067	0.3504666848161684	0.3981684403483259	0.3981684403483259	0.3981684403483259	0.0	0.5342177330592086	0.5317493160928773	0.5155684083361971	0.0384395685169379	0.7989979439391305	0.7968164725634725	0.7983702070156594	0.0172233166917482	0.9418555647677528	0.9270591116764229	0.4640210302460877	0.3125966486187171	14	HNF4A	10000
26	HNF4A	Single best mono PWM	mono	0.9472225230423772	0.9418555647677528	0.9270591116764229	0.9521583203216796	0.948457614805262	0.93384687721821	0.9270591116764229	0.9270591116764229	0.9270591116764229	0.0	0.9418555647677528	0.9418555647677528	0.9418555647677528	0.0052079994474276	0.9472225230423772	0.9472225230423772	0.9472225230423772	0.0026231942580034	0.6179338061491009	0.4640210302460877	0.3125966486187171	0.6435122977836737	0.4821156997754067	0.3504666848161684	0.3125966486187171	0.3125966486187171	0.3125966486187171	0.0	0.4640210302460877	0.4640210302460877	0.4640210302460877	0.0309001186387225	0.6179338061491009	0.6179338061491009	0.6179338061491009	0.008133690990586	0.9418555647677528	0.9270591116764229	0.4640210302460877	0.3125966486187171	14	HNF4A	10000
26	HNF4A	BaggingClassifier_LogisticRegression	mono	0.9472225230423772	0.9418555647677528	0.9270591116764229	0.9521583203216796	0.948457614805262	0.93384687721821	0.9345179553315466	0.9345179553315466	0.9345179553315466	0.0	0.9443423365798704	0.9444030286645284	0.9443661487561416	0.0052079994474276	0.9530843348390295	0.9530736695227376	0.9531260759950112	0.0026231942580034	0.6179338061491009	0.4640210302460877	0.3125966486187171	0.6435122977836737	0.4821156997754067	0.3504666848161684	0.3431779756253068	0.3431779756253068	0.3431779756253068	0.0	0.4927317151990553	0.49453432258	0.4997020197235494	0.0309001186387225	0.6417764830710758	0.6422831310824353	0.6386341848445014	0.008133690990586	0.9418555647677528	0.9270591116764229	0.4640210302460877	0.3125966486187171	14	HNF4A	10000
13	HNF4A	Single best di PWM	di	0.9472225230423772	0.9418555647677528	0.9270591116764229	0.9521583203216796	0.948457614805262	0.93384687721821	0.93384687721821	0.93384687721821	0.93384687721821	0.0	0.948457614805262	0.948457614805262	0.948457614805262	0.0	0.9521583203216796	0.9521583203216796	0.9521583203216796	0.0	0.6179338061491009	0.4640210302460877	0.3125966486187171	0.6435122977836737	0.4821156997754067	0.3504666848161684	0.3504666848161684	0.3504666848161684	0.3504666848161684	0.0	0.4821156997754067	0.4821156997754067	0.4821156997754067	0.0	0.6435122977836737	0.6435122977836737	0.6435122977836737	0.0	0.9418555647677528	0.9270591116764229	0.4640210302460877	0.3125966486187171	14	HNF4A	10000
13	HNF4A	BaggingClassifier_LogisticRegression	di	0.9472225230423772	0.9418555647677528	0.9270591116764229	0.9521583203216796	0.948457614805262	0.93384687721821	0.9386952190525832	0.9386952190525832	0.9386952190525832	0.0	0.9524783272541838	0.952476903593976	0.9522039666514688	0.0038752143644562	0.9566470192433224	0.9566221443559658	0.9565719075582128	0.0030957356084698	0.6179338061491009	0.4640210302460877	0.3125966486187171	0.6435122977836737	0.4821156997754067	0.3504666848161684	0.3767203839331688	0.3767203839331688	0.3767203839331688	0.0	0.5103922149190668	0.5139373819954056	0.516264237562129	0.0367844333074794	0.6684578203271039	0.6687462688796527	0.6638989867244118	0.0113512970131912	0.9418555647677528	0.9270591116764229	0.4640210302460877	0.3125966486187171	14	HNF4A	10000
26	HNF4A	BaggingClassifier_LogisticRegression	mono+di	0.9472225230423772	0.9418555647677528	0.9270591116764229	0.9521583203216796	0.948457614805262	0.93384687721821	0.9411268094336824	0.9411268094336824	0.9411268094336824	0.0	0.953417988742833	0.9533410774969402	0.9530088349415192	0.0038861889603058	0.9587417470430036	0.9587339416164606	0.9587065922188542	0.0028077702958538	0.6179338061491009	0.4640210302460877	0.3125966486187171	0.6435122977836737	0.4821156997754067	0.3504666848161684	0.3983851490131188	0.3983851490131188	0.3983851490131188	0.0	0.5263521328200427	0.5305946086480192	0.5364645444658884	0.0366733805290776	0.6791748626413904	0.6791464599401789	0.677749257048524	0.0109784769000964	0.9418555647677528	0.9270591116764229	0.4640210302460877	0.3125966486187171	14	HNF4A	10000
11	IRF1	Single best mono PWM	mono	0.8477176914218787	0.810201749573414	0.7887875503046469	0.8526695019881868	0.8205354597506569	0.791121720150399	0.7887875503046469	0.7887875503046469	0.7887875503046469	0.0	0.810201749573414	0.810201749573414	0.810201749573414	0.0257612725755267	0.8477176914218787	0.8477176914218787	0.8477176914218787	0.0059784906652522	0.3993541409679382	0.4029052673239492	0.2230244493033893	0.42077554564089	0.4330525595302562	0.2366456740457384	0.2230244493033893	0.2230244493033893	0.2230244493033893	0.0	0.4029052673239492	0.4029052673239492	0.4029052673239492	0.029094862249054	0.3993541409679382	0.3993541409679382	0.3993541409679382	0.0335077797152408	0.810201749573414	0.7887875503046469	0.4029052673239492	0.2230244493033893	15	IRF1	3280
11	IRF1	RandomForestClassifier	mono	0.8477176914218787	0.810201749573414	0.7887875503046469	0.8526695019881868	0.8205354597506569	0.791121720150399	0.7989849601666436	0.7989849601666436	0.7989849601666436	0.0	0.83903352693064	0.8400595600421413	0.8359381342859462	0.0257612725755267	0.8683138108142243	0.8667141240738064	0.8666708020780871	0.0059784906652522	0.3993541409679382	0.4029052673239492	0.2230244493033893	0.42077554564089	0.4330525595302562	0.2366456740457384	0.2259881350265157	0.2259881350265157	0.2259881350265157	0.0	0.4421171900913431	0.4370445102158281	0.4327091872684827	0.029094862249054	0.5174247403699311	0.5150703241751274	0.5287188793747329	0.0335077797152408	0.810201749573414	0.7887875503046469	0.4029052673239492	0.2230244493033893	15	IRF1	3280
5	IRF1	Single best di PWM	di	0.8477176914218787	0.810201749573414	0.7887875503046469	0.8526695019881868	0.8205354597506569	0.791121720150399	0.791121720150399	0.791121720150399	0.791121720150399	0.0	0.8205354597506569	0.8205354597506569	0.8205354597506569	0.0	0.8526695019881868	0.8526695019881868	0.8526695019881868	0.0	0.3993541409679382	0.4029052673239492	0.2230244493033893	0.42077554564089	0.4330525595302562	0.2366456740457384	0.2366456740457384	0.2366456740457384	0.2366456740457384	0.0	0.4330525595302562	0.4330525595302562	0.4330525595302562	0.0	0.42077554564089	0.42077554564089	0.42077554564089	0.0	0.810201749573414	0.7887875503046469	0.4029052673239492	0.2230244493033893	15	IRF1	3280
5	IRF1	RandomForestClassifier	di	0.8477176914218787	0.810201749573414	0.7887875503046469	0.8526695019881868	0.8205354597506569	0.791121720150399	0.805970050012122	0.805970050012122	0.805970050012122	0.0	0.843542367540888	0.8422369367644824	0.847029458642954	0.0279935505977623	0.8837409757291491	0.882727127082703	0.8820995159061604	0.0060676023605422	0.3993541409679382	0.4029052673239492	0.2230244493033893	0.42077554564089	0.4330525595302562	0.2366456740457384	0.2213638555141512	0.2213638555141512	0.2213638555141512	0.0	0.4522832835174747	0.4539551931735697	0.4473239877357596	0.0371453352820672	0.5109507705005618	0.510694773539033	0.5172231516323054	0.0348764710060023	0.810201749573414	0.7887875503046469	0.4029052673239492	0.2230244493033893	15	IRF1	3280
11	IRF1	RandomForestClassifier	mono+di	0.8477176914218787	0.810201749573414	0.7887875503046469	0.8526695019881868	0.8205354597506569	0.791121720150399	0.8033422240974593	0.8033422240974593	0.8033422240974593	0.0	0.8456707093124372	0.8437036636480176	0.8448074548228166	0.024369125724666	0.8793793040754817	0.8763382011942086	0.8738380526567284	0.0056730206369613	0.3993541409679382	0.4029052673239492	0.2230244493033893	0.42077554564089	0.4330525595302562	0.2366456740457384	0.2408139269422777	0.2408139269422777	0.2408139269422777	0.0	0.464551664654376	0.4656181578152642	0.4592550503734525	0.0381174276981799	0.5349687771622348	0.5332479832028415	0.5409165850912456	0.0339835611316236	0.810201749573414	0.7887875503046469	0.4029052673239492	0.2230244493033893	15	IRF1	3280
11	IRF1	Single best mono PWM	mono	0.8477176914218787	0.810201749573414	0.7887875503046469	0.8526695019881868	0.8205354597506569	0.791121720150399	0.7887875503046469	0.7887875503046469	0.7887875503046469	0.0	0.810201749573414	0.810201749573414	0.810201749573414	0.0213657627578509	0.8477176914218787	0.8477176914218787	0.8477176914218787	0.005502594891428	0.3993541409679382	0.4029052673239492	0.2230244493033893	0.42077554564089	0.4330525595302562	0.2366456740457384	0.2230244493033893	0.2230244493033893	0.2230244493033893	0.0	0.4029052673239492	0.4029052673239492	0.4029052673239492	0.0418564578773773	0.3993541409679382	0.3993541409679382	0.3993541409679382	0.0260408000548567	0.810201749573414	0.7887875503046469	0.4029052673239492	0.2230244493033893	15	IRF1	3280
11	IRF1	LogisticRegression	mono	0.8477176914218787	0.810201749573414	0.7887875503046469	0.8526695019881868	0.8205354597506569	0.791121720150399	0.78627626714438	0.78627626714438	0.78627626714438	0.0	0.8317379332209978	0.8317936384121083	0.8299691696969956	0.0213657627578509	0.8599800765777645	0.8599292570992718	0.8574789070737956	0.005502594891428	0.3993541409679382	0.4029052673239492	0.2230244493033893	0.42077554564089	0.4330525595302562	0.2366456740457384	0.227370281452925	0.227370281452925	0.227370281452925	0.0	0.4116161752193142	0.4127343361754548	0.4175147477719561	0.0418564578773773	0.4193930091474786	0.4199329886967492	0.4308619320954072	0.0260408000548567	0.810201749573414	0.7887875503046469	0.4029052673239492	0.2230244493033893	15	IRF1	3280
5	IRF1	Single best di PWM	di	0.8477176914218787	0.810201749573414	0.7887875503046469	0.8526695019881868	0.8205354597506569	0.791121720150399	0.791121720150399	0.791121720150399	0.791121720150399	0.0	0.8205354597506569	0.8205354597506569	0.8205354597506569	0.0	0.8526695019881868	0.8526695019881868	0.8526695019881868	0.0	0.3993541409679382	0.4029052673239492	0.2230244493033893	0.42077554564089	0.4330525595302562	0.2366456740457384	0.2366456740457384	0.2366456740457384	0.2366456740457384	0.0	0.4330525595302562	0.4330525595302562	0.4330525595302562	0.0	0.42077554564089	0.42077554564089	0.42077554564089	0.0	0.810201749573414	0.7887875503046469	0.4029052673239492	0.2230244493033893	15	IRF1	3280
5	IRF1	LogisticRegression	di	0.8477176914218787	0.810201749573414	0.7887875503046469	0.8526695019881868	0.8205354597506569	0.791121720150399	0.7919999637638935	0.7919999637638935	0.7919999637638935	0.0	0.8156487532076854	0.8155195142783513	0.8182555774432427	0.0259301050935033	0.8487781489594486	0.8486455972746236	0.8479901434904195	0.0047195637479973	0.3993541409679382	0.4029052673239492	0.2230244493033893	0.42077554564089	0.4330525595302562	0.2366456740457384	0.2364779323545177	0.2364779323545177	0.2364779323545177	0.0	0.4397606661638392	0.4412560551045525	0.4505398210424034	0.0297801207792619	0.4291172086933744	0.4298221387892746	0.4332037726378263	0.0267016513836955	0.810201749573414	0.7887875503046469	0.4029052673239492	0.2230244493033893	15	IRF1	3280
11	IRF1	LogisticRegression	mono+di	0.8477176914218787	0.810201749573414	0.7887875503046469	0.8526695019881868	0.8205354597506569	0.791121720150399	0.7897525087700428	0.7897525087700428	0.7897525087700428	0.0	0.8377764600200795	0.837726575779647	0.8363723864748337	0.0231224168977614	0.8628100159003447	0.8624912892617649	0.8640291767124095	0.0057243082218564	0.3993541409679382	0.4029052673239492	0.2230244493033893	0.42077554564089	0.4330525595302562	0.2366456740457384	0.2354249629893702	0.2354249629893702	0.2354249629893702	0.0	0.4462565158357341	0.4467531703982713	0.4561891040400473	0.0440804758079507	0.4380068185328952	0.4385856498107935	0.4449565254568055	0.0217919374688749	0.810201749573414	0.7887875503046469	0.4029052673239492	0.2230244493033893	15	IRF1	3280
11	IRF1	Single best mono PWM	mono	0.8477176914218787	0.810201749573414	0.7887875503046469	0.8526695019881868	0.8205354597506569	0.791121720150399	0.7887875503046469	0.7887875503046469	0.7887875503046469	0.0	0.810201749573414	0.810201749573414	0.810201749573414	0.0161149133218071	0.8477176914218787	0.8477176914218787	0.8477176914218787	0.0167269604494405	0.3993541409679382	0.4029052673239492	0.2230244493033893	0.42077554564089	0.4330525595302562	0.2366456740457384	0.2230244493033893	0.2230244493033893	0.2230244493033893	0.0	0.4029052673239492	0.4029052673239492	0.4029052673239492	0.0392867864534846	0.3993541409679382	0.3993541409679382	0.3993541409679382	0.0421640691628569	0.810201749573414	0.7887875503046469	0.4029052673239492	0.2230244493033893	15	IRF1	3280
11	IRF1	XGBClassifier	mono	0.8477176914218787	0.810201749573414	0.7887875503046469	0.8526695019881868	0.8205354597506569	0.791121720150399	0.7918080323998792	0.7918080323998792	0.7918080323998792	0.0	0.8525820440074534	0.846106140218925	0.8412324856958505	0.0161149133218071	0.9346808514093824	0.9268652799800696	0.9330910727187984	0.0167269604494405	0.3993541409679382	0.4029052673239492	0.2230244493033893	0.42077554564089	0.4330525595302562	0.2366456740457384	0.2172472761143632	0.2172472761143632	0.2172472761143632	0.0	0.4352132350086321	0.4419759390109367	0.4368717399905436	0.0392867864534846	0.5632120962863639	0.5593278595058526	0.572037672141025	0.0421640691628569	0.810201749573414	0.7887875503046469	0.4029052673239492	0.2230244493033893	15	IRF1	3280
5	IRF1	Single best di PWM	di	0.8477176914218787	0.810201749573414	0.7887875503046469	0.8526695019881868	0.8205354597506569	0.791121720150399	0.791121720150399	0.791121720150399	0.791121720150399	0.0	0.8205354597506569	0.8205354597506569	0.8205354597506569	0.0	0.8526695019881868	0.8526695019881868	0.8526695019881868	0.0	0.3993541409679382	0.4029052673239492	0.2230244493033893	0.42077554564089	0.4330525595302562	0.2366456740457384	0.2366456740457384	0.2366456740457384	0.2366456740457384	0.0	0.4330525595302562	0.4330525595302562	0.4330525595302562	0.0	0.42077554564089	0.42077554564089	0.42077554564089	0.0	0.810201749573414	0.7887875503046469	0.4029052673239492	0.2230244493033893	15	IRF1	3280
5	IRF1	XGBClassifier	di	0.8477176914218787	0.810201749573414	0.7887875503046469	0.8526695019881868	0.8205354597506569	0.791121720150399	0.7975510569100446	0.7975510569100446	0.7975510569100446	0.0	0.8462450646603698	0.8439095347147954	0.8439923639984104	0.024338076247189	0.92891114286537	0.9241187139620816	0.9284715977347326	0.0110655658766088	0.3993541409679382	0.4029052673239492	0.2230244493033893	0.42077554564089	0.4330525595302562	0.2366456740457384	0.2119716129969535	0.2119716129969535	0.2119716129969535	0.0	0.4340827523830296	0.4312512480980277	0.4201836901208263	0.0407026547279562	0.5465183396617614	0.5441256846354705	0.5536243529508769	0.0425560669711882	0.810201749573414	0.7887875503046469	0.4029052673239492	0.2230244493033893	15	IRF1	3280
11	IRF1	XGBClassifier	mono+di	0.8477176914218787	0.810201749573414	0.7887875503046469	0.8526695019881868	0.8205354597506569	0.791121720150399	0.7980764902895496	0.7980764902895496	0.7980764902895496	0.0	0.8541136763895875	0.8529416745937454	0.8550756763224128	0.0231011125792352	0.9396970018064636	0.9360436580679554	0.9416154163362456	0.0144312332769397	0.3993541409679382	0.4029052673239492	0.2230244493033893	0.42077554564089	0.4330525595302562	0.2366456740457384	0.2163249516699702	0.2163249516699702	0.2163249516699702	0.0	0.4521860286561071	0.4614034194418219	0.4578544954650914	0.0490938098574023	0.5913202618601882	0.5864949912409132	0.5972575302792009	0.0417067139739999	0.810201749573414	0.7887875503046469	0.4029052673239492	0.2230244493033893	15	IRF1	3280
11	IRF1	Single best mono PWM	mono	0.8477176914218787	0.810201749573414	0.7887875503046469	0.8526695019881868	0.8205354597506569	0.791121720150399	0.7887875503046469	0.7887875503046469	0.7887875503046469	0.0	0.810201749573414	0.810201749573414	0.810201749573414	0.0192813560725897	0.8477176914218787	0.8477176914218787	0.8477176914218787	0.0171640648061756	0.3993541409679382	0.4029052673239492	0.2230244493033893	0.42077554564089	0.4330525595302562	0.2366456740457384	0.2230244493033893	0.2230244493033893	0.2230244493033893	0.0	0.4029052673239492	0.4029052673239492	0.4029052673239492	0.0436996462268674	0.3993541409679382	0.3993541409679382	0.3993541409679382	0.0417074011232145	0.810201749573414	0.7887875503046469	0.4029052673239492	0.2230244493033893	15	IRF1	3280
11	IRF1	BaggingClassifier_XGBClassifier	mono	0.8477176914218787	0.810201749573414	0.7887875503046469	0.8526695019881868	0.8205354597506569	0.791121720150399	0.7955425448086407	0.7955425448086407	0.7955425448086407	0.0	0.8433866938220431	0.8464522770797613	0.8430159642428309	0.0192813560725897	0.9583050601524414	0.9520793051310744	0.9600018634132448	0.0171640648061756	0.3993541409679382	0.4029052673239492	0.2230244493033893	0.42077554564089	0.4330525595302562	0.2366456740457384	0.2369648059996067	0.2369648059996067	0.2369648059996067	0.0	0.4430534967931827	0.4439651743810958	0.4418109882148135	0.0436996462268674	0.5881832536542791	0.582724396166266	0.5921693058937829	0.0417074011232145	0.810201749573414	0.7887875503046469	0.4029052673239492	0.2230244493033893	15	IRF1	3280
5	IRF1	Single best di PWM	di	0.8477176914218787	0.810201749573414	0.7887875503046469	0.8526695019881868	0.8205354597506569	0.791121720150399	0.791121720150399	0.791121720150399	0.791121720150399	0.0	0.8205354597506569	0.8205354597506569	0.8205354597506569	0.0	0.8526695019881868	0.8526695019881868	0.8526695019881868	0.0	0.3993541409679382	0.4029052673239492	0.2230244493033893	0.42077554564089	0.4330525595302562	0.2366456740457384	0.2366456740457384	0.2366456740457384	0.2366456740457384	0.0	0.4330525595302562	0.4330525595302562	0.4330525595302562	0.0	0.42077554564089	0.42077554564089	0.42077554564089	0.0	0.810201749573414	0.7887875503046469	0.4029052673239492	0.2230244493033893	15	IRF1	3280
5	IRF1	BaggingClassifier_XGBClassifier	di	0.8477176914218787	0.810201749573414	0.7887875503046469	0.8526695019881868	0.8205354597506569	0.791121720150399	0.803202586235048	0.803202586235048	0.803202586235048	0.0	0.8531318055607201	0.8471033098997501	0.8414114210996355	0.0240598529017164	0.9479814688528704	0.943997693754474	0.9479703223446504	0.0137612018299243	0.3993541409679382	0.4029052673239492	0.2230244493033893	0.42077554564089	0.4330525595302562	0.2366456740457384	0.2202754363069839	0.2202754363069839	0.2202754363069839	0.0	0.443788836023717	0.4431065191067668	0.431651032177045	0.0355119588764398	0.5620716322177756	0.5598048349000972	0.5742512546345862	0.044172429402375	0.810201749573414	0.7887875503046469	0.4029052673239492	0.2230244493033893	15	IRF1	3280
11	IRF1	BaggingClassifier_XGBClassifier	mono+di	0.8477176914218787	0.810201749573414	0.7887875503046469	0.8526695019881868	0.8205354597506569	0.791121720150399	0.7987678828726286	0.7987678828726286	0.7987678828726286	0.0	0.8487628407985611	0.8518006167039411	0.85262399422279	0.0208045967298859	0.96366738308348	0.9579523598748352	0.9649852735800734	0.0162688566152083	0.3993541409679382	0.4029052673239492	0.2230244493033893	0.42077554564089	0.4330525595302562	0.2366456740457384	0.2363036918244458	0.2363036918244458	0.2363036918244458	0.0	0.4691663665496288	0.4729021828516365	0.4843157179770107	0.04498041371749	0.6143455614364615	0.6082808952933474	0.6213444739142454	0.0483358892108701	0.810201749573414	0.7887875503046469	0.4029052673239492	0.2230244493033893	15	IRF1	3280
11	IRF1	Single best mono PWM	mono	0.8477176914218787	0.810201749573414	0.7887875503046469	0.8526695019881868	0.8205354597506569	0.791121720150399	0.7887875503046469	0.7887875503046469	0.7887875503046469	0.0	0.810201749573414	0.810201749573414	0.810201749573414	0.0212988951882256	0.8477176914218787	0.8477176914218787	0.8477176914218787	0.0055257781927251	0.3993541409679382	0.4029052673239492	0.2230244493033893	0.42077554564089	0.4330525595302562	0.2366456740457384	0.2230244493033893	0.2230244493033893	0.2230244493033893	0.0	0.4029052673239492	0.4029052673239492	0.4029052673239492	0.0410205138686967	0.3993541409679382	0.3993541409679382	0.3993541409679382	0.0260258440809497	0.810201749573414	0.7887875503046469	0.4029052673239492	0.2230244493033893	15	IRF1	3280
11	IRF1	BaggingClassifier_LogisticRegression	mono	0.8477176914218787	0.810201749573414	0.7887875503046469	0.8526695019881868	0.8205354597506569	0.791121720150399	0.7862463261270038	0.7862463261270038	0.7862463261270038	0.0	0.8315636673762118	0.8319253670966188	0.8299563504441871	0.0212988951882256	0.8599231205339538	0.8599498563967648	0.8574335655825275	0.0055257781927251	0.3993541409679382	0.4029052673239492	0.2230244493033893	0.42077554564089	0.4330525595302562	0.2366456740457384	0.2272984205465426	0.2272984205465426	0.2272984205465426	0.0	0.4130095351196138	0.4121758137205858	0.4156072782778149	0.0410205138686967	0.4198572436796076	0.4197106329884666	0.4315598320076221	0.0260258440809497	0.810201749573414	0.7887875503046469	0.4029052673239492	0.2230244493033893	15	IRF1	3280
5	IRF1	Single best di PWM	di	0.8477176914218787	0.810201749573414	0.7887875503046469	0.8526695019881868	0.8205354597506569	0.791121720150399	0.791121720150399	0.791121720150399	0.791121720150399	0.0	0.8205354597506569	0.8205354597506569	0.8205354597506569	0.0	0.8526695019881868	0.8526695019881868	0.8526695019881868	0.0	0.3993541409679382	0.4029052673239492	0.2230244493033893	0.42077554564089	0.4330525595302562	0.2366456740457384	0.2366456740457384	0.2366456740457384	0.2366456740457384	0.0	0.4330525595302562	0.4330525595302562	0.4330525595302562	0.0	0.42077554564089	0.42077554564089	0.42077554564089	0.0	0.810201749573414	0.7887875503046469	0.4029052673239492	0.2230244493033893	15	IRF1	3280
5	IRF1	BaggingClassifier_LogisticRegression	di	0.8477176914218787	0.810201749573414	0.7887875503046469	0.8526695019881868	0.8205354597506569	0.791121720150399	0.7919550719099827	0.7919550719099827	0.7919550719099827	0.0	0.8155247404658817	0.8155259598508712	0.8184083402058772	0.0258157351863732	0.8487150491483823	0.8489145959734058	0.8482302456685087	0.0047238507799895	0.3993541409679382	0.4029052673239492	0.2230244493033893	0.42077554564089	0.4330525595302562	0.2366456740457384	0.2367542822687606	0.2367542822687606	0.2367542822687606	0.0	0.4400315444561233	0.4402569243433335	0.4482865437651334	0.0302798720641699	0.4295338071988578	0.4294755856807458	0.4331154855460961	0.0266472987375213	0.810201749573414	0.7887875503046469	0.4029052673239492	0.2230244493033893	15	IRF1	3280
11	IRF1	BaggingClassifier_LogisticRegression	mono+di	0.8477176914218787	0.810201749573414	0.7887875503046469	0.8526695019881868	0.8205354597506569	0.791121720150399	0.7898042465333142	0.7898042465333142	0.7898042465333142	0.0	0.8375607696139862	0.8378549601709276	0.8361480495506852	0.0230818238965447	0.862678408475455	0.8625400266698071	0.863911274509207	0.0057036520007681	0.3993541409679382	0.4029052673239492	0.2230244493033893	0.42077554564089	0.4330525595302562	0.2366456740457384	0.2358107168915246	0.2358107168915246	0.2358107168915246	0.0	0.4471610300898871	0.4472930220731264	0.4540979102716175	0.0433767453972996	0.4384701634889051	0.4384027765707231	0.4455406424104121	0.0216149948852227	0.810201749573414	0.7887875503046469	0.4029052673239492	0.2230244493033893	15	IRF1	3280
12	IRF4	Single best mono PWM	mono	0.7858214522338011	0.7562861700388561	0.8137289436237165	0.8107993868598947	0.7807755038871851	0.824101437596297	0.8137289436237165	0.8137289436237165	0.8137289436237165	0.0	0.7562861700388561	0.7562861700388561	0.7562861700388561	0.0159374359039573	0.7858214522338011	0.7858214522338011	0.7858214522338011	0.0057811988073522	0.2860240793163094	0.2070114136796756	0.2707132801328422	0.3162569623887374	0.2523448614724273	0.2874325634060253	0.2707132801328422	0.2707132801328422	0.2707132801328422	0.0	0.2070114136796756	0.2070114136796756	0.2070114136796756	0.0254758505987775	0.2860240793163094	0.2860240793163094	0.2860240793163094	0.0104251963037422	0.7562861700388561	0.8137289436237165	0.2070114136796756	0.2707132801328422	16	IRF4	6960
12	IRF4	RandomForestClassifier	mono	0.7858214522338011	0.7562861700388561	0.8137289436237165	0.8107993868598947	0.7807755038871851	0.824101437596297	0.8326436558268034	0.8326436558268034	0.8326436558268034	0.0	0.7868414911485484	0.786993563686311	0.7884050432373053	0.0159374359039573	0.8312889913601934	0.8310464533078464	0.8327125902192457	0.0057811988073522	0.2860240793163094	0.2070114136796756	0.2707132801328422	0.3162569623887374	0.2523448614724273	0.2874325634060253	0.2786270795829432	0.2786270795829432	0.2786270795829432	0.0	0.2588999228742596	0.2601967289831339	0.2496339375973072	0.0254758505987775	0.402077589198701	0.4010204397363258	0.402144637894669	0.0104251963037422	0.7562861700388561	0.8137289436237165	0.2070114136796756	0.2707132801328422	16	IRF4	6960
6	IRF4	Single best di PWM	di	0.7858214522338011	0.7562861700388561	0.8137289436237165	0.8107993868598947	0.7807755038871851	0.824101437596297	0.824101437596297	0.824101437596297	0.824101437596297	0.0	0.7807755038871851	0.7807755038871851	0.7807755038871851	0.0	0.8107993868598947	0.8107993868598947	0.8107993868598947	0.0	0.2860240793163094	0.2070114136796756	0.2707132801328422	0.3162569623887374	0.2523448614724273	0.2874325634060253	0.2874325634060253	0.2874325634060253	0.2874325634060253	0.0	0.2523448614724273	0.2523448614724273	0.2523448614724273	0.0	0.3162569623887374	0.3162569623887374	0.3162569623887374	0.0	0.7562861700388561	0.8137289436237165	0.2070114136796756	0.2707132801328422	16	IRF4	6960
6	IRF4	RandomForestClassifier	di	0.7858214522338011	0.7562861700388561	0.8137289436237165	0.8107993868598947	0.7807755038871851	0.824101437596297	0.8675457882374535	0.8675457882374535	0.8675457882374535	0.0	0.8505385645494532	0.8512254315468974	0.8532718312337404	0.0138562508331632	0.8944458699047344	0.8944370476226436	0.8942848573312455	0.005936997194467	0.2860240793163094	0.2070114136796756	0.2707132801328422	0.3162569623887374	0.2523448614724273	0.2874325634060253	0.3296375259127702	0.3296375259127702	0.3296375259127702	0.0	0.2956468152056145	0.2999051669109666	0.3016722841607149	0.0188981297626486	0.4668270996306606	0.4654736014445051	0.4674454497893882	0.0123460355819566	0.7562861700388561	0.8137289436237165	0.2070114136796756	0.2707132801328422	16	IRF4	6960
12	IRF4	RandomForestClassifier	mono+di	0.7858214522338011	0.7562861700388561	0.8137289436237165	0.8107993868598947	0.7807755038871851	0.824101437596297	0.8708842538491581	0.8708842538491581	0.8708842538491581	0.0	0.8499772605661153	0.8500670236155485	0.8508191150929778	0.012970982892617	0.8948325128230737	0.8951460354218984	0.8967303415692861	0.0056864618670023	0.2860240793163094	0.2070114136796756	0.2707132801328422	0.3162569623887374	0.2523448614724273	0.2874325634060253	0.3318961605430425	0.3318961605430425	0.3318961605430425	0.0	0.3062668361269359	0.3101100927464962	0.308441750607354	0.0184306191067109	0.4776507007152022	0.4769207330598198	0.4805220208097632	0.0115943225346656	0.7562861700388561	0.8137289436237165	0.2070114136796756	0.2707132801328422	16	IRF4	6960
12	IRF4	Single best mono PWM	mono	0.7858214522338011	0.7562861700388561	0.8137289436237165	0.8107993868598947	0.7807755038871851	0.824101437596297	0.8137289436237165	0.8137289436237165	0.8137289436237165	0.0	0.7562861700388561	0.7562861700388561	0.7562861700388561	0.0161947624596268	0.7858214522338011	0.7858214522338011	0.7858214522338011	0.0043867944843768	0.2860240793163094	0.2070114136796756	0.2707132801328422	0.3162569623887374	0.2523448614724273	0.2874325634060253	0.2707132801328422	0.2707132801328422	0.2707132801328422	0.0	0.2070114136796756	0.2070114136796756	0.2070114136796756	0.0246938237765517	0.2860240793163094	0.2860240793163094	0.2860240793163094	0.0132174624832321	0.7562861700388561	0.8137289436237165	0.2070114136796756	0.2707132801328422	16	IRF4	6960
12	IRF4	LogisticRegression	mono	0.7858214522338011	0.7562861700388561	0.8137289436237165	0.8107993868598947	0.7807755038871851	0.824101437596297	0.8264071965192077	0.8264071965192077	0.8264071965192077	0.0	0.7790577960957705	0.7790925866185232	0.7749479915383986	0.0161947624596268	0.8068081702962223	0.8069331061001457	0.8082423261851999	0.0043867944843768	0.2860240793163094	0.2070114136796756	0.2707132801328422	0.3162569623887374	0.2523448614724273	0.2874325634060253	0.2995585642129588	0.2995585642129588	0.2995585642129588	0.0	0.2473192252071835	0.2494061648301201	0.2418740522223443	0.0246938237765517	0.3179887914954568	0.3185902854961765	0.3209102711825596	0.0132174624832321	0.7562861700388561	0.8137289436237165	0.2070114136796756	0.2707132801328422	16	IRF4	6960
6	IRF4	Single best di PWM	di	0.7858214522338011	0.7562861700388561	0.8137289436237165	0.8107993868598947	0.7807755038871851	0.824101437596297	0.824101437596297	0.824101437596297	0.824101437596297	0.0	0.7807755038871851	0.7807755038871851	0.7807755038871851	0.0	0.8107993868598947	0.8107993868598947	0.8107993868598947	0.0	0.2860240793163094	0.2070114136796756	0.2707132801328422	0.3162569623887374	0.2523448614724273	0.2874325634060253	0.2874325634060253	0.2874325634060253	0.2874325634060253	0.0	0.2523448614724273	0.2523448614724273	0.2523448614724273	0.0	0.3162569623887374	0.3162569623887374	0.3162569623887374	0.0	0.7562861700388561	0.8137289436237165	0.2070114136796756	0.2707132801328422	16	IRF4	6960
6	IRF4	LogisticRegression	di	0.7858214522338011	0.7562861700388561	0.8137289436237165	0.8107993868598947	0.7807755038871851	0.824101437596297	0.8474414061924992	0.8474414061924992	0.8474414061924992	0.0	0.8425427991070058	0.8425509076887491	0.8467089909744124	0.0137380448364749	0.8733765654559517	0.8733759916812833	0.8735635566301718	0.0058465263497662	0.2860240793163094	0.2070114136796756	0.2707132801328422	0.3162569623887374	0.2523448614724273	0.2874325634060253	0.2546225363582689	0.2546225363582689	0.2546225363582689	0.0	0.2406195401446799	0.2434598309759797	0.2477511077952798	0.0109705571828361	0.3394873594107655	0.3394202239121767	0.3389882241136309	0.0101705122365526	0.7562861700388561	0.8137289436237165	0.2070114136796756	0.2707132801328422	16	IRF4	6960
12	IRF4	LogisticRegression	mono+di	0.7858214522338011	0.7562861700388561	0.8137289436237165	0.8107993868598947	0.7807755038871851	0.824101437596297	0.8495212174610962	0.8495212174610962	0.8495212174610962	0.0	0.8459363906037424	0.845861510233676	0.8466621005429422	0.0156423374376713	0.8757541703636156	0.8757449316153753	0.8755831362692168	0.0055497526928848	0.2860240793163094	0.2070114136796756	0.2707132801328422	0.3162569623887374	0.2523448614724273	0.2874325634060253	0.2713460372068305	0.2713460372068305	0.2713460372068305	0.0	0.2507731598681906	0.2535042281695089	0.2500255423495776	0.0140506064560878	0.3502245779421289	0.3503667555482689	0.3517016614142602	0.0081885333848182	0.7562861700388561	0.8137289436237165	0.2070114136796756	0.2707132801328422	16	IRF4	6960
12	IRF4	Single best mono PWM	mono	0.7858214522338011	0.7562861700388561	0.8137289436237165	0.8107993868598947	0.7807755038871851	0.824101437596297	0.8137289436237165	0.8137289436237165	0.8137289436237165	0.0	0.7562861700388561	0.7562861700388561	0.7562861700388561	0.0158039493945201	0.7858214522338011	0.7858214522338011	0.7858214522338011	0.0090714445695765	0.2860240793163094	0.2070114136796756	0.2707132801328422	0.3162569623887374	0.2523448614724273	0.2874325634060253	0.2707132801328422	0.2707132801328422	0.2707132801328422	0.0	0.2070114136796756	0.2070114136796756	0.2070114136796756	0.0201279451816577	0.2860240793163094	0.2860240793163094	0.2860240793163094	0.0152685751119769	0.7562861700388561	0.8137289436237165	0.2070114136796756	0.2707132801328422	16	IRF4	6960
12	IRF4	XGBClassifier	mono	0.7858214522338011	0.7562861700388561	0.8137289436237165	0.8107993868598947	0.7807755038871851	0.824101437596297	0.8274169320619535	0.8274169320619535	0.8274169320619535	0.0	0.7888363070209049	0.7809195457078941	0.7807916125735771	0.0158039493945201	0.8877080406190725	0.8842529389854582	0.8858356692470059	0.0090714445695765	0.2860240793163094	0.2070114136796756	0.2707132801328422	0.3162569623887374	0.2523448614724273	0.2874325634060253	0.2734670581148104	0.2734670581148104	0.2734670581148104	0.0	0.2525088528189459	0.2515042302621215	0.2499754426679797	0.0201279451816577	0.4606428619437189	0.4548880180927598	0.4644415339955988	0.0152685751119769	0.7562861700388561	0.8137289436237165	0.2070114136796756	0.2707132801328422	16	IRF4	6960
6	IRF4	Single best di PWM	di	0.7858214522338011	0.7562861700388561	0.8137289436237165	0.8107993868598947	0.7807755038871851	0.824101437596297	0.824101437596297	0.824101437596297	0.824101437596297	0.0	0.7807755038871851	0.7807755038871851	0.7807755038871851	0.0	0.8107993868598947	0.8107993868598947	0.8107993868598947	0.0	0.2860240793163094	0.2070114136796756	0.2707132801328422	0.3162569623887374	0.2523448614724273	0.2874325634060253	0.2874325634060253	0.2874325634060253	0.2874325634060253	0.0	0.2523448614724273	0.2523448614724273	0.2523448614724273	0.0	0.3162569623887374	0.3162569623887374	0.3162569623887374	0.0	0.7562861700388561	0.8137289436237165	0.2070114136796756	0.2707132801328422	16	IRF4	6960
6	IRF4	XGBClassifier	di	0.7858214522338011	0.7562861700388561	0.8137289436237165	0.8107993868598947	0.7807755038871851	0.824101437596297	0.8703519785641213	0.8703519785641213	0.8703519785641213	0.0	0.8453189186051413	0.8474291416269963	0.8469897756637239	0.0126442270330268	0.9207558664662902	0.9206001268578794	0.9210051757217008	0.0037815714583491	0.2860240793163094	0.2070114136796756	0.2707132801328422	0.3162569623887374	0.2523448614724273	0.2874325634060253	0.2952533329734115	0.2952533329734115	0.2952533329734115	0.0	0.2705411440258106	0.2815660156469137	0.2728336267807942	0.0203231768471118	0.5057128747041417	0.4997458961369451	0.5096000636195172	0.0162981391883794	0.7562861700388561	0.8137289436237165	0.2070114136796756	0.2707132801328422	16	IRF4	6960
12	IRF4	XGBClassifier	mono+di	0.7858214522338011	0.7562861700388561	0.8137289436237165	0.8107993868598947	0.7807755038871851	0.824101437596297	0.870344656527181	0.870344656527181	0.870344656527181	0.0	0.847182085123429	0.850059696108344	0.8537420159484717	0.0162723932325429	0.932380938736332	0.9321628927787996	0.93219303246494	0.0057160039486989	0.2860240793163094	0.2070114136796756	0.2707132801328422	0.3162569623887374	0.2523448614724273	0.2874325634060253	0.3081538498185386	0.3081538498185386	0.3081538498185386	0.0	0.2945252408465588	0.3000475947396808	0.2993900603384253	0.0098277256537454	0.5426466329345769	0.5406813594684446	0.5473793937380315	0.0203053587335796	0.7562861700388561	0.8137289436237165	0.2070114136796756	0.2707132801328422	16	IRF4	6960
12	IRF4	Single best mono PWM	mono	0.7858214522338011	0.7562861700388561	0.8137289436237165	0.8107993868598947	0.7807755038871851	0.824101437596297	0.8137289436237165	0.8137289436237165	0.8137289436237165	0.0	0.7562861700388561	0.7562861700388561	0.7562861700388561	0.0156597255482816	0.7858214522338011	0.7858214522338011	0.7858214522338011	0.0088391320124078	0.2860240793163094	0.2070114136796756	0.2707132801328422	0.3162569623887374	0.2523448614724273	0.2874325634060253	0.2707132801328422	0.2707132801328422	0.2707132801328422	0.0	0.2070114136796756	0.2070114136796756	0.2070114136796756	0.0237087532614605	0.2860240793163094	0.2860240793163094	0.2860240793163094	0.013455019637547	0.7562861700388561	0.8137289436237165	0.2070114136796756	0.2707132801328422	16	IRF4	6960
12	IRF4	BaggingClassifier_XGBClassifier	mono	0.7858214522338011	0.7562861700388561	0.8137289436237165	0.8107993868598947	0.7807755038871851	0.824101437596297	0.8317974187040711	0.8317974187040711	0.8317974187040711	0.0	0.788644529974783	0.7865597081164487	0.7852096854173423	0.0156597255482816	0.908885916302058	0.9056811493475666	0.9071902686370004	0.0088391320124078	0.2860240793163094	0.2070114136796756	0.2707132801328422	0.3162569623887374	0.2523448614724273	0.2874325634060253	0.2795522030773849	0.2795522030773849	0.2795522030773849	0.0	0.2534166891281642	0.2619058104816253	0.2539951001034456	0.0237087532614605	0.4780844875107592	0.475277019266116	0.4825884824302844	0.013455019637547	0.7562861700388561	0.8137289436237165	0.2070114136796756	0.2707132801328422	16	IRF4	6960
6	IRF4	Single best di PWM	di	0.7858214522338011	0.7562861700388561	0.8137289436237165	0.8107993868598947	0.7807755038871851	0.824101437596297	0.824101437596297	0.824101437596297	0.824101437596297	0.0	0.7807755038871851	0.7807755038871851	0.7807755038871851	0.0	0.8107993868598947	0.8107993868598947	0.8107993868598947	0.0	0.2860240793163094	0.2070114136796756	0.2707132801328422	0.3162569623887374	0.2523448614724273	0.2874325634060253	0.2874325634060253	0.2874325634060253	0.2874325634060253	0.0	0.2523448614724273	0.2523448614724273	0.2523448614724273	0.0	0.3162569623887374	0.3162569623887374	0.3162569623887374	0.0	0.7562861700388561	0.8137289436237165	0.2070114136796756	0.2707132801328422	16	IRF4	6960
6	IRF4	BaggingClassifier_XGBClassifier	di	0.7858214522338011	0.7562861700388561	0.8137289436237165	0.8107993868598947	0.7807755038871851	0.824101437596297	0.8675808731035417	0.8675808731035417	0.8675808731035417	0.0	0.8519210164062674	0.8524075691286768	0.8579552587736711	0.0134415652262748	0.9306805408963618	0.9314004633521892	0.9325013084490752	0.0050885852317526	0.2860240793163094	0.2070114136796756	0.2707132801328422	0.3162569623887374	0.2523448614724273	0.2874325634060253	0.3151530817579479	0.3151530817579479	0.3151530817579479	0.0	0.2990634320002798	0.2928785208779944	0.2906866245267329	0.0165146328099579	0.515000383172988	0.5101856011507048	0.5185342129618432	0.0164863310399173	0.7562861700388561	0.8137289436237165	0.2070114136796756	0.2707132801328422	16	IRF4	6960
12	IRF4	BaggingClassifier_XGBClassifier	mono+di	0.7858214522338011	0.7562861700388561	0.8137289436237165	0.8107993868598947	0.7807755038871851	0.824101437596297	0.8701459971020469	0.8701459971020469	0.8701459971020469	0.0	0.8585871817778525	0.8554185716858475	0.857156187121883	0.01511244201006	0.9443587398185432	0.9439496007245765	0.9451649638243668	0.0063210171517835	0.2860240793163094	0.2070114136796756	0.2707132801328422	0.3162569623887374	0.2523448614724273	0.2874325634060253	0.326681709646369	0.326681709646369	0.326681709646369	0.0	0.3166523893959198	0.3187136684042689	0.3208460547621592	0.0088487257782876	0.5557316274400436	0.5542337013613738	0.5594486013731284	0.0212014707170881	0.7562861700388561	0.8137289436237165	0.2070114136796756	0.2707132801328422	16	IRF4	6960
12	IRF4	Single best mono PWM	mono	0.7858214522338011	0.7562861700388561	0.8137289436237165	0.8107993868598947	0.7807755038871851	0.824101437596297	0.8137289436237165	0.8137289436237165	0.8137289436237165	0.0	0.7562861700388561	0.7562861700388561	0.7562861700388561	0.0161079396225771	0.7858214522338011	0.7858214522338011	0.7858214522338011	0.0043633192240863	0.2860240793163094	0.2070114136796756	0.2707132801328422	0.3162569623887374	0.2523448614724273	0.2874325634060253	0.2707132801328422	0.2707132801328422	0.2707132801328422	0.0	0.2070114136796756	0.2070114136796756	0.2070114136796756	0.024810345760444	0.2860240793163094	0.2860240793163094	0.2860240793163094	0.0131297985082083	0.7562861700388561	0.8137289436237165	0.2070114136796756	0.2707132801328422	16	IRF4	6960
12	IRF4	BaggingClassifier_LogisticRegression	mono	0.7858214522338011	0.7562861700388561	0.8137289436237165	0.8107993868598947	0.7807755038871851	0.824101437596297	0.8265431808309124	0.8265431808309124	0.8265431808309124	0.0	0.7788215023833394	0.7791980159234104	0.7749976625410515	0.0161079396225771	0.8067381991973033	0.8069637564596224	0.8082571458316955	0.0043633192240863	0.2860240793163094	0.2070114136796756	0.2707132801328422	0.3162569623887374	0.2523448614724273	0.2874325634060253	0.2994790967407131	0.2994790967407131	0.2994790967407131	0.0	0.2477817380121657	0.2494838580214495	0.2417794383446667	0.024810345760444	0.3180448371071942	0.318510961086082	0.3210677882628187	0.0131297985082083	0.7562861700388561	0.8137289436237165	0.2070114136796756	0.2707132801328422	16	IRF4	6960
6	IRF4	Single best di PWM	di	0.7858214522338011	0.7562861700388561	0.8137289436237165	0.8107993868598947	0.7807755038871851	0.824101437596297	0.824101437596297	0.824101437596297	0.824101437596297	0.0	0.7807755038871851	0.7807755038871851	0.7807755038871851	0.0	0.8107993868598947	0.8107993868598947	0.8107993868598947	0.0	0.2860240793163094	0.2070114136796756	0.2707132801328422	0.3162569623887374	0.2523448614724273	0.2874325634060253	0.2874325634060253	0.2874325634060253	0.2874325634060253	0.0	0.2523448614724273	0.2523448614724273	0.2523448614724273	0.0	0.3162569623887374	0.3162569623887374	0.3162569623887374	0.0	0.7562861700388561	0.8137289436237165	0.2070114136796756	0.2707132801328422	16	IRF4	6960
6	IRF4	BaggingClassifier_LogisticRegression	di	0.7858214522338011	0.7562861700388561	0.8137289436237165	0.8107993868598947	0.7807755038871851	0.824101437596297	0.8475674061391003	0.8475674061391003	0.8475674061391003	0.0	0.8424499050895171	0.8425909917246893	0.8469974335879061	0.0136926650285882	0.8731995858550181	0.8731405760778292	0.8732888708527121	0.0058411380866093	0.2860240793163094	0.2070114136796756	0.2707132801328422	0.3162569623887374	0.2523448614724273	0.2874325634060253	0.255676014322716	0.255676014322716	0.255676014322716	0.0	0.2417678707872879	0.2440689978823426	0.2476604103420285	0.0113038152786498	0.339957300704072	0.340223593736305	0.339817040723598	0.0102743374542353	0.7562861700388561	0.8137289436237165	0.2070114136796756	0.2707132801328422	16	IRF4	6960
12	IRF4	BaggingClassifier_LogisticRegression	mono+di	0.7858214522338011	0.7562861700388561	0.8137289436237165	0.8107993868598947	0.7807755038871851	0.824101437596297	0.8497031237611545	0.8497031237611545	0.8497031237611545	0.0	0.8457037991891097	0.845949056636686	0.8468319971847085	0.015481973554142	0.8755473319573777	0.8754224416058821	0.8752211261231593	0.0055274181906388	0.2860240793163094	0.2070114136796756	0.2707132801328422	0.3162569623887374	0.2523448614724273	0.2874325634060253	0.2720397463493311	0.2720397463493311	0.2720397463493311	0.0	0.2513451568821293	0.2532089108430434	0.2492341830794084	0.0139144582943674	0.3505723182333767	0.3509598825558583	0.352302480235215	0.0081918673748062	0.7562861700388561	0.8137289436237165	0.2070114136796756	0.2707132801328422	16	IRF4	6960
33	JUND	Single best mono PWM	mono	0.8547937621971302	0.856309952340368	0.8478882606940981	0.8551543187057892	0.8558352297653022	0.8470243946062299	0.8478882606940981	0.8478882606940981	0.8478882606940981	0.0	0.856309952340368	0.856309952340368	0.856309952340368	0.0128219289234062	0.8547937621971302	0.8547937621971302	0.8547937621971302	0.0060793975343115	0.2855330252393225	0.2419773587678037	0.1172240199272844	0.285202101789512	0.2388567587201689	0.125864968952362	0.1172240199272844	0.1172240199272844	0.1172240199272844	0.0	0.2419773587678037	0.2419773587678037	0.2419773587678037	0.0283919491141873	0.2855330252393225	0.2855330252393225	0.2855330252393225	0.0104379031677556	0.856309952340368	0.8478882606940981	0.2419773587678037	0.1172240199272844	17	JUND	10000
33	JUND	RandomForestClassifier	mono	0.8547937621971302	0.856309952340368	0.8478882606940981	0.8551543187057892	0.8558352297653022	0.8470243946062299	0.8601836572243501	0.8601836572243501	0.8601836572243501	0.0	0.8691060428363652	0.8710920270967116	0.8715446678145868	0.0128219289234062	0.8816171428360755	0.8809673918145602	0.8844332867167826	0.0060793975343115	0.2855330252393225	0.2419773587678037	0.1172240199272844	0.285202101789512	0.2388567587201689	0.125864968952362	0.1289156831703297	0.1289156831703297	0.1289156831703297	0.0	0.2774651942519279	0.2772713882866607	0.2696683960271403	0.0283919491141873	0.3810152718568185	0.3825969203104645	0.3800955210328135	0.0104379031677556	0.856309952340368	0.8478882606940981	0.2419773587678037	0.1172240199272844	17	JUND	10000
17	JUND	Single best di PWM	di	0.8547937621971302	0.856309952340368	0.8478882606940981	0.8551543187057892	0.8558352297653022	0.8470243946062299	0.8470243946062299	0.8470243946062299	0.8470243946062299	0.0	0.8558352297653022	0.8558352297653022	0.8558352297653022	0.0	0.8551543187057892	0.8551543187057892	0.8551543187057892	0.0	0.2855330252393225	0.2419773587678037	0.1172240199272844	0.285202101789512	0.2388567587201689	0.125864968952362	0.125864968952362	0.125864968952362	0.125864968952362	0.0	0.2388567587201689	0.2388567587201689	0.2388567587201689	0.0	0.285202101789512	0.285202101789512	0.285202101789512	0.0	0.856309952340368	0.8478882606940981	0.2419773587678037	0.1172240199272844	17	JUND	10000
17	JUND	RandomForestClassifier	di	0.8547937621971302	0.856309952340368	0.8478882606940981	0.8551543187057892	0.8558352297653022	0.8470243946062299	0.8557607730916557	0.8557607730916557	0.8557607730916557	0.0	0.86950672584977	0.8691931227773818	0.8708489040003885	0.0128515630126492	0.880986877485511	0.8804688717092553	0.8803557652638141	0.0073010162153441	0.2855330252393225	0.2419773587678037	0.1172240199272844	0.285202101789512	0.2388567587201689	0.125864968952362	0.1288766422495146	0.1288766422495146	0.1288766422495146	0.0	0.2658002600815003	0.2650594919202016	0.2602249851299663	0.027341553704375	0.3868765099649277	0.3892048578805917	0.3842280902258623	0.010097903262329	0.856309952340368	0.8478882606940981	0.2419773587678037	0.1172240199272844	17	JUND	10000
33	JUND	RandomForestClassifier	mono+di	0.8547937621971302	0.856309952340368	0.8478882606940981	0.8551543187057892	0.8558352297653022	0.8470243946062299	0.8597299714939591	0.8597299714939591	0.8597299714939591	0.0	0.8716437441576703	0.8723147097464706	0.873914187009531	0.0128460525635532	0.8828455038367194	0.883242267368569	0.8859959127983705	0.0068089950864912	0.2855330252393225	0.2419773587678037	0.1172240199272844	0.285202101789512	0.2388567587201689	0.125864968952362	0.1379650888412288	0.1379650888412288	0.1379650888412288	0.0	0.2806033325606505	0.2804369435792911	0.2728761120411583	0.0281371472367211	0.3950703609237577	0.3963746332479409	0.3916317419267245	0.0121763185438587	0.856309952340368	0.8478882606940981	0.2419773587678037	0.1172240199272844	17	JUND	10000
33	JUND	Single best mono PWM	mono	0.8547937621971302	0.856309952340368	0.8478882606940981	0.8551543187057892	0.8558352297653022	0.8470243946062299	0.8478882606940981	0.8478882606940981	0.8478882606940981	0.0	0.856309952340368	0.856309952340368	0.856309952340368	0.012245363445383	0.8547937621971302	0.8547937621971302	0.8547937621971302	0.0083028763286619	0.2855330252393225	0.2419773587678037	0.1172240199272844	0.285202101789512	0.2388567587201689	0.125864968952362	0.1172240199272844	0.1172240199272844	0.1172240199272844	0.0	0.2419773587678037	0.2419773587678037	0.2419773587678037	0.028017699047092	0.2855330252393225	0.2855330252393225	0.2855330252393225	0.0076934064574145	0.856309952340368	0.8478882606940981	0.2419773587678037	0.1172240199272844	17	JUND	10000
33	JUND	LogisticRegression	mono	0.8547937621971302	0.856309952340368	0.8478882606940981	0.8551543187057892	0.8558352297653022	0.8470243946062299	0.853818487360628	0.853818487360628	0.853818487360628	0.0	0.8669223800183629	0.8669453929124357	0.8682362179201848	0.012245363445383	0.864480673109537	0.8645555602987722	0.8651542643259806	0.0083028763286619	0.2855330252393225	0.2419773587678037	0.1172240199272844	0.285202101789512	0.2388567587201689	0.125864968952362	0.1306261939932061	0.1306261939932061	0.1306261939932061	0.0	0.2479698188443211	0.2505220349896245	0.2371175376749941	0.028017699047092	0.3049098144350143	0.3047478565246195	0.3046973691214505	0.0076934064574145	0.856309952340368	0.8478882606940981	0.2419773587678037	0.1172240199272844	17	JUND	10000
17	JUND	Single best di PWM	di	0.8547937621971302	0.856309952340368	0.8478882606940981	0.8551543187057892	0.8558352297653022	0.8470243946062299	0.8470243946062299	0.8470243946062299	0.8470243946062299	0.0	0.8558352297653022	0.8558352297653022	0.8558352297653022	0.0	0.8551543187057892	0.8551543187057892	0.8551543187057892	0.0	0.2855330252393225	0.2419773587678037	0.1172240199272844	0.285202101789512	0.2388567587201689	0.125864968952362	0.125864968952362	0.125864968952362	0.125864968952362	0.0	0.2388567587201689	0.2388567587201689	0.2388567587201689	0.0	0.285202101789512	0.285202101789512	0.285202101789512	0.0	0.856309952340368	0.8478882606940981	0.2419773587678037	0.1172240199272844	17	JUND	10000
17	JUND	LogisticRegression	di	0.8547937621971302	0.856309952340368	0.8478882606940981	0.8551543187057892	0.8558352297653022	0.8470243946062299	0.8511963785962525	0.8511963785962525	0.8511963785962525	0.0	0.8663987761274938	0.8663266895202292	0.8719208521159247	0.0121746725819707	0.8637912608330179	0.8637856327847778	0.8663408259281139	0.0084290416334138	0.2855330252393225	0.2419773587678037	0.1172240199272844	0.285202101789512	0.2388567587201689	0.125864968952362	0.1288729818209186	0.1288729818209186	0.1288729818209186	0.0	0.2431659376094512	0.2467024501485573	0.243442348227704	0.0280909396789277	0.2978989163084038	0.2980605931026224	0.299093245648509	0.0102773011166143	0.856309952340368	0.8478882606940981	0.2419773587678037	0.1172240199272844	17	JUND	10000
33	JUND	LogisticRegression	mono+di	0.8547937621971302	0.856309952340368	0.8478882606940981	0.8551543187057892	0.8558352297653022	0.8470243946062299	0.8543736598370304	0.8543736598370304	0.8543736598370304	0.0	0.869934672033704	0.8699193941068771	0.8719341135436569	0.0116408701326273	0.8679764854076852	0.8679939188113125	0.868810204306078	0.0079607435727363	0.2855330252393225	0.2419773587678037	0.1172240199272844	0.285202101789512	0.2388567587201689	0.125864968952362	0.136948716068658	0.136948716068658	0.136948716068658	0.0	0.2577647854117298	0.2599631002236778	0.2478140234552611	0.0279971036947431	0.3137481220228176	0.3139098024312993	0.3166231475670948	0.0079458798034668	0.856309952340368	0.8478882606940981	0.2419773587678037	0.1172240199272844	17	JUND	10000
33	JUND	Single best mono PWM	mono	0.8547937621971302	0.856309952340368	0.8478882606940981	0.8551543187057892	0.8558352297653022	0.8470243946062299	0.8478882606940981	0.8478882606940981	0.8478882606940981	0.0	0.856309952340368	0.856309952340368	0.856309952340368	0.0106236437403755	0.8547937621971302	0.8547937621971302	0.8547937621971302	0.006831091052117	0.2855330252393225	0.2419773587678037	0.1172240199272844	0.285202101789512	0.2388567587201689	0.125864968952362	0.1172240199272844	0.1172240199272844	0.1172240199272844	0.0	0.2419773587678037	0.2419773587678037	0.2419773587678037	0.0272547830162064	0.2855330252393225	0.2855330252393225	0.2855330252393225	0.0133017076103035	0.856309952340368	0.8478882606940981	0.2419773587678037	0.1172240199272844	17	JUND	10000
33	JUND	XGBClassifier	mono	0.8547937621971302	0.856309952340368	0.8478882606940981	0.8551543187057892	0.8558352297653022	0.8470243946062299	0.8519326539774817	0.8519326539774817	0.8519326539774817	0.0	0.8679315103851294	0.8686666058575633	0.8712641552933549	0.0106236437403755	0.9050142634530968	0.9049213627673656	0.907553099680364	0.006831091052117	0.2855330252393225	0.2419773587678037	0.1172240199272844	0.285202101789512	0.2388567587201689	0.125864968952362	0.1353733312214011	0.1353733312214011	0.1353733312214011	0.0	0.2731454006408324	0.2717577684625672	0.2652035033511845	0.0272547830162064	0.4072560591142258	0.4062240916170226	0.4065197891096338	0.0133017076103035	0.856309952340368	0.8478882606940981	0.2419773587678037	0.1172240199272844	17	JUND	10000
17	JUND	Single best di PWM	di	0.8547937621971302	0.856309952340368	0.8478882606940981	0.8551543187057892	0.8558352297653022	0.8470243946062299	0.8470243946062299	0.8470243946062299	0.8470243946062299	0.0	0.8558352297653022	0.8558352297653022	0.8558352297653022	0.0	0.8551543187057892	0.8551543187057892	0.8551543187057892	0.0	0.2855330252393225	0.2419773587678037	0.1172240199272844	0.285202101789512	0.2388567587201689	0.125864968952362	0.125864968952362	0.125864968952362	0.125864968952362	0.0	0.2388567587201689	0.2388567587201689	0.2388567587201689	0.0	0.285202101789512	0.285202101789512	0.285202101789512	0.0	0.856309952340368	0.8478882606940981	0.2419773587678037	0.1172240199272844	17	JUND	10000
17	JUND	XGBClassifier	di	0.8547937621971302	0.856309952340368	0.8478882606940981	0.8551543187057892	0.8558352297653022	0.8470243946062299	0.8566530606265645	0.8566530606265645	0.8566530606265645	0.0	0.8712902021476562	0.8693244016235769	0.867014068734168	0.0135760972625815	0.9031815795683016	0.9010099212236048	0.9022620766159952	0.0072122876806155	0.2855330252393225	0.2419773587678037	0.1172240199272844	0.285202101789512	0.2388567587201689	0.125864968952362	0.1279217486632177	0.1279217486632177	0.1279217486632177	0.0	0.2583267978084964	0.2587054214906368	0.2538191454122009	0.0202118771090434	0.4331815126472956	0.4380170962380455	0.4423843821241869	0.0144712901351209	0.856309952340368	0.8478882606940981	0.2419773587678037	0.1172240199272844	17	JUND	10000
33	JUND	XGBClassifier	mono+di	0.8547937621971302	0.856309952340368	0.8478882606940981	0.8551543187057892	0.8558352297653022	0.8470243946062299	0.8567303114017915	0.8567303114017915	0.8567303114017915	0.0	0.8712147713704261	0.8697326100077951	0.8705861331871191	0.0124587253039368	0.9092351449400036	0.908531258288808	0.9116183041925108	0.006475576737594	0.2855330252393225	0.2419773587678037	0.1172240199272844	0.285202101789512	0.2388567587201689	0.125864968952362	0.1507843583179803	0.1507843583179803	0.1507843583179803	0.0	0.2646961867268558	0.2647314689560718	0.2580579667904963	0.0203798060637763	0.4463744584082982	0.441081116400322	0.4467796993742697	0.0165481325770004	0.856309952340368	0.8478882606940981	0.2419773587678037	0.1172240199272844	17	JUND	10000
33	JUND	Single best mono PWM	mono	0.8547937621971302	0.856309952340368	0.8478882606940981	0.8551543187057892	0.8558352297653022	0.8470243946062299	0.8478882606940981	0.8478882606940981	0.8478882606940981	0.0	0.856309952340368	0.856309952340368	0.856309952340368	0.0119583249860323	0.8547937621971302	0.8547937621971302	0.8547937621971302	0.0081257207280158	0.2855330252393225	0.2419773587678037	0.1172240199272844	0.285202101789512	0.2388567587201689	0.125864968952362	0.1172240199272844	0.1172240199272844	0.1172240199272844	0.0	0.2419773587678037	0.2419773587678037	0.2419773587678037	0.0241015585408569	0.2855330252393225	0.2855330252393225	0.2855330252393225	0.0134530896771862	0.856309952340368	0.8478882606940981	0.2419773587678037	0.1172240199272844	17	JUND	10000
33	JUND	BaggingClassifier_XGBClassifier	mono	0.8547937621971302	0.856309952340368	0.8478882606940981	0.8551543187057892	0.8558352297653022	0.8470243946062299	0.8557863317613627	0.8557863317613627	0.8557863317613627	0.0	0.8708903983411166	0.869253621026311	0.86644484365485	0.0119583249860323	0.9168074529688492	0.9158946480428992	0.9197362517957388	0.0081257207280158	0.2855330252393225	0.2419773587678037	0.1172240199272844	0.285202101789512	0.2388567587201689	0.125864968952362	0.1475351945916943	0.1475351945916943	0.1475351945916943	0.0	0.2771694904070496	0.2784992841876726	0.2717000110251995	0.0241015585408569	0.4211831396228812	0.4185814848207814	0.4211583196903038	0.0134530896771862	0.856309952340368	0.8478882606940981	0.2419773587678037	0.1172240199272844	17	JUND	10000
17	JUND	Single best di PWM	di	0.8547937621971302	0.856309952340368	0.8478882606940981	0.8551543187057892	0.8558352297653022	0.8470243946062299	0.8470243946062299	0.8470243946062299	0.8470243946062299	0.0	0.8558352297653022	0.8558352297653022	0.8558352297653022	0.0	0.8551543187057892	0.8551543187057892	0.8551543187057892	0.0	0.2855330252393225	0.2419773587678037	0.1172240199272844	0.285202101789512	0.2388567587201689	0.125864968952362	0.125864968952362	0.125864968952362	0.125864968952362	0.0	0.2388567587201689	0.2388567587201689	0.2388567587201689	0.0	0.285202101789512	0.285202101789512	0.285202101789512	0.0	0.856309952340368	0.8478882606940981	0.2419773587678037	0.1172240199272844	17	JUND	10000
17	JUND	BaggingClassifier_XGBClassifier	di	0.8547937621971302	0.856309952340368	0.8478882606940981	0.8551543187057892	0.8558352297653022	0.8470243946062299	0.8599835870380398	0.8599835870380398	0.8599835870380398	0.0	0.8708152339118487	0.8722148374039124	0.871821838859529	0.0133618675267742	0.9143297428095306	0.9127099018796502	0.9162311851504938	0.0080338604667098	0.2855330252393225	0.2419773587678037	0.1172240199272844	0.285202101789512	0.2388567587201689	0.125864968952362	0.1309968788554755	0.1309968788554755	0.1309968788554755	0.0	0.2632115706843785	0.2621668539977205	0.2599534408924386	0.0229264447480361	0.4410252415849952	0.4400850523166403	0.4462447718358157	0.0137515025414212	0.856309952340368	0.8478882606940981	0.2419773587678037	0.1172240199272844	17	JUND	10000
33	JUND	BaggingClassifier_XGBClassifier	mono+di	0.8547937621971302	0.856309952340368	0.8478882606940981	0.8551543187057892	0.8558352297653022	0.8470243946062299	0.8614534076614966	0.8614534076614966	0.8614534076614966	0.0	0.8724929571392652	0.8734139841509377	0.8772358255577343	0.0126036292925793	0.9211887425096716	0.9194603919428038	0.9235985819649308	0.0090343046536458	0.2855330252393225	0.2419773587678037	0.1172240199272844	0.285202101789512	0.2388567587201689	0.125864968952362	0.1513741807764049	0.1513741807764049	0.1513741807764049	0.0	0.2721751601545289	0.2768673187513019	0.2738661148641227	0.0218157239808493	0.4587942153856738	0.4554025395624951	0.4585132451079892	0.0166364613231057	0.856309952340368	0.8478882606940981	0.2419773587678037	0.1172240199272844	17	JUND	10000
33	JUND	Single best mono PWM	mono	0.8547937621971302	0.856309952340368	0.8478882606940981	0.8551543187057892	0.8558352297653022	0.8470243946062299	0.8478882606940981	0.8478882606940981	0.8478882606940981	0.0	0.856309952340368	0.856309952340368	0.856309952340368	0.0123190068418383	0.8547937621971302	0.8547937621971302	0.8547937621971302	0.0082939647762098	0.2855330252393225	0.2419773587678037	0.1172240199272844	0.285202101789512	0.2388567587201689	0.125864968952362	0.1172240199272844	0.1172240199272844	0.1172240199272844	0.0	0.2419773587678037	0.2419773587678037	0.2419773587678037	0.0285795829967882	0.2855330252393225	0.2855330252393225	0.2855330252393225	0.0075125305458869	0.856309952340368	0.8478882606940981	0.2419773587678037	0.1172240199272844	17	JUND	10000
33	JUND	BaggingClassifier_LogisticRegression	mono	0.8547937621971302	0.856309952340368	0.8478882606940981	0.8551543187057892	0.8558352297653022	0.8470243946062299	0.8538381030961795	0.8538381030961795	0.8538381030961795	0.0	0.8668726634560376	0.8669506700618683	0.8686363160234789	0.0123190068418383	0.8644426745940844	0.8645831962564535	0.8652900757555674	0.0082939647762098	0.2855330252393225	0.2419773587678037	0.1172240199272844	0.285202101789512	0.2388567587201689	0.125864968952362	0.130844124210729	0.130844124210729	0.130844124210729	0.0	0.2478168660486506	0.2506003150886949	0.2374847725588914	0.0285795829967882	0.3049946450314298	0.3043566347110659	0.304373731664588	0.0075125305458869	0.856309952340368	0.8478882606940981	0.2419773587678037	0.1172240199272844	17	JUND	10000
17	JUND	Single best di PWM	di	0.8547937621971302	0.856309952340368	0.8478882606940981	0.8551543187057892	0.8558352297653022	0.8470243946062299	0.8470243946062299	0.8470243946062299	0.8470243946062299	0.0	0.8558352297653022	0.8558352297653022	0.8558352297653022	0.0	0.8551543187057892	0.8551543187057892	0.8551543187057892	0.0	0.2855330252393225	0.2419773587678037	0.1172240199272844	0.285202101789512	0.2388567587201689	0.125864968952362	0.125864968952362	0.125864968952362	0.125864968952362	0.0	0.2388567587201689	0.2388567587201689	0.2388567587201689	0.0	0.285202101789512	0.285202101789512	0.285202101789512	0.0	0.856309952340368	0.8478882606940981	0.2419773587678037	0.1172240199272844	17	JUND	10000
17	JUND	BaggingClassifier_LogisticRegression	di	0.8547937621971302	0.856309952340368	0.8478882606940981	0.8551543187057892	0.8558352297653022	0.8470243946062299	0.8512338415562616	0.8512338415562616	0.8512338415562616	0.0	0.866383870985226	0.866341362549767	0.8719896429351829	0.0122123816290396	0.8637470178784735	0.8637896623551696	0.8663621396392425	0.0084750827612207	0.2855330252393225	0.2419773587678037	0.1172240199272844	0.285202101789512	0.2388567587201689	0.125864968952362	0.1287710749770573	0.1287710749770573	0.1287710749770573	0.0	0.2435620974786817	0.246743419459092	0.2435995143191051	0.0284934659132969	0.2978684378454636	0.2979994451164336	0.2989236841093926	0.0102933504368628	0.856309952340368	0.8478882606940981	0.2419773587678037	0.1172240199272844	17	JUND	10000
33	JUND	BaggingClassifier_LogisticRegression	mono+di	0.8547937621971302	0.856309952340368	0.8478882606940981	0.8551543187057892	0.8558352297653022	0.8470243946062299	0.8544091553284473	0.8544091553284473	0.8544091553284473	0.0	0.8700056085123112	0.8700420351689331	0.8723424545555765	0.0117326327778472	0.8679292846644283	0.8679946415492774	0.8688350723104701	0.0079966814118633	0.2855330252393225	0.2419773587678037	0.1172240199272844	0.285202101789512	0.2388567587201689	0.125864968952362	0.1370316794309968	0.1370316794309968	0.1370316794309968	0.0	0.2577958162519977	0.2606065457509131	0.2475875297143469	0.0293829961941558	0.3134622716014625	0.3135397512122669	0.3159900019168052	0.0080312693051833	0.856309952340368	0.8478882606940981	0.2419773587678037	0.1172240199272844	17	JUND	10000
6	MAFK	Single best mono PWM	mono	0.8177727405895269	0.8082991042005165	0.9087750398307272	0.8741140921213512	0.8540467732519796	0.940349306407072	0.9087750398307272	0.9087750398307272	0.9087750398307272	0.0	0.8082991042005165	0.8082991042005165	0.8082991042005165	0.0248352810228986	0.8177727405895269	0.8177727405895269	0.8177727405895269	0.0076105677059179	0.3245221568145857	0.2708518446371086	0.5334027439052422	0.418387244609129	0.3831342477161157	0.6290363875893248	0.5334027439052422	0.5334027439052422	0.5334027439052422	0.0	0.2708518446371086	0.2708518446371086	0.2708518446371086	0.0553251867945236	0.3245221568145857	0.3245221568145857	0.3245221568145857	0.027260504982799	0.8082991042005165	0.9087750398307272	0.2708518446371086	0.5334027439052422	19	MAFK	2458
6	MAFK	RandomForestClassifier	mono	0.8177727405895269	0.8082991042005165	0.9087750398307272	0.8741140921213512	0.8540467732519796	0.940349306407072	0.9284438198074793	0.9284438198074793	0.9284438198074793	0.0	0.8414545622382786	0.8411510471152701	0.831462949569334	0.0248352810228986	0.8737094593694708	0.8729705047571487	0.8735713694148827	0.0076105677059179	0.3245221568145857	0.2708518446371086	0.5334027439052422	0.418387244609129	0.3831342477161157	0.6290363875893248	0.5814502347440149	0.5814502347440149	0.5814502347440149	0.0	0.3647132928523769	0.3678126416293378	0.3880210326781838	0.0553251867945236	0.4656750008658096	0.4657127339112771	0.4780237146557735	0.027260504982799	0.8082991042005165	0.9087750398307272	0.2708518446371086	0.5334027439052422	19	MAFK	2458
3	MAFK	Single best di PWM	di	0.8177727405895269	0.8082991042005165	0.9087750398307272	0.8741140921213512	0.8540467732519796	0.940349306407072	0.940349306407072	0.940349306407072	0.940349306407072	0.0	0.8540467732519796	0.8540467732519796	0.8540467732519796	0.0	0.8741140921213512	0.8741140921213512	0.8741140921213512	0.0	0.3245221568145857	0.2708518446371086	0.5334027439052422	0.418387244609129	0.3831342477161157	0.6290363875893248	0.6290363875893248	0.6290363875893248	0.6290363875893248	0.0	0.3831342477161157	0.3831342477161157	0.3831342477161157	0.0	0.418387244609129	0.418387244609129	0.418387244609129	0.0	0.8082991042005165	0.9087750398307272	0.2708518446371086	0.5334027439052422	19	MAFK	2458
3	MAFK	RandomForestClassifier	di	0.8177727405895269	0.8082991042005165	0.9087750398307272	0.8741140921213512	0.8540467732519796	0.940349306407072	0.9338645996171012	0.9338645996171012	0.9338645996171012	0.0	0.8612583991287951	0.86112763583996	0.8551949503583405	0.0241052897332621	0.8820869495646737	0.8843569109262985	0.8831811570401936	0.0074634331307265	0.3245221568145857	0.2708518446371086	0.5334027439052422	0.418387244609129	0.3831342477161157	0.6290363875893248	0.6367009940103753	0.6367009940103753	0.6367009940103753	0.0	0.4184807127834289	0.4245152125653905	0.4237694552832139	0.0560679363788938	0.5365616543941686	0.5355780067770034	0.535609202196764	0.026280484200415	0.8082991042005165	0.9087750398307272	0.2708518446371086	0.5334027439052422	19	MAFK	2458
6	MAFK	RandomForestClassifier	mono+di	0.8177727405895269	0.8082991042005165	0.9087750398307272	0.8741140921213512	0.8540467732519796	0.940349306407072	0.940991286069436	0.940991286069436	0.940991286069436	0.0	0.856291812744319	0.8567264017187715	0.8565888618581103	0.0269994920632868	0.8933137251110799	0.890197319097404	0.8911451457828271	0.0060490682971985	0.3245221568145857	0.2708518446371086	0.5334027439052422	0.418387244609129	0.3831342477161157	0.6290363875893248	0.6580669071382138	0.6580669071382138	0.6580669071382138	0.0	0.4506117505877064	0.4556392144177947	0.4735062227861936	0.0646487052346305	0.572893719843573	0.5735957594039228	0.5779009041036967	0.0219498286760976	0.8082991042005165	0.9087750398307272	0.2708518446371086	0.5334027439052422	19	MAFK	2458
6	MAFK	Single best mono PWM	mono	0.8177727405895269	0.8082991042005165	0.9087750398307272	0.8741140921213512	0.8540467732519796	0.940349306407072	0.9087750398307272	0.9087750398307272	0.9087750398307272	0.0	0.8082991042005165	0.8082991042005165	0.8082991042005165	0.0283420623204846	0.8177727405895269	0.8177727405895269	0.8177727405895269	0.012962552014964	0.3245221568145857	0.2708518446371086	0.5334027439052422	0.418387244609129	0.3831342477161157	0.6290363875893248	0.5334027439052422	0.5334027439052422	0.5334027439052422	0.0	0.2708518446371086	0.2708518446371086	0.2708518446371086	0.0491608965605701	0.3245221568145857	0.3245221568145857	0.3245221568145857	0.0248171795192191	0.8082991042005165	0.9087750398307272	0.2708518446371086	0.5334027439052422	19	MAFK	2458
6	MAFK	LogisticRegression	mono	0.8177727405895269	0.8082991042005165	0.9087750398307272	0.8741140921213512	0.8540467732519796	0.940349306407072	0.9180241450325268	0.9180241450325268	0.9180241450325268	0.0	0.8315790566552128	0.8315512072028775	0.8384645331677881	0.0283420623204846	0.8354587864002636	0.8355651916553362	0.8335731686456322	0.012962552014964	0.3245221568145857	0.2708518446371086	0.5334027439052422	0.418387244609129	0.3831342477161157	0.6290363875893248	0.5726366170510963	0.5726366170510963	0.5726366170510963	0.0	0.3182369628563085	0.3196852012462389	0.3106307805342545	0.0491608965605701	0.3669267171151783	0.3672763998619356	0.3689818106061481	0.0248171795192191	0.8082991042005165	0.9087750398307272	0.2708518446371086	0.5334027439052422	19	MAFK	2458
3	MAFK	Single best di PWM	di	0.8177727405895269	0.8082991042005165	0.9087750398307272	0.8741140921213512	0.8540467732519796	0.940349306407072	0.940349306407072	0.940349306407072	0.940349306407072	0.0	0.8540467732519796	0.8540467732519796	0.8540467732519796	0.0	0.8741140921213512	0.8741140921213512	0.8741140921213512	0.0	0.3245221568145857	0.2708518446371086	0.5334027439052422	0.418387244609129	0.3831342477161157	0.6290363875893248	0.6290363875893248	0.6290363875893248	0.6290363875893248	0.0	0.3831342477161157	0.3831342477161157	0.3831342477161157	0.0	0.418387244609129	0.418387244609129	0.418387244609129	0.0	0.8082991042005165	0.9087750398307272	0.2708518446371086	0.5334027439052422	19	MAFK	2458
3	MAFK	LogisticRegression	di	0.8177727405895269	0.8082991042005165	0.9087750398307272	0.8741140921213512	0.8540467732519796	0.940349306407072	0.9394322925616022	0.9394322925616022	0.9394322925616022	0.0	0.8619811755369773	0.8619913057293028	0.8564833569200174	0.0265113189952412	0.8766415017594228	0.876587444353311	0.8745702576088927	0.0071352786191678	0.3245221568145857	0.2708518446371086	0.5334027439052422	0.418387244609129	0.3831342477161157	0.6290363875893248	0.64895322259427	0.64895322259427	0.64895322259427	0.0	0.4212183495000635	0.4232776637377924	0.4250666961146568	0.0586446784464829	0.4568208560792153	0.4575493540458523	0.4608781360118833	0.0308730068571404	0.8082991042005165	0.9087750398307272	0.2708518446371086	0.5334027439052422	19	MAFK	2458
6	MAFK	LogisticRegression	mono+di	0.8177727405895269	0.8082991042005165	0.9087750398307272	0.8741140921213512	0.8540467732519796	0.940349306407072	0.9435850063538244	0.9435850063538244	0.9435850063538244	0.0	0.8629937941070591	0.8630812292241489	0.8550102851972075	0.0294101835893974	0.8800683150967741	0.8798962935173227	0.8781738658550253	0.0081813417942978	0.3245221568145857	0.2708518446371086	0.5334027439052422	0.418387244609129	0.3831342477161157	0.6290363875893248	0.6654530657274419	0.6654530657274419	0.6654530657274419	0.0	0.4573801416248672	0.458599458673909	0.4587379203651484	0.0641193609124532	0.4820232434839649	0.4833996702662669	0.4940211373532381	0.0276395901568998	0.8082991042005165	0.9087750398307272	0.2708518446371086	0.5334027439052422	19	MAFK	2458
6	MAFK	Single best mono PWM	mono	0.8177727405895269	0.8082991042005165	0.9087750398307272	0.8741140921213512	0.8540467732519796	0.940349306407072	0.9087750398307272	0.9087750398307272	0.9087750398307272	0.0	0.8082991042005165	0.8082991042005165	0.8082991042005165	0.0245360881174739	0.8177727405895269	0.8177727405895269	0.8177727405895269	0.0134907965910134	0.3245221568145857	0.2708518446371086	0.5334027439052422	0.418387244609129	0.3831342477161157	0.6290363875893248	0.5334027439052422	0.5334027439052422	0.5334027439052422	0.0	0.2708518446371086	0.2708518446371086	0.2708518446371086	0.0505386840956182	0.3245221568145857	0.3245221568145857	0.3245221568145857	0.0328708010620295	0.8082991042005165	0.9087750398307272	0.2708518446371086	0.5334027439052422	19	MAFK	2458
6	MAFK	XGBClassifier	mono	0.8177727405895269	0.8082991042005165	0.9087750398307272	0.8741140921213512	0.8540467732519796	0.940349306407072	0.9323465013882654	0.9323465013882654	0.9323465013882654	0.0	0.8432728000022378	0.845864513081831	0.8297484203936256	0.0245360881174739	0.9227085381712636	0.9246760503308352	0.9295064677673373	0.0134907965910134	0.3245221568145857	0.2708518446371086	0.5334027439052422	0.418387244609129	0.3831342477161157	0.6290363875893248	0.5931962716026911	0.5931962716026911	0.5931962716026911	0.0	0.3831306146852449	0.389728889297239	0.3862011822256475	0.0505386840956182	0.5133839575996385	0.4969605337815931	0.5026789126992783	0.0328708010620295	0.8082991042005165	0.9087750398307272	0.2708518446371086	0.5334027439052422	19	MAFK	2458
3	MAFK	Single best di PWM	di	0.8177727405895269	0.8082991042005165	0.9087750398307272	0.8741140921213512	0.8540467732519796	0.940349306407072	0.940349306407072	0.940349306407072	0.940349306407072	0.0	0.8540467732519796	0.8540467732519796	0.8540467732519796	0.0	0.8741140921213512	0.8741140921213512	0.8741140921213512	0.0	0.3245221568145857	0.2708518446371086	0.5334027439052422	0.418387244609129	0.3831342477161157	0.6290363875893248	0.6290363875893248	0.6290363875893248	0.6290363875893248	0.0	0.3831342477161157	0.3831342477161157	0.3831342477161157	0.0	0.418387244609129	0.418387244609129	0.418387244609129	0.0	0.8082991042005165	0.9087750398307272	0.2708518446371086	0.5334027439052422	19	MAFK	2458
3	MAFK	XGBClassifier	di	0.8177727405895269	0.8082991042005165	0.9087750398307272	0.8741140921213512	0.8540467732519796	0.940349306407072	0.9361984793203584	0.9361984793203584	0.9361984793203584	0.0	0.858265569010515	0.8578748143988557	0.8505989614844354	0.0296236224828077	0.9275474941097912	0.9281845517986884	0.929073572696761	0.0129721668316674	0.3245221568145857	0.2708518446371086	0.5334027439052422	0.418387244609129	0.3831342477161157	0.6290363875893248	0.606187750932597	0.606187750932597	0.606187750932597	0.0	0.4024555752155997	0.4031581341428826	0.396574428191164	0.0585164143651905	0.5714277415230365	0.5684446139882725	0.5695136818430347	0.0288385937944256	0.8082991042005165	0.9087750398307272	0.2708518446371086	0.5334027439052422	19	MAFK	2458
6	MAFK	XGBClassifier	mono+di	0.8177727405895269	0.8082991042005165	0.9087750398307272	0.8741140921213512	0.8540467732519796	0.940349306407072	0.9483871841567516	0.9483871841567516	0.9483871841567516	0.0	0.8594562995698415	0.8623979439359405	0.8546670068760883	0.0320606963763555	0.9467262952465691	0.9474540583503988	0.9516234597394018	0.013934555748362	0.3245221568145857	0.2708518446371086	0.5334027439052422	0.418387244609129	0.3831342477161157	0.6290363875893248	0.6614768821299105	0.6614768821299105	0.6614768821299105	0.0	0.473761539583194	0.4668935306065354	0.4918015238578729	0.0724267398827438	0.6405047520049582	0.6335510280116466	0.6421185364368707	0.0239972729015305	0.8082991042005165	0.9087750398307272	0.2708518446371086	0.5334027439052422	19	MAFK	2458
6	MAFK	Single best mono PWM	mono	0.8177727405895269	0.8082991042005165	0.9087750398307272	0.8741140921213512	0.8540467732519796	0.940349306407072	0.9087750398307272	0.9087750398307272	0.9087750398307272	0.0	0.8082991042005165	0.8082991042005165	0.8082991042005165	0.0184201367487633	0.8177727405895269	0.8177727405895269	0.8177727405895269	0.0148763513732267	0.3245221568145857	0.2708518446371086	0.5334027439052422	0.418387244609129	0.3831342477161157	0.6290363875893248	0.5334027439052422	0.5334027439052422	0.5334027439052422	0.0	0.2708518446371086	0.2708518446371086	0.2708518446371086	0.0506131789169097	0.3245221568145857	0.3245221568145857	0.3245221568145857	0.0382527566168693	0.8082991042005165	0.9087750398307272	0.2708518446371086	0.5334027439052422	19	MAFK	2458
6	MAFK	BaggingClassifier_XGBClassifier	mono	0.8177727405895269	0.8082991042005165	0.9087750398307272	0.8741140921213512	0.8540467732519796	0.940349306407072	0.931980767898638	0.931980767898638	0.931980767898638	0.0	0.8509575980498163	0.8495300204948606	0.8414054156429694	0.0184201367487633	0.9429973406224028	0.9450801384577068	0.9496930632361964	0.0148763513732267	0.3245221568145857	0.2708518446371086	0.5334027439052422	0.418387244609129	0.3831342477161157	0.6290363875893248	0.6033011353178066	0.6033011353178066	0.6033011353178066	0.0	0.3996070778994562	0.4042399500434598	0.4116103346490724	0.0506131789169097	0.5324355983434162	0.5255303375576025	0.5409257842082598	0.0382527566168693	0.8082991042005165	0.9087750398307272	0.2708518446371086	0.5334027439052422	19	MAFK	2458
3	MAFK	Single best di PWM	di	0.8177727405895269	0.8082991042005165	0.9087750398307272	0.8741140921213512	0.8540467732519796	0.940349306407072	0.940349306407072	0.940349306407072	0.940349306407072	0.0	0.8540467732519796	0.8540467732519796	0.8540467732519796	0.0	0.8741140921213512	0.8741140921213512	0.8741140921213512	0.0	0.3245221568145857	0.2708518446371086	0.5334027439052422	0.418387244609129	0.3831342477161157	0.6290363875893248	0.6290363875893248	0.6290363875893248	0.6290363875893248	0.0	0.3831342477161157	0.3831342477161157	0.3831342477161157	0.0	0.418387244609129	0.418387244609129	0.418387244609129	0.0	0.8082991042005165	0.9087750398307272	0.2708518446371086	0.5334027439052422	19	MAFK	2458
3	MAFK	BaggingClassifier_XGBClassifier	di	0.8177727405895269	0.8082991042005165	0.9087750398307272	0.8741140921213512	0.8540467732519796	0.940349306407072	0.9347993185069768	0.9347993185069768	0.9347993185069768	0.0	0.8561779846050132	0.8597718131371008	0.8622099232424413	0.0316067514945587	0.9467723847585672	0.9467903795043924	0.9521638854972188	0.0152603930679493	0.3245221568145857	0.2708518446371086	0.5334027439052422	0.418387244609129	0.3831342477161157	0.6290363875893248	0.6230668190901438	0.6230668190901438	0.6230668190901438	0.0	0.4099647013526631	0.4184867564212918	0.4281561835807898	0.0542555913599853	0.5819979270357031	0.5786437735908725	0.5819109943871148	0.0305275072569029	0.8082991042005165	0.9087750398307272	0.2708518446371086	0.5334027439052422	19	MAFK	2458
6	MAFK	BaggingClassifier_XGBClassifier	mono+di	0.8177727405895269	0.8082991042005165	0.9087750398307272	0.8741140921213512	0.8540467732519796	0.940349306407072	0.9423678439009332	0.9423678439009332	0.9423678439009332	0.0	0.8580011714185073	0.8616781767207703	0.8576249875051951	0.0255566495722085	0.968426932249303	0.9664887918706244	0.97170645243109	0.0143429868445837	0.3245221568145857	0.2708518446371086	0.5334027439052422	0.418387244609129	0.3831342477161157	0.6290363875893248	0.6702703034302239	0.6702703034302239	0.6702703034302239	0.0	0.4821819919427242	0.4779567921736585	0.5042811590899485	0.0743252283441906	0.6625271569665871	0.6594474031962534	0.6712874630111827	0.0264291687652459	0.8082991042005165	0.9087750398307272	0.2708518446371086	0.5334027439052422	19	MAFK	2458
6	MAFK	Single best mono PWM	mono	0.8177727405895269	0.8082991042005165	0.9087750398307272	0.8741140921213512	0.8540467732519796	0.940349306407072	0.9087750398307272	0.9087750398307272	0.9087750398307272	0.0	0.8082991042005165	0.8082991042005165	0.8082991042005165	0.0281348367797361	0.8177727405895269	0.8177727405895269	0.8177727405895269	0.0129224495778176	0.3245221568145857	0.2708518446371086	0.5334027439052422	0.418387244609129	0.3831342477161157	0.6290363875893248	0.5334027439052422	0.5334027439052422	0.5334027439052422	0.0	0.2708518446371086	0.2708518446371086	0.2708518446371086	0.0496032380634009	0.3245221568145857	0.3245221568145857	0.3245221568145857	0.0248952229813238	0.8082991042005165	0.9087750398307272	0.2708518446371086	0.5334027439052422	19	MAFK	2458
6	MAFK	BaggingClassifier_LogisticRegression	mono	0.8177727405895269	0.8082991042005165	0.9087750398307272	0.8741140921213512	0.8540467732519796	0.940349306407072	0.9181985216025532	0.9181985216025532	0.9181985216025532	0.0	0.8316773921177133	0.8317341247711038	0.8384382283155951	0.0281348367797361	0.835434339778005	0.8357765060342527	0.8338238573021182	0.0129224495778176	0.3245221568145857	0.2708518446371086	0.5334027439052422	0.418387244609129	0.3831342477161157	0.6290363875893248	0.5731911227960877	0.5731911227960877	0.5731911227960877	0.0	0.3174342471239625	0.319745951910611	0.3110468514229596	0.0496032380634009	0.3670317954027336	0.3669678778466894	0.3685049122760663	0.0248952229813238	0.8082991042005165	0.9087750398307272	0.2708518446371086	0.5334027439052422	19	MAFK	2458
3	MAFK	Single best di PWM	di	0.8177727405895269	0.8082991042005165	0.9087750398307272	0.8741140921213512	0.8540467732519796	0.940349306407072	0.940349306407072	0.940349306407072	0.940349306407072	0.0	0.8540467732519796	0.8540467732519796	0.8540467732519796	0.0	0.8741140921213512	0.8741140921213512	0.8741140921213512	0.0	0.3245221568145857	0.2708518446371086	0.5334027439052422	0.418387244609129	0.3831342477161157	0.6290363875893248	0.6290363875893248	0.6290363875893248	0.6290363875893248	0.0	0.3831342477161157	0.3831342477161157	0.3831342477161157	0.0	0.418387244609129	0.418387244609129	0.418387244609129	0.0	0.8082991042005165	0.9087750398307272	0.2708518446371086	0.5334027439052422	19	MAFK	2458
3	MAFK	BaggingClassifier_LogisticRegression	di	0.8177727405895269	0.8082991042005165	0.9087750398307272	0.8741140921213512	0.8540467732519796	0.940349306407072	0.9394616302075196	0.9394616302075196	0.9394616302075196	0.0	0.8618902636487793	0.8620149761272472	0.8566569689444915	0.0264957624909735	0.8766701696236033	0.8765979469430779	0.874515162808674	0.0071463346505537	0.3245221568145857	0.2708518446371086	0.5334027439052422	0.418387244609129	0.3831342477161157	0.6290363875893248	0.649344730546954	0.649344730546954	0.649344730546954	0.0	0.4209131143923945	0.4229330613129002	0.4249794678486849	0.0582767415754138	0.4564506930206934	0.4571371505210879	0.4606900164279208	0.0308657335218509	0.8082991042005165	0.9087750398307272	0.2708518446371086	0.5334027439052422	19	MAFK	2458
6	MAFK	BaggingClassifier_LogisticRegression	mono+di	0.8177727405895269	0.8082991042005165	0.9087750398307272	0.8741140921213512	0.8540467732519796	0.940349306407072	0.9436694457963752	0.9436694457963752	0.9436694457963752	0.0	0.86294785401681	0.8631720109777417	0.8550181766528653	0.0293419421722198	0.8800072827734348	0.8800281805098006	0.878466788176933	0.0081608582674502	0.3245221568145857	0.2708518446371086	0.5334027439052422	0.418387244609129	0.3831342477161157	0.6290363875893248	0.6660656414081978	0.6660656414081978	0.6660656414081978	0.0	0.4574813015753178	0.4584679344235653	0.4584254040369458	0.0635473781070582	0.4821127244911718	0.482683245346008	0.4935017140307971	0.027910071057641	0.8082991042005165	0.9087750398307272	0.2708518446371086	0.5334027439052422	19	MAFK	2458
42	MAX	Single best mono PWM	mono	0.8956154186052018	0.8892363480838157	0.8608015164539937	0.8970726278841259	0.8978638973920323	0.8598502056621746	0.8608015164539937	0.8608015164539937	0.8608015164539937	0.0	0.8892363480838157	0.8892363480838157	0.8892363480838157	0.0050876082122059	0.8956154186052018	0.8956154186052018	0.8956154186052018	0.0031450289171057	0.3941668621238268	0.4490968831687416	0.1470968070994115	0.3998022751531029	0.5072778269235289	0.1337483123800904	0.1470968070994115	0.1470968070994115	0.1470968070994115	0.0	0.4490968831687416	0.4490968831687416	0.4490968831687416	0.0154515014096992	0.3941668621238268	0.3941668621238268	0.3941668621238268	0.0136696885874192	0.8892363480838157	0.8608015164539937	0.4490968831687416	0.1470968070994115	20	MAX	10000
42	MAX	RandomForestClassifier	mono	0.8956154186052018	0.8892363480838157	0.8608015164539937	0.8970726278841259	0.8978638973920323	0.8598502056621746	0.8655876890978083	0.8655876890978083	0.8655876890978083	0.0	0.9117384762989524	0.9120628827545072	0.9132867187194472	0.0050876082122059	0.925997798652792	0.925583258622494	0.9250436118387604	0.0031450289171057	0.3941668621238268	0.4490968831687416	0.1470968070994115	0.3998022751531029	0.5072778269235289	0.1337483123800904	0.1619909696369618	0.1619909696369618	0.1619909696369618	0.0	0.5247328890598698	0.5233748138404343	0.531920915779219	0.0154515014096992	0.5133726597209435	0.5118126243377323	0.5153758769197043	0.0136696885874192	0.8892363480838157	0.8608015164539937	0.4490968831687416	0.1470968070994115	20	MAX	10000
21	MAX	Single best di PWM	di	0.8956154186052018	0.8892363480838157	0.8608015164539937	0.8970726278841259	0.8978638973920323	0.8598502056621746	0.8598502056621746	0.8598502056621746	0.8598502056621746	0.0	0.8978638973920323	0.8978638973920323	0.8978638973920323	0.0	0.8970726278841259	0.8970726278841259	0.8970726278841259	0.0	0.3941668621238268	0.4490968831687416	0.1470968070994115	0.3998022751531029	0.5072778269235289	0.1337483123800904	0.1337483123800904	0.1337483123800904	0.1337483123800904	0.0	0.5072778269235289	0.5072778269235289	0.5072778269235289	0.0	0.3998022751531029	0.3998022751531029	0.3998022751531029	0.0	0.8892363480838157	0.8608015164539937	0.4490968831687416	0.1470968070994115	20	MAX	10000
21	MAX	RandomForestClassifier	di	0.8956154186052018	0.8892363480838157	0.8608015164539937	0.8970726278841259	0.8978638973920323	0.8598502056621746	0.8681715687596561	0.8681715687596561	0.8681715687596561	0.0	0.9104697124119432	0.9097905437226717	0.911049301524754	0.0052654971244445	0.9224984547951368	0.9231788503913112	0.922289479146146	0.0030460807394334	0.3941668621238268	0.4490968831687416	0.1470968070994115	0.3998022751531029	0.5072778269235289	0.1337483123800904	0.1509415815231888	0.1509415815231888	0.1509415815231888	0.0	0.5389718307301644	0.5391258249734079	0.5449562560258532	0.0161846252010483	0.5240651562637507	0.5220068128943929	0.5298508843040932	0.0130421504452089	0.8892363480838157	0.8608015164539937	0.4490968831687416	0.1470968070994115	20	MAX	10000
42	MAX	RandomForestClassifier	mono+di	0.8956154186052018	0.8892363480838157	0.8608015164539937	0.8970726278841259	0.8978638973920323	0.8598502056621746	0.8690437122492796	0.8690437122492796	0.8690437122492796	0.0	0.9142425133433256	0.9142991457969344	0.9156367836548456	0.0051954430398213	0.9283027914905708	0.928056067744372	0.9274886583123882	0.0032710308802492	0.3941668621238268	0.4490968831687416	0.1470968070994115	0.3998022751531029	0.5072778269235289	0.1337483123800904	0.1618691310535261	0.1618691310535261	0.1618691310535261	0.0	0.5366390199565039	0.5391128864545955	0.5467324527617426	0.0148959112067107	0.5348460171613649	0.5311792588542653	0.5393161344847646	0.0135027218705379	0.8892363480838157	0.8608015164539937	0.4490968831687416	0.1470968070994115	20	MAX	10000
42	MAX	Single best mono PWM	mono	0.8956154186052018	0.8892363480838157	0.8608015164539937	0.8970726278841259	0.8978638973920323	0.8598502056621746	0.8608015164539937	0.8608015164539937	0.8608015164539937	0.0	0.8892363480838157	0.8892363480838157	0.8892363480838157	0.0042337021829109	0.8956154186052018	0.8956154186052018	0.8956154186052018	0.0025949582647801	0.3941668621238268	0.4490968831687416	0.1470968070994115	0.3998022751531029	0.5072778269235289	0.1337483123800904	0.1470968070994115	0.1470968070994115	0.1470968070994115	0.0	0.4490968831687416	0.4490968831687416	0.4490968831687416	0.0115355796085725	0.3941668621238268	0.3941668621238268	0.3941668621238268	0.0087797365613065	0.8892363480838157	0.8608015164539937	0.4490968831687416	0.1470968070994115	20	MAX	10000
42	MAX	LogisticRegression	mono	0.8956154186052018	0.8892363480838157	0.8608015164539937	0.8970726278841259	0.8978638973920323	0.8598502056621746	0.8680900359288386	0.8680900359288386	0.8680900359288386	0.0	0.9118920061407424	0.9119263672117724	0.9126420391887728	0.0042337021829109	0.9176782934379848	0.9176453365593644	0.917759662778606	0.0025949582647801	0.3941668621238268	0.4490968831687416	0.1470968070994115	0.3998022751531029	0.5072778269235289	0.1337483123800904	0.1608354619680028	0.1608354619680028	0.1608354619680028	0.0	0.5123218720013276	0.5135985907004705	0.5124987253705314	0.0115355796085725	0.4468864017202488	0.4476389968929039	0.4466408039699123	0.0087797365613065	0.8892363480838157	0.8608015164539937	0.4490968831687416	0.1470968070994115	20	MAX	10000
21	MAX	Single best di PWM	di	0.8956154186052018	0.8892363480838157	0.8608015164539937	0.8970726278841259	0.8978638973920323	0.8598502056621746	0.8598502056621746	0.8598502056621746	0.8598502056621746	0.0	0.8978638973920323	0.8978638973920323	0.8978638973920323	0.0	0.8970726278841259	0.8970726278841259	0.8970726278841259	0.0	0.3941668621238268	0.4490968831687416	0.1470968070994115	0.3998022751531029	0.5072778269235289	0.1337483123800904	0.1337483123800904	0.1337483123800904	0.1337483123800904	0.0	0.5072778269235289	0.5072778269235289	0.5072778269235289	0.0	0.3998022751531029	0.3998022751531029	0.3998022751531029	0.0	0.8892363480838157	0.8608015164539937	0.4490968831687416	0.1470968070994115	20	MAX	10000
21	MAX	LogisticRegression	di	0.8956154186052018	0.8892363480838157	0.8608015164539937	0.8970726278841259	0.8978638973920323	0.8598502056621746	0.8658765810513396	0.8658765810513396	0.8658765810513396	0.0	0.9114504114377366	0.9114746421671768	0.910382698149746	0.0051111528709313	0.9142449840773756	0.9142134177376496	0.913541494442361	0.0024154825115397	0.3941668621238268	0.4490968831687416	0.1470968070994115	0.3998022751531029	0.5072778269235289	0.1337483123800904	0.1441833062442384	0.1441833062442384	0.1441833062442384	0.0	0.5348867130183	0.5355331147767534	0.5438086534971014	0.0160752690115879	0.440099619897022	0.4402950126135712	0.4397561963927595	0.0081181853649307	0.8892363480838157	0.8608015164539937	0.4490968831687416	0.1470968070994115	20	MAX	10000
42	MAX	LogisticRegression	mono+di	0.8956154186052018	0.8892363480838157	0.8608015164539937	0.8970726278841259	0.8978638973920323	0.8598502056621746	0.8737742312286947	0.8737742312286947	0.8737742312286947	0.0	0.9165942560688564	0.9166356700896776	0.9154758112842885	0.0041567967910417	0.922404543867126	0.9223599401975008	0.9226504371042116	0.002199935625444	0.3941668621238268	0.4490968831687416	0.1470968070994115	0.3998022751531029	0.5072778269235289	0.1337483123800904	0.1720146850671526	0.1720146850671526	0.1720146850671526	0.0	0.5416740932109024	0.5418884508849019	0.5424640327411191	0.012805713303324	0.4663700676674654	0.4675249381878261	0.466591919826381	0.0084454401805138	0.8892363480838157	0.8608015164539937	0.4490968831687416	0.1470968070994115	20	MAX	10000
42	MAX	Single best mono PWM	mono	0.8956154186052018	0.8892363480838157	0.8608015164539937	0.8970726278841259	0.8978638973920323	0.8598502056621746	0.8608015164539937	0.8608015164539937	0.8608015164539937	0.0	0.8892363480838157	0.8892363480838157	0.8892363480838157	0.0044957931436355	0.8956154186052018	0.8956154186052018	0.8956154186052018	0.0050691074146827	0.3941668621238268	0.4490968831687416	0.1470968070994115	0.3998022751531029	0.5072778269235289	0.1337483123800904	0.1470968070994115	0.1470968070994115	0.1470968070994115	0.0	0.4490968831687416	0.4490968831687416	0.4490968831687416	0.0174355294279084	0.3941668621238268	0.3941668621238268	0.3941668621238268	0.0172778416045995	0.8892363480838157	0.8608015164539937	0.4490968831687416	0.1470968070994115	20	MAX	10000
42	MAX	XGBClassifier	mono	0.8956154186052018	0.8892363480838157	0.8608015164539937	0.8970726278841259	0.8978638973920323	0.8598502056621746	0.8653688989475635	0.8653688989475635	0.8653688989475635	0.0	0.9124419911232295	0.9143299305221468	0.9125394645657348	0.0044957931436355	0.9453025846148384	0.944323188396454	0.9455343832167216	0.0050691074146827	0.3941668621238268	0.4490968831687416	0.1470968070994115	0.3998022751531029	0.5072778269235289	0.1337483123800904	0.1387202676229304	0.1387202676229304	0.1387202676229304	0.0	0.5133919534323772	0.5124118122657771	0.5244387555344832	0.0174355294279084	0.5763888839407639	0.58711585379925	0.5932974351446196	0.0172778416045995	0.8892363480838157	0.8608015164539937	0.4490968831687416	0.1470968070994115	20	MAX	10000
21	MAX	Single best di PWM	di	0.8956154186052018	0.8892363480838157	0.8608015164539937	0.8970726278841259	0.8978638973920323	0.8598502056621746	0.8598502056621746	0.8598502056621746	0.8598502056621746	0.0	0.8978638973920323	0.8978638973920323	0.8978638973920323	0.0	0.8970726278841259	0.8970726278841259	0.8970726278841259	0.0	0.3941668621238268	0.4490968831687416	0.1470968070994115	0.3998022751531029	0.5072778269235289	0.1337483123800904	0.1337483123800904	0.1337483123800904	0.1337483123800904	0.0	0.5072778269235289	0.5072778269235289	0.5072778269235289	0.0	0.3998022751531029	0.3998022751531029	0.3998022751531029	0.0	0.8892363480838157	0.8608015164539937	0.4490968831687416	0.1470968070994115	20	MAX	10000
21	MAX	XGBClassifier	di	0.8956154186052018	0.8892363480838157	0.8608015164539937	0.8970726278841259	0.8978638973920323	0.8598502056621746	0.8632297811611227	0.8632297811611227	0.8632297811611227	0.0	0.9105450417088912	0.909698306324959	0.910897480548678	0.0056316287652274	0.9412089353150784	0.9412133617885478	0.9416954891986038	0.0045444435494509	0.3941668621238268	0.4490968831687416	0.1470968070994115	0.3998022751531029	0.5072778269235289	0.1337483123800904	0.1291785384367149	0.1291785384367149	0.1291785384367149	0.0	0.525608885976841	0.5292537988216571	0.5347172057386952	0.0235260796889428	0.602393860094798	0.6044243357336109	0.6120507183937826	0.0213159115333828	0.8892363480838157	0.8608015164539937	0.4490968831687416	0.1470968070994115	20	MAX	10000
42	MAX	XGBClassifier	mono+di	0.8956154186052018	0.8892363480838157	0.8608015164539937	0.8970726278841259	0.8978638973920323	0.8598502056621746	0.8676495235060454	0.8676495235060454	0.8676495235060454	0.0	0.9171203309963828	0.915297854146472	0.9166017619923758	0.0050981427765563	0.9486694729552154	0.9483856679964512	0.9496993019351292	0.0052139837124551	0.3941668621238268	0.4490968831687416	0.1470968070994115	0.3998022751531029	0.5072778269235289	0.1337483123800904	0.1549862062044769	0.1549862062044769	0.1549862062044769	0.0	0.5451274718579998	0.5385367006626237	0.5460070866457529	0.0237852371405933	0.6079959929581449	0.6085801532196925	0.6117938578423237	0.0190549236035541	0.8892363480838157	0.8608015164539937	0.4490968831687416	0.1470968070994115	20	MAX	10000
42	MAX	Single best mono PWM	mono	0.8956154186052018	0.8892363480838157	0.8608015164539937	0.8970726278841259	0.8978638973920323	0.8598502056621746	0.8608015164539937	0.8608015164539937	0.8608015164539937	0.0	0.8892363480838157	0.8892363480838157	0.8892363480838157	0.0038707872093241	0.8956154186052018	0.8956154186052018	0.8956154186052018	0.005819784625391	0.3941668621238268	0.4490968831687416	0.1470968070994115	0.3998022751531029	0.5072778269235289	0.1337483123800904	0.1470968070994115	0.1470968070994115	0.1470968070994115	0.0	0.4490968831687416	0.4490968831687416	0.4490968831687416	0.012730930129964	0.3941668621238268	0.3941668621238268	0.3941668621238268	0.0174045811831194	0.8892363480838157	0.8608015164539937	0.4490968831687416	0.1470968070994115	20	MAX	10000
42	MAX	BaggingClassifier_XGBClassifier	mono	0.8956154186052018	0.8892363480838157	0.8608015164539937	0.8970726278841259	0.8978638973920323	0.8598502056621746	0.8688366505882489	0.8688366505882489	0.8688366505882489	0.0	0.9164818503397946	0.9162580866976576	0.916148735046852	0.0038707872093241	0.95091733731103	0.9503790009507386	0.9533185892413264	0.005819784625391	0.3941668621238268	0.4490968831687416	0.1470968070994115	0.3998022751531029	0.5072778269235289	0.1337483123800904	0.1564049900840782	0.1564049900840782	0.1564049900840782	0.0	0.5290822221331567	0.5244201212123943	0.5233265211971206	0.012730930129964	0.58629454149102	0.5861120404182038	0.5932039935789808	0.0174045811831194	0.8892363480838157	0.8608015164539937	0.4490968831687416	0.1470968070994115	20	MAX	10000
21	MAX	Single best di PWM	di	0.8956154186052018	0.8892363480838157	0.8608015164539937	0.8970726278841259	0.8978638973920323	0.8598502056621746	0.8598502056621746	0.8598502056621746	0.8598502056621746	0.0	0.8978638973920323	0.8978638973920323	0.8978638973920323	0.0	0.8970726278841259	0.8970726278841259	0.8970726278841259	0.0	0.3941668621238268	0.4490968831687416	0.1470968070994115	0.3998022751531029	0.5072778269235289	0.1337483123800904	0.1337483123800904	0.1337483123800904	0.1337483123800904	0.0	0.5072778269235289	0.5072778269235289	0.5072778269235289	0.0	0.3998022751531029	0.3998022751531029	0.3998022751531029	0.0	0.8892363480838157	0.8608015164539937	0.4490968831687416	0.1470968070994115	20	MAX	10000
21	MAX	BaggingClassifier_XGBClassifier	di	0.8956154186052018	0.8892363480838157	0.8608015164539937	0.8970726278841259	0.8978638973920323	0.8598502056621746	0.8669327400039843	0.8669327400039843	0.8669327400039843	0.0	0.9114474273812256	0.9119284932532402	0.912568916174784	0.004628597789622	0.947274118040511	0.947649508789994	0.9488639009523628	0.0049925240426391	0.3941668621238268	0.4490968831687416	0.1470968070994115	0.3998022751531029	0.5072778269235289	0.1337483123800904	0.1523313095416939	0.1523313095416939	0.1523313095416939	0.0	0.5374224264817589	0.5377462831353511	0.534004336742832	0.0232250772010864	0.6126184252272138	0.6121365834300161	0.6211371901196333	0.0200952118487248	0.8892363480838157	0.8608015164539937	0.4490968831687416	0.1470968070994115	20	MAX	10000
42	MAX	BaggingClassifier_XGBClassifier	mono+di	0.8956154186052018	0.8892363480838157	0.8608015164539937	0.8970726278841259	0.8978638973920323	0.8598502056621746	0.8694154968584646	0.8694154968584646	0.8694154968584646	0.0	0.9181897217683972	0.9180873893119258	0.9186306063977332	0.0044037778306383	0.9545984201678682	0.9533788740757212	0.9552964950823032	0.0057408618832189	0.3941668621238268	0.4490968831687416	0.1470968070994115	0.3998022751531029	0.5072778269235289	0.1337483123800904	0.1524269245137935	0.1524269245137935	0.1524269245137935	0.0	0.5458921115119959	0.5445012246658247	0.5387747879155118	0.0193362155857479	0.6269850940866984	0.624402394764237	0.6312163912167122	0.0210485731218565	0.8892363480838157	0.8608015164539937	0.4490968831687416	0.1470968070994115	20	MAX	10000
42	MAX	Single best mono PWM	mono	0.8956154186052018	0.8892363480838157	0.8608015164539937	0.8970726278841259	0.8978638973920323	0.8598502056621746	0.8608015164539937	0.8608015164539937	0.8608015164539937	0.0	0.8892363480838157	0.8892363480838157	0.8892363480838157	0.0041997278351704	0.8956154186052018	0.8956154186052018	0.8956154186052018	0.0026080000701724	0.3941668621238268	0.4490968831687416	0.1470968070994115	0.3998022751531029	0.5072778269235289	0.1337483123800904	0.1470968070994115	0.1470968070994115	0.1470968070994115	0.0	0.4490968831687416	0.4490968831687416	0.4490968831687416	0.0115356882865646	0.3941668621238268	0.3941668621238268	0.3941668621238268	0.0088562956230961	0.8892363480838157	0.8608015164539937	0.4490968831687416	0.1470968070994115	20	MAX	10000
42	MAX	BaggingClassifier_LogisticRegression	mono	0.8956154186052018	0.8892363480838157	0.8608015164539937	0.8970726278841259	0.8978638973920323	0.8598502056621746	0.8681559307740372	0.8681559307740372	0.8681559307740372	0.0	0.9118533503879908	0.9119209866689204	0.9127244017391072	0.0041997278351704	0.9176453300541014	0.917564201058332	0.91771028459434	0.0026080000701724	0.3941668621238268	0.4490968831687416	0.1470968070994115	0.3998022751531029	0.5072778269235289	0.1337483123800904	0.1610037640766626	0.1610037640766626	0.1610037640766626	0.0	0.5123612791214591	0.5134567304851457	0.5113110059429	0.0115356882865646	0.4468266732824156	0.448050869036242	0.4470136520250622	0.0088562956230961	0.8892363480838157	0.8608015164539937	0.4490968831687416	0.1470968070994115	20	MAX	10000
21	MAX	Single best di PWM	di	0.8956154186052018	0.8892363480838157	0.8608015164539937	0.8970726278841259	0.8978638973920323	0.8598502056621746	0.8598502056621746	0.8598502056621746	0.8598502056621746	0.0	0.8978638973920323	0.8978638973920323	0.8978638973920323	0.0	0.8970726278841259	0.8970726278841259	0.8970726278841259	0.0	0.3941668621238268	0.4490968831687416	0.1470968070994115	0.3998022751531029	0.5072778269235289	0.1337483123800904	0.1337483123800904	0.1337483123800904	0.1337483123800904	0.0	0.5072778269235289	0.5072778269235289	0.5072778269235289	0.0	0.3998022751531029	0.3998022751531029	0.3998022751531029	0.0	0.8892363480838157	0.8608015164539937	0.4490968831687416	0.1470968070994115	20	MAX	10000
21	MAX	BaggingClassifier_LogisticRegression	di	0.8956154186052018	0.8892363480838157	0.8608015164539937	0.8970726278841259	0.8978638973920323	0.8598502056621746	0.8658141424276	0.8658141424276	0.8658141424276	0.0	0.9112629611191888	0.9114345239138952	0.910155295872484	0.005046337767602	0.914188183518604	0.9141523322728335	0.9135057133477344	0.0024069944293962	0.3941668621238268	0.4490968831687416	0.1470968070994115	0.3998022751531029	0.5072778269235289	0.1337483123800904	0.1436640829610409	0.1436640829610409	0.1436640829610409	0.0	0.5340482399067484	0.5353454652517334	0.5434342070092957	0.0157755860758116	0.4396787328867713	0.4404157593016083	0.4401749020990158	0.008207615796139	0.8892363480838157	0.8608015164539937	0.4490968831687416	0.1470968070994115	20	MAX	10000
42	MAX	BaggingClassifier_LogisticRegression	mono+di	0.8956154186052018	0.8892363480838157	0.8608015164539937	0.8970726278841259	0.8978638973920323	0.8598502056621746	0.8737211697303897	0.8737211697303897	0.8737211697303897	0.0	0.9163608066937754	0.9166115012933724	0.915415109228806	0.0041027719686459	0.9223394398669366	0.9222852174515436	0.92262712833217	0.0022045079292466	0.3941668621238268	0.4490968831687416	0.1470968070994115	0.3998022751531029	0.5072778269235289	0.1337483123800904	0.1727532806059236	0.1727532806059236	0.1727532806059236	0.0	0.5404605873132184	0.5414573559571287	0.5421716557313981	0.0125204991666325	0.4661065895876067	0.4678192150265509	0.466877364388833	0.008526698443659	0.8892363480838157	0.8608015164539937	0.4490968831687416	0.1470968070994115	20	MAX	10000
110	MYC	Single best mono PWM	mono	0.8818548405905676	0.8924913912407535	0.8745789474851673	0.8874620145450947	0.8980845180329705	0.861960102639862	0.8745789474851673	0.8745789474851673	0.8745789474851673	0.0	0.8924913912407535	0.8924913912407535	0.8924913912407535	0.0032702306733175	0.8818548405905676	0.8818548405905676	0.8818548405905676	0.0047919893909221	0.3963173912834632	0.5366777692136409	0.1673442823597931	0.4210155888413301	0.6015623872967518	0.1636222044974628	0.1673442823597931	0.1673442823597931	0.1673442823597931	0.0	0.5366777692136409	0.5366777692136409	0.5366777692136409	0.0076766058770904	0.3963173912834632	0.3963173912834632	0.3963173912834632	0.0117640402440543	0.8924913912407535	0.8745789474851673	0.5366777692136409	0.1673442823597931	21	MYC	10000
110	MYC	RandomForestClassifier	mono	0.8818548405905676	0.8924913912407535	0.8745789474851673	0.8874620145450947	0.8980845180329705	0.861960102639862	0.886290464180629	0.886290464180629	0.886290464180629	0.0	0.9106959332946122	0.910760505853924	0.9112498060629044	0.0032702306733175	0.9215265296025896	0.9213868936314396	0.9196423554504914	0.0047919893909221	0.3963173912834632	0.5366777692136409	0.1673442823597931	0.4210155888413301	0.6015623872967518	0.1636222044974628	0.2129250552449008	0.2129250552449008	0.2129250552449008	0.0	0.6172295425519992	0.6205335010585638	0.6205143359885971	0.0076766058770904	0.5488054251645555	0.5488842134705192	0.5461455912673281	0.0117640402440543	0.8924913912407535	0.8745789474851673	0.5366777692136409	0.1673442823597931	21	MYC	10000
55	MYC	Single best di PWM	di	0.8818548405905676	0.8924913912407535	0.8745789474851673	0.8874620145450947	0.8980845180329705	0.861960102639862	0.861960102639862	0.861960102639862	0.861960102639862	0.0	0.8980845180329705	0.8980845180329705	0.8980845180329705	0.0	0.8874620145450947	0.8874620145450947	0.8874620145450947	0.0	0.3963173912834632	0.5366777692136409	0.1673442823597931	0.4210155888413301	0.6015623872967518	0.1636222044974628	0.1636222044974628	0.1636222044974628	0.1636222044974628	0.0	0.6015623872967518	0.6015623872967518	0.6015623872967518	0.0	0.4210155888413301	0.4210155888413301	0.4210155888413301	0.0	0.8924913912407535	0.8745789474851673	0.5366777692136409	0.1673442823597931	21	MYC	10000
55	MYC	RandomForestClassifier	di	0.8818548405905676	0.8924913912407535	0.8745789474851673	0.8874620145450947	0.8980845180329705	0.861960102639862	0.8871586545439347	0.8871586545439347	0.8871586545439347	0.0	0.9132151014637816	0.9126831234428534	0.9134838985522236	0.0023566771473614	0.9212923472164308	0.9205057824484278	0.9218436146294586	0.0040950833475357	0.3963173912834632	0.5366777692136409	0.1673442823597931	0.4210155888413301	0.6015623872967518	0.1636222044974628	0.2116450882592011	0.2116450882592011	0.2116450882592011	0.0	0.6284672302167095	0.6263539147655319	0.6267082970442177	0.007982320515283	0.5556177562522426	0.5562772773216806	0.5597578546179578	0.0103502666789354	0.8924913912407535	0.8745789474851673	0.5366777692136409	0.1673442823597931	21	MYC	10000
110	MYC	RandomForestClassifier	mono+di	0.8818548405905676	0.8924913912407535	0.8745789474851673	0.8874620145450947	0.8980845180329705	0.861960102639862	0.8883664413737618	0.8883664413737618	0.8883664413737618	0.0	0.914264906524805	0.9136904088265368	0.9145406312580628	0.0028196774545305	0.923717051261211	0.9234244453385326	0.9232564372082528	0.004256449858716	0.3963173912834632	0.5366777692136409	0.1673442823597931	0.4210155888413301	0.6015623872967518	0.1636222044974628	0.2141738017929962	0.2141738017929962	0.2141738017929962	0.0	0.6271401669598297	0.6269534936433263	0.6307718747638302	0.0088241418391109	0.5675363356605642	0.5640115960452647	0.5666982291994432	0.0108025401885108	0.8924913912407535	0.8745789474851673	0.5366777692136409	0.1673442823597931	21	MYC	10000
110	MYC	Single best mono PWM	mono	0.8818548405905676	0.8924913912407535	0.8745789474851673	0.8874620145450947	0.8980845180329705	0.861960102639862	0.8745789474851673	0.8745789474851673	0.8745789474851673	0.0	0.8924913912407535	0.8924913912407535	0.8924913912407535	0.0026533504184347	0.8818548405905676	0.8818548405905676	0.8818548405905676	0.0037250345205985	0.3963173912834632	0.5366777692136409	0.1673442823597931	0.4210155888413301	0.6015623872967518	0.1636222044974628	0.1673442823597931	0.1673442823597931	0.1673442823597931	0.0	0.5366777692136409	0.5366777692136409	0.5366777692136409	0.0071557256235183	0.3963173912834632	0.3963173912834632	0.3963173912834632	0.0108602498187476	0.8924913912407535	0.8745789474851673	0.5366777692136409	0.1673442823597931	21	MYC	10000
110	MYC	LogisticRegression	mono	0.8818548405905676	0.8924913912407535	0.8745789474851673	0.8874620145450947	0.8980845180329705	0.861960102639862	0.8943309904593573	0.8943309904593573	0.8943309904593573	0.0	0.9115950598231676	0.911592128150862	0.912340467857622	0.0026533504184347	0.9128152762366512	0.912827073967568	0.9126764246489176	0.0037250345205985	0.3963173912834632	0.5366777692136409	0.1673442823597931	0.4210155888413301	0.6015623872967518	0.1636222044974628	0.2329826659432601	0.2329826659432601	0.2329826659432601	0.0	0.6155973586669133	0.615822897612223	0.6175429231613495	0.0071557256235183	0.4720042417930263	0.4715700916562978	0.4747753358644089	0.0108602498187476	0.8924913912407535	0.8745789474851673	0.5366777692136409	0.1673442823597931	21	MYC	10000
55	MYC	Single best di PWM	di	0.8818548405905676	0.8924913912407535	0.8745789474851673	0.8874620145450947	0.8980845180329705	0.861960102639862	0.861960102639862	0.861960102639862	0.861960102639862	0.0	0.8980845180329705	0.8980845180329705	0.8980845180329705	0.0	0.8874620145450947	0.8874620145450947	0.8874620145450947	0.0	0.3963173912834632	0.5366777692136409	0.1673442823597931	0.4210155888413301	0.6015623872967518	0.1636222044974628	0.1636222044974628	0.1636222044974628	0.1636222044974628	0.0	0.6015623872967518	0.6015623872967518	0.6015623872967518	0.0	0.4210155888413301	0.4210155888413301	0.4210155888413301	0.0	0.8924913912407535	0.8745789474851673	0.5366777692136409	0.1673442823597931	21	MYC	10000
55	MYC	LogisticRegression	di	0.8818548405905676	0.8924913912407535	0.8745789474851673	0.8874620145450947	0.8980845180329705	0.861960102639862	0.889923049679306	0.889923049679306	0.889923049679306	0.0	0.9164025528230558	0.9164452914991472	0.9168581473178886	0.0022577393801183	0.9105001749227866	0.9104964469409274	0.9102538531862556	0.002696962315196	0.3963173912834632	0.5366777692136409	0.1673442823597931	0.4210155888413301	0.6015623872967518	0.1636222044974628	0.209759810712434	0.209759810712434	0.209759810712434	0.0	0.6280521433566767	0.6282402187743724	0.628904732705061	0.0091879770737529	0.4631179928715674	0.4629084658158365	0.4631835996858276	0.0089922085719315	0.8924913912407535	0.8745789474851673	0.5366777692136409	0.1673442823597931	21	MYC	10000
110	MYC	LogisticRegression	mono+di	0.8818548405905676	0.8924913912407535	0.8745789474851673	0.8874620145450947	0.8980845180329705	0.861960102639862	0.8944026680414149	0.8944026680414149	0.8944026680414149	0.0	0.9169811429196144	0.917040270696838	0.9170216317952196	0.0025733560380302	0.9188016015152908	0.9187853888858974	0.9180726141938496	0.0034138575275597	0.3963173912834632	0.5366777692136409	0.1673442823597931	0.4210155888413301	0.6015623872967518	0.1636222044974628	0.2355790171069378	0.2355790171069378	0.2355790171069378	0.0	0.6373022081960678	0.6377126457455847	0.637759105532982	0.0080431454533824	0.4984906147465432	0.4977658436677248	0.5001770931887587	0.0109359502162997	0.8924913912407535	0.8745789474851673	0.5366777692136409	0.1673442823597931	21	MYC	10000
110	MYC	Single best mono PWM	mono	0.8818548405905676	0.8924913912407535	0.8745789474851673	0.8874620145450947	0.8980845180329705	0.861960102639862	0.8745789474851673	0.8745789474851673	0.8745789474851673	0.0	0.8924913912407535	0.8924913912407535	0.8924913912407535	0.0038816572248732	0.8818548405905676	0.8818548405905676	0.8818548405905676	0.0059273671857072	0.3963173912834632	0.5366777692136409	0.1673442823597931	0.4210155888413301	0.6015623872967518	0.1636222044974628	0.1673442823597931	0.1673442823597931	0.1673442823597931	0.0	0.5366777692136409	0.5366777692136409	0.5366777692136409	0.0105498507866372	0.3963173912834632	0.3963173912834632	0.3963173912834632	0.018246749209259	0.8924913912407535	0.8745789474851673	0.5366777692136409	0.1673442823597931	21	MYC	10000
110	MYC	XGBClassifier	mono	0.8818548405905676	0.8924913912407535	0.8745789474851673	0.8874620145450947	0.8980845180329705	0.861960102639862	0.8869696549389876	0.8869696549389876	0.8869696549389876	0.0	0.915349324249594	0.9138518378800914	0.9147601572758016	0.0038816572248732	0.949616788346962	0.9490273720291356	0.9479925255095514	0.0059273671857072	0.3963173912834632	0.5366777692136409	0.1673442823597931	0.4210155888413301	0.6015623872967518	0.1636222044974628	0.1966749432780606	0.1966749432780606	0.1966749432780606	0.0	0.6229546352713095	0.624310226182423	0.6216287936864561	0.0105498507866372	0.6510085144709348	0.6421666633510499	0.638048578823026	0.018246749209259	0.8924913912407535	0.8745789474851673	0.5366777692136409	0.1673442823597931	21	MYC	10000
55	MYC	Single best di PWM	di	0.8818548405905676	0.8924913912407535	0.8745789474851673	0.8874620145450947	0.8980845180329705	0.861960102639862	0.861960102639862	0.861960102639862	0.861960102639862	0.0	0.8980845180329705	0.8980845180329705	0.8980845180329705	0.0	0.8874620145450947	0.8874620145450947	0.8874620145450947	0.0	0.3963173912834632	0.5366777692136409	0.1673442823597931	0.4210155888413301	0.6015623872967518	0.1636222044974628	0.1636222044974628	0.1636222044974628	0.1636222044974628	0.0	0.6015623872967518	0.6015623872967518	0.6015623872967518	0.0	0.4210155888413301	0.4210155888413301	0.4210155888413301	0.0	0.8924913912407535	0.8745789474851673	0.5366777692136409	0.1673442823597931	21	MYC	10000
55	MYC	XGBClassifier	di	0.8818548405905676	0.8924913912407535	0.8745789474851673	0.8874620145450947	0.8980845180329705	0.861960102639862	0.8898287031920489	0.8898287031920489	0.8898287031920489	0.0	0.914695220778835	0.9144218984384126	0.9149280511059934	0.0022533260408129	0.9474356644592236	0.945838159579932	0.9469180173074184	0.0059094947721508	0.3963173912834632	0.5366777692136409	0.1673442823597931	0.4210155888413301	0.6015623872967518	0.1636222044974628	0.215748791916166	0.215748791916166	0.215748791916166	0.0	0.6303517174150541	0.6291223554794663	0.6293690610658135	0.0068834175328041	0.6521871938066273	0.6484569769262147	0.6542830483594674	0.0173331535792375	0.8924913912407535	0.8745789474851673	0.5366777692136409	0.1673442823597931	21	MYC	10000
110	MYC	XGBClassifier	mono+di	0.8818548405905676	0.8924913912407535	0.8745789474851673	0.8874620145450947	0.8980845180329705	0.861960102639862	0.8927223680637749	0.8927223680637749	0.8927223680637749	0.0	0.9164585606068476	0.9142864342922864	0.9142263813349194	0.0034637457879374	0.9531545727290076	0.9522838690796138	0.9519835584475302	0.0053530903107266	0.3963173912834632	0.5366777692136409	0.1673442823597931	0.4210155888413301	0.6015623872967518	0.1636222044974628	0.2139481749439923	0.2139481749439923	0.2139481749439923	0.0	0.6354917783194143	0.6277369608533709	0.6337283313156473	0.0092778353371116	0.6725286918780494	0.6787159801513916	0.6767086671127613	0.0158477357902831	0.8924913912407535	0.8745789474851673	0.5366777692136409	0.1673442823597931	21	MYC	10000
110	MYC	Single best mono PWM	mono	0.8818548405905676	0.8924913912407535	0.8745789474851673	0.8874620145450947	0.8980845180329705	0.861960102639862	0.8745789474851673	0.8745789474851673	0.8745789474851673	0.0	0.8924913912407535	0.8924913912407535	0.8924913912407535	0.0032067858321243	0.8818548405905676	0.8818548405905676	0.8818548405905676	0.0056514921424733	0.3963173912834632	0.5366777692136409	0.1673442823597931	0.4210155888413301	0.6015623872967518	0.1636222044974628	0.1673442823597931	0.1673442823597931	0.1673442823597931	0.0	0.5366777692136409	0.5366777692136409	0.5366777692136409	0.0068449821716333	0.3963173912834632	0.3963173912834632	0.3963173912834632	0.0163420480749178	0.8924913912407535	0.8745789474851673	0.5366777692136409	0.1673442823597931	21	MYC	10000
110	MYC	BaggingClassifier_XGBClassifier	mono	0.8818548405905676	0.8924913912407535	0.8745789474851673	0.8874620145450947	0.8980845180329705	0.861960102639862	0.8932856655665811	0.8932856655665811	0.8932856655665811	0.0	0.9186810433027331	0.9172845950546072	0.9181444493766718	0.0032067858321243	0.9557440685273269	0.9545222134352108	0.9540361905676552	0.0056514921424733	0.3963173912834632	0.5366777692136409	0.1673442823597931	0.4210155888413301	0.6015623872967518	0.1636222044974628	0.2269675253857845	0.2269675253857845	0.2269675253857845	0.0	0.6358306290800253	0.6353344101615309	0.6333010831537339	0.0068449821716333	0.6598054640951156	0.6578611236139784	0.6524364898395768	0.0163420480749178	0.8924913912407535	0.8745789474851673	0.5366777692136409	0.1673442823597931	21	MYC	10000
55	MYC	Single best di PWM	di	0.8818548405905676	0.8924913912407535	0.8745789474851673	0.8874620145450947	0.8980845180329705	0.861960102639862	0.861960102639862	0.861960102639862	0.861960102639862	0.0	0.8980845180329705	0.8980845180329705	0.8980845180329705	0.0	0.8874620145450947	0.8874620145450947	0.8874620145450947	0.0	0.3963173912834632	0.5366777692136409	0.1673442823597931	0.4210155888413301	0.6015623872967518	0.1636222044974628	0.1636222044974628	0.1636222044974628	0.1636222044974628	0.0	0.6015623872967518	0.6015623872967518	0.6015623872967518	0.0	0.4210155888413301	0.4210155888413301	0.4210155888413301	0.0	0.8924913912407535	0.8745789474851673	0.5366777692136409	0.1673442823597931	21	MYC	10000
55	MYC	BaggingClassifier_XGBClassifier	di	0.8818548405905676	0.8924913912407535	0.8745789474851673	0.8874620145450947	0.8980845180329705	0.861960102639862	0.8922144271401944	0.8922144271401944	0.8922144271401944	0.0	0.9169558789372988	0.916672532902623	0.9166995148118554	0.0023429595301652	0.9540157737947996	0.9530987595025878	0.9540961364685138	0.0052012064312835	0.3963173912834632	0.5366777692136409	0.1673442823597931	0.4210155888413301	0.6015623872967518	0.1636222044974628	0.2124202086764006	0.2124202086764006	0.2124202086764006	0.0	0.6312159309314694	0.6372316940657969	0.6427152168229558	0.0074335668037667	0.6658870006430895	0.6655596332826307	0.6676140889631429	0.0148604683149963	0.8924913912407535	0.8745789474851673	0.5366777692136409	0.1673442823597931	21	MYC	10000
110	MYC	BaggingClassifier_XGBClassifier	mono+di	0.8818548405905676	0.8924913912407535	0.8745789474851673	0.8874620145450947	0.8980845180329705	0.861960102639862	0.896695169813891	0.896695169813891	0.896695169813891	0.0	0.9203697897796952	0.9199500315359892	0.9209342524644196	0.0029467429536385	0.9594824161960832	0.9587653464895232	0.9584585985704314	0.0055475606051826	0.3963173912834632	0.5366777692136409	0.1673442823597931	0.4210155888413301	0.6015623872967518	0.1636222044974628	0.2298780204696611	0.2298780204696611	0.2298780204696611	0.0	0.640962262866324	0.6422571332158002	0.6463131851853636	0.0083500180995318	0.6895219309288548	0.6879370667974479	0.6860119025101705	0.0158870538168686	0.8924913912407535	0.8745789474851673	0.5366777692136409	0.1673442823597931	21	MYC	10000
110	MYC	Single best mono PWM	mono	0.8818548405905676	0.8924913912407535	0.8745789474851673	0.8874620145450947	0.8980845180329705	0.861960102639862	0.8745789474851673	0.8745789474851673	0.8745789474851673	0.0	0.8924913912407535	0.8924913912407535	0.8924913912407535	0.002601887489033	0.8818548405905676	0.8818548405905676	0.8818548405905676	0.0037079095730281	0.3963173912834632	0.5366777692136409	0.1673442823597931	0.4210155888413301	0.6015623872967518	0.1636222044974628	0.1673442823597931	0.1673442823597931	0.1673442823597931	0.0	0.5366777692136409	0.5366777692136409	0.5366777692136409	0.0079799221045746	0.3963173912834632	0.3963173912834632	0.3963173912834632	0.011150514121761	0.8924913912407535	0.8745789474851673	0.5366777692136409	0.1673442823597931	21	MYC	10000
110	MYC	BaggingClassifier_LogisticRegression	mono	0.8818548405905676	0.8924913912407535	0.8745789474851673	0.8874620145450947	0.8980845180329705	0.861960102639862	0.894396918177126	0.894396918177126	0.894396918177126	0.0	0.9117589045833436	0.9114533538083256	0.912346532821744	0.002601887489033	0.9127924521701029	0.9128045820347772	0.912822141670204	0.0037079095730281	0.3963173912834632	0.5366777692136409	0.1673442823597931	0.4210155888413301	0.6015623872967518	0.1636222044974628	0.2323676567484694	0.2323676567484694	0.2323676567484694	0.0	0.6157524457824997	0.6156790159384589	0.6179906351507224	0.0079799221045746	0.4719682293376294	0.4716420941238818	0.4754965665586571	0.011150514121761	0.8924913912407535	0.8745789474851673	0.5366777692136409	0.1673442823597931	21	MYC	10000
55	MYC	Single best di PWM	di	0.8818548405905676	0.8924913912407535	0.8745789474851673	0.8874620145450947	0.8980845180329705	0.861960102639862	0.861960102639862	0.861960102639862	0.861960102639862	0.0	0.8980845180329705	0.8980845180329705	0.8980845180329705	0.0	0.8874620145450947	0.8874620145450947	0.8874620145450947	0.0	0.3963173912834632	0.5366777692136409	0.1673442823597931	0.4210155888413301	0.6015623872967518	0.1636222044974628	0.1636222044974628	0.1636222044974628	0.1636222044974628	0.0	0.6015623872967518	0.6015623872967518	0.6015623872967518	0.0	0.4210155888413301	0.4210155888413301	0.4210155888413301	0.0	0.8924913912407535	0.8745789474851673	0.5366777692136409	0.1673442823597931	21	MYC	10000
55	MYC	BaggingClassifier_LogisticRegression	di	0.8818548405905676	0.8924913912407535	0.8745789474851673	0.8874620145450947	0.8980845180329705	0.861960102639862	0.8901630651943708	0.8901630651943708	0.8901630651943708	0.0	0.9166766207551168	0.916434001293258	0.9167607035609964	0.0023085292783235	0.910604174470461	0.910480911948172	0.910300623984814	0.0027030915313664	0.3963173912834632	0.5366777692136409	0.1673442823597931	0.4210155888413301	0.6015623872967518	0.1636222044974628	0.2101193944611662	0.2101193944611662	0.2101193944611662	0.0	0.6279520117306325	0.6284092422795263	0.6293113719201466	0.0093890261099503	0.4628060566312206	0.463013350358447	0.4629836840406928	0.0091070219682002	0.8924913912407535	0.8745789474851673	0.5366777692136409	0.1673442823597931	21	MYC	10000
110	MYC	BaggingClassifier_LogisticRegression	mono+di	0.8818548405905676	0.8924913912407535	0.8745789474851673	0.8874620145450947	0.8980845180329705	0.861960102639862	0.8946818278670696	0.8946818278670696	0.8946818278670696	0.0	0.9173362975135234	0.9169807290332724	0.9169606676743792	0.002520943897324	0.9188659208006164	0.9187941511308574	0.9181590362360744	0.0034099028939884	0.3963173912834632	0.5366777692136409	0.1673442823597931	0.4210155888413301	0.6015623872967518	0.1636222044974628	0.234975356652219	0.234975356652219	0.234975356652219	0.0	0.637633887399811	0.6377362235802326	0.6373892586216137	0.0081350153049446	0.4982609239924994	0.4979736279594736	0.5012436970691964	0.0109497094015588	0.8924913912407535	0.8745789474851673	0.5366777692136409	0.1673442823597931	21	MYC	10000
48	P53	Single best mono PWM	mono	0.8736509260231259	0.8879167284958204	0.8065754518453041	0.8808766316761512	0.9245406093881388	0.8371902924876455	0.8065754518453041	0.8065754518453041	0.8065754518453041	0.0	0.8879167284958204	0.8879167284958204	0.8879167284958204	0.0165079844172637	0.8736509260231259	0.8736509260231259	0.8736509260231259	0.0189481809801206	0.434653330389652	0.3409618674656071	0.5392436981111457	0.4460238334423736	0.3606703726664809	0.5436966313124825	0.5392436981111457	0.5392436981111457	0.5392436981111457	0.0	0.3409618674656071	0.3409618674656071	0.3409618674656071	0.0629192084923017	0.434653330389652	0.434653330389652	0.434653330389652	0.0404342190267785	0.8879167284958204	0.8065754518453041	0.3409618674656071	0.5392436981111457	23	P53	662
48	P53	RandomForestClassifier	mono	0.8736509260231259	0.8879167284958204	0.8065754518453041	0.8808766316761512	0.9245406093881388	0.8371902924876455	0.8488030942104505	0.8488030942104505	0.8488030942104505	0.0	0.9201536248371832	0.9314797422422224	0.9283393759165716	0.0165079844172637	0.907333011680662	0.9137031930660936	0.9123879307777082	0.0189481809801206	0.434653330389652	0.3409618674656071	0.5392436981111457	0.4460238334423736	0.3606703726664809	0.5436966313124825	0.5381049433334997	0.5381049433334997	0.5381049433334997	0.0	0.5827622725633951	0.580453842394489	0.5536088105553172	0.0629192084923017	0.7371745440453585	0.7366668066626553	0.742766397388715	0.0404342190267785	0.8879167284958204	0.8065754518453041	0.3409618674656071	0.5392436981111457	23	P53	662
26	P53	Single best di PWM	di	0.8736509260231259	0.8879167284958204	0.8065754518453041	0.8808766316761512	0.9245406093881388	0.8371902924876455	0.8371902924876455	0.8371902924876455	0.8371902924876455	0.0	0.9245406093881388	0.9245406093881388	0.9245406093881388	0.0	0.8808766316761512	0.8808766316761512	0.8808766316761512	0.0	0.434653330389652	0.3409618674656071	0.5392436981111457	0.4460238334423736	0.3606703726664809	0.5436966313124825	0.5436966313124825	0.5436966313124825	0.5436966313124825	0.0	0.3606703726664809	0.3606703726664809	0.3606703726664809	0.0	0.4460238334423736	0.4460238334423736	0.4460238334423736	0.0	0.8879167284958204	0.8065754518453041	0.3409618674656071	0.5392436981111457	23	P53	662
26	P53	RandomForestClassifier	di	0.8736509260231259	0.8879167284958204	0.8065754518453041	0.8808766316761512	0.9245406093881388	0.8371902924876455	0.8580536230381539	0.8580536230381539	0.8580536230381539	0.0	0.9249831000313268	0.935395829521794	0.9365552037989712	0.0195048270363186	0.9041794591340476	0.9156918183357392	0.9239311351383552	0.028307989202755	0.434653330389652	0.3409618674656071	0.5392436981111457	0.4460238334423736	0.3606703726664809	0.5436966313124825	0.5129522615167198	0.5129522615167198	0.5129522615167198	0.0	0.6067763320430486	0.6249765071240451	0.6051919732843322	0.0506248439031827	0.7383919913848661	0.7431886939792376	0.7342502173320781	0.0430808200076275	0.8879167284958204	0.8065754518453041	0.3409618674656071	0.5392436981111457	23	P53	662
48	P53	RandomForestClassifier	mono+di	0.8736509260231259	0.8879167284958204	0.8065754518453041	0.8808766316761512	0.9245406093881388	0.8371902924876455	0.8662581552234354	0.8662581552234354	0.8662581552234354	0.0	0.9315040147730456	0.9287106729915352	0.9285583346912172	0.0195357485858381	0.9138696814285444	0.9127695978562926	0.905768325737944	0.0175654287094009	0.434653330389652	0.3409618674656071	0.5392436981111457	0.4460238334423736	0.3606703726664809	0.5436966313124825	0.5191393699078622	0.5191393699078622	0.5191393699078622	0.0	0.5963734109923791	0.6098872615277166	0.6261973290057118	0.0688986329118551	0.7540786376046118	0.758933181972019	0.7569881872511603	0.0375544532871354	0.8879167284958204	0.8065754518453041	0.3409618674656071	0.5392436981111457	23	P53	662
48	P53	Single best mono PWM	mono	0.8736509260231259	0.8879167284958204	0.8065754518453041	0.8808766316761512	0.9245406093881388	0.8371902924876455	0.8065754518453041	0.8065754518453041	0.8065754518453041	0.0	0.8879167284958204	0.8879167284958204	0.8879167284958204	0.0220803788205914	0.8736509260231259	0.8736509260231259	0.8736509260231259	0.0198123832708431	0.434653330389652	0.3409618674656071	0.5392436981111457	0.4460238334423736	0.3606703726664809	0.5436966313124825	0.5392436981111457	0.5392436981111457	0.5392436981111457	0.0	0.3409618674656071	0.3409618674656071	0.3409618674656071	0.0649487594680628	0.434653330389652	0.434653330389652	0.434653330389652	0.0532607986158443	0.8879167284958204	0.8065754518453041	0.3409618674656071	0.5392436981111457	23	P53	662
48	P53	LogisticRegression	mono	0.8736509260231259	0.8879167284958204	0.8065754518453041	0.8808766316761512	0.9245406093881388	0.8371902924876455	0.8416695131511219	0.8416695131511219	0.8416695131511219	0.0	0.9244126230400158	0.9243735967547704	0.9084388603086664	0.0220803788205914	0.9020693889515972	0.9020564064012544	0.903025645608078	0.0198123832708431	0.434653330389652	0.3409618674656071	0.5392436981111457	0.4460238334423736	0.3606703726664809	0.5436966313124825	0.5051346829288688	0.5051346829288688	0.5051346829288688	0.0	0.5718414354016571	0.5771639287872546	0.5696235156238029	0.0649487594680628	0.4975749274802142	0.4984747171218411	0.494134088451342	0.0532607986158443	0.8879167284958204	0.8065754518453041	0.3409618674656071	0.5392436981111457	23	P53	662
26	P53	Single best di PWM	di	0.8736509260231259	0.8879167284958204	0.8065754518453041	0.8808766316761512	0.9245406093881388	0.8371902924876455	0.8371902924876455	0.8371902924876455	0.8371902924876455	0.0	0.9245406093881388	0.9245406093881388	0.9245406093881388	0.0	0.8808766316761512	0.8808766316761512	0.8808766316761512	0.0	0.434653330389652	0.3409618674656071	0.5392436981111457	0.4460238334423736	0.3606703726664809	0.5436966313124825	0.5436966313124825	0.5436966313124825	0.5436966313124825	0.0	0.3606703726664809	0.3606703726664809	0.3606703726664809	0.0	0.4460238334423736	0.4460238334423736	0.4460238334423736	0.0	0.8879167284958204	0.8065754518453041	0.3409618674656071	0.5392436981111457	23	P53	662
26	P53	LogisticRegression	di	0.8736509260231259	0.8879167284958204	0.8065754518453041	0.8808766316761512	0.9245406093881388	0.8371902924876455	0.8549189070227228	0.8549189070227228	0.8549189070227228	0.0	0.9446223063098712	0.9446057385927882	0.949812030075188	0.0195822638896296	0.905539212666752	0.905348063457758	0.9036630625800494	0.025182748632872	0.434653330389652	0.3409618674656071	0.5392436981111457	0.4460238334423736	0.3606703726664809	0.5436966313124825	0.5427221332575434	0.5427221332575434	0.5427221332575434	0.0	0.6098665189485524	0.6077485356898313	0.6022289811365015	0.0509376368969031	0.5481130527646592	0.5491987646439354	0.5476892178186312	0.0498605925833892	0.8879167284958204	0.8065754518453041	0.3409618674656071	0.5392436981111457	23	P53	662
48	P53	LogisticRegression	mono+di	0.8736509260231259	0.8879167284958204	0.8065754518453041	0.8808766316761512	0.9245406093881388	0.8371902924876455	0.8536777670466223	0.8536777670466223	0.8536777670466223	0.0	0.9415397108044384	0.941982733828711	0.9402948159873368	0.0186144749408305	0.912327868641048	0.9117106252985696	0.907217108986388	0.0247909881643065	0.434653330389652	0.3409618674656071	0.5392436981111457	0.4460238334423736	0.3606703726664809	0.5436966313124825	0.541863073690293	0.541863073690293	0.541863073690293	0.0	0.6045761800606404	0.6100922169000249	0.6147463762619856	0.0557537261212858	0.5679951807255904	0.5715562531326691	0.540922774617434	0.0525443789668503	0.8879167284958204	0.8065754518453041	0.3409618674656071	0.5392436981111457	23	P53	662
48	P53	Single best mono PWM	mono	0.8736509260231259	0.8879167284958204	0.8065754518453041	0.8808766316761512	0.9245406093881388	0.8371902924876455	0.8065754518453041	0.8065754518453041	0.8065754518453041	0.0	0.8879167284958204	0.8879167284958204	0.8879167284958204	0.0283921721611811	0.8736509260231259	0.8736509260231259	0.8736509260231259	0.0024317492354602	0.434653330389652	0.3409618674656071	0.5392436981111457	0.4460238334423736	0.3606703726664809	0.5436966313124825	0.5392436981111457	0.5392436981111457	0.5392436981111457	0.0	0.3409618674656071	0.3409618674656071	0.3409618674656071	0.0596453292821404	0.434653330389652	0.434653330389652	0.434653330389652	0.0480253358762122	0.8879167284958204	0.8065754518453041	0.3409618674656071	0.5392436981111457	23	P53	662
48	P53	XGBClassifier	mono	0.8736509260231259	0.8879167284958204	0.8065754518453041	0.8808766316761512	0.9245406093881388	0.8371902924876455	0.8531469022428115	0.8531469022428115	0.8531469022428115	0.0	0.9257728644210318	0.9204987248780648	0.9305599525128612	0.0283921721611811	0.9985802357899382	0.9974218538177836	0.9985988740952552	0.0024317492354602	0.434653330389652	0.3409618674656071	0.5392436981111457	0.4460238334423736	0.3606703726664809	0.5436966313124825	0.5247412685760504	0.5247412685760504	0.5247412685760504	0.0	0.5835659823254836	0.574270162701799	0.5634495563715946	0.0596453292821404	0.9425599486023654	0.9236384692009336	0.9367662162531274	0.0480253358762122	0.8879167284958204	0.8065754518453041	0.3409618674656071	0.5392436981111457	23	P53	662
26	P53	Single best di PWM	di	0.8736509260231259	0.8879167284958204	0.8065754518453041	0.8808766316761512	0.9245406093881388	0.8371902924876455	0.8371902924876455	0.8371902924876455	0.8371902924876455	0.0	0.9245406093881388	0.9245406093881388	0.9245406093881388	0.0	0.8808766316761512	0.8808766316761512	0.8808766316761512	0.0	0.434653330389652	0.3409618674656071	0.5392436981111457	0.4460238334423736	0.3606703726664809	0.5436966313124825	0.5436966313124825	0.5436966313124825	0.5436966313124825	0.0	0.3606703726664809	0.3606703726664809	0.3606703726664809	0.0	0.4460238334423736	0.4460238334423736	0.4460238334423736	0.0	0.8879167284958204	0.8065754518453041	0.3409618674656071	0.5392436981111457	23	P53	662
26	P53	XGBClassifier	di	0.8736509260231259	0.8879167284958204	0.8065754518453041	0.8808766316761512	0.9245406093881388	0.8371902924876455	0.857327360263077	0.857327360263077	0.857327360263077	0.0	0.9396936983726568	0.931839106517326	0.9378360762587584	0.0190608462198152	0.9983834730643406	0.9964119819510444	0.9975384981979568	0.0033233970470423	0.434653330389652	0.3409618674656071	0.5392436981111457	0.4460238334423736	0.3606703726664809	0.5436966313124825	0.4745479562272486	0.4745479562272486	0.4745479562272486	0.0	0.5988587036049574	0.6002992648991539	0.5783669047797039	0.0659283034305137	0.917515119316925	0.9031683286052036	0.9195882622920286	0.0509621215459877	0.8879167284958204	0.8065754518453041	0.3409618674656071	0.5392436981111457	23	P53	662
48	P53	XGBClassifier	mono+di	0.8736509260231259	0.8879167284958204	0.8065754518453041	0.8808766316761512	0.9245406093881388	0.8371902924876455	0.8435918814261887	0.8435918814261887	0.8435918814261887	0.0	0.9255898501261316	0.9244311683389626	0.9314336326430884	0.0249546809981915	0.9993173632798256	0.99872753227406	0.9989795371280492	0.0012987449271348	0.434653330389652	0.3409618674656071	0.5392436981111457	0.4460238334423736	0.3606703726664809	0.5436966313124825	0.5065927394398236	0.5065927394398236	0.5065927394398236	0.0	0.5942731805098099	0.5839063790383717	0.5562666083485325	0.049237605735117	0.9597311663408858	0.9410920751207488	0.9560791055464142	0.0496091596739031	0.8879167284958204	0.8065754518453041	0.3409618674656071	0.5392436981111457	23	P53	662
48	P53	Single best mono PWM	mono	0.8736509260231259	0.8879167284958204	0.8065754518453041	0.8808766316761512	0.9245406093881388	0.8371902924876455	0.8065754518453041	0.8065754518453041	0.8065754518453041	0.0	0.8879167284958204	0.8879167284958204	0.8879167284958204	0.0291410140117526	0.8736509260231259	0.8736509260231259	0.8736509260231259	0.000542851519461	0.434653330389652	0.3409618674656071	0.5392436981111457	0.4460238334423736	0.3606703726664809	0.5436966313124825	0.5392436981111457	0.5392436981111457	0.5392436981111457	0.0	0.3409618674656071	0.3409618674656071	0.3409618674656071	0.0488940294833973	0.434653330389652	0.434653330389652	0.434653330389652	0.0280338614465462	0.8879167284958204	0.8065754518453041	0.3409618674656071	0.5392436981111457	23	P53	662
48	P53	BaggingClassifier_XGBClassifier	mono	0.8736509260231259	0.8879167284958204	0.8065754518453041	0.8808766316761512	0.9245406093881388	0.8371902924876455	0.8410663494609867	0.8410663494609867	0.8410663494609867	0.0	0.9251529241067749	0.9175396093879944	0.9354580821248166	0.0291410140117526	0.9994112749828944	0.9991547486466572	0.9993107259470444	0.000542851519461	0.434653330389652	0.3409618674656071	0.5392436981111457	0.4460238334423736	0.3606703726664809	0.5436966313124825	0.5504098708164442	0.5504098708164442	0.5504098708164442	0.0	0.5761572765500268	0.5842714655223663	0.5625894570826377	0.0488940294833973	0.9466641439224448	0.9363792354468008	0.9452478309548924	0.0280338614465462	0.8879167284958204	0.8065754518453041	0.3409618674656071	0.5392436981111457	23	P53	662
26	P53	Single best di PWM	di	0.8736509260231259	0.8879167284958204	0.8065754518453041	0.8808766316761512	0.9245406093881388	0.8371902924876455	0.8371902924876455	0.8371902924876455	0.8371902924876455	0.0	0.9245406093881388	0.9245406093881388	0.9245406093881388	0.0	0.8808766316761512	0.8808766316761512	0.8808766316761512	0.0	0.434653330389652	0.3409618674656071	0.5392436981111457	0.4460238334423736	0.3606703726664809	0.5436966313124825	0.5436966313124825	0.5436966313124825	0.5436966313124825	0.0	0.3606703726664809	0.3606703726664809	0.3606703726664809	0.0	0.4460238334423736	0.4460238334423736	0.4460238334423736	0.0	0.8879167284958204	0.8065754518453041	0.3409618674656071	0.5392436981111457	23	P53	662
26	P53	BaggingClassifier_XGBClassifier	di	0.8736509260231259	0.8879167284958204	0.8065754518453041	0.8808766316761512	0.9245406093881388	0.8371902924876455	0.8596456172324167	0.8596456172324167	0.8596456172324167	0.0	0.9324728776112512	0.935300934008568	0.9504357298474944	0.023703618019465	0.999213901648044	0.9986207755969037	0.9989300926339618	0.0008897789243158	0.434653330389652	0.3409618674656071	0.5392436981111457	0.4460238334423736	0.3606703726664809	0.5436966313124825	0.4684400815929502	0.4684400815929502	0.4684400815929502	0.0	0.6043212071534837	0.6085770656687973	0.5753007603173239	0.0684903069386741	0.930540570884552	0.9213138414671346	0.9229312189048466	0.0275384466106964	0.8879167284958204	0.8065754518453041	0.3409618674656071	0.5392436981111457	23	P53	662
48	P53	BaggingClassifier_XGBClassifier	mono+di	0.8736509260231259	0.8879167284958204	0.8065754518453041	0.8808766316761512	0.9245406093881388	0.8371902924876455	0.8506640766386382	0.8506640766386382	0.8506640766386382	0.0	0.9274772880908806	0.9327654395897116	0.9309312367606322	0.0179298614121227	0.9996122142757804	0.999402213185318	0.9995442766508802	0.0003971974742145	0.434653330389652	0.3409618674656071	0.5392436981111457	0.4460238334423736	0.3606703726664809	0.5436966313124825	0.5354488765343305	0.5354488765343305	0.5354488765343305	0.0	0.6071755941511344	0.6214280046331746	0.6009027139348845	0.0562042835730431	0.963167342394681	0.9565379523162784	0.9630880517432636	0.0235764210526909	0.8879167284958204	0.8065754518453041	0.3409618674656071	0.5392436981111457	23	P53	662
48	P53	Single best mono PWM	mono	0.8736509260231259	0.8879167284958204	0.8065754518453041	0.8808766316761512	0.9245406093881388	0.8371902924876455	0.8065754518453041	0.8065754518453041	0.8065754518453041	0.0	0.8879167284958204	0.8879167284958204	0.8879167284958204	0.0226387233440025	0.8736509260231259	0.8736509260231259	0.8736509260231259	0.019987164414253	0.434653330389652	0.3409618674656071	0.5392436981111457	0.4460238334423736	0.3606703726664809	0.5436966313124825	0.5392436981111457	0.5392436981111457	0.5392436981111457	0.0	0.3409618674656071	0.3409618674656071	0.3409618674656071	0.065978049430273	0.434653330389652	0.434653330389652	0.434653330389652	0.0540290939333828	0.8879167284958204	0.8065754518453041	0.3409618674656071	0.5392436981111457	23	P53	662
48	P53	BaggingClassifier_LogisticRegression	mono	0.8736509260231259	0.8879167284958204	0.8065754518453041	0.8808766316761512	0.9245406093881388	0.8371902924876455	0.8426798059661587	0.8426798059661587	0.8426798059661587	0.0	0.9253178018499284	0.9248403329698852	0.9095468935496636	0.0226387233440025	0.9027731527519156	0.9025191155292346	0.9043219253566854	0.019987164414253	0.434653330389652	0.3409618674656071	0.5392436981111457	0.4460238334423736	0.3606703726664809	0.5436966313124825	0.5095879334476966	0.5095879334476966	0.5095879334476966	0.0	0.5684748229586319	0.5770891050820819	0.5618921782710738	0.065978049430273	0.4968671254529567	0.4986739312345318	0.49435151252196	0.0540290939333828	0.8879167284958204	0.8065754518453041	0.3409618674656071	0.5392436981111457	23	P53	662
26	P53	Single best di PWM	di	0.8736509260231259	0.8879167284958204	0.8065754518453041	0.8808766316761512	0.9245406093881388	0.8371902924876455	0.8371902924876455	0.8371902924876455	0.8371902924876455	0.0	0.9245406093881388	0.9245406093881388	0.9245406093881388	0.0	0.8808766316761512	0.8808766316761512	0.8808766316761512	0.0	0.434653330389652	0.3409618674656071	0.5392436981111457	0.4460238334423736	0.3606703726664809	0.5436966313124825	0.5436966313124825	0.5436966313124825	0.5436966313124825	0.0	0.3606703726664809	0.3606703726664809	0.3606703726664809	0.0	0.4460238334423736	0.4460238334423736	0.4460238334423736	0.0	0.8879167284958204	0.8065754518453041	0.3409618674656071	0.5392436981111457	23	P53	662
26	P53	BaggingClassifier_LogisticRegression	di	0.8736509260231259	0.8879167284958204	0.8065754518453041	0.8808766316761512	0.9245406093881388	0.8371902924876455	0.8549801291740102	0.8549801291740102	0.8549801291740102	0.0	0.9445567674069676	0.9452254652734834	0.9515631183221211	0.0204805426313997	0.9061382447680436	0.9056259868106086	0.9027754445536592	0.0251229401229774	0.434653330389652	0.3409618674656071	0.5392436981111457	0.4460238334423736	0.3606703726664809	0.5436966313124825	0.5432128491135038	0.5432128491135038	0.5432128491135038	0.0	0.6095827095562794	0.608710895305762	0.6069095919227024	0.0486367634012214	0.5476774610680435	0.5499076092056361	0.5478298025128409	0.0509629269629108	0.8879167284958204	0.8065754518453041	0.3409618674656071	0.5392436981111457	23	P53	662
48	P53	BaggingClassifier_LogisticRegression	mono+di	0.8736509260231259	0.8879167284958204	0.8065754518453041	0.8808766316761512	0.9245406093881388	0.8371902924876455	0.8537890800489631	0.8537890800489631	0.8537890800489631	0.0	0.9416802690804768	0.9422683447176128	0.940344281757024	0.0189829823060586	0.9140298075989784	0.9122860681213196	0.908586066184136	0.0251913616070435	0.434653330389652	0.3409618674656071	0.5392436981111457	0.4460238334423736	0.3606703726664809	0.5436966313124825	0.5397211944964192	0.5397211944964192	0.5397211944964192	0.0	0.6038377596492923	0.6081207799509274	0.6016848573235736	0.0559418970299439	0.567656093262432	0.570293887361428	0.5431245327232338	0.0520661255223126	0.8879167284958204	0.8065754518453041	0.3409618674656071	0.5392436981111457	23	P53	662
17	PPARG	Single best mono PWM	mono	0.8908295525351525	0.8865259459192376	0.8682635952537061	0.8943951721851581	0.895876589252915	0.8672077500200711	0.8682635952537061	0.8682635952537061	0.8682635952537061	0.0	0.8865259459192376	0.8865259459192376	0.8865259459192376	0.0117427169129771	0.8908295525351525	0.8908295525351525	0.8908295525351525	0.0062074616284188	0.3055614671048225	0.2675307260896575	0.4214953332285007	0.3153156726054558	0.2620699081692281	0.4147504557240602	0.4214953332285007	0.4214953332285007	0.4214953332285007	0.0	0.2675307260896575	0.2675307260896575	0.2675307260896575	0.0176116406080256	0.3055614671048225	0.3055614671048225	0.3055614671048225	0.0136542424112089	0.8865259459192376	0.8682635952537061	0.2675307260896575	0.4214953332285007	24	PPARG	5435
17	PPARG	RandomForestClassifier	mono	0.8908295525351525	0.8865259459192376	0.8682635952537061	0.8943951721851581	0.895876589252915	0.8672077500200711	0.8692826372261999	0.8692826372261999	0.8692826372261999	0.0	0.888859291705616	0.8892195572304102	0.8878448984963643	0.0117427169129771	0.914330649973075	0.9126541252188088	0.9167992989348006	0.0062074616284188	0.3055614671048225	0.2675307260896575	0.4214953332285007	0.3153156726054558	0.2620699081692281	0.4147504557240602	0.4145136389045601	0.4145136389045601	0.4145136389045601	0.0	0.2683247016690748	0.2742439980379383	0.2673865285351677	0.0176116406080256	0.4471047797818496	0.449566821993046	0.4558727913923827	0.0136542424112089	0.8865259459192376	0.8682635952537061	0.2675307260896575	0.4214953332285007	24	PPARG	5435
11	PPARG	Single best di PWM	di	0.8908295525351525	0.8865259459192376	0.8682635952537061	0.8943951721851581	0.895876589252915	0.8672077500200711	0.8672077500200711	0.8672077500200711	0.8672077500200711	0.0	0.895876589252915	0.895876589252915	0.895876589252915	0.0	0.8943951721851581	0.8943951721851581	0.8943951721851581	0.0	0.3055614671048225	0.2675307260896575	0.4214953332285007	0.3153156726054558	0.2620699081692281	0.4147504557240602	0.4147504557240602	0.4147504557240602	0.4147504557240602	0.0	0.2620699081692281	0.2620699081692281	0.2620699081692281	0.0	0.3153156726054558	0.3153156726054558	0.3153156726054558	0.0	0.8865259459192376	0.8682635952537061	0.2675307260896575	0.4214953332285007	24	PPARG	5435
11	PPARG	RandomForestClassifier	di	0.8908295525351525	0.8865259459192376	0.8682635952537061	0.8943951721851581	0.895876589252915	0.8672077500200711	0.8765230653789352	0.8765230653789352	0.8765230653789352	0.0	0.9001098278225931	0.8998179666449219	0.8970318084440023	0.0106454264249454	0.9191876384426384	0.919131395867673	0.9203332469407384	0.0053398954618858	0.3055614671048225	0.2675307260896575	0.4214953332285007	0.3153156726054558	0.2620699081692281	0.4147504557240602	0.4292876448423677	0.4292876448423677	0.4292876448423677	0.0	0.2850649429108616	0.2864571769877004	0.2766083616514995	0.0210706982721515	0.4586883181046578	0.4619673599591621	0.4695687701350658	0.0141632686380431	0.8865259459192376	0.8682635952537061	0.2675307260896575	0.4214953332285007	24	PPARG	5435
17	PPARG	RandomForestClassifier	mono+di	0.8908295525351525	0.8865259459192376	0.8682635952537061	0.8943951721851581	0.895876589252915	0.8672077500200711	0.8780757521889633	0.8780757521889633	0.8780757521889633	0.0	0.900474086083749	0.9005204598531876	0.8988398839883988	0.0102908884852903	0.9216298074739918	0.9225506951880272	0.9248767834537476	0.0050557900650923	0.3055614671048225	0.2675307260896575	0.4214953332285007	0.3153156726054558	0.2620699081692281	0.4147504557240602	0.4337032294887245	0.4337032294887245	0.4337032294887245	0.0	0.2887501064902884	0.2950641989874388	0.2863496940190355	0.0201779215396338	0.4821798545892904	0.4812489380902117	0.489540726291371	0.0148433878221304	0.8865259459192376	0.8682635952537061	0.2675307260896575	0.4214953332285007	24	PPARG	5435
17	PPARG	Single best mono PWM	mono	0.8908295525351525	0.8865259459192376	0.8682635952537061	0.8943951721851581	0.895876589252915	0.8672077500200711	0.8682635952537061	0.8682635952537061	0.8682635952537061	0.0	0.8865259459192376	0.8865259459192376	0.8865259459192376	0.0100787112828114	0.8908295525351525	0.8908295525351525	0.8908295525351525	0.0062292277364596	0.3055614671048225	0.2675307260896575	0.4214953332285007	0.3153156726054558	0.2620699081692281	0.4147504557240602	0.4214953332285007	0.4214953332285007	0.4214953332285007	0.0	0.2675307260896575	0.2675307260896575	0.2675307260896575	0.0240007957652215	0.3055614671048225	0.3055614671048225	0.3055614671048225	0.0156567724853206	0.8865259459192376	0.8682635952537061	0.2675307260896575	0.4214953332285007	24	PPARG	5435
17	PPARG	LogisticRegression	mono	0.8908295525351525	0.8865259459192376	0.8682635952537061	0.8943951721851581	0.895876589252915	0.8672077500200711	0.8731900247630249	0.8731900247630249	0.8731900247630249	0.0	0.8898025362166015	0.8896064671250953	0.8925939141963891	0.0100787112828114	0.8963047483027811	0.8961984015482349	0.8988050114166881	0.0062292277364596	0.3055614671048225	0.2675307260896575	0.4214953332285007	0.3153156726054558	0.2620699081692281	0.4147504557240602	0.4226330302857202	0.4226330302857202	0.4226330302857202	0.0	0.2648523094059496	0.2667830583155202	0.2719868046537295	0.0240007957652215	0.3151122797653667	0.3153334648329083	0.3190399142517865	0.0156567724853206	0.8865259459192376	0.8682635952537061	0.2675307260896575	0.4214953332285007	24	PPARG	5435
11	PPARG	Single best di PWM	di	0.8908295525351525	0.8865259459192376	0.8682635952537061	0.8943951721851581	0.895876589252915	0.8672077500200711	0.8672077500200711	0.8672077500200711	0.8672077500200711	0.0	0.895876589252915	0.895876589252915	0.895876589252915	0.0	0.8943951721851581	0.8943951721851581	0.8943951721851581	0.0	0.3055614671048225	0.2675307260896575	0.4214953332285007	0.3153156726054558	0.2620699081692281	0.4147504557240602	0.4147504557240602	0.4147504557240602	0.4147504557240602	0.0	0.2620699081692281	0.2620699081692281	0.2620699081692281	0.0	0.3153156726054558	0.3153156726054558	0.3153156726054558	0.0	0.8865259459192376	0.8682635952537061	0.2675307260896575	0.4214953332285007	24	PPARG	5435
11	PPARG	LogisticRegression	di	0.8908295525351525	0.8865259459192376	0.8682635952537061	0.8943951721851581	0.895876589252915	0.8672077500200711	0.876791838322008	0.876791838322008	0.876791838322008	0.0	0.9033241662853758	0.9033652853027953	0.9028710326878692	0.0088482893761019	0.9051899446446529	0.9050851046267816	0.907858334707761	0.005498507029134	0.3055614671048225	0.2675307260896575	0.4214953332285007	0.3153156726054558	0.2620699081692281	0.4147504557240602	0.4404374799561403	0.4404374799561403	0.4404374799561403	0.0	0.2991145236670784	0.3002422902658752	0.3066905579712518	0.0254601626777029	0.3371735918602499	0.3372828841389314	0.3404341974827199	0.0130759651493965	0.8865259459192376	0.8682635952537061	0.2675307260896575	0.4214953332285007	24	PPARG	5435
17	PPARG	LogisticRegression	mono+di	0.8908295525351525	0.8865259459192376	0.8682635952537061	0.8943951721851581	0.895876589252915	0.8672077500200711	0.8819845329892404	0.8819845329892404	0.8819845329892404	0.0	0.9082860954521882	0.9080568227350068	0.9094171181641104	0.0084982844310794	0.9098642975773356	0.9096929654239616	0.9099412084110688	0.0050738796769687	0.3055614671048225	0.2675307260896575	0.4214953332285007	0.3153156726054558	0.2620699081692281	0.4147504557240602	0.4451825937021484	0.4451825937021484	0.4451825937021484	0.0	0.3009563526197714	0.302428015107082	0.3095938239669017	0.021918303343239	0.3398264311843755	0.3399990515207008	0.3490514479625934	0.0150478116424713	0.8865259459192376	0.8682635952537061	0.2675307260896575	0.4214953332285007	24	PPARG	5435
17	PPARG	Single best mono PWM	mono	0.8908295525351525	0.8865259459192376	0.8682635952537061	0.8943951721851581	0.895876589252915	0.8672077500200711	0.8682635952537061	0.8682635952537061	0.8682635952537061	0.0	0.8865259459192376	0.8865259459192376	0.8865259459192376	0.0132219297285777	0.8908295525351525	0.8908295525351525	0.8908295525351525	0.0075042718612252	0.3055614671048225	0.2675307260896575	0.4214953332285007	0.3153156726054558	0.2620699081692281	0.4147504557240602	0.4214953332285007	0.4214953332285007	0.4214953332285007	0.0	0.2675307260896575	0.2675307260896575	0.2675307260896575	0.024130106908627	0.3055614671048225	0.3055614671048225	0.3055614671048225	0.0240330472327427	0.8865259459192376	0.8682635952537061	0.2675307260896575	0.4214953332285007	24	PPARG	5435
17	PPARG	XGBClassifier	mono	0.8908295525351525	0.8865259459192376	0.8682635952537061	0.8943951721851581	0.895876589252915	0.8672077500200711	0.8660316504323318	0.8660316504323318	0.8660316504323318	0.0	0.8862276754061601	0.8805713972645872	0.880281537983075	0.0132219297285777	0.9434439074071004	0.9406644143755252	0.9426050259070686	0.0075042718612252	0.3055614671048225	0.2675307260896575	0.4214953332285007	0.3153156726054558	0.2620699081692281	0.4147504557240602	0.398266233019362	0.398266233019362	0.398266233019362	0.0	0.2503453747427141	0.2376500991623203	0.2270408826851017	0.024130106908627	0.5356488410176656	0.5211807104181673	0.5342821059091402	0.0240330472327427	0.8865259459192376	0.8682635952537061	0.2675307260896575	0.4214953332285007	24	PPARG	5435
11	PPARG	Single best di PWM	di	0.8908295525351525	0.8865259459192376	0.8682635952537061	0.8943951721851581	0.895876589252915	0.8672077500200711	0.8672077500200711	0.8672077500200711	0.8672077500200711	0.0	0.895876589252915	0.895876589252915	0.895876589252915	0.0	0.8943951721851581	0.8943951721851581	0.8943951721851581	0.0	0.3055614671048225	0.2675307260896575	0.4214953332285007	0.3153156726054558	0.2620699081692281	0.4147504557240602	0.4147504557240602	0.4147504557240602	0.4147504557240602	0.0	0.2620699081692281	0.2620699081692281	0.2620699081692281	0.0	0.3153156726054558	0.3153156726054558	0.3153156726054558	0.0	0.8865259459192376	0.8682635952537061	0.2675307260896575	0.4214953332285007	24	PPARG	5435
11	PPARG	XGBClassifier	di	0.8908295525351525	0.8865259459192376	0.8682635952537061	0.8943951721851581	0.895876589252915	0.8672077500200711	0.8739072027835902	0.8739072027835902	0.8739072027835902	0.0	0.8988607941052373	0.8973814688850249	0.8980291514493469	0.0093086660479375	0.9449980704283152	0.9423598288995784	0.9447759879278844	0.0062624800951434	0.3055614671048225	0.2675307260896575	0.4214953332285007	0.3153156726054558	0.2620699081692281	0.4147504557240602	0.4142602634593441	0.4142602634593441	0.4142602634593441	0.0	0.2711142535079981	0.2630614228814587	0.2532728623745132	0.0224435434787644	0.5356705923115942	0.5353879893974757	0.5404489273868317	0.0236924584838116	0.8865259459192376	0.8682635952537061	0.2675307260896575	0.4214953332285007	24	PPARG	5435
17	PPARG	XGBClassifier	mono+di	0.8908295525351525	0.8865259459192376	0.8682635952537061	0.8943951721851581	0.895876589252915	0.8672077500200711	0.8772810145004057	0.8772810145004057	0.8772810145004057	0.0	0.8985949550706188	0.9010157227357248	0.9003807310166467	0.0101051801619831	0.9531065967595485	0.9530528460250812	0.9550548771475876	0.005442476744998	0.3055614671048225	0.2675307260896575	0.4214953332285007	0.3153156726054558	0.2620699081692281	0.4147504557240602	0.4157823379087506	0.4157823379087506	0.4157823379087506	0.0	0.2714157012855216	0.2691049594526734	0.2600504622949848	0.0226702899494982	0.5878626043922913	0.586206680037874	0.5923460423892404	0.0261865084386061	0.8865259459192376	0.8682635952537061	0.2675307260896575	0.4214953332285007	24	PPARG	5435
17	PPARG	Single best mono PWM	mono	0.8908295525351525	0.8865259459192376	0.8682635952537061	0.8943951721851581	0.895876589252915	0.8672077500200711	0.8682635952537061	0.8682635952537061	0.8682635952537061	0.0	0.8865259459192376	0.8865259459192376	0.8865259459192376	0.0099962797181029	0.8908295525351525	0.8908295525351525	0.8908295525351525	0.0078452504765297	0.3055614671048225	0.2675307260896575	0.4214953332285007	0.3153156726054558	0.2620699081692281	0.4147504557240602	0.4214953332285007	0.4214953332285007	0.4214953332285007	0.0	0.2675307260896575	0.2675307260896575	0.2675307260896575	0.0174231317159963	0.3055614671048225	0.3055614671048225	0.3055614671048225	0.0248569544246711	0.8865259459192376	0.8682635952537061	0.2675307260896575	0.4214953332285007	24	PPARG	5435
17	PPARG	BaggingClassifier_XGBClassifier	mono	0.8908295525351525	0.8865259459192376	0.8682635952537061	0.8943951721851581	0.895876589252915	0.8672077500200711	0.8692948925122315	0.8692948925122315	0.8692948925122315	0.0	0.8883052651072508	0.8886543091789189	0.8866069762493248	0.0099962797181029	0.9533503953362392	0.9524895728267287	0.9560466873437704	0.0078452504765297	0.3055614671048225	0.2675307260896575	0.4214953332285007	0.3153156726054558	0.2620699081692281	0.4147504557240602	0.4008889297456925	0.4008889297456925	0.4008889297456925	0.0	0.2544555541874	0.2591253299661691	0.2541596964263148	0.0174231317159963	0.5548657678782557	0.5484910475663238	0.5631796317395914	0.0248569544246711	0.8865259459192376	0.8682635952537061	0.2675307260896575	0.4214953332285007	24	PPARG	5435
11	PPARG	Single best di PWM	di	0.8908295525351525	0.8865259459192376	0.8682635952537061	0.8943951721851581	0.895876589252915	0.8672077500200711	0.8672077500200711	0.8672077500200711	0.8672077500200711	0.0	0.895876589252915	0.895876589252915	0.895876589252915	0.0	0.8943951721851581	0.8943951721851581	0.8943951721851581	0.0	0.3055614671048225	0.2675307260896575	0.4214953332285007	0.3153156726054558	0.2620699081692281	0.4147504557240602	0.4147504557240602	0.4147504557240602	0.4147504557240602	0.0	0.2620699081692281	0.2620699081692281	0.2620699081692281	0.0	0.3153156726054558	0.3153156726054558	0.3153156726054558	0.0	0.8865259459192376	0.8682635952537061	0.2675307260896575	0.4214953332285007	24	PPARG	5435
11	PPARG	BaggingClassifier_XGBClassifier	di	0.8908295525351525	0.8865259459192376	0.8682635952537061	0.8943951721851581	0.895876589252915	0.8672077500200711	0.875151449384763	0.875151449384763	0.875151449384763	0.0	0.8997079493142323	0.8997393674948759	0.9012007922347895	0.009115298811303	0.95501359301539	0.9525671314498336	0.9545773795626536	0.0066888839330198	0.3055614671048225	0.2675307260896575	0.4214953332285007	0.3153156726054558	0.2620699081692281	0.4147504557240602	0.4145700571639171	0.4145700571639171	0.4145700571639171	0.0	0.2658311479250375	0.266189933148192	0.2525694846054785	0.0254788502985562	0.5566263694373321	0.5574965468284941	0.5621805381016483	0.0222949094831234	0.8865259459192376	0.8682635952537061	0.2675307260896575	0.4214953332285007	24	PPARG	5435
17	PPARG	BaggingClassifier_XGBClassifier	mono+di	0.8908295525351525	0.8865259459192376	0.8682635952537061	0.8943951721851581	0.895876589252915	0.8672077500200711	0.8809112272123814	0.8809112272123814	0.8809112272123814	0.0	0.9041160728238002	0.904505625393338	0.9051187533760006	0.0078025756049536	0.964402298206846	0.9641995724874208	0.9659932973251072	0.0059726208795607	0.3055614671048225	0.2675307260896575	0.4214953332285007	0.3153156726054558	0.2620699081692281	0.4147504557240602	0.4225581371677895	0.4225581371677895	0.4225581371677895	0.0	0.2825161718405456	0.2876471991329786	0.2823637521280157	0.0201778636121652	0.6158453446923365	0.6093470231283721	0.6178253699992161	0.0229328290406137	0.8865259459192376	0.8682635952537061	0.2675307260896575	0.4214953332285007	24	PPARG	5435
17	PPARG	Single best mono PWM	mono	0.8908295525351525	0.8865259459192376	0.8682635952537061	0.8943951721851581	0.895876589252915	0.8672077500200711	0.8682635952537061	0.8682635952537061	0.8682635952537061	0.0	0.8865259459192376	0.8865259459192376	0.8865259459192376	0.0100642956873621	0.8908295525351525	0.8908295525351525	0.8908295525351525	0.0062648635603686	0.3055614671048225	0.2675307260896575	0.4214953332285007	0.3153156726054558	0.2620699081692281	0.4147504557240602	0.4214953332285007	0.4214953332285007	0.4214953332285007	0.0	0.2675307260896575	0.2675307260896575	0.2675307260896575	0.0237893481054837	0.3055614671048225	0.3055614671048225	0.3055614671048225	0.0155994366548942	0.8865259459192376	0.8682635952537061	0.2675307260896575	0.4214953332285007	24	PPARG	5435
17	PPARG	BaggingClassifier_LogisticRegression	mono	0.8908295525351525	0.8865259459192376	0.8682635952537061	0.8943951721851581	0.895876589252915	0.8672077500200711	0.8729986315971056	0.8729986315971056	0.8729986315971056	0.0	0.8898847932653933	0.889645719858515	0.8921022048352512	0.0100642956873621	0.8962674954044847	0.8962129895902512	0.8988692411505625	0.0062648635603686	0.3055614671048225	0.2675307260896575	0.4214953332285007	0.3153156726054558	0.2620699081692281	0.4147504557240602	0.4225298611907835	0.4225298611907835	0.4225298611907835	0.0	0.2648084751868391	0.2670526885255612	0.27123360593247	0.0237893481054837	0.315266465144226	0.3152766854823915	0.3190660253178302	0.0155994366548942	0.8865259459192376	0.8682635952537061	0.2675307260896575	0.4214953332285007	24	PPARG	5435
11	PPARG	Single best di PWM	di	0.8908295525351525	0.8865259459192376	0.8682635952537061	0.8943951721851581	0.895876589252915	0.8672077500200711	0.8672077500200711	0.8672077500200711	0.8672077500200711	0.0	0.895876589252915	0.895876589252915	0.895876589252915	0.0	0.8943951721851581	0.8943951721851581	0.8943951721851581	0.0	0.3055614671048225	0.2675307260896575	0.4214953332285007	0.3153156726054558	0.2620699081692281	0.4147504557240602	0.4147504557240602	0.4147504557240602	0.4147504557240602	0.0	0.2620699081692281	0.2620699081692281	0.2620699081692281	0.0	0.3153156726054558	0.3153156726054558	0.3153156726054558	0.0	0.8865259459192376	0.8682635952537061	0.2675307260896575	0.4214953332285007	24	PPARG	5435
11	PPARG	BaggingClassifier_LogisticRegression	di	0.8908295525351525	0.8865259459192376	0.8682635952537061	0.8943951721851581	0.895876589252915	0.8672077500200711	0.8767516977295874	0.8767516977295874	0.8767516977295874	0.0	0.9033827625486858	0.9034279908357452	0.9028638305534188	0.008794229639693	0.9051398787241054	0.9050870049612256	0.9079568651054596	0.0055336358185375	0.3055614671048225	0.2675307260896575	0.4214953332285007	0.3153156726054558	0.2620699081692281	0.4147504557240602	0.4404923705136527	0.4404923705136527	0.4404923705136527	0.0	0.2996076336992373	0.3008326496978273	0.3069428007562252	0.0245503443327543	0.3371221584140245	0.3372122708438532	0.3401512634009975	0.0131305007998315	0.8865259459192376	0.8682635952537061	0.2675307260896575	0.4214953332285007	24	PPARG	5435
17	PPARG	BaggingClassifier_LogisticRegression	mono+di	0.8908295525351525	0.8865259459192376	0.8682635952537061	0.8943951721851581	0.895876589252915	0.8672077500200711	0.8818791427836048	0.8818791427836048	0.8818791427836048	0.0	0.9084094207687065	0.908206316165204	0.9091080811222234	0.0084334490404859	0.9097893592552282	0.9097218861773976	0.90992996309394	0.0051144426681079	0.3055614671048225	0.2675307260896575	0.4214953332285007	0.3153156726054558	0.2620699081692281	0.4147504557240602	0.4452540790402171	0.4452540790402171	0.4452540790402171	0.0	0.3006559795088546	0.3027224763119691	0.3092054581197345	0.0209549291266557	0.3398394796183778	0.3397253841911898	0.3489802351575807	0.0151777989603132	0.8865259459192376	0.8682635952537061	0.2675307260896575	0.4214953332285007	24	PPARG	5435
19	PRGR	Single best mono PWM	mono	0.8502398531148992	0.8254313139152666	0.861836282548721	0.8636217534462097	0.8312616987764792	0.8435870209839105	0.861836282548721	0.861836282548721	0.861836282548721	0.0	0.8254313139152666	0.8254313139152666	0.8254313139152666	0.0278812205519883	0.8502398531148992	0.8502398531148992	0.8502398531148992	0.009282168017998	0.0719341710177564	0.0597721768482232	0.1127229094166115	0.0833216438804496	0.0532580670670344	0.1232100420527216	0.1127229094166115	0.1127229094166115	0.1127229094166115	0.0	0.0597721768482232	0.0597721768482232	0.0597721768482232	0.0374153209576837	0.0719341710177564	0.0719341710177564	0.0719341710177564	0.0548029910529826	0.8254313139152666	0.861836282548721	0.0597721768482232	0.1127229094166115	25	PRGR	1260
19	PRGR	RandomForestClassifier	mono	0.8502398531148992	0.8254313139152666	0.861836282548721	0.8636217534462097	0.8312616987764792	0.8435870209839105	0.8743101896788112	0.8743101896788112	0.8743101896788112	0.0	0.8560635614499635	0.8558988113826574	0.8450325980474951	0.0278812205519883	0.9234466924524056	0.9201628028768816	0.9236538699609714	0.009282168017998	0.0719341710177564	0.0597721768482232	0.1127229094166115	0.0833216438804496	0.0532580670670344	0.1232100420527216	0.1154383923196497	0.1154383923196497	0.1154383923196497	0.0	0.0736746463669106	0.0908015393940765	0.0711330761538388	0.0374153209576837	0.2391973886897311	0.2358411450671259	0.2593681903793767	0.0548029910529826	0.8254313139152666	0.861836282548721	0.0597721768482232	0.1127229094166115	25	PRGR	1260
9	PRGR	Single best di PWM	di	0.8502398531148992	0.8254313139152666	0.861836282548721	0.8636217534462097	0.8312616987764792	0.8435870209839105	0.8435870209839105	0.8435870209839105	0.8435870209839105	0.0	0.8312616987764792	0.8312616987764792	0.8312616987764792	0.0	0.8636217534462097	0.8636217534462097	0.8636217534462097	0.0	0.0719341710177564	0.0597721768482232	0.1127229094166115	0.0833216438804496	0.0532580670670344	0.1232100420527216	0.1232100420527216	0.1232100420527216	0.1232100420527216	0.0	0.0532580670670344	0.0532580670670344	0.0532580670670344	0.0	0.0833216438804496	0.0833216438804496	0.0833216438804496	0.0	0.8254313139152666	0.861836282548721	0.0597721768482232	0.1127229094166115	25	PRGR	1260
9	PRGR	RandomForestClassifier	di	0.8502398531148992	0.8254313139152666	0.861836282548721	0.8636217534462097	0.8312616987764792	0.8435870209839105	0.8708349800650611	0.8708349800650611	0.8708349800650611	0.0	0.8588048986486486	0.8568175465652743	0.8627926223693544	0.0161222039372959	0.9149063166018566	0.91585235981882	0.918971246505991	0.0109524038389116	0.0719341710177564	0.0597721768482232	0.1127229094166115	0.0833216438804496	0.0532580670670344	0.1232100420527216	0.1168378594037887	0.1168378594037887	0.1168378594037887	0.0	0.0671589660325678	0.0740671920428933	0.0725653390211119	0.015488614806722	0.2248220727965403	0.2175577087136968	0.2133653905396777	0.052681309060223	0.8254313139152666	0.861836282548721	0.0597721768482232	0.1127229094166115	25	PRGR	1260
19	PRGR	RandomForestClassifier	mono+di	0.8502398531148992	0.8254313139152666	0.861836282548721	0.8636217534462097	0.8312616987764792	0.8435870209839105	0.8809387934157793	0.8809387934157793	0.8809387934157793	0.0	0.8617325031957633	0.862063799124999	0.8611852402346609	0.0221618234923396	0.9267591865684384	0.9262754664700212	0.927014634114558	0.0094810056080539	0.0719341710177564	0.0597721768482232	0.1127229094166115	0.0833216438804496	0.0532580670670344	0.1232100420527216	0.1194621235862628	0.1194621235862628	0.1194621235862628	0.0	0.0685130025809709	0.0793288544646333	0.0778813281364243	0.0196045965180487	0.2570529203210138	0.2543976307002498	0.2571906381879618	0.0593767670101823	0.8254313139152666	0.861836282548721	0.0597721768482232	0.1127229094166115	25	PRGR	1260
19	PRGR	Single best mono PWM	mono	0.8502398531148992	0.8254313139152666	0.861836282548721	0.8636217534462097	0.8312616987764792	0.8435870209839105	0.861836282548721	0.861836282548721	0.861836282548721	0.0	0.8254313139152666	0.8254313139152666	0.8254313139152666	0.0226754229063262	0.8502398531148992	0.8502398531148992	0.8502398531148992	0.0083871227001877	0.0719341710177564	0.0597721768482232	0.1127229094166115	0.0833216438804496	0.0532580670670344	0.1232100420527216	0.1127229094166115	0.1127229094166115	0.1127229094166115	0.0	0.0597721768482232	0.0597721768482232	0.0597721768482232	0.027410847413037	0.0719341710177564	0.0719341710177564	0.0719341710177564	0.0148152210208761	0.8254313139152666	0.861836282548721	0.0597721768482232	0.1127229094166115	25	PRGR	1260
19	PRGR	LogisticRegression	mono	0.8502398531148992	0.8254313139152666	0.861836282548721	0.8636217534462097	0.8312616987764792	0.8435870209839105	0.8828389115599241	0.8828389115599241	0.8828389115599241	0.0	0.862995799853908	0.8626366900022748	0.854721931335788	0.0226754229063262	0.8912564610615661	0.8913543203926443	0.8886181642852023	0.0083871227001877	0.0719341710177564	0.0597721768482232	0.1127229094166115	0.0833216438804496	0.0532580670670344	0.1232100420527216	0.11560232941884	0.11560232941884	0.11560232941884	0.0	0.0891474146745831	0.0931947152157609	0.0927169060864663	0.027410847413037	0.1006848037896896	0.102816987933463	0.0975148961469094	0.0148152210208761	0.8254313139152666	0.861836282548721	0.0597721768482232	0.1127229094166115	25	PRGR	1260
9	PRGR	Single best di PWM	di	0.8502398531148992	0.8254313139152666	0.861836282548721	0.8636217534462097	0.8312616987764792	0.8435870209839105	0.8435870209839105	0.8435870209839105	0.8435870209839105	0.0	0.8312616987764792	0.8312616987764792	0.8312616987764792	0.0	0.8636217534462097	0.8636217534462097	0.8636217534462097	0.0	0.0719341710177564	0.0597721768482232	0.1127229094166115	0.0833216438804496	0.0532580670670344	0.1232100420527216	0.1232100420527216	0.1232100420527216	0.1232100420527216	0.0	0.0532580670670344	0.0532580670670344	0.0532580670670344	0.0	0.0833216438804496	0.0833216438804496	0.0833216438804496	0.0	0.8254313139152666	0.861836282548721	0.0597721768482232	0.1127229094166115	25	PRGR	1260
9	PRGR	LogisticRegression	di	0.8502398531148992	0.8254313139152666	0.861836282548721	0.8636217534462097	0.8312616987764792	0.8435870209839105	0.8737354105968432	0.8737354105968432	0.8737354105968432	0.0	0.8609817270818115	0.8606909353846847	0.87053090141031	0.0179209317231293	0.8869387492959184	0.8871624413425233	0.8877700572039144	0.005517629277134	0.0719341710177564	0.0597721768482232	0.1127229094166115	0.0833216438804496	0.0532580670670344	0.1232100420527216	0.1269748365258056	0.1269748365258056	0.1269748365258056	0.0	0.0712982293793434	0.0759766032940071	0.0754784537372193	0.0167351110888989	0.0901182560366666	0.0923987414995435	0.0897273580530092	0.0109051133574924	0.8254313139152666	0.861836282548721	0.0597721768482232	0.1127229094166115	25	PRGR	1260
19	PRGR	LogisticRegression	mono+di	0.8502398531148992	0.8254313139152666	0.861836282548721	0.8636217534462097	0.8312616987764792	0.8435870209839105	0.8906203760664445	0.8906203760664445	0.8906203760664445	0.0	0.8686328981008035	0.868071879330377	0.867063022891824	0.0203435161792919	0.9002436693829985	0.9007164646478211	0.8991495468376369	0.0068551835120872	0.0719341710177564	0.0597721768482232	0.1127229094166115	0.0833216438804496	0.0532580670670344	0.1232100420527216	0.1279839554007002	0.1279839554007002	0.1279839554007002	0.0	0.0834343016778428	0.0942724775524223	0.090844385341227	0.0223277918077838	0.1100690982554534	0.1120152590643022	0.1066034556226627	0.0145772629339853	0.8254313139152666	0.861836282548721	0.0597721768482232	0.1127229094166115	25	PRGR	1260
19	PRGR	Single best mono PWM	mono	0.8502398531148992	0.8254313139152666	0.861836282548721	0.8636217534462097	0.8312616987764792	0.8435870209839105	0.861836282548721	0.861836282548721	0.861836282548721	0.0	0.8254313139152666	0.8254313139152666	0.8254313139152666	0.0238621639499811	0.8502398531148992	0.8502398531148992	0.8502398531148992	0.0178165297123855	0.0719341710177564	0.0597721768482232	0.1127229094166115	0.0833216438804496	0.0532580670670344	0.1232100420527216	0.1127229094166115	0.1127229094166115	0.1127229094166115	0.0	0.0597721768482232	0.0597721768482232	0.0597721768482232	0.0263615347839537	0.0719341710177564	0.0719341710177564	0.0719341710177564	0.081142448087793	0.8254313139152666	0.861836282548721	0.0597721768482232	0.1127229094166115	25	PRGR	1260
19	PRGR	XGBClassifier	mono	0.8502398531148992	0.8254313139152666	0.861836282548721	0.8636217534462097	0.8312616987764792	0.8435870209839105	0.8697964191618595	0.8697964191618595	0.8697964191618595	0.0	0.8659929122534696	0.8572837065190402	0.8530723237509711	0.0238621639499811	0.9489472551857364	0.9433184857393768	0.9484832492865798	0.0178165297123855	0.0719341710177564	0.0597721768482232	0.1127229094166115	0.0833216438804496	0.0532580670670344	0.1232100420527216	0.1028960009265232	0.1028960009265232	0.1028960009265232	0.0	0.1002741772447309	0.0970285018297216	0.0973756653358025	0.0263615347839537	0.3309720681872867	0.3148955705916495	0.3275690284571743	0.081142448087793	0.8254313139152666	0.861836282548721	0.0597721768482232	0.1127229094166115	25	PRGR	1260
9	PRGR	Single best di PWM	di	0.8502398531148992	0.8254313139152666	0.861836282548721	0.8636217534462097	0.8312616987764792	0.8435870209839105	0.8435870209839105	0.8435870209839105	0.8435870209839105	0.0	0.8312616987764792	0.8312616987764792	0.8312616987764792	0.0	0.8636217534462097	0.8636217534462097	0.8636217534462097	0.0	0.0719341710177564	0.0597721768482232	0.1127229094166115	0.0833216438804496	0.0532580670670344	0.1232100420527216	0.1232100420527216	0.1232100420527216	0.1232100420527216	0.0	0.0532580670670344	0.0532580670670344	0.0532580670670344	0.0	0.0833216438804496	0.0833216438804496	0.0833216438804496	0.0	0.8254313139152666	0.861836282548721	0.0597721768482232	0.1127229094166115	25	PRGR	1260
9	PRGR	XGBClassifier	di	0.8502398531148992	0.8254313139152666	0.861836282548721	0.8636217534462097	0.8312616987764792	0.8435870209839105	0.8645666117497063	0.8645666117497063	0.8645666117497063	0.0	0.8425191175127831	0.8502778198104168	0.8539223559437636	0.0148131038728827	0.934812831995379	0.9328622963328904	0.9382303211556128	0.0171946420778384	0.0719341710177564	0.0597721768482232	0.1127229094166115	0.0833216438804496	0.0532580670670344	0.1232100420527216	0.1210211858329273	0.1210211858329273	0.1210211858329273	0.0	0.0588874154416469	0.0650130392489794	0.0563315495256597	0.0216180856765726	0.2826582097197697	0.2512785406514153	0.2653469842446421	0.0577062802556989	0.8254313139152666	0.861836282548721	0.0597721768482232	0.1127229094166115	25	PRGR	1260
19	PRGR	XGBClassifier	mono+di	0.8502398531148992	0.8254313139152666	0.861836282548721	0.8636217534462097	0.8312616987764792	0.8435870209839105	0.876295707033238	0.876295707033238	0.876295707033238	0.0	0.8636823182980278	0.8645778104471543	0.8636636157620294	0.0192012482013987	0.957274455231053	0.9518728972018868	0.958337242713892	0.0160607058325111	0.0719341710177564	0.0597721768482232	0.1127229094166115	0.0833216438804496	0.0532580670670344	0.1232100420527216	0.1009160037106674	0.1009160037106674	0.1009160037106674	0.0	0.0743449416635946	0.08581897181119	0.08878053187665	0.0207235650194421	0.3730713592819995	0.3369297279042327	0.3566512316695535	0.0902525823557355	0.8254313139152666	0.861836282548721	0.0597721768482232	0.1127229094166115	25	PRGR	1260
19	PRGR	Single best mono PWM	mono	0.8502398531148992	0.8254313139152666	0.861836282548721	0.8636217534462097	0.8312616987764792	0.8435870209839105	0.861836282548721	0.861836282548721	0.861836282548721	0.0	0.8254313139152666	0.8254313139152666	0.8254313139152666	0.0228405569448828	0.8502398531148992	0.8502398531148992	0.8502398531148992	0.0238126193834428	0.0719341710177564	0.0597721768482232	0.1127229094166115	0.0833216438804496	0.0532580670670344	0.1232100420527216	0.1127229094166115	0.1127229094166115	0.1127229094166115	0.0	0.0597721768482232	0.0597721768482232	0.0597721768482232	0.0240843285106113	0.0719341710177564	0.0719341710177564	0.0719341710177564	0.1107705360952546	0.8254313139152666	0.861836282548721	0.0597721768482232	0.1127229094166115	25	PRGR	1260
19	PRGR	BaggingClassifier_XGBClassifier	mono	0.8502398531148992	0.8254313139152666	0.861836282548721	0.8636217534462097	0.8312616987764792	0.8435870209839105	0.8707684251338846	0.8707684251338846	0.8707684251338846	0.0	0.8615246073776479	0.8599646904108625	0.8574694006238106	0.0228405569448828	0.9659741104106198	0.9608130219501204	0.9706666145415924	0.0238126193834428	0.0719341710177564	0.0597721768482232	0.1127229094166115	0.0833216438804496	0.0532580670670344	0.1232100420527216	0.1028009369251079	0.1028009369251079	0.1028009369251079	0.0	0.084945073759202	0.0848720003614166	0.0721292691617808	0.0240843285106113	0.3925073826848205	0.3861080774579991	0.4277213455799514	0.1107705360952546	0.8254313139152666	0.861836282548721	0.0597721768482232	0.1127229094166115	25	PRGR	1260
9	PRGR	Single best di PWM	di	0.8502398531148992	0.8254313139152666	0.861836282548721	0.8636217534462097	0.8312616987764792	0.8435870209839105	0.8435870209839105	0.8435870209839105	0.8435870209839105	0.0	0.8312616987764792	0.8312616987764792	0.8312616987764792	0.0	0.8636217534462097	0.8636217534462097	0.8636217534462097	0.0	0.0719341710177564	0.0597721768482232	0.1127229094166115	0.0833216438804496	0.0532580670670344	0.1232100420527216	0.1232100420527216	0.1232100420527216	0.1232100420527216	0.0	0.0532580670670344	0.0532580670670344	0.0532580670670344	0.0	0.0833216438804496	0.0833216438804496	0.0833216438804496	0.0	0.8254313139152666	0.861836282548721	0.0597721768482232	0.1127229094166115	25	PRGR	1260
9	PRGR	BaggingClassifier_XGBClassifier	di	0.8502398531148992	0.8254313139152666	0.861836282548721	0.8636217534462097	0.8312616987764792	0.8435870209839105	0.8706775863378816	0.8706775863378816	0.8706775863378816	0.0	0.8540438390248357	0.8504482226175378	0.8562105344216848	0.0142888947025256	0.9556538244591138	0.9521434961559182	0.9578220189344332	0.0229408189389853	0.0719341710177564	0.0597721768482232	0.1127229094166115	0.0833216438804496	0.0532580670670344	0.1232100420527216	0.1312853559259614	0.1312853559259614	0.1312853559259614	0.0	0.0670990993506751	0.063100009953508	0.0579305546873472	0.0140364619931065	0.3239912262995272	0.3175982304028939	0.3335373578061358	0.0786714995368843	0.8254313139152666	0.861836282548721	0.0597721768482232	0.1127229094166115	25	PRGR	1260
19	PRGR	BaggingClassifier_XGBClassifier	mono+di	0.8502398531148992	0.8254313139152666	0.861836282548721	0.8636217534462097	0.8312616987764792	0.8435870209839105	0.880996343318493	0.880996343318493	0.880996343318493	0.0	0.8751118517165815	0.8700592894278854	0.8709787296332578	0.0218517396019614	0.9738072732751132	0.970742941742368	0.9783042410263428	0.0214287371991126	0.0719341710177564	0.0597721768482232	0.1127229094166115	0.0833216438804496	0.0532580670670344	0.1232100420527216	0.1152371383615979	0.1152371383615979	0.1152371383615979	0.0	0.080137794362667	0.0955988110580764	0.0996003292186423	0.0271717443792066	0.4388968090074068	0.4386651069227492	0.4695111529376443	0.1201235813883293	0.8254313139152666	0.861836282548721	0.0597721768482232	0.1127229094166115	25	PRGR	1260
19	PRGR	Single best mono PWM	mono	0.8502398531148992	0.8254313139152666	0.861836282548721	0.8636217534462097	0.8312616987764792	0.8435870209839105	0.861836282548721	0.861836282548721	0.861836282548721	0.0	0.8254313139152666	0.8254313139152666	0.8254313139152666	0.0219502153232237	0.8502398531148992	0.8502398531148992	0.8502398531148992	0.0081558876027085	0.0719341710177564	0.0597721768482232	0.1127229094166115	0.0833216438804496	0.0532580670670344	0.1232100420527216	0.1127229094166115	0.1127229094166115	0.1127229094166115	0.0	0.0597721768482232	0.0597721768482232	0.0597721768482232	0.0277281218664679	0.0719341710177564	0.0719341710177564	0.0719341710177564	0.0144896297793222	0.8254313139152666	0.861836282548721	0.0597721768482232	0.1127229094166115	25	PRGR	1260
19	PRGR	BaggingClassifier_LogisticRegression	mono	0.8502398531148992	0.8254313139152666	0.861836282548721	0.8636217534462097	0.8312616987764792	0.8435870209839105	0.8821253887589636	0.8821253887589636	0.8821253887589636	0.0	0.8625180332359387	0.8625641372284034	0.8540069137137003	0.0219502153232237	0.890909646063074	0.8913465911534094	0.8889898812199873	0.0081558876027085	0.0719341710177564	0.0597721768482232	0.1127229094166115	0.0833216438804496	0.0532580670670344	0.1232100420527216	0.1153613832260582	0.1153613832260582	0.1153613832260582	0.0	0.088756624111768	0.093716739503031	0.0935415274520153	0.0277281218664679	0.1008935253820817	0.1026976795315353	0.0972901619065435	0.0144896297793222	0.8254313139152666	0.861836282548721	0.0597721768482232	0.1127229094166115	25	PRGR	1260
9	PRGR	Single best di PWM	di	0.8502398531148992	0.8254313139152666	0.861836282548721	0.8636217534462097	0.8312616987764792	0.8435870209839105	0.8435870209839105	0.8435870209839105	0.8435870209839105	0.0	0.8312616987764792	0.8312616987764792	0.8312616987764792	0.0	0.8636217534462097	0.8636217534462097	0.8636217534462097	0.0	0.0719341710177564	0.0597721768482232	0.1127229094166115	0.0833216438804496	0.0532580670670344	0.1232100420527216	0.1232100420527216	0.1232100420527216	0.1232100420527216	0.0	0.0532580670670344	0.0532580670670344	0.0532580670670344	0.0	0.0833216438804496	0.0833216438804496	0.0833216438804496	0.0	0.8254313139152666	0.861836282548721	0.0597721768482232	0.1127229094166115	25	PRGR	1260
9	PRGR	BaggingClassifier_LogisticRegression	di	0.8502398531148992	0.8254313139152666	0.861836282548721	0.8636217534462097	0.8312616987764792	0.8435870209839105	0.8733259789220167	0.8733259789220167	0.8733259789220167	0.0	0.8606178665997078	0.8611209762123624	0.8712954610459616	0.0176814814613071	0.8869283443140796	0.8873529255320053	0.8883707634572533	0.0054377405617109	0.0719341710177564	0.0597721768482232	0.1127229094166115	0.0833216438804496	0.0532580670670344	0.1232100420527216	0.1269646361738586	0.1269646361738586	0.1269646361738586	0.0	0.0706676940641886	0.0782627579691011	0.0758613882480624	0.0200850080998027	0.0900799302141129	0.0922925815345592	0.0895528031089372	0.0107734226629575	0.8254313139152666	0.861836282548721	0.0597721768482232	0.1127229094166115	25	PRGR	1260
19	PRGR	BaggingClassifier_LogisticRegression	mono+di	0.8502398531148992	0.8254313139152666	0.861836282548721	0.8636217534462097	0.8312616987764792	0.8435870209839105	0.8901588569300277	0.8901588569300277	0.8901588569300277	0.0	0.867729638422206	0.8682384205038647	0.8674514970329583	0.0195561561486215	0.8998432205260439	0.9007492676963442	0.8987846713188294	0.0064356220847244	0.0719341710177564	0.0597721768482232	0.1127229094166115	0.0833216438804496	0.0532580670670344	0.1232100420527216	0.1265560882455114	0.1265560882455114	0.1265560882455114	0.0	0.0837945840195228	0.0949143939950194	0.0916158359525086	0.0224282509179934	0.1099381569456253	0.1116516737619324	0.106330586911777	0.0139882251191865	0.8254313139152666	0.861836282548721	0.0597721768482232	0.1127229094166115	25	PRGR	1260
70	REST	Single best mono PWM	mono	0.9712898300020372	0.9780809275327595	0.9557608616998972	0.981614579532336	0.9862440180621432	0.9577990996000636	0.9557608616998972	0.9557608616998972	0.9557608616998972	0.0	0.9780809275327595	0.9780809275327595	0.9780809275327595	0.0015847030675204	0.9712898300020372	0.9712898300020372	0.9712898300020372	0.0006954827027883	0.8714039823057567	0.9309415356973774	0.7424425004165226	0.9017174131639796	0.9565888376390396	0.7742951633980247	0.7424425004165226	0.7424425004165226	0.7424425004165226	0.0	0.9309415356973774	0.9309415356973774	0.9309415356973774	0.0025354950799148	0.8714039823057567	0.8714039823057567	0.8714039823057567	0.0042281861356112	0.9780809275327595	0.9557608616998972	0.9309415356973774	0.7424425004165226	26	REST	10000
70	REST	RandomForestClassifier	mono	0.9712898300020372	0.9780809275327595	0.9557608616998972	0.981614579532336	0.9862440180621432	0.9577990996000636	0.9682631989854468	0.9682631989854468	0.9682631989854468	0.0	0.991081265012979	0.9912654839798306	0.9909869621761036	0.0015847030675204	0.9889831699753264	0.9885049581205269	0.988700658064346	0.0006954827027883	0.8714039823057567	0.9309415356973774	0.7424425004165226	0.9017174131639796	0.9565888376390396	0.7742951633980247	0.7765287570998298	0.7765287570998298	0.7765287570998298	0.0	0.975986939871784	0.975602042146111	0.975055634007923	0.0025354950799148	0.952660620085082	0.9509633781415796	0.951417520289169	0.0042281861356112	0.9780809275327595	0.9557608616998972	0.9309415356973774	0.7424425004165226	26	REST	10000
36	REST	Single best di PWM	di	0.9712898300020372	0.9780809275327595	0.9557608616998972	0.981614579532336	0.9862440180621432	0.9577990996000636	0.9577990996000636	0.9577990996000636	0.9577990996000636	0.0	0.9862440180621432	0.9862440180621432	0.9862440180621432	0.0	0.981614579532336	0.981614579532336	0.981614579532336	0.0	0.8714039823057567	0.9309415356973774	0.7424425004165226	0.9017174131639796	0.9565888376390396	0.7742951633980247	0.7742951633980247	0.7742951633980247	0.7742951633980247	0.0	0.9565888376390396	0.9565888376390396	0.9565888376390396	0.0	0.9017174131639796	0.9017174131639796	0.9017174131639796	0.0	0.9780809275327595	0.9557608616998972	0.9309415356973774	0.7424425004165226	26	REST	10000
36	REST	RandomForestClassifier	di	0.9712898300020372	0.9780809275327595	0.9557608616998972	0.981614579532336	0.9862440180621432	0.9577990996000636	0.968300961817706	0.968300961817706	0.968300961817706	0.0	0.9918359403021412	0.9915866289157372	0.9913167145703784	0.0009653265675335	0.9891077040088734	0.9888621313373724	0.9887529421529349	0.0009112447659271	0.8714039823057567	0.9309415356973774	0.7424425004165226	0.9017174131639796	0.9565888376390396	0.7742951633980247	0.805760947534583	0.805760947534583	0.805760947534583	0.0	0.9741876059639532	0.972741108638887	0.9735855395102048	0.0031296189430308	0.953938835300582	0.952392673190652	0.9521269962188272	0.0024687690152392	0.9780809275327595	0.9557608616998972	0.9309415356973774	0.7424425004165226	26	REST	10000
70	REST	RandomForestClassifier	mono+di	0.9712898300020372	0.9780809275327595	0.9557608616998972	0.981614579532336	0.9862440180621432	0.9577990996000636	0.9709033734499568	0.9709033734499568	0.9709033734499568	0.0	0.9939372283640574	0.9938142540060064	0.993809170435464	0.0012390732983334	0.991286997985377	0.9909378685577428	0.990485455789034	0.0010426912965419	0.8714039823057567	0.9309415356973774	0.7424425004165226	0.9017174131639796	0.9565888376390396	0.7742951633980247	0.819279506637987	0.819279506637987	0.819279506637987	0.0	0.9820627754226504	0.982403640742305	0.9834021729566224	0.0019047983109287	0.9629392387550731	0.9646942369755346	0.9639927980303528	0.0030288269484649	0.9780809275327595	0.9557608616998972	0.9309415356973774	0.7424425004165226	26	REST	10000
70	REST	Single best mono PWM	mono	0.9712898300020372	0.9780809275327595	0.9557608616998972	0.981614579532336	0.9862440180621432	0.9577990996000636	0.9557608616998972	0.9557608616998972	0.9557608616998972	0.0	0.9780809275327595	0.9780809275327595	0.9780809275327595	0.0013212428991467	0.9712898300020372	0.9712898300020372	0.9712898300020372	0.0009419549539167	0.8714039823057567	0.9309415356973774	0.7424425004165226	0.9017174131639796	0.9565888376390396	0.7742951633980247	0.7424425004165226	0.7424425004165226	0.7424425004165226	0.0	0.9309415356973774	0.9309415356973774	0.9309415356973774	0.0031315823908692	0.8714039823057567	0.8714039823057567	0.8714039823057567	0.0079729176982215	0.9780809275327595	0.9557608616998972	0.9309415356973774	0.7424425004165226	26	REST	10000
70	REST	LogisticRegression	mono	0.9712898300020372	0.9780809275327595	0.9557608616998972	0.981614579532336	0.9862440180621432	0.9577990996000636	0.9700939832333644	0.9700939832333644	0.9700939832333644	0.0	0.9933283876606592	0.9933367018241136	0.9929142578203264	0.0013212428991467	0.9899236537112072	0.9899258387969418	0.9899377814824234	0.0009419549539167	0.8714039823057567	0.9309415356973774	0.7424425004165226	0.9017174131639796	0.9565888376390396	0.7742951633980247	0.8413843996600895	0.8413843996600895	0.8413843996600895	0.0	0.977496792999528	0.9775711109178112	0.9788379342409036	0.0031315823908692	0.9398377186656552	0.9399171811752456	0.9427782422288103	0.0079729176982215	0.9780809275327595	0.9557608616998972	0.9309415356973774	0.7424425004165226	26	REST	10000
36	REST	Single best di PWM	di	0.9712898300020372	0.9780809275327595	0.9557608616998972	0.981614579532336	0.9862440180621432	0.9577990996000636	0.9577990996000636	0.9577990996000636	0.9577990996000636	0.0	0.9862440180621432	0.9862440180621432	0.9862440180621432	0.0	0.981614579532336	0.981614579532336	0.981614579532336	0.0	0.8714039823057567	0.9309415356973774	0.7424425004165226	0.9017174131639796	0.9565888376390396	0.7742951633980247	0.7742951633980247	0.7742951633980247	0.7742951633980247	0.0	0.9565888376390396	0.9565888376390396	0.9565888376390396	0.0	0.9017174131639796	0.9017174131639796	0.9017174131639796	0.0	0.9780809275327595	0.9557608616998972	0.9309415356973774	0.7424425004165226	26	REST	10000
36	REST	LogisticRegression	di	0.9712898300020372	0.9780809275327595	0.9557608616998972	0.981614579532336	0.9862440180621432	0.9577990996000636	0.969940665965607	0.969940665965607	0.969940665965607	0.0	0.9932553194926236	0.9932432426772744	0.9938411491062222	0.00121600796365	0.9885477126106346	0.9886001171781956	0.988864247965071	0.0010395442486352	0.8714039823057567	0.9309415356973774	0.7424425004165226	0.9017174131639796	0.9565888376390396	0.7742951633980247	0.8028196288304771	0.8028196288304771	0.8028196288304771	0.0	0.9756833868649458	0.9756665940975836	0.975688118407843	0.0028852979627779	0.9287049329709368	0.9287456326560136	0.9312904401632592	0.0082724240721183	0.9780809275327595	0.9557608616998972	0.9309415356973774	0.7424425004165226	26	REST	10000
70	REST	LogisticRegression	mono+di	0.9712898300020372	0.9780809275327595	0.9557608616998972	0.981614579532336	0.9862440180621432	0.9577990996000636	0.972306293330997	0.972306293330997	0.972306293330997	0.0	0.9956748426447584	0.9956783665909036	0.9952512303786032	0.0011949473755309	0.9921265289630352	0.9921526565939828	0.9922059176891204	0.0012873139984286	0.8714039823057567	0.9309415356973774	0.7424425004165226	0.9017174131639796	0.9565888376390396	0.7742951633980247	0.8546248605905312	0.8546248605905312	0.8546248605905312	0.0	0.9858821212079588	0.9858987951883604	0.986332481104568	0.0021953062150599	0.95249306566929	0.9526515541318288	0.9536517453571844	0.0076698558301614	0.9780809275327595	0.9557608616998972	0.9309415356973774	0.7424425004165226	26	REST	10000
70	REST	Single best mono PWM	mono	0.9712898300020372	0.9780809275327595	0.9557608616998972	0.981614579532336	0.9862440180621432	0.9577990996000636	0.9557608616998972	0.9557608616998972	0.9557608616998972	0.0	0.9780809275327595	0.9780809275327595	0.9780809275327595	0.0016522023637139	0.9712898300020372	0.9712898300020372	0.9712898300020372	0.0020853784861129	0.8714039823057567	0.9309415356973774	0.7424425004165226	0.9017174131639796	0.9565888376390396	0.7742951633980247	0.7424425004165226	0.7424425004165226	0.7424425004165226	0.0	0.9309415356973774	0.9309415356973774	0.9309415356973774	0.0019525902571529	0.8714039823057567	0.8714039823057567	0.8714039823057567	0.0045954531210159	0.9780809275327595	0.9557608616998972	0.9309415356973774	0.7424425004165226	26	REST	10000
70	REST	XGBClassifier	mono	0.9712898300020372	0.9780809275327595	0.9557608616998972	0.981614579532336	0.9862440180621432	0.9577990996000636	0.9713408487164482	0.9713408487164482	0.9713408487164482	0.0	0.9933585225571236	0.9937862809134306	0.9933325892823016	0.0016522023637139	0.9979881182515792	0.9974225273064508	0.9979015453432204	0.0020853784861129	0.8714039823057567	0.9309415356973774	0.7424425004165226	0.9017174131639796	0.9565888376390396	0.7742951633980247	0.8252467788185744	0.8252467788185744	0.8252467788185744	0.0	0.9831078823955136	0.9829835744610954	0.9831246144876724	0.0019525902571529	0.9878521888166452	0.9863169549776626	0.9872896741268168	0.0045954531210159	0.9780809275327595	0.9557608616998972	0.9309415356973774	0.7424425004165226	26	REST	10000
36	REST	Single best di PWM	di	0.9712898300020372	0.9780809275327595	0.9557608616998972	0.981614579532336	0.9862440180621432	0.9577990996000636	0.9577990996000636	0.9577990996000636	0.9577990996000636	0.0	0.9862440180621432	0.9862440180621432	0.9862440180621432	0.0	0.981614579532336	0.981614579532336	0.981614579532336	0.0	0.8714039823057567	0.9309415356973774	0.7424425004165226	0.9017174131639796	0.9565888376390396	0.7742951633980247	0.7742951633980247	0.7742951633980247	0.7742951633980247	0.0	0.9565888376390396	0.9565888376390396	0.9565888376390396	0.0	0.9017174131639796	0.9017174131639796	0.9017174131639796	0.0	0.9780809275327595	0.9557608616998972	0.9309415356973774	0.7424425004165226	26	REST	10000
36	REST	XGBClassifier	di	0.9712898300020372	0.9780809275327595	0.9557608616998972	0.981614579532336	0.9862440180621432	0.9577990996000636	0.9733767714489336	0.9733767714489336	0.9733767714489336	0.0	0.9928021514755296	0.9921074236022592	0.9917037692753244	0.0012306713645931	0.997063330692442	0.9967130373602592	0.9970258234810324	0.0017886287718996	0.8714039823057567	0.9309415356973774	0.7424425004165226	0.9017174131639796	0.9565888376390396	0.7742951633980247	0.7949529891936691	0.7949529891936691	0.7949529891936691	0.0	0.9765263456784936	0.97515261602112	0.9760043580339218	0.0024099557142745	0.983312552844922	0.9823871431804572	0.983172407685756	0.0046893192707867	0.9780809275327595	0.9557608616998972	0.9309415356973774	0.7424425004165226	26	REST	10000
70	REST	XGBClassifier	mono+di	0.9712898300020372	0.9780809275327595	0.9557608616998972	0.981614579532336	0.9862440180621432	0.9577990996000636	0.9754008961094214	0.9754008961094214	0.9754008961094214	0.0	0.994384457251332	0.9951299200123984	0.9953072483087192	0.0012804802655617	0.9987723804242028	0.9980431413434534	0.9985874115134884	0.0020238785636024	0.8714039823057567	0.9309415356973774	0.7424425004165226	0.9017174131639796	0.9565888376390396	0.7742951633980247	0.844787094408019	0.844787094408019	0.844787094408019	0.0	0.98697908858795	0.987147129892272	0.9874910568513404	0.0020932210641823	0.9906171701843852	0.9896315874087948	0.9912275823778668	0.0039551761371945	0.9780809275327595	0.9557608616998972	0.9309415356973774	0.7424425004165226	26	REST	10000
70	REST	Single best mono PWM	mono	0.9712898300020372	0.9780809275327595	0.9557608616998972	0.981614579532336	0.9862440180621432	0.9577990996000636	0.9557608616998972	0.9557608616998972	0.9557608616998972	0.0	0.9780809275327595	0.9780809275327595	0.9780809275327595	0.0015466786417004	0.9712898300020372	0.9712898300020372	0.9712898300020372	0.0023690796488801	0.8714039823057567	0.9309415356973774	0.7424425004165226	0.9017174131639796	0.9565888376390396	0.7742951633980247	0.7424425004165226	0.7424425004165226	0.7424425004165226	0.0	0.9309415356973774	0.9309415356973774	0.9309415356973774	0.002062957566923	0.8714039823057567	0.8714039823057567	0.8714039823057567	0.0042918771774493	0.9780809275327595	0.9557608616998972	0.9309415356973774	0.7424425004165226	26	REST	10000
70	REST	BaggingClassifier_XGBClassifier	mono	0.9712898300020372	0.9780809275327595	0.9557608616998972	0.981614579532336	0.9862440180621432	0.9577990996000636	0.9715684510789218	0.9715684510789218	0.9715684510789218	0.0	0.9944787980728133	0.9943731482250264	0.9934513316729784	0.0015466786417004	0.9989312748715397	0.9982672785414772	0.9990926429199474	0.0023690796488801	0.8714039823057567	0.9309415356973774	0.7424425004165226	0.9017174131639796	0.9565888376390396	0.7742951633980247	0.8248359826589148	0.8248359826589148	0.8248359826589148	0.0	0.9850911733687177	0.9851044150942172	0.984990886546406	0.002062957566923	0.9909664143160084	0.9901976038984917	0.9916584856235864	0.0042918771774493	0.9780809275327595	0.9557608616998972	0.9309415356973774	0.7424425004165226	26	REST	10000
36	REST	Single best di PWM	di	0.9712898300020372	0.9780809275327595	0.9557608616998972	0.981614579532336	0.9862440180621432	0.9577990996000636	0.9577990996000636	0.9577990996000636	0.9577990996000636	0.0	0.9862440180621432	0.9862440180621432	0.9862440180621432	0.0	0.981614579532336	0.981614579532336	0.981614579532336	0.0	0.8714039823057567	0.9309415356973774	0.7424425004165226	0.9017174131639796	0.9565888376390396	0.7742951633980247	0.7742951633980247	0.7742951633980247	0.7742951633980247	0.0	0.9565888376390396	0.9565888376390396	0.9565888376390396	0.0	0.9017174131639796	0.9017174131639796	0.9017174131639796	0.0	0.9780809275327595	0.9557608616998972	0.9309415356973774	0.7424425004165226	26	REST	10000
36	REST	BaggingClassifier_XGBClassifier	di	0.9712898300020372	0.9780809275327595	0.9557608616998972	0.981614579532336	0.9862440180621432	0.9577990996000636	0.9742593271530284	0.9742593271530284	0.9742593271530284	0.0	0.9927399864528382	0.992828464058032	0.9926316441355292	0.001101325204006	0.9986413513819408	0.9980944473838744	0.9988853884130108	0.0021119754221963	0.8714039823057567	0.9309415356973774	0.7424425004165226	0.9017174131639796	0.9565888376390396	0.7742951633980247	0.8162649567827789	0.8162649567827789	0.8162649567827789	0.0	0.9772740672997102	0.9766428424954468	0.9765341683004838	0.0029191052958125	0.987393073349288	0.9859827814331176	0.9873505852834276	0.0045207884310033	0.9780809275327595	0.9557608616998972	0.9309415356973774	0.7424425004165226	26	REST	10000
70	REST	BaggingClassifier_XGBClassifier	mono+di	0.9712898300020372	0.9780809275327595	0.9557608616998972	0.981614579532336	0.9862440180621432	0.9577990996000636	0.9780818743494024	0.9780818743494024	0.9780818743494024	0.0	0.995655796700478	0.9955734505258657	0.9954208692332012	0.0013144430794339	0.9995072166511986	0.9986180656271036	0.9994980827570774	0.0023536413302228	0.8714039823057567	0.9309415356973774	0.7424425004165226	0.9017174131639796	0.9565888376390396	0.7742951633980247	0.8525640111126371	0.8525640111126371	0.8525640111126371	0.0	0.9886992795391184	0.9885215453257958	0.9886725095101132	0.001504119016085	0.99420988492158	0.993100684519696	0.9945141311376872	0.0042506853383615	0.9780809275327595	0.9557608616998972	0.9309415356973774	0.7424425004165226	26	REST	10000
70	REST	Single best mono PWM	mono	0.9712898300020372	0.9780809275327595	0.9557608616998972	0.981614579532336	0.9862440180621432	0.9577990996000636	0.9557608616998972	0.9557608616998972	0.9557608616998972	0.0	0.9780809275327595	0.9780809275327595	0.9780809275327595	0.001336520735351	0.9712898300020372	0.9712898300020372	0.9712898300020372	0.0009532241298565	0.8714039823057567	0.9309415356973774	0.7424425004165226	0.9017174131639796	0.9565888376390396	0.7742951633980247	0.7424425004165226	0.7424425004165226	0.7424425004165226	0.0	0.9309415356973774	0.9309415356973774	0.9309415356973774	0.0031129251267185	0.8714039823057567	0.8714039823057567	0.8714039823057567	0.0078706751943054	0.9780809275327595	0.9557608616998972	0.9309415356973774	0.7424425004165226	26	REST	10000
70	REST	BaggingClassifier_LogisticRegression	mono	0.9712898300020372	0.9780809275327595	0.9557608616998972	0.981614579532336	0.9862440180621432	0.9577990996000636	0.9700939494763632	0.9700939494763632	0.9700939494763632	0.0	0.99324857693403	0.9933214240708326	0.9929281735753656	0.001336520735351	0.9899407902302104	0.9899519237346632	0.9899704708376774	0.0009532241298565	0.8714039823057567	0.9309415356973774	0.7424425004165226	0.9017174131639796	0.9565888376390396	0.7742951633980247	0.8420147200007683	0.8420147200007683	0.8420147200007683	0.0	0.9773319342634006	0.977556526167112	0.9786474378419624	0.0031129251267185	0.9397188400116748	0.9400384859924604	0.9428754587976071	0.0078706751943054	0.9780809275327595	0.9557608616998972	0.9309415356973774	0.7424425004165226	26	REST	10000
36	REST	Single best di PWM	di	0.9712898300020372	0.9780809275327595	0.9557608616998972	0.981614579532336	0.9862440180621432	0.9577990996000636	0.9577990996000636	0.9577990996000636	0.9577990996000636	0.0	0.9862440180621432	0.9862440180621432	0.9862440180621432	0.0	0.981614579532336	0.981614579532336	0.981614579532336	0.0	0.8714039823057567	0.9309415356973774	0.7424425004165226	0.9017174131639796	0.9565888376390396	0.7742951633980247	0.7742951633980247	0.7742951633980247	0.7742951633980247	0.0	0.9565888376390396	0.9565888376390396	0.9565888376390396	0.0	0.9017174131639796	0.9017174131639796	0.9017174131639796	0.0	0.9780809275327595	0.9557608616998972	0.9309415356973774	0.7424425004165226	26	REST	10000
36	REST	BaggingClassifier_LogisticRegression	di	0.9712898300020372	0.9780809275327595	0.9557608616998972	0.981614579532336	0.9862440180621432	0.9577990996000636	0.9701633355862476	0.9701633355862476	0.9701633355862476	0.0	0.9932429581352024	0.9932620157711816	0.9938793992182404	0.001216660981543	0.9885827136292642	0.9885835638672572	0.9888686420535572	0.0010408392779945	0.8714039823057567	0.9309415356973774	0.7424425004165226	0.9017174131639796	0.9565888376390396	0.7742951633980247	0.8034645469648961	0.8034645469648961	0.8034645469648961	0.0	0.9756048913482545	0.9757272180520457	0.9757026576845332	0.0028758677353401	0.9287502584682948	0.9288069570722808	0.9314544468104724	0.0081734266724246	0.9780809275327595	0.9557608616998972	0.9309415356973774	0.7424425004165226	26	REST	10000
70	REST	BaggingClassifier_LogisticRegression	mono+di	0.9712898300020372	0.9780809275327595	0.9557608616998972	0.981614579532336	0.9862440180621432	0.9577990996000636	0.9724120146332887	0.9724120146332887	0.9724120146332887	0.0	0.9956211667649516	0.9956700087012692	0.9952762204517884	0.0012092194296462	0.9921565400547798	0.9921731761752612	0.9922210644681734	0.0012964683091426	0.8714039823057567	0.9309415356973774	0.7424425004165226	0.9017174131639796	0.9565888376390396	0.7742951633980247	0.8551977327758613	0.8551977327758613	0.8551977327758613	0.0	0.9856834752833143	0.9858725390178495	0.9863291674290364	0.0021504791137554	0.9524907222483888	0.9527923819970792	0.9538284786677802	0.0075443056264596	0.9780809275327595	0.9557608616998972	0.9309415356973774	0.7424425004165226	26	REST	10000
39	RUNX1	Single best mono PWM	mono	0.8652312176278943	0.8704972544023477	0.7940336559307262	0.8709337484387146	0.8745876036791479	0.7798282084081933	0.7940336559307262	0.7940336559307262	0.7940336559307262	0.0	0.8704972544023477	0.8704972544023477	0.8704972544023477	0.007147774304888	0.8652312176278943	0.8652312176278943	0.8652312176278943	0.0030359456068452	0.2192770764428684	0.1692612746452017	0.0963775216160252	0.235120998709725	0.1721671898365432	0.1056793741533279	0.0963775216160252	0.0963775216160252	0.0963775216160252	0.0	0.1692612746452017	0.1692612746452017	0.1692612746452017	0.0085314642433007	0.2192770764428684	0.2192770764428684	0.2192770764428684	0.010186281297487	0.8704972544023477	0.7940336559307262	0.1692612746452017	0.0963775216160252	27	RUNX1	10000
39	RUNX1	RandomForestClassifier	mono	0.8652312176278943	0.8704972544023477	0.7940336559307262	0.8709337484387146	0.8745876036791479	0.7798282084081933	0.8014407307503455	0.8014407307503455	0.8014407307503455	0.0	0.886496175800407	0.8857259213152375	0.8867350344581191	0.007147774304888	0.8937273338486666	0.8936300895250395	0.8928579884767947	0.0030359456068452	0.2192770764428684	0.1692612746452017	0.0963775216160252	0.235120998709725	0.1721671898365432	0.1056793741533279	0.1116390126512969	0.1116390126512969	0.1116390126512969	0.0	0.1988698254254497	0.2017869607892498	0.1974921265579706	0.0085314642433007	0.3166027095724905	0.3156451929790204	0.3188008458315337	0.010186281297487	0.8704972544023477	0.7940336559307262	0.1692612746452017	0.0963775216160252	27	RUNX1	10000
20	RUNX1	Single best di PWM	di	0.8652312176278943	0.8704972544023477	0.7940336559307262	0.8709337484387146	0.8745876036791479	0.7798282084081933	0.7798282084081933	0.7798282084081933	0.7798282084081933	0.0	0.8745876036791479	0.8745876036791479	0.8745876036791479	0.0	0.8709337484387146	0.8709337484387146	0.8709337484387146	0.0	0.2192770764428684	0.1692612746452017	0.0963775216160252	0.235120998709725	0.1721671898365432	0.1056793741533279	0.1056793741533279	0.1056793741533279	0.1056793741533279	0.0	0.1721671898365432	0.1721671898365432	0.1721671898365432	0.0	0.235120998709725	0.235120998709725	0.235120998709725	0.0	0.8704972544023477	0.7940336559307262	0.1692612746452017	0.0963775216160252	27	RUNX1	10000
20	RUNX1	RandomForestClassifier	di	0.8652312176278943	0.8704972544023477	0.7940336559307262	0.8709337484387146	0.8745876036791479	0.7798282084081933	0.8093101681325988	0.8093101681325988	0.8093101681325988	0.0	0.8937938517961774	0.893417295221397	0.8969802136121322	0.0066248894313083	0.8997164653372813	0.8998810228821142	0.8990725423074982	0.0032509508271309	0.2192770764428684	0.1692612746452017	0.0963775216160252	0.235120998709725	0.1721671898365432	0.1056793741533279	0.1184505733446729	0.1184505733446729	0.1184505733446729	0.0	0.1977324628996714	0.1990299312591769	0.1941387865769192	0.0121436534671948	0.3322401127923498	0.3306477045305553	0.329760705650146	0.0137585620281986	0.8704972544023477	0.7940336559307262	0.1692612746452017	0.0963775216160252	27	RUNX1	10000
39	RUNX1	RandomForestClassifier	mono+di	0.8652312176278943	0.8704972544023477	0.7940336559307262	0.8709337484387146	0.8745876036791479	0.7798282084081933	0.8081593709532187	0.8081593709532187	0.8081593709532187	0.0	0.8932102257376229	0.893691816072847	0.8965021248389917	0.0064998259552173	0.9003479744778975	0.9000071692282182	0.8992288510750435	0.0032674048419157	0.2192770764428684	0.1692612746452017	0.0963775216160252	0.235120998709725	0.1721671898365432	0.1056793741533279	0.1165618561369237	0.1165618561369237	0.1165618561369237	0.0	0.2043530969261689	0.2018662229007169	0.2000187488498117	0.0084265537669514	0.3325289094781309	0.3352141117386732	0.3350055013726543	0.0118413062259237	0.8704972544023477	0.7940336559307262	0.1692612746452017	0.0963775216160252	27	RUNX1	10000
39	RUNX1	Single best mono PWM	mono	0.8652312176278943	0.8704972544023477	0.7940336559307262	0.8709337484387146	0.8745876036791479	0.7798282084081933	0.7940336559307262	0.7940336559307262	0.7940336559307262	0.0	0.8704972544023477	0.8704972544023477	0.8704972544023477	0.0038347420666101	0.8652312176278943	0.8652312176278943	0.8652312176278943	0.0029054108997536	0.2192770764428684	0.1692612746452017	0.0963775216160252	0.235120998709725	0.1721671898365432	0.1056793741533279	0.0963775216160252	0.0963775216160252	0.0963775216160252	0.0	0.1692612746452017	0.1692612746452017	0.1692612746452017	0.0109965511210075	0.2192770764428684	0.2192770764428684	0.2192770764428684	0.0096825509835279	0.8704972544023477	0.7940336559307262	0.1692612746452017	0.0963775216160252	27	RUNX1	10000
39	RUNX1	LogisticRegression	mono	0.8652312176278943	0.8704972544023477	0.7940336559307262	0.8709337484387146	0.8745876036791479	0.7798282084081933	0.814914495389349	0.814914495389349	0.814914495389349	0.0	0.8887359832376159	0.8887393490637674	0.8889706617164579	0.0038347420666101	0.8853870640410869	0.8853244538677273	0.8866032809553267	0.0029054108997536	0.2192770764428684	0.1692612746452017	0.0963775216160252	0.235120998709725	0.1721671898365432	0.1056793741533279	0.1275639638307047	0.1275639638307047	0.1275639638307047	0.0	0.1996771181069147	0.2017610257358226	0.19795173090594	0.0109965511210075	0.2669459897356869	0.2673360361871927	0.2684632124768725	0.0096825509835279	0.8704972544023477	0.7940336559307262	0.1692612746452017	0.0963775216160252	27	RUNX1	10000
20	RUNX1	Single best di PWM	di	0.8652312176278943	0.8704972544023477	0.7940336559307262	0.8709337484387146	0.8745876036791479	0.7798282084081933	0.7798282084081933	0.7798282084081933	0.7798282084081933	0.0	0.8745876036791479	0.8745876036791479	0.8745876036791479	0.0	0.8709337484387146	0.8709337484387146	0.8709337484387146	0.0	0.2192770764428684	0.1692612746452017	0.0963775216160252	0.235120998709725	0.1721671898365432	0.1056793741533279	0.1056793741533279	0.1056793741533279	0.1056793741533279	0.0	0.1721671898365432	0.1721671898365432	0.1721671898365432	0.0	0.235120998709725	0.235120998709725	0.235120998709725	0.0	0.8704972544023477	0.7940336559307262	0.1692612746452017	0.0963775216160252	27	RUNX1	10000
20	RUNX1	LogisticRegression	di	0.8652312176278943	0.8704972544023477	0.7940336559307262	0.8709337484387146	0.8745876036791479	0.7798282084081933	0.8151973255070984	0.8151973255070984	0.8151973255070984	0.0	0.8963363357843902	0.8963351706547444	0.8957630037082092	0.0047513622276367	0.8879897221567137	0.887976805507199	0.8879142805414314	0.0024545113289531	0.2192770764428684	0.1692612746452017	0.0963775216160252	0.235120998709725	0.1721671898365432	0.1056793741533279	0.1310654369009125	0.1310654369009125	0.1310654369009125	0.0	0.1994712895846321	0.2003026894657176	0.1953855567184284	0.007865456558443	0.2639487254496623	0.2637722016791533	0.265393785177468	0.0076635781428992	0.8704972544023477	0.7940336559307262	0.1692612746452017	0.0963775216160252	27	RUNX1	10000
39	RUNX1	LogisticRegression	mono+di	0.8652312176278943	0.8704972544023477	0.7940336559307262	0.8709337484387146	0.8745876036791479	0.7798282084081933	0.8212584280290809	0.8212584280290809	0.8212584280290809	0.0	0.8998220757894944	0.8997435053447999	0.9012751384436024	0.0046001156426424	0.8931221575871918	0.8930298384986161	0.8942950387944606	0.0022184021744953	0.2192770764428684	0.1692612746452017	0.0963775216160252	0.235120998709725	0.1721671898365432	0.1056793741533279	0.1384140072730137	0.1384140072730137	0.1384140072730137	0.0	0.206748256087441	0.2090373179312785	0.2110328046872178	0.0098522406760909	0.2883426177547801	0.2886323199373284	0.289895071039266	0.0099692827877161	0.8704972544023477	0.7940336559307262	0.1692612746452017	0.0963775216160252	27	RUNX1	10000
39	RUNX1	Single best mono PWM	mono	0.8652312176278943	0.8704972544023477	0.7940336559307262	0.8709337484387146	0.8745876036791479	0.7798282084081933	0.7940336559307262	0.7940336559307262	0.7940336559307262	0.0	0.8704972544023477	0.8704972544023477	0.8704972544023477	0.008671639608902	0.8652312176278943	0.8652312176278943	0.8652312176278943	0.0042076290330398	0.2192770764428684	0.1692612746452017	0.0963775216160252	0.235120998709725	0.1721671898365432	0.1056793741533279	0.0963775216160252	0.0963775216160252	0.0963775216160252	0.0	0.1692612746452017	0.1692612746452017	0.1692612746452017	0.0099311212005919	0.2192770764428684	0.2192770764428684	0.2192770764428684	0.0174705749267048	0.8704972544023477	0.7940336559307262	0.1692612746452017	0.0963775216160252	27	RUNX1	10000
39	RUNX1	XGBClassifier	mono	0.8652312176278943	0.8704972544023477	0.7940336559307262	0.8709337484387146	0.8745876036791479	0.7798282084081933	0.8012334438437647	0.8012334438437647	0.8012334438437647	0.0	0.8868012158122391	0.8873322530118136	0.8904390472071531	0.008671639608902	0.915126868956843	0.9152507190375674	0.9167487609484328	0.0042076290330398	0.2192770764428684	0.1692612746452017	0.0963775216160252	0.235120998709725	0.1721671898365432	0.1056793741533279	0.1118519602002513	0.1118519602002513	0.1118519602002513	0.0	0.1989215243112908	0.1998372352737386	0.1979322846653513	0.0099311212005919	0.356933402503899	0.3577683415069325	0.3604909780748448	0.0174705749267048	0.8704972544023477	0.7940336559307262	0.1692612746452017	0.0963775216160252	27	RUNX1	10000
20	RUNX1	Single best di PWM	di	0.8652312176278943	0.8704972544023477	0.7940336559307262	0.8709337484387146	0.8745876036791479	0.7798282084081933	0.7798282084081933	0.7798282084081933	0.7798282084081933	0.0	0.8745876036791479	0.8745876036791479	0.8745876036791479	0.0	0.8709337484387146	0.8709337484387146	0.8709337484387146	0.0	0.2192770764428684	0.1692612746452017	0.0963775216160252	0.235120998709725	0.1721671898365432	0.1056793741533279	0.1056793741533279	0.1056793741533279	0.1056793741533279	0.0	0.1721671898365432	0.1721671898365432	0.1721671898365432	0.0	0.235120998709725	0.235120998709725	0.235120998709725	0.0	0.8704972544023477	0.7940336559307262	0.1692612746452017	0.0963775216160252	27	RUNX1	10000
20	RUNX1	XGBClassifier	di	0.8652312176278943	0.8704972544023477	0.7940336559307262	0.8709337484387146	0.8745876036791479	0.7798282084081933	0.8115791941706687	0.8115791941706687	0.8115791941706687	0.0	0.8965787260883749	0.8950350955899403	0.8938905637535774	0.0049765424784605	0.916995708102962	0.9165910152786158	0.917729399776258	0.0044761247429295	0.2192770764428684	0.1692612746452017	0.0963775216160252	0.235120998709725	0.1721671898365432	0.1056793741533279	0.118887012423725	0.118887012423725	0.118887012423725	0.0	0.2019162260415411	0.1996212896125788	0.1965663144410378	0.0155089359192304	0.3917736047568826	0.3766533292777826	0.3749071489497702	0.0208181307618834	0.8704972544023477	0.7940336559307262	0.1692612746452017	0.0963775216160252	27	RUNX1	10000
39	RUNX1	XGBClassifier	mono+di	0.8652312176278943	0.8704972544023477	0.7940336559307262	0.8709337484387146	0.8745876036791479	0.7798282084081933	0.8111261135455978	0.8111261135455978	0.8111261135455978	0.0	0.897151240281857	0.8967004881884371	0.8957245841990955	0.0061222253948447	0.9231535558001206	0.9244303968021668	0.9256105150051388	0.0046589988256692	0.2192770764428684	0.1692612746452017	0.0963775216160252	0.235120998709725	0.1721671898365432	0.1056793741533279	0.1262884299991372	0.1262884299991372	0.1262884299991372	0.0	0.2004177248091534	0.1983869664087701	0.2011076631930518	0.0142351516640207	0.4013287690644534	0.4010839673592876	0.3990591052716787	0.0199099258270315	0.8704972544023477	0.7940336559307262	0.1692612746452017	0.0963775216160252	27	RUNX1	10000
39	RUNX1	Single best mono PWM	mono	0.8652312176278943	0.8704972544023477	0.7940336559307262	0.8709337484387146	0.8745876036791479	0.7798282084081933	0.7940336559307262	0.7940336559307262	0.7940336559307262	0.0	0.8704972544023477	0.8704972544023477	0.8704972544023477	0.0068820732230016	0.8652312176278943	0.8652312176278943	0.8652312176278943	0.0048494363294065	0.2192770764428684	0.1692612746452017	0.0963775216160252	0.235120998709725	0.1721671898365432	0.1056793741533279	0.0963775216160252	0.0963775216160252	0.0963775216160252	0.0	0.1692612746452017	0.1692612746452017	0.1692612746452017	0.0112458036376093	0.2192770764428684	0.2192770764428684	0.2192770764428684	0.0187270250557999	0.8704972544023477	0.7940336559307262	0.1692612746452017	0.0963775216160252	27	RUNX1	10000
39	RUNX1	BaggingClassifier_XGBClassifier	mono	0.8652312176278943	0.8704972544023477	0.7940336559307262	0.8709337484387146	0.8745876036791479	0.7798282084081933	0.8046168139549629	0.8046168139549629	0.8046168139549629	0.0	0.8901803889282346	0.8903108584615737	0.8931003845394458	0.0068820732230016	0.923742119548603	0.9231734217916056	0.925481215040581	0.0048494363294065	0.2192770764428684	0.1692612746452017	0.0963775216160252	0.235120998709725	0.1721671898365432	0.1056793741533279	0.1139231757903484	0.1139231757903484	0.1139231757903484	0.0	0.2024007069783033	0.2042746309319906	0.196375870372513	0.0112458036376093	0.3718839643155762	0.3684559368458585	0.3689899607277683	0.0187270250557999	0.8704972544023477	0.7940336559307262	0.1692612746452017	0.0963775216160252	27	RUNX1	10000
20	RUNX1	Single best di PWM	di	0.8652312176278943	0.8704972544023477	0.7940336559307262	0.8709337484387146	0.8745876036791479	0.7798282084081933	0.7798282084081933	0.7798282084081933	0.7798282084081933	0.0	0.8745876036791479	0.8745876036791479	0.8745876036791479	0.0	0.8709337484387146	0.8709337484387146	0.8709337484387146	0.0	0.2192770764428684	0.1692612746452017	0.0963775216160252	0.235120998709725	0.1721671898365432	0.1056793741533279	0.1056793741533279	0.1056793741533279	0.1056793741533279	0.0	0.1721671898365432	0.1721671898365432	0.1721671898365432	0.0	0.235120998709725	0.235120998709725	0.235120998709725	0.0	0.8704972544023477	0.7940336559307262	0.1692612746452017	0.0963775216160252	27	RUNX1	10000
20	RUNX1	BaggingClassifier_XGBClassifier	di	0.8652312176278943	0.8704972544023477	0.7940336559307262	0.8709337484387146	0.8745876036791479	0.7798282084081933	0.8125521695370926	0.8125521695370926	0.8125521695370926	0.0	0.8977374313552597	0.8977813214973184	0.8978678091006858	0.0057549929172353	0.9253324437282184	0.9245942393247448	0.9255178823180042	0.0046168463141282	0.2192770764428684	0.1692612746452017	0.0963775216160252	0.235120998709725	0.1721671898365432	0.1056793741533279	0.1220719020571539	0.1220719020571539	0.1220719020571539	0.0	0.2029800895204469	0.2023222143120961	0.2033694472344603	0.0103384471081273	0.3905834697084282	0.3894105468256524	0.3856320125965877	0.0210999935207252	0.8704972544023477	0.7940336559307262	0.1692612746452017	0.0963775216160252	27	RUNX1	10000
39	RUNX1	BaggingClassifier_XGBClassifier	mono+di	0.8652312176278943	0.8704972544023477	0.7940336559307262	0.8709337484387146	0.8745876036791479	0.7798282084081933	0.814186603910366	0.814186603910366	0.814186603910366	0.0	0.9006139215473052	0.9003057814878944	0.8982692199208355	0.0070503166493141	0.9318267506048618	0.9311414495122832	0.93361820257689	0.0052688722520855	0.2192770764428684	0.1692612746452017	0.0963775216160252	0.235120998709725	0.1721671898365432	0.1056793741533279	0.1271026784263026	0.1271026784263026	0.1271026784263026	0.0	0.2031110711149853	0.2068865776993806	0.2027260929044914	0.0124856266225181	0.414312608519347	0.4101201491577692	0.4060403131830606	0.0222803684627472	0.8704972544023477	0.7940336559307262	0.1692612746452017	0.0963775216160252	27	RUNX1	10000
39	RUNX1	Single best mono PWM	mono	0.8652312176278943	0.8704972544023477	0.7940336559307262	0.8709337484387146	0.8745876036791479	0.7798282084081933	0.7940336559307262	0.7940336559307262	0.7940336559307262	0.0	0.8704972544023477	0.8704972544023477	0.8704972544023477	0.0038371293402371	0.8652312176278943	0.8652312176278943	0.8652312176278943	0.0029120937570984	0.2192770764428684	0.1692612746452017	0.0963775216160252	0.235120998709725	0.1721671898365432	0.1056793741533279	0.0963775216160252	0.0963775216160252	0.0963775216160252	0.0	0.1692612746452017	0.1692612746452017	0.1692612746452017	0.0109868490111339	0.2192770764428684	0.2192770764428684	0.2192770764428684	0.0096865343224163	0.8704972544023477	0.7940336559307262	0.1692612746452017	0.0963775216160252	27	RUNX1	10000
39	RUNX1	BaggingClassifier_LogisticRegression	mono	0.8652312176278943	0.8704972544023477	0.7940336559307262	0.8709337484387146	0.8745876036791479	0.7798282084081933	0.814855504301438	0.814855504301438	0.814855504301438	0.0	0.8885530009809922	0.8886996479301879	0.8888981857195652	0.0038371293402371	0.8853568253281975	0.8853197539675719	0.8865464120962643	0.0029120937570984	0.2192770764428684	0.1692612746452017	0.0963775216160252	0.235120998709725	0.1721671898365432	0.1056793741533279	0.1273255890248551	0.1273255890248551	0.1273255890248551	0.0	0.199565958390036	0.2017309856180156	0.1981968661832199	0.0109868490111339	0.2670857837201167	0.2672920586397565	0.2678292036649279	0.0096865343224163	0.8704972544023477	0.7940336559307262	0.1692612746452017	0.0963775216160252	27	RUNX1	10000
20	RUNX1	Single best di PWM	di	0.8652312176278943	0.8704972544023477	0.7940336559307262	0.8709337484387146	0.8745876036791479	0.7798282084081933	0.7798282084081933	0.7798282084081933	0.7798282084081933	0.0	0.8745876036791479	0.8745876036791479	0.8745876036791479	0.0	0.8709337484387146	0.8709337484387146	0.8709337484387146	0.0	0.2192770764428684	0.1692612746452017	0.0963775216160252	0.235120998709725	0.1721671898365432	0.1056793741533279	0.1056793741533279	0.1056793741533279	0.1056793741533279	0.0	0.1721671898365432	0.1721671898365432	0.1721671898365432	0.0	0.235120998709725	0.235120998709725	0.235120998709725	0.0	0.8704972544023477	0.7940336559307262	0.1692612746452017	0.0963775216160252	27	RUNX1	10000
20	RUNX1	BaggingClassifier_LogisticRegression	di	0.8652312176278943	0.8704972544023477	0.7940336559307262	0.8709337484387146	0.8745876036791479	0.7798282084081933	0.8152087328777654	0.8152087328777654	0.8152087328777654	0.0	0.8964224281443123	0.8963565566996177	0.8957644141205784	0.0046983333286589	0.8879692987972644	0.887954121262965	0.8878793990734943	0.0024617407377241	0.2192770764428684	0.1692612746452017	0.0963775216160252	0.235120998709725	0.1721671898365432	0.1056793741533279	0.1308927890408085	0.1308927890408085	0.1308927890408085	0.0	0.199476657076129	0.2003537749600089	0.1952962871848735	0.0079937735460767	0.2639679875938254	0.2639063166430573	0.2663128191346045	0.007555338427517	0.8704972544023477	0.7940336559307262	0.1692612746452017	0.0963775216160252	27	RUNX1	10000
39	RUNX1	BaggingClassifier_LogisticRegression	mono+di	0.8652312176278943	0.8704972544023477	0.7940336559307262	0.8709337484387146	0.8745876036791479	0.7798282084081933	0.8212602712891175	0.8212602712891175	0.8212602712891175	0.0	0.8997572329819543	0.8997759458716718	0.901459886612574	0.0046535067366365	0.8931121090235743	0.8930051579714456	0.8942798604569154	0.0022613284408706	0.2192770764428684	0.1692612746452017	0.0963775216160252	0.235120998709725	0.1721671898365432	0.1056793741533279	0.1381542810990679	0.1381542810990679	0.1381542810990679	0.0	0.206585013862269	0.2086501250264026	0.2112534786507979	0.0101546879838213	0.2882864826521093	0.2885047534730552	0.2891045553948829	0.010132898394475	0.8704972544023477	0.7940336559307262	0.1692612746452017	0.0963775216160252	27	RUNX1	10000
9	RXRA	Single best mono PWM	mono	0.7527212937650866	0.7474783442899975	0.7636988056377928	0.7718587134520329	0.7812152360624633	0.7685059103376845	0.7636988056377928	0.7636988056377928	0.7636988056377928	0.0	0.7474783442899975	0.7474783442899975	0.7474783442899975	0.0239237278448661	0.7527212937650866	0.7527212937650866	0.7527212937650866	0.0117011834736273	0.1182380591648955	0.0918692404488633	0.1817188797956739	0.1172645867959108	0.0866801308010546	0.1782441955043317	0.1817188797956739	0.1817188797956739	0.1817188797956739	0.0	0.0918692404488633	0.0918692404488633	0.0918692404488633	0.025109289725493	0.1182380591648955	0.1182380591648955	0.1182380591648955	0.0193103678429963	0.7474783442899975	0.7636988056377928	0.0918692404488633	0.1817188797956739	28	RXRA	3918
9	RXRA	RandomForestClassifier	mono	0.7527212937650866	0.7474783442899975	0.7636988056377928	0.7718587134520329	0.7812152360624633	0.7685059103376845	0.8181744949340298	0.8181744949340298	0.8181744949340298	0.0	0.8273571258901483	0.8269293498519772	0.8259219607517047	0.0239237278448661	0.8475998201597107	0.8465777902198344	0.8496408005958804	0.0117011834736273	0.1182380591648955	0.0918692404488633	0.1817188797956739	0.1172645867959108	0.0866801308010546	0.1782441955043317	0.2542587670764438	0.2542587670764438	0.2542587670764438	0.0	0.0939999599032111	0.1002527728220679	0.0917572732455971	0.025109289725493	0.238395805076761	0.2353156004880079	0.2426832912624495	0.0193103678429963	0.7474783442899975	0.7636988056377928	0.0918692404488633	0.1817188797956739	28	RXRA	3918
4	RXRA	Single best di PWM	di	0.7527212937650866	0.7474783442899975	0.7636988056377928	0.7718587134520329	0.7812152360624633	0.7685059103376845	0.7685059103376845	0.7685059103376845	0.7685059103376845	0.0	0.7812152360624633	0.7812152360624633	0.7812152360624633	0.0	0.7718587134520329	0.7718587134520329	0.7718587134520329	0.0	0.1182380591648955	0.0918692404488633	0.1817188797956739	0.1172645867959108	0.0866801308010546	0.1782441955043317	0.1782441955043317	0.1782441955043317	0.1782441955043317	0.0	0.0866801308010546	0.0866801308010546	0.0866801308010546	0.0	0.1172645867959108	0.1172645867959108	0.1172645867959108	0.0	0.7474783442899975	0.7636988056377928	0.0918692404488633	0.1817188797956739	28	RXRA	3918
4	RXRA	RandomForestClassifier	di	0.7527212937650866	0.7474783442899975	0.7636988056377928	0.7718587134520329	0.7812152360624633	0.7685059103376845	0.7817359192157604	0.7817359192157604	0.7817359192157604	0.0	0.8009051748015471	0.7998750786893591	0.7994485905538001	0.0205261470551306	0.8167153336380929	0.8170610632777124	0.8193346246743989	0.0111900236422735	0.1182380591648955	0.0918692404488633	0.1817188797956739	0.1172645867959108	0.0866801308010546	0.1782441955043317	0.2167134191026164	0.2167134191026164	0.2167134191026164	0.0	0.0906804660629875	0.0939092689504273	0.0999028305983361	0.0247016823657722	0.2134375383923997	0.212247721105315	0.2206714650632902	0.0193874076068959	0.7474783442899975	0.7636988056377928	0.0918692404488633	0.1817188797956739	28	RXRA	3918
9	RXRA	RandomForestClassifier	mono+di	0.7527212937650866	0.7474783442899975	0.7636988056377928	0.7718587134520329	0.7812152360624633	0.7685059103376845	0.8175789431273885	0.8175789431273885	0.8175789431273885	0.0	0.8265233415394582	0.8257024045897118	0.8237054091135873	0.0248080332919601	0.8474654200814133	0.8481662623999542	0.8508864305959574	0.0119529958113675	0.1182380591648955	0.0918692404488633	0.1817188797956739	0.1172645867959108	0.0866801308010546	0.1782441955043317	0.2544048775748525	0.2544048775748525	0.2544048775748525	0.0	0.098986180919534	0.1066538117220386	0.0997049520548937	0.027111317324226	0.2428213960712144	0.2437402700127503	0.2501979538121298	0.0215457515548204	0.7474783442899975	0.7636988056377928	0.0918692404488633	0.1817188797956739	28	RXRA	3918
9	RXRA	Single best mono PWM	mono	0.7527212937650866	0.7474783442899975	0.7636988056377928	0.7718587134520329	0.7812152360624633	0.7685059103376845	0.7636988056377928	0.7636988056377928	0.7636988056377928	0.0	0.7474783442899975	0.7474783442899975	0.7474783442899975	0.0223835006150919	0.7527212937650866	0.7527212937650866	0.7527212937650866	0.0095265776169105	0.1182380591648955	0.0918692404488633	0.1817188797956739	0.1172645867959108	0.0866801308010546	0.1782441955043317	0.1817188797956739	0.1817188797956739	0.1817188797956739	0.0	0.0918692404488633	0.0918692404488633	0.0918692404488633	0.0352926629279725	0.1182380591648955	0.1182380591648955	0.1182380591648955	0.0082785681792963	0.7474783442899975	0.7636988056377928	0.0918692404488633	0.1817188797956739	28	RXRA	3918
9	RXRA	LogisticRegression	mono	0.7527212937650866	0.7474783442899975	0.7636988056377928	0.7718587134520329	0.7812152360624633	0.7685059103376845	0.8179294653829617	0.8179294653829617	0.8179294653829617	0.0	0.8214145834065986	0.821101627562449	0.8211131090969566	0.0223835006150919	0.8227445837412303	0.8228234235218619	0.8230266548406776	0.0095265776169105	0.1182380591648955	0.0918692404488633	0.1817188797956739	0.1172645867959108	0.0866801308010546	0.1782441955043317	0.2582945598194813	0.2582945598194813	0.2582945598194813	0.0	0.0928240593501125	0.0968090578431157	0.076205754980349	0.0352926629279725	0.135433899578671	0.1360335267483387	0.139694326615988	0.0082785681792963	0.7474783442899975	0.7636988056377928	0.0918692404488633	0.1817188797956739	28	RXRA	3918
4	RXRA	Single best di PWM	di	0.7527212937650866	0.7474783442899975	0.7636988056377928	0.7718587134520329	0.7812152360624633	0.7685059103376845	0.7685059103376845	0.7685059103376845	0.7685059103376845	0.0	0.7812152360624633	0.7812152360624633	0.7812152360624633	0.0	0.7718587134520329	0.7718587134520329	0.7718587134520329	0.0	0.1182380591648955	0.0918692404488633	0.1817188797956739	0.1172645867959108	0.0866801308010546	0.1782441955043317	0.1782441955043317	0.1782441955043317	0.1782441955043317	0.0	0.0866801308010546	0.0866801308010546	0.0866801308010546	0.0	0.1172645867959108	0.1172645867959108	0.1172645867959108	0.0	0.7474783442899975	0.7636988056377928	0.0918692404488633	0.1817188797956739	28	RXRA	3918
4	RXRA	LogisticRegression	di	0.7527212937650866	0.7474783442899975	0.7636988056377928	0.7718587134520329	0.7812152360624633	0.7685059103376845	0.7778258998527778	0.7778258998527778	0.7778258998527778	0.0	0.7986381963097533	0.7986122595637971	0.7994381964077831	0.0161471928040539	0.7971513676355452	0.7975053242771858	0.7958129261083613	0.0096525390921395	0.1182380591648955	0.0918692404488633	0.1817188797956739	0.1172645867959108	0.0866801308010546	0.1782441955043317	0.2206407066479422	0.2206407066479422	0.2206407066479422	0.0	0.0797112749213171	0.0880048986955412	0.0687839801936275	0.0311936522366525	0.1256717660474381	0.1264712258178601	0.1258815692117502	0.0083974402737059	0.7474783442899975	0.7636988056377928	0.0918692404488633	0.1817188797956739	28	RXRA	3918
9	RXRA	LogisticRegression	mono+di	0.7527212937650866	0.7474783442899975	0.7636988056377928	0.7718587134520329	0.7812152360624633	0.7685059103376845	0.8167265867541931	0.8167265867541931	0.8167265867541931	0.0	0.8259530579696216	0.8256707295347162	0.8214374064526858	0.0217179529444504	0.825906564864864	0.8259651093202309	0.8255182181494685	0.0097720677471983	0.1182380591648955	0.0918692404488633	0.1817188797956739	0.1172645867959108	0.0866801308010546	0.1782441955043317	0.2596067450202998	0.2596067450202998	0.2596067450202998	0.0	0.0971510843138541	0.1039489194963592	0.0809462601418851	0.0391890084955705	0.1389007023327104	0.1391980200443091	0.1410815916838644	0.0081253928084296	0.7474783442899975	0.7636988056377928	0.0918692404488633	0.1817188797956739	28	RXRA	3918
9	RXRA	Single best mono PWM	mono	0.7527212937650866	0.7474783442899975	0.7636988056377928	0.7718587134520329	0.7812152360624633	0.7685059103376845	0.7636988056377928	0.7636988056377928	0.7636988056377928	0.0	0.7474783442899975	0.7474783442899975	0.7474783442899975	0.0250265682442597	0.7527212937650866	0.7527212937650866	0.7527212937650866	0.0148509613042256	0.1182380591648955	0.0918692404488633	0.1817188797956739	0.1172645867959108	0.0866801308010546	0.1782441955043317	0.1817188797956739	0.1817188797956739	0.1817188797956739	0.0	0.0918692404488633	0.0918692404488633	0.0918692404488633	0.0196086931724467	0.1182380591648955	0.1182380591648955	0.1182380591648955	0.0258677750787206	0.7474783442899975	0.7636988056377928	0.0918692404488633	0.1817188797956739	28	RXRA	3918
9	RXRA	XGBClassifier	mono	0.7527212937650866	0.7474783442899975	0.7636988056377928	0.7718587134520329	0.7812152360624633	0.7685059103376845	0.8109597883233721	0.8109597883233721	0.8109597883233721	0.0	0.8153047952656275	0.8143006771870958	0.8147429774861239	0.0250265682442597	0.8845961233692244	0.8800383403637456	0.8827541554567007	0.0148509613042256	0.1182380591648955	0.0918692404488633	0.1817188797956739	0.1172645867959108	0.0866801308010546	0.1782441955043317	0.2453724795750992	0.2453724795750992	0.2453724795750992	0.0	0.0841880991566728	0.095234912255882	0.0931533856856422	0.0196086931724467	0.2745490063334399	0.2737821866160778	0.2739188727235646	0.0258677750787206	0.7474783442899975	0.7636988056377928	0.0918692404488633	0.1817188797956739	28	RXRA	3918
4	RXRA	Single best di PWM	di	0.7527212937650866	0.7474783442899975	0.7636988056377928	0.7718587134520329	0.7812152360624633	0.7685059103376845	0.7685059103376845	0.7685059103376845	0.7685059103376845	0.0	0.7812152360624633	0.7812152360624633	0.7812152360624633	0.0	0.7718587134520329	0.7718587134520329	0.7718587134520329	0.0	0.1182380591648955	0.0918692404488633	0.1817188797956739	0.1172645867959108	0.0866801308010546	0.1782441955043317	0.1782441955043317	0.1782441955043317	0.1782441955043317	0.0	0.0866801308010546	0.0866801308010546	0.0866801308010546	0.0	0.1172645867959108	0.1172645867959108	0.1172645867959108	0.0	0.7474783442899975	0.7636988056377928	0.0918692404488633	0.1817188797956739	28	RXRA	3918
4	RXRA	XGBClassifier	di	0.7527212937650866	0.7474783442899975	0.7636988056377928	0.7718587134520329	0.7812152360624633	0.7685059103376845	0.7719996776848856	0.7719996776848856	0.7719996776848856	0.0	0.7969380206298703	0.7953732231066203	0.7967949650756694	0.0173822653726997	0.8465671827196175	0.8463943434759741	0.852810565376296	0.0173469683968962	0.1182380591648955	0.0918692404488633	0.1817188797956739	0.1172645867959108	0.0866801308010546	0.1782441955043317	0.2071801218088761	0.2071801218088761	0.2071801218088761	0.0	0.0878924625370161	0.0971616185681534	0.0940828645661961	0.030296368865223	0.2295994803504741	0.233931768598713	0.2390625956521171	0.0229173973153548	0.7474783442899975	0.7636988056377928	0.0918692404488633	0.1817188797956739	28	RXRA	3918
9	RXRA	XGBClassifier	mono+di	0.7527212937650866	0.7474783442899975	0.7636988056377928	0.7718587134520329	0.7812152360624633	0.7685059103376845	0.8125835744015535	0.8125835744015535	0.8125835744015535	0.0	0.8173626637865881	0.8180303389201286	0.8190322010643606	0.0240464465955611	0.8899085737346668	0.8865036997762754	0.8919397034674408	0.0146532035034561	0.1182380591648955	0.0918692404488633	0.1817188797956739	0.1172645867959108	0.0866801308010546	0.1782441955043317	0.2426780920446773	0.2426780920446773	0.2426780920446773	0.0	0.1070381811403507	0.0996361108106987	0.103462140551863	0.0224899368173735	0.3015859201359759	0.2922469027011017	0.2986635298168547	0.0264101583668052	0.7474783442899975	0.7636988056377928	0.0918692404488633	0.1817188797956739	28	RXRA	3918
9	RXRA	Single best mono PWM	mono	0.7527212937650866	0.7474783442899975	0.7636988056377928	0.7718587134520329	0.7812152360624633	0.7685059103376845	0.7636988056377928	0.7636988056377928	0.7636988056377928	0.0	0.7474783442899975	0.7474783442899975	0.7474783442899975	0.0244861044606104	0.7527212937650866	0.7527212937650866	0.7527212937650866	0.0156435929409095	0.1182380591648955	0.0918692404488633	0.1817188797956739	0.1172645867959108	0.0866801308010546	0.1782441955043317	0.1817188797956739	0.1817188797956739	0.1817188797956739	0.0	0.0918692404488633	0.0918692404488633	0.0918692404488633	0.0206199180877533	0.1182380591648955	0.1182380591648955	0.1182380591648955	0.0298220155277152	0.7474783442899975	0.7636988056377928	0.0918692404488633	0.1817188797956739	28	RXRA	3918
9	RXRA	BaggingClassifier_XGBClassifier	mono	0.7527212937650866	0.7474783442899975	0.7636988056377928	0.7718587134520329	0.7812152360624633	0.7685059103376845	0.8155141445142633	0.8155141445142633	0.8155141445142633	0.0	0.8200499358630677	0.821244007538897	0.8188705720937968	0.0244861044606104	0.902878354322492	0.8996777807917151	0.9039539787125528	0.0156435929409095	0.1182380591648955	0.0918692404488633	0.1817188797956739	0.1172645867959108	0.0866801308010546	0.1782441955043317	0.2565004050422318	0.2565004050422318	0.2565004050422318	0.0	0.0940426680564032	0.0984029908115425	0.0931318822510792	0.0206199180877533	0.2942373336384102	0.2942516836548502	0.298222639121449	0.0298220155277152	0.7474783442899975	0.7636988056377928	0.0918692404488633	0.1817188797956739	28	RXRA	3918
4	RXRA	Single best di PWM	di	0.7527212937650866	0.7474783442899975	0.7636988056377928	0.7718587134520329	0.7812152360624633	0.7685059103376845	0.7685059103376845	0.7685059103376845	0.7685059103376845	0.0	0.7812152360624633	0.7812152360624633	0.7812152360624633	0.0	0.7718587134520329	0.7718587134520329	0.7718587134520329	0.0	0.1182380591648955	0.0918692404488633	0.1817188797956739	0.1172645867959108	0.0866801308010546	0.1782441955043317	0.1782441955043317	0.1782441955043317	0.1782441955043317	0.0	0.0866801308010546	0.0866801308010546	0.0866801308010546	0.0	0.1172645867959108	0.1172645867959108	0.1172645867959108	0.0	0.7474783442899975	0.7636988056377928	0.0918692404488633	0.1817188797956739	28	RXRA	3918
4	RXRA	BaggingClassifier_XGBClassifier	di	0.7527212937650866	0.7474783442899975	0.7636988056377928	0.7718587134520329	0.7812152360624633	0.7685059103376845	0.7767740015430673	0.7767740015430673	0.7767740015430673	0.0	0.794915901291376	0.7953075846471506	0.7973791160818227	0.0194025259046833	0.8690655419330243	0.865535151323173	0.8733046645387448	0.0176448185539097	0.1182380591648955	0.0918692404488633	0.1817188797956739	0.1172645867959108	0.0866801308010546	0.1782441955043317	0.2152690150266777	0.2152690150266777	0.2152690150266777	0.0	0.0888332275822866	0.0911049704049737	0.0912643250215886	0.0255974324735874	0.2567552554271886	0.2553681162038438	0.2584246621622753	0.0254981032887619	0.7474783442899975	0.7636988056377928	0.0918692404488633	0.1817188797956739	28	RXRA	3918
9	RXRA	BaggingClassifier_XGBClassifier	mono+di	0.7527212937650866	0.7474783442899975	0.7636988056377928	0.7718587134520329	0.7812152360624633	0.7685059103376845	0.8161638891394811	0.8161638891394811	0.8161638891394811	0.0	0.822147933608383	0.8238426796221318	0.8228858307001496	0.0197357792852043	0.9096583150628392	0.9073480169030492	0.9133405961539296	0.0160981033277356	0.1182380591648955	0.0918692404488633	0.1817188797956739	0.1172645867959108	0.0866801308010546	0.1782441955043317	0.2501406476626081	0.2501406476626081	0.2501406476626081	0.0	0.100462878908168	0.1074991936343146	0.0990894818411362	0.0254451901381184	0.3296644884206339	0.3248714732374364	0.3305192957680019	0.032464615830728	0.7474783442899975	0.7636988056377928	0.0918692404488633	0.1817188797956739	28	RXRA	3918
9	RXRA	Single best mono PWM	mono	0.7527212937650866	0.7474783442899975	0.7636988056377928	0.7718587134520329	0.7812152360624633	0.7685059103376845	0.7636988056377928	0.7636988056377928	0.7636988056377928	0.0	0.7474783442899975	0.7474783442899975	0.7474783442899975	0.0224590614403872	0.7527212937650866	0.7527212937650866	0.7527212937650866	0.0094781129902249	0.1182380591648955	0.0918692404488633	0.1817188797956739	0.1172645867959108	0.0866801308010546	0.1782441955043317	0.1817188797956739	0.1817188797956739	0.1817188797956739	0.0	0.0918692404488633	0.0918692404488633	0.0918692404488633	0.0353280605114224	0.1182380591648955	0.1182380591648955	0.1182380591648955	0.008053691029997	0.7474783442899975	0.7636988056377928	0.0918692404488633	0.1817188797956739	28	RXRA	3918
9	RXRA	BaggingClassifier_LogisticRegression	mono	0.7527212937650866	0.7474783442899975	0.7636988056377928	0.7718587134520329	0.7812152360624633	0.7685059103376845	0.8178881168164963	0.8178881168164963	0.8178881168164963	0.0	0.8214375839164184	0.8211431828435555	0.8214935348411774	0.0224590614403872	0.8227458945701547	0.8227618537327944	0.8227355860752649	0.0094781129902249	0.1182380591648955	0.0918692404488633	0.1817188797956739	0.1172645867959108	0.0866801308010546	0.1782441955043317	0.2579963945713848	0.2579963945713848	0.2579963945713848	0.0	0.0925328784617162	0.0967304162092616	0.0762765304350696	0.0353280605114224	0.135537892535676	0.1359034726995563	0.1397635432326701	0.008053691029997	0.7474783442899975	0.7636988056377928	0.0918692404488633	0.1817188797956739	28	RXRA	3918
4	RXRA	Single best di PWM	di	0.7527212937650866	0.7474783442899975	0.7636988056377928	0.7718587134520329	0.7812152360624633	0.7685059103376845	0.7685059103376845	0.7685059103376845	0.7685059103376845	0.0	0.7812152360624633	0.7812152360624633	0.7812152360624633	0.0	0.7718587134520329	0.7718587134520329	0.7718587134520329	0.0	0.1182380591648955	0.0918692404488633	0.1817188797956739	0.1172645867959108	0.0866801308010546	0.1782441955043317	0.1782441955043317	0.1782441955043317	0.1782441955043317	0.0	0.0866801308010546	0.0866801308010546	0.0866801308010546	0.0	0.1172645867959108	0.1172645867959108	0.1172645867959108	0.0	0.7474783442899975	0.7636988056377928	0.0918692404488633	0.1817188797956739	28	RXRA	3918
4	RXRA	BaggingClassifier_LogisticRegression	di	0.7527212937650866	0.7474783442899975	0.7636988056377928	0.7718587134520329	0.7812152360624633	0.7685059103376845	0.7780207834216527	0.7780207834216527	0.7780207834216527	0.0	0.7986314887093735	0.7985747060372986	0.7992729294861134	0.016217357201647	0.7972065026774537	0.7975219830157528	0.7958329400046766	0.0096602233724557	0.1182380591648955	0.0918692404488633	0.1817188797956739	0.1172645867959108	0.0866801308010546	0.1782441955043317	0.2207798378681789	0.2207798378681789	0.2207798378681789	0.0	0.0796459821292065	0.0878672772520796	0.0687201142115384	0.0311584871236966	0.1256434638550922	0.1264736769933341	0.1258392606194199	0.0083927103099814	0.7474783442899975	0.7636988056377928	0.0918692404488633	0.1817188797956739	28	RXRA	3918
9	RXRA	BaggingClassifier_LogisticRegression	mono+di	0.7527212937650866	0.7474783442899975	0.7636988056377928	0.7718587134520329	0.7812152360624633	0.7685059103376845	0.8168236052030792	0.8168236052030792	0.8168236052030792	0.0	0.8259985299986953	0.8256743131278684	0.8219862173623815	0.021668776090873	0.8259080660631344	0.8259258608567952	0.8253757859206909	0.0097171507149593	0.1182380591648955	0.0918692404488633	0.1817188797956739	0.1172645867959108	0.0866801308010546	0.1782441955043317	0.2596973887019133	0.2596973887019133	0.2596973887019133	0.0	0.0970017207887224	0.103963181335335	0.0809531600068621	0.0391922073871488	0.1389303002157317	0.1389073456194765	0.1406656366274112	0.0081815588267817	0.7474783442899975	0.7636988056377928	0.0918692404488633	0.1817188797956739	28	RXRA	3918
30	SOX2	Single best mono PWM	mono	0.8379770188236917	0.8497995234641386	0.8084722883529287	0.8515961921585822	0.8624832223230404	0.8191066281234521	0.8084722883529287	0.8084722883529287	0.8084722883529287	0.0	0.8497995234641386	0.8497995234641386	0.8497995234641386	0.0129034289530411	0.8379770188236917	0.8379770188236917	0.8379770188236917	0.0076718044477819	0.1471085355927532	0.0909944296232043	0.1304876767004732	0.1647369246842104	0.0998252512680753	0.1330963688715425	0.1304876767004732	0.1304876767004732	0.1304876767004732	0.0	0.0909944296232043	0.0909944296232043	0.0909944296232043	0.0103835050650072	0.1471085355927532	0.1471085355927532	0.1471085355927532	0.019329391005273	0.8497995234641386	0.8084722883529287	0.0909944296232043	0.1304876767004732	29	SOX2	6374
30	SOX2	RandomForestClassifier	mono	0.8379770188236917	0.8497995234641386	0.8084722883529287	0.8515961921585822	0.8624832223230404	0.8191066281234521	0.8412791129270826	0.8412791129270826	0.8412791129270826	0.0	0.8664159442022779	0.8671957287881914	0.8651680064447949	0.0129034289530411	0.8748208778921037	0.8753024898707257	0.8766798598931056	0.0076718044477819	0.1471085355927532	0.0909944296232043	0.1304876767004732	0.1647369246842104	0.0998252512680753	0.1330963688715425	0.1811873263562342	0.1811873263562342	0.1811873263562342	0.0	0.1440688142350183	0.1456672421656818	0.1440714430335249	0.0103835050650072	0.293843046445886	0.2956106592431688	0.2961810829699425	0.019329391005273	0.8497995234641386	0.8084722883529287	0.0909944296232043	0.1304876767004732	29	SOX2	6374
16	SOX2	Single best di PWM	di	0.8379770188236917	0.8497995234641386	0.8084722883529287	0.8515961921585822	0.8624832223230404	0.8191066281234521	0.8191066281234521	0.8191066281234521	0.8191066281234521	0.0	0.8624832223230404	0.8624832223230404	0.8624832223230404	0.0	0.8515961921585822	0.8515961921585822	0.8515961921585822	0.0	0.1471085355927532	0.0909944296232043	0.1304876767004732	0.1647369246842104	0.0998252512680753	0.1330963688715425	0.1330963688715425	0.1330963688715425	0.1330963688715425	0.0	0.0998252512680753	0.0998252512680753	0.0998252512680753	0.0	0.1647369246842104	0.1647369246842104	0.1647369246842104	0.0	0.8497995234641386	0.8084722883529287	0.0909944296232043	0.1304876767004732	29	SOX2	6374
16	SOX2	RandomForestClassifier	di	0.8379770188236917	0.8497995234641386	0.8084722883529287	0.8515961921585822	0.8624832223230404	0.8191066281234521	0.8503919100778301	0.8503919100778301	0.8503919100778301	0.0	0.8763681486062257	0.8753825246054543	0.8723942643432361	0.0124855551683294	0.8837803208424267	0.8839024532464267	0.8836316685902547	0.0059859315267222	0.1471085355927532	0.0909944296232043	0.1304876767004732	0.1647369246842104	0.0998252512680753	0.1330963688715425	0.1841907425694537	0.1841907425694537	0.1841907425694537	0.0	0.1536016995377815	0.1545622182772973	0.1503199020821198	0.0164629459534717	0.3077458182780869	0.3054482641913345	0.3050357783028029	0.0168136072121959	0.8497995234641386	0.8084722883529287	0.0909944296232043	0.1304876767004732	29	SOX2	6374
30	SOX2	RandomForestClassifier	mono+di	0.8379770188236917	0.8497995234641386	0.8084722883529287	0.8515961921585822	0.8624832223230404	0.8191066281234521	0.8480469035501155	0.8480469035501155	0.8480469035501155	0.0	0.8736508022192708	0.8739154130356085	0.8712418579514748	0.0130761290198405	0.8828309052813611	0.8825382686653843	0.8835777858946658	0.0060825118188474	0.1471085355927532	0.0909944296232043	0.1304876767004732	0.1647369246842104	0.0998252512680753	0.1330963688715425	0.1849765888353647	0.1849765888353647	0.1849765888353647	0.0	0.155455398214779	0.1562113811690583	0.1545364310871584	0.0178701159391857	0.3106293327957752	0.3070743946002863	0.3092429647120845	0.0181325998464396	0.8497995234641386	0.8084722883529287	0.0909944296232043	0.1304876767004732	29	SOX2	6374
30	SOX2	Single best mono PWM	mono	0.8379770188236917	0.8497995234641386	0.8084722883529287	0.8515961921585822	0.8624832223230404	0.8191066281234521	0.8084722883529287	0.8084722883529287	0.8084722883529287	0.0	0.8497995234641386	0.8497995234641386	0.8497995234641386	0.0115385709517664	0.8379770188236917	0.8379770188236917	0.8379770188236917	0.0078766911567339	0.1471085355927532	0.0909944296232043	0.1304876767004732	0.1647369246842104	0.0998252512680753	0.1330963688715425	0.1304876767004732	0.1304876767004732	0.1304876767004732	0.0	0.0909944296232043	0.0909944296232043	0.0909944296232043	0.0115329213995476	0.1471085355927532	0.1471085355927532	0.1471085355927532	0.0126165480297993	0.8497995234641386	0.8084722883529287	0.0909944296232043	0.1304876767004732	29	SOX2	6374
30	SOX2	LogisticRegression	mono	0.8379770188236917	0.8497995234641386	0.8084722883529287	0.8515961921585822	0.8624832223230404	0.8191066281234521	0.8486125456682684	0.8486125456682684	0.8486125456682684	0.0	0.8611231378509596	0.8610473752407067	0.8616164394241264	0.0115385709517664	0.8651862335077333	0.8651902159845798	0.8662334018103596	0.0078766911567339	0.1471085355927532	0.0909944296232043	0.1304876767004732	0.1647369246842104	0.0998252512680753	0.1330963688715425	0.195945221700404	0.195945221700404	0.195945221700404	0.0	0.1145609987739459	0.1145722464109647	0.1156265643373625	0.0115329213995476	0.1947132025693593	0.1951394666393298	0.1979515127726759	0.0126165480297993	0.8497995234641386	0.8084722883529287	0.0909944296232043	0.1304876767004732	29	SOX2	6374
16	SOX2	Single best di PWM	di	0.8379770188236917	0.8497995234641386	0.8084722883529287	0.8515961921585822	0.8624832223230404	0.8191066281234521	0.8191066281234521	0.8191066281234521	0.8191066281234521	0.0	0.8624832223230404	0.8624832223230404	0.8624832223230404	0.0	0.8515961921585822	0.8515961921585822	0.8515961921585822	0.0	0.1471085355927532	0.0909944296232043	0.1304876767004732	0.1647369246842104	0.0998252512680753	0.1330963688715425	0.1330963688715425	0.1330963688715425	0.1330963688715425	0.0	0.0998252512680753	0.0998252512680753	0.0998252512680753	0.0	0.1647369246842104	0.1647369246842104	0.1647369246842104	0.0	0.8497995234641386	0.8084722883529287	0.0909944296232043	0.1304876767004732	29	SOX2	6374
16	SOX2	LogisticRegression	di	0.8379770188236917	0.8497995234641386	0.8084722883529287	0.8515961921585822	0.8624832223230404	0.8191066281234521	0.854124521266743	0.854124521266743	0.854124521266743	0.0	0.8732771221065591	0.8733872807139221	0.873248687652674	0.0134018996215359	0.8737563554276722	0.8737178152376098	0.8746716564508004	0.006239738398552	0.1471085355927532	0.0909944296232043	0.1304876767004732	0.1647369246842104	0.0998252512680753	0.1330963688715425	0.1957393335037381	0.1957393335037381	0.1957393335037381	0.0	0.1212727014820869	0.1217577793956734	0.1189228499889012	0.0119526824541783	0.2068434467823967	0.2076565653644878	0.2092424312131341	0.0109759819081786	0.8497995234641386	0.8084722883529287	0.0909944296232043	0.1304876767004732	29	SOX2	6374
30	SOX2	LogisticRegression	mono+di	0.8379770188236917	0.8497995234641386	0.8084722883529287	0.8515961921585822	0.8624832223230404	0.8191066281234521	0.8570399769819534	0.8570399769819534	0.8570399769819534	0.0	0.8739669109854544	0.8738359321523538	0.8730167530015074	0.0122720884496031	0.8768556144633841	0.8768440707892865	0.8769735073775217	0.0059412544141841	0.1471085355927532	0.0909944296232043	0.1304876767004732	0.1647369246842104	0.0998252512680753	0.1330963688715425	0.1996200477421845	0.1996200477421845	0.1996200477421845	0.0	0.1341295406429477	0.1349410278015778	0.1316725009672088	0.0159450480885479	0.2191224728656592	0.2199210822153195	0.2218103154276363	0.0128611556240967	0.8497995234641386	0.8084722883529287	0.0909944296232043	0.1304876767004732	29	SOX2	6374
30	SOX2	Single best mono PWM	mono	0.8379770188236917	0.8497995234641386	0.8084722883529287	0.8515961921585822	0.8624832223230404	0.8191066281234521	0.8084722883529287	0.8084722883529287	0.8084722883529287	0.0	0.8497995234641386	0.8497995234641386	0.8497995234641386	0.012409842452062	0.8379770188236917	0.8379770188236917	0.8379770188236917	0.0081671889228779	0.1471085355927532	0.0909944296232043	0.1304876767004732	0.1647369246842104	0.0998252512680753	0.1330963688715425	0.1304876767004732	0.1304876767004732	0.1304876767004732	0.0	0.0909944296232043	0.0909944296232043	0.0909944296232043	0.0158950190271104	0.1471085355927532	0.1471085355927532	0.1471085355927532	0.0316566537968829	0.8497995234641386	0.8084722883529287	0.0909944296232043	0.1304876767004732	29	SOX2	6374
30	SOX2	XGBClassifier	mono	0.8379770188236917	0.8497995234641386	0.8084722883529287	0.8515961921585822	0.8624832223230404	0.8191066281234521	0.8444865377994104	0.8444865377994104	0.8444865377994104	0.0	0.8620659160605004	0.8638850476396519	0.8605055004173447	0.012409842452062	0.911654998659787	0.9091010942393573	0.9101497301721668	0.0081671889228779	0.1471085355927532	0.0909944296232043	0.1304876767004732	0.1647369246842104	0.0998252512680753	0.1330963688715425	0.1816471221273105	0.1816471221273105	0.1816471221273105	0.0	0.1402616541741712	0.1412820171594724	0.145531812066827	0.0158950190271104	0.3804557573898646	0.375666735449981	0.389027723845659	0.0316566537968829	0.8497995234641386	0.8084722883529287	0.0909944296232043	0.1304876767004732	29	SOX2	6374
16	SOX2	Single best di PWM	di	0.8379770188236917	0.8497995234641386	0.8084722883529287	0.8515961921585822	0.8624832223230404	0.8191066281234521	0.8191066281234521	0.8191066281234521	0.8191066281234521	0.0	0.8624832223230404	0.8624832223230404	0.8624832223230404	0.0	0.8515961921585822	0.8515961921585822	0.8515961921585822	0.0	0.1471085355927532	0.0909944296232043	0.1304876767004732	0.1647369246842104	0.0998252512680753	0.1330963688715425	0.1330963688715425	0.1330963688715425	0.1330963688715425	0.0	0.0998252512680753	0.0998252512680753	0.0998252512680753	0.0	0.1647369246842104	0.1647369246842104	0.1647369246842104	0.0	0.8497995234641386	0.8084722883529287	0.0909944296232043	0.1304876767004732	29	SOX2	6374
16	SOX2	XGBClassifier	di	0.8379770188236917	0.8497995234641386	0.8084722883529287	0.8515961921585822	0.8624832223230404	0.8191066281234521	0.853171176269567	0.853171176269567	0.853171176269567	0.0	0.8740032161275274	0.8727354000152631	0.8686942935741906	0.0118351400560061	0.913304578898309	0.9134057279441912	0.915174291535824	0.007273996344418	0.1471085355927532	0.0909944296232043	0.1304876767004732	0.1647369246842104	0.0998252512680753	0.1330963688715425	0.1895204997330052	0.1895204997330052	0.1895204997330052	0.0	0.1425883190652471	0.1490359172031141	0.1496487785051897	0.010333205461993	0.3740187186836916	0.3768062067681353	0.3784022866679452	0.0255935338309231	0.8497995234641386	0.8084722883529287	0.0909944296232043	0.1304876767004732	29	SOX2	6374
30	SOX2	XGBClassifier	mono+di	0.8379770188236917	0.8497995234641386	0.8084722883529287	0.8515961921585822	0.8624832223230404	0.8191066281234521	0.852073298367021	0.852073298367021	0.852073298367021	0.0	0.8715943399613151	0.8757285795185492	0.8701125083068935	0.0116473438018933	0.921667816868336	0.9211818610612492	0.9227743929224552	0.0082920235172285	0.1471085355927532	0.0909944296232043	0.1304876767004732	0.1647369246842104	0.0998252512680753	0.1330963688715425	0.1894110015821818	0.1894110015821818	0.1894110015821818	0.0	0.1468633915151601	0.1517059170450419	0.1479068351985714	0.0221944481514497	0.4021850388112807	0.4038267812602729	0.4097639488187975	0.0318878117933264	0.8497995234641386	0.8084722883529287	0.0909944296232043	0.1304876767004732	29	SOX2	6374
30	SOX2	Single best mono PWM	mono	0.8379770188236917	0.8497995234641386	0.8084722883529287	0.8515961921585822	0.8624832223230404	0.8191066281234521	0.8084722883529287	0.8084722883529287	0.8084722883529287	0.0	0.8497995234641386	0.8497995234641386	0.8497995234641386	0.0118852096869721	0.8379770188236917	0.8379770188236917	0.8379770188236917	0.0085081044554618	0.1471085355927532	0.0909944296232043	0.1304876767004732	0.1647369246842104	0.0998252512680753	0.1330963688715425	0.1304876767004732	0.1304876767004732	0.1304876767004732	0.0	0.0909944296232043	0.0909944296232043	0.0909944296232043	0.013273600290521	0.1471085355927532	0.1471085355927532	0.1471085355927532	0.0300940444902724	0.8497995234641386	0.8084722883529287	0.0909944296232043	0.1304876767004732	29	SOX2	6374
30	SOX2	BaggingClassifier_XGBClassifier	mono	0.8379770188236917	0.8497995234641386	0.8084722883529287	0.8515961921585822	0.8624832223230404	0.8191066281234521	0.8492988074033405	0.8492988074033405	0.8492988074033405	0.0	0.8665073509533231	0.8679496507361913	0.8649743593964073	0.0118852096869721	0.9258883873709702	0.9234088449724016	0.9262815059830428	0.0085081044554618	0.1471085355927532	0.0909944296232043	0.1304876767004732	0.1647369246842104	0.0998252512680753	0.1330963688715425	0.1901169406782547	0.1901169406782547	0.1901169406782547	0.0	0.1499076761670411	0.1536566492940085	0.1533526479866877	0.013273600290521	0.3960939054189468	0.3948569349615768	0.4031621124568401	0.0300940444902724	0.8497995234641386	0.8084722883529287	0.0909944296232043	0.1304876767004732	29	SOX2	6374
16	SOX2	Single best di PWM	di	0.8379770188236917	0.8497995234641386	0.8084722883529287	0.8515961921585822	0.8624832223230404	0.8191066281234521	0.8191066281234521	0.8191066281234521	0.8191066281234521	0.0	0.8624832223230404	0.8624832223230404	0.8624832223230404	0.0	0.8515961921585822	0.8515961921585822	0.8515961921585822	0.0	0.1471085355927532	0.0909944296232043	0.1304876767004732	0.1647369246842104	0.0998252512680753	0.1330963688715425	0.1330963688715425	0.1330963688715425	0.1330963688715425	0.0	0.0998252512680753	0.0998252512680753	0.0998252512680753	0.0	0.1647369246842104	0.1647369246842104	0.1647369246842104	0.0	0.8497995234641386	0.8084722883529287	0.0909944296232043	0.1304876767004732	29	SOX2	6374
16	SOX2	BaggingClassifier_XGBClassifier	di	0.8379770188236917	0.8497995234641386	0.8084722883529287	0.8515961921585822	0.8624832223230404	0.8191066281234521	0.8526352927281182	0.8526352927281182	0.8526352927281182	0.0	0.8759270446582356	0.8748896600300845	0.8738578290801177	0.0125463853762414	0.926738636209968	0.9261873170616806	0.9283338688036262	0.0075459613486091	0.1471085355927532	0.0909944296232043	0.1304876767004732	0.1647369246842104	0.0998252512680753	0.1330963688715425	0.1919351999909137	0.1919351999909137	0.1919351999909137	0.0	0.1581479850614365	0.1547500278051328	0.150356954309086	0.0141678709443718	0.394785338827541	0.3921728471710257	0.3941538864069767	0.0284570995582521	0.8497995234641386	0.8084722883529287	0.0909944296232043	0.1304876767004732	29	SOX2	6374
30	SOX2	BaggingClassifier_XGBClassifier	mono+di	0.8379770188236917	0.8497995234641386	0.8084722883529287	0.8515961921585822	0.8624832223230404	0.8191066281234521	0.8560316922574955	0.8560316922574955	0.8560316922574955	0.0	0.8753803682502183	0.8751241181439011	0.8704966510629839	0.0128834315874439	0.9377670959523008	0.9348830385850636	0.9374054267072024	0.0085015062629095	0.1471085355927532	0.0909944296232043	0.1304876767004732	0.1647369246842104	0.0998252512680753	0.1330963688715425	0.1966236476496712	0.1966236476496712	0.1966236476496712	0.0	0.1625524102296411	0.1631825836662222	0.1609366854757357	0.0148039668011866	0.4333205877084088	0.4292731854688901	0.4331420479857363	0.0304612341965423	0.8497995234641386	0.8084722883529287	0.0909944296232043	0.1304876767004732	29	SOX2	6374
30	SOX2	Single best mono PWM	mono	0.8379770188236917	0.8497995234641386	0.8084722883529287	0.8515961921585822	0.8624832223230404	0.8191066281234521	0.8084722883529287	0.8084722883529287	0.8084722883529287	0.0	0.8497995234641386	0.8497995234641386	0.8497995234641386	0.0115351213466799	0.8379770188236917	0.8379770188236917	0.8379770188236917	0.0079180427718672	0.1471085355927532	0.0909944296232043	0.1304876767004732	0.1647369246842104	0.0998252512680753	0.1330963688715425	0.1304876767004732	0.1304876767004732	0.1304876767004732	0.0	0.0909944296232043	0.0909944296232043	0.0909944296232043	0.0114015865965401	0.1471085355927532	0.1471085355927532	0.1471085355927532	0.0126607148866467	0.8497995234641386	0.8084722883529287	0.0909944296232043	0.1304876767004732	29	SOX2	6374
30	SOX2	BaggingClassifier_LogisticRegression	mono	0.8379770188236917	0.8497995234641386	0.8084722883529287	0.8515961921585822	0.8624832223230404	0.8191066281234521	0.8485370311631595	0.8485370311631595	0.8485370311631595	0.0	0.861146388665951	0.8610590324881634	0.861535446371338	0.0115351213466799	0.8652051748599329	0.8651942633288197	0.8662405993763145	0.0079180427718672	0.1471085355927532	0.0909944296232043	0.1304876767004732	0.1647369246842104	0.0998252512680753	0.1330963688715425	0.1955211408840396	0.1955211408840396	0.1955211408840396	0.0	0.1144588712440414	0.1144811417056078	0.1157633331459209	0.0114015865965401	0.1945232285919049	0.1952705225662594	0.1981689534412958	0.0126607148866467	0.8497995234641386	0.8084722883529287	0.0909944296232043	0.1304876767004732	29	SOX2	6374
16	SOX2	Single best di PWM	di	0.8379770188236917	0.8497995234641386	0.8084722883529287	0.8515961921585822	0.8624832223230404	0.8191066281234521	0.8191066281234521	0.8191066281234521	0.8191066281234521	0.0	0.8624832223230404	0.8624832223230404	0.8624832223230404	0.0	0.8515961921585822	0.8515961921585822	0.8515961921585822	0.0	0.1471085355927532	0.0909944296232043	0.1304876767004732	0.1647369246842104	0.0998252512680753	0.1330963688715425	0.1330963688715425	0.1330963688715425	0.1330963688715425	0.0	0.0998252512680753	0.0998252512680753	0.0998252512680753	0.0	0.1647369246842104	0.1647369246842104	0.1647369246842104	0.0	0.8497995234641386	0.8084722883529287	0.0909944296232043	0.1304876767004732	29	SOX2	6374
16	SOX2	BaggingClassifier_LogisticRegression	di	0.8379770188236917	0.8497995234641386	0.8084722883529287	0.8515961921585822	0.8624832223230404	0.8191066281234521	0.8540910676534976	0.8540910676534976	0.8540910676534976	0.0	0.8733917355701394	0.8733565920479103	0.8733028273938428	0.0132574839755389	0.8737322422463718	0.8737367659824268	0.8746244760758025	0.0062636450701124	0.1471085355927532	0.0909944296232043	0.1304876767004732	0.1647369246842104	0.0998252512680753	0.1330963688715425	0.1952320844111862	0.1952320844111862	0.1952320844111862	0.0	0.1210942627813392	0.1218134074441078	0.1196357362985707	0.0117402963592002	0.2069348657991115	0.2078347540731093	0.2093086055881218	0.0112266499620814	0.8497995234641386	0.8084722883529287	0.0909944296232043	0.1304876767004732	29	SOX2	6374
30	SOX2	BaggingClassifier_LogisticRegression	mono+di	0.8379770188236917	0.8497995234641386	0.8084722883529287	0.8515961921585822	0.8624832223230404	0.8191066281234521	0.8569687171481146	0.8569687171481146	0.8569687171481146	0.0	0.874100065121687	0.8737509659139903	0.8728603974290119	0.0122000345469645	0.8768146321669353	0.8768645465011564	0.8767662306845642	0.005988218821403	0.1471085355927532	0.0909944296232043	0.1304876767004732	0.1647369246842104	0.0998252512680753	0.1330963688715425	0.1991741731406639	0.1991741731406639	0.1991741731406639	0.0	0.1342905427347867	0.1350447207257224	0.131674083419464	0.0150426071304188	0.2189442161617182	0.2200459106138859	0.2218951512773754	0.0130729045926762	0.8497995234641386	0.8084722883529287	0.0909944296232043	0.1304876767004732	29	SOX2	6374
42	SPI1	Single best mono PWM	mono	0.9245346363349608	0.937466751383131	0.9381160405252345	0.9360763913147871	0.943832697065642	0.940978713386366	0.9381160405252345	0.9381160405252345	0.9381160405252345	0.0	0.937466751383131	0.937466751383131	0.937466751383131	0.0060813379554008	0.9245346363349608	0.9245346363349608	0.9245346363349608	0.0022078444093033	0.5728433458212623	0.5520927910784146	0.5622423042891276	0.6166773873213237	0.6022624667270297	0.5915352359568401	0.5622423042891276	0.5622423042891276	0.5622423042891276	0.0	0.5520927910784146	0.5520927910784146	0.5520927910784146	0.0234845832955696	0.5728433458212623	0.5728433458212623	0.5728433458212623	0.0115423722271157	0.937466751383131	0.9381160405252345	0.5520927910784146	0.5622423042891276	30	SPI1	10000
42	SPI1	RandomForestClassifier	mono	0.9245346363349608	0.937466751383131	0.9381160405252345	0.9360763913147871	0.943832697065642	0.940978713386366	0.9564043587345908	0.9564043587345908	0.9564043587345908	0.0	0.9565736831879258	0.9558761505193144	0.9547606004844011	0.0060813379554008	0.9499543002349264	0.9495969345852836	0.9494074085314612	0.0022078444093033	0.5728433458212623	0.5520927910784146	0.5622423042891276	0.6166773873213237	0.6022624667270297	0.5915352359568401	0.6305471467897248	0.6305471467897248	0.6305471467897248	0.0	0.6446136807122166	0.64446141629141	0.6552270352342677	0.0234845832955696	0.7076247343130996	0.7057619554718082	0.7101051377771068	0.0115423722271157	0.937466751383131	0.9381160405252345	0.5520927910784146	0.5622423042891276	30	SPI1	10000
21	SPI1	Single best di PWM	di	0.9245346363349608	0.937466751383131	0.9381160405252345	0.9360763913147871	0.943832697065642	0.940978713386366	0.940978713386366	0.940978713386366	0.940978713386366	0.0	0.943832697065642	0.943832697065642	0.943832697065642	0.0	0.9360763913147871	0.9360763913147871	0.9360763913147871	0.0	0.5728433458212623	0.5520927910784146	0.5622423042891276	0.6166773873213237	0.6022624667270297	0.5915352359568401	0.5915352359568401	0.5915352359568401	0.5915352359568401	0.0	0.6022624667270297	0.6022624667270297	0.6022624667270297	0.0	0.6166773873213237	0.6166773873213237	0.6166773873213237	0.0	0.937466751383131	0.9381160405252345	0.5520927910784146	0.5622423042891276	30	SPI1	10000
21	SPI1	RandomForestClassifier	di	0.9245346363349608	0.937466751383131	0.9381160405252345	0.9360763913147871	0.943832697065642	0.940978713386366	0.960772631308608	0.960772631308608	0.960772631308608	0.0	0.9615107173699166	0.962511992131658	0.9629669891473362	0.0045186518532031	0.9547757199621482	0.9549814916469784	0.9550247781584325	0.0020871304837867	0.5728433458212623	0.5520927910784146	0.5622423042891276	0.6166773873213237	0.6022624667270297	0.5915352359568401	0.6354030816235188	0.6354030816235188	0.6354030816235188	0.0	0.6710367368392549	0.6683537096217786	0.6814792234682514	0.0254128032022672	0.7213536934871653	0.7201557523183296	0.72357502838746	0.0075830681323437	0.937466751383131	0.9381160405252345	0.5520927910784146	0.5622423042891276	30	SPI1	10000
42	SPI1	RandomForestClassifier	mono+di	0.9245346363349608	0.937466751383131	0.9381160405252345	0.9360763913147871	0.943832697065642	0.940978713386366	0.960877503687704	0.960877503687704	0.960877503687704	0.0	0.9613282906066762	0.9618138776151148	0.9623094371683686	0.0056875015098785	0.9546740436991248	0.9547673060533124	0.9545558030455352	0.0019040838170142	0.5728433458212623	0.5520927910784146	0.5622423042891276	0.6166773873213237	0.6022624667270297	0.5915352359568401	0.6419347151256162	0.6419347151256162	0.6419347151256162	0.0	0.6718809357747036	0.6711581510090733	0.68447902130973	0.022940547168773	0.7267941198246082	0.7253661977832792	0.7285895154917365	0.0095899631641601	0.937466751383131	0.9381160405252345	0.5520927910784146	0.5622423042891276	30	SPI1	10000
42	SPI1	Single best mono PWM	mono	0.9245346363349608	0.937466751383131	0.9381160405252345	0.9360763913147871	0.943832697065642	0.940978713386366	0.9381160405252345	0.9381160405252345	0.9381160405252345	0.0	0.937466751383131	0.937466751383131	0.937466751383131	0.0071185502930589	0.9245346363349608	0.9245346363349608	0.9245346363349608	0.0017321343164724	0.5728433458212623	0.5520927910784146	0.5622423042891276	0.6166773873213237	0.6022624667270297	0.5915352359568401	0.5622423042891276	0.5622423042891276	0.5622423042891276	0.0	0.5520927910784146	0.5520927910784146	0.5520927910784146	0.0349352921915015	0.5728433458212623	0.5728433458212623	0.5728433458212623	0.0051441441659653	0.937466751383131	0.9381160405252345	0.5520927910784146	0.5622423042891276	30	SPI1	10000
42	SPI1	LogisticRegression	mono	0.9245346363349608	0.937466751383131	0.9381160405252345	0.9360763913147871	0.943832697065642	0.940978713386366	0.9569759640712254	0.9569759640712254	0.9569759640712254	0.0	0.9522344616317544	0.9521504475122476	0.9536890239015084	0.0071185502930589	0.9414948179673928	0.941459651373314	0.9419610002182576	0.0017321343164724	0.5728433458212623	0.5520927910784146	0.5622423042891276	0.6166773873213237	0.6022624667270297	0.5915352359568401	0.6214796667318443	0.6214796667318443	0.6214796667318443	0.0	0.6086072627049595	0.608827228432094	0.62717587978791	0.0349352921915015	0.6160371301534918	0.6159503032238126	0.6156032431825478	0.0051441441659653	0.937466751383131	0.9381160405252345	0.5520927910784146	0.5622423042891276	30	SPI1	10000
21	SPI1	Single best di PWM	di	0.9245346363349608	0.937466751383131	0.9381160405252345	0.9360763913147871	0.943832697065642	0.940978713386366	0.940978713386366	0.940978713386366	0.940978713386366	0.0	0.943832697065642	0.943832697065642	0.943832697065642	0.0	0.9360763913147871	0.9360763913147871	0.9360763913147871	0.0	0.5728433458212623	0.5520927910784146	0.5622423042891276	0.6166773873213237	0.6022624667270297	0.5915352359568401	0.5915352359568401	0.5915352359568401	0.5915352359568401	0.0	0.6022624667270297	0.6022624667270297	0.6022624667270297	0.0	0.6166773873213237	0.6166773873213237	0.6166773873213237	0.0	0.937466751383131	0.9381160405252345	0.5520927910784146	0.5622423042891276	30	SPI1	10000
21	SPI1	LogisticRegression	di	0.9245346363349608	0.937466751383131	0.9381160405252345	0.9360763913147871	0.943832697065642	0.940978713386366	0.9600153951770098	0.9600153951770098	0.9600153951770098	0.0	0.956656145319303	0.956642213344593	0.9582057236979208	0.005663608446437	0.9472705221579326	0.947272752069828	0.9474619649433408	0.0012649616893529	0.5728433458212623	0.5520927910784146	0.5622423042891276	0.6166773873213237	0.6022624667270297	0.5915352359568401	0.6256837921632915	0.6256837921632915	0.6256837921632915	0.0	0.6352281321074046	0.6358061517991703	0.6552277931311402	0.0340289793527611	0.6436998276946491	0.6440942740673504	0.6452067096920823	0.0048802900099383	0.937466751383131	0.9381160405252345	0.5520927910784146	0.5622423042891276	30	SPI1	10000
42	SPI1	LogisticRegression	mono+di	0.9245346363349608	0.937466751383131	0.9381160405252345	0.9360763913147871	0.943832697065642	0.940978713386366	0.9605839449873566	0.9605839449873566	0.9605839449873566	0.0	0.9590879950807178	0.9590484607437392	0.961243106875491	0.0058107391869695	0.9495848190031402	0.949571781659676	0.9497909162711246	0.0012593855543134	0.5728433458212623	0.5520927910784146	0.5622423042891276	0.6166773873213237	0.6022624667270297	0.5915352359568401	0.6371502775310979	0.6371502775310979	0.6371502775310979	0.0	0.6558255595029986	0.6558890752569903	0.6767530400760317	0.0371150861970181	0.6596739127057197	0.6598354190660377	0.6607155914457992	0.0041673519292694	0.937466751383131	0.9381160405252345	0.5520927910784146	0.5622423042891276	30	SPI1	10000
42	SPI1	Single best mono PWM	mono	0.9245346363349608	0.937466751383131	0.9381160405252345	0.9360763913147871	0.943832697065642	0.940978713386366	0.9381160405252345	0.9381160405252345	0.9381160405252345	0.0	0.937466751383131	0.937466751383131	0.937466751383131	0.0059222851846086	0.9245346363349608	0.9245346363349608	0.9245346363349608	0.004673872668306	0.5728433458212623	0.5520927910784146	0.5622423042891276	0.6166773873213237	0.6022624667270297	0.5915352359568401	0.5622423042891276	0.5622423042891276	0.5622423042891276	0.0	0.5520927910784146	0.5520927910784146	0.5520927910784146	0.0224959596840338	0.5728433458212623	0.5728433458212623	0.5728433458212623	0.0192689022148434	0.937466751383131	0.9381160405252345	0.5520927910784146	0.5622423042891276	30	SPI1	10000
42	SPI1	XGBClassifier	mono	0.9245346363349608	0.937466751383131	0.9381160405252345	0.9360763913147871	0.943832697065642	0.940978713386366	0.9569791503134548	0.9569791503134548	0.9569791503134548	0.0	0.9595888487610896	0.9597380820329744	0.9600816805933354	0.0059222851846086	0.9679290614245292	0.966688775281056	0.9686594647759112	0.004673872668306	0.5728433458212623	0.5520927910784146	0.5622423042891276	0.6166773873213237	0.6022624667270297	0.5915352359568401	0.6151824236101726	0.6151824236101726	0.6151824236101726	0.0	0.6240630686894016	0.6352003696453288	0.6407207316718848	0.0224959596840338	0.7605787923802511	0.7596705666112238	0.7652393551203548	0.0192689022148434	0.937466751383131	0.9381160405252345	0.5520927910784146	0.5622423042891276	30	SPI1	10000
21	SPI1	Single best di PWM	di	0.9245346363349608	0.937466751383131	0.9381160405252345	0.9360763913147871	0.943832697065642	0.940978713386366	0.940978713386366	0.940978713386366	0.940978713386366	0.0	0.943832697065642	0.943832697065642	0.943832697065642	0.0	0.9360763913147871	0.9360763913147871	0.9360763913147871	0.0	0.5728433458212623	0.5520927910784146	0.5622423042891276	0.6166773873213237	0.6022624667270297	0.5915352359568401	0.5915352359568401	0.5915352359568401	0.5915352359568401	0.0	0.6022624667270297	0.6022624667270297	0.6022624667270297	0.0	0.6166773873213237	0.6166773873213237	0.6166773873213237	0.0	0.937466751383131	0.9381160405252345	0.5520927910784146	0.5622423042891276	30	SPI1	10000
21	SPI1	XGBClassifier	di	0.9245346363349608	0.937466751383131	0.9381160405252345	0.9360763913147871	0.943832697065642	0.940978713386366	0.9589716438599728	0.9589716438599728	0.9589716438599728	0.0	0.9636620200417698	0.9650196414936696	0.9683426243567752	0.0045750326432129	0.968609683532087	0.9681584019647544	0.9695998826241924	0.0040201971460007	0.5728433458212623	0.5520927910784146	0.5622423042891276	0.6166773873213237	0.6022624667270297	0.5915352359568401	0.6292735277249182	0.6292735277249182	0.6292735277249182	0.0	0.6689099186792618	0.664097154381683	0.6731378912151132	0.0186368570770893	0.7689920508108147	0.766908758978678	0.7734461165899116	0.0154046747024806	0.937466751383131	0.9381160405252345	0.5520927910784146	0.5622423042891276	30	SPI1	10000
42	SPI1	XGBClassifier	mono+di	0.9245346363349608	0.937466751383131	0.9381160405252345	0.9360763913147871	0.943832697065642	0.940978713386366	0.9601706755083764	0.9601706755083764	0.9601706755083764	0.0	0.9643821170769412	0.9639402793575668	0.9655388860390184	0.0064304350791884	0.972289169377657	0.971799903456568	0.9722617900234992	0.0041328824323806	0.5728433458212623	0.5520927910784146	0.5622423042891276	0.6166773873213237	0.6022624667270297	0.5915352359568401	0.6293455303228783	0.6293455303228783	0.6293455303228783	0.0	0.6599857468482534	0.6676010636104631	0.6746498668684744	0.0190293654982133	0.7815746411803909	0.7779024492483942	0.7831316791550372	0.0206705753000354	0.937466751383131	0.9381160405252345	0.5520927910784146	0.5622423042891276	30	SPI1	10000
42	SPI1	Single best mono PWM	mono	0.9245346363349608	0.937466751383131	0.9381160405252345	0.9360763913147871	0.943832697065642	0.940978713386366	0.9381160405252345	0.9381160405252345	0.9381160405252345	0.0	0.937466751383131	0.937466751383131	0.937466751383131	0.0043424055808705	0.9245346363349608	0.9245346363349608	0.9245346363349608	0.0045563447867777	0.5728433458212623	0.5520927910784146	0.5622423042891276	0.6166773873213237	0.6022624667270297	0.5915352359568401	0.5622423042891276	0.5622423042891276	0.5622423042891276	0.0	0.5520927910784146	0.5520927910784146	0.5520927910784146	0.0185156627447049	0.5728433458212623	0.5728433458212623	0.5728433458212623	0.01889694647251	0.937466751383131	0.9381160405252345	0.5520927910784146	0.5622423042891276	30	SPI1	10000
42	SPI1	BaggingClassifier_XGBClassifier	mono	0.9245346363349608	0.937466751383131	0.9381160405252345	0.9360763913147871	0.943832697065642	0.940978713386366	0.9585221496022548	0.9585221496022548	0.9585221496022548	0.0	0.9609780852009292	0.9618057151983804	0.9620161788044436	0.0043424055808705	0.9737484209559948	0.9721595965118236	0.9730954222580146	0.0045563447867777	0.5728433458212623	0.5520927910784146	0.5622423042891276	0.6166773873213237	0.6022624667270297	0.5915352359568401	0.6271068190933224	0.6271068190933224	0.6271068190933224	0.0	0.6396957272654029	0.6416657622689241	0.6462715997745421	0.0185156627447049	0.7710931339496717	0.7694167395488437	0.7759648015063612	0.01889694647251	0.937466751383131	0.9381160405252345	0.5520927910784146	0.5622423042891276	30	SPI1	10000
21	SPI1	Single best di PWM	di	0.9245346363349608	0.937466751383131	0.9381160405252345	0.9360763913147871	0.943832697065642	0.940978713386366	0.940978713386366	0.940978713386366	0.940978713386366	0.0	0.943832697065642	0.943832697065642	0.943832697065642	0.0	0.9360763913147871	0.9360763913147871	0.9360763913147871	0.0	0.5728433458212623	0.5520927910784146	0.5622423042891276	0.6166773873213237	0.6022624667270297	0.5915352359568401	0.5915352359568401	0.5915352359568401	0.5915352359568401	0.0	0.6022624667270297	0.6022624667270297	0.6022624667270297	0.0	0.6166773873213237	0.6166773873213237	0.6166773873213237	0.0	0.937466751383131	0.9381160405252345	0.5520927910784146	0.5622423042891276	30	SPI1	10000
21	SPI1	BaggingClassifier_XGBClassifier	di	0.9245346363349608	0.937466751383131	0.9381160405252345	0.9360763913147871	0.943832697065642	0.940978713386366	0.9600429367295332	0.9600429367295332	0.9600429367295332	0.0	0.9653074759133696	0.9656110056623894	0.967111480258412	0.0043227421960101	0.9738776942379488	0.9730972003039324	0.9741468001648326	0.0040976888361313	0.5728433458212623	0.5520927910784146	0.5622423042891276	0.6166773873213237	0.6022624667270297	0.5915352359568401	0.6324065527189181	0.6324065527189181	0.6324065527189181	0.0	0.6774487983518546	0.676478634230809	0.6909586473302642	0.0236231602858868	0.7759193321341752	0.7746770099736209	0.778019556271046	0.0151123061048951	0.937466751383131	0.9381160405252345	0.5520927910784146	0.5622423042891276	30	SPI1	10000
42	SPI1	BaggingClassifier_XGBClassifier	mono+di	0.9245346363349608	0.937466751383131	0.9381160405252345	0.9360763913147871	0.943832697065642	0.940978713386366	0.9617004481219048	0.9617004481219048	0.9617004481219048	0.0	0.966440071716414	0.966214055563638	0.9683093610233884	0.0053499074675292	0.9781731609598552	0.9769282566619976	0.9780641390894096	0.0041240676708874	0.5728433458212623	0.5520927910784146	0.5622423042891276	0.6166773873213237	0.6022624667270297	0.5915352359568401	0.6434313030025999	0.6434313030025999	0.6434313030025999	0.0	0.6800652831836415	0.6770532431803377	0.6887027280694363	0.0221019317233297	0.7915661083503193	0.788855127311861	0.7948770123438011	0.0179119989709003	0.937466751383131	0.9381160405252345	0.5520927910784146	0.5622423042891276	30	SPI1	10000
42	SPI1	Single best mono PWM	mono	0.9245346363349608	0.937466751383131	0.9381160405252345	0.9360763913147871	0.943832697065642	0.940978713386366	0.9381160405252345	0.9381160405252345	0.9381160405252345	0.0	0.937466751383131	0.937466751383131	0.937466751383131	0.0071085272096857	0.9245346363349608	0.9245346363349608	0.9245346363349608	0.0017190059490111	0.5728433458212623	0.5520927910784146	0.5622423042891276	0.6166773873213237	0.6022624667270297	0.5915352359568401	0.5622423042891276	0.5622423042891276	0.5622423042891276	0.0	0.5520927910784146	0.5520927910784146	0.5520927910784146	0.034359076625822	0.5728433458212623	0.5728433458212623	0.5728433458212623	0.0050694906238081	0.937466751383131	0.9381160405252345	0.5520927910784146	0.5622423042891276	30	SPI1	10000
42	SPI1	BaggingClassifier_LogisticRegression	mono	0.9245346363349608	0.937466751383131	0.9381160405252345	0.9360763913147871	0.943832697065642	0.940978713386366	0.9568718489885156	0.9568718489885156	0.9568718489885156	0.0	0.9521210388856162	0.9521117880519948	0.9537432271044068	0.0071085272096857	0.9414850499277332	0.9415013332768416	0.9419460561119828	0.0017190059490111	0.5728433458212623	0.5520927910784146	0.5622423042891276	0.6166773873213237	0.6022624667270297	0.5915352359568401	0.6212016749853616	0.6212016749853616	0.6212016749853616	0.0	0.608084803908474	0.6086058856253549	0.6264807018137195	0.034359076625822	0.6159313278420222	0.6156347700333377	0.6152772009913497	0.0050694906238081	0.937466751383131	0.9381160405252345	0.5520927910784146	0.5622423042891276	30	SPI1	10000
21	SPI1	Single best di PWM	di	0.9245346363349608	0.937466751383131	0.9381160405252345	0.9360763913147871	0.943832697065642	0.940978713386366	0.940978713386366	0.940978713386366	0.940978713386366	0.0	0.943832697065642	0.943832697065642	0.943832697065642	0.0	0.9360763913147871	0.9360763913147871	0.9360763913147871	0.0	0.5728433458212623	0.5520927910784146	0.5622423042891276	0.6166773873213237	0.6022624667270297	0.5915352359568401	0.5915352359568401	0.5915352359568401	0.5915352359568401	0.0	0.6022624667270297	0.6022624667270297	0.6022624667270297	0.0	0.6166773873213237	0.6166773873213237	0.6166773873213237	0.0	0.937466751383131	0.9381160405252345	0.5520927910784146	0.5622423042891276	30	SPI1	10000
21	SPI1	BaggingClassifier_LogisticRegression	di	0.9245346363349608	0.937466751383131	0.9381160405252345	0.9360763913147871	0.943832697065642	0.940978713386366	0.959991303932673	0.959991303932673	0.959991303932673	0.0	0.95666015290119	0.9566314501399448	0.9582738534169056	0.0056826833459499	0.947283528791424	0.9473173202422128	0.9474965577819404	0.0012655112816949	0.5728433458212623	0.5520927910784146	0.5622423042891276	0.6166773873213237	0.6022624667270297	0.5915352359568401	0.6254700703625485	0.6254700703625485	0.6254700703625485	0.0	0.6350995707874545	0.6360887857007179	0.6553971455483235	0.0345031007554506	0.6436068732502842	0.6438784777423313	0.6450952579128444	0.0049042104340543	0.937466751383131	0.9381160405252345	0.5520927910784146	0.5622423042891276	30	SPI1	10000
42	SPI1	BaggingClassifier_LogisticRegression	mono+di	0.9245346363349608	0.937466751383131	0.9381160405252345	0.9360763913147871	0.943832697065642	0.940978713386366	0.9604958233458012	0.9604958233458012	0.9604958233458012	0.0	0.959019743507562	0.9590405460260716	0.961237396001988	0.0058095380797408	0.9496376769597988	0.9496208970234804	0.9497646257137884	0.0012699824962384	0.5728433458212623	0.5520927910784146	0.5622423042891276	0.6166773873213237	0.6022624667270297	0.5915352359568401	0.636333907134515	0.636333907134515	0.636333907134515	0.0	0.6547820361857756	0.6562310104586665	0.6765258092233836	0.0368392084480453	0.6595047697094811	0.659476773414844	0.6601443559763982	0.0041689947542608	0.937466751383131	0.9381160405252345	0.5520927910784146	0.5622423042891276	30	SPI1	10000
14	SRF	Single best mono PWM	mono	0.7884837460653273	0.7726668020245329	0.7768163819964249	0.8080286745700429	0.7994406290739325	0.7544998141805992	0.7768163819964249	0.7768163819964249	0.7768163819964249	0.0	0.7726668020245329	0.7726668020245329	0.7726668020245329	0.0078358305084548	0.7884837460653273	0.7884837460653273	0.7884837460653273	0.0102239465854199	0.3725475172698907	0.2687609775103451	0.1031616904712961	0.4342977459207985	0.3507017813076499	0.1548696401017915	0.1031616904712961	0.1031616904712961	0.1031616904712961	0.0	0.2687609775103451	0.2687609775103451	0.2687609775103451	0.0239673434892954	0.3725475172698907	0.3725475172698907	0.3725475172698907	0.0249113552338198	0.7726668020245329	0.7768163819964249	0.2687609775103451	0.1031616904712961	31	SRF	8305
14	SRF	RandomForestClassifier	mono	0.7884837460653273	0.7726668020245329	0.7768163819964249	0.8080286745700429	0.7994406290739325	0.7544998141805992	0.7773297579239256	0.7773297579239256	0.7773297579239256	0.0	0.8466955999908555	0.8474875793791979	0.8470143956140871	0.0078358305084548	0.8528984397292099	0.852170051140688	0.8558028779097997	0.0102239465854199	0.3725475172698907	0.2687609775103451	0.1031616904712961	0.4342977459207985	0.3507017813076499	0.1548696401017915	0.1308137365892338	0.1308137365892338	0.1308137365892338	0.0	0.3432395037311563	0.3408004552869562	0.3465210237723371	0.0239673434892954	0.4868381697282519	0.4861895521106701	0.4981120280796346	0.0249113552338198	0.7726668020245329	0.7768163819964249	0.2687609775103451	0.1031616904712961	31	SRF	8305
11	SRF	Single best di PWM	di	0.7884837460653273	0.7726668020245329	0.7768163819964249	0.8080286745700429	0.7994406290739325	0.7544998141805992	0.7544998141805992	0.7544998141805992	0.7544998141805992	0.0	0.7994406290739325	0.7994406290739325	0.7994406290739325	0.0	0.8080286745700429	0.8080286745700429	0.8080286745700429	0.0	0.3725475172698907	0.2687609775103451	0.1031616904712961	0.4342977459207985	0.3507017813076499	0.1548696401017915	0.1548696401017915	0.1548696401017915	0.1548696401017915	0.0	0.3507017813076499	0.3507017813076499	0.3507017813076499	0.0	0.4342977459207985	0.4342977459207985	0.4342977459207985	0.0	0.7726668020245329	0.7768163819964249	0.2687609775103451	0.1031616904712961	31	SRF	8305
11	SRF	RandomForestClassifier	di	0.7884837460653273	0.7726668020245329	0.7768163819964249	0.8080286745700429	0.7994406290739325	0.7544998141805992	0.8294629484158711	0.8294629484158711	0.8294629484158711	0.0	0.8629741222913196	0.8655192009095926	0.86468513118269	0.0077359732977319	0.8832193891341152	0.8806499028772118	0.8833277806555355	0.0077815921675843	0.3725475172698907	0.2687609775103451	0.1031616904712961	0.4342977459207985	0.3507017813076499	0.1548696401017915	0.1783570187957699	0.1783570187957699	0.1783570187957699	0.0	0.367987278447453	0.369208013435947	0.376288780138234	0.0159833794903727	0.5392736413864498	0.5374948548645914	0.5514366474667051	0.0239915005075654	0.7726668020245329	0.7768163819964249	0.2687609775103451	0.1031616904712961	31	SRF	8305
14	SRF	RandomForestClassifier	mono+di	0.7884837460653273	0.7726668020245329	0.7768163819964249	0.8080286745700429	0.7994406290739325	0.7544998141805992	0.8296138583241202	0.8296138583241202	0.8296138583241202	0.0	0.8709546882835139	0.8697503503416956	0.8674847361960707	0.0059150885112229	0.8859636355236057	0.8852036852914728	0.8872856482548491	0.0075141595219968	0.3725475172698907	0.2687609775103451	0.1031616904712961	0.4342977459207985	0.3507017813076499	0.1548696401017915	0.1666779484888262	0.1666779484888262	0.1666779484888262	0.0	0.3809764331381778	0.3795872430105556	0.3797953501939286	0.0131454427492272	0.5472582213020138	0.5460649640784012	0.5625560135166319	0.024794950809379	0.7726668020245329	0.7768163819964249	0.2687609775103451	0.1031616904712961	31	SRF	8305
14	SRF	Single best mono PWM	mono	0.7884837460653273	0.7726668020245329	0.7768163819964249	0.8080286745700429	0.7994406290739325	0.7544998141805992	0.7768163819964249	0.7768163819964249	0.7768163819964249	0.0	0.7726668020245329	0.7726668020245329	0.7726668020245329	0.0056031225831931	0.7884837460653273	0.7884837460653273	0.7884837460653273	0.0091669190181087	0.3725475172698907	0.2687609775103451	0.1031616904712961	0.4342977459207985	0.3507017813076499	0.1548696401017915	0.1031616904712961	0.1031616904712961	0.1031616904712961	0.0	0.2687609775103451	0.2687609775103451	0.2687609775103451	0.0219893822422759	0.3725475172698907	0.3725475172698907	0.3725475172698907	0.0199423811515774	0.7726668020245329	0.7768163819964249	0.2687609775103451	0.1031616904712961	31	SRF	8305
14	SRF	LogisticRegression	mono	0.7884837460653273	0.7726668020245329	0.7768163819964249	0.8080286745700429	0.7994406290739325	0.7544998141805992	0.8049928759233729	0.8049928759233729	0.8049928759233729	0.0	0.7962800626325388	0.7963486035452341	0.7953688830929244	0.0056031225831931	0.8138036876274373	0.8133530937796026	0.8136197258151738	0.0091669190181087	0.3725475172698907	0.2687609775103451	0.1031616904712961	0.4342977459207985	0.3507017813076499	0.1548696401017915	0.1291904952443981	0.1291904952443981	0.1291904952443981	0.0	0.3308981990001017	0.3320907839116761	0.3289005001752846	0.0219893822422759	0.4146792922179477	0.4158115280498896	0.4181148218122387	0.0199423811515774	0.7726668020245329	0.7768163819964249	0.2687609775103451	0.1031616904712961	31	SRF	8305
11	SRF	Single best di PWM	di	0.7884837460653273	0.7726668020245329	0.7768163819964249	0.8080286745700429	0.7994406290739325	0.7544998141805992	0.7544998141805992	0.7544998141805992	0.7544998141805992	0.0	0.7994406290739325	0.7994406290739325	0.7994406290739325	0.0	0.8080286745700429	0.8080286745700429	0.8080286745700429	0.0	0.3725475172698907	0.2687609775103451	0.1031616904712961	0.4342977459207985	0.3507017813076499	0.1548696401017915	0.1548696401017915	0.1548696401017915	0.1548696401017915	0.0	0.3507017813076499	0.3507017813076499	0.3507017813076499	0.0	0.4342977459207985	0.4342977459207985	0.4342977459207985	0.0	0.7726668020245329	0.7768163819964249	0.2687609775103451	0.1031616904712961	31	SRF	8305
11	SRF	LogisticRegression	di	0.7884837460653273	0.7726668020245329	0.7768163819964249	0.8080286745700429	0.7994406290739325	0.7544998141805992	0.8283919555264002	0.8283919555264002	0.8283919555264002	0.0	0.8428849658502678	0.8428743601226046	0.8422674718687695	0.005900656681646	0.8566991725850787	0.856517514859321	0.8594821988502661	0.0073373799676356	0.3725475172698907	0.2687609775103451	0.1031616904712961	0.4342977459207985	0.3507017813076499	0.1548696401017915	0.1522651987174035	0.1522651987174035	0.1522651987174035	0.0	0.3624908440616066	0.3632432991061237	0.3693626120977947	0.0129791715884022	0.4505075137741638	0.4512830775719464	0.4629565972199753	0.022026169733434	0.7726668020245329	0.7768163819964249	0.2687609775103451	0.1031616904712961	31	SRF	8305
14	SRF	LogisticRegression	mono+di	0.7884837460653273	0.7726668020245329	0.7768163819964249	0.8080286745700429	0.7994406290739325	0.7544998141805992	0.8267230383528844	0.8267230383528844	0.8267230383528844	0.0	0.8592425288671814	0.859123346229904	0.8603794589608613	0.0056820057679644	0.8648212139227434	0.8646632384362519	0.8658100255018062	0.0066832727845664	0.3725475172698907	0.2687609775103451	0.1031616904712961	0.4342977459207985	0.3507017813076499	0.1548696401017915	0.1570738161821754	0.1570738161821754	0.1570738161821754	0.0	0.3810070875837075	0.3805047676956166	0.3804926461832491	0.0134394989618318	0.4719285207815623	0.4726514210918667	0.4854128649591954	0.0210207937594294	0.7726668020245329	0.7768163819964249	0.2687609775103451	0.1031616904712961	31	SRF	8305
14	SRF	Single best mono PWM	mono	0.7884837460653273	0.7726668020245329	0.7768163819964249	0.8080286745700429	0.7994406290739325	0.7544998141805992	0.7768163819964249	0.7768163819964249	0.7768163819964249	0.0	0.7726668020245329	0.7726668020245329	0.7726668020245329	0.0069904177906773	0.7884837460653273	0.7884837460653273	0.7884837460653273	0.0096866648569924	0.3725475172698907	0.2687609775103451	0.1031616904712961	0.4342977459207985	0.3507017813076499	0.1548696401017915	0.1031616904712961	0.1031616904712961	0.1031616904712961	0.0	0.2687609775103451	0.2687609775103451	0.2687609775103451	0.0293167806845799	0.3725475172698907	0.3725475172698907	0.3725475172698907	0.0292415163742844	0.7726668020245329	0.7768163819964249	0.2687609775103451	0.1031616904712961	31	SRF	8305
14	SRF	XGBClassifier	mono	0.7884837460653273	0.7726668020245329	0.7768163819964249	0.8080286745700429	0.7994406290739325	0.7544998141805992	0.785564499723864	0.785564499723864	0.785564499723864	0.0	0.8434627880685649	0.8368032323793672	0.8375481624881265	0.0069904177906773	0.9106081259831194	0.9097699414121748	0.9113740012469438	0.0096866648569924	0.3725475172698907	0.2687609775103451	0.1031616904712961	0.4342977459207985	0.3507017813076499	0.1548696401017915	0.12399980662093	0.12399980662093	0.12399980662093	0.0	0.3453923058973783	0.3263753892573179	0.320696707344345	0.0293167806845799	0.5935461024768064	0.5921024526048423	0.5977488110053982	0.0292415163742844	0.7726668020245329	0.7768163819964249	0.2687609775103451	0.1031616904712961	31	SRF	8305
11	SRF	Single best di PWM	di	0.7884837460653273	0.7726668020245329	0.7768163819964249	0.8080286745700429	0.7994406290739325	0.7544998141805992	0.7544998141805992	0.7544998141805992	0.7544998141805992	0.0	0.7994406290739325	0.7994406290739325	0.7994406290739325	0.0	0.8080286745700429	0.8080286745700429	0.8080286745700429	0.0	0.3725475172698907	0.2687609775103451	0.1031616904712961	0.4342977459207985	0.3507017813076499	0.1548696401017915	0.1548696401017915	0.1548696401017915	0.1548696401017915	0.0	0.3507017813076499	0.3507017813076499	0.3507017813076499	0.0	0.4342977459207985	0.4342977459207985	0.4342977459207985	0.0	0.7726668020245329	0.7768163819964249	0.2687609775103451	0.1031616904712961	31	SRF	8305
11	SRF	XGBClassifier	di	0.7884837460653273	0.7726668020245329	0.7768163819964249	0.8080286745700429	0.7994406290739325	0.7544998141805992	0.8255280188631917	0.8255280188631917	0.8255280188631917	0.0	0.8623403153577056	0.8624308953159042	0.8632376179935778	0.0085671767507013	0.9290942646615794	0.9272236699822336	0.9318073546971862	0.0079432849841262	0.3725475172698907	0.2687609775103451	0.1031616904712961	0.4342977459207985	0.3507017813076499	0.1548696401017915	0.158074074400466	0.158074074400466	0.158074074400466	0.0	0.3750859592562179	0.3666763790432759	0.3656659669763784	0.0181950255838624	0.6294900831268552	0.6267001167438648	0.6387132009999748	0.0256898231146193	0.7726668020245329	0.7768163819964249	0.2687609775103451	0.1031616904712961	31	SRF	8305
14	SRF	XGBClassifier	mono+di	0.7884837460653273	0.7726668020245329	0.7768163819964249	0.8080286745700429	0.7994406290739325	0.7544998141805992	0.8237675149867387	0.8237675149867387	0.8237675149867387	0.0	0.874313989547057	0.8757941494429555	0.8763081763097667	0.0064502303516741	0.9377081527324572	0.935527914427203	0.9390589428157856	0.008586462263182	0.3725475172698907	0.2687609775103451	0.1031616904712961	0.4342977459207985	0.3507017813076499	0.1548696401017915	0.1588882837933276	0.1588882837933276	0.1588882837933276	0.0	0.3713923064503059	0.381778810343127	0.3821471475998779	0.0148388007471505	0.6596187772493253	0.6563804364716791	0.666328249052827	0.0260758097955161	0.7726668020245329	0.7768163819964249	0.2687609775103451	0.1031616904712961	31	SRF	8305
14	SRF	Single best mono PWM	mono	0.7884837460653273	0.7726668020245329	0.7768163819964249	0.8080286745700429	0.7994406290739325	0.7544998141805992	0.7768163819964249	0.7768163819964249	0.7768163819964249	0.0	0.7726668020245329	0.7726668020245329	0.7726668020245329	0.0088418322329694	0.7884837460653273	0.7884837460653273	0.7884837460653273	0.0097679542518486	0.3725475172698907	0.2687609775103451	0.1031616904712961	0.4342977459207985	0.3507017813076499	0.1548696401017915	0.1031616904712961	0.1031616904712961	0.1031616904712961	0.0	0.2687609775103451	0.2687609775103451	0.2687609775103451	0.024591482475833	0.3725475172698907	0.3725475172698907	0.3725475172698907	0.0297458706118446	0.7726668020245329	0.7768163819964249	0.2687609775103451	0.1031616904712961	31	SRF	8305
14	SRF	BaggingClassifier_XGBClassifier	mono	0.7884837460653273	0.7726668020245329	0.7768163819964249	0.8080286745700429	0.7994406290739325	0.7544998141805992	0.792828866999808	0.792828866999808	0.792828866999808	0.0	0.8436918108164405	0.8455539308770668	0.8455940630561729	0.0088418322329694	0.9296783779498702	0.92579252851444	0.9266730091417066	0.0097679542518486	0.3725475172698907	0.2687609775103451	0.1031616904712961	0.4342977459207985	0.3507017813076499	0.1548696401017915	0.1320832752230116	0.1320832752230116	0.1320832752230116	0.0	0.3296373618633298	0.3362132423971794	0.3385896532973468	0.024591482475833	0.6183295825987949	0.6140415167523169	0.6196307061469026	0.0297458706118446	0.7726668020245329	0.7768163819964249	0.2687609775103451	0.1031616904712961	31	SRF	8305
11	SRF	Single best di PWM	di	0.7884837460653273	0.7726668020245329	0.7768163819964249	0.8080286745700429	0.7994406290739325	0.7544998141805992	0.7544998141805992	0.7544998141805992	0.7544998141805992	0.0	0.7994406290739325	0.7994406290739325	0.7994406290739325	0.0	0.8080286745700429	0.8080286745700429	0.8080286745700429	0.0	0.3725475172698907	0.2687609775103451	0.1031616904712961	0.4342977459207985	0.3507017813076499	0.1548696401017915	0.1548696401017915	0.1548696401017915	0.1548696401017915	0.0	0.3507017813076499	0.3507017813076499	0.3507017813076499	0.0	0.4342977459207985	0.4342977459207985	0.4342977459207985	0.0	0.7726668020245329	0.7768163819964249	0.2687609775103451	0.1031616904712961	31	SRF	8305
11	SRF	BaggingClassifier_XGBClassifier	di	0.7884837460653273	0.7726668020245329	0.7768163819964249	0.8080286745700429	0.7994406290739325	0.7544998141805992	0.8328966736175188	0.8328966736175188	0.8328966736175188	0.0	0.8688701619973533	0.8682164030430404	0.8690855018802346	0.0062625551770932	0.9392653755666428	0.9380739252291492	0.9433787993690738	0.008738606391063	0.3725475172698907	0.2687609775103451	0.1031616904712961	0.4342977459207985	0.3507017813076499	0.1548696401017915	0.1705175884022233	0.1705175884022233	0.1705175884022233	0.0	0.3809685371159618	0.3728250017875456	0.3710632913462607	0.0135446665167339	0.6477838600468216	0.6419113480650004	0.653018531958852	0.0248432038519064	0.7726668020245329	0.7768163819964249	0.2687609775103451	0.1031616904712961	31	SRF	8305
14	SRF	BaggingClassifier_XGBClassifier	mono+di	0.7884837460653273	0.7726668020245329	0.7768163819964249	0.8080286745700429	0.7994406290739325	0.7544998141805992	0.8321712829399022	0.8321712829399022	0.8321712829399022	0.0	0.882645612219919	0.8778763559408341	0.8798827184679376	0.0071240612877909	0.9474927566948522	0.9473100195537156	0.9498741900126342	0.008117671298767	0.3725475172698907	0.2687609775103451	0.1031616904712961	0.4342977459207985	0.3507017813076499	0.1548696401017915	0.1544332846919583	0.1544332846919583	0.1544332846919583	0.0	0.386481740570686	0.3901319187193008	0.3904714870050334	0.0185876945759263	0.6835009223731202	0.677232269631222	0.6863980534224542	0.0263689424681943	0.7726668020245329	0.7768163819964249	0.2687609775103451	0.1031616904712961	31	SRF	8305
14	SRF	Single best mono PWM	mono	0.7884837460653273	0.7726668020245329	0.7768163819964249	0.8080286745700429	0.7994406290739325	0.7544998141805992	0.7768163819964249	0.7768163819964249	0.7768163819964249	0.0	0.7726668020245329	0.7726668020245329	0.7726668020245329	0.0057968294245756	0.7884837460653273	0.7884837460653273	0.7884837460653273	0.0092615764765195	0.3725475172698907	0.2687609775103451	0.1031616904712961	0.4342977459207985	0.3507017813076499	0.1548696401017915	0.1031616904712961	0.1031616904712961	0.1031616904712961	0.0	0.2687609775103451	0.2687609775103451	0.2687609775103451	0.022047941479383	0.3725475172698907	0.3725475172698907	0.3725475172698907	0.0199989616407007	0.7726668020245329	0.7768163819964249	0.2687609775103451	0.1031616904712961	31	SRF	8305
14	SRF	BaggingClassifier_LogisticRegression	mono	0.7884837460653273	0.7726668020245329	0.7768163819964249	0.8080286745700429	0.7994406290739325	0.7544998141805992	0.8047988715784375	0.8047988715784375	0.8047988715784375	0.0	0.7962688680499567	0.7961756649199828	0.7948397282515192	0.0057968294245756	0.813836075360504	0.8127934619713609	0.813180381945931	0.0092615764765195	0.3725475172698907	0.2687609775103451	0.1031616904712961	0.4342977459207985	0.3507017813076499	0.1548696401017915	0.1290017952436397	0.1290017952436397	0.1290017952436397	0.0	0.3309996070742029	0.3320748593672266	0.3291274708744214	0.022047941479383	0.4145965512735263	0.4164309626550411	0.4189631396622519	0.0199989616407007	0.7726668020245329	0.7768163819964249	0.2687609775103451	0.1031616904712961	31	SRF	8305
11	SRF	Single best di PWM	di	0.7884837460653273	0.7726668020245329	0.7768163819964249	0.8080286745700429	0.7994406290739325	0.7544998141805992	0.7544998141805992	0.7544998141805992	0.7544998141805992	0.0	0.7994406290739325	0.7994406290739325	0.7994406290739325	0.0	0.8080286745700429	0.8080286745700429	0.8080286745700429	0.0	0.3725475172698907	0.2687609775103451	0.1031616904712961	0.4342977459207985	0.3507017813076499	0.1548696401017915	0.1548696401017915	0.1548696401017915	0.1548696401017915	0.0	0.3507017813076499	0.3507017813076499	0.3507017813076499	0.0	0.4342977459207985	0.4342977459207985	0.4342977459207985	0.0	0.7726668020245329	0.7768163819964249	0.2687609775103451	0.1031616904712961	31	SRF	8305
11	SRF	BaggingClassifier_LogisticRegression	di	0.7884837460653273	0.7726668020245329	0.7768163819964249	0.8080286745700429	0.7994406290739325	0.7544998141805992	0.8282179196228603	0.8282179196228603	0.8282179196228603	0.0	0.8429975608084473	0.8426478502230335	0.842066219535645	0.0057894098037369	0.8567384569490103	0.8563907980288984	0.8594584922121793	0.0073362523850929	0.3725475172698907	0.2687609775103451	0.1031616904712961	0.4342977459207985	0.3507017813076499	0.1548696401017915	0.1531538403876456	0.1531538403876456	0.1531538403876456	0.0	0.3621612308468409	0.3634685995066359	0.3683756515272372	0.0134575863578764	0.4505279212167685	0.4513136414303934	0.4628818025170919	0.0221458990655907	0.7726668020245329	0.7768163819964249	0.2687609775103451	0.1031616904712961	31	SRF	8305
14	SRF	BaggingClassifier_LogisticRegression	mono+di	0.7884837460653273	0.7726668020245329	0.7768163819964249	0.8080286745700429	0.7994406290739325	0.7544998141805992	0.8265259293739513	0.8265259293739513	0.8265259293739513	0.0	0.8591490715111705	0.8589854637103718	0.8604216756859134	0.0055650933097324	0.864756894162887	0.8644728997257153	0.865733035188196	0.0067290639007917	0.3725475172698907	0.2687609775103451	0.1031616904712961	0.4342977459207985	0.3507017813076499	0.1548696401017915	0.1567818289062887	0.1567818289062887	0.1567818289062887	0.0	0.3810143628816036	0.3802181676688406	0.3810636646803501	0.0137031801036456	0.4720200536840729	0.4725934262199788	0.4850311116383346	0.0210712991615969	0.7726668020245329	0.7768163819964249	0.2687609775103451	0.1031616904712961	31	SRF	8305
9	STA5A	Single best mono PWM	mono	0.742385810749207	0.7460946159420667	0.8759811068556771	0.7463582865990596	0.7564524582870629	0.8717372821995583	0.8759811068556771	0.8759811068556771	0.8759811068556771	0.0	0.7460946159420667	0.7460946159420667	0.7460946159420667	0.0492406336971054	0.742385810749207	0.742385810749207	0.742385810749207	0.0092827163668393	0.071852938194851	0.0614708162349829	0.3854019872115097	0.0797226395817727	0.0681527839840638	0.4096340155636729	0.3854019872115097	0.3854019872115097	0.3854019872115097	0.0	0.0614708162349829	0.0614708162349829	0.0614708162349829	0.0340537294913311	0.071852938194851	0.071852938194851	0.071852938194851	0.0306301601892423	0.7460946159420667	0.8759811068556771	0.0614708162349829	0.3854019872115097	32	STA5A	2550
9	STA5A	RandomForestClassifier	mono	0.742385810749207	0.7460946159420667	0.8759811068556771	0.7463582865990596	0.7564524582870629	0.8717372821995583	0.8724506575544662	0.8724506575544662	0.8724506575544662	0.0	0.7687461875739676	0.7646779422132719	0.7697823274900754	0.0492406336971054	0.8080402703534565	0.8080626540790817	0.8076012809469559	0.0092827163668393	0.071852938194851	0.0614708162349829	0.3854019872115097	0.0797226395817727	0.0681527839840638	0.4096340155636729	0.3658473284787867	0.3658473284787867	0.3658473284787867	0.0	0.0886947034649374	0.0969128597305944	0.0864097011755202	0.0340537294913311	0.187244053981974	0.1836072314748204	0.1865990774091451	0.0306301601892423	0.7460946159420667	0.8759811068556771	0.0614708162349829	0.3854019872115097	32	STA5A	2550
5	STA5A	Single best di PWM	di	0.742385810749207	0.7460946159420667	0.8759811068556771	0.7463582865990596	0.7564524582870629	0.8717372821995583	0.8717372821995583	0.8717372821995583	0.8717372821995583	0.0	0.7564524582870629	0.7564524582870629	0.7564524582870629	0.0	0.7463582865990596	0.7463582865990596	0.7463582865990596	0.0	0.071852938194851	0.0614708162349829	0.3854019872115097	0.0797226395817727	0.0681527839840638	0.4096340155636729	0.4096340155636729	0.4096340155636729	0.4096340155636729	0.0	0.0681527839840638	0.0681527839840638	0.0681527839840638	0.0	0.0797226395817727	0.0797226395817727	0.0797226395817727	0.0	0.7460946159420667	0.8759811068556771	0.0614708162349829	0.3854019872115097	32	STA5A	2550
5	STA5A	RandomForestClassifier	di	0.742385810749207	0.7460946159420667	0.8759811068556771	0.7463582865990596	0.7564524582870629	0.8717372821995583	0.8643425541482805	0.8643425541482805	0.8643425541482805	0.0	0.7801585621657882	0.7798107839929284	0.7834897940277306	0.035598854772529	0.8032178996551647	0.8051200336470578	0.8045824928114481	0.011541064175568	0.071852938194851	0.0614708162349829	0.3854019872115097	0.0797226395817727	0.0681527839840638	0.4096340155636729	0.4071473761698724	0.4071473761698724	0.4071473761698724	0.0	0.1025444249449707	0.1087546416549728	0.1124658516031414	0.0201503970767498	0.1803265688903023	0.1785624358112854	0.1946165453877789	0.0298635569378594	0.7460946159420667	0.8759811068556771	0.0614708162349829	0.3854019872115097	32	STA5A	2550
9	STA5A	RandomForestClassifier	mono+di	0.742385810749207	0.7460946159420667	0.8759811068556771	0.7463582865990596	0.7564524582870629	0.8717372821995583	0.8697022477984121	0.8697022477984121	0.8697022477984121	0.0	0.7739067395871893	0.7753513551398595	0.7844513753787138	0.0378800988278046	0.8104951955382251	0.8124068383636625	0.8107501315595634	0.0084711006420496	0.071852938194851	0.0614708162349829	0.3854019872115097	0.0797226395817727	0.0681527839840638	0.4096340155636729	0.4012367770583024	0.4012367770583024	0.4012367770583024	0.0	0.0969896792113291	0.1121235773336916	0.107968989610399	0.0301686194744225	0.1996225809312604	0.2033384862024176	0.2126487481464098	0.0312355027210807	0.7460946159420667	0.8759811068556771	0.0614708162349829	0.3854019872115097	32	STA5A	2550
9	STA5A	Single best mono PWM	mono	0.742385810749207	0.7460946159420667	0.8759811068556771	0.7463582865990596	0.7564524582870629	0.8717372821995583	0.8759811068556771	0.8759811068556771	0.8759811068556771	0.0	0.7460946159420667	0.7460946159420667	0.7460946159420667	0.0335841149537083	0.742385810749207	0.742385810749207	0.742385810749207	0.0096658392600779	0.071852938194851	0.0614708162349829	0.3854019872115097	0.0797226395817727	0.0681527839840638	0.4096340155636729	0.3854019872115097	0.3854019872115097	0.3854019872115097	0.0	0.0614708162349829	0.0614708162349829	0.0614708162349829	0.0170254481076663	0.071852938194851	0.071852938194851	0.071852938194851	0.0056499866492886	0.7460946159420667	0.8759811068556771	0.0614708162349829	0.3854019872115097	32	STA5A	2550
9	STA5A	LogisticRegression	mono	0.742385810749207	0.7460946159420667	0.8759811068556771	0.7463582865990596	0.7564524582870629	0.8717372821995583	0.900802961085438	0.900802961085438	0.900802961085438	0.0	0.7467258754894243	0.7463594555149469	0.7443073545777457	0.0335841149537083	0.7423945969790887	0.7418489542001222	0.745252560573301	0.0096658392600779	0.071852938194851	0.0614708162349829	0.3854019872115097	0.0797226395817727	0.0681527839840638	0.4096340155636729	0.3925490853389569	0.3925490853389569	0.3925490853389569	0.0	0.0856725836771568	0.0903073718131008	0.0863483043235859	0.0170254481076663	0.0771079111584609	0.078692996807257	0.0787440826687073	0.0056499866492886	0.7460946159420667	0.8759811068556771	0.0614708162349829	0.3854019872115097	32	STA5A	2550
5	STA5A	Single best di PWM	di	0.742385810749207	0.7460946159420667	0.8759811068556771	0.7463582865990596	0.7564524582870629	0.8717372821995583	0.8717372821995583	0.8717372821995583	0.8717372821995583	0.0	0.7564524582870629	0.7564524582870629	0.7564524582870629	0.0	0.7463582865990596	0.7463582865990596	0.7463582865990596	0.0	0.071852938194851	0.0614708162349829	0.3854019872115097	0.0797226395817727	0.0681527839840638	0.4096340155636729	0.4096340155636729	0.4096340155636729	0.4096340155636729	0.0	0.0681527839840638	0.0681527839840638	0.0681527839840638	0.0	0.0797226395817727	0.0797226395817727	0.0797226395817727	0.0	0.7460946159420667	0.8759811068556771	0.0614708162349829	0.3854019872115097	32	STA5A	2550
5	STA5A	LogisticRegression	di	0.742385810749207	0.7460946159420667	0.8759811068556771	0.7463582865990596	0.7564524582870629	0.8717372821995583	0.9026512576245704	0.9026512576245704	0.9026512576245704	0.0	0.7541154389568681	0.7542628400806449	0.7479618935861408	0.0329755180786414	0.7428806369763651	0.7425400890368792	0.7424408974538914	0.0097376250148919	0.071852938194851	0.0614708162349829	0.3854019872115097	0.0797226395817727	0.0681527839840638	0.4096340155636729	0.4024475476109199	0.4024475476109199	0.4024475476109199	0.0	0.0998222161575246	0.1053893841828632	0.1028834105775761	0.0248101983478598	0.0844612128143855	0.0863208653101514	0.0819818972804348	0.0090446130422975	0.7460946159420667	0.8759811068556771	0.0614708162349829	0.3854019872115097	32	STA5A	2550
9	STA5A	LogisticRegression	mono+di	0.742385810749207	0.7460946159420667	0.8759811068556771	0.7463582865990596	0.7564524582870629	0.8717372821995583	0.902893282707151	0.902893282707151	0.902893282707151	0.0	0.7574112519355394	0.7574563896868499	0.7517481737674432	0.0312499719564835	0.7472091766342925	0.7467224695747064	0.7441977530915191	0.0111814421388004	0.071852938194851	0.0614708162349829	0.3854019872115097	0.0797226395817727	0.0681527839840638	0.4096340155636729	0.4008601063431498	0.4008601063431498	0.4008601063431498	0.0	0.0975780674483993	0.1043169127180997	0.1059203931862622	0.0174505691528495	0.0850871672394626	0.0873777766596645	0.0878465547250898	0.0053083528247058	0.7460946159420667	0.8759811068556771	0.0614708162349829	0.3854019872115097	32	STA5A	2550
9	STA5A	Single best mono PWM	mono	0.742385810749207	0.7460946159420667	0.8759811068556771	0.7463582865990596	0.7564524582870629	0.8717372821995583	0.8759811068556771	0.8759811068556771	0.8759811068556771	0.0	0.7460946159420667	0.7460946159420667	0.7460946159420667	0.0606907367102477	0.742385810749207	0.742385810749207	0.742385810749207	0.0211831671399682	0.071852938194851	0.0614708162349829	0.3854019872115097	0.0797226395817727	0.0681527839840638	0.4096340155636729	0.3854019872115097	0.3854019872115097	0.3854019872115097	0.0	0.0614708162349829	0.0614708162349829	0.0614708162349829	0.0430741164873566	0.071852938194851	0.071852938194851	0.071852938194851	0.0280927875445185	0.7460946159420667	0.8759811068556771	0.0614708162349829	0.3854019872115097	32	STA5A	2550
9	STA5A	XGBClassifier	mono	0.742385810749207	0.7460946159420667	0.8759811068556771	0.7463582865990596	0.7564524582870629	0.8717372821995583	0.8658492533266371	0.8658492533266371	0.8658492533266371	0.0	0.7663952827581892	0.7606669880412316	0.7518899260968177	0.0606907367102477	0.8672429144431433	0.8596436395402337	0.8668834057993224	0.0211831671399682	0.071852938194851	0.0614708162349829	0.3854019872115097	0.0797226395817727	0.0681527839840638	0.4096340155636729	0.3840210317576023	0.3840210317576023	0.3840210317576023	0.0	0.0928513116021822	0.108812757919622	0.0872779535394207	0.0430741164873566	0.1913279740090686	0.1851574537049735	0.1882596907464618	0.0280927875445185	0.7460946159420667	0.8759811068556771	0.0614708162349829	0.3854019872115097	32	STA5A	2550
5	STA5A	Single best di PWM	di	0.742385810749207	0.7460946159420667	0.8759811068556771	0.7463582865990596	0.7564524582870629	0.8717372821995583	0.8717372821995583	0.8717372821995583	0.8717372821995583	0.0	0.7564524582870629	0.7564524582870629	0.7564524582870629	0.0	0.7463582865990596	0.7463582865990596	0.7463582865990596	0.0	0.071852938194851	0.0614708162349829	0.3854019872115097	0.0797226395817727	0.0681527839840638	0.4096340155636729	0.4096340155636729	0.4096340155636729	0.4096340155636729	0.0	0.0681527839840638	0.0681527839840638	0.0681527839840638	0.0	0.0797226395817727	0.0797226395817727	0.0797226395817727	0.0	0.7460946159420667	0.8759811068556771	0.0614708162349829	0.3854019872115097	32	STA5A	2550
5	STA5A	XGBClassifier	di	0.742385810749207	0.7460946159420667	0.8759811068556771	0.7463582865990596	0.7564524582870629	0.8717372821995583	0.8633612645893267	0.8633612645893267	0.8633612645893267	0.0	0.7748905062554199	0.7705069140235741	0.7733138878019944	0.0458990846439364	0.8479099133122169	0.8545050044059321	0.8588550034252502	0.018951320189672	0.071852938194851	0.0614708162349829	0.3854019872115097	0.0797226395817727	0.0681527839840638	0.4096340155636729	0.3864946961004413	0.3864946961004413	0.3864946961004413	0.0	0.0941774724177886	0.0974128741930699	0.0894528498335129	0.0156458159269383	0.2062842619287706	0.1933887097903256	0.2082791483099306	0.0286699127986719	0.7460946159420667	0.8759811068556771	0.0614708162349829	0.3854019872115097	32	STA5A	2550
9	STA5A	XGBClassifier	mono+di	0.742385810749207	0.7460946159420667	0.8759811068556771	0.7463582865990596	0.7564524582870629	0.8717372821995583	0.8646146728786498	0.8646146728786498	0.8646146728786498	0.0	0.7668851327984206	0.7698786325195829	0.7694383541432919	0.0360691555241118	0.8731968054237591	0.8740723163847074	0.8826815457615407	0.0262268601230801	0.071852938194851	0.0614708162349829	0.3854019872115097	0.0797226395817727	0.0681527839840638	0.4096340155636729	0.4017434162848116	0.4017434162848116	0.4017434162848116	0.0	0.0891608689277437	0.1107061549320148	0.0961290927084505	0.0362950170895868	0.2211885300097227	0.2116727269793288	0.2253693766564273	0.0391050229476606	0.7460946159420667	0.8759811068556771	0.0614708162349829	0.3854019872115097	32	STA5A	2550
9	STA5A	Single best mono PWM	mono	0.742385810749207	0.7460946159420667	0.8759811068556771	0.7463582865990596	0.7564524582870629	0.8717372821995583	0.8759811068556771	0.8759811068556771	0.8759811068556771	0.0	0.7460946159420667	0.7460946159420667	0.7460946159420667	0.0578488148384377	0.742385810749207	0.742385810749207	0.742385810749207	0.0270777287639675	0.071852938194851	0.0614708162349829	0.3854019872115097	0.0797226395817727	0.0681527839840638	0.4096340155636729	0.3854019872115097	0.3854019872115097	0.3854019872115097	0.0	0.0614708162349829	0.0614708162349829	0.0614708162349829	0.0419954569052655	0.071852938194851	0.071852938194851	0.071852938194851	0.0376416106983737	0.7460946159420667	0.8759811068556771	0.0614708162349829	0.3854019872115097	32	STA5A	2550
9	STA5A	BaggingClassifier_XGBClassifier	mono	0.742385810749207	0.7460946159420667	0.8759811068556771	0.7463582865990596	0.7564524582870629	0.8717372821995583	0.8650409166003068	0.8650409166003068	0.8650409166003068	0.0	0.7712751707011041	0.7695924707317621	0.7615715721897978	0.0578488148384377	0.8935879404667009	0.8909742881740297	0.8981560006296949	0.0270777287639675	0.071852938194851	0.0614708162349829	0.3854019872115097	0.0797226395817727	0.0681527839840638	0.4096340155636729	0.3830230783570861	0.3830230783570861	0.3830230783570861	0.0	0.0909144695915459	0.1057940835790289	0.0932639539305715	0.0419954569052655	0.207713111878368	0.2091545531867014	0.2182550030890315	0.0376416106983737	0.7460946159420667	0.8759811068556771	0.0614708162349829	0.3854019872115097	32	STA5A	2550
5	STA5A	Single best di PWM	di	0.742385810749207	0.7460946159420667	0.8759811068556771	0.7463582865990596	0.7564524582870629	0.8717372821995583	0.8717372821995583	0.8717372821995583	0.8717372821995583	0.0	0.7564524582870629	0.7564524582870629	0.7564524582870629	0.0	0.7463582865990596	0.7463582865990596	0.7463582865990596	0.0	0.071852938194851	0.0614708162349829	0.3854019872115097	0.0797226395817727	0.0681527839840638	0.4096340155636729	0.4096340155636729	0.4096340155636729	0.4096340155636729	0.0	0.0681527839840638	0.0681527839840638	0.0681527839840638	0.0	0.0797226395817727	0.0797226395817727	0.0797226395817727	0.0	0.7460946159420667	0.8759811068556771	0.0614708162349829	0.3854019872115097	32	STA5A	2550
5	STA5A	BaggingClassifier_XGBClassifier	di	0.742385810749207	0.7460946159420667	0.8759811068556771	0.7463582865990596	0.7564524582870629	0.8717372821995583	0.8660126511809161	0.8660126511809161	0.8660126511809161	0.0	0.7763514192217524	0.7789181003080154	0.7757671206085498	0.0404138845749881	0.8819096436086059	0.8743908028061516	0.8798662037759402	0.0228135176238045	0.071852938194851	0.0614708162349829	0.3854019872115097	0.0797226395817727	0.0681527839840638	0.4096340155636729	0.4071568849846355	0.4071568849846355	0.4071568849846355	0.0	0.1007575619654236	0.1032464376926974	0.0953860517766918	0.0157224404778343	0.2167511870741929	0.2095602052015649	0.2165049496937561	0.0363471412387805	0.7460946159420667	0.8759811068556771	0.0614708162349829	0.3854019872115097	32	STA5A	2550
9	STA5A	BaggingClassifier_XGBClassifier	mono+di	0.742385810749207	0.7460946159420667	0.8759811068556771	0.7463582865990596	0.7564524582870629	0.8717372821995583	0.8691601782598255	0.8691601782598255	0.8691601782598255	0.0	0.7763371687859846	0.7697387307185111	0.7803798315285237	0.0419804356494525	0.9041128761990292	0.9005399796169549	0.9087368871422686	0.0292764209855948	0.071852938194851	0.0614708162349829	0.3854019872115097	0.0797226395817727	0.0681527839840638	0.4096340155636729	0.41530617408716	0.41530617408716	0.41530617408716	0.0	0.0994657692893268	0.1129542795416573	0.0875936585379898	0.0417471772164686	0.2508586537834141	0.2457834388462245	0.2586742039981883	0.0457051260977278	0.7460946159420667	0.8759811068556771	0.0614708162349829	0.3854019872115097	32	STA5A	2550
9	STA5A	Single best mono PWM	mono	0.742385810749207	0.7460946159420667	0.8759811068556771	0.7463582865990596	0.7564524582870629	0.8717372821995583	0.8759811068556771	0.8759811068556771	0.8759811068556771	0.0	0.7460946159420667	0.7460946159420667	0.7460946159420667	0.0333286061430756	0.742385810749207	0.742385810749207	0.742385810749207	0.0097329178172437	0.071852938194851	0.0614708162349829	0.3854019872115097	0.0797226395817727	0.0681527839840638	0.4096340155636729	0.3854019872115097	0.3854019872115097	0.3854019872115097	0.0	0.0614708162349829	0.0614708162349829	0.0614708162349829	0.0114051095935605	0.071852938194851	0.071852938194851	0.071852938194851	0.0055246644474429	0.7460946159420667	0.8759811068556771	0.0614708162349829	0.3854019872115097	32	STA5A	2550
9	STA5A	BaggingClassifier_LogisticRegression	mono	0.742385810749207	0.7460946159420667	0.8759811068556771	0.7463582865990596	0.7564524582870629	0.8717372821995583	0.9006589660504533	0.9006589660504533	0.9006589660504533	0.0	0.7466645638584619	0.7466663764144822	0.7434333219844604	0.0333286061430756	0.7421657732623581	0.7423887610093471	0.7456039776653367	0.0097329178172437	0.071852938194851	0.0614708162349829	0.3854019872115097	0.0797226395817727	0.0681527839840638	0.4096340155636729	0.3924742403036842	0.3924742403036842	0.3924742403036842	0.0	0.0850939525604858	0.0872675131237483	0.0865823133335928	0.0114051095935605	0.0773332471979156	0.0782455069037865	0.0780648698021425	0.0055246644474429	0.7460946159420667	0.8759811068556771	0.0614708162349829	0.3854019872115097	32	STA5A	2550
5	STA5A	Single best di PWM	di	0.742385810749207	0.7460946159420667	0.8759811068556771	0.7463582865990596	0.7564524582870629	0.8717372821995583	0.8717372821995583	0.8717372821995583	0.8717372821995583	0.0	0.7564524582870629	0.7564524582870629	0.7564524582870629	0.0	0.7463582865990596	0.7463582865990596	0.7463582865990596	0.0	0.071852938194851	0.0614708162349829	0.3854019872115097	0.0797226395817727	0.0681527839840638	0.4096340155636729	0.4096340155636729	0.4096340155636729	0.4096340155636729	0.0	0.0681527839840638	0.0681527839840638	0.0681527839840638	0.0	0.0797226395817727	0.0797226395817727	0.0797226395817727	0.0	0.7460946159420667	0.8759811068556771	0.0614708162349829	0.3854019872115097	32	STA5A	2550
5	STA5A	BaggingClassifier_LogisticRegression	di	0.742385810749207	0.7460946159420667	0.8759811068556771	0.7463582865990596	0.7564524582870629	0.8717372821995583	0.9028835346141298	0.9028835346141298	0.9028835346141298	0.0	0.7543216531895777	0.7543490998282679	0.7475673106945688	0.0328979279410832	0.7429568091594827	0.7423320424859243	0.7423662802826432	0.0096517568952831	0.071852938194851	0.0614708162349829	0.3854019872115097	0.0797226395817727	0.0681527839840638	0.4096340155636729	0.4033429305684182	0.4033429305684182	0.4033429305684182	0.0	0.0992051553828517	0.1047547592884933	0.1013139647952119	0.0250087605645225	0.0844173814083949	0.086379887149138	0.0820205968011512	0.008852567270724	0.7460946159420667	0.8759811068556771	0.0614708162349829	0.3854019872115097	32	STA5A	2550
9	STA5A	BaggingClassifier_LogisticRegression	mono+di	0.742385810749207	0.7460946159420667	0.8759811068556771	0.7463582865990596	0.7564524582870629	0.8717372821995583	0.9028299881124652	0.9028299881124652	0.9028299881124652	0.0	0.7575186515612048	0.7576989221288446	0.752377790816169	0.0309961956424147	0.7469705342146729	0.746827385169411	0.7446172461266113	0.011066786536662	0.071852938194851	0.0614708162349829	0.3854019872115097	0.0797226395817727	0.0681527839840638	0.4096340155636729	0.4016861465542862	0.4016861465542862	0.4016861465542862	0.0	0.097303315574534	0.104411937418289	0.1078282465835243	0.0177406650334001	0.0853065358055469	0.0866301128855723	0.0873976141814745	0.0054978605990668	0.7460946159420667	0.8759811068556771	0.0614708162349829	0.3854019872115097	32	STA5A	2550
11	STAT1	Single best mono PWM	mono	0.9022378518937622	0.9131343828630952	0.7241026626661141	0.9035143056701608	0.9181621599274896	0.7270187798291892	0.7241026626661141	0.7241026626661141	0.7241026626661141	0.0	0.9131343828630952	0.9131343828630952	0.9131343828630952	0.0119819820100527	0.9022378518937622	0.9022378518937622	0.9022378518937622	0.0044608659921092	0.3769059327431532	0.3650866780206495	0.0727546520392533	0.3881749472820058	0.36194796446473	0.0811617571458913	0.0727546520392533	0.0727546520392533	0.0727546520392533	0.0	0.3650866780206495	0.3650866780206495	0.3650866780206495	0.0495529826506723	0.3769059327431532	0.3769059327431532	0.3769059327431532	0.0185271922975262	0.9131343828630952	0.7241026626661141	0.3650866780206495	0.0727546520392533	33	STAT1	4588
11	STAT1	RandomForestClassifier	mono	0.9022378518937622	0.9131343828630952	0.7241026626661141	0.9035143056701608	0.9181621599274896	0.7270187798291892	0.79780809720756	0.79780809720756	0.79780809720756	0.0	0.9354761187401384	0.9343906211166922	0.9309819201687712	0.0119819820100527	0.9388045213117828	0.9391170553106912	0.9378739516006108	0.0044608659921092	0.3769059327431532	0.3650866780206495	0.0727546520392533	0.3881749472820058	0.36194796446473	0.0811617571458913	0.0948250273917364	0.0948250273917364	0.0948250273917364	0.0	0.3767700934572675	0.3806096454907021	0.362253854487594	0.0495529826506723	0.5149009148256257	0.5140154324463209	0.5150117120543766	0.0185271922975262	0.9131343828630952	0.7241026626661141	0.3650866780206495	0.0727546520392533	33	STAT1	4588
6	STAT1	Single best di PWM	di	0.9022378518937622	0.9131343828630952	0.7241026626661141	0.9035143056701608	0.9181621599274896	0.7270187798291892	0.7270187798291892	0.7270187798291892	0.7270187798291892	0.0	0.9181621599274896	0.9181621599274896	0.9181621599274896	0.0	0.9035143056701608	0.9035143056701608	0.9035143056701608	0.0	0.3769059327431532	0.3650866780206495	0.0727546520392533	0.3881749472820058	0.36194796446473	0.0811617571458913	0.0811617571458913	0.0811617571458913	0.0811617571458913	0.0	0.36194796446473	0.36194796446473	0.36194796446473	0.0	0.3881749472820058	0.3881749472820058	0.3881749472820058	0.0	0.9131343828630952	0.7241026626661141	0.3650866780206495	0.0727546520392533	33	STAT1	4588
6	STAT1	RandomForestClassifier	di	0.9022378518937622	0.9131343828630952	0.7241026626661141	0.9035143056701608	0.9181621599274896	0.7270187798291892	0.8014630777760947	0.8014630777760947	0.8014630777760947	0.0	0.9412417152689604	0.9405181923140954	0.9389962810161772	0.0148015481674991	0.941509452136075	0.9419431257327382	0.9394233909868186	0.0049544281337164	0.3769059327431532	0.3650866780206495	0.0727546520392533	0.3881749472820058	0.36194796446473	0.0811617571458913	0.1014690525676956	0.1014690525676956	0.1014690525676956	0.0	0.4146258789770343	0.41374223970965	0.384960393888524	0.0497274274956887	0.5368752255985734	0.5357588921568835	0.5332089551097393	0.0197318230663067	0.9131343828630952	0.7241026626661141	0.3650866780206495	0.0727546520392533	33	STAT1	4588
11	STAT1	RandomForestClassifier	mono+di	0.9022378518937622	0.9131343828630952	0.7241026626661141	0.9035143056701608	0.9181621599274896	0.7270187798291892	0.8048394433712877	0.8048394433712877	0.8048394433712877	0.0	0.9392194359899804	0.9400572511775784	0.9380404878425054	0.0119739593988877	0.943763662124464	0.9427316645524172	0.9394152489981094	0.0050861499089908	0.3769059327431532	0.3650866780206495	0.0727546520392533	0.3881749472820058	0.36194796446473	0.0811617571458913	0.1017571545565681	0.1017571545565681	0.1017571545565681	0.0	0.4141461655725075	0.4186276707442343	0.3914809742797762	0.046450066868616	0.5500227989797281	0.5509109140958517	0.5448642624390779	0.0199437382340158	0.9131343828630952	0.7241026626661141	0.3650866780206495	0.0727546520392533	33	STAT1	4588
11	STAT1	Single best mono PWM	mono	0.9022378518937622	0.9131343828630952	0.7241026626661141	0.9035143056701608	0.9181621599274896	0.7270187798291892	0.7241026626661141	0.7241026626661141	0.7241026626661141	0.0	0.9131343828630952	0.9131343828630952	0.9131343828630952	0.0158515488537479	0.9022378518937622	0.9022378518937622	0.9022378518937622	0.005390670382885	0.3769059327431532	0.3650866780206495	0.0727546520392533	0.3881749472820058	0.36194796446473	0.0811617571458913	0.0727546520392533	0.0727546520392533	0.0727546520392533	0.0	0.3650866780206495	0.3650866780206495	0.3650866780206495	0.0615283983884793	0.3769059327431532	0.3769059327431532	0.3769059327431532	0.0081326914173426	0.9131343828630952	0.7241026626661141	0.3650866780206495	0.0727546520392533	33	STAT1	4588
11	STAT1	LogisticRegression	mono	0.9022378518937622	0.9131343828630952	0.7241026626661141	0.9035143056701608	0.9181621599274896	0.7270187798291892	0.7682383647457661	0.7682383647457661	0.7682383647457661	0.0	0.9215638277414856	0.9216718965081888	0.9191476415741122	0.0158515488537479	0.9150038981459788	0.9149494164395684	0.9145559349890604	0.005390670382885	0.3769059327431532	0.3650866780206495	0.0727546520392533	0.3881749472820058	0.36194796446473	0.0811617571458913	0.0984651615286602	0.0984651615286602	0.0984651615286602	0.0	0.3725172104617829	0.3734917090281797	0.360624917431731	0.0615283983884793	0.3740600097781276	0.3745886184419368	0.3762669414744957	0.0081326914173426	0.9131343828630952	0.7241026626661141	0.3650866780206495	0.0727546520392533	33	STAT1	4588
6	STAT1	Single best di PWM	di	0.9022378518937622	0.9131343828630952	0.7241026626661141	0.9035143056701608	0.9181621599274896	0.7270187798291892	0.7270187798291892	0.7270187798291892	0.7270187798291892	0.0	0.9181621599274896	0.9181621599274896	0.9181621599274896	0.0	0.9035143056701608	0.9035143056701608	0.9035143056701608	0.0	0.3769059327431532	0.3650866780206495	0.0727546520392533	0.3881749472820058	0.36194796446473	0.0811617571458913	0.0811617571458913	0.0811617571458913	0.0811617571458913	0.0	0.36194796446473	0.36194796446473	0.36194796446473	0.0	0.3881749472820058	0.3881749472820058	0.3881749472820058	0.0	0.9131343828630952	0.7241026626661141	0.3650866780206495	0.0727546520392533	33	STAT1	4588
6	STAT1	LogisticRegression	di	0.9022378518937622	0.9131343828630952	0.7241026626661141	0.9035143056701608	0.9181621599274896	0.7270187798291892	0.782465284361718	0.782465284361718	0.782465284361718	0.0	0.9311230026915784	0.9311142487124032	0.9271988584272322	0.014016406352611	0.9233750221103344	0.9234614805619537	0.9211015558120048	0.0055673888652295	0.3769059327431532	0.3650866780206495	0.0727546520392533	0.3881749472820058	0.36194796446473	0.0811617571458913	0.105457993759697	0.105457993759697	0.105457993759697	0.0	0.4248423380090925	0.4263158637420917	0.4112005598303159	0.0523864732033402	0.412890259767259	0.4129416888843268	0.4143884497718751	0.0132832031754314	0.9131343828630952	0.7241026626661141	0.3650866780206495	0.0727546520392533	33	STAT1	4588
11	STAT1	LogisticRegression	mono+di	0.9022378518937622	0.9131343828630952	0.7241026626661141	0.9035143056701608	0.9181621599274896	0.7270187798291892	0.7828257828784615	0.7828257828784615	0.7828257828784615	0.0	0.9311138449357672	0.931096483430154	0.9255401664424008	0.0139231961129354	0.9242649157616922	0.9243279259496304	0.9229144515144456	0.0053710006851994	0.3769059327431532	0.3650866780206495	0.0727546520392533	0.3881749472820058	0.36194796446473	0.0811617571458913	0.1059626078798987	0.1059626078798987	0.1059626078798987	0.0	0.4356599460157825	0.4373490153160765	0.4187197640658495	0.05481248212741	0.4193912954507244	0.4193515220766428	0.42206772350484	0.012607167603763	0.9131343828630952	0.7241026626661141	0.3650866780206495	0.0727546520392533	33	STAT1	4588
11	STAT1	Single best mono PWM	mono	0.9022378518937622	0.9131343828630952	0.7241026626661141	0.9035143056701608	0.9181621599274896	0.7270187798291892	0.7241026626661141	0.7241026626661141	0.7241026626661141	0.0	0.9131343828630952	0.9131343828630952	0.9131343828630952	0.0148736893750934	0.9022378518937622	0.9022378518937622	0.9022378518937622	0.0037443452499729	0.3769059327431532	0.3650866780206495	0.0727546520392533	0.3881749472820058	0.36194796446473	0.0811617571458913	0.0727546520392533	0.0727546520392533	0.0727546520392533	0.0	0.3650866780206495	0.3650866780206495	0.3650866780206495	0.0513753848528998	0.3769059327431532	0.3769059327431532	0.3769059327431532	0.0263039360174608	0.9131343828630952	0.7241026626661141	0.3650866780206495	0.0727546520392533	33	STAT1	4588
11	STAT1	XGBClassifier	mono	0.9022378518937622	0.9131343828630952	0.7241026626661141	0.9035143056701608	0.9181621599274896	0.7270187798291892	0.8101206700611432	0.8101206700611432	0.8101206700611432	0.0	0.9269517952521232	0.9272362653738292	0.9229625376038122	0.0148736893750934	0.957390852414617	0.9569287333618064	0.9587587206852904	0.0037443452499729	0.3769059327431532	0.3650866780206495	0.0727546520392533	0.3881749472820058	0.36194796446473	0.0811617571458913	0.1009878376312137	0.1009878376312137	0.1009878376312137	0.0	0.3386884607292214	0.3747647215021983	0.3769897031449698	0.0513753848528998	0.5858282757791697	0.5908516325016367	0.5958557362189145	0.0263039360174608	0.9131343828630952	0.7241026626661141	0.3650866780206495	0.0727546520392533	33	STAT1	4588
6	STAT1	Single best di PWM	di	0.9022378518937622	0.9131343828630952	0.7241026626661141	0.9035143056701608	0.9181621599274896	0.7270187798291892	0.7270187798291892	0.7270187798291892	0.7270187798291892	0.0	0.9181621599274896	0.9181621599274896	0.9181621599274896	0.0	0.9035143056701608	0.9035143056701608	0.9035143056701608	0.0	0.3769059327431532	0.3650866780206495	0.0727546520392533	0.3881749472820058	0.36194796446473	0.0811617571458913	0.0811617571458913	0.0811617571458913	0.0811617571458913	0.0	0.36194796446473	0.36194796446473	0.36194796446473	0.0	0.3881749472820058	0.3881749472820058	0.3881749472820058	0.0	0.9131343828630952	0.7241026626661141	0.3650866780206495	0.0727546520392533	33	STAT1	4588
6	STAT1	XGBClassifier	di	0.9022378518937622	0.9131343828630952	0.7241026626661141	0.9035143056701608	0.9181621599274896	0.7270187798291892	0.8155688960356295	0.8155688960356295	0.8155688960356295	0.0	0.9356109482160856	0.9341746274412852	0.9332452878084366	0.0162053571579567	0.9555253047804648	0.9546720848323524	0.9547435604916624	0.0052004609560508	0.3769059327431532	0.3650866780206495	0.0727546520392533	0.3881749472820058	0.36194796446473	0.0811617571458913	0.1272665089148386	0.1272665089148386	0.1272665089148386	0.0	0.3698081535686634	0.3734364267762611	0.3601002472471149	0.0417837025270278	0.6076336670535252	0.5924611898482411	0.6010160050811	0.0275512549860766	0.9131343828630952	0.7241026626661141	0.3650866780206495	0.0727546520392533	33	STAT1	4588
11	STAT1	XGBClassifier	mono+di	0.9022378518937622	0.9131343828630952	0.7241026626661141	0.9035143056701608	0.9181621599274896	0.7270187798291892	0.817665221408044	0.817665221408044	0.817665221408044	0.0	0.9338472721851644	0.9330469292364548	0.934310891274559	0.0141332739303913	0.9623110563704896	0.9630109462685202	0.964872502137272	0.0051988482228772	0.3769059327431532	0.3650866780206495	0.0727546520392533	0.3881749472820058	0.36194796446473	0.0811617571458913	0.1143001866060831	0.1143001866060831	0.1143001866060831	0.0	0.3899102640160165	0.4022664338639239	0.3918680728305856	0.0394863553974566	0.644010072101553	0.6339669595030651	0.6354279955060816	0.0294915038288216	0.9131343828630952	0.7241026626661141	0.3650866780206495	0.0727546520392533	33	STAT1	4588
11	STAT1	Single best mono PWM	mono	0.9022378518937622	0.9131343828630952	0.7241026626661141	0.9035143056701608	0.9181621599274896	0.7270187798291892	0.7241026626661141	0.7241026626661141	0.7241026626661141	0.0	0.9131343828630952	0.9131343828630952	0.9131343828630952	0.0117363333816356	0.9022378518937622	0.9022378518937622	0.9022378518937622	0.0046246530606897	0.3769059327431532	0.3650866780206495	0.0727546520392533	0.3881749472820058	0.36194796446473	0.0811617571458913	0.0727546520392533	0.0727546520392533	0.0727546520392533	0.0	0.3650866780206495	0.3650866780206495	0.3650866780206495	0.0396164942791334	0.3769059327431532	0.3769059327431532	0.3769059327431532	0.0257550247454655	0.9131343828630952	0.7241026626661141	0.3650866780206495	0.0727546520392533	33	STAT1	4588
11	STAT1	BaggingClassifier_XGBClassifier	mono	0.9022378518937622	0.9131343828630952	0.7241026626661141	0.9035143056701608	0.9181621599274896	0.7270187798291892	0.8099630761486106	0.8099630761486106	0.8099630761486106	0.0	0.9285552356117688	0.928723308603805	0.9242374246852424	0.0117363333816356	0.9679158909674248	0.9672622112025604	0.9683536283447244	0.0046246530606897	0.3769059327431532	0.3650866780206495	0.0727546520392533	0.3881749472820058	0.36194796446473	0.0811617571458913	0.1067823944040048	0.1067823944040048	0.1067823944040048	0.0	0.3745581246229977	0.3861847741262141	0.3810341383580626	0.0396164942791334	0.5998417900773063	0.5967015087450862	0.6020161150373945	0.0257550247454655	0.9131343828630952	0.7241026626661141	0.3650866780206495	0.0727546520392533	33	STAT1	4588
6	STAT1	Single best di PWM	di	0.9022378518937622	0.9131343828630952	0.7241026626661141	0.9035143056701608	0.9181621599274896	0.7270187798291892	0.7270187798291892	0.7270187798291892	0.7270187798291892	0.0	0.9181621599274896	0.9181621599274896	0.9181621599274896	0.0	0.9035143056701608	0.9035143056701608	0.9035143056701608	0.0	0.3769059327431532	0.3650866780206495	0.0727546520392533	0.3881749472820058	0.36194796446473	0.0811617571458913	0.0811617571458913	0.0811617571458913	0.0811617571458913	0.0	0.36194796446473	0.36194796446473	0.36194796446473	0.0	0.3881749472820058	0.3881749472820058	0.3881749472820058	0.0	0.9131343828630952	0.7241026626661141	0.3650866780206495	0.0727546520392533	33	STAT1	4588
6	STAT1	BaggingClassifier_XGBClassifier	di	0.9022378518937622	0.9131343828630952	0.7241026626661141	0.9035143056701608	0.9181621599274896	0.7270187798291892	0.8149703569947999	0.8149703569947999	0.8149703569947999	0.0	0.9353714998362002	0.936164811190782	0.9352806859294748	0.0148929284478211	0.9640048096416644	0.9627283057398224	0.9640481257804712	0.0056149497751195	0.3769059327431532	0.3650866780206495	0.0727546520392533	0.3881749472820058	0.36194796446473	0.0811617571458913	0.1202826548435704	0.1202826548435704	0.1202826548435704	0.0	0.3806767378096122	0.3844709607708661	0.3750831122337063	0.0435205802512319	0.6111055640919956	0.6088657833214249	0.6157340628377568	0.0277967812632764	0.9131343828630952	0.7241026626661141	0.3650866780206495	0.0727546520392533	33	STAT1	4588
11	STAT1	BaggingClassifier_XGBClassifier	mono+di	0.9022378518937622	0.9131343828630952	0.7241026626661141	0.9035143056701608	0.9181621599274896	0.7270187798291892	0.8176570192716218	0.8176570192716218	0.8176570192716218	0.0	0.933399600741891	0.9337101845698188	0.9326602500921346	0.0153836951210591	0.9727331547211184	0.9720697466480775	0.9734410931850608	0.0052934546179321	0.3769059327431532	0.3650866780206495	0.0727546520392533	0.3881749472820058	0.36194796446473	0.0811617571458913	0.1110987119926603	0.1110987119926603	0.1110987119926603	0.0	0.4176414002201548	0.4201905792827803	0.4105824485879529	0.0376880814781086	0.6523553601212313	0.6522731798628182	0.6516245892287739	0.0266751603831392	0.9131343828630952	0.7241026626661141	0.3650866780206495	0.0727546520392533	33	STAT1	4588
11	STAT1	Single best mono PWM	mono	0.9022378518937622	0.9131343828630952	0.7241026626661141	0.9035143056701608	0.9181621599274896	0.7270187798291892	0.7241026626661141	0.7241026626661141	0.7241026626661141	0.0	0.9131343828630952	0.9131343828630952	0.9131343828630952	0.0158203810211751	0.9022378518937622	0.9022378518937622	0.9022378518937622	0.0053849997214686	0.3769059327431532	0.3650866780206495	0.0727546520392533	0.3881749472820058	0.36194796446473	0.0811617571458913	0.0727546520392533	0.0727546520392533	0.0727546520392533	0.0	0.3650866780206495	0.3650866780206495	0.3650866780206495	0.0613063191471833	0.3769059327431532	0.3769059327431532	0.3769059327431532	0.0080759558143949	0.9131343828630952	0.7241026626661141	0.3650866780206495	0.0727546520392533	33	STAT1	4588
11	STAT1	BaggingClassifier_LogisticRegression	mono	0.9022378518937622	0.9131343828630952	0.7241026626661141	0.9035143056701608	0.9181621599274896	0.7270187798291892	0.7695880715951307	0.7695880715951307	0.7695880715951307	0.0	0.9216774540687184	0.9217173354637396	0.9189848142054023	0.0158203810211751	0.9153627513246622	0.915122843889595	0.9147580278628966	0.0053849997214686	0.3769059327431532	0.3650866780206495	0.0727546520392533	0.3881749472820058	0.36194796446473	0.0811617571458913	0.0991234456759283	0.0991234456759283	0.0991234456759283	0.0	0.3713131779999208	0.372130383639556	0.3602238480861341	0.0613063191471833	0.3732635145618542	0.3742778014177558	0.3758328975518533	0.0080759558143949	0.9131343828630952	0.7241026626661141	0.3650866780206495	0.0727546520392533	33	STAT1	4588
6	STAT1	Single best di PWM	di	0.9022378518937622	0.9131343828630952	0.7241026626661141	0.9035143056701608	0.9181621599274896	0.7270187798291892	0.7270187798291892	0.7270187798291892	0.7270187798291892	0.0	0.9181621599274896	0.9181621599274896	0.9181621599274896	0.0	0.9035143056701608	0.9035143056701608	0.9035143056701608	0.0	0.3769059327431532	0.3650866780206495	0.0727546520392533	0.3881749472820058	0.36194796446473	0.0811617571458913	0.0811617571458913	0.0811617571458913	0.0811617571458913	0.0	0.36194796446473	0.36194796446473	0.36194796446473	0.0	0.3881749472820058	0.3881749472820058	0.3881749472820058	0.0	0.9131343828630952	0.7241026626661141	0.3650866780206495	0.0727546520392533	33	STAT1	4588
6	STAT1	BaggingClassifier_LogisticRegression	di	0.9022378518937622	0.9131343828630952	0.7241026626661141	0.9035143056701608	0.9181621599274896	0.7270187798291892	0.7830443283480211	0.7830443283480211	0.7830443283480211	0.0	0.9312635134838873	0.9312520359806332	0.9272432200632892	0.0139679327510692	0.923554074111879	0.9236436465703408	0.921306733104848	0.0055515925946879	0.3769059327431532	0.3650866780206495	0.0727546520392533	0.3881749472820058	0.36194796446473	0.0811617571458913	0.1055487643680417	0.1055487643680417	0.1055487643680417	0.0	0.4244880640812597	0.4264298383822923	0.4123931743406017	0.0522959792301673	0.4119489942893031	0.4125551842519567	0.4141051725474353	0.0134647492937641	0.9131343828630952	0.7241026626661141	0.3650866780206495	0.0727546520392533	33	STAT1	4588
11	STAT1	BaggingClassifier_LogisticRegression	mono+di	0.9022378518937622	0.9131343828630952	0.7241026626661141	0.9035143056701608	0.9181621599274896	0.7270187798291892	0.7837217428430618	0.7837217428430618	0.7837217428430618	0.0	0.9311379733047034	0.9311155915812348	0.925362018955872	0.0139127495569725	0.9245602975482944	0.9245581964953272	0.9231117355550648	0.0053716451355922	0.3769059327431532	0.3650866780206495	0.0727546520392533	0.3881749472820058	0.36194796446473	0.0811617571458913	0.1060510154660377	0.1060510154660377	0.1060510154660377	0.0	0.4344612179753913	0.4364944663461716	0.4172599407187752	0.0550815737135688	0.4189086850088316	0.4190733860852616	0.4222044016889675	0.0126299264087482	0.9131343828630952	0.7241026626661141	0.3650866780206495	0.0727546520392533	33	STAT1	4588
5	STAT3	Single best mono PWM	mono	0.7989497053481808	0.8206153259422361	0.7935345210150767	0.796809995937867	0.8256303389881179	0.7908270900598727	0.7935345210150767	0.7935345210150767	0.7935345210150767	0.0	0.8206153259422361	0.8206153259422361	0.8206153259422361	0.0156040654957873	0.7989497053481808	0.7989497053481808	0.7989497053481808	0.011004313509467	0.0696283290179183	0.0867213075782189	0.0618513476788392	0.0687714155102783	0.0711797016350717	0.0640480472929234	0.0618513476788392	0.0618513476788392	0.0618513476788392	0.0	0.0867213075782189	0.0867213075782189	0.0867213075782189	0.0179015452422213	0.0696283290179183	0.0696283290179183	0.0696283290179183	0.0264362772408482	0.8206153259422361	0.7935345210150767	0.0867213075782189	0.0618513476788392	34	STAT3	3000
5	STAT3	RandomForestClassifier	mono	0.7989497053481808	0.8206153259422361	0.7935345210150767	0.796809995937867	0.8256303389881179	0.7908270900598727	0.8055546970990521	0.8055546970990521	0.8055546970990521	0.0	0.8307686507715627	0.8301897852700566	0.8349196112787566	0.0156040654957873	0.8381913198399873	0.837157873173337	0.8404660548789207	0.011004313509467	0.0696283290179183	0.0867213075782189	0.0618513476788392	0.0687714155102783	0.0711797016350717	0.0640480472929234	0.0760618814079654	0.0760618814079654	0.0760618814079654	0.0	0.090503959034064	0.090718522328007	0.0924348539691829	0.0179015452422213	0.1534054029262638	0.159423071984383	0.1637085327846174	0.0264362772408482	0.8206153259422361	0.7935345210150767	0.0867213075782189	0.0618513476788392	34	STAT3	3000
5	STAT3	Single best di PWM	di	0.7989497053481808	0.8206153259422361	0.7935345210150767	0.796809995937867	0.8256303389881179	0.7908270900598727	0.7908270900598727	0.7908270900598727	0.7908270900598727	0.0	0.8256303389881179	0.8256303389881179	0.8256303389881179	0.0	0.796809995937867	0.796809995937867	0.796809995937867	0.0	0.0696283290179183	0.0867213075782189	0.0618513476788392	0.0687714155102783	0.0711797016350717	0.0640480472929234	0.0640480472929234	0.0640480472929234	0.0640480472929234	0.0	0.0711797016350717	0.0711797016350717	0.0711797016350717	0.0	0.0687714155102783	0.0687714155102783	0.0687714155102783	0.0	0.8206153259422361	0.7935345210150767	0.0867213075782189	0.0618513476788392	34	STAT3	3000
5	STAT3	RandomForestClassifier	di	0.7989497053481808	0.8206153259422361	0.7935345210150767	0.796809995937867	0.8256303389881179	0.7908270900598727	0.7996420159549981	0.7996420159549981	0.7996420159549981	0.0	0.8372217581887952	0.8372452817509652	0.8397279936149946	0.0158368365645342	0.8396709385293313	0.8385572817321264	0.8431387233853698	0.0111241876075093	0.0696283290179183	0.0867213075782189	0.0618513476788392	0.0687714155102783	0.0711797016350717	0.0640480472929234	0.0668464126339488	0.0668464126339488	0.0668464126339488	0.0	0.0838369824499521	0.0881416614122712	0.0963756942051579	0.0132153705586444	0.1844062226596333	0.1876068586584593	0.1920717609387696	0.0274984828271149	0.8206153259422361	0.7935345210150767	0.0867213075782189	0.0618513476788392	34	STAT3	3000
5	STAT3	RandomForestClassifier	mono+di	0.7989497053481808	0.8206153259422361	0.7935345210150767	0.796809995937867	0.8256303389881179	0.7908270900598727	0.8065584827078383	0.8065584827078383	0.8065584827078383	0.0	0.8360525756387791	0.835443750683773	0.8428745254550765	0.0166622804610811	0.8438284698121705	0.841409716570647	0.8453813708031663	0.0114854775597765	0.0696283290179183	0.0867213075782189	0.0618513476788392	0.0687714155102783	0.0711797016350717	0.0640480472929234	0.0726520227860084	0.0726520227860084	0.0726520227860084	0.0	0.0880935838760988	0.0893666724428644	0.0922932194151043	0.0153008770561342	0.204945068021127	0.2020771364448726	0.2182924768509133	0.0334681954996168	0.8206153259422361	0.7935345210150767	0.0867213075782189	0.0618513476788392	34	STAT3	3000
5	STAT3	Single best mono PWM	mono	0.7989497053481808	0.8206153259422361	0.7935345210150767	0.796809995937867	0.8256303389881179	0.7908270900598727	0.7935345210150767	0.7935345210150767	0.7935345210150767	0.0	0.8206153259422361	0.8206153259422361	0.8206153259422361	0.0157104027840833	0.7989497053481808	0.7989497053481808	0.7989497053481808	0.009811584492704	0.0696283290179183	0.0867213075782189	0.0618513476788392	0.0687714155102783	0.0711797016350717	0.0640480472929234	0.0618513476788392	0.0618513476788392	0.0618513476788392	0.0	0.0867213075782189	0.0867213075782189	0.0867213075782189	0.0249861734996841	0.0696283290179183	0.0696283290179183	0.0696283290179183	0.0052632303225037	0.8206153259422361	0.7935345210150767	0.0867213075782189	0.0618513476788392	34	STAT3	3000
5	STAT3	LogisticRegression	mono	0.7989497053481808	0.8206153259422361	0.7935345210150767	0.796809995937867	0.8256303389881179	0.7908270900598727	0.805551161344134	0.805551161344134	0.805551161344134	0.0	0.8313751682453805	0.8313422905860615	0.8315341185632241	0.0157104027840833	0.8082875254251257	0.8083116616282282	0.8110483919657437	0.009811584492704	0.0696283290179183	0.0867213075782189	0.0618513476788392	0.0687714155102783	0.0711797016350717	0.0640480472929234	0.0706456918423426	0.0706456918423426	0.0706456918423426	0.0	0.0965020039429129	0.1002378278293343	0.0987945154710328	0.0249861734996841	0.0746345350798022	0.0751078263909009	0.0750897110811734	0.0052632303225037	0.8206153259422361	0.7935345210150767	0.0867213075782189	0.0618513476788392	34	STAT3	3000
5	STAT3	Single best di PWM	di	0.7989497053481808	0.8206153259422361	0.7935345210150767	0.796809995937867	0.8256303389881179	0.7908270900598727	0.7908270900598727	0.7908270900598727	0.7908270900598727	0.0	0.8256303389881179	0.8256303389881179	0.8256303389881179	0.0	0.796809995937867	0.796809995937867	0.796809995937867	0.0	0.0696283290179183	0.0867213075782189	0.0618513476788392	0.0687714155102783	0.0711797016350717	0.0640480472929234	0.0640480472929234	0.0640480472929234	0.0640480472929234	0.0	0.0711797016350717	0.0711797016350717	0.0711797016350717	0.0	0.0687714155102783	0.0687714155102783	0.0687714155102783	0.0	0.8206153259422361	0.7935345210150767	0.0867213075782189	0.0618513476788392	34	STAT3	3000
5	STAT3	LogisticRegression	di	0.7989497053481808	0.8206153259422361	0.7935345210150767	0.796809995937867	0.8256303389881179	0.7908270900598727	0.7999913826538108	0.7999913826538108	0.7999913826538108	0.0	0.8367854309617087	0.8367234377363794	0.8401117697793569	0.0162096079116764	0.80788400402681	0.8078660722260587	0.8110539035463311	0.0091139358125414	0.0696283290179183	0.0867213075782189	0.0618513476788392	0.0687714155102783	0.0711797016350717	0.0640480472929234	0.0683001630250482	0.0683001630250482	0.0683001630250482	0.0	0.0791467972206432	0.0821826156359971	0.0830217578700555	0.0127730574380267	0.0737158824526235	0.0741774890805195	0.0745099837265607	0.0039904015386259	0.8206153259422361	0.7935345210150767	0.0867213075782189	0.0618513476788392	34	STAT3	3000
5	STAT3	LogisticRegression	mono+di	0.7989497053481808	0.8206153259422361	0.7935345210150767	0.796809995937867	0.8256303389881179	0.7908270900598727	0.8045948203111218	0.8045948203111218	0.8045948203111218	0.0	0.8393989595337342	0.8394402663764399	0.838546896320898	0.0172120592387565	0.8122675341381067	0.812266099868584	0.8157235811930749	0.0103200175692657	0.0696283290179183	0.0867213075782189	0.0618513476788392	0.0687714155102783	0.0711797016350717	0.0640480472929234	0.0685964619871369	0.0685964619871369	0.0685964619871369	0.0	0.0941807317414067	0.0987237673511294	0.0971743238089954	0.0215521516615317	0.0767017055220259	0.0770492184785066	0.0770175214968336	0.0054656452251862	0.8206153259422361	0.7935345210150767	0.0867213075782189	0.0618513476788392	34	STAT3	3000
5	STAT3	Single best mono PWM	mono	0.7989497053481808	0.8206153259422361	0.7935345210150767	0.796809995937867	0.8256303389881179	0.7908270900598727	0.7935345210150767	0.7935345210150767	0.7935345210150767	0.0	0.8206153259422361	0.8206153259422361	0.8206153259422361	0.0181265527036499	0.7989497053481808	0.7989497053481808	0.7989497053481808	0.0166857396111875	0.0696283290179183	0.0867213075782189	0.0618513476788392	0.0687714155102783	0.0711797016350717	0.0640480472929234	0.0618513476788392	0.0618513476788392	0.0618513476788392	0.0	0.0867213075782189	0.0867213075782189	0.0867213075782189	0.0177002914548476	0.0696283290179183	0.0696283290179183	0.0696283290179183	0.0247607134794066	0.8206153259422361	0.7935345210150767	0.0867213075782189	0.0618513476788392	34	STAT3	3000
5	STAT3	XGBClassifier	mono	0.7989497053481808	0.8206153259422361	0.7935345210150767	0.796809995937867	0.8256303389881179	0.7908270900598727	0.7989758388543969	0.7989758388543969	0.7989758388543969	0.0	0.8269182368330079	0.8235296577638677	0.8356291515408976	0.0181265527036499	0.8690022555140512	0.8653091179608675	0.8711181590908106	0.0166857396111875	0.0696283290179183	0.0867213075782189	0.0618513476788392	0.0687714155102783	0.0711797016350717	0.0640480472929234	0.0719024463592363	0.0719024463592363	0.0719024463592363	0.0	0.0845319260950914	0.0832691074186601	0.0809196304197366	0.0177002914548476	0.156387879955594	0.1573899624190122	0.1629834386486604	0.0247607134794066	0.8206153259422361	0.7935345210150767	0.0867213075782189	0.0618513476788392	34	STAT3	3000
5	STAT3	Single best di PWM	di	0.7989497053481808	0.8206153259422361	0.7935345210150767	0.796809995937867	0.8256303389881179	0.7908270900598727	0.7908270900598727	0.7908270900598727	0.7908270900598727	0.0	0.8256303389881179	0.8256303389881179	0.8256303389881179	0.0	0.796809995937867	0.796809995937867	0.796809995937867	0.0	0.0696283290179183	0.0867213075782189	0.0618513476788392	0.0687714155102783	0.0711797016350717	0.0640480472929234	0.0640480472929234	0.0640480472929234	0.0640480472929234	0.0	0.0711797016350717	0.0711797016350717	0.0711797016350717	0.0	0.0687714155102783	0.0687714155102783	0.0687714155102783	0.0	0.8206153259422361	0.7935345210150767	0.0867213075782189	0.0618513476788392	34	STAT3	3000
5	STAT3	XGBClassifier	di	0.7989497053481808	0.8206153259422361	0.7935345210150767	0.796809995937867	0.8256303389881179	0.7908270900598727	0.790456444293651	0.790456444293651	0.790456444293651	0.0	0.8262678752200259	0.8285630786947723	0.8338606054706512	0.0177316012455309	0.8743191453036738	0.8654723832382258	0.8713120861541459	0.0149453040862678	0.0696283290179183	0.0867213075782189	0.0618513476788392	0.0687714155102783	0.0711797016350717	0.0640480472929234	0.0667514251912347	0.0667514251912347	0.0667514251912347	0.0	0.0760454673264905	0.0816462458846173	0.07640813373475	0.0172163267446793	0.1861828115192523	0.1845277082636882	0.1877304662958207	0.0270752421338511	0.8206153259422361	0.7935345210150767	0.0867213075782189	0.0618513476788392	34	STAT3	3000
5	STAT3	XGBClassifier	mono+di	0.7989497053481808	0.8206153259422361	0.7935345210150767	0.796809995937867	0.8256303389881179	0.7908270900598727	0.7946096471252053	0.7946096471252053	0.7946096471252053	0.0	0.8341169919204229	0.8347644845618224	0.8319611525192452	0.019938653262056	0.8855690562605417	0.8810910751494953	0.888312466417183	0.0167381673207846	0.0696283290179183	0.0867213075782189	0.0618513476788392	0.0687714155102783	0.0711797016350717	0.0640480472929234	0.0671381871060559	0.0671381871060559	0.0671381871060559	0.0	0.0878898135956267	0.0864100233721177	0.0763158840182988	0.0161308464437792	0.208058318491348	0.2021204688367443	0.2118784147746433	0.0310662088148849	0.8206153259422361	0.7935345210150767	0.0867213075782189	0.0618513476788392	34	STAT3	3000
5	STAT3	Single best mono PWM	mono	0.7989497053481808	0.8206153259422361	0.7935345210150767	0.796809995937867	0.8256303389881179	0.7908270900598727	0.7935345210150767	0.7935345210150767	0.7935345210150767	0.0	0.8206153259422361	0.8206153259422361	0.8206153259422361	0.0170238899449651	0.7989497053481808	0.7989497053481808	0.7989497053481808	0.0172703030242465	0.0696283290179183	0.0867213075782189	0.0618513476788392	0.0687714155102783	0.0711797016350717	0.0640480472929234	0.0618513476788392	0.0618513476788392	0.0618513476788392	0.0	0.0867213075782189	0.0867213075782189	0.0867213075782189	0.014548757559283	0.0696283290179183	0.0696283290179183	0.0696283290179183	0.0261971300873709	0.8206153259422361	0.7935345210150767	0.0867213075782189	0.0618513476788392	34	STAT3	3000
5	STAT3	BaggingClassifier_XGBClassifier	mono	0.7989497053481808	0.8206153259422361	0.7935345210150767	0.796809995937867	0.8256303389881179	0.7908270900598727	0.8006027593947205	0.8006027593947205	0.8006027593947205	0.0	0.8291996764006877	0.8260016637823399	0.8337504988285575	0.0170238899449651	0.8905742649158285	0.8882074281861285	0.8940791915620664	0.0172703030242465	0.0696283290179183	0.0867213075782189	0.0618513476788392	0.0687714155102783	0.0711797016350717	0.0640480472929234	0.0770067733800717	0.0770067733800717	0.0770067733800717	0.0	0.0897045017460643	0.0880547543645978	0.0831504503447719	0.014548757559283	0.1775372375260989	0.1741339623105624	0.1814455222043349	0.0261971300873709	0.8206153259422361	0.7935345210150767	0.0867213075782189	0.0618513476788392	34	STAT3	3000
5	STAT3	Single best di PWM	di	0.7989497053481808	0.8206153259422361	0.7935345210150767	0.796809995937867	0.8256303389881179	0.7908270900598727	0.7908270900598727	0.7908270900598727	0.7908270900598727	0.0	0.8256303389881179	0.8256303389881179	0.8256303389881179	0.0	0.796809995937867	0.796809995937867	0.796809995937867	0.0	0.0696283290179183	0.0867213075782189	0.0618513476788392	0.0687714155102783	0.0711797016350717	0.0640480472929234	0.0640480472929234	0.0640480472929234	0.0640480472929234	0.0	0.0711797016350717	0.0711797016350717	0.0711797016350717	0.0	0.0687714155102783	0.0687714155102783	0.0687714155102783	0.0	0.8206153259422361	0.7935345210150767	0.0867213075782189	0.0618513476788392	34	STAT3	3000
5	STAT3	BaggingClassifier_XGBClassifier	di	0.7989497053481808	0.8206153259422361	0.7935345210150767	0.796809995937867	0.8256303389881179	0.7908270900598727	0.790046952858445	0.790046952858445	0.790046952858445	0.0	0.8282509367978764	0.8307384927364395	0.8304171976777117	0.0174197983272957	0.8975361198682457	0.8958265340863815	0.900824618912027	0.0180228142776368	0.0696283290179183	0.0867213075782189	0.0618513476788392	0.0687714155102783	0.0711797016350717	0.0640480472929234	0.0689733068193837	0.0689733068193837	0.0689733068193837	0.0	0.078249944371257	0.0829470073583074	0.0820419534722998	0.0088664221460146	0.2218559950593898	0.2112016311161006	0.2236138514548237	0.0339892322970117	0.8206153259422361	0.7935345210150767	0.0867213075782189	0.0618513476788392	34	STAT3	3000
5	STAT3	BaggingClassifier_XGBClassifier	mono+di	0.7989497053481808	0.8206153259422361	0.7935345210150767	0.796809995937867	0.8256303389881179	0.7908270900598727	0.797988573411246	0.797988573411246	0.797988573411246	0.0	0.8322492927045961	0.836301413474987	0.8428404424448391	0.0198310519883473	0.9145635238120468	0.9100042177829016	0.9146281023174144	0.0175783132404728	0.0696283290179183	0.0867213075782189	0.0618513476788392	0.0687714155102783	0.0711797016350717	0.0640480472929234	0.0730253934484681	0.0730253934484681	0.0730253934484681	0.0	0.0909757218833231	0.0939459917150865	0.0804099876803986	0.0216959989530156	0.2548781383194468	0.2404181230679214	0.2520962071349349	0.0376878338117268	0.8206153259422361	0.7935345210150767	0.0867213075782189	0.0618513476788392	34	STAT3	3000
5	STAT3	Single best mono PWM	mono	0.7989497053481808	0.8206153259422361	0.7935345210150767	0.796809995937867	0.8256303389881179	0.7908270900598727	0.7935345210150767	0.7935345210150767	0.7935345210150767	0.0	0.8206153259422361	0.8206153259422361	0.8206153259422361	0.0157080871577001	0.7989497053481808	0.7989497053481808	0.7989497053481808	0.0098190919379899	0.0696283290179183	0.0867213075782189	0.0618513476788392	0.0687714155102783	0.0711797016350717	0.0640480472929234	0.0618513476788392	0.0618513476788392	0.0618513476788392	0.0	0.0867213075782189	0.0867213075782189	0.0867213075782189	0.0249764216048533	0.0696283290179183	0.0696283290179183	0.0696283290179183	0.0052497693660397	0.8206153259422361	0.7935345210150767	0.0867213075782189	0.0618513476788392	34	STAT3	3000
5	STAT3	BaggingClassifier_LogisticRegression	mono	0.7989497053481808	0.8206153259422361	0.7935345210150767	0.796809995937867	0.8256303389881179	0.7908270900598727	0.8054360503174344	0.8054360503174344	0.8054360503174344	0.0	0.8312344606840545	0.8313737691166869	0.8314627340277102	0.0157080871577001	0.8082422135092414	0.8083135781815619	0.8109379442135823	0.0098190919379899	0.0696283290179183	0.0867213075782189	0.0618513476788392	0.0687714155102783	0.0711797016350717	0.0640480472929234	0.0703883339583815	0.0703883339583815	0.0703883339583815	0.0	0.0964106072090234	0.1000822139286756	0.0988571500875765	0.0249764216048533	0.0746099964779371	0.0750846017750431	0.0750299090043936	0.0052497693660397	0.8206153259422361	0.7935345210150767	0.0867213075782189	0.0618513476788392	34	STAT3	3000
5	STAT3	Single best di PWM	di	0.7989497053481808	0.8206153259422361	0.7935345210150767	0.796809995937867	0.8256303389881179	0.7908270900598727	0.7908270900598727	0.7908270900598727	0.7908270900598727	0.0	0.8256303389881179	0.8256303389881179	0.8256303389881179	0.0	0.796809995937867	0.796809995937867	0.796809995937867	0.0	0.0696283290179183	0.0867213075782189	0.0618513476788392	0.0687714155102783	0.0711797016350717	0.0640480472929234	0.0640480472929234	0.0640480472929234	0.0640480472929234	0.0	0.0711797016350717	0.0711797016350717	0.0711797016350717	0.0	0.0687714155102783	0.0687714155102783	0.0687714155102783	0.0	0.8206153259422361	0.7935345210150767	0.0867213075782189	0.0618513476788392	34	STAT3	3000
5	STAT3	BaggingClassifier_LogisticRegression	di	0.7989497053481808	0.8206153259422361	0.7935345210150767	0.796809995937867	0.8256303389881179	0.7908270900598727	0.8000198039154223	0.8000198039154223	0.8000198039154223	0.0	0.8367195119715394	0.836864738448592	0.8401785484410802	0.0162571768485147	0.8078395354450538	0.8079054813990513	0.8110571456525589	0.0091056173179909	0.0696283290179183	0.0867213075782189	0.0618513476788392	0.0687714155102783	0.0711797016350717	0.0640480472929234	0.0682567733047518	0.0682567733047518	0.0682567733047518	0.0	0.0791757009830568	0.0820638737844149	0.0821014140817331	0.0127637481517872	0.0737099097851086	0.0741885147667444	0.0744813637720413	0.0039961954839639	0.8206153259422361	0.7935345210150767	0.0867213075782189	0.0618513476788392	34	STAT3	3000
5	STAT3	BaggingClassifier_LogisticRegression	mono+di	0.7989497053481808	0.8206153259422361	0.7935345210150767	0.796809995937867	0.8256303389881179	0.7908270900598727	0.8046318005274897	0.8046318005274897	0.8046318005274897	0.0	0.8392289344561089	0.8393991682260634	0.8384286256790505	0.0173108285679375	0.8122209285211776	0.8123148531949804	0.8156188611619162	0.0103063899364645	0.0696283290179183	0.0867213075782189	0.0618513476788392	0.0687714155102783	0.0711797016350717	0.0640480472929234	0.0685496020274475	0.0685496020274475	0.0685496020274475	0.0	0.0938569649774975	0.0989789729511527	0.0973667170535905	0.0218184981398215	0.0767373781504243	0.0770931734545563	0.0769772970862699	0.0054460969433936	0.8206153259422361	0.7935345210150767	0.0867213075782189	0.0618513476788392	34	STAT3	3000
16	TAL1	Single best mono PWM	mono	0.811854983552185	0.8432209564450065	0.8919793398191032	0.8367046048842208	0.8627158735441924	0.912361583839742	0.8919793398191032	0.8919793398191032	0.8919793398191032	0.0	0.8432209564450065	0.8432209564450065	0.8432209564450065	0.0129633940795663	0.811854983552185	0.811854983552185	0.811854983552185	0.0036875579290134	0.1451692567243052	0.1311232420184406	0.1609775312146371	0.1615128825817297	0.1473577519835652	0.181555335132498	0.1609775312146371	0.1609775312146371	0.1609775312146371	0.0	0.1311232420184406	0.1311232420184406	0.1311232420184406	0.0164939424814525	0.1451692567243052	0.1451692567243052	0.1451692567243052	0.0176885092122015	0.8432209564450065	0.8919793398191032	0.1311232420184406	0.1609775312146371	35	TAL1	7020
16	TAL1	RandomForestClassifier	mono	0.811854983552185	0.8432209564450065	0.8919793398191032	0.8367046048842208	0.8627158735441924	0.912361583839742	0.8963375163676369	0.8963375163676369	0.8963375163676369	0.0	0.8776282269978318	0.8770596083966021	0.8750066727279043	0.0129633940795663	0.872064920516691	0.8713973901612669	0.874003121071568	0.0036875579290134	0.1451692567243052	0.1311232420184406	0.1609775312146371	0.1615128825817297	0.1473577519835652	0.181555335132498	0.1638598530304912	0.1638598530304912	0.1638598530304912	0.0	0.1490939466832944	0.1517203466830807	0.1461184697332389	0.0164939424814525	0.2293198145717031	0.2320396279781553	0.2386324524242708	0.0176885092122015	0.8432209564450065	0.8919793398191032	0.1311232420184406	0.1609775312146371	35	TAL1	7020
14	TAL1	Single best di PWM	di	0.811854983552185	0.8432209564450065	0.8919793398191032	0.8367046048842208	0.8627158735441924	0.912361583839742	0.912361583839742	0.912361583839742	0.912361583839742	0.0	0.8627158735441924	0.8627158735441924	0.8627158735441924	0.0	0.8367046048842208	0.8367046048842208	0.8367046048842208	0.0	0.1451692567243052	0.1311232420184406	0.1609775312146371	0.1615128825817297	0.1473577519835652	0.181555335132498	0.181555335132498	0.181555335132498	0.181555335132498	0.0	0.1473577519835652	0.1473577519835652	0.1473577519835652	0.0	0.1615128825817297	0.1615128825817297	0.1615128825817297	0.0	0.8432209564450065	0.8919793398191032	0.1311232420184406	0.1609775312146371	35	TAL1	7020
14	TAL1	RandomForestClassifier	di	0.811854983552185	0.8432209564450065	0.8919793398191032	0.8367046048842208	0.8627158735441924	0.912361583839742	0.9136278064466176	0.9136278064466176	0.9136278064466176	0.0	0.8642076192253167	0.8640988633132023	0.8685010807700879	0.013222467405315	0.8616806926041644	0.8610323420378505	0.8639752938478383	0.0059724253273042	0.1451692567243052	0.1311232420184406	0.1609775312146371	0.1615128825817297	0.1473577519835652	0.181555335132498	0.1968772471702964	0.1968772471702964	0.1968772471702964	0.0	0.1491818770952849	0.1544291472123138	0.1522245110263109	0.0071681024261835	0.2242149737202672	0.2203120861966083	0.2251520743892824	0.0161972142156791	0.8432209564450065	0.8919793398191032	0.1311232420184406	0.1609775312146371	35	TAL1	7020
16	TAL1	RandomForestClassifier	mono+di	0.811854983552185	0.8432209564450065	0.8919793398191032	0.8367046048842208	0.8627158735441924	0.912361583839742	0.9177135629066228	0.9177135629066228	0.9177135629066228	0.0	0.8901345793122387	0.8897927071983999	0.8913959516242055	0.0107825381390261	0.8913156604156675	0.8910314540003859	0.8921528572305969	0.0033778715690141	0.1451692567243052	0.1311232420184406	0.1609775312146371	0.1615128825817297	0.1473577519835652	0.181555335132498	0.1949902798798743	0.1949902798798743	0.1949902798798743	0.0	0.162975518898572	0.1656521326383002	0.1593933501388419	0.0146868282347729	0.2554047428607722	0.2507076718323467	0.2572733038254888	0.020145055525602	0.8432209564450065	0.8919793398191032	0.1311232420184406	0.1609775312146371	35	TAL1	7020
16	TAL1	Single best mono PWM	mono	0.811854983552185	0.8432209564450065	0.8919793398191032	0.8367046048842208	0.8627158735441924	0.912361583839742	0.8919793398191032	0.8919793398191032	0.8919793398191032	0.0	0.8432209564450065	0.8432209564450065	0.8432209564450065	0.0135123710394567	0.811854983552185	0.811854983552185	0.811854983552185	0.0043797507324436	0.1451692567243052	0.1311232420184406	0.1609775312146371	0.1615128825817297	0.1473577519835652	0.181555335132498	0.1609775312146371	0.1609775312146371	0.1609775312146371	0.0	0.1311232420184406	0.1311232420184406	0.1311232420184406	0.0194698565440358	0.1451692567243052	0.1451692567243052	0.1451692567243052	0.0049393884213389	0.8432209564450065	0.8919793398191032	0.1311232420184406	0.1609775312146371	35	TAL1	7020
16	TAL1	LogisticRegression	mono	0.811854983552185	0.8432209564450065	0.8919793398191032	0.8367046048842208	0.8627158735441924	0.912361583839742	0.8953379536367594	0.8953379536367594	0.8953379536367594	0.0	0.8760005811150378	0.8760480149630011	0.8752563218977606	0.0135123710394567	0.8500629518272106	0.8500388488412689	0.8518783302267112	0.0043797507324436	0.1451692567243052	0.1311232420184406	0.1609775312146371	0.1615128825817297	0.1473577519835652	0.181555335132498	0.1597001928476979	0.1597001928476979	0.1597001928476979	0.0	0.1457886330203195	0.1485767462124516	0.1424933933028785	0.0194698565440358	0.1667411470308732	0.167559566436877	0.1665058746160766	0.0049393884213389	0.8432209564450065	0.8919793398191032	0.1311232420184406	0.1609775312146371	35	TAL1	7020
14	TAL1	Single best di PWM	di	0.811854983552185	0.8432209564450065	0.8919793398191032	0.8367046048842208	0.8627158735441924	0.912361583839742	0.912361583839742	0.912361583839742	0.912361583839742	0.0	0.8627158735441924	0.8627158735441924	0.8627158735441924	0.0	0.8367046048842208	0.8367046048842208	0.8367046048842208	0.0	0.1451692567243052	0.1311232420184406	0.1609775312146371	0.1615128825817297	0.1473577519835652	0.181555335132498	0.181555335132498	0.181555335132498	0.181555335132498	0.0	0.1473577519835652	0.1473577519835652	0.1473577519835652	0.0	0.1615128825817297	0.1615128825817297	0.1615128825817297	0.0	0.8432209564450065	0.8919793398191032	0.1311232420184406	0.1609775312146371	35	TAL1	7020
14	TAL1	LogisticRegression	di	0.811854983552185	0.8432209564450065	0.8919793398191032	0.8367046048842208	0.8627158735441924	0.912361583839742	0.917032066826941	0.917032066826941	0.917032066826941	0.0	0.8669429105032025	0.8667817689662678	0.875158133059702	0.0134435630646626	0.8438061935396044	0.8439229992078	0.8460697596937525	0.0041745721587106	0.1451692567243052	0.1311232420184406	0.1609775312146371	0.1615128825817297	0.1473577519835652	0.181555335132498	0.1913619668704492	0.1913619668704492	0.1913619668704492	0.0	0.1528504209432581	0.1559926141364556	0.155384532744656	0.0099367372438749	0.1651240315982295	0.1664671374975833	0.1635228902433064	0.0070334461183092	0.8432209564450065	0.8919793398191032	0.1311232420184406	0.1609775312146371	35	TAL1	7020
16	TAL1	LogisticRegression	mono+di	0.811854983552185	0.8432209564450065	0.8919793398191032	0.8367046048842208	0.8627158735441924	0.912361583839742	0.9164101530638686	0.9164101530638686	0.9164101530638686	0.0	0.8905514937107123	0.8904877073379874	0.8960439832330236	0.0122040187756579	0.8731167398333455	0.8730879603037242	0.8718956699070413	0.0031158704445824	0.1451692567243052	0.1311232420184406	0.1609775312146371	0.1615128825817297	0.1473577519835652	0.181555335132498	0.1859232490150856	0.1859232490150856	0.1859232490150856	0.0	0.165083198983369	0.1687457802052863	0.1756682344508708	0.0194269305524017	0.1881696674023592	0.1884454076025703	0.1884192853788903	0.0028623016471034	0.8432209564450065	0.8919793398191032	0.1311232420184406	0.1609775312146371	35	TAL1	7020
16	TAL1	Single best mono PWM	mono	0.811854983552185	0.8432209564450065	0.8919793398191032	0.8367046048842208	0.8627158735441924	0.912361583839742	0.8919793398191032	0.8919793398191032	0.8919793398191032	0.0	0.8432209564450065	0.8432209564450065	0.8432209564450065	0.0110574265126395	0.811854983552185	0.811854983552185	0.811854983552185	0.0067018448421605	0.1451692567243052	0.1311232420184406	0.1609775312146371	0.1615128825817297	0.1473577519835652	0.181555335132498	0.1609775312146371	0.1609775312146371	0.1609775312146371	0.0	0.1311232420184406	0.1311232420184406	0.1311232420184406	0.01397448516483	0.1451692567243052	0.1451692567243052	0.1451692567243052	0.0247250815215291	0.8432209564450065	0.8919793398191032	0.1311232420184406	0.1609775312146371	35	TAL1	7020
16	TAL1	XGBClassifier	mono	0.811854983552185	0.8432209564450065	0.8919793398191032	0.8367046048842208	0.8627158735441924	0.912361583839742	0.8891244828847084	0.8891244828847084	0.8891244828847084	0.0	0.8735757968448468	0.8740577155697269	0.8705604196446803	0.0110574265126395	0.8944193037065691	0.8936730765152137	0.8962420540389336	0.0067018448421605	0.1451692567243052	0.1311232420184406	0.1609775312146371	0.1615128825817297	0.1473577519835652	0.181555335132498	0.1417713393094593	0.1417713393094593	0.1417713393094593	0.0	0.1392492358118805	0.1475420696667809	0.1522704601194342	0.01397448516483	0.2599628467852589	0.2668306291726608	0.2744450685472069	0.0247250815215291	0.8432209564450065	0.8919793398191032	0.1311232420184406	0.1609775312146371	35	TAL1	7020
14	TAL1	Single best di PWM	di	0.811854983552185	0.8432209564450065	0.8919793398191032	0.8367046048842208	0.8627158735441924	0.912361583839742	0.912361583839742	0.912361583839742	0.912361583839742	0.0	0.8627158735441924	0.8627158735441924	0.8627158735441924	0.0	0.8367046048842208	0.8367046048842208	0.8367046048842208	0.0	0.1451692567243052	0.1311232420184406	0.1609775312146371	0.1615128825817297	0.1473577519835652	0.181555335132498	0.181555335132498	0.181555335132498	0.181555335132498	0.0	0.1473577519835652	0.1473577519835652	0.1473577519835652	0.0	0.1615128825817297	0.1615128825817297	0.1615128825817297	0.0	0.8432209564450065	0.8919793398191032	0.1311232420184406	0.1609775312146371	35	TAL1	7020
14	TAL1	XGBClassifier	di	0.811854983552185	0.8432209564450065	0.8919793398191032	0.8367046048842208	0.8627158735441924	0.912361583839742	0.9100218288973706	0.9100218288973706	0.9100218288973706	0.0	0.8595450451652784	0.8561229986212745	0.8565206744412067	0.0128615554413546	0.8930049028172719	0.8897492033802133	0.8922791956663315	0.008485166475885	0.1451692567243052	0.1311232420184406	0.1609775312146371	0.1615128825817297	0.1473577519835652	0.181555335132498	0.1680135594465235	0.1680135594465235	0.1680135594465235	0.0	0.1432020614747182	0.1467822604851577	0.1512219590938312	0.0093496843688247	0.2489209793548274	0.2501248762169499	0.2586157470477235	0.0226989714599169	0.8432209564450065	0.8919793398191032	0.1311232420184406	0.1609775312146371	35	TAL1	7020
16	TAL1	XGBClassifier	mono+di	0.811854983552185	0.8432209564450065	0.8919793398191032	0.8367046048842208	0.8627158735441924	0.912361583839742	0.912766187373344	0.912766187373344	0.912766187373344	0.0	0.8866629346684028	0.8839826566994252	0.8899358025321624	0.0103621308269692	0.914118832409134	0.9131758739642112	0.9150899765138132	0.0062756733945131	0.1451692567243052	0.1311232420184406	0.1609775312146371	0.1615128825817297	0.1473577519835652	0.181555335132498	0.1718453884936386	0.1718453884936386	0.1718453884936386	0.0	0.1503066332686599	0.1493535905810969	0.1524744979966575	0.014071213771787	0.3053086539226301	0.2963087350057046	0.3056132862618961	0.024828949268446	0.8432209564450065	0.8919793398191032	0.1311232420184406	0.1609775312146371	35	TAL1	7020
16	TAL1	Single best mono PWM	mono	0.811854983552185	0.8432209564450065	0.8919793398191032	0.8367046048842208	0.8627158735441924	0.912361583839742	0.8919793398191032	0.8919793398191032	0.8919793398191032	0.0	0.8432209564450065	0.8432209564450065	0.8432209564450065	0.0126795692486168	0.811854983552185	0.811854983552185	0.811854983552185	0.0066592914995136	0.1451692567243052	0.1311232420184406	0.1609775312146371	0.1615128825817297	0.1473577519835652	0.181555335132498	0.1609775312146371	0.1609775312146371	0.1609775312146371	0.0	0.1311232420184406	0.1311232420184406	0.1311232420184406	0.0146624871078131	0.1451692567243052	0.1451692567243052	0.1451692567243052	0.0264361881538857	0.8432209564450065	0.8919793398191032	0.1311232420184406	0.1609775312146371	35	TAL1	7020
16	TAL1	BaggingClassifier_XGBClassifier	mono	0.811854983552185	0.8432209564450065	0.8919793398191032	0.8367046048842208	0.8627158735441924	0.912361583839742	0.8935706896573687	0.8935706896573687	0.8935706896573687	0.0	0.877427283918159	0.8771167049427496	0.8752712516851286	0.0126795692486168	0.9040858832663392	0.903387232597422	0.9070216218366364	0.0066592914995136	0.1451692567243052	0.1311232420184406	0.1609775312146371	0.1615128825817297	0.1473577519835652	0.181555335132498	0.1585137436206105	0.1585137436206105	0.1585137436206105	0.0	0.1462266135103598	0.1490680466921768	0.1491894423630899	0.0146624871078131	0.2782654574319181	0.2752892554290544	0.2849809763232842	0.0264361881538857	0.8432209564450065	0.8919793398191032	0.1311232420184406	0.1609775312146371	35	TAL1	7020
14	TAL1	Single best di PWM	di	0.811854983552185	0.8432209564450065	0.8919793398191032	0.8367046048842208	0.8627158735441924	0.912361583839742	0.912361583839742	0.912361583839742	0.912361583839742	0.0	0.8627158735441924	0.8627158735441924	0.8627158735441924	0.0	0.8367046048842208	0.8367046048842208	0.8367046048842208	0.0	0.1451692567243052	0.1311232420184406	0.1609775312146371	0.1615128825817297	0.1473577519835652	0.181555335132498	0.181555335132498	0.181555335132498	0.181555335132498	0.0	0.1473577519835652	0.1473577519835652	0.1473577519835652	0.0	0.1615128825817297	0.1615128825817297	0.1615128825817297	0.0	0.8432209564450065	0.8919793398191032	0.1311232420184406	0.1609775312146371	35	TAL1	7020
14	TAL1	BaggingClassifier_XGBClassifier	di	0.811854983552185	0.8432209564450065	0.8919793398191032	0.8367046048842208	0.8627158735441924	0.912361583839742	0.913802680041358	0.913802680041358	0.913802680041358	0.0	0.8599620246022941	0.8599897947492288	0.864171221774361	0.0106865879845334	0.901893855128702	0.9018471474064608	0.9050572897814956	0.009200681310883	0.1451692567243052	0.1311232420184406	0.1609775312146371	0.1615128825817297	0.1473577519835652	0.181555335132498	0.1904959070133241	0.1904959070133241	0.1904959070133241	0.0	0.1479765491696726	0.1472229722325109	0.1527861867974046	0.0119342795773506	0.2642527169766401	0.2633216112408546	0.274468544458823	0.0268408270403624	0.8432209564450065	0.8919793398191032	0.1311232420184406	0.1609775312146371	35	TAL1	7020
16	TAL1	BaggingClassifier_XGBClassifier	mono+di	0.811854983552185	0.8432209564450065	0.8919793398191032	0.8367046048842208	0.8627158735441924	0.912361583839742	0.9137631531526996	0.9137631531526996	0.9137631531526996	0.0	0.8909114473540145	0.8900789457197916	0.8928961503232142	0.0088951617952099	0.9225038331706292	0.9206754850206652	0.9227391220196588	0.0069348179149062	0.1451692567243052	0.1311232420184406	0.1609775312146371	0.1615128825817297	0.1473577519835652	0.181555335132498	0.1784070698984027	0.1784070698984027	0.1784070698984027	0.0	0.1627425277378451	0.1595120425187144	0.1665567927453174	0.0160210479572308	0.3188398926033077	0.3153837462547069	0.3285001380758851	0.0324741809891636	0.8432209564450065	0.8919793398191032	0.1311232420184406	0.1609775312146371	35	TAL1	7020
16	TAL1	Single best mono PWM	mono	0.811854983552185	0.8432209564450065	0.8919793398191032	0.8367046048842208	0.8627158735441924	0.912361583839742	0.8919793398191032	0.8919793398191032	0.8919793398191032	0.0	0.8432209564450065	0.8432209564450065	0.8432209564450065	0.013439959205694	0.811854983552185	0.811854983552185	0.811854983552185	0.0043929396442639	0.1451692567243052	0.1311232420184406	0.1609775312146371	0.1615128825817297	0.1473577519835652	0.181555335132498	0.1609775312146371	0.1609775312146371	0.1609775312146371	0.0	0.1311232420184406	0.1311232420184406	0.1311232420184406	0.0193460376388032	0.1451692567243052	0.1451692567243052	0.1451692567243052	0.0049402954928328	0.8432209564450065	0.8919793398191032	0.1311232420184406	0.1609775312146371	35	TAL1	7020
16	TAL1	BaggingClassifier_LogisticRegression	mono	0.811854983552185	0.8432209564450065	0.8919793398191032	0.8367046048842208	0.8627158735441924	0.912361583839742	0.8953955204465535	0.8953955204465535	0.8953955204465535	0.0	0.8757820863008036	0.8758792422387881	0.875394161391328	0.013439959205694	0.8499734927753374	0.8500739229500615	0.8519152629069314	0.0043929396442639	0.1451692567243052	0.1311232420184406	0.1609775312146371	0.1615128825817297	0.1473577519835652	0.181555335132498	0.1596718217362689	0.1596718217362689	0.1596718217362689	0.0	0.1457858086329846	0.1483969411700336	0.142409584732823	0.0193460376388032	0.1667597575334898	0.1676647298783039	0.1664808375195466	0.0049402954928328	0.8432209564450065	0.8919793398191032	0.1311232420184406	0.1609775312146371	35	TAL1	7020
14	TAL1	Single best di PWM	di	0.811854983552185	0.8432209564450065	0.8919793398191032	0.8367046048842208	0.8627158735441924	0.912361583839742	0.912361583839742	0.912361583839742	0.912361583839742	0.0	0.8627158735441924	0.8627158735441924	0.8627158735441924	0.0	0.8367046048842208	0.8367046048842208	0.8367046048842208	0.0	0.1451692567243052	0.1311232420184406	0.1609775312146371	0.1615128825817297	0.1473577519835652	0.181555335132498	0.181555335132498	0.181555335132498	0.181555335132498	0.0	0.1473577519835652	0.1473577519835652	0.1473577519835652	0.0	0.1615128825817297	0.1615128825817297	0.1615128825817297	0.0	0.8432209564450065	0.8919793398191032	0.1311232420184406	0.1609775312146371	35	TAL1	7020
14	TAL1	BaggingClassifier_LogisticRegression	di	0.811854983552185	0.8432209564450065	0.8919793398191032	0.8367046048842208	0.8627158735441924	0.912361583839742	0.9171044030890528	0.9171044030890528	0.9171044030890528	0.0	0.8669057171289268	0.8667386823711547	0.8751801698318697	0.013401676754836	0.8437431235029696	0.843946419749396	0.845919596249687	0.0040939456235522	0.1451692567243052	0.1311232420184406	0.1609775312146371	0.1615128825817297	0.1473577519835652	0.181555335132498	0.1912952215656325	0.1912952215656325	0.1912952215656325	0.0	0.1527256484528238	0.1559760618088425	0.1553247171358474	0.0100717168893935	0.1650524848527175	0.1664175503574247	0.1633048894448593	0.0069794203703235	0.8432209564450065	0.8919793398191032	0.1311232420184406	0.1609775312146371	35	TAL1	7020
16	TAL1	BaggingClassifier_LogisticRegression	mono+di	0.811854983552185	0.8432209564450065	0.8919793398191032	0.8367046048842208	0.8627158735441924	0.912361583839742	0.9164729213443168	0.9164729213443168	0.9164729213443168	0.0	0.8903192193973585	0.8904454735766143	0.8957105586704367	0.0121787064985108	0.8729054479198581	0.8732272791017807	0.8719345112597786	0.003085623836551	0.1451692567243052	0.1311232420184406	0.1609775312146371	0.1615128825817297	0.1473577519835652	0.181555335132498	0.1855781010828246	0.1855781010828246	0.1855781010828246	0.0	0.1649707555785428	0.1687052480571124	0.1763334399433757	0.0193895033127059	0.1881488895780977	0.1884446011079305	0.1883248400988404	0.0029236875858126	0.8432209564450065	0.8919793398191032	0.1311232420184406	0.1609775312146371	35	TAL1	7020
72	TF65	Single best mono PWM	mono	0.8045980351608254	0.8011993074350411	0.8032373142160594	0.8100252243556059	0.802448776231856	0.8050886357257394	0.8032373142160594	0.8032373142160594	0.8032373142160594	0.0	0.8011993074350411	0.8011993074350411	0.8011993074350411	0.0154350681520437	0.8045980351608254	0.8045980351608254	0.8045980351608254	0.021024507110215	0.1701508217219658	0.1492994309925082	0.1137937516482875	0.1730054641895725	0.1578972872526906	0.0969097672796522	0.1137937516482875	0.1137937516482875	0.1137937516482875	0.0	0.1492994309925082	0.1492994309925082	0.1492994309925082	0.0385494214015156	0.1701508217219658	0.1701508217219658	0.1701508217219658	0.0293675593558279	0.8011993074350411	0.8032373142160594	0.1492994309925082	0.1137937516482875	36	TF65	2008
72	TF65	RandomForestClassifier	mono	0.8045980351608254	0.8011993074350411	0.8032373142160594	0.8100252243556059	0.802448776231856	0.8050886357257394	0.81468584399161	0.81468584399161	0.81468584399161	0.0	0.822662931429982	0.8232504774559927	0.8264317852512775	0.0154350681520437	0.8503089007521375	0.8435324554960147	0.8384510381250474	0.021024507110215	0.1701508217219658	0.1492994309925082	0.1137937516482875	0.1730054641895725	0.1578972872526906	0.0969097672796522	0.1178292011787344	0.1178292011787344	0.1178292011787344	0.0	0.1901553740017418	0.1929894812926088	0.2008030103141994	0.0385494214015156	0.3154559533135049	0.312651972921956	0.3075932993357566	0.0293675593558279	0.8011993074350411	0.8032373142160594	0.1492994309925082	0.1137937516482875	36	TF65	2008
36	TF65	Single best di PWM	di	0.8045980351608254	0.8011993074350411	0.8032373142160594	0.8100252243556059	0.802448776231856	0.8050886357257394	0.8050886357257394	0.8050886357257394	0.8050886357257394	0.0	0.802448776231856	0.802448776231856	0.802448776231856	0.0	0.8100252243556059	0.8100252243556059	0.8100252243556059	0.0	0.1701508217219658	0.1492994309925082	0.1137937516482875	0.1730054641895725	0.1578972872526906	0.0969097672796522	0.0969097672796522	0.0969097672796522	0.0969097672796522	0.0	0.1578972872526906	0.1578972872526906	0.1578972872526906	0.0	0.1730054641895725	0.1730054641895725	0.1730054641895725	0.0	0.8011993074350411	0.8032373142160594	0.1492994309925082	0.1137937516482875	36	TF65	2008
36	TF65	RandomForestClassifier	di	0.8045980351608254	0.8011993074350411	0.8032373142160594	0.8100252243556059	0.802448776231856	0.8050886357257394	0.8073758885551978	0.8073758885551978	0.8073758885551978	0.0	0.8405399335164693	0.8405651718483286	0.8382929698990098	0.030117980803945	0.8559245901092171	0.8547376155887079	0.8502104090912925	0.0164753162811693	0.1701508217219658	0.1492994309925082	0.1137937516482875	0.1730054641895725	0.1578972872526906	0.0969097672796522	0.1137075357005913	0.1137075357005913	0.1137075357005913	0.0	0.1998579088739848	0.2117169887189829	0.2387222602785129	0.0501160462614823	0.3275718738611541	0.3276011939370526	0.3216821672152454	0.032436565239893	0.8011993074350411	0.8032373142160594	0.1492994309925082	0.1137937516482875	36	TF65	2008
72	TF65	RandomForestClassifier	mono+di	0.8045980351608254	0.8011993074350411	0.8032373142160594	0.8100252243556059	0.802448776231856	0.8050886357257394	0.8034303526214456	0.8034303526214456	0.8034303526214456	0.0	0.8383667911495067	0.836687829263937	0.8398345153664303	0.0228585242454616	0.8521801764846335	0.8528632975232647	0.8465331432283538	0.0163474295291842	0.1701508217219658	0.1492994309925082	0.1137937516482875	0.1730054641895725	0.1578972872526906	0.0969097672796522	0.1151271137206537	0.1151271137206537	0.1151271137206537	0.0	0.20497667957781	0.2129342758998419	0.2253489931662804	0.0537392214327129	0.337207401888386	0.3310917174019642	0.3301529125438442	0.0308567978320001	0.8011993074350411	0.8032373142160594	0.1492994309925082	0.1137937516482875	36	TF65	2008
72	TF65	Single best mono PWM	mono	0.8045980351608254	0.8011993074350411	0.8032373142160594	0.8100252243556059	0.802448776231856	0.8050886357257394	0.8032373142160594	0.8032373142160594	0.8032373142160594	0.0	0.8011993074350411	0.8011993074350411	0.8011993074350411	0.0216024260403564	0.8045980351608254	0.8045980351608254	0.8045980351608254	0.0189965238236654	0.1701508217219658	0.1492994309925082	0.1137937516482875	0.1730054641895725	0.1578972872526906	0.0969097672796522	0.1137937516482875	0.1137937516482875	0.1137937516482875	0.0	0.1492994309925082	0.1492994309925082	0.1492994309925082	0.0318316468911011	0.1701508217219658	0.1701508217219658	0.1701508217219658	0.025131991266901	0.8011993074350411	0.8032373142160594	0.1492994309925082	0.1137937516482875	36	TF65	2008
72	TF65	LogisticRegression	mono	0.8045980351608254	0.8011993074350411	0.8032373142160594	0.8100252243556059	0.802448776231856	0.8050886357257394	0.8284524465194594	0.8284524465194594	0.8284524465194594	0.0	0.8165735393744146	0.8162077301576066	0.8248943921249468	0.0216024260403564	0.8218735601423733	0.8215598704499565	0.8150773215445748	0.0189965238236654	0.1701508217219658	0.1492994309925082	0.1137937516482875	0.1730054641895725	0.1578972872526906	0.0969097672796522	0.1309239787680882	0.1309239787680882	0.1309239787680882	0.0	0.1847970669553	0.1903681182035172	0.1893836239432449	0.0318316468911011	0.2043749459154181	0.2085971748995307	0.203028557660531	0.025131991266901	0.8011993074350411	0.8032373142160594	0.1492994309925082	0.1137937516482875	36	TF65	2008
36	TF65	Single best di PWM	di	0.8045980351608254	0.8011993074350411	0.8032373142160594	0.8100252243556059	0.802448776231856	0.8050886357257394	0.8050886357257394	0.8050886357257394	0.8050886357257394	0.0	0.802448776231856	0.802448776231856	0.802448776231856	0.0	0.8100252243556059	0.8100252243556059	0.8100252243556059	0.0	0.1701508217219658	0.1492994309925082	0.1137937516482875	0.1730054641895725	0.1578972872526906	0.0969097672796522	0.0969097672796522	0.0969097672796522	0.0969097672796522	0.0	0.1578972872526906	0.1578972872526906	0.1578972872526906	0.0	0.1730054641895725	0.1730054641895725	0.1730054641895725	0.0	0.8011993074350411	0.8032373142160594	0.1492994309925082	0.1137937516482875	36	TF65	2008
36	TF65	LogisticRegression	di	0.8045980351608254	0.8011993074350411	0.8032373142160594	0.8100252243556059	0.802448776231856	0.8050886357257394	0.8284294859134504	0.8284294859134504	0.8284294859134504	0.0	0.8102978175862353	0.8108570658383792	0.8165301930561784	0.0205077047986644	0.8201525577604353	0.8203591350911575	0.8195747104133095	0.0170860245102408	0.1701508217219658	0.1492994309925082	0.1137937516482875	0.1730054641895725	0.1578972872526906	0.0969097672796522	0.1187334721495322	0.1187334721495322	0.1187334721495322	0.0	0.1664547329817611	0.1785226063218868	0.1584855421250679	0.0357054545083361	0.1910036046550521	0.1931936133723088	0.1933291398855519	0.0167004122699647	0.8011993074350411	0.8032373142160594	0.1492994309925082	0.1137937516482875	36	TF65	2008
72	TF65	LogisticRegression	mono+di	0.8045980351608254	0.8011993074350411	0.8032373142160594	0.8100252243556059	0.802448776231856	0.8050886357257394	0.8254483912478144	0.8254483912478144	0.8254483912478144	0.0	0.818017707524317	0.8185677440095966	0.8166954052415839	0.0207270157448144	0.834839987537553	0.8340593717478252	0.8306063392698957	0.0176946201696191	0.1701508217219658	0.1492994309925082	0.1137937516482875	0.1730054641895725	0.1578972872526906	0.0969097672796522	0.1254327951239135	0.1254327951239135	0.1254327951239135	0.0	0.1812558871986805	0.1868552229559086	0.1796481680396115	0.0319998641447034	0.20256413803926	0.2038576177117857	0.2004388032565082	0.0195063090117234	0.8011993074350411	0.8032373142160594	0.1492994309925082	0.1137937516482875	36	TF65	2008
72	TF65	Single best mono PWM	mono	0.8045980351608254	0.8011993074350411	0.8032373142160594	0.8100252243556059	0.802448776231856	0.8050886357257394	0.8032373142160594	0.8032373142160594	0.8032373142160594	0.0	0.8011993074350411	0.8011993074350411	0.8011993074350411	0.0123978052306575	0.8045980351608254	0.8045980351608254	0.8045980351608254	0.0253126856545836	0.1701508217219658	0.1492994309925082	0.1137937516482875	0.1730054641895725	0.1578972872526906	0.0969097672796522	0.1137937516482875	0.1137937516482875	0.1137937516482875	0.0	0.1492994309925082	0.1492994309925082	0.1492994309925082	0.0513358725925315	0.1701508217219658	0.1701508217219658	0.1701508217219658	0.0453194771531225	0.8011993074350411	0.8032373142160594	0.1492994309925082	0.1137937516482875	36	TF65	2008
72	TF65	XGBClassifier	mono	0.8045980351608254	0.8011993074350411	0.8032373142160594	0.8100252243556059	0.802448776231856	0.8050886357257394	0.7899875442441938	0.7899875442441938	0.7899875442441938	0.0	0.8131353725523792	0.8186773283443957	0.8188804181130654	0.0123978052306575	0.9376001259612292	0.9316426310153224	0.940326581231914	0.0253126856545836	0.1701508217219658	0.1492994309925082	0.1137937516482875	0.1730054641895725	0.1578972872526906	0.0969097672796522	0.1141273425437639	0.1141273425437639	0.1141273425437639	0.0	0.2120650410573167	0.2101735293019751	0.2179166217234783	0.0513358725925315	0.4061717520184461	0.3943196437567864	0.4035003607485244	0.0453194771531225	0.8011993074350411	0.8032373142160594	0.1492994309925082	0.1137937516482875	36	TF65	2008
36	TF65	Single best di PWM	di	0.8045980351608254	0.8011993074350411	0.8032373142160594	0.8100252243556059	0.802448776231856	0.8050886357257394	0.8050886357257394	0.8050886357257394	0.8050886357257394	0.0	0.802448776231856	0.802448776231856	0.802448776231856	0.0	0.8100252243556059	0.8100252243556059	0.8100252243556059	0.0	0.1701508217219658	0.1492994309925082	0.1137937516482875	0.1730054641895725	0.1578972872526906	0.0969097672796522	0.0969097672796522	0.0969097672796522	0.0969097672796522	0.0	0.1578972872526906	0.1578972872526906	0.1578972872526906	0.0	0.1730054641895725	0.1730054641895725	0.1730054641895725	0.0	0.8011993074350411	0.8032373142160594	0.1492994309925082	0.1137937516482875	36	TF65	2008
36	TF65	XGBClassifier	di	0.8045980351608254	0.8011993074350411	0.8032373142160594	0.8100252243556059	0.802448776231856	0.8050886357257394	0.7794778595913254	0.7794778595913254	0.7794778595913254	0.0	0.8209128635148799	0.8275313128771687	0.8243330390281841	0.0234771415160162	0.933128591556334	0.9299438164205932	0.9389921623878984	0.0221483860232425	0.1701508217219658	0.1492994309925082	0.1137937516482875	0.1730054641895725	0.1578972872526906	0.0969097672796522	0.1132643009322533	0.1132643009322533	0.1132643009322533	0.0	0.1916362293636209	0.1953983049607084	0.2069847950203379	0.0373920401957488	0.3948522933505641	0.3788186689894773	0.3914158755915333	0.0492761063289967	0.8011993074350411	0.8032373142160594	0.1492994309925082	0.1137937516482875	36	TF65	2008
72	TF65	XGBClassifier	mono+di	0.8045980351608254	0.8011993074350411	0.8032373142160594	0.8100252243556059	0.802448776231856	0.8050886357257394	0.7953276395396719	0.7953276395396719	0.7953276395396719	0.0	0.8131230858367986	0.8185601374105271	0.8165247682234642	0.020156798193611	0.9474565900797808	0.9443942309190602	0.9537500738203508	0.0223308780182988	0.1701508217219658	0.1492994309925082	0.1137937516482875	0.1730054641895725	0.1578972872526906	0.0969097672796522	0.1176268180465716	0.1176268180465716	0.1176268180465716	0.0	0.2010639517571973	0.2256869147546101	0.2109620038928303	0.0350040713128961	0.4469124146351742	0.4342607616954694	0.4481988330154458	0.0526618486992152	0.8011993074350411	0.8032373142160594	0.1492994309925082	0.1137937516482875	36	TF65	2008
72	TF65	Single best mono PWM	mono	0.8045980351608254	0.8011993074350411	0.8032373142160594	0.8100252243556059	0.802448776231856	0.8050886357257394	0.8032373142160594	0.8032373142160594	0.8032373142160594	0.0	0.8011993074350411	0.8011993074350411	0.8011993074350411	0.0179817071238697	0.8045980351608254	0.8045980351608254	0.8045980351608254	0.0238432375406294	0.1701508217219658	0.1492994309925082	0.1137937516482875	0.1730054641895725	0.1578972872526906	0.0969097672796522	0.1137937516482875	0.1137937516482875	0.1137937516482875	0.0	0.1492994309925082	0.1492994309925082	0.1492994309925082	0.0427616210630479	0.1701508217219658	0.1701508217219658	0.1701508217219658	0.0480958854595564	0.8011993074350411	0.8032373142160594	0.1492994309925082	0.1137937516482875	36	TF65	2008
72	TF65	BaggingClassifier_XGBClassifier	mono	0.8045980351608254	0.8011993074350411	0.8032373142160594	0.8100252243556059	0.802448776231856	0.8050886357257394	0.7965976614767716	0.7965976614767716	0.7965976614767716	0.0	0.823223724182398	0.8220793781676308	0.8239519669684392	0.0179817071238697	0.9641252611950142	0.9578485693976811	0.966663657608558	0.0238432375406294	0.1701508217219658	0.1492994309925082	0.1137937516482875	0.1730054641895725	0.1578972872526906	0.0969097672796522	0.1178163009542839	0.1178163009542839	0.1178163009542839	0.0	0.2325450371799131	0.2192024719657519	0.223423724014047	0.0427616210630479	0.4413178742784649	0.4363338016185892	0.4482898684862787	0.0480958854595564	0.8011993074350411	0.8032373142160594	0.1492994309925082	0.1137937516482875	36	TF65	2008
36	TF65	Single best di PWM	di	0.8045980351608254	0.8011993074350411	0.8032373142160594	0.8100252243556059	0.802448776231856	0.8050886357257394	0.8050886357257394	0.8050886357257394	0.8050886357257394	0.0	0.802448776231856	0.802448776231856	0.802448776231856	0.0	0.8100252243556059	0.8100252243556059	0.8100252243556059	0.0	0.1701508217219658	0.1492994309925082	0.1137937516482875	0.1730054641895725	0.1578972872526906	0.0969097672796522	0.0969097672796522	0.0969097672796522	0.0969097672796522	0.0	0.1578972872526906	0.1578972872526906	0.1578972872526906	0.0	0.1730054641895725	0.1730054641895725	0.1730054641895725	0.0	0.8011993074350411	0.8032373142160594	0.1492994309925082	0.1137937516482875	36	TF65	2008
36	TF65	BaggingClassifier_XGBClassifier	di	0.8045980351608254	0.8011993074350411	0.8032373142160594	0.8100252243556059	0.802448776231856	0.8050886357257394	0.7865946007580089	0.7865946007580089	0.7865946007580089	0.0	0.8310251967847131	0.83719125425597	0.8387936618665603	0.0194046543245575	0.9600719805817788	0.9571260955263636	0.965050408753828	0.0211124416500735	0.1701508217219658	0.1492994309925082	0.1137937516482875	0.1730054641895725	0.1578972872526906	0.0969097672796522	0.118532742690872	0.118532742690872	0.118532742690872	0.0	0.1942286722578755	0.2049914993539928	0.2213221008401422	0.0476105201813266	0.4352901699272459	0.428261470244813	0.4457061262187894	0.0561981166470795	0.8011993074350411	0.8032373142160594	0.1492994309925082	0.1137937516482875	36	TF65	2008
72	TF65	BaggingClassifier_XGBClassifier	mono+di	0.8045980351608254	0.8011993074350411	0.8032373142160594	0.8100252243556059	0.802448776231856	0.8050886357257394	0.8010853677732866	0.8010853677732866	0.8010853677732866	0.0	0.8306757862652555	0.8373757095826585	0.8407550849211797	0.0233484718582555	0.9689893770840856	0.964955638291011	0.9724424834009668	0.0204703657046212	0.1701508217219658	0.1492994309925082	0.1137937516482875	0.1730054641895725	0.1578972872526906	0.0969097672796522	0.1194564581952216	0.1194564581952216	0.1194564581952216	0.0	0.225409945441865	0.2346119975994597	0.2298951118899573	0.0383172318066526	0.4810119626368398	0.4761008422087299	0.4981130022338833	0.0640834899294978	0.8011993074350411	0.8032373142160594	0.1492994309925082	0.1137937516482875	36	TF65	2008
72	TF65	Single best mono PWM	mono	0.8045980351608254	0.8011993074350411	0.8032373142160594	0.8100252243556059	0.802448776231856	0.8050886357257394	0.8032373142160594	0.8032373142160594	0.8032373142160594	0.0	0.8011993074350411	0.8011993074350411	0.8011993074350411	0.0208499307796183	0.8045980351608254	0.8045980351608254	0.8045980351608254	0.0189975375802607	0.1701508217219658	0.1492994309925082	0.1137937516482875	0.1730054641895725	0.1578972872526906	0.0969097672796522	0.1137937516482875	0.1137937516482875	0.1137937516482875	0.0	0.1492994309925082	0.1492994309925082	0.1492994309925082	0.0336855572568502	0.1701508217219658	0.1701508217219658	0.1701508217219658	0.0244797598159327	0.8011993074350411	0.8032373142160594	0.1492994309925082	0.1137937516482875	36	TF65	2008
72	TF65	BaggingClassifier_LogisticRegression	mono	0.8045980351608254	0.8011993074350411	0.8032373142160594	0.8100252243556059	0.802448776231856	0.8050886357257394	0.8287218100495687	0.8287218100495687	0.8287218100495687	0.0	0.8166717203768978	0.8164913540601407	0.8263034198681217	0.0208499307796183	0.822251924787412	0.8221178940147164	0.8154546068117201	0.0189975375802607	0.1701508217219658	0.1492994309925082	0.1137937516482875	0.1730054641895725	0.1578972872526906	0.0969097672796522	0.1294583678088461	0.1294583678088461	0.1294583678088461	0.0	0.1851945267667176	0.1853036767918232	0.1985127307584165	0.0336855572568502	0.2049264102314827	0.2077168108890121	0.2024066981075351	0.0244797598159327	0.8011993074350411	0.8032373142160594	0.1492994309925082	0.1137937516482875	36	TF65	2008
36	TF65	Single best di PWM	di	0.8045980351608254	0.8011993074350411	0.8032373142160594	0.8100252243556059	0.802448776231856	0.8050886357257394	0.8050886357257394	0.8050886357257394	0.8050886357257394	0.0	0.802448776231856	0.802448776231856	0.802448776231856	0.0	0.8100252243556059	0.8100252243556059	0.8100252243556059	0.0	0.1701508217219658	0.1492994309925082	0.1137937516482875	0.1730054641895725	0.1578972872526906	0.0969097672796522	0.0969097672796522	0.0969097672796522	0.0969097672796522	0.0	0.1578972872526906	0.1578972872526906	0.1578972872526906	0.0	0.1730054641895725	0.1730054641895725	0.1730054641895725	0.0	0.8011993074350411	0.8032373142160594	0.1492994309925082	0.1137937516482875	36	TF65	2008
36	TF65	BaggingClassifier_LogisticRegression	di	0.8045980351608254	0.8011993074350411	0.8032373142160594	0.8100252243556059	0.802448776231856	0.8050886357257394	0.8265890570772989	0.8265890570772989	0.8265890570772989	0.0	0.8090752330248879	0.8113438248158519	0.8177814318379368	0.0203191878958115	0.8204080577702335	0.8203014412669585	0.8199663379200378	0.0174404856911765	0.1701508217219658	0.1492994309925082	0.1137937516482875	0.1730054641895725	0.1578972872526906	0.0969097672796522	0.1150871391426326	0.1150871391426326	0.1150871391426326	0.0	0.1668548120439921	0.1777984706456555	0.1577179075355876	0.0367548185211346	0.1908001852066309	0.1931812333195804	0.194593433319	0.0170354755872476	0.8011993074350411	0.8032373142160594	0.1492994309925082	0.1137937516482875	36	TF65	2008
72	TF65	BaggingClassifier_LogisticRegression	mono+di	0.8045980351608254	0.8011993074350411	0.8032373142160594	0.8100252243556059	0.802448776231856	0.8050886357257394	0.8232756394468737	0.8232756394468737	0.8232756394468737	0.0	0.8176556439422547	0.8191464302833615	0.8185802498180198	0.0199082985111818	0.8357968929545088	0.8347148465538332	0.8309537589322624	0.0179621647883693	0.1701508217219658	0.1492994309925082	0.1137937516482875	0.1730054641895725	0.1578972872526906	0.0969097672796522	0.123384348288371	0.123384348288371	0.123384348288371	0.0	0.184014054899366	0.1831092668941462	0.1746858613910523	0.0328219649650847	0.2021242687915192	0.2025534450332531	0.196488651324471	0.0197119608544304	0.8011993074350411	0.8032373142160594	0.1492994309925082	0.1137937516482875	36	TF65	2008
5	TFE2	Single best mono PWM	mono	0.7569200440945192	0.7323898784896467	0.8820453020135994	0.7613660909030084	0.7343145631591137	0.8782066468314174	0.8820453020135994	0.8820453020135994	0.8820453020135994	0.0	0.7323898784896467	0.7323898784896467	0.7323898784896467	0.0276671465526821	0.7569200440945192	0.7569200440945192	0.7569200440945192	0.0150909597639093	0.0439448638569181	0.0332127817064429	0.1848345483152131	0.0477733304469636	0.0297925317925187	0.1852668149168027	0.1848345483152131	0.1848345483152131	0.1848345483152131	0.0	0.0332127817064429	0.0332127817064429	0.0332127817064429	0.0178488958723293	0.0439448638569181	0.0439448638569181	0.0439448638569181	0.0302956796356901	0.7323898784896467	0.8820453020135994	0.0332127817064429	0.1848345483152131	37	TFE2	1939
5	TFE2	RandomForestClassifier	mono	0.7569200440945192	0.7323898784896467	0.8820453020135994	0.7613660909030084	0.7343145631591137	0.8782066468314174	0.8911904613403587	0.8911904613403587	0.8911904613403587	0.0	0.7740853238333042	0.7751460537073143	0.7839637524889151	0.0276671465526821	0.8305357128868579	0.8280457824896084	0.8242399275462584	0.0150909597639093	0.0439448638569181	0.0332127817064429	0.1848345483152131	0.0477733304469636	0.0297925317925187	0.1852668149168027	0.2379791760856343	0.2379791760856343	0.2379791760856343	0.0	0.0542851450399204	0.0654559511479537	0.0680478739293717	0.0178488958723293	0.1392933022178242	0.1395224736191602	0.1453237392918206	0.0302956796356901	0.7323898784896467	0.8820453020135994	0.0332127817064429	0.1848345483152131	37	TFE2	1939
3	TFE2	Single best di PWM	di	0.7569200440945192	0.7323898784896467	0.8820453020135994	0.7613660909030084	0.7343145631591137	0.8782066468314174	0.8782066468314174	0.8782066468314174	0.8782066468314174	0.0	0.7343145631591137	0.7343145631591137	0.7343145631591137	0.0	0.7613660909030084	0.7613660909030084	0.7613660909030084	0.0	0.0439448638569181	0.0332127817064429	0.1848345483152131	0.0477733304469636	0.0297925317925187	0.1852668149168027	0.1852668149168027	0.1852668149168027	0.1852668149168027	0.0	0.0297925317925187	0.0297925317925187	0.0297925317925187	0.0	0.0477733304469636	0.0477733304469636	0.0477733304469636	0.0	0.7323898784896467	0.8820453020135994	0.0332127817064429	0.1848345483152131	37	TFE2	1939
3	TFE2	RandomForestClassifier	di	0.7569200440945192	0.7323898784896467	0.8820453020135994	0.7613660909030084	0.7343145631591137	0.8782066468314174	0.8902569661813141	0.8902569661813141	0.8902569661813141	0.0	0.7651601018467231	0.7646282578040579	0.7759737781255368	0.0403354485882086	0.8227049431147193	0.8220197884448796	0.8302513082687379	0.0174197758660459	0.0439448638569181	0.0332127817064429	0.1848345483152131	0.0477733304469636	0.0297925317925187	0.1852668149168027	0.2120337649752151	0.2120337649752151	0.2120337649752151	0.0	0.0551976371735438	0.058744256523546	0.0485292169611627	0.0186705870773372	0.1262068942786707	0.1276372225807468	0.1318190849716159	0.0185428345456818	0.7323898784896467	0.8820453020135994	0.0332127817064429	0.1848345483152131	37	TFE2	1939
5	TFE2	RandomForestClassifier	mono+di	0.7569200440945192	0.7323898784896467	0.8820453020135994	0.7613660909030084	0.7343145631591137	0.8782066468314174	0.8957814465097192	0.8957814465097192	0.8957814465097192	0.0	0.777674810708414	0.7762211836665737	0.7882211492585736	0.0350603226613346	0.8354686599761985	0.8350210462067128	0.8429881964453925	0.0167980202187945	0.0439448638569181	0.0332127817064429	0.1848345483152131	0.0477733304469636	0.0297925317925187	0.1852668149168027	0.2417624224712317	0.2417624224712317	0.2417624224712317	0.0	0.0590028536751612	0.0727605986512531	0.0697723060559808	0.0181904329054557	0.1543391603867062	0.1551774570249576	0.1615952736988901	0.0307708875319512	0.7323898784896467	0.8820453020135994	0.0332127817064429	0.1848345483152131	37	TFE2	1939
5	TFE2	Single best mono PWM	mono	0.7569200440945192	0.7323898784896467	0.8820453020135994	0.7613660909030084	0.7343145631591137	0.8782066468314174	0.8820453020135994	0.8820453020135994	0.8820453020135994	0.0	0.7323898784896467	0.7323898784896467	0.7323898784896467	0.0228302659931701	0.7569200440945192	0.7569200440945192	0.7569200440945192	0.0127649862468836	0.0439448638569181	0.0332127817064429	0.1848345483152131	0.0477733304469636	0.0297925317925187	0.1852668149168027	0.1848345483152131	0.1848345483152131	0.1848345483152131	0.0	0.0332127817064429	0.0332127817064429	0.0332127817064429	0.012996312723854	0.0439448638569181	0.0439448638569181	0.0439448638569181	0.0035296955142532	0.7323898784896467	0.8820453020135994	0.0332127817064429	0.1848345483152131	37	TFE2	1939
5	TFE2	LogisticRegression	mono	0.7569200440945192	0.7323898784896467	0.8820453020135994	0.7613660909030084	0.7343145631591137	0.8782066468314174	0.8946604867740272	0.8946604867740272	0.8946604867740272	0.0	0.7536822025752878	0.7537928598488293	0.7575160467438946	0.0228302659931701	0.7719597092629796	0.7718494115202655	0.7730968613145716	0.0127649862468836	0.0439448638569181	0.0332127817064429	0.1848345483152131	0.0477733304469636	0.0297925317925187	0.1852668149168027	0.2682206470251215	0.2682206470251215	0.2682206470251215	0.0	0.0400701326912581	0.0453146537653772	0.0396457234362797	0.012996312723854	0.0552969232791498	0.0568105823487785	0.0563344752421164	0.0035296955142532	0.7323898784896467	0.8820453020135994	0.0332127817064429	0.1848345483152131	37	TFE2	1939
3	TFE2	Single best di PWM	di	0.7569200440945192	0.7323898784896467	0.8820453020135994	0.7613660909030084	0.7343145631591137	0.8782066468314174	0.8782066468314174	0.8782066468314174	0.8782066468314174	0.0	0.7343145631591137	0.7343145631591137	0.7343145631591137	0.0	0.7613660909030084	0.7613660909030084	0.7613660909030084	0.0	0.0439448638569181	0.0332127817064429	0.1848345483152131	0.0477733304469636	0.0297925317925187	0.1852668149168027	0.1852668149168027	0.1852668149168027	0.1852668149168027	0.0	0.0297925317925187	0.0297925317925187	0.0297925317925187	0.0	0.0477733304469636	0.0477733304469636	0.0477733304469636	0.0	0.7323898784896467	0.8820453020135994	0.0332127817064429	0.1848345483152131	37	TFE2	1939
3	TFE2	LogisticRegression	di	0.7569200440945192	0.7323898784896467	0.8820453020135994	0.7613660909030084	0.7343145631591137	0.8782066468314174	0.8964075166916948	0.8964075166916948	0.8964075166916948	0.0	0.7492915976453386	0.749390140418632	0.770674730301941	0.0348803144113792	0.7690880226317348	0.7690774271572113	0.7677828494698046	0.0166266011060709	0.0439448638569181	0.0332127817064429	0.1848345483152131	0.0477733304469636	0.0297925317925187	0.1852668149168027	0.2328795544562331	0.2328795544562331	0.2328795544562331	0.0	0.0360581152501802	0.0383080473352715	0.0391222589013332	0.0055812745457544	0.0521865395723812	0.0525962628834922	0.0517926200638699	0.0029874922735458	0.7323898784896467	0.8820453020135994	0.0332127817064429	0.1848345483152131	37	TFE2	1939
5	TFE2	LogisticRegression	mono+di	0.7569200440945192	0.7323898784896467	0.8820453020135994	0.7613660909030084	0.7343145631591137	0.8782066468314174	0.9000038382419833	0.9000038382419833	0.9000038382419833	0.0	0.7535581390589127	0.7536279427746878	0.7740017303129194	0.0291886689563162	0.7781006144366717	0.7778166551169629	0.7771168898350923	0.0149835734132057	0.0439448638569181	0.0332127817064429	0.1848345483152131	0.0477733304469636	0.0297925317925187	0.1852668149168027	0.2829019016602606	0.2829019016602606	0.2829019016602606	0.0	0.0476365034102672	0.0495239653919138	0.0479190108493377	0.0086223167190147	0.0619203178953037	0.0632434741394307	0.0620057266415479	0.0044486432318386	0.7323898784896467	0.8820453020135994	0.0332127817064429	0.1848345483152131	37	TFE2	1939
5	TFE2	Single best mono PWM	mono	0.7569200440945192	0.7323898784896467	0.8820453020135994	0.7613660909030084	0.7343145631591137	0.8782066468314174	0.8820453020135994	0.8820453020135994	0.8820453020135994	0.0	0.7323898784896467	0.7323898784896467	0.7323898784896467	0.0304078355573554	0.7569200440945192	0.7569200440945192	0.7569200440945192	0.0156696138584417	0.0439448638569181	0.0332127817064429	0.1848345483152131	0.0477733304469636	0.0297925317925187	0.1852668149168027	0.1848345483152131	0.1848345483152131	0.1848345483152131	0.0	0.0332127817064429	0.0332127817064429	0.0332127817064429	0.0144318142536211	0.0439448638569181	0.0439448638569181	0.0439448638569181	0.0329040402976779	0.7323898784896467	0.8820453020135994	0.0332127817064429	0.1848345483152131	37	TFE2	1939
5	TFE2	XGBClassifier	mono	0.7569200440945192	0.7323898784896467	0.8820453020135994	0.7613660909030084	0.7343145631591137	0.8782066468314174	0.8806833421514983	0.8806833421514983	0.8806833421514983	0.0	0.7656655206146866	0.7646353467990732	0.7662057800085242	0.0304078355573554	0.8569487440141131	0.85550294786662	0.8565852097779711	0.0156696138584417	0.0439448638569181	0.0332127817064429	0.1848345483152131	0.0477733304469636	0.0297925317925187	0.1852668149168027	0.2244535542684164	0.2244535542684164	0.2244535542684164	0.0	0.0583654622696449	0.0517844991731024	0.0505837786556232	0.0144318142536211	0.143983845667821	0.1432709580938604	0.1379492724667616	0.0329040402976779	0.7323898784896467	0.8820453020135994	0.0332127817064429	0.1848345483152131	37	TFE2	1939
3	TFE2	Single best di PWM	di	0.7569200440945192	0.7323898784896467	0.8820453020135994	0.7613660909030084	0.7343145631591137	0.8782066468314174	0.8782066468314174	0.8782066468314174	0.8782066468314174	0.0	0.7343145631591137	0.7343145631591137	0.7343145631591137	0.0	0.7613660909030084	0.7613660909030084	0.7613660909030084	0.0	0.0439448638569181	0.0332127817064429	0.1848345483152131	0.0477733304469636	0.0297925317925187	0.1852668149168027	0.1852668149168027	0.1852668149168027	0.1852668149168027	0.0	0.0297925317925187	0.0297925317925187	0.0297925317925187	0.0	0.0477733304469636	0.0477733304469636	0.0477733304469636	0.0	0.7323898784896467	0.8820453020135994	0.0332127817064429	0.1848345483152131	37	TFE2	1939
3	TFE2	XGBClassifier	di	0.7569200440945192	0.7323898784896467	0.8820453020135994	0.7613660909030084	0.7343145631591137	0.8782066468314174	0.8814346278724103	0.8814346278724103	0.8814346278724103	0.0	0.7713536595855145	0.7645684018640566	0.7678995146217803	0.0441248643197643	0.8453003177724312	0.8427412408469025	0.8484262549543425	0.018985460146456	0.0439448638569181	0.0332127817064429	0.1848345483152131	0.0477733304469636	0.0297925317925187	0.1852668149168027	0.1907820608437107	0.1907820608437107	0.1907820608437107	0.0	0.0450857079118235	0.0411591124822148	0.0381495714418114	0.0099658074429674	0.1473081164737808	0.151650947019983	0.1560949168220715	0.0303312767630293	0.7323898784896467	0.8820453020135994	0.0332127817064429	0.1848345483152131	37	TFE2	1939
5	TFE2	XGBClassifier	mono+di	0.7569200440945192	0.7323898784896467	0.8820453020135994	0.7613660909030084	0.7343145631591137	0.8782066468314174	0.8836850667534815	0.8836850667534815	0.8836850667534815	0.0	0.7831958152997033	0.7768062445535466	0.7853600895691395	0.0308594553711454	0.8747041057823716	0.8678802149335586	0.8721128616274516	0.0199523144956112	0.0439448638569181	0.0332127817064429	0.1848345483152131	0.0477733304469636	0.0297925317925187	0.1852668149168027	0.2091780306666296	0.2091780306666296	0.2091780306666296	0.0	0.0609242184882741	0.0609753656948056	0.0578501990189576	0.0225158052941226	0.1843791716247746	0.1907381575440471	0.2021861343122981	0.0380824013337675	0.7323898784896467	0.8820453020135994	0.0332127817064429	0.1848345483152131	37	TFE2	1939
5	TFE2	Single best mono PWM	mono	0.7569200440945192	0.7323898784896467	0.8820453020135994	0.7613660909030084	0.7343145631591137	0.8782066468314174	0.8820453020135994	0.8820453020135994	0.8820453020135994	0.0	0.7323898784896467	0.7323898784896467	0.7323898784896467	0.0324961119947631	0.7569200440945192	0.7569200440945192	0.7569200440945192	0.0191010915249233	0.0439448638569181	0.0332127817064429	0.1848345483152131	0.0477733304469636	0.0297925317925187	0.1852668149168027	0.1848345483152131	0.1848345483152131	0.1848345483152131	0.0	0.0332127817064429	0.0332127817064429	0.0332127817064429	0.0227018822853781	0.0439448638569181	0.0439448638569181	0.0439448638569181	0.0382172057458219	0.7323898784896467	0.8820453020135994	0.0332127817064429	0.1848345483152131	37	TFE2	1939
5	TFE2	BaggingClassifier_XGBClassifier	mono	0.7569200440945192	0.7323898784896467	0.8820453020135994	0.7613660909030084	0.7343145631591137	0.8782066468314174	0.8826417571047582	0.8826417571047582	0.8826417571047582	0.0	0.7672111816883157	0.7668348439073999	0.7738665496160868	0.0324961119947631	0.8809784247496086	0.8740794406726689	0.8798866124511691	0.0191010915249233	0.0439448638569181	0.0332127817064429	0.1848345483152131	0.0477733304469636	0.0297925317925187	0.1852668149168027	0.2312795434691204	0.2312795434691204	0.2312795434691204	0.0	0.0632065377761751	0.0735941691361177	0.0751418316643645	0.0227018822853781	0.1701241276097465	0.168794535177789	0.1709820136470186	0.0382172057458219	0.7323898784896467	0.8820453020135994	0.0332127817064429	0.1848345483152131	37	TFE2	1939
3	TFE2	Single best di PWM	di	0.7569200440945192	0.7323898784896467	0.8820453020135994	0.7613660909030084	0.7343145631591137	0.8782066468314174	0.8782066468314174	0.8782066468314174	0.8782066468314174	0.0	0.7343145631591137	0.7343145631591137	0.7343145631591137	0.0	0.7613660909030084	0.7613660909030084	0.7613660909030084	0.0	0.0439448638569181	0.0332127817064429	0.1848345483152131	0.0477733304469636	0.0297925317925187	0.1852668149168027	0.1852668149168027	0.1852668149168027	0.1852668149168027	0.0	0.0297925317925187	0.0297925317925187	0.0297925317925187	0.0	0.0477733304469636	0.0477733304469636	0.0477733304469636	0.0	0.7323898784896467	0.8820453020135994	0.0332127817064429	0.1848345483152131	37	TFE2	1939
3	TFE2	BaggingClassifier_XGBClassifier	di	0.7569200440945192	0.7323898784896467	0.8820453020135994	0.7613660909030084	0.7343145631591137	0.8782066468314174	0.8818017989036567	0.8818017989036567	0.8818017989036567	0.0	0.7728372079406868	0.7689640204291418	0.774971850607836	0.0422647005386233	0.8690772276723203	0.8644485387705817	0.8794804777237116	0.0246748370715381	0.0439448638569181	0.0332127817064429	0.1848345483152131	0.0477733304469636	0.0297925317925187	0.1852668149168027	0.1999890508500958	0.1999890508500958	0.1999890508500958	0.0	0.0447905335252614	0.0434263982461528	0.0408650986659062	0.0101421465023148	0.167401056142295	0.1643303739214214	0.1765762095022879	0.0327288059338343	0.7323898784896467	0.8820453020135994	0.0332127817064429	0.1848345483152131	37	TFE2	1939
5	TFE2	BaggingClassifier_XGBClassifier	mono+di	0.7569200440945192	0.7323898784896467	0.8820453020135994	0.7613660909030084	0.7343145631591137	0.8782066468314174	0.8859843883144731	0.8859843883144731	0.8859843883144731	0.0	0.7851434603014883	0.7797510385366924	0.7876040891365612	0.0305799152883025	0.9013739990240216	0.896962625589105	0.9006002696821065	0.0231770219744968	0.0439448638569181	0.0332127817064429	0.1848345483152131	0.0477733304469636	0.0297925317925187	0.1852668149168027	0.2283687068649572	0.2283687068649572	0.2283687068649572	0.0	0.0609699073233193	0.0646333031461452	0.058136729149004	0.0152849200777827	0.2446275731788512	0.2307355147328266	0.2475660978376589	0.0478615058312678	0.7323898784896467	0.8820453020135994	0.0332127817064429	0.1848345483152131	37	TFE2	1939
5	TFE2	Single best mono PWM	mono	0.7569200440945192	0.7323898784896467	0.8820453020135994	0.7613660909030084	0.7343145631591137	0.8782066468314174	0.8820453020135994	0.8820453020135994	0.8820453020135994	0.0	0.7323898784896467	0.7323898784896467	0.7323898784896467	0.022844540862698	0.7569200440945192	0.7569200440945192	0.7569200440945192	0.0126804142746932	0.0439448638569181	0.0332127817064429	0.1848345483152131	0.0477733304469636	0.0297925317925187	0.1852668149168027	0.1848345483152131	0.1848345483152131	0.1848345483152131	0.0	0.0332127817064429	0.0332127817064429	0.0332127817064429	0.0130452993800094	0.0439448638569181	0.0439448638569181	0.0439448638569181	0.0034162938203264	0.7323898784896467	0.8820453020135994	0.0332127817064429	0.1848345483152131	37	TFE2	1939
5	TFE2	BaggingClassifier_LogisticRegression	mono	0.7569200440945192	0.7323898784896467	0.8820453020135994	0.7613660909030084	0.7343145631591137	0.8782066468314174	0.8944939300608352	0.8944939300608352	0.8944939300608352	0.0	0.7531332919507616	0.7535236071017211	0.7569689625120073	0.022844540862698	0.7720611729769287	0.7718744572923878	0.7730282714186689	0.0126804142746932	0.0439448638569181	0.0332127817064429	0.1848345483152131	0.0477733304469636	0.0297925317925187	0.1852668149168027	0.2681974828660998	0.2681974828660998	0.2681974828660998	0.0	0.0398760974462108	0.0457780393108362	0.0397147315059262	0.0130452993800094	0.0553706052791438	0.0566175555152274	0.0561535259974779	0.0034162938203264	0.7323898784896467	0.8820453020135994	0.0332127817064429	0.1848345483152131	37	TFE2	1939
3	TFE2	Single best di PWM	di	0.7569200440945192	0.7323898784896467	0.8820453020135994	0.7613660909030084	0.7343145631591137	0.8782066468314174	0.8782066468314174	0.8782066468314174	0.8782066468314174	0.0	0.7343145631591137	0.7343145631591137	0.7343145631591137	0.0	0.7613660909030084	0.7613660909030084	0.7613660909030084	0.0	0.0439448638569181	0.0332127817064429	0.1848345483152131	0.0477733304469636	0.0297925317925187	0.1852668149168027	0.1852668149168027	0.1852668149168027	0.1852668149168027	0.0	0.0297925317925187	0.0297925317925187	0.0297925317925187	0.0	0.0477733304469636	0.0477733304469636	0.0477733304469636	0.0	0.7323898784896467	0.8820453020135994	0.0332127817064429	0.1848345483152131	37	TFE2	1939
3	TFE2	BaggingClassifier_LogisticRegression	di	0.7569200440945192	0.7323898784896467	0.8820453020135994	0.7613660909030084	0.7343145631591137	0.8782066468314174	0.8963973019144715	0.8963973019144715	0.8963973019144715	0.0	0.7494798140789519	0.7493706862317476	0.7707828958461249	0.0349770258960417	0.769139496534372	0.7691525912473615	0.7678891794236405	0.0166791390403052	0.0439448638569181	0.0332127817064429	0.1848345483152131	0.0477733304469636	0.0297925317925187	0.1852668149168027	0.2329662517260256	0.2329662517260256	0.2329662517260256	0.0	0.0358320015025143	0.0383077718809936	0.0390422163220868	0.0055506493737171	0.0518477924751845	0.0526585761947431	0.0521072720256016	0.0029652477541134	0.7323898784896467	0.8820453020135994	0.0332127817064429	0.1848345483152131	37	TFE2	1939
5	TFE2	BaggingClassifier_LogisticRegression	mono+di	0.7569200440945192	0.7323898784896467	0.8820453020135994	0.7613660909030084	0.7343145631591137	0.8782066468314174	0.8999501324041977	0.8999501324041977	0.8999501324041977	0.0	0.753660861448352	0.7538612927003326	0.7739603809233001	0.0287907586903598	0.778158754717099	0.7780197134837465	0.7773452732109838	0.0150190331494963	0.0439448638569181	0.0332127817064429	0.1848345483152131	0.0477733304469636	0.0297925317925187	0.1852668149168027	0.2838692843133356	0.2838692843133356	0.2838692843133356	0.0	0.0455154606162034	0.0494275620091457	0.0472325607402798	0.0090122036394234	0.0618647900972025	0.0632741829804088	0.0615054197650784	0.0047682623421053	0.7323898784896467	0.8820453020135994	0.0332127817064429	0.1848345483152131	37	TFE2	1939
12	USF2	Single best mono PWM	mono	0.9728803718991182	0.9759833901717891	0.9793799627046236	0.9721904830307226	0.9760589341706774	0.9775948817328588	0.9793799627046236	0.9793799627046236	0.9793799627046236	0.0	0.9759833901717891	0.9759833901717891	0.9759833901717891	0.0043888647360313	0.9728803718991182	0.9728803718991182	0.9728803718991182	0.0018370074480717	0.680824059755722	0.6224121685542722	0.341024724999097	0.6874102508671369	0.6500021306181215	0.3539882416385283	0.341024724999097	0.341024724999097	0.341024724999097	0.0	0.6224121685542722	0.6224121685542722	0.6224121685542722	0.0399823665376251	0.680824059755722	0.680824059755722	0.680824059755722	0.0182324789822865	0.9759833901717891	0.9793799627046236	0.6224121685542722	0.341024724999097	38	USF2	6522
12	USF2	RandomForestClassifier	mono	0.9728803718991182	0.9759833901717891	0.9793799627046236	0.9721904830307226	0.9760589341706774	0.9775948817328588	0.9811567324697036	0.9811567324697036	0.9811567324697036	0.0	0.9784827704228872	0.978860066317474	0.9800570308322936	0.0043888647360313	0.9791036956315518	0.9792527290461456	0.9792193012956992	0.0018370074480717	0.680824059755722	0.6224121685542722	0.341024724999097	0.6874102508671369	0.6500021306181215	0.3539882416385283	0.3544809597740156	0.3544809597740156	0.3544809597740156	0.0	0.646283687968062	0.6431666117085195	0.6489812317975344	0.0399823665376251	0.7464361212483718	0.7469697539186589	0.7494897893135825	0.0182324789822865	0.9759833901717891	0.9793799627046236	0.6224121685542722	0.341024724999097	38	USF2	6522
6	USF2	Single best di PWM	di	0.9728803718991182	0.9759833901717891	0.9793799627046236	0.9721904830307226	0.9760589341706774	0.9775948817328588	0.9775948817328588	0.9775948817328588	0.9775948817328588	0.0	0.9760589341706774	0.9760589341706774	0.9760589341706774	0.0	0.9721904830307226	0.9721904830307226	0.9721904830307226	0.0	0.680824059755722	0.6224121685542722	0.341024724999097	0.6874102508671369	0.6500021306181215	0.3539882416385283	0.3539882416385283	0.3539882416385283	0.3539882416385283	0.0	0.6500021306181215	0.6500021306181215	0.6500021306181215	0.0	0.6874102508671369	0.6874102508671369	0.6874102508671369	0.0	0.9759833901717891	0.9793799627046236	0.6224121685542722	0.341024724999097	38	USF2	6522
6	USF2	RandomForestClassifier	di	0.9728803718991182	0.9759833901717891	0.9793799627046236	0.9721904830307226	0.9760589341706774	0.9775948817328588	0.981075482113153	0.981075482113153	0.981075482113153	0.0	0.9797176677416004	0.9801449084349316	0.9807505773234187	0.0047547150958415	0.9793633667687957	0.9792696446711712	0.9790871446847224	0.0015917220097361	0.680824059755722	0.6224121685542722	0.341024724999097	0.6874102508671369	0.6500021306181215	0.3539882416385283	0.3409723392283711	0.3409723392283711	0.3409723392283711	0.0	0.6687197409323652	0.6758937114624649	0.6660428738258499	0.0350478487886837	0.7682451115365798	0.76708538108329	0.7726455632034649	0.0220978846836617	0.9759833901717891	0.9793799627046236	0.6224121685542722	0.341024724999097	38	USF2	6522
12	USF2	RandomForestClassifier	mono+di	0.9728803718991182	0.9759833901717891	0.9793799627046236	0.9721904830307226	0.9760589341706774	0.9775948817328588	0.9813329134290084	0.9813329134290084	0.9813329134290084	0.0	0.9800634011956058	0.9804733058205884	0.9810444529552512	0.0042351475999374	0.9797210645106867	0.9805125577915452	0.9806925475360286	0.001483544596778	0.680824059755722	0.6224121685542722	0.341024724999097	0.6874102508671369	0.6500021306181215	0.3539882416385283	0.3534229700543765	0.3534229700543765	0.3534229700543765	0.0	0.6691623613950194	0.6750216489925774	0.6612808494189832	0.0335193195600099	0.7723443462316438	0.7715097159601693	0.7769273296218333	0.0227003421498308	0.9759833901717891	0.9793799627046236	0.6224121685542722	0.341024724999097	38	USF2	6522
12	USF2	Single best mono PWM	mono	0.9728803718991182	0.9759833901717891	0.9793799627046236	0.9721904830307226	0.9760589341706774	0.9775948817328588	0.9793799627046236	0.9793799627046236	0.9793799627046236	0.0	0.9759833901717891	0.9759833901717891	0.9759833901717891	0.0050723067671904	0.9728803718991182	0.9728803718991182	0.9728803718991182	0.001851228255503	0.680824059755722	0.6224121685542722	0.341024724999097	0.6874102508671369	0.6500021306181215	0.3539882416385283	0.341024724999097	0.341024724999097	0.341024724999097	0.0	0.6224121685542722	0.6224121685542722	0.6224121685542722	0.0440324452397975	0.680824059755722	0.680824059755722	0.680824059755722	0.0152763059030978	0.9759833901717891	0.9793799627046236	0.6224121685542722	0.341024724999097	38	USF2	6522
12	USF2	LogisticRegression	mono	0.9728803718991182	0.9759833901717891	0.9793799627046236	0.9721904830307226	0.9760589341706774	0.9775948817328588	0.9794596505543176	0.9794596505543176	0.9794596505543176	0.0	0.9783396132283568	0.9783060962154873	0.9786179882222232	0.0050723067671904	0.9735817300026428	0.9735716352422328	0.9738278162766616	0.001851228255503	0.680824059755722	0.6224121685542722	0.341024724999097	0.6874102508671369	0.6500021306181215	0.3539882416385283	0.3380243463088666	0.3380243463088666	0.3380243463088666	0.0	0.6327117244505726	0.6341693025084307	0.6291637297631657	0.0440324452397975	0.687352061478484	0.6902784325397417	0.6859645288891582	0.0152763059030978	0.9759833901717891	0.9793799627046236	0.6224121685542722	0.341024724999097	38	USF2	6522
6	USF2	Single best di PWM	di	0.9728803718991182	0.9759833901717891	0.9793799627046236	0.9721904830307226	0.9760589341706774	0.9775948817328588	0.9775948817328588	0.9775948817328588	0.9775948817328588	0.0	0.9760589341706774	0.9760589341706774	0.9760589341706774	0.0	0.9721904830307226	0.9721904830307226	0.9721904830307226	0.0	0.680824059755722	0.6224121685542722	0.341024724999097	0.6874102508671369	0.6500021306181215	0.3539882416385283	0.3539882416385283	0.3539882416385283	0.3539882416385283	0.0	0.6500021306181215	0.6500021306181215	0.6500021306181215	0.0	0.6874102508671369	0.6874102508671369	0.6874102508671369	0.0	0.9759833901717891	0.9793799627046236	0.6224121685542722	0.341024724999097	38	USF2	6522
6	USF2	LogisticRegression	di	0.9728803718991182	0.9759833901717891	0.9793799627046236	0.9721904830307226	0.9760589341706774	0.9775948817328588	0.9812291895695818	0.9812291895695818	0.9812291895695818	0.0	0.9791510954948638	0.9791833648289996	0.978144374462018	0.0048777356920323	0.9742497498137104	0.9742656889678354	0.9742414329625152	0.0017513943603012	0.680824059755722	0.6224121685542722	0.341024724999097	0.6874102508671369	0.6500021306181215	0.3539882416385283	0.3553640672543103	0.3553640672543103	0.3553640672543103	0.0	0.6665631051881981	0.6687543661587352	0.6547379425299267	0.0379127525195745	0.6990383657266857	0.6993605348330909	0.6971400041297686	0.0138749407009016	0.9759833901717891	0.9793799627046236	0.6224121685542722	0.341024724999097	38	USF2	6522
12	USF2	LogisticRegression	mono+di	0.9728803718991182	0.9759833901717891	0.9793799627046236	0.9721904830307226	0.9760589341706774	0.9775948817328588	0.9813740705245116	0.9813740705245116	0.9813740705245116	0.0	0.9803963555232872	0.9804408924656628	0.9795481519962688	0.004712729524224	0.9748513951174504	0.9748607982071328	0.9751541876421496	0.0016704781325104	0.680824059755722	0.6224121685542722	0.341024724999097	0.6874102508671369	0.6500021306181215	0.3539882416385283	0.3674642958998064	0.3674642958998064	0.3674642958998064	0.0	0.6743015307494996	0.6763816817697824	0.6629699797245878	0.0410919544817033	0.7026895260582816	0.7026673987503562	0.7006005083861963	0.0140139975147138	0.9759833901717891	0.9793799627046236	0.6224121685542722	0.341024724999097	38	USF2	6522
12	USF2	Single best mono PWM	mono	0.9728803718991182	0.9759833901717891	0.9793799627046236	0.9721904830307226	0.9760589341706774	0.9775948817328588	0.9793799627046236	0.9793799627046236	0.9793799627046236	0.0	0.9759833901717891	0.9759833901717891	0.9759833901717891	0.0043236343932841	0.9728803718991182	0.9728803718991182	0.9728803718991182	0.0018315865156879	0.680824059755722	0.6224121685542722	0.341024724999097	0.6874102508671369	0.6500021306181215	0.3539882416385283	0.341024724999097	0.341024724999097	0.341024724999097	0.0	0.6224121685542722	0.6224121685542722	0.6224121685542722	0.0489605556636312	0.680824059755722	0.680824059755722	0.680824059755722	0.0200916925903973	0.9759833901717891	0.9793799627046236	0.6224121685542722	0.341024724999097	38	USF2	6522
12	USF2	XGBClassifier	mono	0.9728803718991182	0.9759833901717891	0.9793799627046236	0.9721904830307226	0.9760589341706774	0.9775948817328588	0.9793458535123892	0.9793458535123892	0.9793458535123892	0.0	0.9777392885982744	0.977451526957858	0.9778163713374564	0.0043236343932841	0.9879880246965268	0.9869484893533472	0.9874832354245968	0.0018315865156879	0.680824059755722	0.6224121685542722	0.341024724999097	0.6874102508671369	0.6500021306181215	0.3539882416385283	0.3486777456083887	0.3486777456083887	0.3486777456083887	0.0	0.6353866702759569	0.6313848502708302	0.6374499251295096	0.0489605556636312	0.7736628554874572	0.7737972214029163	0.7791153888748307	0.0200916925903973	0.9759833901717891	0.9793799627046236	0.6224121685542722	0.341024724999097	38	USF2	6522
6	USF2	Single best di PWM	di	0.9728803718991182	0.9759833901717891	0.9793799627046236	0.9721904830307226	0.9760589341706774	0.9775948817328588	0.9775948817328588	0.9775948817328588	0.9775948817328588	0.0	0.9760589341706774	0.9760589341706774	0.9760589341706774	0.0	0.9721904830307226	0.9721904830307226	0.9721904830307226	0.0	0.680824059755722	0.6224121685542722	0.341024724999097	0.6874102508671369	0.6500021306181215	0.3539882416385283	0.3539882416385283	0.3539882416385283	0.3539882416385283	0.0	0.6500021306181215	0.6500021306181215	0.6500021306181215	0.0	0.6874102508671369	0.6874102508671369	0.6874102508671369	0.0	0.9759833901717891	0.9793799627046236	0.6224121685542722	0.341024724999097	38	USF2	6522
6	USF2	XGBClassifier	di	0.9728803718991182	0.9759833901717891	0.9793799627046236	0.9721904830307226	0.9760589341706774	0.9775948817328588	0.9791236118456372	0.9791236118456372	0.9791236118456372	0.0	0.9781528056362732	0.9787343358479492	0.9787294713651378	0.0045302360956642	0.9878301915865794	0.987861382071454	0.9880746736565278	0.001504461467881	0.680824059755722	0.6224121685542722	0.341024724999097	0.6874102508671369	0.6500021306181215	0.3539882416385283	0.3406037892651326	0.3406037892651326	0.3406037892651326	0.0	0.6658626460935516	0.6531188855767371	0.6389600296652372	0.0392777442016383	0.8072524112052041	0.8034257657635901	0.8092831090344944	0.0255365182507742	0.9759833901717891	0.9793799627046236	0.6224121685542722	0.341024724999097	38	USF2	6522
12	USF2	XGBClassifier	mono+di	0.9728803718991182	0.9759833901717891	0.9793799627046236	0.9721904830307226	0.9760589341706774	0.9775948817328588	0.9807785891879578	0.9807785891879578	0.9807785891879578	0.0	0.9795091743593908	0.980671715960448	0.9801893696652092	0.0037452804114356	0.9898149734190376	0.989592006510006	0.9900330828567312	0.0014649087430742	0.680824059755722	0.6224121685542722	0.341024724999097	0.6874102508671369	0.6500021306181215	0.3539882416385283	0.3817337273336708	0.3817337273336708	0.3817337273336708	0.0	0.6625320921790914	0.6638909459484363	0.665223617338838	0.0280637346580143	0.8162133373780706	0.8172619714287582	0.8235586408155212	0.0247248336830439	0.9759833901717891	0.9793799627046236	0.6224121685542722	0.341024724999097	38	USF2	6522
12	USF2	Single best mono PWM	mono	0.9728803718991182	0.9759833901717891	0.9793799627046236	0.9721904830307226	0.9760589341706774	0.9775948817328588	0.9793799627046236	0.9793799627046236	0.9793799627046236	0.0	0.9759833901717891	0.9759833901717891	0.9759833901717891	0.0043418142130726	0.9728803718991182	0.9728803718991182	0.9728803718991182	0.0015713473591746	0.680824059755722	0.6224121685542722	0.341024724999097	0.6874102508671369	0.6500021306181215	0.3539882416385283	0.341024724999097	0.341024724999097	0.341024724999097	0.0	0.6224121685542722	0.6224121685542722	0.6224121685542722	0.0352755282228179	0.680824059755722	0.680824059755722	0.680824059755722	0.0211745905895839	0.9759833901717891	0.9793799627046236	0.6224121685542722	0.341024724999097	38	USF2	6522
12	USF2	BaggingClassifier_XGBClassifier	mono	0.9728803718991182	0.9759833901717891	0.9793799627046236	0.9721904830307226	0.9760589341706774	0.9775948817328588	0.9806968401590062	0.9806968401590062	0.9806968401590062	0.0	0.9782990917805215	0.9785532963841354	0.9795064406162668	0.0043418142130726	0.9897518042365676	0.9891985470065175	0.9896574850356386	0.0015713473591746	0.680824059755722	0.6224121685542722	0.341024724999097	0.6874102508671369	0.6500021306181215	0.3539882416385283	0.3767415924414169	0.3767415924414169	0.3767415924414169	0.0	0.6354327433104617	0.6455450075332549	0.6458287129302083	0.0352755282228179	0.7807028558770845	0.7779493558615945	0.7835798718505567	0.0211745905895839	0.9759833901717891	0.9793799627046236	0.6224121685542722	0.341024724999097	38	USF2	6522
6	USF2	Single best di PWM	di	0.9728803718991182	0.9759833901717891	0.9793799627046236	0.9721904830307226	0.9760589341706774	0.9775948817328588	0.9775948817328588	0.9775948817328588	0.9775948817328588	0.0	0.9760589341706774	0.9760589341706774	0.9760589341706774	0.0	0.9721904830307226	0.9721904830307226	0.9721904830307226	0.0	0.680824059755722	0.6224121685542722	0.341024724999097	0.6874102508671369	0.6500021306181215	0.3539882416385283	0.3539882416385283	0.3539882416385283	0.3539882416385283	0.0	0.6500021306181215	0.6500021306181215	0.6500021306181215	0.0	0.6874102508671369	0.6874102508671369	0.6874102508671369	0.0	0.9759833901717891	0.9793799627046236	0.6224121685542722	0.341024724999097	38	USF2	6522
6	USF2	BaggingClassifier_XGBClassifier	di	0.9728803718991182	0.9759833901717891	0.9793799627046236	0.9721904830307226	0.9760589341706774	0.9775948817328588	0.9803184807858863	0.9803184807858863	0.9803184807858863	0.0	0.978729957450621	0.979384428661568	0.9796201989253632	0.0035991077930443	0.9898222465925336	0.9894818607035172	0.9900982318738522	0.0016279156094029	0.680824059755722	0.6224121685542722	0.341024724999097	0.6874102508671369	0.6500021306181215	0.3539882416385283	0.3659024791115441	0.3659024791115441	0.3659024791115441	0.0	0.6637462252447299	0.6604923383822465	0.6483356988900739	0.0366239292565016	0.8155825520021139	0.8126779369446122	0.8189139310150148	0.0267326594647175	0.9759833901717891	0.9793799627046236	0.6224121685542722	0.341024724999097	38	USF2	6522
12	USF2	BaggingClassifier_XGBClassifier	mono+di	0.9728803718991182	0.9759833901717891	0.9793799627046236	0.9721904830307226	0.9760589341706774	0.9775948817328588	0.9813914243240696	0.9813914243240696	0.9813914243240696	0.0	0.9793629656643928	0.9805015571908914	0.980965580527611	0.0040422192435733	0.9917633437324174	0.9912686286812258	0.9915796726275948	0.0013804810959257	0.680824059755722	0.6224121685542722	0.341024724999097	0.6874102508671369	0.6500021306181215	0.3539882416385283	0.3785442937939181	0.3785442937939181	0.3785442937939181	0.0	0.6683561004547706	0.667437186880159	0.650729319896647	0.0386344977480301	0.8299747929281017	0.8240261866841981	0.8281789794815532	0.0256430053685321	0.9759833901717891	0.9793799627046236	0.6224121685542722	0.341024724999097	38	USF2	6522
12	USF2	Single best mono PWM	mono	0.9728803718991182	0.9759833901717891	0.9793799627046236	0.9721904830307226	0.9760589341706774	0.9775948817328588	0.9793799627046236	0.9793799627046236	0.9793799627046236	0.0	0.9759833901717891	0.9759833901717891	0.9759833901717891	0.0050890447580402	0.9728803718991182	0.9728803718991182	0.9728803718991182	0.0018584570188714	0.680824059755722	0.6224121685542722	0.341024724999097	0.6874102508671369	0.6500021306181215	0.3539882416385283	0.341024724999097	0.341024724999097	0.341024724999097	0.0	0.6224121685542722	0.6224121685542722	0.6224121685542722	0.0438873292009403	0.680824059755722	0.680824059755722	0.680824059755722	0.0152029838737469	0.9759833901717891	0.9793799627046236	0.6224121685542722	0.341024724999097	38	USF2	6522
12	USF2	BaggingClassifier_LogisticRegression	mono	0.9728803718991182	0.9759833901717891	0.9793799627046236	0.9721904830307226	0.9760589341706774	0.9775948817328588	0.9794461531546615	0.9794461531546615	0.9794461531546615	0.0	0.9783477918692042	0.97828596401913	0.9786559076585888	0.0050890447580402	0.9735664357465164	0.9735587824174244	0.973836056341275	0.0018584570188714	0.680824059755722	0.6224121685542722	0.341024724999097	0.6874102508671369	0.6500021306181215	0.3539882416385283	0.3379299417681127	0.3379299417681127	0.3379299417681127	0.0	0.6324123865140207	0.6343312156816944	0.6283847546939372	0.0438873292009403	0.6872574395459223	0.6898742282542637	0.6853998903754323	0.0152029838737469	0.9759833901717891	0.9793799627046236	0.6224121685542722	0.341024724999097	38	USF2	6522
6	USF2	Single best di PWM	di	0.9728803718991182	0.9759833901717891	0.9793799627046236	0.9721904830307226	0.9760589341706774	0.9775948817328588	0.9775948817328588	0.9775948817328588	0.9775948817328588	0.0	0.9760589341706774	0.9760589341706774	0.9760589341706774	0.0	0.9721904830307226	0.9721904830307226	0.9721904830307226	0.0	0.680824059755722	0.6224121685542722	0.341024724999097	0.6874102508671369	0.6500021306181215	0.3539882416385283	0.3539882416385283	0.3539882416385283	0.3539882416385283	0.0	0.6500021306181215	0.6500021306181215	0.6500021306181215	0.0	0.6874102508671369	0.6874102508671369	0.6874102508671369	0.0	0.9759833901717891	0.9793799627046236	0.6224121685542722	0.341024724999097	38	USF2	6522
6	USF2	BaggingClassifier_LogisticRegression	di	0.9728803718991182	0.9759833901717891	0.9793799627046236	0.9721904830307226	0.9760589341706774	0.9775948817328588	0.9812168557388616	0.9812168557388616	0.9812168557388616	0.0	0.979144899554828	0.9791540391341615	0.9781792603434744	0.0048697850252179	0.9742493457485162	0.9742603963170042	0.9742402434266246	0.0017599120821507	0.680824059755722	0.6224121685542722	0.341024724999097	0.6874102508671369	0.6500021306181215	0.3539882416385283	0.3553738179781056	0.3553738179781056	0.3553738179781056	0.0	0.6665440424000784	0.6688005378082271	0.6559516961966841	0.0377110698825355	0.6989839771197054	0.6994543520434305	0.6971336558342818	0.0138272045652667	0.9759833901717891	0.9793799627046236	0.6224121685542722	0.341024724999097	38	USF2	6522
12	USF2	BaggingClassifier_LogisticRegression	mono+di	0.9728803718991182	0.9759833901717891	0.9793799627046236	0.9721904830307226	0.9760589341706774	0.9775948817328588	0.981336138177202	0.981336138177202	0.981336138177202	0.0	0.9804716361947238	0.9804004020199188	0.9795716620468152	0.0047348749308235	0.9748276562872886	0.974850899968791	0.9751350123235918	0.0016764879349672	0.680824059755722	0.6224121685542722	0.341024724999097	0.6874102508671369	0.6500021306181215	0.3539882416385283	0.3635244789724559	0.3635244789724559	0.3635244789724559	0.0	0.6751993859785226	0.6760465460677892	0.6635725310745847	0.0413633233453459	0.702290384205531	0.7024521248293812	0.7005532327090519	0.0137901835843536	0.9759833901717891	0.9793799627046236	0.6224121685542722	0.341024724999097	38	USF2	6522
